WO_Number,Asset_ID,MaintenanceType,Failure_Reason,Downtime_Min,MTBF_Hrs,ERP_Asset_Ref
WO-2160001,ASSET-00001,Corrective,HYDRAULIC-LEAK,133,1799,000160000001
WO-2160002,ASSET-00001,Corrective,MOTOR-BURNOUT,182,1798,000160000001
WO-2160003,ASSET-00001,Corrective,PNEUMATIC-LEAK,190,835,000160000001
WO-2160004,ASSET-00001,Corrective,DIE-WEAR,143,949,000160000001
WO-2160005,ASSET-00001,Preventive,,0,,000160000001
WO-2160006,ASSET-00001,Corrective,BEARING-FAILURE,161,451,000160000001
WO-2160007,ASSET-00001,Preventive,,0,,000160000001
WO-2160008,ASSET-00001,Preventive,,0,,000160000001
WO-2160009,ASSET-00002,Corrective,DIE-WEAR,86,922,000160000002
WO-2160010,ASSET-00002,Preventive,,0,,000160000002
WO-2160011,ASSET-00002,Preventive,,0,,000160000002
WO-2160012,ASSET-00002,Corrective,BEARING-FAILURE,107,1955,000160000002
WO-2160013,ASSET-00003,Corrective,DIE-WEAR,76,1831,000160000003
WO-2160014,ASSET-00003,Preventive,,0,,000160000003
WO-2160015,ASSET-00004,Preventive,,0,,000160000004
WO-2160016,ASSET-00004,Corrective,BEARING-FAILURE,40,521,000160000004
WO-2160017,ASSET-00004,Preventive,,0,,000160000004
WO-2160018,ASSET-00004,Preventive,,0,,000160000004
WO-2160019,ASSET-00004,Corrective,BELT-FAILURE,32,1667,000160000004
WO-2160020,ASSET-00004,Preventive,,0,,000160000004
WO-2160021,ASSET-00004,Corrective,SPINDLE-SEIZURE,117,953,000160000004
WO-2160022,ASSET-00005,Preventive,,0,,000160000005
WO-2160023,ASSET-00005,Preventive,,0,,000160000005
WO-2160024,ASSET-00005,Preventive,,0,,000160000005
WO-2160025,ASSET-00006,Corrective,HYDRAULIC-LEAK,50,368,000160000006
WO-2160026,ASSET-00006,Preventive,,0,,000160000006
WO-2160027,ASSET-00006,Corrective,HYDRAULIC-LEAK,36,1771,000160000006
WO-2160028,ASSET-00006,Preventive,,0,,000160000006
WO-2160029,ASSET-00006,Corrective,CONTROLLER-FAULT,218,301,000160000006
WO-2160030,ASSET-00006,Preventive,,0,,000160000006
WO-2160031,ASSET-00006,Preventive,,0,,000160000006
WO-2160032,ASSET-00007,Preventive,,0,,000160000007
WO-2160033,ASSET-00007,Preventive,,0,,000160000007
WO-2160034,ASSET-00007,Preventive,,0,,000160000007
WO-2160035,ASSET-00008,Preventive,,0,,
WO-2160036,ASSET-00008,Preventive,,0,,
WO-2160037,ASSET-00008,Corrective,SPINDLE-SEIZURE,234,504,
WO-2160038,ASSET-00008,Preventive,,0,,
WO-2160039,ASSET-00008,Preventive,,0,,
WO-2160040,ASSET-00008,Preventive,,0,,
WO-2160041,ASSET-00009,Preventive,,0,,000160000008
WO-2160042,ASSET-00009,Preventive,,0,,000160000008
WO-2160043,ASSET-00009,Preventive,,0,,000160000008
WO-2160044,ASSET-00010,Corrective,MOTOR-BURNOUT,117,939,000160000009
WO-2160045,ASSET-00010,Preventive,,0,,000160000009
WO-2160046,ASSET-00011,Preventive,,0,,000160000010
WO-2160047,ASSET-00011,Corrective,PNEUMATIC-LEAK,164,630,000160000010
WO-2160048,ASSET-00011,Corrective,SENSOR-FAULT,121,1973,000160000010
WO-2160049,ASSET-00011,Preventive,,0,,000160000010
WO-2160050,ASSET-00012,Emergency,BEARING-FAILURE,149,1732,000160000011
WO-2160051,ASSET-00012,Preventive,,0,,000160000011
WO-2160052,ASSET-00012,Corrective,SPINDLE-SEIZURE,89,700,000160000011
WO-2160053,ASSET-00012,Preventive,,0,,000160000011
WO-2160054,ASSET-00012,Preventive,,0,,000160000011
WO-2160055,ASSET-00012,Emergency,SENSOR-FAULT,85,997,000160000011
WO-2160056,ASSET-00012,Corrective,SENSOR-FAULT,83,1172,000160000011
WO-2160057,ASSET-00013,Preventive,,0,,000160000012
WO-2160058,ASSET-00013,Preventive,,0,,000160000012
WO-2160059,ASSET-00013,Corrective,SENSOR-FAULT,96,711,000160000012
WO-2160060,ASSET-00013,Preventive,,0,,000160000012
WO-2160061,ASSET-00014,Preventive,,0,,000160000013
WO-2160062,ASSET-00014,Emergency,DIE-WEAR,549,800,000160000013
WO-2160063,ASSET-00014,Corrective,SPINDLE-SEIZURE,91,523,000160000013
WO-2160064,ASSET-00014,Preventive,,0,,000160000013
WO-2160065,ASSET-00014,Preventive,,0,,000160000013
WO-2160066,ASSET-00014,Preventive,,0,,000160000013
WO-2160067,ASSET-00014,Corrective,DIE-WEAR,180,330,000160000013
WO-2160068,ASSET-00015,Preventive,,0,,000160000014
WO-2160069,ASSET-00015,Preventive,,0,,000160000014
WO-2160070,ASSET-00015,Preventive,,0,,000160000014
WO-2160071,ASSET-00015,Corrective,DIE-WEAR,214,893,000160000014
WO-2160072,ASSET-00016,Corrective,DIE-WEAR,180,273,000160000015
WO-2160073,ASSET-00016,Corrective,HYDRAULIC-LEAK,131,394,000160000015
WO-2160074,ASSET-00016,Emergency,SENSOR-FAULT,340,597,000160000015
WO-2160075,ASSET-00016,Preventive,,0,,000160000015
WO-2160076,ASSET-00017,Preventive,,0,,000160000016
WO-2160077,ASSET-00017,Corrective,HYDRAULIC-LEAK,141,360,000160000016
WO-2160078,ASSET-00017,Emergency,DIE-WEAR,591,960,000160000016
WO-2160079,ASSET-00017,Preventive,,0,,000160000016
WO-2160080,ASSET-00018,Corrective,DIE-WEAR,212,1121,000160000017
WO-2160081,ASSET-00018,Preventive,,0,,000160000017
WO-2160082,ASSET-00018,Preventive,,0,,000160000017
WO-2160083,ASSET-00018,Corrective,CALIBRATION-DRIFT,77,614,000160000017
WO-2160084,ASSET-00018,Emergency,HYDRAULIC-LEAK,404,1613,000160000017
WO-2160085,ASSET-00019,Preventive,,0,,
WO-2160086,ASSET-00019,Preventive,,0,,
WO-2160087,ASSET-00019,Preventive,,0,,
WO-2160088,ASSET-00019,Emergency,CALIBRATION-DRIFT,553,1250,
WO-2160089,ASSET-00019,Corrective,DIE-WEAR,74,1865,
WO-2160090,ASSET-00019,Corrective,BELT-FAILURE,215,1622,
WO-2160091,ASSET-00019,Corrective,CONTROLLER-FAULT,141,1964,
WO-2160092,ASSET-00019,Preventive,,0,,
WO-2160093,ASSET-00020,Preventive,,0,,000160000018
WO-2160094,ASSET-00020,Preventive,,0,,000160000018
WO-2160095,ASSET-00020,Preventive,,0,,000160000018
WO-2160096,ASSET-00020,Corrective,SENSOR-FAULT,73,206,000160000018
WO-2160097,ASSET-00020,Emergency,BEARING-FAILURE,147,332,000160000018
WO-2160098,ASSET-00020,Preventive,,0,,000160000018
WO-2160099,ASSET-00020,Corrective,SPINDLE-SEIZURE,59,1565,000160000018
WO-2160100,ASSET-00021,Corrective,BELT-FAILURE,135,939,000160000019
WO-2160101,ASSET-00021,Preventive,,0,,000160000019
WO-2160102,ASSET-00021,Corrective,MOTOR-BURNOUT,72,1446,000160000019
WO-2160103,ASSET-00021,Corrective,BELT-FAILURE,171,741,000160000019
WO-2160104,ASSET-00021,Preventive,,0,,000160000019
WO-2160105,ASSET-00021,Corrective,PNEUMATIC-LEAK,127,1617,000160000019
WO-2160106,ASSET-00022,Preventive,,0,,000160000020
WO-2160107,ASSET-00022,Preventive,,0,,000160000020
WO-2160108,ASSET-00022,Preventive,,0,,000160000020
WO-2160109,ASSET-00022,Emergency,BEARING-FAILURE,364,1709,000160000020
WO-2160110,ASSET-00022,Corrective,MOTOR-BURNOUT,106,814,000160000020
WO-2160111,ASSET-00023,Preventive,,0,,000160000021
WO-2160112,ASSET-00023,Emergency,SENSOR-FAULT,153,1465,000160000021
WO-2160113,ASSET-00023,Preventive,,0,,000160000021
WO-2160114,ASSET-00023,Corrective,CALIBRATION-DRIFT,94,618,000160000021
WO-2160115,ASSET-00023,Preventive,,0,,000160000021
WO-2160116,ASSET-00024,Preventive,,0,,000160000022
WO-2160117,ASSET-00024,Corrective,PNEUMATIC-LEAK,100,1342,000160000022
WO-2160118,ASSET-00025,Preventive,,0,,000160000023
WO-2160119,ASSET-00025,Emergency,BEARING-FAILURE,146,1326,000160000023
WO-2160120,ASSET-00025,Corrective,DIE-WEAR,164,1089,000160000023
WO-2160121,ASSET-00026,Preventive,,0,,000160000024
WO-2160122,ASSET-00026,Corrective,MOTOR-BURNOUT,103,1717,000160000024
WO-2160123,ASSET-00026,Preventive,,0,,000160000024
WO-2160124,ASSET-00026,Preventive,,0,,000160000024
WO-2160125,ASSET-00026,Preventive,,0,,000160000024
WO-2160126,ASSET-00026,Preventive,,0,,000160000024
WO-2160127,ASSET-00026,Corrective,PNEUMATIC-LEAK,166,466,000160000024
WO-2160128,ASSET-00027,Corrective,MOTOR-BURNOUT,195,595,000160000025
WO-2160129,ASSET-00027,Preventive,,0,,000160000025
WO-2160130,ASSET-00027,Preventive,,0,,000160000025
WO-2160131,ASSET-00027,Preventive,,0,,000160000025
WO-2160132,ASSET-00027,Preventive,,0,,000160000025
WO-2160133,ASSET-00027,Preventive,,0,,000160000025
WO-2160134,ASSET-00027,Corrective,SENSOR-FAULT,51,1420,000160000025
WO-2160135,ASSET-00027,Preventive,,0,,000160000025
WO-2160136,ASSET-00027,Preventive,,0,,000160000025
WO-2160137,ASSET-00027,Preventive,,0,,000160000025
WO-2160138,ASSET-00028,Preventive,,0,,000160000026
WO-2160139,ASSET-00028,Corrective,SPINDLE-SEIZURE,145,1942,000160000026
WO-2160140,ASSET-00028,Preventive,,0,,000160000026
WO-2160141,ASSET-00028,Preventive,,0,,000160000026
WO-2160142,ASSET-00029,Preventive,,0,,000160000027
WO-2160143,ASSET-00029,Emergency,HYDRAULIC-LEAK,468,1957,000160000027
WO-2160144,ASSET-00029,Preventive,,0,,000160000027
WO-2160145,ASSET-00029,Corrective,SENSOR-FAULT,170,1435,000160000027
WO-2160146,ASSET-00029,Corrective,HYDRAULIC-LEAK,68,404,000160000027
WO-2160147,ASSET-00030,Corrective,MOTOR-BURNOUT,226,1358,000160000028
WO-2160148,ASSET-00030,Corrective,BELT-FAILURE,57,1652,000160000028
WO-2160149,ASSET-00031,Emergency,BEARING-FAILURE,435,1269,000160000029
WO-2160150,ASSET-00031,Corrective,PNEUMATIC-LEAK,30,566,000160000029
WO-2160151,ASSET-00031,Corrective,BELT-FAILURE,129,1584,000160000029
WO-2160152,ASSET-00031,Preventive,,0,,000160000029
WO-2160153,ASSET-00031,Preventive,,0,,000160000029
WO-2160154,ASSET-00032,Corrective,DIE-WEAR,146,1298,000160000030
WO-2160155,ASSET-00032,Preventive,,0,,000160000030
WO-2160156,ASSET-00032,Preventive,,0,,000160000030
WO-2160157,ASSET-00032,Preventive,,0,,000160000030
WO-2160158,ASSET-00032,Preventive,,0,,000160000030
WO-2160159,ASSET-00032,Preventive,,0,,000160000030
WO-2160160,ASSET-00032,Preventive,,0,,000160000030
WO-2160161,ASSET-00032,Corrective,BELT-FAILURE,210,575,000160000030
WO-2160162,ASSET-00033,Corrective,HYDRAULIC-LEAK,207,1299,000160000031
WO-2160163,ASSET-00033,Preventive,,0,,000160000031
WO-2160164,ASSET-00033,Corrective,PNEUMATIC-LEAK,174,233,000160000031
WO-2160165,ASSET-00033,Preventive,,0,,000160000031
WO-2160166,ASSET-00033,Corrective,PNEUMATIC-LEAK,130,666,000160000031
WO-2160167,ASSET-00034,Preventive,,0,,000160000032
WO-2160168,ASSET-00034,Preventive,,0,,000160000032
WO-2160169,ASSET-00034,Preventive,,0,,000160000032
WO-2160170,ASSET-00034,Preventive,,0,,000160000032
WO-2160171,ASSET-00034,Corrective,CALIBRATION-DRIFT,170,557,000160000032
WO-2160172,ASSET-00034,Corrective,HYDRAULIC-LEAK,39,312,000160000032
WO-2160173,ASSET-00034,Corrective,CONTROLLER-FAULT,67,1907,000160000032
WO-2160174,ASSET-00034,Emergency,PNEUMATIC-LEAK,395,845,000160000032
WO-2160175,ASSET-00035,Preventive,,0,,000160000033
WO-2160176,ASSET-00035,Corrective,SENSOR-FAULT,39,1367,000160000033
WO-2160177,ASSET-00035,Preventive,,0,,000160000033
WO-2160178,ASSET-00035,Preventive,,0,,000160000033
WO-2160179,ASSET-00035,Preventive,,0,,000160000033
WO-2160180,ASSET-00035,Corrective,SENSOR-FAULT,240,1143,000160000033
WO-2160181,ASSET-00035,Preventive,,0,,000160000033
WO-2160182,ASSET-00035,Corrective,DIE-WEAR,38,969,000160000033
WO-2160183,ASSET-00035,Corrective,CONTROLLER-FAULT,98,1115,000160000033
WO-2160184,ASSET-00035,Preventive,,0,,000160000033
WO-2160185,ASSET-00036,Preventive,,0,,000160000034
WO-2160186,ASSET-00036,Corrective,MOTOR-BURNOUT,123,468,000160000034
WO-2160187,ASSET-00036,Preventive,,0,,000160000034
WO-2160188,ASSET-00036,Corrective,HYDRAULIC-LEAK,185,858,000160000034
WO-2160189,ASSET-00036,Preventive,,0,,000160000034
WO-2160190,ASSET-00036,Preventive,,0,,000160000034
WO-2160191,ASSET-00036,Corrective,HYDRAULIC-LEAK,106,1337,000160000034
WO-2160192,ASSET-00037,Preventive,,0,,000160000035
WO-2160193,ASSET-00037,Preventive,,0,,000160000035
WO-2160194,ASSET-00037,Corrective,CALIBRATION-DRIFT,182,1949,000160000035
WO-2160195,ASSET-00037,Preventive,,0,,000160000035
WO-2160196,ASSET-00038,Preventive,,0,,000160000036
WO-2160197,ASSET-00038,Corrective,BELT-FAILURE,215,1328,000160000036
WO-2160198,ASSET-00038,Corrective,BELT-FAILURE,203,1241,000160000036
WO-2160199,ASSET-00038,Preventive,,0,,000160000036
WO-2160200,ASSET-00038,Emergency,BEARING-FAILURE,158,1201,000160000036
WO-2160201,ASSET-00038,Corrective,HYDRAULIC-LEAK,208,1497,000160000036
WO-2160202,ASSET-00038,Preventive,,0,,000160000036
WO-2160203,ASSET-00038,Corrective,CONTROLLER-FAULT,87,725,000160000036
WO-2160204,ASSET-00039,Emergency,MOTOR-BURNOUT,155,1640,000160000037
WO-2160205,ASSET-00039,Preventive,,0,,000160000037
WO-2160206,ASSET-00039,Corrective,SENSOR-FAULT,107,349,000160000037
WO-2160207,ASSET-00039,Preventive,,0,,000160000037
WO-2160208,ASSET-00039,Corrective,PNEUMATIC-LEAK,219,744,000160000037
WO-2160209,ASSET-00040,Preventive,,0,,000160000038
WO-2160210,ASSET-00040,Preventive,,0,,000160000038
WO-2160211,ASSET-00040,Corrective,HYDRAULIC-LEAK,58,370,000160000038
WO-2160212,ASSET-00040,Corrective,BEARING-FAILURE,213,1115,000160000038
WO-2160213,ASSET-00041,Preventive,,0,,
WO-2160214,ASSET-00041,Preventive,,0,,
WO-2160215,ASSET-00041,Preventive,,0,,
WO-2160216,ASSET-00041,Emergency,BEARING-FAILURE,374,1481,
WO-2160217,ASSET-00042,Preventive,,0,,
WO-2160218,ASSET-00042,Corrective,SPINDLE-SEIZURE,137,484,
WO-2160219,ASSET-00042,Preventive,,0,,
WO-2160220,ASSET-00043,Corrective,SENSOR-FAULT,185,357,000160000039
WO-2160221,ASSET-00043,Corrective,PNEUMATIC-LEAK,159,1082,000160000039
WO-2160222,ASSET-00043,Preventive,,0,,000160000039
WO-2160223,ASSET-00043,Preventive,,0,,000160000039
WO-2160224,ASSET-00044,Preventive,,0,,000160000040
WO-2160225,ASSET-00044,Preventive,,0,,000160000040
WO-2160226,ASSET-00044,Preventive,,0,,000160000040
WO-2160227,ASSET-00044,Preventive,,0,,000160000040
WO-2160228,ASSET-00045,Preventive,,0,,000160000041
WO-2160229,ASSET-00045,Emergency,HYDRAULIC-LEAK,115,838,000160000041
WO-2160230,ASSET-00045,Preventive,,0,,000160000041
WO-2160231,ASSET-00045,Corrective,CONTROLLER-FAULT,76,500,000160000041
WO-2160232,ASSET-00045,Preventive,,0,,000160000041
WO-2160233,ASSET-00045,Corrective,SPINDLE-SEIZURE,198,1491,000160000041
WO-2160234,ASSET-00046,Preventive,,0,,000160000042
WO-2160235,ASSET-00046,Preventive,,0,,000160000042
WO-2160236,ASSET-00046,Preventive,,0,,000160000042
WO-2160237,ASSET-00046,Corrective,BEARING-FAILURE,219,1577,000160000042
WO-2160238,ASSET-00046,Corrective,HYDRAULIC-LEAK,66,974,000160000042
WO-2160239,ASSET-00046,Corrective,CALIBRATION-DRIFT,224,1116,000160000042
WO-2160240,ASSET-00046,Preventive,,0,,000160000042
WO-2160241,ASSET-00046,Preventive,,0,,000160000042
WO-2160242,ASSET-00046,Preventive,,0,,000160000042
WO-2160243,ASSET-00047,Preventive,,0,,000160000043
WO-2160244,ASSET-00048,Corrective,PNEUMATIC-LEAK,74,1355,000160000044
WO-2160245,ASSET-00048,Preventive,,0,,000160000044
WO-2160246,ASSET-00048,Corrective,SPINDLE-SEIZURE,86,1611,000160000044
WO-2160247,ASSET-00048,Emergency,DIE-WEAR,327,907,000160000044
WO-2160248,ASSET-00048,Corrective,HYDRAULIC-LEAK,71,792,000160000044
WO-2160249,ASSET-00048,Preventive,,0,,000160000044
WO-2160250,ASSET-00048,Corrective,PNEUMATIC-LEAK,90,846,000160000044
WO-2160251,ASSET-00048,Emergency,BELT-FAILURE,395,1545,000160000044
WO-2160252,ASSET-00049,Emergency,HYDRAULIC-LEAK,435,1612,000160000045
WO-2160253,ASSET-00049,Corrective,PNEUMATIC-LEAK,208,1417,000160000045
WO-2160254,ASSET-00049,Emergency,PNEUMATIC-LEAK,243,587,000160000045
WO-2160255,ASSET-00050,Preventive,,0,,000160000046
WO-2160256,ASSET-00050,Preventive,,0,,000160000046
WO-2160257,ASSET-00050,Preventive,,0,,000160000046
WO-2160258,ASSET-00050,Corrective,DIE-WEAR,128,969,000160000046
WO-2160259,ASSET-00050,Corrective,SPINDLE-SEIZURE,84,1445,000160000046
WO-2160260,ASSET-00050,Preventive,,0,,000160000046
WO-2160261,ASSET-00051,Preventive,,0,,000160000047
WO-2160262,ASSET-00051,Emergency,CALIBRATION-DRIFT,290,1054,000160000047
WO-2160263,ASSET-00051,Corrective,PNEUMATIC-LEAK,237,1018,000160000047
WO-2160264,ASSET-00051,Preventive,,0,,000160000047
WO-2160265,ASSET-00052,Corrective,SENSOR-FAULT,68,1238,000160000048
WO-2160266,ASSET-00052,Corrective,PNEUMATIC-LEAK,197,1612,000160000048
WO-2160267,ASSET-00052,Preventive,,0,,000160000048
WO-2160268,ASSET-00052,Corrective,BEARING-FAILURE,150,1857,000160000048
WO-2160269,ASSET-00052,Preventive,,0,,000160000048
WO-2160270,ASSET-00053,Preventive,,0,,000160000049
WO-2160271,ASSET-00053,Preventive,,0,,000160000049
WO-2160272,ASSET-00053,Corrective,CALIBRATION-DRIFT,108,752,000160000049
WO-2160273,ASSET-00053,Preventive,,0,,000160000049
WO-2160274,ASSET-00053,Preventive,,0,,000160000049
WO-2160275,ASSET-00053,Preventive,,0,,000160000049
WO-2160276,ASSET-00054,Preventive,,0,,000160000050
WO-2160277,ASSET-00054,Corrective,HYDRAULIC-LEAK,45,1903,000160000050
WO-2160278,ASSET-00054,Preventive,,0,,000160000050
WO-2160279,ASSET-00055,Corrective,DIE-WEAR,194,237,000160000051
WO-2160280,ASSET-00055,Preventive,,0,,000160000051
WO-2160281,ASSET-00055,Corrective,BEARING-FAILURE,50,1157,000160000051
WO-2160282,ASSET-00055,Preventive,,0,,000160000051
WO-2160283,ASSET-00055,Corrective,BEARING-FAILURE,58,1033,000160000051
WO-2160284,ASSET-00055,Preventive,,0,,000160000051
WO-2160285,ASSET-00056,Preventive,,0,,
WO-2160286,ASSET-00056,Corrective,PNEUMATIC-LEAK,176,609,
WO-2160287,ASSET-00056,Preventive,,0,,
WO-2160288,ASSET-00057,Preventive,,0,,000160000052
WO-2160289,ASSET-00057,Corrective,SENSOR-FAULT,130,1768,000160000052
WO-2160290,ASSET-00057,Preventive,,0,,000160000052
WO-2160291,ASSET-00057,Preventive,,0,,000160000052
WO-2160292,ASSET-00057,Preventive,,0,,000160000052
WO-2160293,ASSET-00058,Corrective,SENSOR-FAULT,129,800,000160000053
WO-2160294,ASSET-00058,Corrective,HYDRAULIC-LEAK,145,1287,000160000053
WO-2160295,ASSET-00058,Corrective,SENSOR-FAULT,234,476,000160000053
WO-2160296,ASSET-00059,Corrective,DIE-WEAR,74,1675,
WO-2160297,ASSET-00059,Preventive,,0,,
WO-2160298,ASSET-00059,Corrective,DIE-WEAR,170,1612,
WO-2160299,ASSET-00059,Preventive,,0,,
WO-2160300,ASSET-00059,Emergency,CALIBRATION-DRIFT,239,382,
WO-2160301,ASSET-00059,Preventive,,0,,
WO-2160302,ASSET-00059,Preventive,,0,,
WO-2160303,ASSET-00059,Preventive,,0,,
WO-2160304,ASSET-00059,Corrective,BEARING-FAILURE,79,1884,
WO-2160305,ASSET-00060,Corrective,MOTOR-BURNOUT,234,686,000160000054
WO-2160306,ASSET-00060,Emergency,MOTOR-BURNOUT,130,1336,000160000054
WO-2160307,ASSET-00060,Preventive,,0,,000160000054
WO-2160308,ASSET-00060,Emergency,CALIBRATION-DRIFT,105,921,000160000054
WO-2160309,ASSET-00060,Preventive,,0,,000160000054
WO-2160310,ASSET-00060,Preventive,,0,,000160000054
WO-2160311,ASSET-00060,Preventive,,0,,000160000054
WO-2160312,ASSET-00060,Corrective,MOTOR-BURNOUT,107,796,000160000054
WO-2160313,ASSET-00060,Preventive,,0,,000160000054
WO-2160314,ASSET-00060,Preventive,,0,,000160000054
WO-2160315,ASSET-00061,Preventive,,0,,
WO-2160316,ASSET-00061,Preventive,,0,,
WO-2160317,ASSET-00061,Preventive,,0,,
WO-2160318,ASSET-00061,Preventive,,0,,
WO-2160319,ASSET-00061,Preventive,,0,,
WO-2160320,ASSET-00061,Preventive,,0,,
WO-2160321,ASSET-00062,Corrective,BEARING-FAILURE,228,342,000160000055
WO-2160322,ASSET-00062,Preventive,,0,,000160000055
WO-2160323,ASSET-00062,Preventive,,0,,000160000055
WO-2160324,ASSET-00062,Preventive,,0,,000160000055
WO-2160325,ASSET-00062,Corrective,MOTOR-BURNOUT,189,1269,000160000055
WO-2160326,ASSET-00063,Corrective,SPINDLE-SEIZURE,235,428,
WO-2160327,ASSET-00063,Preventive,,0,,
WO-2160328,ASSET-00063,Preventive,,0,,
WO-2160329,ASSET-00063,Corrective,PNEUMATIC-LEAK,39,754,
WO-2160330,ASSET-00064,Corrective,CONTROLLER-FAULT,193,1231,000160000056
WO-2160331,ASSET-00064,Corrective,CALIBRATION-DRIFT,38,360,000160000056
WO-2160332,ASSET-00064,Preventive,,0,,000160000056
WO-2160333,ASSET-00064,Emergency,CONTROLLER-FAULT,322,981,000160000056
WO-2160334,ASSET-00065,Preventive,,0,,
WO-2160335,ASSET-00065,Preventive,,0,,
WO-2160336,ASSET-00065,Preventive,,0,,
WO-2160337,ASSET-00066,Emergency,DIE-WEAR,114,1502,000160000057
WO-2160338,ASSET-00066,Preventive,,0,,000160000057
WO-2160339,ASSET-00066,Corrective,BEARING-FAILURE,95,1691,000160000057
WO-2160340,ASSET-00066,Corrective,BEARING-FAILURE,199,1808,000160000057
WO-2160341,ASSET-00066,Preventive,,0,,000160000057
WO-2160342,ASSET-00066,Preventive,,0,,000160000057
WO-2160343,ASSET-00067,Preventive,,0,,000160000058
WO-2160344,ASSET-00067,Preventive,,0,,000160000058
WO-2160345,ASSET-00067,Preventive,,0,,000160000058
WO-2160346,ASSET-00067,Emergency,BELT-FAILURE,527,1230,000160000058
WO-2160347,ASSET-00067,Preventive,,0,,000160000058
WO-2160348,ASSET-00067,Preventive,,0,,000160000058
WO-2160349,ASSET-00068,Preventive,,0,,000160000059
WO-2160350,ASSET-00068,Corrective,CALIBRATION-DRIFT,62,1030,000160000059
WO-2160351,ASSET-00069,Preventive,,0,,000160000060
WO-2160352,ASSET-00069,Preventive,,0,,000160000060
WO-2160353,ASSET-00069,Preventive,,0,,000160000060
WO-2160354,ASSET-00069,Corrective,CONTROLLER-FAULT,160,1437,000160000060
WO-2160355,ASSET-00069,Preventive,,0,,000160000060
WO-2160356,ASSET-00069,Corrective,BEARING-FAILURE,110,321,000160000060
WO-2160357,ASSET-00070,Corrective,MOTOR-BURNOUT,80,892,000160000061
WO-2160358,ASSET-00070,Preventive,,0,,000160000061
WO-2160359,ASSET-00070,Preventive,,0,,000160000061
WO-2160360,ASSET-00070,Preventive,,0,,000160000061
WO-2160361,ASSET-00070,Preventive,,0,,000160000061
WO-2160362,ASSET-00070,Corrective,BEARING-FAILURE,155,475,000160000061
WO-2160363,ASSET-00070,Preventive,,0,,000160000061
WO-2160364,ASSET-00070,Preventive,,0,,000160000061
WO-2160365,ASSET-00070,Preventive,,0,,000160000061
WO-2160366,ASSET-00070,Corrective,PNEUMATIC-LEAK,109,1802,000160000061
WO-2160367,ASSET-00070,Preventive,,0,,000160000061
WO-2160368,ASSET-00071,Emergency,PNEUMATIC-LEAK,130,560,000160000062
WO-2160369,ASSET-00072,Corrective,SPINDLE-SEIZURE,197,1443,000160000063
WO-2160370,ASSET-00072,Corrective,SPINDLE-SEIZURE,185,1829,000160000063
WO-2160371,ASSET-00072,Preventive,,0,,000160000063
WO-2160372,ASSET-00072,Corrective,CALIBRATION-DRIFT,65,455,000160000063
WO-2160373,ASSET-00072,Preventive,,0,,000160000063
WO-2160374,ASSET-00072,Corrective,MOTOR-BURNOUT,177,207,000160000063
WO-2160375,ASSET-00073,Emergency,SPINDLE-SEIZURE,457,1650,000160000064
WO-2160376,ASSET-00073,Preventive,,0,,000160000064
WO-2160377,ASSET-00073,Preventive,,0,,000160000064
WO-2160378,ASSET-00073,Corrective,SPINDLE-SEIZURE,84,1199,000160000064
WO-2160379,ASSET-00073,Emergency,DIE-WEAR,581,1352,000160000064
WO-2160380,ASSET-00074,Preventive,,0,,
WO-2160381,ASSET-00074,Preventive,,0,,
WO-2160382,ASSET-00074,Emergency,BEARING-FAILURE,287,266,
WO-2160383,ASSET-00074,Corrective,SENSOR-FAULT,96,755,
WO-2160384,ASSET-00074,Preventive,,0,,
WO-2160385,ASSET-00075,Corrective,SENSOR-FAULT,235,983,000160000065
WO-2160386,ASSET-00075,Preventive,,0,,000160000065
WO-2160387,ASSET-00076,Preventive,,0,,000160000066
WO-2160388,ASSET-00076,Preventive,,0,,000160000066
WO-2160389,ASSET-00076,Preventive,,0,,000160000066
WO-2160390,ASSET-00076,Preventive,,0,,000160000066
WO-2160391,ASSET-00076,Corrective,CALIBRATION-DRIFT,88,959,000160000066
WO-2160392,ASSET-00076,Preventive,,0,,000160000066
WO-2160393,ASSET-00077,Emergency,HYDRAULIC-LEAK,69,1607,
WO-2160394,ASSET-00077,Preventive,,0,,
WO-2160395,ASSET-00077,Preventive,,0,,
WO-2160396,ASSET-00077,Preventive,,0,,
WO-2160397,ASSET-00077,Preventive,,0,,
WO-2160398,ASSET-00077,Corrective,HYDRAULIC-LEAK,57,393,
WO-2160399,ASSET-00078,Corrective,HYDRAULIC-LEAK,168,984,000160000067
WO-2160400,ASSET-00078,Preventive,,0,,000160000067
WO-2160401,ASSET-00078,Preventive,,0,,000160000067
WO-2160402,ASSET-00078,Corrective,PNEUMATIC-LEAK,223,1841,000160000067
WO-2160403,ASSET-00078,Preventive,,0,,000160000067
WO-2160404,ASSET-00078,Preventive,,0,,000160000067
WO-2160405,ASSET-00078,Emergency,CALIBRATION-DRIFT,251,1643,000160000067
WO-2160406,ASSET-00079,Preventive,,0,,000160000068
WO-2160407,ASSET-00079,Corrective,MOTOR-BURNOUT,49,494,000160000068
WO-2160408,ASSET-00079,Corrective,BEARING-FAILURE,177,247,000160000068
WO-2160409,ASSET-00079,Preventive,,0,,000160000068
WO-2160410,ASSET-00079,Preventive,,0,,000160000068
WO-2160411,ASSET-00079,Corrective,SENSOR-FAULT,211,1835,000160000068
WO-2160412,ASSET-00079,Preventive,,0,,000160000068
WO-2160413,ASSET-00079,Corrective,CONTROLLER-FAULT,33,575,000160000068
WO-2160414,ASSET-00079,Preventive,,0,,000160000068
WO-2160415,ASSET-00080,Corrective,SPINDLE-SEIZURE,115,1210,000160000069
WO-2160416,ASSET-00080,Preventive,,0,,000160000069
WO-2160417,ASSET-00080,Corrective,SPINDLE-SEIZURE,130,1610,000160000069
WO-2160418,ASSET-00081,Preventive,,0,,000160000070
WO-2160419,ASSET-00081,Corrective,CONTROLLER-FAULT,216,765,000160000070
WO-2160420,ASSET-00082,Preventive,,0,,000160000071
WO-2160421,ASSET-00082,Corrective,BELT-FAILURE,80,1917,000160000071
WO-2160422,ASSET-00082,Preventive,,0,,000160000071
WO-2160423,ASSET-00082,Preventive,,0,,000160000071
WO-2160424,ASSET-00082,Corrective,PNEUMATIC-LEAK,144,1501,000160000071
WO-2160425,ASSET-00082,Preventive,,0,,000160000071
WO-2160426,ASSET-00082,Corrective,BELT-FAILURE,50,1243,000160000071
WO-2160427,ASSET-00082,Preventive,,0,,000160000071
WO-2160428,ASSET-00082,Preventive,,0,,000160000071
WO-2160429,ASSET-00083,Preventive,,0,,000160000072
WO-2160430,ASSET-00083,Preventive,,0,,000160000072
WO-2160431,ASSET-00083,Emergency,CONTROLLER-FAULT,431,1309,000160000072
WO-2160432,ASSET-00084,Corrective,HYDRAULIC-LEAK,167,831,000160000073
WO-2160433,ASSET-00084,Preventive,,0,,000160000073
WO-2160434,ASSET-00085,Corrective,CALIBRATION-DRIFT,202,1641,000160000074
WO-2160435,ASSET-00086,Corrective,BELT-FAILURE,52,486,000160000075
WO-2160436,ASSET-00086,Corrective,MOTOR-BURNOUT,163,1131,000160000075
WO-2160437,ASSET-00086,Preventive,,0,,000160000075
WO-2160438,ASSET-00086,Corrective,HYDRAULIC-LEAK,111,486,000160000075
WO-2160439,ASSET-00086,Preventive,,0,,000160000075
WO-2160440,ASSET-00086,Preventive,,0,,000160000075
WO-2160441,ASSET-00087,Preventive,,0,,000160000076
WO-2160442,ASSET-00087,Preventive,,0,,000160000076
WO-2160443,ASSET-00087,Preventive,,0,,000160000076
WO-2160444,ASSET-00087,Corrective,CONTROLLER-FAULT,128,521,000160000076
WO-2160445,ASSET-00087,Preventive,,0,,000160000076
WO-2160446,ASSET-00087,Preventive,,0,,000160000076
WO-2160447,ASSET-00088,Corrective,SPINDLE-SEIZURE,171,1216,000160000077
WO-2160448,ASSET-00088,Preventive,,0,,000160000077
WO-2160449,ASSET-00088,Preventive,,0,,000160000077
WO-2160450,ASSET-00088,Emergency,BEARING-FAILURE,347,1468,000160000077
WO-2160451,ASSET-00088,Preventive,,0,,000160000077
WO-2160452,ASSET-00088,Emergency,PNEUMATIC-LEAK,461,376,000160000077
WO-2160453,ASSET-00088,Preventive,,0,,000160000077
WO-2160454,ASSET-00088,Corrective,HYDRAULIC-LEAK,229,586,000160000077
WO-2160455,ASSET-00089,Preventive,,0,,000160000078
WO-2160456,ASSET-00089,Corrective,MOTOR-BURNOUT,142,585,000160000078
WO-2160457,ASSET-00089,Preventive,,0,,000160000078
WO-2160458,ASSET-00090,Corrective,DIE-WEAR,183,874,000160000079
WO-2160459,ASSET-00090,Preventive,,0,,000160000079
WO-2160460,ASSET-00090,Preventive,,0,,000160000079
WO-2160461,ASSET-00090,Preventive,,0,,000160000079
WO-2160462,ASSET-00090,Preventive,,0,,000160000079
WO-2160463,ASSET-00091,Corrective,SPINDLE-SEIZURE,166,1776,000160000080
WO-2160464,ASSET-00091,Corrective,BELT-FAILURE,145,1940,000160000080
WO-2160465,ASSET-00091,Corrective,SPINDLE-SEIZURE,128,674,000160000080
WO-2160466,ASSET-00091,Preventive,,0,,000160000080
WO-2160467,ASSET-00091,Corrective,SPINDLE-SEIZURE,240,1983,000160000080
WO-2160468,ASSET-00091,Preventive,,0,,000160000080
WO-2160469,ASSET-00092,Preventive,,0,,
WO-2160470,ASSET-00092,Corrective,PNEUMATIC-LEAK,58,1348,
WO-2160471,ASSET-00092,Preventive,,0,,
WO-2160472,ASSET-00092,Preventive,,0,,
WO-2160473,ASSET-00093,Corrective,PNEUMATIC-LEAK,142,1442,000160000081
WO-2160474,ASSET-00093,Corrective,CONTROLLER-FAULT,74,1293,000160000081
WO-2160475,ASSET-00093,Preventive,,0,,000160000081
WO-2160476,ASSET-00093,Preventive,,0,,000160000081
WO-2160477,ASSET-00094,Preventive,,0,,000160000082
WO-2160478,ASSET-00095,Corrective,BELT-FAILURE,41,1355,000160000083
WO-2160479,ASSET-00095,Emergency,SENSOR-FAULT,258,1770,000160000083
WO-2160480,ASSET-00095,Corrective,SPINDLE-SEIZURE,91,1103,000160000083
WO-2160481,ASSET-00095,Corrective,CALIBRATION-DRIFT,153,1126,000160000083
WO-2160482,ASSET-00095,Emergency,CONTROLLER-FAULT,239,902,000160000083
WO-2160483,ASSET-00096,Corrective,BEARING-FAILURE,112,1199,000160000084
WO-2160484,ASSET-00096,Preventive,,0,,000160000084
WO-2160485,ASSET-00096,Corrective,DIE-WEAR,227,1782,000160000084
WO-2160486,ASSET-00096,Preventive,,0,,000160000084
WO-2160487,ASSET-00096,Preventive,,0,,000160000084
WO-2160488,ASSET-00096,Preventive,,0,,000160000084
WO-2160489,ASSET-00096,Preventive,,0,,000160000084
WO-2160490,ASSET-00097,Preventive,,0,,000160000085
WO-2160491,ASSET-00097,Preventive,,0,,000160000085
WO-2160492,ASSET-00097,Preventive,,0,,000160000085
WO-2160493,ASSET-00098,Emergency,SENSOR-FAULT,498,1339,000160000086
WO-2160494,ASSET-00098,Preventive,,0,,000160000086
WO-2160495,ASSET-00098,Preventive,,0,,000160000086
WO-2160496,ASSET-00099,Corrective,HYDRAULIC-LEAK,129,828,000160000087
WO-2160497,ASSET-00099,Preventive,,0,,000160000087
WO-2160498,ASSET-00099,Emergency,DIE-WEAR,500,1175,000160000087
WO-2160499,ASSET-00099,Corrective,HYDRAULIC-LEAK,90,1334,000160000087
WO-2160500,ASSET-00099,Emergency,BEARING-FAILURE,300,1899,000160000087
WO-2160501,ASSET-00099,Preventive,,0,,000160000087
WO-2160502,ASSET-00100,Corrective,DIE-WEAR,191,1293,000160000089
WO-2160503,ASSET-00100,Emergency,SPINDLE-SEIZURE,570,494,000160000089
WO-2160504,ASSET-00100,Corrective,CALIBRATION-DRIFT,86,1192,000160000089
WO-2160505,ASSET-00100,Corrective,BELT-FAILURE,189,1883,000160000089
WO-2160506,ASSET-00101,Preventive,,0,,000160000090
WO-2160507,ASSET-00101,Corrective,MOTOR-BURNOUT,207,1807,000160000090
WO-2160508,ASSET-00101,Preventive,,0,,000160000090
WO-2160509,ASSET-00101,Preventive,,0,,000160000090
WO-2160510,ASSET-00101,Preventive,,0,,000160000090
WO-2160511,ASSET-00101,Preventive,,0,,000160000090
WO-2160512,ASSET-00102,Preventive,,0,,
WO-2160513,ASSET-00102,Corrective,HYDRAULIC-LEAK,91,437,
WO-2160514,ASSET-00102,Corrective,SENSOR-FAULT,198,1269,
WO-2160515,ASSET-00102,Preventive,,0,,
WO-2160516,ASSET-00102,Preventive,,0,,
WO-2160517,ASSET-00102,Corrective,PNEUMATIC-LEAK,160,1534,
WO-2160518,ASSET-00102,Preventive,,0,,
WO-2160519,ASSET-00102,Corrective,SENSOR-FAULT,234,964,
WO-2160520,ASSET-00103,Corrective,BELT-FAILURE,180,451,000160000091
WO-2160521,ASSET-00103,Preventive,,0,,000160000091
WO-2160522,ASSET-00103,Corrective,BEARING-FAILURE,72,1242,000160000091
WO-2160523,ASSET-00103,Corrective,DIE-WEAR,175,1772,000160000091
WO-2160524,ASSET-00103,Emergency,BEARING-FAILURE,547,627,000160000091
WO-2160525,ASSET-00103,Corrective,SENSOR-FAULT,131,701,000160000091
WO-2160526,ASSET-00104,Preventive,,0,,000160000092
WO-2160527,ASSET-00104,Corrective,BELT-FAILURE,76,763,000160000092
WO-2160528,ASSET-00104,Corrective,SENSOR-FAULT,130,678,000160000092
WO-2160529,ASSET-00104,Corrective,BELT-FAILURE,233,735,000160000092
WO-2160530,ASSET-00104,Corrective,PNEUMATIC-LEAK,156,1668,000160000092
WO-2160531,ASSET-00104,Preventive,,0,,000160000092
WO-2160532,ASSET-00104,Preventive,,0,,000160000092
WO-2160533,ASSET-00104,Corrective,MOTOR-BURNOUT,171,1275,000160000092
WO-2160534,ASSET-00104,Emergency,BELT-FAILURE,256,372,000160000092
WO-2160535,ASSET-00104,Corrective,DIE-WEAR,168,401,000160000092
WO-2160536,ASSET-00105,Preventive,,0,,000160000093
WO-2160537,ASSET-00105,Preventive,,0,,000160000093
WO-2160538,ASSET-00105,Preventive,,0,,000160000093
WO-2160539,ASSET-00105,Corrective,PNEUMATIC-LEAK,155,675,000160000093
WO-2160540,ASSET-00105,Corrective,MOTOR-BURNOUT,102,501,000160000093
WO-2160541,ASSET-00106,Preventive,,0,,000160000094
WO-2160542,ASSET-00106,Preventive,,0,,000160000094
WO-2160543,ASSET-00106,Preventive,,0,,000160000094
WO-2160544,ASSET-00106,Preventive,,0,,000160000094
WO-2160545,ASSET-00106,Preventive,,0,,000160000094
WO-2160546,ASSET-00107,Preventive,,0,,000160000095
WO-2160547,ASSET-00107,Corrective,CONTROLLER-FAULT,157,1135,000160000095
WO-2160548,ASSET-00107,Corrective,SENSOR-FAULT,58,1551,000160000095
WO-2160549,ASSET-00108,Preventive,,0,,000160000096
WO-2160550,ASSET-00108,Preventive,,0,,000160000096
WO-2160551,ASSET-00108,Preventive,,0,,000160000096
WO-2160552,ASSET-00108,Emergency,DIE-WEAR,453,1291,000160000096
WO-2160553,ASSET-00108,Preventive,,0,,000160000096
WO-2160554,ASSET-00108,Preventive,,0,,000160000096
WO-2160555,ASSET-00108,Preventive,,0,,000160000096
WO-2160556,ASSET-00108,Preventive,,0,,000160000096
WO-2160557,ASSET-00108,Preventive,,0,,000160000096
WO-2160558,ASSET-00108,Corrective,BELT-FAILURE,87,1471,000160000096
WO-2160559,ASSET-00109,Corrective,MOTOR-BURNOUT,105,1263,
WO-2160560,ASSET-00109,Preventive,,0,,
WO-2160561,ASSET-00109,Preventive,,0,,
WO-2160562,ASSET-00109,Preventive,,0,,
WO-2160563,ASSET-00109,Preventive,,0,,
WO-2160564,ASSET-00109,Emergency,BEARING-FAILURE,529,1315,
WO-2160565,ASSET-00109,Preventive,,0,,
WO-2160566,ASSET-00110,Preventive,,0,,000160000097
WO-2160567,ASSET-00110,Corrective,PNEUMATIC-LEAK,142,1246,000160000097
WO-2160568,ASSET-00110,Preventive,,0,,000160000097
WO-2160569,ASSET-00110,Emergency,PNEUMATIC-LEAK,455,1744,000160000097
WO-2160570,ASSET-00111,Preventive,,0,,000160000098
WO-2160571,ASSET-00111,Preventive,,0,,000160000098
WO-2160572,ASSET-00111,Preventive,,0,,000160000098
WO-2160573,ASSET-00111,Corrective,SENSOR-FAULT,76,226,000160000098
WO-2160574,ASSET-00112,Preventive,,0,,000160000099
WO-2160575,ASSET-00112,Corrective,BEARING-FAILURE,72,1206,000160000099
WO-2160576,ASSET-00112,Corrective,CALIBRATION-DRIFT,66,1436,000160000099
WO-2160577,ASSET-00112,Preventive,,0,,000160000099
WO-2160578,ASSET-00112,Corrective,PNEUMATIC-LEAK,142,1146,000160000099
WO-2160579,ASSET-00112,Preventive,,0,,000160000099
WO-2160580,ASSET-00113,Preventive,,0,,000160000100
WO-2160581,ASSET-00113,Corrective,PNEUMATIC-LEAK,228,1594,000160000100
WO-2160582,ASSET-00113,Corrective,HYDRAULIC-LEAK,137,1920,000160000100
WO-2160583,ASSET-00113,Preventive,,0,,000160000100
WO-2160584,ASSET-00114,Preventive,,0,,000160000101
WO-2160585,ASSET-00114,Corrective,BEARING-FAILURE,105,1119,000160000101
WO-2160586,ASSET-00114,Emergency,CONTROLLER-FAULT,426,1743,000160000101
WO-2160587,ASSET-00115,Preventive,,0,,000160000102
WO-2160588,ASSET-00115,Preventive,,0,,000160000102
WO-2160589,ASSET-00115,Preventive,,0,,000160000102
WO-2160590,ASSET-00115,Corrective,CALIBRATION-DRIFT,145,1620,000160000102
WO-2160591,ASSET-00116,Preventive,,0,,000160000103
WO-2160592,ASSET-00116,Corrective,MOTOR-BURNOUT,230,432,000160000103
WO-2160593,ASSET-00116,Preventive,,0,,000160000103
WO-2160594,ASSET-00116,Emergency,MOTOR-BURNOUT,429,695,000160000103
WO-2160595,ASSET-00117,Corrective,BELT-FAILURE,135,1981,000160000104
WO-2160596,ASSET-00117,Corrective,CALIBRATION-DRIFT,201,1397,000160000104
WO-2160597,ASSET-00117,Corrective,PNEUMATIC-LEAK,135,1335,000160000104
WO-2160598,ASSET-00117,Preventive,,0,,000160000104
WO-2160599,ASSET-00118,Corrective,HYDRAULIC-LEAK,84,1655,000160000105
WO-2160600,ASSET-00118,Preventive,,0,,000160000105
WO-2160601,ASSET-00118,Corrective,CALIBRATION-DRIFT,97,1538,000160000105
WO-2160602,ASSET-00119,Preventive,,0,,000160000106
WO-2160603,ASSET-00119,Emergency,CALIBRATION-DRIFT,558,562,000160000106
WO-2160604,ASSET-00119,Preventive,,0,,000160000106
WO-2160605,ASSET-00120,Preventive,,0,,000160000107
WO-2160606,ASSET-00120,Preventive,,0,,000160000107
WO-2160607,ASSET-00120,Preventive,,0,,000160000107
WO-2160608,ASSET-00120,Preventive,,0,,000160000107
WO-2160609,ASSET-00121,Corrective,MOTOR-BURNOUT,198,1918,000160000108
WO-2160610,ASSET-00121,Corrective,CONTROLLER-FAULT,95,970,000160000108
WO-2160611,ASSET-00121,Corrective,CONTROLLER-FAULT,73,361,000160000108
WO-2160612,ASSET-00122,Corrective,PNEUMATIC-LEAK,89,1974,000160000109
WO-2160613,ASSET-00122,Emergency,CONTROLLER-FAULT,546,1070,000160000109
WO-2160614,ASSET-00122,Corrective,CONTROLLER-FAULT,139,847,000160000109
WO-2160615,ASSET-00122,Corrective,SENSOR-FAULT,220,372,000160000109
WO-2160616,ASSET-00123,Preventive,,0,,000160000110
WO-2160617,ASSET-00123,Preventive,,0,,000160000110
WO-2160618,ASSET-00123,Preventive,,0,,000160000110
WO-2160619,ASSET-00123,Preventive,,0,,000160000110
WO-2160620,ASSET-00123,Preventive,,0,,000160000110
WO-2160621,ASSET-00123,Corrective,CALIBRATION-DRIFT,46,1958,000160000110
WO-2160622,ASSET-00123,Preventive,,0,,000160000110
WO-2160623,ASSET-00123,Preventive,,0,,000160000110
WO-2160624,ASSET-00124,Preventive,,0,,000160000111
WO-2160625,ASSET-00124,Preventive,,0,,000160000111
WO-2160626,ASSET-00124,Preventive,,0,,000160000111
WO-2160627,ASSET-00124,Corrective,DIE-WEAR,38,1197,000160000111
WO-2160628,ASSET-00125,Corrective,SENSOR-FAULT,133,1886,
WO-2160629,ASSET-00125,Preventive,,0,,
WO-2160630,ASSET-00125,Preventive,,0,,
WO-2160631,ASSET-00126,Preventive,,0,,000160000112
WO-2160632,ASSET-00126,Corrective,BEARING-FAILURE,58,942,000160000112
WO-2160633,ASSET-00126,Preventive,,0,,000160000112
WO-2160634,ASSET-00126,Corrective,DIE-WEAR,200,1463,000160000112
WO-2160635,ASSET-00126,Emergency,CALIBRATION-DRIFT,482,1838,000160000112
WO-2160636,ASSET-00126,Corrective,BEARING-FAILURE,183,375,000160000112
WO-2160637,ASSET-00127,Corrective,BEARING-FAILURE,129,1590,000160000113
WO-2160638,ASSET-00127,Corrective,DIE-WEAR,176,889,000160000113
WO-2160639,ASSET-00127,Preventive,,0,,000160000113
WO-2160640,ASSET-00127,Preventive,,0,,000160000113
WO-2160641,ASSET-00127,Corrective,BEARING-FAILURE,58,1775,000160000113
WO-2160642,ASSET-00127,Preventive,,0,,000160000113
WO-2160643,ASSET-00127,Preventive,,0,,000160000113
WO-2160644,ASSET-00127,Preventive,,0,,000160000113
WO-2160645,ASSET-00128,Emergency,CALIBRATION-DRIFT,68,906,000160000114
WO-2160646,ASSET-00129,Preventive,,0,,000160000115
WO-2160647,ASSET-00129,Preventive,,0,,000160000115
WO-2160648,ASSET-00129,Corrective,HYDRAULIC-LEAK,159,1343,000160000115
WO-2160649,ASSET-00130,Preventive,,0,,000160000116
WO-2160650,ASSET-00130,Preventive,,0,,000160000116
WO-2160651,ASSET-00130,Emergency,SPINDLE-SEIZURE,300,782,000160000116
WO-2160652,ASSET-00130,Preventive,,0,,000160000116
WO-2160653,ASSET-00130,Preventive,,0,,000160000116
WO-2160654,ASSET-00131,Preventive,,0,,000160000117
WO-2160655,ASSET-00131,Preventive,,0,,000160000117
WO-2160656,ASSET-00131,Corrective,HYDRAULIC-LEAK,67,1652,000160000117
WO-2160657,ASSET-00131,Corrective,BELT-FAILURE,105,1781,000160000117
WO-2160658,ASSET-00131,Emergency,CONTROLLER-FAULT,450,1120,000160000117
WO-2160659,ASSET-00132,Preventive,,0,,000160000118
WO-2160660,ASSET-00132,Emergency,PNEUMATIC-LEAK,183,362,000160000118
WO-2160661,ASSET-00132,Preventive,,0,,000160000118
WO-2160662,ASSET-00132,Corrective,PNEUMATIC-LEAK,72,239,000160000118
WO-2160663,ASSET-00132,Preventive,,0,,000160000118
WO-2160664,ASSET-00132,Corrective,PNEUMATIC-LEAK,140,1471,000160000118
WO-2160665,ASSET-00132,Corrective,MOTOR-BURNOUT,35,966,000160000118
WO-2160666,ASSET-00133,Corrective,PNEUMATIC-LEAK,67,901,000160000119
WO-2160667,ASSET-00133,Emergency,SENSOR-FAULT,130,460,000160000119
WO-2160668,ASSET-00133,Preventive,,0,,000160000119
WO-2160669,ASSET-00134,Corrective,MOTOR-BURNOUT,57,427,000160000120
WO-2160670,ASSET-00134,Preventive,,0,,000160000120
WO-2160671,ASSET-00134,Corrective,MOTOR-BURNOUT,54,230,000160000120
WO-2160672,ASSET-00134,Corrective,MOTOR-BURNOUT,167,611,000160000120
WO-2160673,ASSET-00135,Preventive,,0,,000160000121
WO-2160674,ASSET-00135,Corrective,BELT-FAILURE,85,1248,000160000121
WO-2160675,ASSET-00135,Preventive,,0,,000160000121
WO-2160676,ASSET-00135,Preventive,,0,,000160000121
WO-2160677,ASSET-00135,Preventive,,0,,000160000121
WO-2160678,ASSET-00135,Corrective,SENSOR-FAULT,215,1107,000160000121
WO-2160679,ASSET-00135,Preventive,,0,,000160000121
WO-2160680,ASSET-00136,Preventive,,0,,000160000122
WO-2160681,ASSET-00136,Corrective,SPINDLE-SEIZURE,183,370,000160000122
WO-2160682,ASSET-00136,Preventive,,0,,000160000122
WO-2160683,ASSET-00136,Preventive,,0,,000160000122
WO-2160684,ASSET-00137,Corrective,MOTOR-BURNOUT,174,1925,000160000123
WO-2160685,ASSET-00137,Preventive,,0,,000160000123
WO-2160686,ASSET-00137,Preventive,,0,,000160000123
WO-2160687,ASSET-00137,Preventive,,0,,000160000123
WO-2160688,ASSET-00137,Corrective,CALIBRATION-DRIFT,66,1424,000160000123
WO-2160689,ASSET-00137,Preventive,,0,,000160000123
WO-2160690,ASSET-00137,Preventive,,0,,000160000123
WO-2160691,ASSET-00137,Preventive,,0,,000160000123
WO-2160692,ASSET-00138,Preventive,,0,,000160000124
WO-2160693,ASSET-00138,Corrective,BEARING-FAILURE,62,439,000160000124
WO-2160694,ASSET-00138,Preventive,,0,,000160000124
WO-2160695,ASSET-00138,Preventive,,0,,000160000124
WO-2160696,ASSET-00138,Preventive,,0,,000160000124
WO-2160697,ASSET-00139,Corrective,SENSOR-FAULT,34,656,000160000125
WO-2160698,ASSET-00139,Corrective,CONTROLLER-FAULT,31,885,000160000125
WO-2160699,ASSET-00139,Preventive,,0,,000160000125
WO-2160700,ASSET-00139,Preventive,,0,,000160000125
WO-2160701,ASSET-00139,Preventive,,0,,000160000125
WO-2160702,ASSET-00139,Emergency,MOTOR-BURNOUT,320,1687,000160000125
WO-2160703,ASSET-00140,Corrective,CALIBRATION-DRIFT,104,701,000160000126
WO-2160704,ASSET-00140,Preventive,,0,,000160000126
WO-2160705,ASSET-00140,Corrective,BELT-FAILURE,222,1588,000160000126
WO-2160706,ASSET-00140,Preventive,,0,,000160000126
WO-2160707,ASSET-00140,Preventive,,0,,000160000126
WO-2160708,ASSET-00140,Corrective,DIE-WEAR,240,1601,000160000126
WO-2160709,ASSET-00140,Preventive,,0,,000160000126
WO-2160710,ASSET-00140,Preventive,,0,,000160000126
WO-2160711,ASSET-00141,Corrective,HYDRAULIC-LEAK,31,929,000160000127
WO-2160712,ASSET-00141,Corrective,HYDRAULIC-LEAK,223,1717,000160000127
WO-2160713,ASSET-00141,Corrective,SPINDLE-SEIZURE,100,309,000160000127
WO-2160714,ASSET-00141,Preventive,,0,,000160000127
WO-2160715,ASSET-00141,Corrective,BEARING-FAILURE,34,234,000160000127
WO-2160716,ASSET-00141,Preventive,,0,,000160000127
WO-2160717,ASSET-00141,Corrective,PNEUMATIC-LEAK,178,1477,000160000127
WO-2160718,ASSET-00141,Preventive,,0,,000160000127
WO-2160719,ASSET-00142,Preventive,,0,,000160000128
WO-2160720,ASSET-00142,Emergency,CONTROLLER-FAULT,298,400,000160000128
WO-2160721,ASSET-00142,Preventive,,0,,000160000128
WO-2160722,ASSET-00142,Preventive,,0,,000160000128
WO-2160723,ASSET-00142,Preventive,,0,,000160000128
WO-2160724,ASSET-00143,Emergency,HYDRAULIC-LEAK,102,1447,000160000129
WO-2160725,ASSET-00143,Preventive,,0,,000160000129
WO-2160726,ASSET-00143,Corrective,PNEUMATIC-LEAK,156,1376,000160000129
WO-2160727,ASSET-00143,Preventive,,0,,000160000129
WO-2160728,ASSET-00143,Preventive,,0,,000160000129
WO-2160729,ASSET-00143,Corrective,BELT-FAILURE,110,1386,000160000129
WO-2160730,ASSET-00143,Corrective,CALIBRATION-DRIFT,30,1658,000160000129
WO-2160731,ASSET-00144,Corrective,SPINDLE-SEIZURE,216,1956,000160000130
WO-2160732,ASSET-00144,Emergency,HYDRAULIC-LEAK,224,1968,000160000130
WO-2160733,ASSET-00144,Corrective,SENSOR-FAULT,89,659,000160000130
WO-2160734,ASSET-00145,Preventive,,0,,000160000131
WO-2160735,ASSET-00145,Emergency,CONTROLLER-FAULT,437,1866,000160000131
WO-2160736,ASSET-00146,Preventive,,0,,000160000132
WO-2160737,ASSET-00146,Preventive,,0,,000160000132
WO-2160738,ASSET-00147,Corrective,HYDRAULIC-LEAK,83,427,000160000133
WO-2160739,ASSET-00147,Preventive,,0,,000160000133
WO-2160740,ASSET-00147,Preventive,,0,,000160000133
WO-2160741,ASSET-00147,Preventive,,0,,000160000133
WO-2160742,ASSET-00147,Preventive,,0,,000160000133
WO-2160743,ASSET-00148,Preventive,,0,,000160000134
WO-2160744,ASSET-00148,Corrective,BEARING-FAILURE,52,533,000160000134
WO-2160745,ASSET-00148,Preventive,,0,,000160000134
WO-2160746,ASSET-00149,Emergency,DIE-WEAR,139,1619,000160000135
WO-2160747,ASSET-00149,Corrective,CONTROLLER-FAULT,185,1910,000160000135
WO-2160748,ASSET-00150,Corrective,PNEUMATIC-LEAK,49,1309,000160000136
WO-2160749,ASSET-00150,Preventive,,0,,000160000136
WO-2160750,ASSET-00150,Preventive,,0,,000160000136
WO-2160751,ASSET-00150,Corrective,MOTOR-BURNOUT,100,357,000160000136
WO-2160752,ASSET-00150,Corrective,CALIBRATION-DRIFT,130,1682,000160000136
WO-2160753,ASSET-00151,Corrective,SENSOR-FAULT,148,1012,000160000137
WO-2160754,ASSET-00151,Preventive,,0,,000160000137
WO-2160755,ASSET-00151,Preventive,,0,,000160000137
WO-2160756,ASSET-00151,Corrective,BELT-FAILURE,40,1872,000160000137
WO-2160757,ASSET-00151,Emergency,BELT-FAILURE,369,652,000160000137
WO-2160758,ASSET-00151,Preventive,,0,,000160000137
WO-2160759,ASSET-00152,Emergency,BELT-FAILURE,169,665,000160000138
WO-2160760,ASSET-00152,Preventive,,0,,000160000138
WO-2160761,ASSET-00152,Preventive,,0,,000160000138
WO-2160762,ASSET-00152,Corrective,CONTROLLER-FAULT,121,592,000160000138
WO-2160763,ASSET-00153,Preventive,,0,,
WO-2160764,ASSET-00153,Corrective,MOTOR-BURNOUT,231,814,
WO-2160765,ASSET-00154,Preventive,,0,,000160000139
WO-2160766,ASSET-00154,Preventive,,0,,000160000139
WO-2160767,ASSET-00154,Preventive,,0,,000160000139
WO-2160768,ASSET-00154,Preventive,,0,,000160000139
WO-2160769,ASSET-00154,Preventive,,0,,000160000139
WO-2160770,ASSET-00155,Preventive,,0,,000160000140
WO-2160771,ASSET-00155,Corrective,BEARING-FAILURE,229,1846,000160000140
WO-2160772,ASSET-00155,Corrective,HYDRAULIC-LEAK,148,547,000160000140
WO-2160773,ASSET-00156,Corrective,PNEUMATIC-LEAK,205,509,000160000141
WO-2160774,ASSET-00156,Corrective,CONTROLLER-FAULT,52,516,000160000141
WO-2160775,ASSET-00156,Preventive,,0,,000160000141
WO-2160776,ASSET-00156,Corrective,BEARING-FAILURE,164,1784,000160000141
WO-2160777,ASSET-00157,Corrective,CONTROLLER-FAULT,195,626,000160000142
WO-2160778,ASSET-00157,Corrective,BELT-FAILURE,196,1378,000160000142
WO-2160779,ASSET-00157,Preventive,,0,,000160000142
WO-2160780,ASSET-00157,Corrective,SENSOR-FAULT,162,1049,000160000142
WO-2160781,ASSET-00158,Corrective,BELT-FAILURE,196,410,000160000143
WO-2160782,ASSET-00158,Preventive,,0,,000160000143
WO-2160783,ASSET-00158,Preventive,,0,,000160000143
WO-2160784,ASSET-00158,Preventive,,0,,000160000143
WO-2160785,ASSET-00158,Preventive,,0,,000160000143
WO-2160786,ASSET-00158,Corrective,SPINDLE-SEIZURE,127,1164,000160000143
WO-2160787,ASSET-00158,Preventive,,0,,000160000143
WO-2160788,ASSET-00158,Emergency,SENSOR-FAULT,150,1458,000160000143
WO-2160789,ASSET-00159,Preventive,,0,,000160000144
WO-2160790,ASSET-00160,Preventive,,0,,000160000146
WO-2160791,ASSET-00160,Preventive,,0,,000160000146
WO-2160792,ASSET-00160,Corrective,PNEUMATIC-LEAK,81,1914,000160000146
WO-2160793,ASSET-00160,Preventive,,0,,000160000146
WO-2160794,ASSET-00161,Preventive,,0,,000160000147
WO-2160795,ASSET-00161,Preventive,,0,,000160000147
WO-2160796,ASSET-00161,Preventive,,0,,000160000147
WO-2160797,ASSET-00161,Preventive,,0,,000160000147
WO-2160798,ASSET-00161,Preventive,,0,,000160000147
WO-2160799,ASSET-00162,Corrective,MOTOR-BURNOUT,39,832,000160000148
WO-2160800,ASSET-00162,Preventive,,0,,000160000148
WO-2160801,ASSET-00162,Preventive,,0,,000160000148
WO-2160802,ASSET-00162,Preventive,,0,,000160000148
WO-2160803,ASSET-00162,Corrective,SENSOR-FAULT,149,1658,000160000148
WO-2160804,ASSET-00162,Corrective,PNEUMATIC-LEAK,129,1628,000160000148
WO-2160805,ASSET-00163,Preventive,,0,,000160000149
WO-2160806,ASSET-00163,Corrective,BEARING-FAILURE,182,1495,000160000149
WO-2160807,ASSET-00163,Preventive,,0,,000160000149
WO-2160808,ASSET-00163,Corrective,SPINDLE-SEIZURE,228,1034,000160000149
WO-2160809,ASSET-00163,Corrective,DIE-WEAR,40,1200,000160000149
WO-2160810,ASSET-00164,Preventive,,0,,
WO-2160811,ASSET-00164,Corrective,SPINDLE-SEIZURE,149,1649,
WO-2160812,ASSET-00165,Preventive,,0,,000160000150
WO-2160813,ASSET-00165,Corrective,DIE-WEAR,225,423,000160000150
WO-2160814,ASSET-00165,Preventive,,0,,000160000150
WO-2160815,ASSET-00165,Corrective,HYDRAULIC-LEAK,48,1224,000160000150
WO-2160816,ASSET-00166,Preventive,,0,,000160000151
WO-2160817,ASSET-00166,Preventive,,0,,000160000151
WO-2160818,ASSET-00166,Preventive,,0,,000160000151
WO-2160819,ASSET-00166,Emergency,DIE-WEAR,332,958,000160000151
WO-2160820,ASSET-00166,Corrective,CALIBRATION-DRIFT,42,802,000160000151
WO-2160821,ASSET-00166,Corrective,DIE-WEAR,157,813,000160000151
WO-2160822,ASSET-00167,Preventive,,0,,000160000152
WO-2160823,ASSET-00167,Emergency,CALIBRATION-DRIFT,522,726,000160000152
WO-2160824,ASSET-00167,Preventive,,0,,000160000152
WO-2160825,ASSET-00167,Preventive,,0,,000160000152
WO-2160826,ASSET-00168,Emergency,CALIBRATION-DRIFT,63,1118,000160000153
WO-2160827,ASSET-00168,Corrective,BEARING-FAILURE,189,727,000160000153
WO-2160828,ASSET-00168,Corrective,CALIBRATION-DRIFT,144,1343,000160000153
WO-2160829,ASSET-00168,Preventive,,0,,000160000153
WO-2160830,ASSET-00168,Preventive,,0,,000160000153
WO-2160831,ASSET-00168,Preventive,,0,,000160000153
WO-2160832,ASSET-00168,Preventive,,0,,000160000153
WO-2160833,ASSET-00168,Preventive,,0,,000160000153
WO-2160834,ASSET-00168,Corrective,HYDRAULIC-LEAK,181,1161,000160000153
WO-2160835,ASSET-00168,Corrective,CONTROLLER-FAULT,197,1056,000160000153
WO-2160836,ASSET-00169,Preventive,,0,,000160000154
WO-2160837,ASSET-00169,Preventive,,0,,000160000154
WO-2160838,ASSET-00169,Corrective,BELT-FAILURE,224,1221,000160000154
WO-2160839,ASSET-00169,Preventive,,0,,000160000154
WO-2160840,ASSET-00169,Preventive,,0,,000160000154
WO-2160841,ASSET-00169,Preventive,,0,,000160000154
WO-2160842,ASSET-00169,Corrective,CALIBRATION-DRIFT,91,1418,000160000154
WO-2160843,ASSET-00169,Corrective,BEARING-FAILURE,212,1211,000160000154
WO-2160844,ASSET-00169,Preventive,,0,,000160000154
WO-2160845,ASSET-00169,Preventive,,0,,000160000154
WO-2160846,ASSET-00170,Preventive,,0,,000160000155
WO-2160847,ASSET-00170,Preventive,,0,,000160000155
WO-2160848,ASSET-00170,Corrective,DIE-WEAR,230,1299,000160000155
WO-2160849,ASSET-00170,Corrective,HYDRAULIC-LEAK,211,215,000160000155
WO-2160850,ASSET-00170,Preventive,,0,,000160000155
WO-2160851,ASSET-00171,Preventive,,0,,000160000156
WO-2160852,ASSET-00171,Preventive,,0,,000160000156
WO-2160853,ASSET-00171,Preventive,,0,,000160000156
WO-2160854,ASSET-00171,Emergency,CONTROLLER-FAULT,118,818,000160000156
WO-2160855,ASSET-00171,Preventive,,0,,000160000156
WO-2160856,ASSET-00171,Preventive,,0,,000160000156
WO-2160857,ASSET-00171,Preventive,,0,,000160000156
WO-2160858,ASSET-00172,Preventive,,0,,000160000157
WO-2160859,ASSET-00172,Corrective,CONTROLLER-FAULT,222,821,000160000157
WO-2160860,ASSET-00173,Preventive,,0,,
WO-2160861,ASSET-00173,Corrective,SENSOR-FAULT,200,628,
WO-2160862,ASSET-00173,Preventive,,0,,
WO-2160863,ASSET-00173,Emergency,BEARING-FAILURE,536,842,
WO-2160864,ASSET-00173,Preventive,,0,,
WO-2160865,ASSET-00174,Corrective,PNEUMATIC-LEAK,148,946,000160000158
WO-2160866,ASSET-00174,Corrective,SENSOR-FAULT,235,1724,000160000158
WO-2160867,ASSET-00174,Preventive,,0,,000160000158
WO-2160868,ASSET-00175,Preventive,,0,,000160000159
WO-2160869,ASSET-00175,Corrective,BEARING-FAILURE,221,1310,000160000159
WO-2160870,ASSET-00175,Preventive,,0,,000160000159
WO-2160871,ASSET-00175,Preventive,,0,,000160000159
WO-2160872,ASSET-00175,Corrective,HYDRAULIC-LEAK,93,1218,000160000159
WO-2160873,ASSET-00176,Preventive,,0,,000160000160
WO-2160874,ASSET-00176,Preventive,,0,,000160000160
WO-2160875,ASSET-00176,Corrective,CALIBRATION-DRIFT,227,236,000160000160
WO-2160876,ASSET-00176,Preventive,,0,,000160000160
WO-2160877,ASSET-00177,Preventive,,0,,000160000161
WO-2160878,ASSET-00177,Preventive,,0,,000160000161
WO-2160879,ASSET-00177,Corrective,PNEUMATIC-LEAK,67,1019,000160000161
WO-2160880,ASSET-00177,Preventive,,0,,000160000161
WO-2160881,ASSET-00177,Preventive,,0,,000160000161
WO-2160882,ASSET-00177,Emergency,SPINDLE-SEIZURE,186,1463,000160000161
WO-2160883,ASSET-00177,Preventive,,0,,000160000161
WO-2160884,ASSET-00177,Corrective,SPINDLE-SEIZURE,150,1135,000160000161
WO-2160885,ASSET-00178,Preventive,,0,,000160000162
WO-2160886,ASSET-00178,Preventive,,0,,000160000162
WO-2160887,ASSET-00178,Preventive,,0,,000160000162
WO-2160888,ASSET-00178,Preventive,,0,,000160000162
WO-2160889,ASSET-00178,Preventive,,0,,000160000162
WO-2160890,ASSET-00178,Emergency,HYDRAULIC-LEAK,465,1019,000160000162
WO-2160891,ASSET-00178,Preventive,,0,,000160000162
WO-2160892,ASSET-00179,Corrective,CONTROLLER-FAULT,215,1344,000160000163
WO-2160893,ASSET-00179,Corrective,BELT-FAILURE,119,763,000160000163
WO-2160894,ASSET-00179,Preventive,,0,,000160000163
WO-2160895,ASSET-00179,Corrective,BELT-FAILURE,78,969,000160000163
WO-2160896,ASSET-00180,Corrective,HYDRAULIC-LEAK,144,1822,000160000164
WO-2160897,ASSET-00180,Preventive,,0,,000160000164
WO-2160898,ASSET-00180,Preventive,,0,,000160000164
WO-2160899,ASSET-00181,Preventive,,0,,000160000165
WO-2160900,ASSET-00181,Preventive,,0,,000160000165
WO-2160901,ASSET-00182,Corrective,DIE-WEAR,131,1414,000160000166
WO-2160902,ASSET-00182,Corrective,BELT-FAILURE,86,528,000160000166
WO-2160903,ASSET-00182,Corrective,MOTOR-BURNOUT,234,1228,000160000166
WO-2160904,ASSET-00183,Preventive,,0,,000160000167
WO-2160905,ASSET-00183,Corrective,CALIBRATION-DRIFT,195,1066,000160000167
WO-2160906,ASSET-00183,Corrective,SENSOR-FAULT,193,230,000160000167
WO-2160907,ASSET-00183,Corrective,HYDRAULIC-LEAK,239,626,000160000167
WO-2160908,ASSET-00183,Preventive,,0,,000160000167
WO-2160909,ASSET-00183,Preventive,,0,,000160000167
WO-2160910,ASSET-00183,Preventive,,0,,000160000167
WO-2160911,ASSET-00183,Emergency,HYDRAULIC-LEAK,164,1333,000160000167
WO-2160912,ASSET-00184,Preventive,,0,,000160000168
WO-2160913,ASSET-00184,Preventive,,0,,000160000168
WO-2160914,ASSET-00184,Corrective,CALIBRATION-DRIFT,64,1965,000160000168
WO-2160915,ASSET-00184,Preventive,,0,,000160000168
WO-2160916,ASSET-00185,Preventive,,0,,000160000169
WO-2160917,ASSET-00186,Preventive,,0,,000160000170
WO-2160918,ASSET-00186,Preventive,,0,,000160000170
WO-2160919,ASSET-00186,Preventive,,0,,000160000170
WO-2160920,ASSET-00186,Emergency,SPINDLE-SEIZURE,61,277,000160000170
WO-2160921,ASSET-00186,Preventive,,0,,000160000170
WO-2160922,ASSET-00186,Preventive,,0,,000160000170
WO-2160923,ASSET-00186,Preventive,,0,,000160000170
WO-2160924,ASSET-00186,Preventive,,0,,000160000170
WO-2160925,ASSET-00187,Emergency,DIE-WEAR,351,289,
WO-2160926,ASSET-00187,Corrective,MOTOR-BURNOUT,172,426,
WO-2160927,ASSET-00187,Preventive,,0,,
WO-2160928,ASSET-00188,Corrective,SPINDLE-SEIZURE,53,1025,000160000171
WO-2160929,ASSET-00188,Preventive,,0,,000160000171
WO-2160930,ASSET-00188,Preventive,,0,,000160000171
WO-2160931,ASSET-00189,Emergency,DIE-WEAR,514,478,000160000172
WO-2160932,ASSET-00189,Emergency,BEARING-FAILURE,509,1163,000160000172
WO-2160933,ASSET-00190,Preventive,,0,,000160000173
WO-2160934,ASSET-00190,Preventive,,0,,000160000173
WO-2160935,ASSET-00190,Preventive,,0,,000160000173
WO-2160936,ASSET-00190,Preventive,,0,,000160000173
WO-2160937,ASSET-00190,Preventive,,0,,000160000173
WO-2160938,ASSET-00190,Preventive,,0,,000160000173
WO-2160939,ASSET-00190,Preventive,,0,,000160000173
WO-2160940,ASSET-00190,Preventive,,0,,000160000173
WO-2160941,ASSET-00191,Preventive,,0,,000160000174
WO-2160942,ASSET-00191,Preventive,,0,,000160000174
WO-2160943,ASSET-00191,Corrective,BELT-FAILURE,116,894,000160000174
WO-2160944,ASSET-00191,Preventive,,0,,000160000174
WO-2160945,ASSET-00191,Corrective,HYDRAULIC-LEAK,108,1722,000160000174
WO-2160946,ASSET-00191,Corrective,PNEUMATIC-LEAK,46,1766,000160000174
WO-2160947,ASSET-00191,Emergency,DIE-WEAR,99,1044,000160000174
WO-2160948,ASSET-00192,Corrective,HYDRAULIC-LEAK,211,1591,000160000175
WO-2160949,ASSET-00192,Preventive,,0,,000160000175
WO-2160950,ASSET-00192,Preventive,,0,,000160000175
WO-2160951,ASSET-00192,Preventive,,0,,000160000175
WO-2160952,ASSET-00192,Corrective,CALIBRATION-DRIFT,101,740,000160000175
WO-2160953,ASSET-00192,Preventive,,0,,000160000175
WO-2160954,ASSET-00192,Corrective,CONTROLLER-FAULT,88,914,000160000175
WO-2160955,ASSET-00193,Emergency,MOTOR-BURNOUT,161,464,000160000176
WO-2160956,ASSET-00193,Preventive,,0,,000160000176
WO-2160957,ASSET-00193,Preventive,,0,,000160000176
WO-2160958,ASSET-00193,Corrective,CALIBRATION-DRIFT,82,425,000160000176
WO-2160959,ASSET-00193,Corrective,HYDRAULIC-LEAK,143,431,000160000176
WO-2160960,ASSET-00193,Emergency,HYDRAULIC-LEAK,64,560,000160000176
WO-2160961,ASSET-00194,Corrective,CONTROLLER-FAULT,231,1595,
WO-2160962,ASSET-00195,Corrective,PNEUMATIC-LEAK,78,1269,000160000177
WO-2160963,ASSET-00195,Preventive,,0,,000160000177
WO-2160964,ASSET-00196,Corrective,PNEUMATIC-LEAK,84,667,000160000178
WO-2160965,ASSET-00196,Preventive,,0,,000160000178
WO-2160966,ASSET-00196,Preventive,,0,,000160000178
WO-2160967,ASSET-00196,Preventive,,0,,000160000178
WO-2160968,ASSET-00196,Corrective,DIE-WEAR,180,267,000160000178
WO-2160969,ASSET-00196,Preventive,,0,,000160000178
WO-2160970,ASSET-00196,Emergency,BEARING-FAILURE,142,454,000160000178
WO-2160971,ASSET-00196,Preventive,,0,,000160000178
WO-2160972,ASSET-00196,Preventive,,0,,000160000178
WO-2160973,ASSET-00197,Preventive,,0,,000160000179
WO-2160974,ASSET-00197,Preventive,,0,,000160000179
WO-2160975,ASSET-00197,Preventive,,0,,000160000179
WO-2160976,ASSET-00197,Preventive,,0,,000160000179
WO-2160977,ASSET-00197,Preventive,,0,,000160000179
WO-2160978,ASSET-00198,Corrective,BELT-FAILURE,158,1223,000160000180
WO-2160979,ASSET-00198,Preventive,,0,,000160000180
WO-2160980,ASSET-00198,Preventive,,0,,000160000180
WO-2160981,ASSET-00198,Preventive,,0,,000160000180
WO-2160982,ASSET-00198,Corrective,BEARING-FAILURE,173,522,000160000180
WO-2160983,ASSET-00198,Corrective,MOTOR-BURNOUT,177,489,000160000180
WO-2160984,ASSET-00199,Corrective,DIE-WEAR,148,716,000160000181
WO-2160985,ASSET-00199,Corrective,DIE-WEAR,33,1290,000160000181
WO-2160986,ASSET-00200,Preventive,,0,,000160000182
WO-2160987,ASSET-00200,Corrective,BELT-FAILURE,117,1173,000160000182
WO-2160988,ASSET-00200,Preventive,,0,,000160000182
WO-2160989,ASSET-00201,Corrective,DIE-WEAR,61,1827,000160000183
WO-2160990,ASSET-00201,Preventive,,0,,000160000183
WO-2160991,ASSET-00201,Corrective,SENSOR-FAULT,232,425,000160000183
WO-2160992,ASSET-00201,Corrective,SENSOR-FAULT,233,1664,000160000183
WO-2160993,ASSET-00201,Preventive,,0,,000160000183
WO-2160994,ASSET-00201,Preventive,,0,,000160000183
WO-2160995,ASSET-00201,Preventive,,0,,000160000183
WO-2160996,ASSET-00202,Corrective,PNEUMATIC-LEAK,169,1532,000160000184
WO-2160997,ASSET-00202,Preventive,,0,,000160000184
WO-2160998,ASSET-00202,Preventive,,0,,000160000184
WO-2160999,ASSET-00203,Corrective,SENSOR-FAULT,150,1766,000160000185
WO-2161000,ASSET-00203,Preventive,,0,,000160000185
WO-2161001,ASSET-00203,Preventive,,0,,000160000185
WO-2161002,ASSET-00203,Corrective,SPINDLE-SEIZURE,208,1817,000160000185
WO-2161003,ASSET-00204,Corrective,DIE-WEAR,183,595,000160000186
WO-2161004,ASSET-00204,Preventive,,0,,000160000186
WO-2161005,ASSET-00204,Preventive,,0,,000160000186
WO-2161006,ASSET-00204,Corrective,SENSOR-FAULT,171,640,000160000186
WO-2161007,ASSET-00205,Corrective,SPINDLE-SEIZURE,142,447,000160000187
WO-2161008,ASSET-00206,Preventive,,0,,000160000188
WO-2161009,ASSET-00207,Preventive,,0,,
WO-2161010,ASSET-00207,Corrective,BELT-FAILURE,67,288,
WO-2161011,ASSET-00208,Corrective,MOTOR-BURNOUT,154,689,000160000189
WO-2161012,ASSET-00208,Preventive,,0,,000160000189
WO-2161013,ASSET-00208,Preventive,,0,,000160000189
WO-2161014,ASSET-00208,Preventive,,0,,000160000189
WO-2161015,ASSET-00208,Emergency,SENSOR-FAULT,421,1436,000160000189
WO-2161016,ASSET-00208,Corrective,DIE-WEAR,109,1514,000160000189
WO-2161017,ASSET-00209,Corrective,BELT-FAILURE,100,1176,000160000190
WO-2161018,ASSET-00209,Corrective,PNEUMATIC-LEAK,34,339,000160000190
WO-2161019,ASSET-00209,Preventive,,0,,000160000190
WO-2161020,ASSET-00209,Preventive,,0,,000160000190
WO-2161021,ASSET-00209,Preventive,,0,,000160000190
WO-2161022,ASSET-00210,Preventive,,0,,000160000191
WO-2161023,ASSET-00210,Preventive,,0,,000160000191
WO-2161024,ASSET-00210,Preventive,,0,,000160000191
WO-2161025,ASSET-00210,Corrective,BEARING-FAILURE,186,1326,000160000191
WO-2161026,ASSET-00210,Preventive,,0,,000160000191
WO-2161027,ASSET-00211,Preventive,,0,,000160000192
WO-2161028,ASSET-00211,Corrective,CONTROLLER-FAULT,222,1546,000160000192
WO-2161029,ASSET-00211,Preventive,,0,,000160000192
WO-2161030,ASSET-00211,Emergency,MOTOR-BURNOUT,119,1358,000160000192
WO-2161031,ASSET-00211,Preventive,,0,,000160000192
WO-2161032,ASSET-00212,Corrective,SENSOR-FAULT,78,455,000160000193
WO-2161033,ASSET-00212,Corrective,MOTOR-BURNOUT,59,1562,000160000193
WO-2161034,ASSET-00212,Preventive,,0,,000160000193
WO-2161035,ASSET-00212,Preventive,,0,,000160000193
WO-2161036,ASSET-00212,Corrective,HYDRAULIC-LEAK,62,1175,000160000193
WO-2161037,ASSET-00212,Preventive,,0,,000160000193
WO-2161038,ASSET-00213,Corrective,SPINDLE-SEIZURE,72,1224,000160000194
WO-2161039,ASSET-00213,Preventive,,0,,000160000194
WO-2161040,ASSET-00213,Preventive,,0,,000160000194
WO-2161041,ASSET-00213,Emergency,SENSOR-FAULT,268,261,000160000194
WO-2161042,ASSET-00213,Corrective,HYDRAULIC-LEAK,130,1111,000160000194
WO-2161043,ASSET-00213,Preventive,,0,,000160000194
WO-2161044,ASSET-00214,Corrective,CALIBRATION-DRIFT,151,485,000160000195
WO-2161045,ASSET-00214,Preventive,,0,,000160000195
WO-2161046,ASSET-00215,Corrective,MOTOR-BURNOUT,165,809,000160000196
WO-2161047,ASSET-00215,Corrective,PNEUMATIC-LEAK,70,704,000160000196
WO-2161048,ASSET-00215,Preventive,,0,,000160000196
WO-2161049,ASSET-00215,Corrective,CALIBRATION-DRIFT,84,292,000160000196
WO-2161050,ASSET-00215,Preventive,,0,,000160000196
WO-2161051,ASSET-00216,Preventive,,0,,000160000197
WO-2161052,ASSET-00216,Preventive,,0,,000160000197
WO-2161053,ASSET-00216,Preventive,,0,,000160000197
WO-2161054,ASSET-00216,Corrective,CALIBRATION-DRIFT,42,1091,000160000197
WO-2161055,ASSET-00216,Corrective,DIE-WEAR,96,1259,000160000197
WO-2161056,ASSET-00217,Preventive,,0,,000160000198
WO-2161057,ASSET-00217,Corrective,MOTOR-BURNOUT,87,246,000160000198
WO-2161058,ASSET-00217,Corrective,DIE-WEAR,222,1348,000160000198
WO-2161059,ASSET-00217,Preventive,,0,,000160000198
WO-2161060,ASSET-00217,Corrective,BELT-FAILURE,232,1857,000160000198
WO-2161061,ASSET-00217,Corrective,MOTOR-BURNOUT,236,1038,000160000198
WO-2161062,ASSET-00217,Corrective,SENSOR-FAULT,136,1546,000160000198
WO-2161063,ASSET-00217,Preventive,,0,,000160000198
WO-2161064,ASSET-00217,Preventive,,0,,000160000198
WO-2161065,ASSET-00218,Corrective,SENSOR-FAULT,141,785,000160000199
WO-2161066,ASSET-00218,Corrective,SPINDLE-SEIZURE,160,522,000160000199
WO-2161067,ASSET-00218,Preventive,,0,,000160000199
WO-2161068,ASSET-00218,Corrective,DIE-WEAR,52,446,000160000199
WO-2161069,ASSET-00218,Preventive,,0,,000160000199
WO-2161070,ASSET-00218,Corrective,SENSOR-FAULT,124,1686,000160000199
WO-2161071,ASSET-00218,Preventive,,0,,000160000199
WO-2161072,ASSET-00219,Corrective,BELT-FAILURE,109,763,000160000200
WO-2161073,ASSET-00219,Preventive,,0,,000160000200
WO-2161074,ASSET-00219,Preventive,,0,,000160000200
WO-2161075,ASSET-00220,Preventive,,0,,000160000201
WO-2161076,ASSET-00220,Preventive,,0,,000160000201
WO-2161077,ASSET-00220,Preventive,,0,,000160000201
WO-2161078,ASSET-00220,Preventive,,0,,000160000201
WO-2161079,ASSET-00220,Emergency,BELT-FAILURE,99,1160,000160000201
WO-2161080,ASSET-00220,Corrective,SPINDLE-SEIZURE,186,1636,000160000201
WO-2161081,ASSET-00220,Preventive,,0,,000160000201
WO-2161082,ASSET-00221,Preventive,,0,,000160000202
WO-2161083,ASSET-00221,Corrective,SPINDLE-SEIZURE,230,1716,000160000202
WO-2161084,ASSET-00221,Corrective,CALIBRATION-DRIFT,204,1164,000160000202
WO-2161085,ASSET-00221,Preventive,,0,,000160000202
WO-2161086,ASSET-00222,Preventive,,0,,000160000203
WO-2161087,ASSET-00222,Preventive,,0,,000160000203
WO-2161088,ASSET-00222,Preventive,,0,,000160000203
WO-2161089,ASSET-00222,Preventive,,0,,000160000203
WO-2161090,ASSET-00222,Corrective,DIE-WEAR,231,220,000160000203
WO-2161091,ASSET-00223,Corrective,SPINDLE-SEIZURE,209,1977,000160000204
WO-2161092,ASSET-00223,Corrective,SPINDLE-SEIZURE,64,440,000160000204
WO-2161093,ASSET-00223,Preventive,,0,,000160000204
WO-2161094,ASSET-00223,Preventive,,0,,000160000204
WO-2161095,ASSET-00224,Corrective,CALIBRATION-DRIFT,106,930,000160000205
WO-2161096,ASSET-00224,Preventive,,0,,000160000205
WO-2161097,ASSET-00224,Preventive,,0,,000160000205
WO-2161098,ASSET-00225,Corrective,BEARING-FAILURE,139,812,
WO-2161099,ASSET-00226,Preventive,,0,,000160000206
WO-2161100,ASSET-00226,Preventive,,0,,000160000206
WO-2161101,ASSET-00226,Corrective,CALIBRATION-DRIFT,200,313,000160000206
WO-2161102,ASSET-00226,Corrective,SPINDLE-SEIZURE,75,875,000160000206
WO-2161103,ASSET-00227,Emergency,BELT-FAILURE,535,251,000160000207
WO-2161104,ASSET-00227,Preventive,,0,,000160000207
WO-2161105,ASSET-00227,Corrective,PNEUMATIC-LEAK,40,1128,000160000207
WO-2161106,ASSET-00227,Preventive,,0,,000160000207
WO-2161107,ASSET-00227,Preventive,,0,,000160000207
WO-2161108,ASSET-00227,Preventive,,0,,000160000207
WO-2161109,ASSET-00227,Emergency,SENSOR-FAULT,593,609,000160000207
WO-2161110,ASSET-00228,Preventive,,0,,000160000208
WO-2161111,ASSET-00228,Preventive,,0,,000160000208
WO-2161112,ASSET-00228,Corrective,MOTOR-BURNOUT,140,539,000160000208
WO-2161113,ASSET-00228,Corrective,CONTROLLER-FAULT,69,553,000160000208
WO-2161114,ASSET-00228,Preventive,,0,,000160000208
WO-2161115,ASSET-00229,Preventive,,0,,000160000209
WO-2161116,ASSET-00229,Corrective,SENSOR-FAULT,78,1640,000160000209
WO-2161117,ASSET-00229,Corrective,DIE-WEAR,161,1574,000160000209
WO-2161118,ASSET-00229,Preventive,,0,,000160000209
WO-2161119,ASSET-00229,Corrective,CALIBRATION-DRIFT,109,1247,000160000209
WO-2161120,ASSET-00229,Corrective,CALIBRATION-DRIFT,175,1210,000160000209
WO-2161121,ASSET-00229,Corrective,SPINDLE-SEIZURE,103,241,000160000209
WO-2161122,ASSET-00229,Corrective,SENSOR-FAULT,92,1679,000160000209
WO-2161123,ASSET-00229,Preventive,,0,,000160000209
WO-2161124,ASSET-00229,Corrective,CALIBRATION-DRIFT,131,1603,000160000209
WO-2161125,ASSET-00229,Corrective,BEARING-FAILURE,143,1583,000160000209
WO-2161126,ASSET-00230,Corrective,CONTROLLER-FAULT,109,906,000160000210
WO-2161127,ASSET-00230,Corrective,DIE-WEAR,72,1023,000160000210
WO-2161128,ASSET-00230,Corrective,CONTROLLER-FAULT,184,1641,000160000210
WO-2161129,ASSET-00231,Corrective,CONTROLLER-FAULT,47,1412,000160000211
WO-2161130,ASSET-00231,Emergency,BEARING-FAILURE,269,1723,000160000211
WO-2161131,ASSET-00231,Emergency,HYDRAULIC-LEAK,596,408,000160000211
WO-2161132,ASSET-00232,Preventive,,0,,000160000212
WO-2161133,ASSET-00232,Preventive,,0,,000160000212
WO-2161134,ASSET-00232,Preventive,,0,,000160000212
WO-2161135,ASSET-00232,Corrective,CALIBRATION-DRIFT,212,487,000160000212
WO-2161136,ASSET-00232,Emergency,DIE-WEAR,292,543,000160000212
WO-2161137,ASSET-00232,Preventive,,0,,000160000212
WO-2161138,ASSET-00233,Corrective,HYDRAULIC-LEAK,151,1676,000160000213
WO-2161139,ASSET-00233,Corrective,PNEUMATIC-LEAK,106,568,000160000213
WO-2161140,ASSET-00233,Preventive,,0,,000160000213
WO-2161141,ASSET-00233,Preventive,,0,,000160000213
WO-2161142,ASSET-00233,Preventive,,0,,000160000213
WO-2161143,ASSET-00234,Corrective,BEARING-FAILURE,164,844,000160000214
WO-2161144,ASSET-00234,Preventive,,0,,000160000214
WO-2161145,ASSET-00234,Preventive,,0,,000160000214
WO-2161146,ASSET-00234,Emergency,BELT-FAILURE,548,524,000160000214
WO-2161147,ASSET-00234,Corrective,DIE-WEAR,156,1920,000160000214
WO-2161148,ASSET-00234,Corrective,CONTROLLER-FAULT,170,1850,000160000214
WO-2161149,ASSET-00234,Preventive,,0,,000160000214
WO-2161150,ASSET-00235,Preventive,,0,,000160000215
WO-2161151,ASSET-00235,Preventive,,0,,000160000215
WO-2161152,ASSET-00235,Preventive,,0,,000160000215
WO-2161153,ASSET-00235,Preventive,,0,,000160000215
WO-2161154,ASSET-00236,Corrective,HYDRAULIC-LEAK,107,612,000160000216
WO-2161155,ASSET-00236,Corrective,CONTROLLER-FAULT,156,1377,000160000216
WO-2161156,ASSET-00236,Preventive,,0,,000160000216
WO-2161157,ASSET-00236,Preventive,,0,,000160000216
WO-2161158,ASSET-00236,Preventive,,0,,000160000216
WO-2161159,ASSET-00237,Corrective,MOTOR-BURNOUT,108,1283,000160000217
WO-2161160,ASSET-00237,Preventive,,0,,000160000217
WO-2161161,ASSET-00238,Corrective,PNEUMATIC-LEAK,222,1756,000160000218
WO-2161162,ASSET-00238,Preventive,,0,,000160000218
WO-2161163,ASSET-00238,Corrective,DIE-WEAR,117,224,000160000218
WO-2161164,ASSET-00238,Corrective,DIE-WEAR,57,999,000160000218
WO-2161165,ASSET-00238,Preventive,,0,,000160000218
WO-2161166,ASSET-00238,Preventive,,0,,000160000218
WO-2161167,ASSET-00239,Preventive,,0,,000160000219
WO-2161168,ASSET-00239,Emergency,CALIBRATION-DRIFT,591,567,000160000219
WO-2161169,ASSET-00239,Emergency,CALIBRATION-DRIFT,304,1200,000160000219
WO-2161170,ASSET-00239,Corrective,SPINDLE-SEIZURE,73,618,000160000219
WO-2161171,ASSET-00239,Corrective,BEARING-FAILURE,108,1675,000160000219
WO-2161172,ASSET-00240,Preventive,,0,,000160000220
WO-2161173,ASSET-00240,Preventive,,0,,000160000220
WO-2161174,ASSET-00240,Preventive,,0,,000160000220
WO-2161175,ASSET-00240,Corrective,BELT-FAILURE,231,1725,000160000220
WO-2161176,ASSET-00240,Corrective,BELT-FAILURE,65,1432,000160000220
WO-2161177,ASSET-00240,Emergency,PNEUMATIC-LEAK,573,259,000160000220
WO-2161178,ASSET-00240,Preventive,,0,,000160000220
WO-2161179,ASSET-00240,Preventive,,0,,000160000220
WO-2161180,ASSET-00241,Preventive,,0,,000160000221
WO-2161181,ASSET-00241,Corrective,BELT-FAILURE,95,1242,000160000221
WO-2161182,ASSET-00241,Preventive,,0,,000160000221
WO-2161183,ASSET-00241,Preventive,,0,,000160000221
WO-2161184,ASSET-00242,Preventive,,0,,000160000222
WO-2161185,ASSET-00242,Corrective,HYDRAULIC-LEAK,208,679,000160000222
WO-2161186,ASSET-00242,Preventive,,0,,000160000222
WO-2161187,ASSET-00242,Emergency,SENSOR-FAULT,329,1784,000160000222
WO-2161188,ASSET-00242,Emergency,BELT-FAILURE,461,1047,000160000222
WO-2161189,ASSET-00242,Corrective,MOTOR-BURNOUT,34,1502,000160000222
WO-2161190,ASSET-00243,Preventive,,0,,000160000223
WO-2161191,ASSET-00243,Preventive,,0,,000160000223
WO-2161192,ASSET-00243,Corrective,SPINDLE-SEIZURE,42,1838,000160000223
WO-2161193,ASSET-00243,Preventive,,0,,000160000223
WO-2161194,ASSET-00243,Emergency,CONTROLLER-FAULT,213,773,000160000223
WO-2161195,ASSET-00243,Preventive,,0,,000160000223
WO-2161196,ASSET-00243,Corrective,BELT-FAILURE,95,629,000160000223
WO-2161197,ASSET-00243,Preventive,,0,,000160000223
WO-2161198,ASSET-00244,Preventive,,0,,000160000224
WO-2161199,ASSET-00244,Preventive,,0,,000160000224
WO-2161200,ASSET-00244,Preventive,,0,,000160000224
WO-2161201,ASSET-00245,Corrective,DIE-WEAR,32,1590,000160000225
WO-2161202,ASSET-00245,Preventive,,0,,000160000225
WO-2161203,ASSET-00245,Preventive,,0,,000160000225
WO-2161204,ASSET-00245,Corrective,DIE-WEAR,189,970,000160000225
WO-2161205,ASSET-00245,Corrective,SENSOR-FAULT,109,1694,000160000225
WO-2161206,ASSET-00246,Preventive,,0,,000160000226
WO-2161207,ASSET-00246,Corrective,BELT-FAILURE,118,270,000160000226
WO-2161208,ASSET-00246,Corrective,MOTOR-BURNOUT,217,1752,000160000226
WO-2161209,ASSET-00246,Emergency,MOTOR-BURNOUT,260,1477,000160000226
WO-2161210,ASSET-00246,Corrective,CONTROLLER-FAULT,140,339,000160000226
WO-2161211,ASSET-00247,Preventive,,0,,000160000227
WO-2161212,ASSET-00247,Emergency,PNEUMATIC-LEAK,464,730,000160000227
WO-2161213,ASSET-00247,Preventive,,0,,000160000227
WO-2161214,ASSET-00247,Corrective,SPINDLE-SEIZURE,75,1355,000160000227
WO-2161215,ASSET-00248,Preventive,,0,,000160000228
WO-2161216,ASSET-00248,Corrective,SENSOR-FAULT,144,1460,000160000228
WO-2161217,ASSET-00248,Preventive,,0,,000160000228
WO-2161218,ASSET-00248,Preventive,,0,,000160000228
WO-2161219,ASSET-00249,Corrective,MOTOR-BURNOUT,114,1083,000160000229
WO-2161220,ASSET-00249,Preventive,,0,,000160000229
WO-2161221,ASSET-00249,Corrective,DIE-WEAR,237,321,000160000229
WO-2161222,ASSET-00249,Emergency,BELT-FAILURE,435,1340,000160000229
WO-2161223,ASSET-00249,Preventive,,0,,000160000229
WO-2161224,ASSET-00249,Preventive,,0,,000160000229
WO-2161225,ASSET-00249,Preventive,,0,,000160000229
WO-2161226,ASSET-00249,Emergency,MOTOR-BURNOUT,167,1214,000160000229
WO-2161227,ASSET-00250,Corrective,HYDRAULIC-LEAK,173,1695,000160000230
WO-2161228,ASSET-00250,Preventive,,0,,000160000230
WO-2161229,ASSET-00250,Preventive,,0,,000160000230
WO-2161230,ASSET-00251,Preventive,,0,,
WO-2161231,ASSET-00251,Emergency,SPINDLE-SEIZURE,490,1399,
WO-2161232,ASSET-00251,Preventive,,0,,
WO-2161233,ASSET-00251,Preventive,,0,,
WO-2161234,ASSET-00252,Preventive,,0,,000160000231
WO-2161235,ASSET-00252,Emergency,DIE-WEAR,198,1162,000160000231
WO-2161236,ASSET-00252,Emergency,BEARING-FAILURE,501,1606,000160000231
WO-2161237,ASSET-00252,Corrective,SPINDLE-SEIZURE,55,511,000160000231
WO-2161238,ASSET-00252,Preventive,,0,,000160000231
WO-2161239,ASSET-00252,Preventive,,0,,000160000231
WO-2161240,ASSET-00252,Preventive,,0,,000160000231
WO-2161241,ASSET-00253,Corrective,BEARING-FAILURE,108,284,000160000232
WO-2161242,ASSET-00253,Corrective,BEARING-FAILURE,210,999,000160000232
WO-2161243,ASSET-00253,Emergency,PNEUMATIC-LEAK,546,998,000160000232
WO-2161244,ASSET-00253,Preventive,,0,,000160000232
WO-2161245,ASSET-00253,Preventive,,0,,000160000232
WO-2161246,ASSET-00253,Corrective,PNEUMATIC-LEAK,158,1210,000160000232
WO-2161247,ASSET-00253,Corrective,PNEUMATIC-LEAK,175,1179,000160000232
WO-2161248,ASSET-00254,Preventive,,0,,000160000233
WO-2161249,ASSET-00254,Preventive,,0,,000160000233
WO-2161250,ASSET-00254,Emergency,PNEUMATIC-LEAK,285,615,000160000233
WO-2161251,ASSET-00254,Preventive,,0,,000160000233
WO-2161252,ASSET-00254,Corrective,SPINDLE-SEIZURE,132,1484,000160000233
WO-2161253,ASSET-00254,Emergency,SENSOR-FAULT,77,960,000160000233
WO-2161254,ASSET-00255,Preventive,,0,,000160000234
WO-2161255,ASSET-00255,Emergency,MOTOR-BURNOUT,509,1514,000160000234
WO-2161256,ASSET-00255,Corrective,SENSOR-FAULT,56,1979,000160000234
WO-2161257,ASSET-00255,Emergency,PNEUMATIC-LEAK,490,953,000160000234
WO-2161258,ASSET-00255,Preventive,,0,,000160000234
WO-2161259,ASSET-00255,Corrective,BEARING-FAILURE,146,1199,000160000234
WO-2161260,ASSET-00255,Corrective,CONTROLLER-FAULT,88,686,000160000234
WO-2161261,ASSET-00255,Corrective,BELT-FAILURE,155,1443,000160000234
WO-2161262,ASSET-00255,Preventive,,0,,000160000234
WO-2161263,ASSET-00256,Preventive,,0,,000160000235
WO-2161264,ASSET-00256,Preventive,,0,,000160000235
WO-2161265,ASSET-00256,Corrective,CALIBRATION-DRIFT,190,1035,000160000235
WO-2161266,ASSET-00256,Corrective,BELT-FAILURE,86,1521,000160000235
WO-2161267,ASSET-00256,Corrective,CONTROLLER-FAULT,96,1744,000160000235
WO-2161268,ASSET-00256,Preventive,,0,,000160000235
WO-2161269,ASSET-00256,Corrective,HYDRAULIC-LEAK,136,1099,000160000235
WO-2161270,ASSET-00256,Preventive,,0,,000160000235
WO-2161271,ASSET-00257,Preventive,,0,,
WO-2161272,ASSET-00258,Corrective,HYDRAULIC-LEAK,203,1692,000160000236
WO-2161273,ASSET-00258,Emergency,SPINDLE-SEIZURE,313,1334,000160000236
WO-2161274,ASSET-00258,Corrective,CONTROLLER-FAULT,122,645,000160000236
WO-2161275,ASSET-00258,Preventive,,0,,000160000236
WO-2161276,ASSET-00258,Emergency,BELT-FAILURE,473,1946,000160000236
WO-2161277,ASSET-00259,Emergency,DIE-WEAR,513,936,000160000237
WO-2161278,ASSET-00259,Emergency,CONTROLLER-FAULT,501,308,000160000237
WO-2161279,ASSET-00259,Preventive,,0,,000160000237
WO-2161280,ASSET-00259,Corrective,MOTOR-BURNOUT,193,674,000160000237
WO-2161281,ASSET-00259,Corrective,CONTROLLER-FAULT,130,1696,000160000237
WO-2161282,ASSET-00259,Preventive,,0,,000160000237
WO-2161283,ASSET-00259,Preventive,,0,,000160000237
WO-2161284,ASSET-00259,Preventive,,0,,000160000237
WO-2161285,ASSET-00260,Emergency,BELT-FAILURE,570,1821,000160000238
WO-2161286,ASSET-00260,Corrective,SPINDLE-SEIZURE,133,1433,000160000238
WO-2161287,ASSET-00260,Preventive,,0,,000160000238
WO-2161288,ASSET-00260,Preventive,,0,,000160000238
WO-2161289,ASSET-00261,Preventive,,0,,000160000239
WO-2161290,ASSET-00261,Preventive,,0,,000160000239
WO-2161291,ASSET-00261,Emergency,MOTOR-BURNOUT,105,1480,000160000239
WO-2161292,ASSET-00261,Preventive,,0,,000160000239
WO-2161293,ASSET-00261,Corrective,MOTOR-BURNOUT,186,1403,000160000239
WO-2161294,ASSET-00261,Preventive,,0,,000160000239
WO-2161295,ASSET-00261,Preventive,,0,,000160000239
WO-2161296,ASSET-00262,Corrective,SPINDLE-SEIZURE,155,1007,000160000240
WO-2161297,ASSET-00262,Corrective,SPINDLE-SEIZURE,133,262,000160000240
WO-2161298,ASSET-00262,Preventive,,0,,000160000240
WO-2161299,ASSET-00262,Emergency,BEARING-FAILURE,600,815,000160000240
WO-2161300,ASSET-00262,Preventive,,0,,000160000240
WO-2161301,ASSET-00262,Preventive,,0,,000160000240
WO-2161302,ASSET-00263,Corrective,CALIBRATION-DRIFT,70,1128,000160000241
WO-2161303,ASSET-00263,Preventive,,0,,000160000241
WO-2161304,ASSET-00263,Emergency,SPINDLE-SEIZURE,382,908,000160000241
WO-2161305,ASSET-00263,Preventive,,0,,000160000241
WO-2161306,ASSET-00263,Preventive,,0,,000160000241
WO-2161307,ASSET-00263,Corrective,CONTROLLER-FAULT,143,241,000160000241
WO-2161308,ASSET-00264,Corrective,DIE-WEAR,116,983,000160000242
WO-2161309,ASSET-00264,Corrective,CALIBRATION-DRIFT,42,464,000160000242
WO-2161310,ASSET-00264,Emergency,DIE-WEAR,66,695,000160000242
WO-2161311,ASSET-00265,Preventive,,0,,000160000243
WO-2161312,ASSET-00265,Preventive,,0,,000160000243
WO-2161313,ASSET-00265,Preventive,,0,,000160000243
WO-2161314,ASSET-00265,Corrective,DIE-WEAR,219,411,000160000243
WO-2161315,ASSET-00265,Preventive,,0,,000160000243
WO-2161316,ASSET-00265,Corrective,CALIBRATION-DRIFT,34,973,000160000243
WO-2161317,ASSET-00265,Emergency,CALIBRATION-DRIFT,491,786,000160000243
WO-2161318,ASSET-00265,Preventive,,0,,000160000243
WO-2161319,ASSET-00265,Corrective,CONTROLLER-FAULT,205,1655,000160000243
WO-2161320,ASSET-00266,Preventive,,0,,000160000244
WO-2161321,ASSET-00266,Emergency,CALIBRATION-DRIFT,280,860,000160000244
WO-2161322,ASSET-00267,Corrective,DIE-WEAR,208,247,
WO-2161323,ASSET-00267,Preventive,,0,,
WO-2161324,ASSET-00267,Corrective,PNEUMATIC-LEAK,89,603,
WO-2161325,ASSET-00267,Preventive,,0,,
WO-2161326,ASSET-00267,Preventive,,0,,
WO-2161327,ASSET-00267,Preventive,,0,,
WO-2161328,ASSET-00267,Corrective,BELT-FAILURE,105,1533,
WO-2161329,ASSET-00267,Preventive,,0,,
WO-2161330,ASSET-00267,Preventive,,0,,
WO-2161331,ASSET-00268,Preventive,,0,,000160000245
WO-2161332,ASSET-00268,Preventive,,0,,000160000245
WO-2161333,ASSET-00268,Preventive,,0,,000160000245
WO-2161334,ASSET-00269,Corrective,PNEUMATIC-LEAK,101,860,000160000246
WO-2161335,ASSET-00269,Corrective,PNEUMATIC-LEAK,44,443,000160000246
WO-2161336,ASSET-00269,Preventive,,0,,000160000246
WO-2161337,ASSET-00269,Preventive,,0,,000160000246
WO-2161338,ASSET-00269,Corrective,CALIBRATION-DRIFT,237,451,000160000246
WO-2161339,ASSET-00270,Emergency,HYDRAULIC-LEAK,274,323,000160000247
WO-2161340,ASSET-00270,Preventive,,0,,000160000247
WO-2161341,ASSET-00270,Corrective,PNEUMATIC-LEAK,239,1256,000160000247
WO-2161342,ASSET-00270,Corrective,DIE-WEAR,67,984,000160000247
WO-2161343,ASSET-00270,Preventive,,0,,000160000247
WO-2161344,ASSET-00270,Preventive,,0,,000160000247
WO-2161345,ASSET-00270,Corrective,CONTROLLER-FAULT,227,358,000160000247
WO-2161346,ASSET-00270,Preventive,,0,,000160000247
WO-2161347,ASSET-00271,Emergency,SPINDLE-SEIZURE,493,1464,000160000248
WO-2161348,ASSET-00271,Corrective,CONTROLLER-FAULT,74,1382,000160000248
WO-2161349,ASSET-00271,Corrective,BELT-FAILURE,67,229,000160000248
WO-2161350,ASSET-00271,Corrective,DIE-WEAR,132,1569,000160000248
WO-2161351,ASSET-00271,Preventive,,0,,000160000248
WO-2161352,ASSET-00271,Corrective,CALIBRATION-DRIFT,71,868,000160000248
WO-2161353,ASSET-00271,Emergency,DIE-WEAR,303,359,000160000248
WO-2161354,ASSET-00271,Preventive,,0,,000160000248
WO-2161355,ASSET-00271,Preventive,,0,,000160000248
WO-2161356,ASSET-00272,Emergency,DIE-WEAR,401,1582,000160000249
WO-2161357,ASSET-00272,Preventive,,0,,000160000249
WO-2161358,ASSET-00272,Corrective,HYDRAULIC-LEAK,126,575,000160000249
WO-2161359,ASSET-00272,Emergency,DIE-WEAR,311,1476,000160000249
WO-2161360,ASSET-00272,Preventive,,0,,000160000249
WO-2161361,ASSET-00272,Preventive,,0,,000160000249
WO-2161362,ASSET-00272,Corrective,SPINDLE-SEIZURE,67,1364,000160000249
WO-2161363,ASSET-00273,Preventive,,0,,000160000250
WO-2161364,ASSET-00273,Emergency,MOTOR-BURNOUT,245,1933,000160000250
WO-2161365,ASSET-00273,Preventive,,0,,000160000250
WO-2161366,ASSET-00273,Preventive,,0,,000160000250
WO-2161367,ASSET-00273,Preventive,,0,,000160000250
WO-2161368,ASSET-00273,Preventive,,0,,000160000250
WO-2161369,ASSET-00273,Preventive,,0,,000160000250
WO-2161370,ASSET-00274,Corrective,HYDRAULIC-LEAK,54,1245,000160000251
WO-2161371,ASSET-00274,Preventive,,0,,000160000251
WO-2161372,ASSET-00274,Corrective,BELT-FAILURE,184,1026,000160000251
WO-2161373,ASSET-00274,Preventive,,0,,000160000251
WO-2161374,ASSET-00275,Corrective,CONTROLLER-FAULT,222,779,000160000252
WO-2161375,ASSET-00275,Preventive,,0,,000160000252
WO-2161376,ASSET-00275,Corrective,PNEUMATIC-LEAK,119,714,000160000252
WO-2161377,ASSET-00276,Preventive,,0,,000160000253
WO-2161378,ASSET-00276,Preventive,,0,,000160000253
WO-2161379,ASSET-00276,Preventive,,0,,000160000253
WO-2161380,ASSET-00276,Emergency,PNEUMATIC-LEAK,500,834,000160000253
WO-2161381,ASSET-00277,Corrective,BELT-FAILURE,59,355,000160000254
WO-2161382,ASSET-00277,Corrective,BELT-FAILURE,119,1511,000160000254
WO-2161383,ASSET-00277,Corrective,BELT-FAILURE,137,273,000160000254
WO-2161384,ASSET-00277,Corrective,DIE-WEAR,126,912,000160000254
WO-2161385,ASSET-00277,Corrective,HYDRAULIC-LEAK,150,451,000160000254
WO-2161386,ASSET-00277,Corrective,SENSOR-FAULT,130,352,000160000254
WO-2161387,ASSET-00278,Preventive,,0,,000160000255
WO-2161388,ASSET-00278,Corrective,CALIBRATION-DRIFT,197,1763,000160000255
WO-2161389,ASSET-00278,Corrective,BEARING-FAILURE,55,710,000160000255
WO-2161390,ASSET-00278,Corrective,BELT-FAILURE,226,1948,000160000255
WO-2161391,ASSET-00278,Corrective,BELT-FAILURE,34,1250,000160000255
WO-2161392,ASSET-00278,Preventive,,0,,000160000255
WO-2161393,ASSET-00279,Preventive,,0,,000160000256
WO-2161394,ASSET-00280,Preventive,,0,,000160000257
WO-2161395,ASSET-00280,Preventive,,0,,000160000257
WO-2161396,ASSET-00280,Preventive,,0,,000160000257
WO-2161397,ASSET-00280,Corrective,CONTROLLER-FAULT,173,665,000160000257
WO-2161398,ASSET-00281,Preventive,,0,,000160000258
WO-2161399,ASSET-00281,Preventive,,0,,000160000258
WO-2161400,ASSET-00281,Corrective,PNEUMATIC-LEAK,44,1124,000160000258
WO-2161401,ASSET-00281,Corrective,MOTOR-BURNOUT,180,1255,000160000258
WO-2161402,ASSET-00281,Preventive,,0,,000160000258
WO-2161403,ASSET-00281,Preventive,,0,,000160000258
WO-2161404,ASSET-00281,Corrective,PNEUMATIC-LEAK,121,1074,000160000258
WO-2161405,ASSET-00281,Corrective,PNEUMATIC-LEAK,30,354,000160000258
WO-2161406,ASSET-00282,Preventive,,0,,000160000259
WO-2161407,ASSET-00282,Preventive,,0,,000160000259
WO-2161408,ASSET-00282,Corrective,BELT-FAILURE,224,1402,000160000259
WO-2161409,ASSET-00282,Preventive,,0,,000160000259
WO-2161410,ASSET-00282,Corrective,SPINDLE-SEIZURE,33,535,000160000259
WO-2161411,ASSET-00283,Emergency,PNEUMATIC-LEAK,154,446,000160000260
WO-2161412,ASSET-00283,Emergency,PNEUMATIC-LEAK,409,1707,000160000260
WO-2161413,ASSET-00283,Corrective,CONTROLLER-FAULT,86,1722,000160000260
WO-2161414,ASSET-00283,Corrective,BEARING-FAILURE,219,1518,000160000260
WO-2161415,ASSET-00283,Preventive,,0,,000160000260
WO-2161416,ASSET-00283,Corrective,CALIBRATION-DRIFT,218,439,000160000260
WO-2161417,ASSET-00283,Emergency,PNEUMATIC-LEAK,452,495,000160000260
WO-2161418,ASSET-00284,Preventive,,0,,000160000261
WO-2161419,ASSET-00284,Corrective,PNEUMATIC-LEAK,150,1380,000160000261
WO-2161420,ASSET-00284,Preventive,,0,,000160000261
WO-2161421,ASSET-00285,Preventive,,0,,000160000262
WO-2161422,ASSET-00285,Preventive,,0,,000160000262
WO-2161423,ASSET-00285,Preventive,,0,,000160000262
WO-2161424,ASSET-00285,Preventive,,0,,000160000262
WO-2161425,ASSET-00285,Preventive,,0,,000160000262
WO-2161426,ASSET-00285,Preventive,,0,,000160000262
WO-2161427,ASSET-00285,Preventive,,0,,000160000262
WO-2161428,ASSET-00285,Preventive,,0,,000160000262
WO-2161429,ASSET-00286,Corrective,HYDRAULIC-LEAK,154,957,000160000263
WO-2161430,ASSET-00286,Corrective,SPINDLE-SEIZURE,216,511,000160000263
WO-2161431,ASSET-00286,Preventive,,0,,000160000263
WO-2161432,ASSET-00286,Corrective,BELT-FAILURE,231,665,000160000263
WO-2161433,ASSET-00286,Emergency,PNEUMATIC-LEAK,580,745,000160000263
WO-2161434,ASSET-00286,Corrective,BEARING-FAILURE,125,1113,000160000263
WO-2161435,ASSET-00286,Corrective,SPINDLE-SEIZURE,230,1266,000160000263
WO-2161436,ASSET-00286,Preventive,,0,,000160000263
WO-2161437,ASSET-00287,Preventive,,0,,000160000264
WO-2161438,ASSET-00287,Preventive,,0,,000160000264
WO-2161439,ASSET-00287,Preventive,,0,,000160000264
WO-2161440,ASSET-00287,Preventive,,0,,000160000264
WO-2161441,ASSET-00287,Corrective,PNEUMATIC-LEAK,156,1334,000160000264
WO-2161442,ASSET-00288,Preventive,,0,,000160000265
WO-2161443,ASSET-00288,Preventive,,0,,000160000265
WO-2161444,ASSET-00288,Preventive,,0,,000160000265
WO-2161445,ASSET-00289,Preventive,,0,,000160000266
WO-2161446,ASSET-00289,Preventive,,0,,000160000266
WO-2161447,ASSET-00289,Corrective,DIE-WEAR,93,1671,000160000266
WO-2161448,ASSET-00289,Preventive,,0,,000160000266
WO-2161449,ASSET-00289,Preventive,,0,,000160000266
WO-2161450,ASSET-00290,Preventive,,0,,
WO-2161451,ASSET-00290,Preventive,,0,,
WO-2161452,ASSET-00290,Corrective,MOTOR-BURNOUT,98,995,
WO-2161453,ASSET-00290,Preventive,,0,,
WO-2161454,ASSET-00291,Preventive,,0,,000160000267
WO-2161455,ASSET-00291,Corrective,SENSOR-FAULT,61,1516,000160000267
WO-2161456,ASSET-00291,Preventive,,0,,000160000267
WO-2161457,ASSET-00291,Preventive,,0,,000160000267
WO-2161458,ASSET-00292,Preventive,,0,,000160000268
WO-2161459,ASSET-00292,Preventive,,0,,000160000268
WO-2161460,ASSET-00292,Emergency,DIE-WEAR,436,1147,000160000268
WO-2161461,ASSET-00293,Preventive,,0,,000160000269
WO-2161462,ASSET-00293,Preventive,,0,,000160000269
WO-2161463,ASSET-00293,Corrective,SPINDLE-SEIZURE,69,1251,000160000269
WO-2161464,ASSET-00293,Corrective,BEARING-FAILURE,166,962,000160000269
WO-2161465,ASSET-00293,Corrective,PNEUMATIC-LEAK,131,384,000160000269
WO-2161466,ASSET-00294,Preventive,,0,,000160000271
WO-2161467,ASSET-00294,Corrective,CALIBRATION-DRIFT,169,1367,000160000271
WO-2161468,ASSET-00294,Preventive,,0,,000160000271
WO-2161469,ASSET-00294,Preventive,,0,,000160000271
WO-2161470,ASSET-00295,Corrective,BELT-FAILURE,87,376,000160000272
WO-2161471,ASSET-00295,Corrective,CALIBRATION-DRIFT,127,374,000160000272
WO-2161472,ASSET-00295,Corrective,PNEUMATIC-LEAK,146,1131,000160000272
WO-2161473,ASSET-00295,Preventive,,0,,000160000272
WO-2161474,ASSET-00295,Preventive,,0,,000160000272
WO-2161475,ASSET-00295,Preventive,,0,,000160000272
WO-2161476,ASSET-00295,Preventive,,0,,000160000272
WO-2161477,ASSET-00295,Corrective,CALIBRATION-DRIFT,199,1023,000160000272
WO-2161478,ASSET-00296,Preventive,,0,,000160000273
WO-2161479,ASSET-00296,Preventive,,0,,000160000273
WO-2161480,ASSET-00296,Corrective,BELT-FAILURE,78,907,000160000273
WO-2161481,ASSET-00297,Emergency,SPINDLE-SEIZURE,252,1791,000160000274
WO-2161482,ASSET-00297,Corrective,SENSOR-FAULT,174,1479,000160000274
WO-2161483,ASSET-00297,Corrective,PNEUMATIC-LEAK,192,682,000160000274
WO-2161484,ASSET-00297,Preventive,,0,,000160000274
WO-2161485,ASSET-00297,Corrective,CONTROLLER-FAULT,145,846,000160000274
WO-2161486,ASSET-00297,Preventive,,0,,000160000274
WO-2161487,ASSET-00297,Preventive,,0,,000160000274
WO-2161488,ASSET-00297,Corrective,SPINDLE-SEIZURE,185,1238,000160000274
WO-2161489,ASSET-00298,Emergency,CONTROLLER-FAULT,595,1650,000160000275
WO-2161490,ASSET-00298,Corrective,SENSOR-FAULT,230,233,000160000275
WO-2161491,ASSET-00298,Preventive,,0,,000160000275
WO-2161492,ASSET-00298,Preventive,,0,,000160000275
WO-2161493,ASSET-00298,Preventive,,0,,000160000275
WO-2161494,ASSET-00298,Preventive,,0,,000160000275
WO-2161495,ASSET-00298,Corrective,HYDRAULIC-LEAK,211,1627,000160000275
WO-2161496,ASSET-00298,Corrective,CALIBRATION-DRIFT,222,453,000160000275
WO-2161497,ASSET-00298,Preventive,,0,,000160000275
WO-2161498,ASSET-00299,Preventive,,0,,000160000276
WO-2161499,ASSET-00299,Preventive,,0,,000160000276
WO-2161500,ASSET-00299,Preventive,,0,,000160000276
WO-2161501,ASSET-00299,Corrective,SPINDLE-SEIZURE,202,270,000160000276
WO-2161502,ASSET-00299,Preventive,,0,,000160000276
WO-2161503,ASSET-00300,Preventive,,0,,000160000277
WO-2161504,ASSET-00300,Preventive,,0,,000160000277
WO-2161505,ASSET-00300,Preventive,,0,,000160000277
WO-2161506,ASSET-00300,Corrective,DIE-WEAR,47,429,000160000277
WO-2161507,ASSET-00301,Preventive,,0,,000160000278
WO-2161508,ASSET-00301,Preventive,,0,,000160000278
WO-2161509,ASSET-00301,Preventive,,0,,000160000278
WO-2161510,ASSET-00301,Emergency,BEARING-FAILURE,132,313,000160000278
WO-2161511,ASSET-00301,Corrective,SPINDLE-SEIZURE,209,1150,000160000278
WO-2161512,ASSET-00302,Preventive,,0,,000160000279
WO-2161513,ASSET-00302,Preventive,,0,,000160000279
WO-2161514,ASSET-00302,Emergency,SPINDLE-SEIZURE,405,267,000160000279
WO-2161515,ASSET-00302,Corrective,CALIBRATION-DRIFT,205,654,000160000279
WO-2161516,ASSET-00303,Preventive,,0,,
WO-2161517,ASSET-00303,Preventive,,0,,
WO-2161518,ASSET-00303,Preventive,,0,,
WO-2161519,ASSET-00303,Preventive,,0,,
WO-2161520,ASSET-00303,Preventive,,0,,
WO-2161521,ASSET-00304,Preventive,,0,,000160000280
WO-2161522,ASSET-00304,Emergency,CONTROLLER-FAULT,447,1263,000160000280
WO-2161523,ASSET-00304,Preventive,,0,,000160000280
WO-2161524,ASSET-00304,Preventive,,0,,000160000280
WO-2161525,ASSET-00304,Corrective,SENSOR-FAULT,49,1043,000160000280
WO-2161526,ASSET-00305,Corrective,BEARING-FAILURE,160,970,000160000281
WO-2161527,ASSET-00305,Preventive,,0,,000160000281
WO-2161528,ASSET-00305,Corrective,BEARING-FAILURE,50,1146,000160000281
WO-2161529,ASSET-00305,Corrective,SPINDLE-SEIZURE,40,1671,000160000281
WO-2161530,ASSET-00305,Corrective,PNEUMATIC-LEAK,226,890,000160000281
WO-2161531,ASSET-00305,Corrective,SENSOR-FAULT,65,966,000160000281
WO-2161532,ASSET-00305,Corrective,BEARING-FAILURE,198,1127,000160000281
WO-2161533,ASSET-00306,Preventive,,0,,000160000282
WO-2161534,ASSET-00306,Corrective,DIE-WEAR,75,273,000160000282
WO-2161535,ASSET-00306,Corrective,PNEUMATIC-LEAK,147,1815,000160000282
WO-2161536,ASSET-00306,Corrective,BEARING-FAILURE,175,383,000160000282
WO-2161537,ASSET-00306,Preventive,,0,,000160000282
WO-2161538,ASSET-00306,Corrective,SPINDLE-SEIZURE,33,1862,000160000282
WO-2161539,ASSET-00306,Emergency,CONTROLLER-FAULT,379,1931,000160000282
WO-2161540,ASSET-00306,Corrective,CONTROLLER-FAULT,100,323,000160000282
WO-2161541,ASSET-00307,Preventive,,0,,000160000283
WO-2161542,ASSET-00307,Emergency,SPINDLE-SEIZURE,364,1475,000160000283
WO-2161543,ASSET-00309,Corrective,SENSOR-FAULT,140,1253,000160000285
WO-2161544,ASSET-00309,Preventive,,0,,000160000285
WO-2161545,ASSET-00309,Preventive,,0,,000160000285
WO-2161546,ASSET-00309,Preventive,,0,,000160000285
WO-2161547,ASSET-00310,Corrective,SPINDLE-SEIZURE,101,982,000160000286
WO-2161548,ASSET-00310,Preventive,,0,,000160000286
WO-2161549,ASSET-00310,Corrective,SENSOR-FAULT,111,1227,000160000286
WO-2161550,ASSET-00310,Corrective,BEARING-FAILURE,89,1344,000160000286
WO-2161551,ASSET-00310,Emergency,SENSOR-FAULT,379,223,000160000286
WO-2161552,ASSET-00310,Corrective,SENSOR-FAULT,42,372,000160000286
WO-2161553,ASSET-00310,Corrective,BEARING-FAILURE,125,1024,000160000286
WO-2161554,ASSET-00310,Preventive,,0,,000160000286
WO-2161555,ASSET-00310,Preventive,,0,,000160000286
WO-2161556,ASSET-00310,Emergency,BELT-FAILURE,137,350,000160000286
WO-2161557,ASSET-00310,Preventive,,0,,000160000286
WO-2161558,ASSET-00311,Preventive,,0,,000160000287
WO-2161559,ASSET-00311,Preventive,,0,,000160000287
WO-2161560,ASSET-00311,Preventive,,0,,000160000287
WO-2161561,ASSET-00312,Preventive,,0,,000160000288
WO-2161562,ASSET-00312,Corrective,SPINDLE-SEIZURE,187,246,000160000288
WO-2161563,ASSET-00312,Corrective,BEARING-FAILURE,196,1121,000160000288
WO-2161564,ASSET-00312,Corrective,HYDRAULIC-LEAK,234,297,000160000288
WO-2161565,ASSET-00313,Preventive,,0,,000160000289
WO-2161566,ASSET-00313,Corrective,SPINDLE-SEIZURE,211,1581,000160000289
WO-2161567,ASSET-00313,Corrective,DIE-WEAR,65,1167,000160000289
WO-2161568,ASSET-00313,Preventive,,0,,000160000289
WO-2161569,ASSET-00313,Preventive,,0,,000160000289
WO-2161570,ASSET-00314,Emergency,SENSOR-FAULT,397,1199,000160000290
WO-2161571,ASSET-00314,Corrective,SENSOR-FAULT,109,1089,000160000290
WO-2161572,ASSET-00314,Corrective,PNEUMATIC-LEAK,222,1318,000160000290
WO-2161573,ASSET-00314,Preventive,,0,,000160000290
WO-2161574,ASSET-00315,Emergency,BELT-FAILURE,89,375,000160000291
WO-2161575,ASSET-00315,Corrective,BEARING-FAILURE,61,1091,000160000291
WO-2161576,ASSET-00315,Preventive,,0,,000160000291
WO-2161577,ASSET-00315,Emergency,BEARING-FAILURE,358,1535,000160000291
WO-2161578,ASSET-00315,Corrective,CALIBRATION-DRIFT,230,991,000160000291
WO-2161579,ASSET-00315,Preventive,,0,,000160000291
WO-2161580,ASSET-00315,Corrective,PNEUMATIC-LEAK,118,629,000160000291
WO-2161581,ASSET-00315,Emergency,BEARING-FAILURE,398,889,000160000291
WO-2161582,ASSET-00316,Corrective,PNEUMATIC-LEAK,61,537,000160000292
WO-2161583,ASSET-00316,Preventive,,0,,000160000292
WO-2161584,ASSET-00316,Preventive,,0,,000160000292
WO-2161585,ASSET-00316,Corrective,BEARING-FAILURE,191,908,000160000292
WO-2161586,ASSET-00317,Preventive,,0,,000160000293
WO-2161587,ASSET-00317,Corrective,DIE-WEAR,146,446,000160000293
WO-2161588,ASSET-00317,Preventive,,0,,000160000293
WO-2161589,ASSET-00317,Emergency,PNEUMATIC-LEAK,327,1501,000160000293
WO-2161590,ASSET-00317,Corrective,SENSOR-FAULT,118,573,000160000293
WO-2161591,ASSET-00317,Corrective,HYDRAULIC-LEAK,67,376,000160000293
WO-2161592,ASSET-00317,Preventive,,0,,000160000293
WO-2161593,ASSET-00317,Preventive,,0,,000160000293
WO-2161594,ASSET-00318,Preventive,,0,,000160000294
WO-2161595,ASSET-00318,Corrective,SENSOR-FAULT,86,949,000160000294
WO-2161596,ASSET-00318,Preventive,,0,,000160000294
WO-2161597,ASSET-00318,Preventive,,0,,000160000294
WO-2161598,ASSET-00318,Corrective,PNEUMATIC-LEAK,190,1707,000160000294
WO-2161599,ASSET-00319,Corrective,BEARING-FAILURE,240,1460,
WO-2161600,ASSET-00319,Preventive,,0,,
WO-2161601,ASSET-00319,Preventive,,0,,
WO-2161602,ASSET-00319,Preventive,,0,,
WO-2161603,ASSET-00319,Preventive,,0,,
WO-2161604,ASSET-00319,Corrective,SPINDLE-SEIZURE,134,1267,
WO-2161605,ASSET-00319,Corrective,BEARING-FAILURE,116,1777,
WO-2161606,ASSET-00320,Preventive,,0,,000160000295
WO-2161607,ASSET-00321,Preventive,,0,,000160000296
WO-2161608,ASSET-00321,Preventive,,0,,000160000296
WO-2161609,ASSET-00321,Preventive,,0,,000160000296
WO-2161610,ASSET-00322,Corrective,BELT-FAILURE,132,1462,000160000297
WO-2161611,ASSET-00322,Corrective,SPINDLE-SEIZURE,84,503,000160000297
WO-2161612,ASSET-00322,Preventive,,0,,000160000297
WO-2161613,ASSET-00322,Preventive,,0,,000160000297
WO-2161614,ASSET-00322,Preventive,,0,,000160000297
WO-2161615,ASSET-00322,Emergency,DIE-WEAR,576,1257,000160000297
WO-2161616,ASSET-00323,Corrective,CALIBRATION-DRIFT,103,1376,000160000298
WO-2161617,ASSET-00323,Preventive,,0,,000160000298
WO-2161618,ASSET-00323,Corrective,BEARING-FAILURE,215,1534,000160000298
WO-2161619,ASSET-00323,Preventive,,0,,000160000298
WO-2161620,ASSET-00323,Preventive,,0,,000160000298
WO-2161621,ASSET-00324,Corrective,BELT-FAILURE,105,1129,000160000299
WO-2161622,ASSET-00324,Preventive,,0,,000160000299
WO-2161623,ASSET-00324,Preventive,,0,,000160000299
WO-2161624,ASSET-00324,Emergency,CONTROLLER-FAULT,420,579,000160000299
WO-2161625,ASSET-00324,Emergency,HYDRAULIC-LEAK,383,856,000160000299
WO-2161626,ASSET-00324,Preventive,,0,,000160000299
WO-2161627,ASSET-00324,Corrective,SENSOR-FAULT,158,1067,000160000299
WO-2161628,ASSET-00324,Preventive,,0,,000160000299
WO-2161629,ASSET-00324,Preventive,,0,,000160000299
WO-2161630,ASSET-00325,Corrective,SPINDLE-SEIZURE,33,211,000160000300
WO-2161631,ASSET-00325,Corrective,MOTOR-BURNOUT,203,260,000160000300
WO-2161632,ASSET-00325,Preventive,,0,,000160000300
WO-2161633,ASSET-00325,Corrective,CONTROLLER-FAULT,188,1385,000160000300
WO-2161634,ASSET-00325,Corrective,DIE-WEAR,240,874,000160000300
WO-2161635,ASSET-00326,Emergency,BELT-FAILURE,90,1663,000160000301
WO-2161636,ASSET-00326,Corrective,MOTOR-BURNOUT,43,1409,000160000301
WO-2161637,ASSET-00326,Preventive,,0,,000160000301
WO-2161638,ASSET-00326,Emergency,HYDRAULIC-LEAK,149,1568,000160000301
WO-2161639,ASSET-00326,Emergency,SPINDLE-SEIZURE,158,295,000160000301
WO-2161640,ASSET-00326,Corrective,BELT-FAILURE,92,1080,000160000301
WO-2161641,ASSET-00326,Preventive,,0,,000160000301
WO-2161642,ASSET-00327,Corrective,BELT-FAILURE,130,1387,000160000302
WO-2161643,ASSET-00327,Corrective,PNEUMATIC-LEAK,175,1391,000160000302
WO-2161644,ASSET-00327,Corrective,BELT-FAILURE,61,1013,000160000302
WO-2161645,ASSET-00327,Emergency,BELT-FAILURE,401,497,000160000302
WO-2161646,ASSET-00327,Emergency,SENSOR-FAULT,506,299,000160000302
WO-2161647,ASSET-00327,Corrective,SPINDLE-SEIZURE,91,917,000160000302
WO-2161648,ASSET-00328,Preventive,,0,,000160000303
WO-2161649,ASSET-00328,Corrective,BELT-FAILURE,64,1483,000160000303
WO-2161650,ASSET-00328,Preventive,,0,,000160000303
WO-2161651,ASSET-00328,Emergency,CALIBRATION-DRIFT,440,257,000160000303
WO-2161652,ASSET-00328,Preventive,,0,,000160000303
WO-2161653,ASSET-00329,Corrective,SENSOR-FAULT,232,226,000160000304
WO-2161654,ASSET-00329,Corrective,MOTOR-BURNOUT,208,1362,000160000304
WO-2161655,ASSET-00329,Corrective,BEARING-FAILURE,38,346,000160000304
WO-2161656,ASSET-00330,Preventive,,0,,000160000305
WO-2161657,ASSET-00330,Preventive,,0,,000160000305
WO-2161658,ASSET-00330,Corrective,PNEUMATIC-LEAK,198,1090,000160000305
WO-2161659,ASSET-00330,Preventive,,0,,000160000305
WO-2161660,ASSET-00330,Preventive,,0,,000160000305
WO-2161661,ASSET-00330,Corrective,SENSOR-FAULT,34,965,000160000305
WO-2161662,ASSET-00330,Preventive,,0,,000160000305
WO-2161663,ASSET-00330,Corrective,SPINDLE-SEIZURE,60,715,000160000305
WO-2161664,ASSET-00331,Preventive,,0,,000160000306
WO-2161665,ASSET-00331,Preventive,,0,,000160000306
WO-2161666,ASSET-00331,Preventive,,0,,000160000306
WO-2161667,ASSET-00331,Corrective,DIE-WEAR,79,574,000160000306
WO-2161668,ASSET-00331,Corrective,BELT-FAILURE,175,1348,000160000306
WO-2161669,ASSET-00331,Corrective,DIE-WEAR,195,1513,000160000306
WO-2161670,ASSET-00331,Corrective,SPINDLE-SEIZURE,207,1540,000160000306
WO-2161671,ASSET-00332,Preventive,,0,,000160000307
WO-2161672,ASSET-00332,Preventive,,0,,000160000307
WO-2161673,ASSET-00332,Preventive,,0,,000160000307
WO-2161674,ASSET-00332,Corrective,SENSOR-FAULT,99,1343,000160000307
WO-2161675,ASSET-00332,Preventive,,0,,000160000307
WO-2161676,ASSET-00332,Corrective,CALIBRATION-DRIFT,109,1353,000160000307
WO-2161677,ASSET-00332,Corrective,DIE-WEAR,148,1358,000160000307
WO-2161678,ASSET-00332,Corrective,CALIBRATION-DRIFT,137,468,000160000307
WO-2161679,ASSET-00333,Preventive,,0,,000160000308
WO-2161680,ASSET-00333,Preventive,,0,,000160000308
WO-2161681,ASSET-00333,Preventive,,0,,000160000308
WO-2161682,ASSET-00334,Preventive,,0,,000160000309
WO-2161683,ASSET-00334,Emergency,SPINDLE-SEIZURE,117,287,000160000309
WO-2161684,ASSET-00334,Corrective,SENSOR-FAULT,100,1654,000160000309
WO-2161685,ASSET-00334,Preventive,,0,,000160000309
WO-2161686,ASSET-00334,Preventive,,0,,000160000309
WO-2161687,ASSET-00334,Corrective,CONTROLLER-FAULT,127,1964,000160000309
WO-2161688,ASSET-00334,Preventive,,0,,000160000309
WO-2161689,ASSET-00335,Preventive,,0,,000160000310
WO-2161690,ASSET-00335,Preventive,,0,,000160000310
WO-2161691,ASSET-00335,Preventive,,0,,000160000310
WO-2161692,ASSET-00335,Corrective,MOTOR-BURNOUT,202,1684,000160000310
WO-2161693,ASSET-00336,Corrective,PNEUMATIC-LEAK,142,446,000160000311
WO-2161694,ASSET-00336,Preventive,,0,,000160000311
WO-2161695,ASSET-00336,Corrective,CONTROLLER-FAULT,95,726,000160000311
WO-2161696,ASSET-00336,Corrective,HYDRAULIC-LEAK,113,1506,000160000311
WO-2161697,ASSET-00336,Corrective,BELT-FAILURE,176,201,000160000311
WO-2161698,ASSET-00337,Preventive,,0,,000160000312
WO-2161699,ASSET-00337,Preventive,,0,,000160000312
WO-2161700,ASSET-00337,Corrective,BEARING-FAILURE,120,1886,000160000312
WO-2161701,ASSET-00337,Preventive,,0,,000160000312
WO-2161702,ASSET-00337,Corrective,BEARING-FAILURE,166,459,000160000312
WO-2161703,ASSET-00337,Preventive,,0,,000160000312
WO-2161704,ASSET-00337,Corrective,DIE-WEAR,220,1483,000160000312
WO-2161705,ASSET-00338,Emergency,CONTROLLER-FAULT,364,1843,000160000313
WO-2161706,ASSET-00338,Preventive,,0,,000160000313
WO-2161707,ASSET-00338,Corrective,CONTROLLER-FAULT,109,328,000160000313
WO-2161708,ASSET-00338,Corrective,CALIBRATION-DRIFT,240,992,000160000313
WO-2161709,ASSET-00338,Corrective,DIE-WEAR,183,1358,000160000313
WO-2161710,ASSET-00338,Corrective,DIE-WEAR,119,1253,000160000313
WO-2161711,ASSET-00339,Corrective,CONTROLLER-FAULT,119,746,000160000314
WO-2161712,ASSET-00339,Preventive,,0,,000160000314
WO-2161713,ASSET-00339,Preventive,,0,,000160000314
WO-2161714,ASSET-00339,Corrective,SENSOR-FAULT,207,1781,000160000314
WO-2161715,ASSET-00339,Preventive,,0,,000160000314
WO-2161716,ASSET-00340,Corrective,BELT-FAILURE,212,1113,000160000315
WO-2161717,ASSET-00340,Emergency,HYDRAULIC-LEAK,501,812,000160000315
WO-2161718,ASSET-00341,Preventive,,0,,000160000316
WO-2161719,ASSET-00341,Emergency,BEARING-FAILURE,135,1921,000160000316
WO-2161720,ASSET-00341,Preventive,,0,,000160000316
WO-2161721,ASSET-00341,Preventive,,0,,000160000316
WO-2161722,ASSET-00341,Emergency,BEARING-FAILURE,464,305,000160000316
WO-2161723,ASSET-00342,Emergency,SPINDLE-SEIZURE,182,1433,000160000317
WO-2161724,ASSET-00342,Corrective,SPINDLE-SEIZURE,82,1771,000160000317
WO-2161725,ASSET-00342,Preventive,,0,,000160000317
WO-2161726,ASSET-00342,Preventive,,0,,000160000317
WO-2161727,ASSET-00342,Preventive,,0,,000160000317
WO-2161728,ASSET-00342,Corrective,BEARING-FAILURE,71,232,000160000317
WO-2161729,ASSET-00343,Preventive,,0,,000160000318
WO-2161730,ASSET-00343,Preventive,,0,,000160000318
WO-2161731,ASSET-00343,Preventive,,0,,000160000318
WO-2161732,ASSET-00343,Emergency,SPINDLE-SEIZURE,552,340,000160000318
WO-2161733,ASSET-00344,Emergency,SPINDLE-SEIZURE,78,1601,000160000319
WO-2161734,ASSET-00344,Preventive,,0,,000160000319
WO-2161735,ASSET-00344,Emergency,BELT-FAILURE,449,781,000160000319
WO-2161736,ASSET-00344,Preventive,,0,,000160000319
WO-2161737,ASSET-00344,Preventive,,0,,000160000319
WO-2161738,ASSET-00344,Corrective,MOTOR-BURNOUT,40,963,000160000319
WO-2161739,ASSET-00344,Corrective,SPINDLE-SEIZURE,205,1177,000160000319
WO-2161740,ASSET-00345,Preventive,,0,,000160000320
WO-2161741,ASSET-00345,Emergency,HYDRAULIC-LEAK,246,975,000160000320
WO-2161742,ASSET-00345,Corrective,DIE-WEAR,235,210,000160000320
WO-2161743,ASSET-00345,Preventive,,0,,000160000320
WO-2161744,ASSET-00345,Corrective,MOTOR-BURNOUT,67,614,000160000320
WO-2161745,ASSET-00346,Emergency,MOTOR-BURNOUT,292,1824,000160000321
WO-2161746,ASSET-00346,Corrective,CALIBRATION-DRIFT,160,1862,000160000321
WO-2161747,ASSET-00347,Corrective,SPINDLE-SEIZURE,30,998,000160000322
WO-2161748,ASSET-00347,Corrective,DIE-WEAR,88,442,000160000322
WO-2161749,ASSET-00347,Preventive,,0,,000160000322
WO-2161750,ASSET-00347,Preventive,,0,,000160000322
WO-2161751,ASSET-00348,Corrective,SPINDLE-SEIZURE,220,1270,000160000323
WO-2161752,ASSET-00348,Emergency,MOTOR-BURNOUT,398,1632,000160000323
WO-2161753,ASSET-00348,Preventive,,0,,000160000323
WO-2161754,ASSET-00348,Emergency,CONTROLLER-FAULT,262,339,000160000323
WO-2161755,ASSET-00348,Corrective,BELT-FAILURE,161,940,000160000323
WO-2161756,ASSET-00348,Preventive,,0,,000160000323
WO-2161757,ASSET-00348,Preventive,,0,,000160000323
WO-2161758,ASSET-00349,Preventive,,0,,000160000324
WO-2161759,ASSET-00349,Preventive,,0,,000160000324
WO-2161760,ASSET-00349,Corrective,SPINDLE-SEIZURE,176,1475,000160000324
WO-2161761,ASSET-00350,Preventive,,0,,000160000325
WO-2161762,ASSET-00350,Preventive,,0,,000160000325
WO-2161763,ASSET-00350,Corrective,PNEUMATIC-LEAK,41,1114,000160000325
WO-2161764,ASSET-00350,Preventive,,0,,000160000325
WO-2161765,ASSET-00350,Preventive,,0,,000160000325
WO-2161766,ASSET-00351,Preventive,,0,,
WO-2161767,ASSET-00351,Corrective,SPINDLE-SEIZURE,76,1479,
WO-2161768,ASSET-00351,Preventive,,0,,
WO-2161769,ASSET-00351,Preventive,,0,,
WO-2161770,ASSET-00351,Preventive,,0,,
WO-2161771,ASSET-00351,Preventive,,0,,
WO-2161772,ASSET-00352,Preventive,,0,,000160000326
WO-2161773,ASSET-00352,Emergency,MOTOR-BURNOUT,139,1179,000160000326
WO-2161774,ASSET-00352,Corrective,PNEUMATIC-LEAK,218,744,000160000326
WO-2161775,ASSET-00352,Corrective,PNEUMATIC-LEAK,211,1484,000160000326
WO-2161776,ASSET-00352,Corrective,PNEUMATIC-LEAK,55,284,000160000326
WO-2161777,ASSET-00352,Preventive,,0,,000160000326
WO-2161778,ASSET-00353,Preventive,,0,,000160000327
WO-2161779,ASSET-00353,Emergency,SENSOR-FAULT,310,1937,000160000327
WO-2161780,ASSET-00353,Preventive,,0,,000160000327
WO-2161781,ASSET-00354,Preventive,,0,,000160000328
WO-2161782,ASSET-00354,Corrective,PNEUMATIC-LEAK,109,1295,000160000328
WO-2161783,ASSET-00354,Preventive,,0,,000160000328
WO-2161784,ASSET-00354,Preventive,,0,,000160000328
WO-2161785,ASSET-00354,Emergency,DIE-WEAR,207,1750,000160000328
WO-2161786,ASSET-00355,Preventive,,0,,000160000329
WO-2161787,ASSET-00355,Corrective,BELT-FAILURE,140,1351,000160000329
WO-2161788,ASSET-00355,Corrective,SENSOR-FAULT,83,1104,000160000329
WO-2161789,ASSET-00355,Preventive,,0,,000160000329
WO-2161790,ASSET-00355,Preventive,,0,,000160000329
WO-2161791,ASSET-00355,Preventive,,0,,000160000329
WO-2161792,ASSET-00356,Corrective,SPINDLE-SEIZURE,54,1148,000160000330
WO-2161793,ASSET-00356,Preventive,,0,,000160000330
WO-2161794,ASSET-00356,Preventive,,0,,000160000330
WO-2161795,ASSET-00357,Corrective,BEARING-FAILURE,166,605,000160000331
WO-2161796,ASSET-00357,Preventive,,0,,000160000331
WO-2161797,ASSET-00357,Emergency,PNEUMATIC-LEAK,257,1209,000160000331
WO-2161798,ASSET-00357,Emergency,DIE-WEAR,467,1145,000160000331
WO-2161799,ASSET-00357,Preventive,,0,,000160000331
WO-2161800,ASSET-00358,Emergency,HYDRAULIC-LEAK,295,250,000160000332
WO-2161801,ASSET-00358,Preventive,,0,,000160000332
WO-2161802,ASSET-00358,Corrective,CALIBRATION-DRIFT,147,726,000160000332
WO-2161803,ASSET-00358,Preventive,,0,,000160000332
WO-2161804,ASSET-00359,Preventive,,0,,000160000333
WO-2161805,ASSET-00359,Emergency,CONTROLLER-FAULT,394,798,000160000333
WO-2161806,ASSET-00359,Corrective,BEARING-FAILURE,114,1621,000160000333
WO-2161807,ASSET-00359,Emergency,DIE-WEAR,575,1451,000160000333
WO-2161808,ASSET-00359,Corrective,BEARING-FAILURE,169,384,000160000333
WO-2161809,ASSET-00359,Emergency,HYDRAULIC-LEAK,360,1134,000160000333
WO-2161810,ASSET-00359,Corrective,CALIBRATION-DRIFT,98,1046,000160000333
WO-2161811,ASSET-00360,Corrective,BEARING-FAILURE,200,354,000160000334
WO-2161812,ASSET-00360,Corrective,CALIBRATION-DRIFT,96,1105,000160000334
WO-2161813,ASSET-00360,Emergency,SENSOR-FAULT,182,870,000160000334
WO-2161814,ASSET-00360,Preventive,,0,,000160000334
WO-2161815,ASSET-00360,Corrective,BEARING-FAILURE,149,935,000160000334
WO-2161816,ASSET-00360,Corrective,MOTOR-BURNOUT,35,1026,000160000334
WO-2161817,ASSET-00360,Preventive,,0,,000160000334
WO-2161818,ASSET-00360,Preventive,,0,,000160000334
WO-2161819,ASSET-00361,Corrective,HYDRAULIC-LEAK,92,1857,000160000335
WO-2161820,ASSET-00361,Corrective,CONTROLLER-FAULT,171,703,000160000335
WO-2161821,ASSET-00361,Preventive,,0,,000160000335
WO-2161822,ASSET-00361,Preventive,,0,,000160000335
WO-2161823,ASSET-00362,Emergency,CALIBRATION-DRIFT,197,1709,000160000336
WO-2161824,ASSET-00362,Preventive,,0,,000160000336
WO-2161825,ASSET-00362,Preventive,,0,,000160000336
WO-2161826,ASSET-00362,Preventive,,0,,000160000336
WO-2161827,ASSET-00362,Corrective,SPINDLE-SEIZURE,156,1099,000160000336
WO-2161828,ASSET-00363,Corrective,PNEUMATIC-LEAK,168,998,000160000337
WO-2161829,ASSET-00363,Corrective,SPINDLE-SEIZURE,30,1260,000160000337
WO-2161830,ASSET-00363,Corrective,DIE-WEAR,39,641,000160000337
WO-2161831,ASSET-00363,Preventive,,0,,000160000337
WO-2161832,ASSET-00364,Corrective,BEARING-FAILURE,89,1304,000160000338
WO-2161833,ASSET-00364,Preventive,,0,,000160000338
WO-2161834,ASSET-00364,Corrective,BEARING-FAILURE,236,1348,000160000338
WO-2161835,ASSET-00364,Preventive,,0,,000160000338
WO-2161836,ASSET-00364,Preventive,,0,,000160000338
WO-2161837,ASSET-00364,Preventive,,0,,000160000338
WO-2161838,ASSET-00364,Corrective,CONTROLLER-FAULT,172,1430,000160000338
WO-2161839,ASSET-00365,Preventive,,0,,000160000339
WO-2161840,ASSET-00365,Preventive,,0,,000160000339
WO-2161841,ASSET-00365,Preventive,,0,,000160000339
WO-2161842,ASSET-00365,Emergency,BEARING-FAILURE,173,690,000160000339
WO-2161843,ASSET-00365,Preventive,,0,,000160000339
WO-2161844,ASSET-00365,Corrective,SPINDLE-SEIZURE,216,263,000160000339
WO-2161845,ASSET-00366,Preventive,,0,,000160000340
WO-2161846,ASSET-00366,Preventive,,0,,000160000340
WO-2161847,ASSET-00366,Preventive,,0,,000160000340
WO-2161848,ASSET-00366,Preventive,,0,,000160000340
WO-2161849,ASSET-00366,Preventive,,0,,000160000340
WO-2161850,ASSET-00367,Emergency,CONTROLLER-FAULT,285,447,000160000341
WO-2161851,ASSET-00367,Corrective,BELT-FAILURE,152,1851,000160000341
WO-2161852,ASSET-00367,Corrective,PNEUMATIC-LEAK,148,1515,000160000341
WO-2161853,ASSET-00367,Preventive,,0,,000160000341
WO-2161854,ASSET-00368,Preventive,,0,,000160000342
WO-2161855,ASSET-00368,Preventive,,0,,000160000342
WO-2161856,ASSET-00369,Preventive,,0,,000160000343
WO-2161857,ASSET-00369,Preventive,,0,,000160000343
WO-2161858,ASSET-00369,Corrective,HYDRAULIC-LEAK,238,1192,000160000343
WO-2161859,ASSET-00369,Preventive,,0,,000160000343
WO-2161860,ASSET-00369,Corrective,SPINDLE-SEIZURE,71,1331,000160000343
WO-2161861,ASSET-00370,Corrective,SPINDLE-SEIZURE,186,1643,000160000344
WO-2161862,ASSET-00370,Preventive,,0,,000160000344
WO-2161863,ASSET-00370,Corrective,DIE-WEAR,139,1920,000160000344
WO-2161864,ASSET-00370,Corrective,BELT-FAILURE,183,205,000160000344
WO-2161865,ASSET-00370,Corrective,HYDRAULIC-LEAK,197,357,000160000344
WO-2161866,ASSET-00370,Preventive,,0,,000160000344
WO-2161867,ASSET-00371,Preventive,,0,,
WO-2161868,ASSET-00371,Preventive,,0,,
WO-2161869,ASSET-00372,Preventive,,0,,000160000345
WO-2161870,ASSET-00372,Preventive,,0,,000160000345
WO-2161871,ASSET-00372,Corrective,CONTROLLER-FAULT,235,1538,000160000345
WO-2161872,ASSET-00372,Preventive,,0,,000160000345
WO-2161873,ASSET-00372,Corrective,CALIBRATION-DRIFT,173,1290,000160000345
WO-2161874,ASSET-00372,Emergency,SPINDLE-SEIZURE,292,288,000160000345
WO-2161875,ASSET-00373,Preventive,,0,,000160000346
WO-2161876,ASSET-00373,Corrective,MOTOR-BURNOUT,126,1191,000160000346
WO-2161877,ASSET-00373,Emergency,BELT-FAILURE,470,414,000160000346
WO-2161878,ASSET-00373,Emergency,MOTOR-BURNOUT,549,1179,000160000346
WO-2161879,ASSET-00373,Corrective,PNEUMATIC-LEAK,171,1544,000160000346
WO-2161880,ASSET-00373,Preventive,,0,,000160000346
WO-2161881,ASSET-00373,Preventive,,0,,000160000346
WO-2161882,ASSET-00373,Corrective,DIE-WEAR,225,1419,000160000346
WO-2161883,ASSET-00373,Emergency,DIE-WEAR,228,1036,000160000346
WO-2161884,ASSET-00374,Preventive,,0,,000160000347
WO-2161885,ASSET-00375,Preventive,,0,,000160000348
WO-2161886,ASSET-00375,Preventive,,0,,000160000348
WO-2161887,ASSET-00375,Preventive,,0,,000160000348
WO-2161888,ASSET-00375,Corrective,BEARING-FAILURE,67,1068,000160000348
WO-2161889,ASSET-00375,Corrective,MOTOR-BURNOUT,153,1705,000160000348
WO-2161890,ASSET-00375,Corrective,BEARING-FAILURE,238,1522,000160000348
WO-2161891,ASSET-00375,Preventive,,0,,000160000348
WO-2161892,ASSET-00376,Preventive,,0,,000160000349
WO-2161893,ASSET-00376,Preventive,,0,,000160000349
WO-2161894,ASSET-00376,Corrective,CONTROLLER-FAULT,63,1570,000160000349
WO-2161895,ASSET-00376,Preventive,,0,,000160000349
WO-2161896,ASSET-00376,Preventive,,0,,000160000349
WO-2161897,ASSET-00376,Corrective,PNEUMATIC-LEAK,32,1185,000160000349
WO-2161898,ASSET-00377,Emergency,DIE-WEAR,439,827,000160000350
WO-2161899,ASSET-00377,Preventive,,0,,000160000350
WO-2161900,ASSET-00377,Corrective,HYDRAULIC-LEAK,65,301,000160000350
WO-2161901,ASSET-00377,Preventive,,0,,000160000350
WO-2161902,ASSET-00378,Corrective,BEARING-FAILURE,146,1203,
WO-2161903,ASSET-00378,Corrective,MOTOR-BURNOUT,34,475,
WO-2161904,ASSET-00378,Corrective,CONTROLLER-FAULT,97,547,
WO-2161905,ASSET-00378,Corrective,CALIBRATION-DRIFT,118,1428,
WO-2161906,ASSET-00379,Preventive,,0,,000160000351
WO-2161907,ASSET-00379,Corrective,SPINDLE-SEIZURE,34,1030,000160000351
WO-2161908,ASSET-00379,Corrective,HYDRAULIC-LEAK,214,956,000160000351
WO-2161909,ASSET-00379,Corrective,HYDRAULIC-LEAK,220,327,000160000351
WO-2161910,ASSET-00379,Preventive,,0,,000160000351
WO-2161911,ASSET-00379,Preventive,,0,,000160000351
WO-2161912,ASSET-00380,Corrective,HYDRAULIC-LEAK,206,1990,000160000352
WO-2161913,ASSET-00380,Preventive,,0,,000160000352
WO-2161914,ASSET-00380,Corrective,CONTROLLER-FAULT,56,1989,000160000352
WO-2161915,ASSET-00380,Preventive,,0,,000160000352
WO-2161916,ASSET-00380,Corrective,BELT-FAILURE,101,1294,000160000352
WO-2161917,ASSET-00380,Preventive,,0,,000160000352
WO-2161918,ASSET-00380,Preventive,,0,,000160000352
WO-2161919,ASSET-00380,Corrective,HYDRAULIC-LEAK,65,688,000160000352
WO-2161920,ASSET-00380,Preventive,,0,,000160000352
WO-2161921,ASSET-00380,Preventive,,0,,000160000352
WO-2161922,ASSET-00381,Emergency,SENSOR-FAULT,577,894,000160000353
WO-2161923,ASSET-00381,Preventive,,0,,000160000353
WO-2161924,ASSET-00381,Corrective,SPINDLE-SEIZURE,112,1917,000160000353
WO-2161925,ASSET-00381,Preventive,,0,,000160000353
WO-2161926,ASSET-00381,Preventive,,0,,000160000353
WO-2161927,ASSET-00381,Preventive,,0,,000160000353
WO-2161928,ASSET-00382,Preventive,,0,,000160000354
WO-2161929,ASSET-00382,Preventive,,0,,000160000354
WO-2161930,ASSET-00382,Emergency,HYDRAULIC-LEAK,365,1662,000160000354
WO-2161931,ASSET-00382,Preventive,,0,,000160000354
WO-2161932,ASSET-00382,Preventive,,0,,000160000354
WO-2161933,ASSET-00382,Corrective,BELT-FAILURE,45,1610,000160000354
WO-2161934,ASSET-00382,Preventive,,0,,000160000354
WO-2161935,ASSET-00383,Preventive,,0,,000160000355
WO-2161936,ASSET-00383,Corrective,CALIBRATION-DRIFT,57,644,000160000355
WO-2161937,ASSET-00383,Corrective,MOTOR-BURNOUT,230,869,000160000355
WO-2161938,ASSET-00383,Preventive,,0,,000160000355
WO-2161939,ASSET-00383,Preventive,,0,,000160000355
WO-2161940,ASSET-00383,Emergency,CONTROLLER-FAULT,375,1991,000160000355
WO-2161941,ASSET-00383,Preventive,,0,,000160000355
WO-2161942,ASSET-00384,Preventive,,0,,000160000356
WO-2161943,ASSET-00384,Corrective,PNEUMATIC-LEAK,167,1267,000160000356
WO-2161944,ASSET-00384,Preventive,,0,,000160000356
WO-2161945,ASSET-00384,Preventive,,0,,000160000356
WO-2161946,ASSET-00384,Preventive,,0,,000160000356
WO-2161947,ASSET-00384,Preventive,,0,,000160000356
WO-2161948,ASSET-00385,Preventive,,0,,000160000357
WO-2161949,ASSET-00385,Preventive,,0,,000160000357
WO-2161950,ASSET-00385,Preventive,,0,,000160000357
WO-2161951,ASSET-00385,Corrective,HYDRAULIC-LEAK,34,1079,000160000357
WO-2161952,ASSET-00385,Corrective,PNEUMATIC-LEAK,203,1224,000160000357
WO-2161953,ASSET-00385,Preventive,,0,,000160000357
WO-2161954,ASSET-00385,Corrective,PNEUMATIC-LEAK,115,899,000160000357
WO-2161955,ASSET-00385,Corrective,BELT-FAILURE,237,1162,000160000357
WO-2161956,ASSET-00385,Preventive,,0,,000160000357
WO-2161957,ASSET-00385,Preventive,,0,,000160000357
WO-2161958,ASSET-00386,Preventive,,0,,000160000358
WO-2161959,ASSET-00386,Corrective,MOTOR-BURNOUT,209,216,000160000358
WO-2161960,ASSET-00386,Preventive,,0,,000160000358
WO-2161961,ASSET-00386,Emergency,DIE-WEAR,265,741,000160000358
WO-2161962,ASSET-00386,Preventive,,0,,000160000358
WO-2161963,ASSET-00387,Corrective,BEARING-FAILURE,58,1841,
WO-2161964,ASSET-00387,Corrective,BELT-FAILURE,107,1457,
WO-2161965,ASSET-00387,Corrective,CALIBRATION-DRIFT,205,913,
WO-2161966,ASSET-00387,Preventive,,0,,
WO-2161967,ASSET-00387,Corrective,MOTOR-BURNOUT,141,720,
WO-2161968,ASSET-00388,Preventive,,0,,000160000359
WO-2161969,ASSET-00388,Corrective,SPINDLE-SEIZURE,229,591,000160000359
WO-2161970,ASSET-00388,Preventive,,0,,000160000359
WO-2161971,ASSET-00389,Emergency,BEARING-FAILURE,528,1446,000160000360
WO-2161972,ASSET-00389,Preventive,,0,,000160000360
WO-2161973,ASSET-00389,Corrective,BEARING-FAILURE,164,1636,000160000360
WO-2161974,ASSET-00389,Corrective,MOTOR-BURNOUT,223,308,000160000360
WO-2161975,ASSET-00389,Corrective,DIE-WEAR,36,1301,000160000360
WO-2161976,ASSET-00390,Corrective,SENSOR-FAULT,179,1112,000160000361
WO-2161977,ASSET-00390,Corrective,CONTROLLER-FAULT,224,1649,000160000361
WO-2161978,ASSET-00390,Corrective,DIE-WEAR,60,1169,000160000361
WO-2161979,ASSET-00390,Corrective,MOTOR-BURNOUT,215,726,000160000361
WO-2161980,ASSET-00390,Emergency,SENSOR-FAULT,207,852,000160000361
WO-2161981,ASSET-00390,Preventive,,0,,000160000361
WO-2161982,ASSET-00390,Corrective,CONTROLLER-FAULT,112,489,000160000361
WO-2161983,ASSET-00391,Corrective,MOTOR-BURNOUT,173,280,000160000362
WO-2161984,ASSET-00391,Preventive,,0,,000160000362
WO-2161985,ASSET-00391,Preventive,,0,,000160000362
WO-2161986,ASSET-00391,Corrective,SENSOR-FAULT,151,1108,000160000362
WO-2161987,ASSET-00392,Emergency,BELT-FAILURE,229,1094,000160000363
WO-2161988,ASSET-00392,Preventive,,0,,000160000363
WO-2161989,ASSET-00392,Preventive,,0,,000160000363
WO-2161990,ASSET-00392,Corrective,CALIBRATION-DRIFT,79,1232,000160000363
WO-2161991,ASSET-00392,Corrective,PNEUMATIC-LEAK,156,1413,000160000363
WO-2161992,ASSET-00392,Preventive,,0,,000160000363
WO-2161993,ASSET-00392,Preventive,,0,,000160000363
WO-2161994,ASSET-00392,Preventive,,0,,000160000363
WO-2161995,ASSET-00393,Corrective,DIE-WEAR,188,1932,000160000364
WO-2161996,ASSET-00393,Emergency,DIE-WEAR,518,281,000160000364
WO-2161997,ASSET-00393,Corrective,BEARING-FAILURE,225,602,000160000364
WO-2161998,ASSET-00393,Preventive,,0,,000160000364
WO-2161999,ASSET-00394,Preventive,,0,,000160000365
WO-2162000,ASSET-00394,Corrective,PNEUMATIC-LEAK,147,496,000160000365
WO-2162001,ASSET-00394,Preventive,,0,,000160000365
WO-2162002,ASSET-00394,Emergency,MOTOR-BURNOUT,439,1190,000160000365
WO-2162003,ASSET-00394,Preventive,,0,,000160000365
WO-2162004,ASSET-00395,Preventive,,0,,000160000366
WO-2162005,ASSET-00395,Corrective,BELT-FAILURE,126,1311,000160000366
WO-2162006,ASSET-00395,Preventive,,0,,000160000366
WO-2162007,ASSET-00395,Preventive,,0,,000160000366
WO-2162008,ASSET-00395,Corrective,SPINDLE-SEIZURE,55,1605,000160000366
WO-2162009,ASSET-00395,Preventive,,0,,000160000366
WO-2162010,ASSET-00395,Corrective,PNEUMATIC-LEAK,192,1088,000160000366
WO-2162011,ASSET-00395,Preventive,,0,,000160000366
WO-2162012,ASSET-00396,Preventive,,0,,000160000368
WO-2162013,ASSET-00396,Corrective,HYDRAULIC-LEAK,122,1637,000160000368
WO-2162014,ASSET-00396,Preventive,,0,,000160000368
WO-2162015,ASSET-00396,Corrective,CONTROLLER-FAULT,72,1622,000160000368
WO-2162016,ASSET-00397,Corrective,PNEUMATIC-LEAK,128,1437,000160000369
WO-2162017,ASSET-00397,Corrective,PNEUMATIC-LEAK,199,330,000160000369
WO-2162018,ASSET-00397,Preventive,,0,,000160000369
WO-2162019,ASSET-00397,Preventive,,0,,000160000369
WO-2162020,ASSET-00397,Emergency,CONTROLLER-FAULT,393,1206,000160000369
WO-2162021,ASSET-00398,Preventive,,0,,000160000370
WO-2162022,ASSET-00398,Preventive,,0,,000160000370
WO-2162023,ASSET-00398,Emergency,MOTOR-BURNOUT,437,929,000160000370
WO-2162024,ASSET-00398,Corrective,HYDRAULIC-LEAK,97,926,000160000370
WO-2162025,ASSET-00398,Preventive,,0,,000160000370
WO-2162026,ASSET-00399,Preventive,,0,,000160000371
WO-2162027,ASSET-00399,Preventive,,0,,000160000371
WO-2162028,ASSET-00399,Corrective,BELT-FAILURE,218,1862,000160000371
WO-2162029,ASSET-00399,Preventive,,0,,000160000371
WO-2162030,ASSET-00400,Preventive,,0,,000160000372
WO-2162031,ASSET-00400,Preventive,,0,,000160000372
WO-2162032,ASSET-00400,Corrective,SENSOR-FAULT,70,393,000160000372
WO-2162033,ASSET-00400,Preventive,,0,,000160000372
WO-2162034,ASSET-00400,Corrective,CALIBRATION-DRIFT,61,1118,000160000372
WO-2162035,ASSET-00400,Preventive,,0,,000160000372
WO-2162036,ASSET-00400,Corrective,MOTOR-BURNOUT,117,1158,000160000372
WO-2162037,ASSET-00400,Corrective,CONTROLLER-FAULT,158,1734,000160000372
WO-2162038,ASSET-00401,Preventive,,0,,000160000373
WO-2162039,ASSET-00401,Preventive,,0,,000160000373
WO-2162040,ASSET-00401,Corrective,CALIBRATION-DRIFT,123,1424,000160000373
WO-2162041,ASSET-00401,Preventive,,0,,000160000373
WO-2162042,ASSET-00401,Corrective,MOTOR-BURNOUT,216,650,000160000373
WO-2162043,ASSET-00402,Corrective,BELT-FAILURE,127,796,000160000374
WO-2162044,ASSET-00402,Preventive,,0,,000160000374
WO-2162045,ASSET-00402,Preventive,,0,,000160000374
WO-2162046,ASSET-00402,Preventive,,0,,000160000374
WO-2162047,ASSET-00402,Corrective,DIE-WEAR,192,923,000160000374
WO-2162048,ASSET-00402,Emergency,MOTOR-BURNOUT,81,1197,000160000374
WO-2162049,ASSET-00403,Preventive,,0,,000160000375
WO-2162050,ASSET-00403,Corrective,MOTOR-BURNOUT,44,1139,000160000375
WO-2162051,ASSET-00403,Corrective,BEARING-FAILURE,178,1106,000160000375
WO-2162052,ASSET-00403,Corrective,SPINDLE-SEIZURE,89,1427,000160000375
WO-2162053,ASSET-00403,Corrective,CALIBRATION-DRIFT,116,934,000160000375
WO-2162054,ASSET-00403,Emergency,BEARING-FAILURE,163,908,000160000375
WO-2162055,ASSET-00403,Corrective,SPINDLE-SEIZURE,163,736,000160000375
WO-2162056,ASSET-00403,Emergency,BEARING-FAILURE,535,1624,000160000375
WO-2162057,ASSET-00403,Preventive,,0,,000160000375
WO-2162058,ASSET-00404,Preventive,,0,,000160000376
WO-2162059,ASSET-00404,Preventive,,0,,000160000376
WO-2162060,ASSET-00404,Corrective,SPINDLE-SEIZURE,190,629,000160000376
WO-2162061,ASSET-00404,Corrective,BELT-FAILURE,143,805,000160000376
WO-2162062,ASSET-00404,Preventive,,0,,000160000376
WO-2162063,ASSET-00404,Corrective,HYDRAULIC-LEAK,134,1063,000160000376
WO-2162064,ASSET-00405,Emergency,CALIBRATION-DRIFT,217,865,000160000377
WO-2162065,ASSET-00405,Preventive,,0,,000160000377
WO-2162066,ASSET-00405,Corrective,PNEUMATIC-LEAK,82,1911,000160000377
WO-2162067,ASSET-00405,Preventive,,0,,000160000377
WO-2162068,ASSET-00405,Corrective,CALIBRATION-DRIFT,88,1404,000160000377
WO-2162069,ASSET-00405,Preventive,,0,,000160000377
WO-2162070,ASSET-00405,Corrective,BEARING-FAILURE,235,438,000160000377
WO-2162071,ASSET-00405,Preventive,,0,,000160000377
WO-2162072,ASSET-00406,Preventive,,0,,000160000378
WO-2162073,ASSET-00406,Preventive,,0,,000160000378
WO-2162074,ASSET-00406,Corrective,DIE-WEAR,231,1961,000160000378
WO-2162075,ASSET-00406,Preventive,,0,,000160000378
WO-2162076,ASSET-00406,Preventive,,0,,000160000378
WO-2162077,ASSET-00406,Preventive,,0,,000160000378
WO-2162078,ASSET-00406,Preventive,,0,,000160000378
WO-2162079,ASSET-00407,Preventive,,0,,
WO-2162080,ASSET-00407,Preventive,,0,,
WO-2162081,ASSET-00407,Preventive,,0,,
WO-2162082,ASSET-00407,Corrective,BELT-FAILURE,67,488,
WO-2162083,ASSET-00407,Preventive,,0,,
WO-2162084,ASSET-00408,Preventive,,0,,000160000379
WO-2162085,ASSET-00408,Corrective,CONTROLLER-FAULT,192,277,000160000379
WO-2162086,ASSET-00409,Preventive,,0,,000160000380
WO-2162087,ASSET-00409,Preventive,,0,,000160000380
WO-2162088,ASSET-00409,Corrective,BELT-FAILURE,31,685,000160000380
WO-2162089,ASSET-00410,Preventive,,0,,000160000381
WO-2162090,ASSET-00410,Preventive,,0,,000160000381
WO-2162091,ASSET-00410,Preventive,,0,,000160000381
WO-2162092,ASSET-00410,Corrective,HYDRAULIC-LEAK,119,525,000160000381
WO-2162093,ASSET-00410,Preventive,,0,,000160000381
WO-2162094,ASSET-00410,Corrective,PNEUMATIC-LEAK,195,279,000160000381
WO-2162095,ASSET-00411,Corrective,CONTROLLER-FAULT,129,898,000160000382
WO-2162096,ASSET-00411,Corrective,DIE-WEAR,213,874,000160000382
WO-2162097,ASSET-00411,Preventive,,0,,000160000382
WO-2162098,ASSET-00411,Preventive,,0,,000160000382
WO-2162099,ASSET-00412,Preventive,,0,,
WO-2162100,ASSET-00412,Preventive,,0,,
WO-2162101,ASSET-00412,Preventive,,0,,
WO-2162102,ASSET-00412,Preventive,,0,,
WO-2162103,ASSET-00412,Preventive,,0,,
WO-2162104,ASSET-00412,Emergency,CONTROLLER-FAULT,554,1148,
WO-2162105,ASSET-00412,Corrective,CONTROLLER-FAULT,169,721,
WO-2162106,ASSET-00413,Emergency,SPINDLE-SEIZURE,518,743,000160000383
WO-2162107,ASSET-00413,Corrective,CONTROLLER-FAULT,95,1780,000160000383
WO-2162108,ASSET-00413,Corrective,CALIBRATION-DRIFT,185,593,000160000383
WO-2162109,ASSET-00413,Corrective,MOTOR-BURNOUT,238,1279,000160000383
WO-2162110,ASSET-00413,Preventive,,0,,000160000383
WO-2162111,ASSET-00413,Preventive,,0,,000160000383
WO-2162112,ASSET-00414,Corrective,PNEUMATIC-LEAK,152,1451,000160000384
WO-2162113,ASSET-00414,Corrective,BELT-FAILURE,198,441,000160000384
WO-2162114,ASSET-00414,Corrective,MOTOR-BURNOUT,153,1818,000160000384
WO-2162115,ASSET-00414,Preventive,,0,,000160000384
WO-2162116,ASSET-00414,Emergency,CALIBRATION-DRIFT,568,536,000160000384
WO-2162117,ASSET-00414,Corrective,BELT-FAILURE,175,405,000160000384
WO-2162118,ASSET-00415,Preventive,,0,,000160000385
WO-2162119,ASSET-00415,Preventive,,0,,000160000385
WO-2162120,ASSET-00415,Preventive,,0,,000160000385
WO-2162121,ASSET-00415,Preventive,,0,,000160000385
WO-2162122,ASSET-00415,Preventive,,0,,000160000385
WO-2162123,ASSET-00415,Emergency,CALIBRATION-DRIFT,214,1283,000160000385
WO-2162124,ASSET-00415,Corrective,BEARING-FAILURE,81,1004,000160000385
WO-2162125,ASSET-00415,Corrective,BELT-FAILURE,238,496,000160000385
WO-2162126,ASSET-00416,Preventive,,0,,000160000386
WO-2162127,ASSET-00416,Preventive,,0,,000160000386
WO-2162128,ASSET-00416,Corrective,PNEUMATIC-LEAK,161,1173,000160000386
WO-2162129,ASSET-00417,Preventive,,0,,000160000387
WO-2162130,ASSET-00417,Preventive,,0,,000160000387
WO-2162131,ASSET-00417,Preventive,,0,,000160000387
WO-2162132,ASSET-00417,Corrective,CALIBRATION-DRIFT,188,1803,000160000387
WO-2162133,ASSET-00417,Preventive,,0,,000160000387
WO-2162134,ASSET-00417,Preventive,,0,,000160000387
WO-2162135,ASSET-00417,Preventive,,0,,000160000387
WO-2162136,ASSET-00418,Preventive,,0,,000160000388
WO-2162137,ASSET-00418,Emergency,CALIBRATION-DRIFT,269,1312,000160000388
WO-2162138,ASSET-00419,Preventive,,0,,000160000389
WO-2162139,ASSET-00419,Corrective,CONTROLLER-FAULT,71,1335,000160000389
WO-2162140,ASSET-00419,Preventive,,0,,000160000389
WO-2162141,ASSET-00419,Preventive,,0,,000160000389
WO-2162142,ASSET-00419,Preventive,,0,,000160000389
WO-2162143,ASSET-00419,Corrective,CONTROLLER-FAULT,98,232,000160000389
WO-2162144,ASSET-00419,Preventive,,0,,000160000389
WO-2162145,ASSET-00419,Emergency,BEARING-FAILURE,192,1454,000160000389
WO-2162146,ASSET-00420,Preventive,,0,,000160000390
WO-2162147,ASSET-00420,Corrective,BEARING-FAILURE,104,1180,000160000390
WO-2162148,ASSET-00420,Preventive,,0,,000160000390
WO-2162149,ASSET-00420,Corrective,CONTROLLER-FAULT,144,1742,000160000390
WO-2162150,ASSET-00421,Preventive,,0,,
WO-2162151,ASSET-00421,Corrective,MOTOR-BURNOUT,81,433,
WO-2162152,ASSET-00421,Preventive,,0,,
WO-2162153,ASSET-00421,Preventive,,0,,
WO-2162154,ASSET-00421,Preventive,,0,,
WO-2162155,ASSET-00421,Preventive,,0,,
WO-2162156,ASSET-00421,Corrective,MOTOR-BURNOUT,62,1101,
WO-2162157,ASSET-00421,Preventive,,0,,
WO-2162158,ASSET-00421,Corrective,MOTOR-BURNOUT,38,1394,
WO-2162159,ASSET-00422,Corrective,MOTOR-BURNOUT,109,351,000160000391
WO-2162160,ASSET-00422,Corrective,SENSOR-FAULT,133,1113,000160000391
WO-2162161,ASSET-00423,Preventive,,0,,000160000392
WO-2162162,ASSET-00423,Preventive,,0,,000160000392
WO-2162163,ASSET-00423,Preventive,,0,,000160000392
WO-2162164,ASSET-00424,Preventive,,0,,000160000393
WO-2162165,ASSET-00424,Corrective,SENSOR-FAULT,107,464,000160000393
WO-2162166,ASSET-00424,Corrective,CONTROLLER-FAULT,191,1790,000160000393
WO-2162167,ASSET-00424,Corrective,PNEUMATIC-LEAK,172,1799,000160000393
WO-2162168,ASSET-00424,Preventive,,0,,000160000393
WO-2162169,ASSET-00424,Corrective,MOTOR-BURNOUT,78,1837,000160000393
WO-2162170,ASSET-00424,Corrective,CALIBRATION-DRIFT,55,1691,000160000393
WO-2162171,ASSET-00425,Preventive,,0,,000160000394
WO-2162172,ASSET-00425,Emergency,SENSOR-FAULT,217,404,000160000394
WO-2162173,ASSET-00425,Preventive,,0,,000160000394
WO-2162174,ASSET-00426,Preventive,,0,,000160000395
WO-2162175,ASSET-00426,Corrective,HYDRAULIC-LEAK,73,272,000160000395
WO-2162176,ASSET-00426,Preventive,,0,,000160000395
WO-2162177,ASSET-00427,Preventive,,0,,000160000396
WO-2162178,ASSET-00427,Corrective,BELT-FAILURE,222,1040,000160000396
WO-2162179,ASSET-00427,Preventive,,0,,000160000396
WO-2162180,ASSET-00427,Preventive,,0,,000160000396
WO-2162181,ASSET-00427,Corrective,DIE-WEAR,135,1827,000160000396
WO-2162182,ASSET-00427,Corrective,CALIBRATION-DRIFT,70,1625,000160000396
WO-2162183,ASSET-00427,Emergency,MOTOR-BURNOUT,501,1272,000160000396
WO-2162184,ASSET-00428,Emergency,CONTROLLER-FAULT,242,1425,000160000397
WO-2162185,ASSET-00428,Preventive,,0,,000160000397
WO-2162186,ASSET-00428,Emergency,MOTOR-BURNOUT,484,1728,000160000397
WO-2162187,ASSET-00429,Corrective,BELT-FAILURE,48,940,
WO-2162188,ASSET-00429,Corrective,MOTOR-BURNOUT,44,540,
WO-2162189,ASSET-00430,Corrective,CONTROLLER-FAULT,152,1513,000160000398
WO-2162190,ASSET-00430,Preventive,,0,,000160000398
WO-2162191,ASSET-00430,Preventive,,0,,000160000398
WO-2162192,ASSET-00430,Preventive,,0,,000160000398
WO-2162193,ASSET-00430,Emergency,CALIBRATION-DRIFT,380,1772,000160000398
WO-2162194,ASSET-00431,Preventive,,0,,000160000399
WO-2162195,ASSET-00431,Corrective,BELT-FAILURE,59,335,000160000399
WO-2162196,ASSET-00431,Corrective,BEARING-FAILURE,65,1625,000160000399
WO-2162197,ASSET-00431,Preventive,,0,,000160000399
WO-2162198,ASSET-00431,Emergency,HYDRAULIC-LEAK,189,865,000160000399
WO-2162199,ASSET-00431,Preventive,,0,,000160000399
WO-2162200,ASSET-00432,Preventive,,0,,000160000400
WO-2162201,ASSET-00432,Preventive,,0,,000160000400
WO-2162202,ASSET-00432,Preventive,,0,,000160000400
WO-2162203,ASSET-00432,Emergency,MOTOR-BURNOUT,224,489,000160000400
WO-2162204,ASSET-00432,Preventive,,0,,000160000400
WO-2162205,ASSET-00433,Preventive,,0,,000160000401
WO-2162206,ASSET-00433,Corrective,CONTROLLER-FAULT,53,1145,000160000401
WO-2162207,ASSET-00433,Corrective,BEARING-FAILURE,119,942,000160000401
WO-2162208,ASSET-00433,Preventive,,0,,000160000401
WO-2162209,ASSET-00433,Preventive,,0,,000160000401
WO-2162210,ASSET-00434,Preventive,,0,,000160000402
WO-2162211,ASSET-00434,Corrective,BELT-FAILURE,102,1868,000160000402
WO-2162212,ASSET-00434,Corrective,BEARING-FAILURE,105,1985,000160000402
WO-2162213,ASSET-00434,Preventive,,0,,000160000402
WO-2162214,ASSET-00434,Preventive,,0,,000160000402
WO-2162215,ASSET-00434,Preventive,,0,,000160000402
WO-2162216,ASSET-00435,Preventive,,0,,000160000403
WO-2162217,ASSET-00435,Preventive,,0,,000160000403
WO-2162218,ASSET-00435,Preventive,,0,,000160000403
WO-2162219,ASSET-00435,Preventive,,0,,000160000403
WO-2162220,ASSET-00435,Corrective,SENSOR-FAULT,172,1922,000160000403
WO-2162221,ASSET-00435,Corrective,CONTROLLER-FAULT,141,1486,000160000403
WO-2162222,ASSET-00435,Preventive,,0,,000160000403
WO-2162223,ASSET-00435,Preventive,,0,,000160000403
WO-2162224,ASSET-00436,Corrective,SPINDLE-SEIZURE,156,440,000160000404
WO-2162225,ASSET-00436,Corrective,BEARING-FAILURE,163,458,000160000404
WO-2162226,ASSET-00436,Corrective,DIE-WEAR,213,1114,000160000404
WO-2162227,ASSET-00436,Preventive,,0,,000160000404
WO-2162228,ASSET-00437,Emergency,MOTOR-BURNOUT,411,1939,000160000405
WO-2162229,ASSET-00437,Preventive,,0,,000160000405
WO-2162230,ASSET-00437,Preventive,,0,,000160000405
WO-2162231,ASSET-00437,Preventive,,0,,000160000405
WO-2162232,ASSET-00437,Preventive,,0,,000160000405
WO-2162233,ASSET-00437,Corrective,CALIBRATION-DRIFT,178,493,000160000405
WO-2162234,ASSET-00438,Preventive,,0,,000160000406
WO-2162235,ASSET-00438,Corrective,BELT-FAILURE,165,1130,000160000406
WO-2162236,ASSET-00438,Corrective,BELT-FAILURE,239,1896,000160000406
WO-2162237,ASSET-00438,Preventive,,0,,000160000406
WO-2162238,ASSET-00438,Corrective,SENSOR-FAULT,219,1313,000160000406
WO-2162239,ASSET-00438,Emergency,HYDRAULIC-LEAK,296,260,000160000406
WO-2162240,ASSET-00439,Corrective,CONTROLLER-FAULT,125,667,000160000407
WO-2162241,ASSET-00439,Corrective,PNEUMATIC-LEAK,203,674,000160000407
WO-2162242,ASSET-00439,Corrective,BEARING-FAILURE,62,422,000160000407
WO-2162243,ASSET-00439,Corrective,BELT-FAILURE,196,376,000160000407
WO-2162244,ASSET-00439,Preventive,,0,,000160000407
WO-2162245,ASSET-00440,Preventive,,0,,000160000408
WO-2162246,ASSET-00440,Preventive,,0,,000160000408
WO-2162247,ASSET-00440,Emergency,DIE-WEAR,498,856,000160000408
WO-2162248,ASSET-00440,Preventive,,0,,000160000408
WO-2162249,ASSET-00440,Preventive,,0,,000160000408
WO-2162250,ASSET-00440,Corrective,BELT-FAILURE,204,509,000160000408
WO-2162251,ASSET-00440,Preventive,,0,,000160000408
WO-2162252,ASSET-00440,Preventive,,0,,000160000408
WO-2162253,ASSET-00441,Corrective,PNEUMATIC-LEAK,71,689,000160000409
WO-2162254,ASSET-00441,Preventive,,0,,000160000409
WO-2162255,ASSET-00441,Preventive,,0,,000160000409
WO-2162256,ASSET-00441,Preventive,,0,,000160000409
WO-2162257,ASSET-00442,Preventive,,0,,000160000410
WO-2162258,ASSET-00442,Preventive,,0,,000160000410
WO-2162259,ASSET-00442,Corrective,SPINDLE-SEIZURE,193,1827,000160000410
WO-2162260,ASSET-00442,Preventive,,0,,000160000410
WO-2162261,ASSET-00442,Preventive,,0,,000160000410
WO-2162262,ASSET-00442,Preventive,,0,,000160000410
WO-2162263,ASSET-00443,Preventive,,0,,000160000411
WO-2162264,ASSET-00443,Corrective,MOTOR-BURNOUT,97,714,000160000411
WO-2162265,ASSET-00443,Corrective,PNEUMATIC-LEAK,119,1638,000160000411
WO-2162266,ASSET-00443,Preventive,,0,,000160000411
WO-2162267,ASSET-00443,Preventive,,0,,000160000411
WO-2162268,ASSET-00443,Emergency,SPINDLE-SEIZURE,247,704,000160000411
WO-2162269,ASSET-00443,Corrective,DIE-WEAR,221,1195,000160000411
WO-2162270,ASSET-00444,Preventive,,0,,000160000412
WO-2162271,ASSET-00444,Preventive,,0,,000160000412
WO-2162272,ASSET-00444,Preventive,,0,,000160000412
WO-2162273,ASSET-00444,Preventive,,0,,000160000412
WO-2162274,ASSET-00444,Preventive,,0,,000160000412
WO-2162275,ASSET-00444,Preventive,,0,,000160000412
WO-2162276,ASSET-00444,Corrective,DIE-WEAR,81,1051,000160000412
WO-2162277,ASSET-00444,Corrective,CALIBRATION-DRIFT,171,1538,000160000412
WO-2162278,ASSET-00444,Emergency,CALIBRATION-DRIFT,286,1474,000160000412
WO-2162279,ASSET-00445,Emergency,SENSOR-FAULT,461,1535,000160000413
WO-2162280,ASSET-00445,Corrective,PNEUMATIC-LEAK,104,1647,000160000413
WO-2162281,ASSET-00445,Emergency,SPINDLE-SEIZURE,376,833,000160000413
WO-2162282,ASSET-00445,Preventive,,0,,000160000413
WO-2162283,ASSET-00445,Preventive,,0,,000160000413
WO-2162284,ASSET-00445,Preventive,,0,,000160000413
WO-2162285,ASSET-00445,Preventive,,0,,000160000413
WO-2162286,ASSET-00445,Corrective,CALIBRATION-DRIFT,235,1472,000160000413
WO-2162287,ASSET-00445,Preventive,,0,,000160000413
WO-2162288,ASSET-00445,Corrective,SENSOR-FAULT,229,201,000160000413
WO-2162289,ASSET-00446,Preventive,,0,,000160000414
WO-2162290,ASSET-00446,Corrective,PNEUMATIC-LEAK,54,313,000160000414
WO-2162291,ASSET-00446,Emergency,PNEUMATIC-LEAK,245,784,000160000414
WO-2162292,ASSET-00447,Corrective,SENSOR-FAULT,194,1883,000160000415
WO-2162293,ASSET-00447,Preventive,,0,,000160000415
WO-2162294,ASSET-00447,Preventive,,0,,000160000415
WO-2162295,ASSET-00448,Preventive,,0,,000160000416
WO-2162296,ASSET-00448,Corrective,BELT-FAILURE,74,1970,000160000416
WO-2162297,ASSET-00448,Preventive,,0,,000160000416
WO-2162298,ASSET-00448,Corrective,BEARING-FAILURE,181,656,000160000416
WO-2162299,ASSET-00449,Preventive,,0,,000160000417
WO-2162300,ASSET-00449,Emergency,BELT-FAILURE,60,457,000160000417
WO-2162301,ASSET-00449,Corrective,MOTOR-BURNOUT,92,637,000160000417
WO-2162302,ASSET-00449,Preventive,,0,,000160000417
WO-2162303,ASSET-00449,Corrective,SENSOR-FAULT,104,1534,000160000417
WO-2162304,ASSET-00449,Preventive,,0,,000160000417
WO-2162305,ASSET-00450,Preventive,,0,,000160000418
WO-2162306,ASSET-00450,Corrective,CONTROLLER-FAULT,125,843,000160000418
WO-2162307,ASSET-00451,Emergency,MOTOR-BURNOUT,202,1901,000160000419
WO-2162308,ASSET-00451,Emergency,CONTROLLER-FAULT,156,1707,000160000419
WO-2162309,ASSET-00451,Preventive,,0,,000160000419
WO-2162310,ASSET-00451,Preventive,,0,,000160000419
WO-2162311,ASSET-00451,Preventive,,0,,000160000419
WO-2162312,ASSET-00451,Preventive,,0,,000160000419
WO-2162313,ASSET-00452,Preventive,,0,,000160000420
WO-2162314,ASSET-00452,Preventive,,0,,000160000420
WO-2162315,ASSET-00452,Preventive,,0,,000160000420
WO-2162316,ASSET-00452,Corrective,SENSOR-FAULT,120,1419,000160000420
WO-2162317,ASSET-00453,Preventive,,0,,000160000421
WO-2162318,ASSET-00453,Corrective,MOTOR-BURNOUT,194,1970,000160000421
WO-2162319,ASSET-00453,Preventive,,0,,000160000421
WO-2162320,ASSET-00453,Emergency,CONTROLLER-FAULT,107,762,000160000421
WO-2162321,ASSET-00453,Corrective,BELT-FAILURE,113,342,000160000421
WO-2162322,ASSET-00453,Preventive,,0,,000160000421
WO-2162323,ASSET-00453,Corrective,SPINDLE-SEIZURE,201,1849,000160000421
WO-2162324,ASSET-00453,Preventive,,0,,000160000421
WO-2162325,ASSET-00454,Preventive,,0,,000160000422
WO-2162326,ASSET-00454,Corrective,SPINDLE-SEIZURE,75,675,000160000422
WO-2162327,ASSET-00454,Preventive,,0,,000160000422
WO-2162328,ASSET-00454,Preventive,,0,,000160000422
WO-2162329,ASSET-00454,Corrective,PNEUMATIC-LEAK,90,1638,000160000422
WO-2162330,ASSET-00454,Preventive,,0,,000160000422
WO-2162331,ASSET-00455,Preventive,,0,,000160000423
WO-2162332,ASSET-00455,Preventive,,0,,000160000423
WO-2162333,ASSET-00455,Corrective,BELT-FAILURE,223,1387,000160000423
WO-2162334,ASSET-00455,Emergency,DIE-WEAR,70,1489,000160000423
WO-2162335,ASSET-00455,Preventive,,0,,000160000423
WO-2162336,ASSET-00455,Corrective,HYDRAULIC-LEAK,159,577,000160000423
WO-2162337,ASSET-00456,Corrective,SENSOR-FAULT,179,569,000160000424
WO-2162338,ASSET-00456,Corrective,PNEUMATIC-LEAK,93,213,000160000424
WO-2162339,ASSET-00456,Preventive,,0,,000160000424
WO-2162340,ASSET-00456,Corrective,SENSOR-FAULT,118,1745,000160000424
WO-2162341,ASSET-00457,Preventive,,0,,
WO-2162342,ASSET-00457,Emergency,SENSOR-FAULT,376,1925,
WO-2162343,ASSET-00457,Emergency,CALIBRATION-DRIFT,452,409,
WO-2162344,ASSET-00457,Corrective,BELT-FAILURE,176,280,
WO-2162345,ASSET-00457,Preventive,,0,,
WO-2162346,ASSET-00458,Preventive,,0,,000160000425
WO-2162347,ASSET-00458,Corrective,SPINDLE-SEIZURE,163,1786,000160000425
WO-2162348,ASSET-00458,Corrective,PNEUMATIC-LEAK,118,589,000160000425
WO-2162349,ASSET-00458,Preventive,,0,,000160000425
WO-2162350,ASSET-00458,Preventive,,0,,000160000425
WO-2162351,ASSET-00459,Preventive,,0,,000160000426
WO-2162352,ASSET-00459,Preventive,,0,,000160000426
WO-2162353,ASSET-00459,Preventive,,0,,000160000426
WO-2162354,ASSET-00459,Corrective,SENSOR-FAULT,140,538,000160000426
WO-2162355,ASSET-00459,Corrective,BEARING-FAILURE,55,1046,000160000426
WO-2162356,ASSET-00460,Preventive,,0,,000160000427
WO-2162357,ASSET-00461,Preventive,,0,,000160000428
WO-2162358,ASSET-00461,Preventive,,0,,000160000428
WO-2162359,ASSET-00462,Corrective,DIE-WEAR,150,1358,000160000429
WO-2162360,ASSET-00462,Corrective,CONTROLLER-FAULT,232,1159,000160000429
WO-2162361,ASSET-00462,Preventive,,0,,000160000429
WO-2162362,ASSET-00462,Preventive,,0,,000160000429
WO-2162363,ASSET-00462,Preventive,,0,,000160000429
WO-2162364,ASSET-00462,Preventive,,0,,000160000429
WO-2162365,ASSET-00463,Preventive,,0,,000160000430
WO-2162366,ASSET-00463,Preventive,,0,,000160000430
WO-2162367,ASSET-00463,Emergency,DIE-WEAR,212,1120,000160000430
WO-2162368,ASSET-00463,Emergency,HYDRAULIC-LEAK,546,768,000160000430
WO-2162369,ASSET-00464,Preventive,,0,,000160000431
WO-2162370,ASSET-00464,Emergency,SENSOR-FAULT,69,1468,000160000431
WO-2162371,ASSET-00464,Preventive,,0,,000160000431
WO-2162372,ASSET-00464,Corrective,SPINDLE-SEIZURE,45,689,000160000431
WO-2162373,ASSET-00465,Preventive,,0,,
WO-2162374,ASSET-00465,Emergency,PNEUMATIC-LEAK,136,1528,
WO-2162375,ASSET-00465,Emergency,CONTROLLER-FAULT,379,473,
WO-2162376,ASSET-00465,Preventive,,0,,
WO-2162377,ASSET-00465,Preventive,,0,,
WO-2162378,ASSET-00465,Corrective,BEARING-FAILURE,192,1370,
WO-2162379,ASSET-00466,Corrective,CONTROLLER-FAULT,158,1230,000160000432
WO-2162380,ASSET-00466,Preventive,,0,,000160000432
WO-2162381,ASSET-00466,Preventive,,0,,000160000432
WO-2162382,ASSET-00466,Preventive,,0,,000160000432
WO-2162383,ASSET-00466,Preventive,,0,,000160000432
WO-2162384,ASSET-00466,Emergency,CALIBRATION-DRIFT,538,623,000160000432
WO-2162385,ASSET-00466,Corrective,DIE-WEAR,83,387,000160000432
WO-2162386,ASSET-00466,Corrective,DIE-WEAR,79,1927,000160000432
WO-2162387,ASSET-00467,Corrective,SENSOR-FAULT,157,650,000160000433
WO-2162388,ASSET-00467,Corrective,PNEUMATIC-LEAK,119,1908,000160000433
WO-2162389,ASSET-00467,Emergency,SENSOR-FAULT,596,1153,000160000433
WO-2162390,ASSET-00467,Preventive,,0,,000160000433
WO-2162391,ASSET-00468,Preventive,,0,,000160000434
WO-2162392,ASSET-00469,Emergency,SPINDLE-SEIZURE,577,1185,000160000435
WO-2162393,ASSET-00469,Preventive,,0,,000160000435
WO-2162394,ASSET-00469,Preventive,,0,,000160000435
WO-2162395,ASSET-00470,Corrective,PNEUMATIC-LEAK,134,1828,000160000436
WO-2162396,ASSET-00470,Corrective,CALIBRATION-DRIFT,87,935,000160000436
WO-2162397,ASSET-00470,Preventive,,0,,000160000436
WO-2162398,ASSET-00470,Preventive,,0,,000160000436
WO-2162399,ASSET-00471,Corrective,HYDRAULIC-LEAK,33,1478,000160000437
WO-2162400,ASSET-00471,Preventive,,0,,000160000437
WO-2162401,ASSET-00471,Corrective,SENSOR-FAULT,119,1254,000160000437
WO-2162402,ASSET-00471,Corrective,SENSOR-FAULT,115,619,000160000437
WO-2162403,ASSET-00471,Corrective,HYDRAULIC-LEAK,196,668,000160000437
WO-2162404,ASSET-00472,Preventive,,0,,000160000438
WO-2162405,ASSET-00472,Preventive,,0,,000160000438
WO-2162406,ASSET-00472,Preventive,,0,,000160000438
WO-2162407,ASSET-00472,Preventive,,0,,000160000438
WO-2162408,ASSET-00472,Preventive,,0,,000160000438
WO-2162409,ASSET-00472,Preventive,,0,,000160000438
WO-2162410,ASSET-00472,Preventive,,0,,000160000438
WO-2162411,ASSET-00473,Corrective,BELT-FAILURE,214,1839,000160000439
WO-2162412,ASSET-00473,Preventive,,0,,000160000439
WO-2162413,ASSET-00473,Preventive,,0,,000160000439
WO-2162414,ASSET-00473,Preventive,,0,,000160000439
WO-2162415,ASSET-00473,Preventive,,0,,000160000439
WO-2162416,ASSET-00474,Preventive,,0,,000160000440
WO-2162417,ASSET-00474,Preventive,,0,,000160000440
WO-2162418,ASSET-00474,Preventive,,0,,000160000440
WO-2162419,ASSET-00474,Preventive,,0,,000160000440
WO-2162420,ASSET-00474,Corrective,MOTOR-BURNOUT,131,1062,000160000440
WO-2162421,ASSET-00474,Corrective,BELT-FAILURE,64,886,000160000440
WO-2162422,ASSET-00474,Preventive,,0,,000160000440
WO-2162423,ASSET-00474,Preventive,,0,,000160000440
WO-2162424,ASSET-00475,Corrective,BEARING-FAILURE,162,1453,000160000441
WO-2162425,ASSET-00475,Preventive,,0,,000160000441
WO-2162426,ASSET-00475,Preventive,,0,,000160000441
WO-2162427,ASSET-00475,Corrective,DIE-WEAR,153,1093,000160000441
WO-2162428,ASSET-00475,Corrective,DIE-WEAR,56,460,000160000441
WO-2162429,ASSET-00476,Preventive,,0,,000160000442
WO-2162430,ASSET-00476,Preventive,,0,,000160000442
WO-2162431,ASSET-00476,Preventive,,0,,000160000442
WO-2162432,ASSET-00476,Preventive,,0,,000160000442
WO-2162433,ASSET-00477,Corrective,SPINDLE-SEIZURE,113,276,000160000443
WO-2162434,ASSET-00477,Preventive,,0,,000160000443
WO-2162435,ASSET-00477,Preventive,,0,,000160000443
WO-2162436,ASSET-00478,Corrective,CALIBRATION-DRIFT,198,1750,000160000444
WO-2162437,ASSET-00478,Preventive,,0,,000160000444
WO-2162438,ASSET-00478,Corrective,BELT-FAILURE,164,1288,000160000444
WO-2162439,ASSET-00479,Corrective,HYDRAULIC-LEAK,151,985,000160000445
WO-2162440,ASSET-00479,Preventive,,0,,000160000445
WO-2162441,ASSET-00479,Corrective,BEARING-FAILURE,133,317,000160000445
WO-2162442,ASSET-00479,Preventive,,0,,000160000445
WO-2162443,ASSET-00479,Corrective,PNEUMATIC-LEAK,96,1064,000160000445
WO-2162444,ASSET-00479,Preventive,,0,,000160000445
WO-2162445,ASSET-00480,Corrective,HYDRAULIC-LEAK,113,443,000160000446
WO-2162446,ASSET-00480,Corrective,DIE-WEAR,180,417,000160000446
WO-2162447,ASSET-00480,Corrective,MOTOR-BURNOUT,182,1417,000160000446
WO-2162448,ASSET-00480,Emergency,DIE-WEAR,157,206,000160000446
WO-2162449,ASSET-00481,Corrective,BELT-FAILURE,82,337,000160000447
WO-2162450,ASSET-00481,Preventive,,0,,000160000447
WO-2162451,ASSET-00481,Preventive,,0,,000160000447
WO-2162452,ASSET-00482,Preventive,,0,,
WO-2162453,ASSET-00482,Corrective,CALIBRATION-DRIFT,224,1366,
WO-2162454,ASSET-00482,Preventive,,0,,
WO-2162455,ASSET-00483,Preventive,,0,,000160000448
WO-2162456,ASSET-00483,Corrective,HYDRAULIC-LEAK,57,1676,000160000448
WO-2162457,ASSET-00483,Preventive,,0,,000160000448
WO-2162458,ASSET-00483,Preventive,,0,,000160000448
WO-2162459,ASSET-00484,Corrective,SPINDLE-SEIZURE,50,1911,000160000449
WO-2162460,ASSET-00484,Corrective,SENSOR-FAULT,200,1952,000160000449
WO-2162461,ASSET-00484,Preventive,,0,,000160000449
WO-2162462,ASSET-00485,Corrective,SENSOR-FAULT,216,563,000160000450
WO-2162463,ASSET-00485,Preventive,,0,,000160000450
WO-2162464,ASSET-00485,Preventive,,0,,000160000450
WO-2162465,ASSET-00485,Corrective,MOTOR-BURNOUT,80,1731,000160000450
WO-2162466,ASSET-00485,Preventive,,0,,000160000450
WO-2162467,ASSET-00485,Preventive,,0,,000160000450
WO-2162468,ASSET-00485,Corrective,PNEUMATIC-LEAK,108,1800,000160000450
WO-2162469,ASSET-00486,Preventive,,0,,000160000451
WO-2162470,ASSET-00486,Corrective,PNEUMATIC-LEAK,196,1543,000160000451
WO-2162471,ASSET-00486,Corrective,HYDRAULIC-LEAK,220,1234,000160000451
WO-2162472,ASSET-00486,Emergency,BELT-FAILURE,449,1002,000160000451
WO-2162473,ASSET-00486,Preventive,,0,,000160000451
WO-2162474,ASSET-00486,Preventive,,0,,000160000451
WO-2162475,ASSET-00486,Preventive,,0,,000160000451
WO-2162476,ASSET-00487,Corrective,HYDRAULIC-LEAK,104,1683,000160000452
WO-2162477,ASSET-00487,Corrective,DIE-WEAR,199,642,000160000452
WO-2162478,ASSET-00487,Preventive,,0,,000160000452
WO-2162479,ASSET-00487,Preventive,,0,,000160000452
WO-2162480,ASSET-00487,Corrective,SENSOR-FAULT,96,476,000160000452
WO-2162481,ASSET-00488,Corrective,HYDRAULIC-LEAK,186,1311,000160000453
WO-2162482,ASSET-00489,Emergency,DIE-WEAR,332,900,000160000454
WO-2162483,ASSET-00489,Emergency,DIE-WEAR,448,884,000160000454
WO-2162484,ASSET-00489,Corrective,PNEUMATIC-LEAK,123,1339,000160000454
WO-2162485,ASSET-00489,Preventive,,0,,000160000454
WO-2162486,ASSET-00489,Corrective,BEARING-FAILURE,124,1856,000160000454
WO-2162487,ASSET-00490,Preventive,,0,,000160000455
WO-2162488,ASSET-00490,Preventive,,0,,000160000455
WO-2162489,ASSET-00490,Preventive,,0,,000160000455
WO-2162490,ASSET-00490,Preventive,,0,,000160000455
WO-2162491,ASSET-00490,Preventive,,0,,000160000455
WO-2162492,ASSET-00490,Corrective,PNEUMATIC-LEAK,140,221,000160000455
WO-2162493,ASSET-00490,Preventive,,0,,000160000455
WO-2162494,ASSET-00491,Preventive,,0,,000160000456
WO-2162495,ASSET-00491,Corrective,BEARING-FAILURE,84,1028,000160000456
WO-2162496,ASSET-00491,Corrective,HYDRAULIC-LEAK,150,1355,000160000456
WO-2162497,ASSET-00491,Corrective,SPINDLE-SEIZURE,134,1032,000160000456
WO-2162498,ASSET-00491,Preventive,,0,,000160000456
WO-2162499,ASSET-00491,Emergency,SPINDLE-SEIZURE,480,350,000160000456
WO-2162500,ASSET-00491,Emergency,PNEUMATIC-LEAK,442,321,000160000456
WO-2162501,ASSET-00492,Preventive,,0,,000160000457
WO-2162502,ASSET-00492,Corrective,CONTROLLER-FAULT,163,365,000160000457
WO-2162503,ASSET-00492,Preventive,,0,,000160000457
WO-2162504,ASSET-00492,Preventive,,0,,000160000457
WO-2162505,ASSET-00492,Corrective,CALIBRATION-DRIFT,116,935,000160000457
WO-2162506,ASSET-00492,Emergency,CONTROLLER-FAULT,476,1525,000160000457
WO-2162507,ASSET-00492,Preventive,,0,,000160000457
WO-2162508,ASSET-00493,Preventive,,0,,000160000458
WO-2162509,ASSET-00493,Corrective,HYDRAULIC-LEAK,105,1359,000160000458
WO-2162510,ASSET-00493,Preventive,,0,,000160000458
WO-2162511,ASSET-00493,Corrective,BEARING-FAILURE,202,1864,000160000458
WO-2162512,ASSET-00494,Emergency,SENSOR-FAULT,131,1092,
WO-2162513,ASSET-00494,Preventive,,0,,
WO-2162514,ASSET-00494,Preventive,,0,,
WO-2162515,ASSET-00494,Preventive,,0,,
WO-2162516,ASSET-00495,Preventive,,0,,000160000460
WO-2162517,ASSET-00495,Preventive,,0,,000160000460
WO-2162518,ASSET-00495,Corrective,CALIBRATION-DRIFT,84,658,000160000460
WO-2162519,ASSET-00495,Preventive,,0,,000160000460
WO-2162520,ASSET-00496,Preventive,,0,,000160000461
WO-2162521,ASSET-00497,Preventive,,0,,000160000462
WO-2162522,ASSET-00497,Preventive,,0,,000160000462
WO-2162523,ASSET-00497,Preventive,,0,,000160000462
WO-2162524,ASSET-00498,Preventive,,0,,000160000463
WO-2162525,ASSET-00498,Preventive,,0,,000160000463
WO-2162526,ASSET-00498,Corrective,PNEUMATIC-LEAK,156,1417,000160000463
WO-2162527,ASSET-00498,Corrective,SENSOR-FAULT,206,1535,000160000463
WO-2162528,ASSET-00498,Emergency,HYDRAULIC-LEAK,461,890,000160000463
WO-2162529,ASSET-00498,Corrective,CALIBRATION-DRIFT,73,208,000160000463
WO-2162530,ASSET-00498,Preventive,,0,,000160000463
WO-2162531,ASSET-00498,Preventive,,0,,000160000463
WO-2162532,ASSET-00499,Corrective,BELT-FAILURE,209,1001,000160000464
WO-2162533,ASSET-00499,Corrective,SENSOR-FAULT,101,1310,000160000464
WO-2162534,ASSET-00500,Corrective,MOTOR-BURNOUT,76,448,000160000465
WO-2162535,ASSET-00500,Preventive,,0,,000160000465
WO-2162536,ASSET-00500,Corrective,SPINDLE-SEIZURE,210,1411,000160000465
WO-2162537,ASSET-00500,Preventive,,0,,000160000465
WO-2162538,ASSET-00500,Corrective,CALIBRATION-DRIFT,238,717,000160000465
WO-2162539,ASSET-00501,Preventive,,0,,000160000466
WO-2162540,ASSET-00501,Preventive,,0,,000160000466
WO-2162541,ASSET-00501,Preventive,,0,,000160000466
WO-2162542,ASSET-00501,Corrective,PNEUMATIC-LEAK,137,216,000160000466
WO-2162543,ASSET-00501,Corrective,CONTROLLER-FAULT,96,1028,000160000466
WO-2162544,ASSET-00501,Preventive,,0,,000160000466
WO-2162545,ASSET-00501,Corrective,BEARING-FAILURE,193,1427,000160000466
WO-2162546,ASSET-00501,Preventive,,0,,000160000466
WO-2162547,ASSET-00501,Preventive,,0,,000160000466
WO-2162548,ASSET-00502,Preventive,,0,,000160000467
WO-2162549,ASSET-00502,Preventive,,0,,000160000467
WO-2162550,ASSET-00502,Preventive,,0,,000160000467
WO-2162551,ASSET-00502,Corrective,BELT-FAILURE,159,1694,000160000467
WO-2162552,ASSET-00502,Corrective,CALIBRATION-DRIFT,87,1214,000160000467
WO-2162553,ASSET-00502,Preventive,,0,,000160000467
WO-2162554,ASSET-00503,Preventive,,0,,000160000468
WO-2162555,ASSET-00503,Corrective,CALIBRATION-DRIFT,131,439,000160000468
WO-2162556,ASSET-00503,Corrective,BEARING-FAILURE,93,1733,000160000468
WO-2162557,ASSET-00503,Corrective,SENSOR-FAULT,217,608,000160000468
WO-2162558,ASSET-00503,Preventive,,0,,000160000468
WO-2162559,ASSET-00504,Corrective,BELT-FAILURE,72,993,000160000469
WO-2162560,ASSET-00504,Preventive,,0,,000160000469
WO-2162561,ASSET-00504,Emergency,MOTOR-BURNOUT,231,1082,000160000469
WO-2162562,ASSET-00504,Preventive,,0,,000160000469
WO-2162563,ASSET-00504,Corrective,HYDRAULIC-LEAK,176,1635,000160000469
WO-2162564,ASSET-00505,Emergency,CALIBRATION-DRIFT,375,1269,000160000470
WO-2162565,ASSET-00505,Corrective,MOTOR-BURNOUT,155,1583,000160000470
WO-2162566,ASSET-00505,Preventive,,0,,000160000470
WO-2162567,ASSET-00505,Emergency,MOTOR-BURNOUT,201,1898,000160000470
WO-2162568,ASSET-00505,Preventive,,0,,000160000470
WO-2162569,ASSET-00506,Preventive,,0,,000160000471
WO-2162570,ASSET-00506,Preventive,,0,,000160000471
WO-2162571,ASSET-00506,Preventive,,0,,000160000471
WO-2162572,ASSET-00506,Preventive,,0,,000160000471
WO-2162573,ASSET-00507,Corrective,BEARING-FAILURE,69,1126,000160000472
WO-2162574,ASSET-00507,Preventive,,0,,000160000472
WO-2162575,ASSET-00507,Corrective,CONTROLLER-FAULT,73,951,000160000472
WO-2162576,ASSET-00508,Preventive,,0,,
WO-2162577,ASSET-00508,Preventive,,0,,
WO-2162578,ASSET-00508,Emergency,SPINDLE-SEIZURE,586,1359,
WO-2162579,ASSET-00508,Preventive,,0,,
WO-2162580,ASSET-00508,Corrective,SPINDLE-SEIZURE,134,1561,
WO-2162581,ASSET-00508,Preventive,,0,,
WO-2162582,ASSET-00508,Preventive,,0,,
WO-2162583,ASSET-00509,Preventive,,0,,000160000473
WO-2162584,ASSET-00509,Corrective,HYDRAULIC-LEAK,103,1329,000160000473
WO-2162585,ASSET-00509,Corrective,CONTROLLER-FAULT,104,690,000160000473
WO-2162586,ASSET-00509,Preventive,,0,,000160000473
WO-2162587,ASSET-00509,Preventive,,0,,000160000473
WO-2162588,ASSET-00510,Preventive,,0,,000160000474
WO-2162589,ASSET-00510,Preventive,,0,,000160000474
WO-2162590,ASSET-00510,Preventive,,0,,000160000474
WO-2162591,ASSET-00510,Corrective,CALIBRATION-DRIFT,235,1361,000160000474
WO-2162592,ASSET-00510,Corrective,BELT-FAILURE,222,279,000160000474
WO-2162593,ASSET-00510,Preventive,,0,,000160000474
WO-2162594,ASSET-00511,Preventive,,0,,000160000475
WO-2162595,ASSET-00511,Preventive,,0,,000160000475
WO-2162596,ASSET-00511,Preventive,,0,,000160000475
WO-2162597,ASSET-00511,Preventive,,0,,000160000475
WO-2162598,ASSET-00512,Emergency,SPINDLE-SEIZURE,84,860,000160000476
WO-2162599,ASSET-00512,Preventive,,0,,000160000476
WO-2162600,ASSET-00512,Corrective,SPINDLE-SEIZURE,32,881,000160000476
WO-2162601,ASSET-00512,Preventive,,0,,000160000476
WO-2162602,ASSET-00512,Corrective,CONTROLLER-FAULT,97,1696,000160000476
WO-2162603,ASSET-00512,Preventive,,0,,000160000476
WO-2162604,ASSET-00512,Corrective,MOTOR-BURNOUT,101,1381,000160000476
WO-2162605,ASSET-00512,Preventive,,0,,000160000476
WO-2162606,ASSET-00512,Corrective,SENSOR-FAULT,126,700,000160000476
WO-2162607,ASSET-00512,Preventive,,0,,000160000476
WO-2162608,ASSET-00513,Corrective,PNEUMATIC-LEAK,136,1631,000160000477
WO-2162609,ASSET-00513,Preventive,,0,,000160000477
WO-2162610,ASSET-00513,Emergency,CALIBRATION-DRIFT,570,1698,000160000477
WO-2162611,ASSET-00513,Preventive,,0,,000160000477
WO-2162612,ASSET-00513,Corrective,BELT-FAILURE,130,1598,000160000477
WO-2162613,ASSET-00513,Preventive,,0,,000160000477
WO-2162614,ASSET-00513,Preventive,,0,,000160000477
WO-2162615,ASSET-00514,Preventive,,0,,
WO-2162616,ASSET-00514,Preventive,,0,,
WO-2162617,ASSET-00514,Preventive,,0,,
WO-2162618,ASSET-00515,Corrective,PNEUMATIC-LEAK,110,232,000160000478
WO-2162619,ASSET-00515,Preventive,,0,,000160000478
WO-2162620,ASSET-00515,Preventive,,0,,000160000478
WO-2162621,ASSET-00515,Preventive,,0,,000160000478
WO-2162622,ASSET-00515,Corrective,CALIBRATION-DRIFT,182,1305,000160000478
WO-2162623,ASSET-00515,Preventive,,0,,000160000478
WO-2162624,ASSET-00515,Emergency,CONTROLLER-FAULT,165,1469,000160000478
WO-2162625,ASSET-00516,Preventive,,0,,
WO-2162626,ASSET-00516,Preventive,,0,,
WO-2162627,ASSET-00516,Corrective,HYDRAULIC-LEAK,78,863,
WO-2162628,ASSET-00516,Corrective,PNEUMATIC-LEAK,83,853,
WO-2162629,ASSET-00516,Preventive,,0,,
WO-2162630,ASSET-00516,Preventive,,0,,
WO-2162631,ASSET-00516,Preventive,,0,,
WO-2162632,ASSET-00516,Preventive,,0,,
WO-2162633,ASSET-00516,Preventive,,0,,
WO-2162634,ASSET-00517,Preventive,,0,,
WO-2162635,ASSET-00517,Corrective,BELT-FAILURE,48,969,
WO-2162636,ASSET-00517,Corrective,BEARING-FAILURE,78,1275,
WO-2162637,ASSET-00517,Preventive,,0,,
WO-2162638,ASSET-00517,Emergency,SENSOR-FAULT,92,883,
WO-2162639,ASSET-00518,Preventive,,0,,000160000479
WO-2162640,ASSET-00518,Preventive,,0,,000160000479
WO-2162641,ASSET-00518,Preventive,,0,,000160000479
WO-2162642,ASSET-00518,Preventive,,0,,000160000479
WO-2162643,ASSET-00518,Corrective,DIE-WEAR,137,1083,000160000479
WO-2162644,ASSET-00519,Corrective,BEARING-FAILURE,202,1983,000160000480
WO-2162645,ASSET-00519,Corrective,BEARING-FAILURE,126,1926,000160000480
WO-2162646,ASSET-00519,Corrective,SPINDLE-SEIZURE,133,896,000160000480
WO-2162647,ASSET-00520,Preventive,,0,,000160000481
WO-2162648,ASSET-00520,Preventive,,0,,000160000481
WO-2162649,ASSET-00520,Corrective,BEARING-FAILURE,224,1874,000160000481
WO-2162650,ASSET-00520,Preventive,,0,,000160000481
WO-2162651,ASSET-00520,Corrective,PNEUMATIC-LEAK,84,1722,000160000481
WO-2162652,ASSET-00520,Corrective,CONTROLLER-FAULT,150,1789,000160000481
WO-2162653,ASSET-00521,Preventive,,0,,000160000482
WO-2162654,ASSET-00521,Emergency,CONTROLLER-FAULT,177,861,000160000482
WO-2162655,ASSET-00522,Corrective,PNEUMATIC-LEAK,30,1078,000160000483
WO-2162656,ASSET-00522,Corrective,CALIBRATION-DRIFT,226,833,000160000483
WO-2162657,ASSET-00522,Preventive,,0,,000160000483
WO-2162658,ASSET-00522,Preventive,,0,,000160000483
WO-2162659,ASSET-00523,Preventive,,0,,000160000484
WO-2162660,ASSET-00523,Emergency,CONTROLLER-FAULT,334,1632,000160000484
WO-2162661,ASSET-00523,Corrective,DIE-WEAR,143,1248,000160000484
WO-2162662,ASSET-00523,Emergency,BELT-FAILURE,187,666,000160000484
WO-2162663,ASSET-00523,Corrective,SENSOR-FAULT,223,1107,000160000484
WO-2162664,ASSET-00524,Corrective,SPINDLE-SEIZURE,104,1480,000160000486
WO-2162665,ASSET-00524,Preventive,,0,,000160000486
WO-2162666,ASSET-00524,Preventive,,0,,000160000486
WO-2162667,ASSET-00524,Corrective,SPINDLE-SEIZURE,53,575,000160000486
WO-2162668,ASSET-00524,Corrective,CONTROLLER-FAULT,141,1406,000160000486
WO-2162669,ASSET-00524,Emergency,HYDRAULIC-LEAK,94,1387,000160000486
WO-2162670,ASSET-00524,Preventive,,0,,000160000486
WO-2162671,ASSET-00524,Preventive,,0,,000160000486
WO-2162672,ASSET-00524,Preventive,,0,,000160000486
WO-2162673,ASSET-00525,Preventive,,0,,000160000487
WO-2162674,ASSET-00525,Corrective,SPINDLE-SEIZURE,106,923,000160000487
WO-2162675,ASSET-00525,Corrective,SPINDLE-SEIZURE,66,463,000160000487
WO-2162676,ASSET-00525,Corrective,BEARING-FAILURE,102,1434,000160000487
WO-2162677,ASSET-00526,Corrective,CONTROLLER-FAULT,179,766,000160000488
WO-2162678,ASSET-00526,Preventive,,0,,000160000488
WO-2162679,ASSET-00526,Preventive,,0,,000160000488
WO-2162680,ASSET-00526,Preventive,,0,,000160000488
WO-2162681,ASSET-00526,Emergency,DIE-WEAR,359,705,000160000488
WO-2162682,ASSET-00526,Corrective,BEARING-FAILURE,48,1109,000160000488
WO-2162683,ASSET-00527,Preventive,,0,,000160000489
WO-2162684,ASSET-00527,Preventive,,0,,000160000489
WO-2162685,ASSET-00527,Preventive,,0,,000160000489
WO-2162686,ASSET-00527,Preventive,,0,,000160000489
WO-2162687,ASSET-00527,Preventive,,0,,000160000489
WO-2162688,ASSET-00527,Corrective,SPINDLE-SEIZURE,84,756,000160000489
WO-2162689,ASSET-00527,Emergency,DIE-WEAR,96,915,000160000489
WO-2162690,ASSET-00527,Preventive,,0,,000160000489
WO-2162691,ASSET-00528,Preventive,,0,,
WO-2162692,ASSET-00528,Preventive,,0,,
WO-2162693,ASSET-00528,Preventive,,0,,
WO-2162694,ASSET-00528,Corrective,HYDRAULIC-LEAK,89,1126,
WO-2162695,ASSET-00528,Preventive,,0,,
WO-2162696,ASSET-00528,Preventive,,0,,
WO-2162697,ASSET-00528,Preventive,,0,,
WO-2162698,ASSET-00529,Corrective,MOTOR-BURNOUT,88,960,000160000490
WO-2162699,ASSET-00529,Corrective,SPINDLE-SEIZURE,218,223,000160000490
WO-2162700,ASSET-00529,Preventive,,0,,000160000490
WO-2162701,ASSET-00529,Preventive,,0,,000160000490
WO-2162702,ASSET-00529,Preventive,,0,,000160000490
WO-2162703,ASSET-00529,Preventive,,0,,000160000490
WO-2162704,ASSET-00529,Preventive,,0,,000160000490
WO-2162705,ASSET-00529,Corrective,CALIBRATION-DRIFT,199,551,000160000490
WO-2162706,ASSET-00529,Preventive,,0,,000160000490
WO-2162707,ASSET-00530,Preventive,,0,,000160000491
WO-2162708,ASSET-00530,Preventive,,0,,000160000491
WO-2162709,ASSET-00530,Emergency,BEARING-FAILURE,107,1534,000160000491
WO-2162710,ASSET-00530,Corrective,HYDRAULIC-LEAK,171,453,000160000491
WO-2162711,ASSET-00530,Preventive,,0,,000160000491
WO-2162712,ASSET-00531,Corrective,BELT-FAILURE,57,468,000160000492
WO-2162713,ASSET-00531,Preventive,,0,,000160000492
WO-2162714,ASSET-00531,Preventive,,0,,000160000492
WO-2162715,ASSET-00531,Preventive,,0,,000160000492
WO-2162716,ASSET-00531,Corrective,SPINDLE-SEIZURE,208,1343,000160000492
WO-2162717,ASSET-00531,Preventive,,0,,000160000492
WO-2162718,ASSET-00531,Emergency,CONTROLLER-FAULT,313,1251,000160000492
WO-2162719,ASSET-00531,Preventive,,0,,000160000492
WO-2162720,ASSET-00532,Preventive,,0,,000160000493
WO-2162721,ASSET-00532,Preventive,,0,,000160000493
WO-2162722,ASSET-00532,Preventive,,0,,000160000493
WO-2162723,ASSET-00533,Preventive,,0,,000160000494
WO-2162724,ASSET-00533,Preventive,,0,,000160000494
WO-2162725,ASSET-00534,Preventive,,0,,000160000495
WO-2162726,ASSET-00534,Corrective,HYDRAULIC-LEAK,63,1057,000160000495
WO-2162727,ASSET-00534,Corrective,HYDRAULIC-LEAK,225,1249,000160000495
WO-2162728,ASSET-00534,Emergency,BEARING-FAILURE,305,232,000160000495
WO-2162729,ASSET-00535,Preventive,,0,,
WO-2162730,ASSET-00535,Preventive,,0,,
WO-2162731,ASSET-00535,Corrective,CONTROLLER-FAULT,192,823,
WO-2162732,ASSET-00535,Preventive,,0,,
WO-2162733,ASSET-00536,Preventive,,0,,000160000496
WO-2162734,ASSET-00536,Preventive,,0,,000160000496
WO-2162735,ASSET-00536,Corrective,DIE-WEAR,59,220,000160000496
WO-2162736,ASSET-00536,Emergency,MOTOR-BURNOUT,291,1653,000160000496
WO-2162737,ASSET-00537,Preventive,,0,,000160000497
WO-2162738,ASSET-00537,Emergency,HYDRAULIC-LEAK,382,651,000160000497
WO-2162739,ASSET-00537,Preventive,,0,,000160000497
WO-2162740,ASSET-00537,Preventive,,0,,000160000497
WO-2162741,ASSET-00538,Preventive,,0,,000160000498
WO-2162742,ASSET-00538,Preventive,,0,,000160000498
WO-2162743,ASSET-00538,Corrective,DIE-WEAR,226,330,000160000498
WO-2162744,ASSET-00538,Preventive,,0,,000160000498
WO-2162745,ASSET-00538,Corrective,HYDRAULIC-LEAK,142,478,000160000498
WO-2162746,ASSET-00538,Preventive,,0,,000160000498
WO-2162747,ASSET-00539,Corrective,DIE-WEAR,88,1143,000160000499
WO-2162748,ASSET-00539,Preventive,,0,,000160000499
WO-2162749,ASSET-00539,Corrective,BELT-FAILURE,202,1308,000160000499
WO-2162750,ASSET-00540,Emergency,CALIBRATION-DRIFT,594,1914,000160000500
WO-2162751,ASSET-00540,Corrective,CALIBRATION-DRIFT,57,816,000160000500
WO-2162752,ASSET-00540,Preventive,,0,,000160000500
WO-2162753,ASSET-00541,Preventive,,0,,000160000501
WO-2162754,ASSET-00541,Emergency,SPINDLE-SEIZURE,377,262,000160000501
WO-2162755,ASSET-00541,Preventive,,0,,000160000501
WO-2162756,ASSET-00541,Corrective,DIE-WEAR,236,497,000160000501
WO-2162757,ASSET-00542,Preventive,,0,,000160000502
WO-2162758,ASSET-00542,Corrective,MOTOR-BURNOUT,111,472,000160000502
WO-2162759,ASSET-00542,Preventive,,0,,000160000502
WO-2162760,ASSET-00543,Preventive,,0,,000160000503
WO-2162761,ASSET-00543,Corrective,HYDRAULIC-LEAK,101,907,000160000503
WO-2162762,ASSET-00543,Corrective,DIE-WEAR,68,1905,000160000503
WO-2162763,ASSET-00543,Preventive,,0,,000160000503
WO-2162764,ASSET-00543,Preventive,,0,,000160000503
WO-2162765,ASSET-00543,Corrective,DIE-WEAR,137,1730,000160000503
WO-2162766,ASSET-00544,Corrective,BEARING-FAILURE,171,612,000160000504
WO-2162767,ASSET-00544,Preventive,,0,,000160000504
WO-2162768,ASSET-00544,Preventive,,0,,000160000504
WO-2162769,ASSET-00544,Corrective,PNEUMATIC-LEAK,67,1053,000160000504
WO-2162770,ASSET-00544,Preventive,,0,,000160000504
WO-2162771,ASSET-00544,Preventive,,0,,000160000504
WO-2162772,ASSET-00544,Preventive,,0,,000160000504
WO-2162773,ASSET-00544,Emergency,HYDRAULIC-LEAK,452,1980,000160000504
WO-2162774,ASSET-00545,Emergency,BELT-FAILURE,222,1107,000160000505
WO-2162775,ASSET-00545,Preventive,,0,,000160000505
WO-2162776,ASSET-00545,Preventive,,0,,000160000505
WO-2162777,ASSET-00545,Preventive,,0,,000160000505
WO-2162778,ASSET-00545,Corrective,PNEUMATIC-LEAK,237,1399,000160000505
WO-2162779,ASSET-00545,Corrective,HYDRAULIC-LEAK,71,1659,000160000505
WO-2162780,ASSET-00546,Preventive,,0,,000160000506
WO-2162781,ASSET-00546,Preventive,,0,,000160000506
WO-2162782,ASSET-00546,Corrective,SENSOR-FAULT,184,389,000160000506
WO-2162783,ASSET-00546,Corrective,CONTROLLER-FAULT,124,1832,000160000506
WO-2162784,ASSET-00546,Emergency,CONTROLLER-FAULT,390,1818,000160000506
WO-2162785,ASSET-00546,Preventive,,0,,000160000506
WO-2162786,ASSET-00546,Preventive,,0,,000160000506
WO-2162787,ASSET-00547,Preventive,,0,,000160000507
WO-2162788,ASSET-00547,Preventive,,0,,000160000507
WO-2162789,ASSET-00547,Preventive,,0,,000160000507
WO-2162790,ASSET-00547,Corrective,MOTOR-BURNOUT,125,1284,000160000507
WO-2162791,ASSET-00547,Corrective,BEARING-FAILURE,142,409,000160000507
WO-2162792,ASSET-00547,Corrective,SENSOR-FAULT,172,1445,000160000507
WO-2162793,ASSET-00547,Corrective,HYDRAULIC-LEAK,114,731,000160000507
WO-2162794,ASSET-00547,Corrective,PNEUMATIC-LEAK,208,712,000160000507
WO-2162795,ASSET-00548,Preventive,,0,,000160000508
WO-2162796,ASSET-00548,Preventive,,0,,000160000508
WO-2162797,ASSET-00548,Emergency,DIE-WEAR,478,951,000160000508
WO-2162798,ASSET-00548,Preventive,,0,,000160000508
WO-2162799,ASSET-00549,Preventive,,0,,000160000509
WO-2162800,ASSET-00549,Corrective,HYDRAULIC-LEAK,236,330,000160000509
WO-2162801,ASSET-00550,Preventive,,0,,000160000510
WO-2162802,ASSET-00550,Preventive,,0,,000160000510
WO-2162803,ASSET-00550,Preventive,,0,,000160000510
WO-2162804,ASSET-00550,Emergency,PNEUMATIC-LEAK,489,959,000160000510
WO-2162805,ASSET-00550,Preventive,,0,,000160000510
WO-2162806,ASSET-00550,Preventive,,0,,000160000510
WO-2162807,ASSET-00550,Preventive,,0,,000160000510
WO-2162808,ASSET-00551,Preventive,,0,,000160000511
WO-2162809,ASSET-00551,Preventive,,0,,000160000511
WO-2162810,ASSET-00551,Preventive,,0,,000160000511
WO-2162811,ASSET-00551,Corrective,SENSOR-FAULT,46,1074,000160000511
WO-2162812,ASSET-00551,Emergency,BELT-FAILURE,482,230,000160000511
WO-2162813,ASSET-00552,Preventive,,0,,000160000512
WO-2162814,ASSET-00552,Preventive,,0,,000160000512
WO-2162815,ASSET-00552,Corrective,DIE-WEAR,214,1290,000160000512
WO-2162816,ASSET-00552,Preventive,,0,,000160000512
WO-2162817,ASSET-00552,Preventive,,0,,000160000512
WO-2162818,ASSET-00553,Preventive,,0,,000160000513
WO-2162819,ASSET-00553,Preventive,,0,,000160000513
WO-2162820,ASSET-00554,Corrective,HYDRAULIC-LEAK,100,1719,
WO-2162821,ASSET-00554,Emergency,SPINDLE-SEIZURE,376,548,
WO-2162822,ASSET-00554,Emergency,HYDRAULIC-LEAK,80,808,
WO-2162823,ASSET-00554,Corrective,DIE-WEAR,220,1648,
WO-2162824,ASSET-00554,Corrective,DIE-WEAR,180,1026,
WO-2162825,ASSET-00555,Emergency,MOTOR-BURNOUT,217,1334,000160000514
WO-2162826,ASSET-00555,Preventive,,0,,000160000514
WO-2162827,ASSET-00555,Corrective,SENSOR-FAULT,30,1160,000160000514
WO-2162828,ASSET-00555,Preventive,,0,,000160000514
WO-2162829,ASSET-00555,Corrective,DIE-WEAR,121,515,000160000514
WO-2162830,ASSET-00555,Corrective,CALIBRATION-DRIFT,182,1192,000160000514
WO-2162831,ASSET-00555,Corrective,SPINDLE-SEIZURE,236,1051,000160000514
WO-2162832,ASSET-00555,Preventive,,0,,000160000514
WO-2162833,ASSET-00555,Corrective,CALIBRATION-DRIFT,34,1182,000160000514
WO-2162834,ASSET-00556,Emergency,BELT-FAILURE,518,518,000160000515
WO-2162835,ASSET-00556,Corrective,SENSOR-FAULT,171,1374,000160000515
WO-2162836,ASSET-00556,Preventive,,0,,000160000515
WO-2162837,ASSET-00556,Preventive,,0,,000160000515
WO-2162838,ASSET-00556,Corrective,BEARING-FAILURE,57,1957,000160000515
WO-2162839,ASSET-00556,Preventive,,0,,000160000515
WO-2162840,ASSET-00557,Preventive,,0,,000160000516
WO-2162841,ASSET-00557,Corrective,HYDRAULIC-LEAK,183,681,000160000516
WO-2162842,ASSET-00557,Corrective,HYDRAULIC-LEAK,219,1838,000160000516
WO-2162843,ASSET-00557,Preventive,,0,,000160000516
WO-2162844,ASSET-00557,Preventive,,0,,000160000516
WO-2162845,ASSET-00557,Corrective,SPINDLE-SEIZURE,216,1069,000160000516
WO-2162846,ASSET-00557,Corrective,BEARING-FAILURE,35,1802,000160000516
WO-2162847,ASSET-00558,Corrective,SENSOR-FAULT,93,1943,000160000517
WO-2162848,ASSET-00558,Preventive,,0,,000160000517
WO-2162849,ASSET-00558,Preventive,,0,,000160000517
WO-2162850,ASSET-00558,Corrective,HYDRAULIC-LEAK,104,1472,000160000517
WO-2162851,ASSET-00558,Preventive,,0,,000160000517
WO-2162852,ASSET-00558,Emergency,DIE-WEAR,396,1890,000160000517
WO-2162853,ASSET-00558,Corrective,DIE-WEAR,149,336,000160000517
WO-2162854,ASSET-00558,Corrective,DIE-WEAR,238,519,000160000517
WO-2162855,ASSET-00559,Corrective,MOTOR-BURNOUT,205,1189,000160000518
WO-2162856,ASSET-00559,Corrective,DIE-WEAR,43,709,000160000518
WO-2162857,ASSET-00559,Emergency,MOTOR-BURNOUT,554,1280,000160000518
WO-2162858,ASSET-00559,Corrective,DIE-WEAR,216,1692,000160000518
WO-2162859,ASSET-00559,Preventive,,0,,000160000518
WO-2162860,ASSET-00559,Corrective,SENSOR-FAULT,87,1679,000160000518
WO-2162861,ASSET-00559,Emergency,SPINDLE-SEIZURE,85,1973,000160000518
WO-2162862,ASSET-00559,Preventive,,0,,000160000518
WO-2162863,ASSET-00560,Preventive,,0,,000160000519
WO-2162864,ASSET-00560,Preventive,,0,,000160000519
WO-2162865,ASSET-00560,Preventive,,0,,000160000519
WO-2162866,ASSET-00560,Preventive,,0,,000160000519
WO-2162867,ASSET-00561,Preventive,,0,,000160000520
WO-2162868,ASSET-00561,Preventive,,0,,000160000520
WO-2162869,ASSET-00561,Corrective,BEARING-FAILURE,201,1599,000160000520
WO-2162870,ASSET-00561,Preventive,,0,,000160000520
WO-2162871,ASSET-00561,Preventive,,0,,000160000520
WO-2162872,ASSET-00561,Preventive,,0,,000160000520
WO-2162873,ASSET-00561,Preventive,,0,,000160000520
WO-2162874,ASSET-00561,Preventive,,0,,000160000520
WO-2162875,ASSET-00561,Corrective,CONTROLLER-FAULT,133,745,000160000520
WO-2162876,ASSET-00562,Corrective,CONTROLLER-FAULT,43,1697,000160000521
WO-2162877,ASSET-00562,Preventive,,0,,000160000521
WO-2162878,ASSET-00562,Preventive,,0,,000160000521
WO-2162879,ASSET-00562,Preventive,,0,,000160000521
WO-2162880,ASSET-00562,Preventive,,0,,000160000521
WO-2162881,ASSET-00562,Preventive,,0,,000160000521
WO-2162882,ASSET-00563,Preventive,,0,,000160000522
WO-2162883,ASSET-00563,Preventive,,0,,000160000522
WO-2162884,ASSET-00563,Preventive,,0,,000160000522
WO-2162885,ASSET-00563,Preventive,,0,,000160000522
WO-2162886,ASSET-00563,Corrective,HYDRAULIC-LEAK,157,1421,000160000522
WO-2162887,ASSET-00564,Corrective,SENSOR-FAULT,201,1748,000160000523
WO-2162888,ASSET-00564,Preventive,,0,,000160000523
WO-2162889,ASSET-00564,Corrective,MOTOR-BURNOUT,87,1518,000160000523
WO-2162890,ASSET-00564,Corrective,BELT-FAILURE,183,1726,000160000523
WO-2162891,ASSET-00564,Emergency,PNEUMATIC-LEAK,546,1879,000160000523
WO-2162892,ASSET-00565,Preventive,,0,,000160000524
WO-2162893,ASSET-00565,Corrective,SPINDLE-SEIZURE,119,1121,000160000524
WO-2162894,ASSET-00565,Corrective,SPINDLE-SEIZURE,90,223,000160000524
WO-2162895,ASSET-00565,Preventive,,0,,000160000524
WO-2162896,ASSET-00566,Preventive,,0,,000160000525
WO-2162897,ASSET-00566,Corrective,BELT-FAILURE,171,706,000160000525
WO-2162898,ASSET-00566,Preventive,,0,,000160000525
WO-2162899,ASSET-00566,Preventive,,0,,000160000525
WO-2162900,ASSET-00566,Corrective,HYDRAULIC-LEAK,54,862,000160000525
WO-2162901,ASSET-00566,Corrective,DIE-WEAR,213,1507,000160000525
WO-2162902,ASSET-00566,Preventive,,0,,000160000525
WO-2162903,ASSET-00566,Corrective,CALIBRATION-DRIFT,40,1910,000160000525
WO-2162904,ASSET-00566,Preventive,,0,,000160000525
WO-2162905,ASSET-00567,Preventive,,0,,000160000526
WO-2162906,ASSET-00567,Corrective,SENSOR-FAULT,128,1852,000160000526
WO-2162907,ASSET-00567,Preventive,,0,,000160000526
WO-2162908,ASSET-00567,Corrective,SPINDLE-SEIZURE,214,1653,000160000526
WO-2162909,ASSET-00567,Preventive,,0,,000160000526
WO-2162910,ASSET-00567,Preventive,,0,,000160000526
WO-2162911,ASSET-00568,Corrective,BEARING-FAILURE,155,1641,000160000527
WO-2162912,ASSET-00568,Preventive,,0,,000160000527
WO-2162913,ASSET-00568,Emergency,DIE-WEAR,235,1566,000160000527
WO-2162914,ASSET-00568,Emergency,MOTOR-BURNOUT,324,1217,000160000527
WO-2162915,ASSET-00568,Preventive,,0,,000160000527
WO-2162916,ASSET-00569,Preventive,,0,,
WO-2162917,ASSET-00569,Preventive,,0,,
WO-2162918,ASSET-00569,Preventive,,0,,
WO-2162919,ASSET-00569,Preventive,,0,,
WO-2162920,ASSET-00569,Preventive,,0,,
WO-2162921,ASSET-00569,Emergency,MOTOR-BURNOUT,590,255,
WO-2162922,ASSET-00569,Corrective,DIE-WEAR,122,1341,
WO-2162923,ASSET-00570,Preventive,,0,,000160000528
WO-2162924,ASSET-00570,Preventive,,0,,000160000528
WO-2162925,ASSET-00570,Emergency,SENSOR-FAULT,209,585,000160000528
WO-2162926,ASSET-00570,Corrective,PNEUMATIC-LEAK,57,621,000160000528
WO-2162927,ASSET-00571,Corrective,DIE-WEAR,37,1037,
WO-2162928,ASSET-00572,Preventive,,0,,000160000529
WO-2162929,ASSET-00572,Preventive,,0,,000160000529
WO-2162930,ASSET-00572,Emergency,BELT-FAILURE,481,1719,000160000529
WO-2162931,ASSET-00572,Emergency,SPINDLE-SEIZURE,381,1739,000160000529
WO-2162932,ASSET-00572,Corrective,DIE-WEAR,233,1740,000160000529
WO-2162933,ASSET-00573,Corrective,SENSOR-FAULT,115,914,000160000530
WO-2162934,ASSET-00573,Preventive,,0,,000160000530
WO-2162935,ASSET-00573,Preventive,,0,,000160000530
WO-2162936,ASSET-00573,Preventive,,0,,000160000530
WO-2162937,ASSET-00574,Corrective,CONTROLLER-FAULT,146,465,000160000531
WO-2162938,ASSET-00574,Corrective,PNEUMATIC-LEAK,67,430,000160000531
WO-2162939,ASSET-00575,Preventive,,0,,000160000532
WO-2162940,ASSET-00575,Emergency,MOTOR-BURNOUT,152,1873,000160000532
WO-2162941,ASSET-00576,Emergency,CALIBRATION-DRIFT,282,1031,000160000533
WO-2162942,ASSET-00576,Preventive,,0,,000160000533
WO-2162943,ASSET-00576,Preventive,,0,,000160000533
WO-2162944,ASSET-00576,Corrective,DIE-WEAR,129,548,000160000533
WO-2162945,ASSET-00576,Emergency,BELT-FAILURE,144,277,000160000533
WO-2162946,ASSET-00576,Preventive,,0,,000160000533
WO-2162947,ASSET-00577,Corrective,SENSOR-FAULT,76,903,
WO-2162948,ASSET-00577,Corrective,PNEUMATIC-LEAK,61,1176,
WO-2162949,ASSET-00577,Corrective,PNEUMATIC-LEAK,71,1573,
WO-2162950,ASSET-00577,Emergency,SENSOR-FAULT,67,1450,
WO-2162951,ASSET-00577,Preventive,,0,,
WO-2162952,ASSET-00577,Preventive,,0,,
WO-2162953,ASSET-00577,Corrective,BELT-FAILURE,77,1873,
WO-2162954,ASSET-00577,Preventive,,0,,
WO-2162955,ASSET-00577,Corrective,DIE-WEAR,114,958,
WO-2162956,ASSET-00578,Emergency,BEARING-FAILURE,437,309,000160000534
WO-2162957,ASSET-00578,Emergency,HYDRAULIC-LEAK,437,1009,000160000534
WO-2162958,ASSET-00578,Corrective,BEARING-FAILURE,71,1420,000160000534
WO-2162959,ASSET-00578,Corrective,SENSOR-FAULT,235,1163,000160000534
WO-2162960,ASSET-00578,Corrective,MOTOR-BURNOUT,45,883,000160000534
WO-2162961,ASSET-00578,Corrective,DIE-WEAR,41,958,000160000534
WO-2162962,ASSET-00579,Preventive,,0,,000160000535
WO-2162963,ASSET-00579,Preventive,,0,,000160000535
WO-2162964,ASSET-00579,Preventive,,0,,000160000535
WO-2162965,ASSET-00579,Preventive,,0,,000160000535
WO-2162966,ASSET-00579,Corrective,SENSOR-FAULT,196,555,000160000535
WO-2162967,ASSET-00580,Corrective,CONTROLLER-FAULT,118,1324,000160000536
WO-2162968,ASSET-00580,Preventive,,0,,000160000536
WO-2162969,ASSET-00580,Emergency,CONTROLLER-FAULT,292,1056,000160000536
WO-2162970,ASSET-00580,Corrective,SPINDLE-SEIZURE,56,1800,000160000536
WO-2162971,ASSET-00580,Corrective,SENSOR-FAULT,112,1235,000160000536
WO-2162972,ASSET-00580,Preventive,,0,,000160000536
WO-2162973,ASSET-00580,Preventive,,0,,000160000536
WO-2162974,ASSET-00580,Preventive,,0,,000160000536
WO-2162975,ASSET-00581,Corrective,MOTOR-BURNOUT,142,1945,000160000537
WO-2162976,ASSET-00581,Emergency,MOTOR-BURNOUT,560,1659,000160000537
WO-2162977,ASSET-00581,Preventive,,0,,000160000537
WO-2162978,ASSET-00581,Preventive,,0,,000160000537
WO-2162979,ASSET-00582,Corrective,CONTROLLER-FAULT,218,1959,000160000538
WO-2162980,ASSET-00582,Preventive,,0,,000160000538
WO-2162981,ASSET-00582,Preventive,,0,,000160000538
WO-2162982,ASSET-00582,Preventive,,0,,000160000538
WO-2162983,ASSET-00582,Emergency,PNEUMATIC-LEAK,533,498,000160000538
WO-2162984,ASSET-00583,Preventive,,0,,000160000539
WO-2162985,ASSET-00583,Preventive,,0,,000160000539
WO-2162986,ASSET-00583,Preventive,,0,,000160000539
WO-2162987,ASSET-00583,Corrective,SENSOR-FAULT,147,1888,000160000539
WO-2162988,ASSET-00583,Preventive,,0,,000160000539
WO-2162989,ASSET-00583,Emergency,BEARING-FAILURE,390,1664,000160000539
WO-2162990,ASSET-00583,Corrective,PNEUMATIC-LEAK,239,1287,000160000539
WO-2162991,ASSET-00584,Preventive,,0,,000160000540
WO-2162992,ASSET-00584,Preventive,,0,,000160000540
WO-2162993,ASSET-00584,Preventive,,0,,000160000540
WO-2162994,ASSET-00584,Preventive,,0,,000160000540
WO-2162995,ASSET-00584,Preventive,,0,,000160000540
WO-2162996,ASSET-00585,Preventive,,0,,000160000541
WO-2162997,ASSET-00585,Preventive,,0,,000160000541
WO-2162998,ASSET-00585,Preventive,,0,,000160000541
WO-2162999,ASSET-00585,Corrective,BEARING-FAILURE,47,1738,000160000541
WO-2163000,ASSET-00585,Preventive,,0,,000160000541
WO-2163001,ASSET-00586,Preventive,,0,,000160000542
WO-2163002,ASSET-00586,Preventive,,0,,000160000542
WO-2163003,ASSET-00586,Preventive,,0,,000160000542
WO-2163004,ASSET-00586,Corrective,MOTOR-BURNOUT,211,907,000160000542
WO-2163005,ASSET-00586,Preventive,,0,,000160000542
WO-2163006,ASSET-00586,Corrective,DIE-WEAR,115,1241,000160000542
WO-2163007,ASSET-00586,Preventive,,0,,000160000542
WO-2163008,ASSET-00587,Corrective,SENSOR-FAULT,84,200,000160000543
WO-2163009,ASSET-00587,Preventive,,0,,000160000543
WO-2163010,ASSET-00588,Corrective,SPINDLE-SEIZURE,235,1871,000160000544
WO-2163011,ASSET-00588,Preventive,,0,,000160000544
WO-2163012,ASSET-00588,Emergency,BEARING-FAILURE,453,784,000160000544
WO-2163013,ASSET-00588,Preventive,,0,,000160000544
WO-2163014,ASSET-00588,Preventive,,0,,000160000544
WO-2163015,ASSET-00588,Preventive,,0,,000160000544
WO-2163016,ASSET-00588,Preventive,,0,,000160000544
WO-2163017,ASSET-00588,Preventive,,0,,000160000544
WO-2163018,ASSET-00589,Preventive,,0,,000160000545
WO-2163019,ASSET-00589,Preventive,,0,,000160000545
WO-2163020,ASSET-00589,Corrective,PNEUMATIC-LEAK,154,1715,000160000545
WO-2163021,ASSET-00589,Corrective,SENSOR-FAULT,200,997,000160000545
WO-2163022,ASSET-00590,Emergency,CALIBRATION-DRIFT,562,708,000160000546
WO-2163023,ASSET-00590,Preventive,,0,,000160000546
WO-2163024,ASSET-00590,Preventive,,0,,000160000546
WO-2163025,ASSET-00590,Corrective,DIE-WEAR,190,1522,000160000546
WO-2163026,ASSET-00590,Preventive,,0,,000160000546
WO-2163027,ASSET-00590,Corrective,BELT-FAILURE,137,554,000160000546
WO-2163028,ASSET-00591,Preventive,,0,,000160000547
WO-2163029,ASSET-00591,Corrective,BELT-FAILURE,125,838,000160000547
WO-2163030,ASSET-00591,Preventive,,0,,000160000547
WO-2163031,ASSET-00591,Corrective,CONTROLLER-FAULT,63,1816,000160000547
WO-2163032,ASSET-00592,Corrective,SPINDLE-SEIZURE,34,882,000160000548
WO-2163033,ASSET-00592,Emergency,SPINDLE-SEIZURE,432,1610,000160000548
WO-2163034,ASSET-00592,Preventive,,0,,000160000548
WO-2163035,ASSET-00592,Corrective,MOTOR-BURNOUT,73,384,000160000548
WO-2163036,ASSET-00592,Corrective,BEARING-FAILURE,186,1140,000160000548
WO-2163037,ASSET-00592,Corrective,SENSOR-FAULT,188,1263,000160000548
WO-2163038,ASSET-00593,Preventive,,0,,000160000549
WO-2163039,ASSET-00593,Preventive,,0,,000160000549
WO-2163040,ASSET-00593,Corrective,BEARING-FAILURE,131,1510,000160000549
WO-2163041,ASSET-00593,Preventive,,0,,000160000549
WO-2163042,ASSET-00593,Preventive,,0,,000160000549
WO-2163043,ASSET-00594,Preventive,,0,,000160000550
WO-2163044,ASSET-00594,Corrective,PNEUMATIC-LEAK,230,1660,000160000550
WO-2163045,ASSET-00595,Preventive,,0,,000160000551
WO-2163046,ASSET-00596,Preventive,,0,,000160000552
WO-2163047,ASSET-00597,Preventive,,0,,000160000553
WO-2163048,ASSET-00597,Preventive,,0,,000160000553
WO-2163049,ASSET-00597,Preventive,,0,,000160000553
WO-2163050,ASSET-00597,Preventive,,0,,000160000553
WO-2163051,ASSET-00597,Preventive,,0,,000160000553
WO-2163052,ASSET-00598,Preventive,,0,,000160000554
WO-2163053,ASSET-00598,Corrective,MOTOR-BURNOUT,200,1013,000160000554
WO-2163054,ASSET-00598,Emergency,CALIBRATION-DRIFT,176,809,000160000554
WO-2163055,ASSET-00598,Corrective,PNEUMATIC-LEAK,132,458,000160000554
WO-2163056,ASSET-00598,Corrective,CONTROLLER-FAULT,71,1918,000160000554
WO-2163057,ASSET-00599,Emergency,SENSOR-FAULT,564,472,000160000555
WO-2163058,ASSET-00599,Corrective,CONTROLLER-FAULT,46,289,000160000555
WO-2163059,ASSET-00599,Preventive,,0,,000160000555
WO-2163060,ASSET-00599,Corrective,CALIBRATION-DRIFT,77,1931,000160000555
WO-2163061,ASSET-00599,Corrective,CONTROLLER-FAULT,238,1509,000160000555
WO-2163062,ASSET-00600,Corrective,CONTROLLER-FAULT,144,505,000160000556
WO-2163063,ASSET-00600,Corrective,MOTOR-BURNOUT,171,954,000160000556
WO-2163064,ASSET-00600,Preventive,,0,,000160000556
WO-2163065,ASSET-00600,Preventive,,0,,000160000556
WO-2163066,ASSET-00600,Preventive,,0,,000160000556
WO-2163067,ASSET-00600,Preventive,,0,,000160000556
WO-2163068,ASSET-00601,Preventive,,0,,000160000557
WO-2163069,ASSET-00601,Preventive,,0,,000160000557
WO-2163070,ASSET-00601,Corrective,MOTOR-BURNOUT,217,775,000160000557
WO-2163071,ASSET-00601,Corrective,SPINDLE-SEIZURE,53,518,000160000557
WO-2163072,ASSET-00601,Preventive,,0,,000160000557
WO-2163073,ASSET-00602,Corrective,BELT-FAILURE,72,1734,000160000558
WO-2163074,ASSET-00602,Corrective,CALIBRATION-DRIFT,228,542,000160000558
WO-2163075,ASSET-00602,Corrective,HYDRAULIC-LEAK,136,1463,000160000558
WO-2163076,ASSET-00602,Preventive,,0,,000160000558
WO-2163077,ASSET-00602,Corrective,SPINDLE-SEIZURE,36,1994,000160000558
WO-2163078,ASSET-00602,Preventive,,0,,000160000558
WO-2163079,ASSET-00603,Corrective,BELT-FAILURE,172,838,000160000559
WO-2163080,ASSET-00603,Corrective,MOTOR-BURNOUT,30,1881,000160000559
WO-2163081,ASSET-00604,Preventive,,0,,000160000560
WO-2163082,ASSET-00604,Corrective,HYDRAULIC-LEAK,31,356,000160000560
WO-2163083,ASSET-00604,Preventive,,0,,000160000560
WO-2163084,ASSET-00604,Preventive,,0,,000160000560
WO-2163085,ASSET-00604,Preventive,,0,,000160000560
WO-2163086,ASSET-00604,Preventive,,0,,000160000560
WO-2163087,ASSET-00604,Corrective,BEARING-FAILURE,186,297,000160000560
WO-2163088,ASSET-00604,Corrective,DIE-WEAR,156,479,000160000560
WO-2163089,ASSET-00604,Corrective,HYDRAULIC-LEAK,239,1279,000160000560
WO-2163090,ASSET-00605,Corrective,BEARING-FAILURE,166,1437,000160000561
WO-2163091,ASSET-00605,Corrective,SENSOR-FAULT,179,870,000160000561
WO-2163092,ASSET-00605,Corrective,PNEUMATIC-LEAK,100,1313,000160000561
WO-2163093,ASSET-00605,Preventive,,0,,000160000561
WO-2163094,ASSET-00606,Preventive,,0,,000160000562
WO-2163095,ASSET-00606,Emergency,SPINDLE-SEIZURE,248,1138,000160000562
WO-2163096,ASSET-00607,Preventive,,0,,000160000563
WO-2163097,ASSET-00607,Preventive,,0,,000160000563
WO-2163098,ASSET-00607,Emergency,SENSOR-FAULT,214,1639,000160000563
WO-2163099,ASSET-00607,Emergency,MOTOR-BURNOUT,244,894,000160000563
WO-2163100,ASSET-00608,Corrective,CALIBRATION-DRIFT,112,1404,000160000564
WO-2163101,ASSET-00608,Corrective,CALIBRATION-DRIFT,164,322,000160000564
WO-2163102,ASSET-00609,Preventive,,0,,000160000565
WO-2163103,ASSET-00609,Corrective,SPINDLE-SEIZURE,194,1114,000160000565
WO-2163104,ASSET-00609,Corrective,DIE-WEAR,61,368,000160000565
WO-2163105,ASSET-00609,Corrective,DIE-WEAR,85,805,000160000565
WO-2163106,ASSET-00609,Emergency,SENSOR-FAULT,351,1261,000160000565
WO-2163107,ASSET-00609,Corrective,SPINDLE-SEIZURE,209,1122,000160000565
WO-2163108,ASSET-00610,Preventive,,0,,000160000566
WO-2163109,ASSET-00610,Preventive,,0,,000160000566
WO-2163110,ASSET-00610,Corrective,BEARING-FAILURE,201,1245,000160000566
WO-2163111,ASSET-00610,Preventive,,0,,000160000566
WO-2163112,ASSET-00610,Preventive,,0,,000160000566
WO-2163113,ASSET-00610,Emergency,HYDRAULIC-LEAK,161,388,000160000566
WO-2163114,ASSET-00610,Preventive,,0,,000160000566
WO-2163115,ASSET-00611,Corrective,HYDRAULIC-LEAK,77,1104,000160000567
WO-2163116,ASSET-00611,Preventive,,0,,000160000567
WO-2163117,ASSET-00611,Preventive,,0,,000160000567
WO-2163118,ASSET-00611,Preventive,,0,,000160000567
WO-2163119,ASSET-00611,Preventive,,0,,000160000567
WO-2163120,ASSET-00612,Corrective,PNEUMATIC-LEAK,143,264,000160000568
WO-2163121,ASSET-00612,Preventive,,0,,000160000568
WO-2163122,ASSET-00612,Corrective,PNEUMATIC-LEAK,182,1297,000160000568
WO-2163123,ASSET-00612,Corrective,SENSOR-FAULT,76,473,000160000568
WO-2163124,ASSET-00612,Preventive,,0,,000160000568
WO-2163125,ASSET-00612,Corrective,SENSOR-FAULT,54,1758,000160000568
WO-2163126,ASSET-00612,Preventive,,0,,000160000568
WO-2163127,ASSET-00613,Corrective,SPINDLE-SEIZURE,32,1754,000160000569
WO-2163128,ASSET-00613,Preventive,,0,,000160000569
WO-2163129,ASSET-00613,Preventive,,0,,000160000569
WO-2163130,ASSET-00614,Preventive,,0,,000160000570
WO-2163131,ASSET-00614,Corrective,MOTOR-BURNOUT,119,1186,000160000570
WO-2163132,ASSET-00614,Preventive,,0,,000160000570
WO-2163133,ASSET-00615,Corrective,CALIBRATION-DRIFT,142,1564,000160000571
WO-2163134,ASSET-00615,Preventive,,0,,000160000571
WO-2163135,ASSET-00615,Preventive,,0,,000160000571
WO-2163136,ASSET-00615,Preventive,,0,,000160000571
WO-2163137,ASSET-00615,Corrective,CONTROLLER-FAULT,92,357,000160000571
WO-2163138,ASSET-00615,Preventive,,0,,000160000571
WO-2163139,ASSET-00615,Preventive,,0,,000160000571
WO-2163140,ASSET-00616,Emergency,CONTROLLER-FAULT,139,783,000160000572
WO-2163141,ASSET-00616,Preventive,,0,,000160000572
WO-2163142,ASSET-00616,Preventive,,0,,000160000572
WO-2163143,ASSET-00616,Preventive,,0,,000160000572
WO-2163144,ASSET-00616,Preventive,,0,,000160000572
WO-2163145,ASSET-00617,Preventive,,0,,000160000573
WO-2163146,ASSET-00617,Corrective,HYDRAULIC-LEAK,164,1868,000160000573
WO-2163147,ASSET-00617,Corrective,DIE-WEAR,222,1659,000160000573
WO-2163148,ASSET-00617,Preventive,,0,,000160000573
WO-2163149,ASSET-00617,Corrective,CONTROLLER-FAULT,137,1786,000160000573
WO-2163150,ASSET-00617,Preventive,,0,,000160000573
WO-2163151,ASSET-00618,Preventive,,0,,000160000574
WO-2163152,ASSET-00618,Emergency,HYDRAULIC-LEAK,240,1779,000160000574
WO-2163153,ASSET-00618,Preventive,,0,,000160000574
WO-2163154,ASSET-00618,Corrective,HYDRAULIC-LEAK,48,1002,000160000574
WO-2163155,ASSET-00618,Preventive,,0,,000160000574
WO-2163156,ASSET-00618,Preventive,,0,,000160000574
WO-2163157,ASSET-00618,Preventive,,0,,000160000574
WO-2163158,ASSET-00619,Emergency,SPINDLE-SEIZURE,471,1505,000160000575
WO-2163159,ASSET-00619,Preventive,,0,,000160000575
WO-2163160,ASSET-00619,Corrective,CALIBRATION-DRIFT,211,1928,000160000575
WO-2163161,ASSET-00619,Preventive,,0,,000160000575
WO-2163162,ASSET-00619,Preventive,,0,,000160000575
WO-2163163,ASSET-00620,Corrective,MOTOR-BURNOUT,64,1939,000160000576
WO-2163164,ASSET-00620,Corrective,MOTOR-BURNOUT,66,1278,000160000576
WO-2163165,ASSET-00620,Preventive,,0,,000160000576
WO-2163166,ASSET-00620,Preventive,,0,,000160000576
WO-2163167,ASSET-00621,Preventive,,0,,000160000577
WO-2163168,ASSET-00621,Corrective,SPINDLE-SEIZURE,161,406,000160000577
WO-2163169,ASSET-00622,Preventive,,0,,000160000578
WO-2163170,ASSET-00622,Preventive,,0,,000160000578
WO-2163171,ASSET-00622,Corrective,BEARING-FAILURE,48,657,000160000578
WO-2163172,ASSET-00622,Preventive,,0,,000160000578
WO-2163173,ASSET-00622,Preventive,,0,,000160000578
WO-2163174,ASSET-00623,Emergency,DIE-WEAR,267,546,000160000579
WO-2163175,ASSET-00623,Emergency,DIE-WEAR,467,1164,000160000579
WO-2163176,ASSET-00623,Corrective,MOTOR-BURNOUT,85,1150,000160000579
WO-2163177,ASSET-00623,Emergency,CALIBRATION-DRIFT,306,828,000160000579
WO-2163178,ASSET-00623,Corrective,PNEUMATIC-LEAK,151,1104,000160000579
WO-2163179,ASSET-00624,Preventive,,0,,000160000580
WO-2163180,ASSET-00624,Emergency,SPINDLE-SEIZURE,555,790,000160000580
WO-2163181,ASSET-00624,Preventive,,0,,000160000580
WO-2163182,ASSET-00624,Corrective,MOTOR-BURNOUT,206,1020,000160000580
WO-2163183,ASSET-00624,Emergency,CONTROLLER-FAULT,409,1600,000160000580
WO-2163184,ASSET-00624,Corrective,CONTROLLER-FAULT,161,524,000160000580
WO-2163185,ASSET-00624,Corrective,SPINDLE-SEIZURE,235,909,000160000580
WO-2163186,ASSET-00625,Corrective,DIE-WEAR,32,396,000160000581
WO-2163187,ASSET-00625,Preventive,,0,,000160000581
WO-2163188,ASSET-00625,Corrective,BEARING-FAILURE,229,1464,000160000581
WO-2163189,ASSET-00625,Preventive,,0,,000160000581
WO-2163190,ASSET-00627,Corrective,SENSOR-FAULT,63,1977,000160000583
WO-2163191,ASSET-00628,Preventive,,0,,000160000584
WO-2163192,ASSET-00628,Preventive,,0,,000160000584
WO-2163193,ASSET-00628,Preventive,,0,,000160000584
WO-2163194,ASSET-00628,Corrective,CALIBRATION-DRIFT,95,1973,000160000584
WO-2163195,ASSET-00628,Preventive,,0,,000160000584
WO-2163196,ASSET-00628,Corrective,CONTROLLER-FAULT,168,1263,000160000584
WO-2163197,ASSET-00628,Preventive,,0,,000160000584
WO-2163198,ASSET-00629,Corrective,DIE-WEAR,121,1277,000160000585
WO-2163199,ASSET-00629,Corrective,BELT-FAILURE,64,1934,000160000585
WO-2163200,ASSET-00629,Preventive,,0,,000160000585
WO-2163201,ASSET-00629,Preventive,,0,,000160000585
WO-2163202,ASSET-00629,Emergency,BELT-FAILURE,205,886,000160000585
WO-2163203,ASSET-00629,Preventive,,0,,000160000585
WO-2163204,ASSET-00629,Corrective,BEARING-FAILURE,52,1469,000160000585
WO-2163205,ASSET-00630,Corrective,BEARING-FAILURE,196,1798,000160000586
WO-2163206,ASSET-00630,Corrective,BEARING-FAILURE,132,1169,000160000586
WO-2163207,ASSET-00630,Emergency,PNEUMATIC-LEAK,308,1127,000160000586
WO-2163208,ASSET-00630,Preventive,,0,,000160000586
WO-2163209,ASSET-00630,Corrective,BELT-FAILURE,196,816,000160000586
WO-2163210,ASSET-00631,Corrective,HYDRAULIC-LEAK,104,1760,000160000587
WO-2163211,ASSET-00631,Corrective,BELT-FAILURE,107,1749,000160000587
WO-2163212,ASSET-00631,Corrective,SPINDLE-SEIZURE,51,315,000160000587
WO-2163213,ASSET-00631,Preventive,,0,,000160000587
WO-2163214,ASSET-00631,Corrective,SENSOR-FAULT,58,463,000160000587
WO-2163215,ASSET-00631,Preventive,,0,,000160000587
WO-2163216,ASSET-00632,Preventive,,0,,000160000588
WO-2163217,ASSET-00632,Preventive,,0,,000160000588
WO-2163218,ASSET-00632,Preventive,,0,,000160000588
WO-2163219,ASSET-00632,Preventive,,0,,000160000588
WO-2163220,ASSET-00633,Corrective,CONTROLLER-FAULT,184,289,000160000590
WO-2163221,ASSET-00633,Corrective,HYDRAULIC-LEAK,207,1259,000160000590
WO-2163222,ASSET-00633,Corrective,SENSOR-FAULT,154,979,000160000590
WO-2163223,ASSET-00633,Corrective,PNEUMATIC-LEAK,113,1725,000160000590
WO-2163224,ASSET-00633,Preventive,,0,,000160000590
WO-2163225,ASSET-00634,Preventive,,0,,000160000591
WO-2163226,ASSET-00634,Preventive,,0,,000160000591
WO-2163227,ASSET-00634,Preventive,,0,,000160000591
WO-2163228,ASSET-00634,Preventive,,0,,000160000591
WO-2163229,ASSET-00634,Emergency,SPINDLE-SEIZURE,293,354,000160000591
WO-2163230,ASSET-00635,Corrective,CONTROLLER-FAULT,164,1564,000160000592
WO-2163231,ASSET-00635,Corrective,PNEUMATIC-LEAK,42,767,000160000592
WO-2163232,ASSET-00635,Preventive,,0,,000160000592
WO-2163233,ASSET-00635,Corrective,SPINDLE-SEIZURE,99,1138,000160000592
WO-2163234,ASSET-00635,Preventive,,0,,000160000592
WO-2163235,ASSET-00636,Preventive,,0,,000160000593
WO-2163236,ASSET-00636,Preventive,,0,,000160000593
WO-2163237,ASSET-00636,Preventive,,0,,000160000593
WO-2163238,ASSET-00636,Corrective,MOTOR-BURNOUT,30,1747,000160000593
WO-2163239,ASSET-00636,Corrective,BELT-FAILURE,210,1299,000160000593
WO-2163240,ASSET-00636,Preventive,,0,,000160000593
WO-2163241,ASSET-00636,Preventive,,0,,000160000593
WO-2163242,ASSET-00637,Corrective,BELT-FAILURE,75,1083,000160000594
WO-2163243,ASSET-00637,Corrective,PNEUMATIC-LEAK,167,569,000160000594
WO-2163244,ASSET-00637,Preventive,,0,,000160000594
WO-2163245,ASSET-00637,Preventive,,0,,000160000594
WO-2163246,ASSET-00637,Preventive,,0,,000160000594
WO-2163247,ASSET-00638,Corrective,MOTOR-BURNOUT,126,1840,000160000595
WO-2163248,ASSET-00638,Preventive,,0,,000160000595
WO-2163249,ASSET-00638,Preventive,,0,,000160000595
WO-2163250,ASSET-00638,Corrective,MOTOR-BURNOUT,116,833,000160000595
WO-2163251,ASSET-00638,Preventive,,0,,000160000595
WO-2163252,ASSET-00638,Preventive,,0,,000160000595
WO-2163253,ASSET-00638,Emergency,CONTROLLER-FAULT,78,1846,000160000595
WO-2163254,ASSET-00638,Corrective,DIE-WEAR,120,1014,000160000595
WO-2163255,ASSET-00638,Preventive,,0,,000160000595
WO-2163256,ASSET-00639,Corrective,BELT-FAILURE,114,374,000160000596
WO-2163257,ASSET-00639,Preventive,,0,,000160000596
WO-2163258,ASSET-00639,Preventive,,0,,000160000596
WO-2163259,ASSET-00639,Emergency,BEARING-FAILURE,521,1266,000160000596
WO-2163260,ASSET-00640,Preventive,,0,,000160000597
WO-2163261,ASSET-00640,Preventive,,0,,000160000597
WO-2163262,ASSET-00640,Preventive,,0,,000160000597
WO-2163263,ASSET-00641,Emergency,SENSOR-FAULT,308,1884,000160000598
WO-2163264,ASSET-00641,Corrective,MOTOR-BURNOUT,73,331,000160000598
WO-2163265,ASSET-00641,Corrective,BELT-FAILURE,215,1589,000160000598
WO-2163266,ASSET-00641,Preventive,,0,,000160000598
WO-2163267,ASSET-00642,Emergency,MOTOR-BURNOUT,464,1260,000160000599
WO-2163268,ASSET-00642,Emergency,HYDRAULIC-LEAK,556,1527,000160000599
WO-2163269,ASSET-00642,Emergency,SENSOR-FAULT,344,207,000160000599
WO-2163270,ASSET-00642,Preventive,,0,,000160000599
WO-2163271,ASSET-00642,Preventive,,0,,000160000599
WO-2163272,ASSET-00642,Corrective,HYDRAULIC-LEAK,173,684,000160000599
WO-2163273,ASSET-00642,Preventive,,0,,000160000599
WO-2163274,ASSET-00642,Corrective,SENSOR-FAULT,205,936,000160000599
WO-2163275,ASSET-00642,Preventive,,0,,000160000599
WO-2163276,ASSET-00643,Emergency,PNEUMATIC-LEAK,116,647,000160000600
WO-2163277,ASSET-00643,Preventive,,0,,000160000600
WO-2163278,ASSET-00643,Preventive,,0,,000160000600
WO-2163279,ASSET-00643,Corrective,SENSOR-FAULT,79,779,000160000600
WO-2163280,ASSET-00644,Preventive,,0,,000160000601
WO-2163281,ASSET-00644,Preventive,,0,,000160000601
WO-2163282,ASSET-00644,Preventive,,0,,000160000601
WO-2163283,ASSET-00644,Preventive,,0,,000160000601
WO-2163284,ASSET-00644,Emergency,CALIBRATION-DRIFT,150,894,000160000601
WO-2163285,ASSET-00644,Preventive,,0,,000160000601
WO-2163286,ASSET-00644,Corrective,BEARING-FAILURE,131,210,000160000601
WO-2163287,ASSET-00645,Corrective,HYDRAULIC-LEAK,117,559,000160000602
WO-2163288,ASSET-00645,Preventive,,0,,000160000602
WO-2163289,ASSET-00645,Corrective,MOTOR-BURNOUT,135,1410,000160000602
WO-2163290,ASSET-00646,Emergency,BEARING-FAILURE,373,353,000160000603
WO-2163291,ASSET-00646,Corrective,MOTOR-BURNOUT,198,629,000160000603
WO-2163292,ASSET-00647,Corrective,BEARING-FAILURE,199,310,000160000604
WO-2163293,ASSET-00647,Preventive,,0,,000160000604
WO-2163294,ASSET-00647,Preventive,,0,,000160000604
WO-2163295,ASSET-00647,Preventive,,0,,000160000604
WO-2163296,ASSET-00647,Corrective,SENSOR-FAULT,31,1950,000160000604
WO-2163297,ASSET-00648,Emergency,PNEUMATIC-LEAK,143,1504,000160000605
WO-2163298,ASSET-00648,Preventive,,0,,000160000605
WO-2163299,ASSET-00649,Corrective,HYDRAULIC-LEAK,189,1168,000160000606
WO-2163300,ASSET-00649,Preventive,,0,,000160000606
WO-2163301,ASSET-00649,Preventive,,0,,000160000606
WO-2163302,ASSET-00649,Corrective,PNEUMATIC-LEAK,150,618,000160000606
WO-2163303,ASSET-00649,Preventive,,0,,000160000606
WO-2163304,ASSET-00650,Corrective,HYDRAULIC-LEAK,168,1209,000160000607
WO-2163305,ASSET-00650,Preventive,,0,,000160000607
WO-2163306,ASSET-00650,Preventive,,0,,000160000607
WO-2163307,ASSET-00650,Preventive,,0,,000160000607
WO-2163308,ASSET-00650,Preventive,,0,,000160000607
WO-2163309,ASSET-00651,Emergency,CONTROLLER-FAULT,533,1720,000160000608
WO-2163310,ASSET-00651,Emergency,CALIBRATION-DRIFT,321,1826,000160000608
WO-2163311,ASSET-00651,Preventive,,0,,000160000608
WO-2163312,ASSET-00651,Corrective,CONTROLLER-FAULT,86,577,000160000608
WO-2163313,ASSET-00651,Corrective,SENSOR-FAULT,186,797,000160000608
WO-2163314,ASSET-00651,Preventive,,0,,000160000608
WO-2163315,ASSET-00651,Corrective,BEARING-FAILURE,184,560,000160000608
WO-2163316,ASSET-00651,Emergency,CALIBRATION-DRIFT,399,276,000160000608
WO-2163317,ASSET-00652,Preventive,,0,,000160000609
WO-2163318,ASSET-00652,Emergency,PNEUMATIC-LEAK,393,678,000160000609
WO-2163319,ASSET-00652,Preventive,,0,,000160000609
WO-2163320,ASSET-00652,Preventive,,0,,000160000609
WO-2163321,ASSET-00653,Preventive,,0,,000160000610
WO-2163322,ASSET-00653,Preventive,,0,,000160000610
WO-2163323,ASSET-00653,Corrective,BEARING-FAILURE,164,1755,000160000610
WO-2163324,ASSET-00653,Corrective,CALIBRATION-DRIFT,235,579,000160000610
WO-2163325,ASSET-00653,Preventive,,0,,000160000610
WO-2163326,ASSET-00653,Corrective,SENSOR-FAULT,42,907,000160000610
WO-2163327,ASSET-00653,Preventive,,0,,000160000610
WO-2163328,ASSET-00653,Preventive,,0,,000160000610
WO-2163329,ASSET-00653,Preventive,,0,,000160000610
WO-2163330,ASSET-00653,Preventive,,0,,000160000610
WO-2163331,ASSET-00654,Preventive,,0,,000160000611
WO-2163332,ASSET-00654,Corrective,BEARING-FAILURE,118,270,000160000611
WO-2163333,ASSET-00654,Corrective,PNEUMATIC-LEAK,98,645,000160000611
WO-2163334,ASSET-00654,Preventive,,0,,000160000611
WO-2163335,ASSET-00654,Preventive,,0,,000160000611
WO-2163336,ASSET-00654,Corrective,MOTOR-BURNOUT,226,801,000160000611
WO-2163337,ASSET-00655,Corrective,SENSOR-FAULT,33,848,000160000612
WO-2163338,ASSET-00655,Corrective,BEARING-FAILURE,141,647,000160000612
WO-2163339,ASSET-00655,Corrective,CONTROLLER-FAULT,86,266,000160000612
WO-2163340,ASSET-00655,Preventive,,0,,000160000612
WO-2163341,ASSET-00655,Preventive,,0,,000160000612
WO-2163342,ASSET-00655,Corrective,SPINDLE-SEIZURE,121,1872,000160000612
WO-2163343,ASSET-00656,Preventive,,0,,000160000613
WO-2163344,ASSET-00656,Preventive,,0,,000160000613
WO-2163345,ASSET-00656,Preventive,,0,,000160000613
WO-2163346,ASSET-00656,Corrective,CALIBRATION-DRIFT,138,1995,000160000613
WO-2163347,ASSET-00656,Corrective,DIE-WEAR,44,1642,000160000613
WO-2163348,ASSET-00657,Preventive,,0,,000160000614
WO-2163349,ASSET-00657,Preventive,,0,,000160000614
WO-2163350,ASSET-00657,Corrective,CALIBRATION-DRIFT,117,1019,000160000614
WO-2163351,ASSET-00658,Corrective,BELT-FAILURE,102,1273,000160000615
WO-2163352,ASSET-00658,Preventive,,0,,000160000615
WO-2163353,ASSET-00658,Preventive,,0,,000160000615
WO-2163354,ASSET-00658,Preventive,,0,,000160000615
WO-2163355,ASSET-00659,Corrective,CONTROLLER-FAULT,123,448,000160000616
WO-2163356,ASSET-00659,Preventive,,0,,000160000616
WO-2163357,ASSET-00659,Preventive,,0,,000160000616
WO-2163358,ASSET-00659,Corrective,BELT-FAILURE,107,235,000160000616
WO-2163359,ASSET-00660,Corrective,DIE-WEAR,88,1453,000160000617
WO-2163360,ASSET-00660,Preventive,,0,,000160000617
WO-2163361,ASSET-00660,Preventive,,0,,000160000617
WO-2163362,ASSET-00660,Preventive,,0,,000160000617
WO-2163363,ASSET-00661,Preventive,,0,,000160000618
WO-2163364,ASSET-00661,Corrective,DIE-WEAR,233,1631,000160000618
WO-2163365,ASSET-00661,Preventive,,0,,000160000618
WO-2163366,ASSET-00661,Emergency,CALIBRATION-DRIFT,319,1188,000160000618
WO-2163367,ASSET-00661,Emergency,HYDRAULIC-LEAK,355,1216,000160000618
WO-2163368,ASSET-00661,Corrective,CONTROLLER-FAULT,38,1024,000160000618
WO-2163369,ASSET-00662,Corrective,HYDRAULIC-LEAK,82,1182,000160000620
WO-2163370,ASSET-00662,Corrective,SENSOR-FAULT,35,509,000160000620
WO-2163371,ASSET-00662,Corrective,DIE-WEAR,78,848,000160000620
WO-2163372,ASSET-00662,Preventive,,0,,000160000620
WO-2163373,ASSET-00662,Preventive,,0,,000160000620
WO-2163374,ASSET-00662,Preventive,,0,,000160000620
WO-2163375,ASSET-00662,Preventive,,0,,000160000620
WO-2163376,ASSET-00663,Preventive,,0,,000160000621
WO-2163377,ASSET-00663,Corrective,SPINDLE-SEIZURE,142,1873,000160000621
WO-2163378,ASSET-00663,Preventive,,0,,000160000621
WO-2163379,ASSET-00663,Preventive,,0,,000160000621
WO-2163380,ASSET-00663,Preventive,,0,,000160000621
WO-2163381,ASSET-00664,Corrective,PNEUMATIC-LEAK,220,1306,000160000622
WO-2163382,ASSET-00664,Preventive,,0,,000160000622
WO-2163383,ASSET-00665,Preventive,,0,,000160000623
WO-2163384,ASSET-00665,Corrective,CALIBRATION-DRIFT,118,809,000160000623
WO-2163385,ASSET-00665,Preventive,,0,,000160000623
WO-2163386,ASSET-00665,Preventive,,0,,000160000623
WO-2163387,ASSET-00665,Preventive,,0,,000160000623
WO-2163388,ASSET-00666,Corrective,CONTROLLER-FAULT,97,1144,000160000624
WO-2163389,ASSET-00666,Corrective,BEARING-FAILURE,166,1342,000160000624
WO-2163390,ASSET-00666,Emergency,BELT-FAILURE,186,525,000160000624
WO-2163391,ASSET-00667,Corrective,PNEUMATIC-LEAK,93,1188,000160000625
WO-2163392,ASSET-00667,Preventive,,0,,000160000625
WO-2163393,ASSET-00668,Preventive,,0,,000160000626
WO-2163394,ASSET-00668,Preventive,,0,,000160000626
WO-2163395,ASSET-00668,Preventive,,0,,000160000626
WO-2163396,ASSET-00668,Preventive,,0,,000160000626
WO-2163397,ASSET-00668,Preventive,,0,,000160000626
WO-2163398,ASSET-00668,Preventive,,0,,000160000626
WO-2163399,ASSET-00668,Corrective,BEARING-FAILURE,192,1159,000160000626
WO-2163400,ASSET-00669,Preventive,,0,,000160000627
WO-2163401,ASSET-00669,Preventive,,0,,000160000627
WO-2163402,ASSET-00669,Preventive,,0,,000160000627
WO-2163403,ASSET-00669,Preventive,,0,,000160000627
WO-2163404,ASSET-00669,Corrective,SENSOR-FAULT,161,1521,000160000627
WO-2163405,ASSET-00669,Preventive,,0,,000160000627
WO-2163406,ASSET-00669,Corrective,BEARING-FAILURE,195,1214,000160000627
WO-2163407,ASSET-00670,Corrective,DIE-WEAR,231,603,000160000628
WO-2163408,ASSET-00670,Preventive,,0,,000160000628
WO-2163409,ASSET-00670,Preventive,,0,,000160000628
WO-2163410,ASSET-00670,Preventive,,0,,000160000628
WO-2163411,ASSET-00670,Preventive,,0,,000160000628
WO-2163412,ASSET-00670,Preventive,,0,,000160000628
WO-2163413,ASSET-00671,Corrective,CALIBRATION-DRIFT,171,892,000160000629
WO-2163414,ASSET-00671,Corrective,DIE-WEAR,90,350,000160000629
WO-2163415,ASSET-00671,Corrective,CONTROLLER-FAULT,37,395,000160000629
WO-2163416,ASSET-00671,Corrective,HYDRAULIC-LEAK,157,1799,000160000629
WO-2163417,ASSET-00671,Preventive,,0,,000160000629
WO-2163418,ASSET-00671,Preventive,,0,,000160000629
WO-2163419,ASSET-00671,Preventive,,0,,000160000629
WO-2163420,ASSET-00671,Corrective,BEARING-FAILURE,137,694,000160000629
WO-2163421,ASSET-00671,Preventive,,0,,000160000629
WO-2163422,ASSET-00672,Corrective,SENSOR-FAULT,81,1507,000160000630
WO-2163423,ASSET-00672,Preventive,,0,,000160000630
WO-2163424,ASSET-00672,Preventive,,0,,000160000630
WO-2163425,ASSET-00672,Preventive,,0,,000160000630
WO-2163426,ASSET-00672,Preventive,,0,,000160000630
WO-2163427,ASSET-00673,Emergency,DIE-WEAR,167,1813,000160000631
WO-2163428,ASSET-00673,Corrective,HYDRAULIC-LEAK,82,1382,000160000631
WO-2163429,ASSET-00673,Preventive,,0,,000160000631
WO-2163430,ASSET-00673,Preventive,,0,,000160000631
WO-2163431,ASSET-00673,Corrective,SENSOR-FAULT,91,899,000160000631
WO-2163432,ASSET-00673,Corrective,BELT-FAILURE,120,1189,000160000631
WO-2163433,ASSET-00673,Preventive,,0,,000160000631
WO-2163434,ASSET-00673,Preventive,,0,,000160000631
WO-2163435,ASSET-00673,Preventive,,0,,000160000631
WO-2163436,ASSET-00673,Corrective,DIE-WEAR,170,313,000160000631
WO-2163437,ASSET-00674,Preventive,,0,,000160000632
WO-2163438,ASSET-00674,Preventive,,0,,000160000632
WO-2163439,ASSET-00674,Emergency,SPINDLE-SEIZURE,321,668,000160000632
WO-2163440,ASSET-00675,Emergency,PNEUMATIC-LEAK,434,1868,000160000633
WO-2163441,ASSET-00675,Corrective,CONTROLLER-FAULT,54,800,000160000633
WO-2163442,ASSET-00675,Preventive,,0,,000160000633
WO-2163443,ASSET-00675,Preventive,,0,,000160000633
WO-2163444,ASSET-00675,Preventive,,0,,000160000633
WO-2163445,ASSET-00675,Emergency,CONTROLLER-FAULT,346,1362,000160000633
WO-2163446,ASSET-00675,Preventive,,0,,000160000633
WO-2163447,ASSET-00676,Corrective,SPINDLE-SEIZURE,176,639,000160000634
WO-2163448,ASSET-00676,Corrective,PNEUMATIC-LEAK,190,1908,000160000634
WO-2163449,ASSET-00676,Preventive,,0,,000160000634
WO-2163450,ASSET-00676,Preventive,,0,,000160000634
WO-2163451,ASSET-00676,Corrective,CALIBRATION-DRIFT,147,1367,000160000634
WO-2163452,ASSET-00677,Corrective,SPINDLE-SEIZURE,101,806,000160000635
WO-2163453,ASSET-00677,Preventive,,0,,000160000635
WO-2163454,ASSET-00678,Preventive,,0,,000160000636
WO-2163455,ASSET-00678,Emergency,HYDRAULIC-LEAK,208,593,000160000636
WO-2163456,ASSET-00679,Preventive,,0,,000160000637
WO-2163457,ASSET-00679,Corrective,PNEUMATIC-LEAK,164,1173,000160000637
WO-2163458,ASSET-00679,Corrective,DIE-WEAR,50,205,000160000637
WO-2163459,ASSET-00679,Corrective,SPINDLE-SEIZURE,187,1862,000160000637
WO-2163460,ASSET-00679,Preventive,,0,,000160000637
WO-2163461,ASSET-00680,Emergency,PNEUMATIC-LEAK,563,635,000160000638
WO-2163462,ASSET-00680,Emergency,DIE-WEAR,145,618,000160000638
WO-2163463,ASSET-00680,Preventive,,0,,000160000638
WO-2163464,ASSET-00680,Preventive,,0,,000160000638
WO-2163465,ASSET-00680,Preventive,,0,,000160000638
WO-2163466,ASSET-00680,Corrective,BEARING-FAILURE,232,1701,000160000638
WO-2163467,ASSET-00680,Corrective,SENSOR-FAULT,207,1927,000160000638
WO-2163468,ASSET-00680,Corrective,CALIBRATION-DRIFT,191,382,000160000638
WO-2163469,ASSET-00680,Preventive,,0,,000160000638
WO-2163470,ASSET-00681,Corrective,MOTOR-BURNOUT,129,352,000160000639
WO-2163471,ASSET-00681,Preventive,,0,,000160000639
WO-2163472,ASSET-00681,Corrective,PNEUMATIC-LEAK,137,722,000160000639
WO-2163473,ASSET-00681,Preventive,,0,,000160000639
WO-2163474,ASSET-00681,Preventive,,0,,000160000639
WO-2163475,ASSET-00681,Preventive,,0,,000160000639
WO-2163476,ASSET-00681,Preventive,,0,,000160000639
WO-2163477,ASSET-00681,Preventive,,0,,000160000639
WO-2163478,ASSET-00682,Corrective,PNEUMATIC-LEAK,190,1743,000160000640
WO-2163479,ASSET-00682,Preventive,,0,,000160000640
WO-2163480,ASSET-00682,Preventive,,0,,000160000640
WO-2163481,ASSET-00682,Emergency,DIE-WEAR,192,845,000160000640
WO-2163482,ASSET-00682,Corrective,CONTROLLER-FAULT,110,1495,000160000640
WO-2163483,ASSET-00683,Preventive,,0,,000160000641
WO-2163484,ASSET-00683,Emergency,SPINDLE-SEIZURE,330,1233,000160000641
WO-2163485,ASSET-00683,Corrective,SPINDLE-SEIZURE,68,746,000160000641
WO-2163486,ASSET-00683,Preventive,,0,,000160000641
WO-2163487,ASSET-00683,Preventive,,0,,000160000641
WO-2163488,ASSET-00684,Preventive,,0,,000160000642
WO-2163489,ASSET-00684,Preventive,,0,,000160000642
WO-2163490,ASSET-00684,Preventive,,0,,000160000642
WO-2163491,ASSET-00685,Corrective,CALIBRATION-DRIFT,119,213,000160000643
WO-2163492,ASSET-00685,Preventive,,0,,000160000643
WO-2163493,ASSET-00685,Preventive,,0,,000160000643
WO-2163494,ASSET-00685,Preventive,,0,,000160000643
WO-2163495,ASSET-00685,Preventive,,0,,000160000643
WO-2163496,ASSET-00685,Preventive,,0,,000160000643
WO-2163497,ASSET-00685,Preventive,,0,,000160000643
WO-2163498,ASSET-00686,Preventive,,0,,000160000644
WO-2163499,ASSET-00686,Corrective,MOTOR-BURNOUT,119,614,000160000644
WO-2163500,ASSET-00686,Preventive,,0,,000160000644
WO-2163501,ASSET-00686,Preventive,,0,,000160000644
WO-2163502,ASSET-00686,Preventive,,0,,000160000644
WO-2163503,ASSET-00687,Preventive,,0,,000160000645
WO-2163504,ASSET-00687,Corrective,CALIBRATION-DRIFT,93,1358,000160000645
WO-2163505,ASSET-00687,Preventive,,0,,000160000645
WO-2163506,ASSET-00687,Corrective,DIE-WEAR,122,386,000160000645
WO-2163507,ASSET-00687,Preventive,,0,,000160000645
WO-2163508,ASSET-00687,Preventive,,0,,000160000645
WO-2163509,ASSET-00688,Preventive,,0,,000160000646
WO-2163510,ASSET-00688,Preventive,,0,,000160000646
WO-2163511,ASSET-00688,Preventive,,0,,000160000646
WO-2163512,ASSET-00688,Preventive,,0,,000160000646
WO-2163513,ASSET-00688,Corrective,DIE-WEAR,154,780,000160000646
WO-2163514,ASSET-00688,Corrective,SENSOR-FAULT,213,623,000160000646
WO-2163515,ASSET-00688,Preventive,,0,,000160000646
WO-2163516,ASSET-00688,Emergency,PNEUMATIC-LEAK,564,1375,000160000646
WO-2163517,ASSET-00689,Corrective,SENSOR-FAULT,77,452,000160000647
WO-2163518,ASSET-00689,Preventive,,0,,000160000647
WO-2163519,ASSET-00689,Emergency,HYDRAULIC-LEAK,111,702,000160000647
WO-2163520,ASSET-00689,Preventive,,0,,000160000647
WO-2163521,ASSET-00689,Preventive,,0,,000160000647
WO-2163522,ASSET-00689,Preventive,,0,,000160000647
WO-2163523,ASSET-00690,Corrective,CALIBRATION-DRIFT,200,299,000160000648
WO-2163524,ASSET-00690,Preventive,,0,,000160000648
WO-2163525,ASSET-00690,Preventive,,0,,000160000648
WO-2163526,ASSET-00690,Preventive,,0,,000160000648
WO-2163527,ASSET-00690,Emergency,CALIBRATION-DRIFT,164,1253,000160000648
WO-2163528,ASSET-00691,Emergency,PNEUMATIC-LEAK,438,1966,000160000649
WO-2163529,ASSET-00691,Corrective,SPINDLE-SEIZURE,87,718,000160000649
WO-2163530,ASSET-00691,Emergency,CALIBRATION-DRIFT,555,928,000160000649
WO-2163531,ASSET-00692,Corrective,DIE-WEAR,208,1913,000160000650
WO-2163532,ASSET-00692,Preventive,,0,,000160000650
WO-2163533,ASSET-00692,Corrective,SPINDLE-SEIZURE,76,1415,000160000650
WO-2163534,ASSET-00692,Preventive,,0,,000160000650
WO-2163535,ASSET-00692,Preventive,,0,,000160000650
WO-2163536,ASSET-00692,Preventive,,0,,000160000650
WO-2163537,ASSET-00692,Corrective,HYDRAULIC-LEAK,78,1963,000160000650
WO-2163538,ASSET-00692,Emergency,MOTOR-BURNOUT,133,1290,000160000650
WO-2163539,ASSET-00692,Corrective,CALIBRATION-DRIFT,161,1751,000160000650
WO-2163540,ASSET-00692,Corrective,DIE-WEAR,220,1585,000160000650
WO-2163541,ASSET-00692,Preventive,,0,,000160000650
WO-2163542,ASSET-00693,Emergency,CONTROLLER-FAULT,345,611,000160000651
WO-2163543,ASSET-00693,Corrective,PNEUMATIC-LEAK,136,1904,000160000651
WO-2163544,ASSET-00693,Preventive,,0,,000160000651
WO-2163545,ASSET-00693,Preventive,,0,,000160000651
WO-2163546,ASSET-00693,Preventive,,0,,000160000651
WO-2163547,ASSET-00693,Preventive,,0,,000160000651
WO-2163548,ASSET-00693,Preventive,,0,,000160000651
WO-2163549,ASSET-00694,Preventive,,0,,000160000652
WO-2163550,ASSET-00694,Preventive,,0,,000160000652
WO-2163551,ASSET-00694,Emergency,CONTROLLER-FAULT,349,618,000160000652
WO-2163552,ASSET-00694,Preventive,,0,,000160000652
WO-2163553,ASSET-00694,Preventive,,0,,000160000652
WO-2163554,ASSET-00694,Preventive,,0,,000160000652
WO-2163555,ASSET-00694,Corrective,SENSOR-FAULT,222,1781,000160000652
WO-2163556,ASSET-00694,Preventive,,0,,000160000652
WO-2163557,ASSET-00695,Preventive,,0,,000160000653
WO-2163558,ASSET-00695,Preventive,,0,,000160000653
WO-2163559,ASSET-00695,Emergency,BELT-FAILURE,150,753,000160000653
WO-2163560,ASSET-00695,Corrective,HYDRAULIC-LEAK,136,514,000160000653
WO-2163561,ASSET-00695,Preventive,,0,,000160000653
WO-2163562,ASSET-00696,Corrective,SPINDLE-SEIZURE,151,847,000160000654
WO-2163563,ASSET-00696,Emergency,BELT-FAILURE,358,1310,000160000654
WO-2163564,ASSET-00696,Preventive,,0,,000160000654
WO-2163565,ASSET-00696,Emergency,DIE-WEAR,413,1010,000160000654
WO-2163566,ASSET-00696,Corrective,BELT-FAILURE,165,621,000160000654
WO-2163567,ASSET-00697,Corrective,CALIBRATION-DRIFT,133,1223,000160000655
WO-2163568,ASSET-00697,Emergency,CONTROLLER-FAULT,252,1869,000160000655
WO-2163569,ASSET-00697,Corrective,CALIBRATION-DRIFT,237,738,000160000655
WO-2163570,ASSET-00697,Emergency,MOTOR-BURNOUT,473,1270,000160000655
WO-2163571,ASSET-00697,Corrective,PNEUMATIC-LEAK,84,1745,000160000655
WO-2163572,ASSET-00697,Preventive,,0,,000160000655
WO-2163573,ASSET-00697,Corrective,BELT-FAILURE,234,1131,000160000655
WO-2163574,ASSET-00697,Preventive,,0,,000160000655
WO-2163575,ASSET-00697,Corrective,BEARING-FAILURE,203,1546,000160000655
WO-2163576,ASSET-00698,Emergency,CONTROLLER-FAULT,349,1556,000160000656
WO-2163577,ASSET-00698,Corrective,MOTOR-BURNOUT,164,1265,000160000656
WO-2163578,ASSET-00698,Preventive,,0,,000160000656
WO-2163579,ASSET-00698,Corrective,BEARING-FAILURE,172,890,000160000656
WO-2163580,ASSET-00698,Preventive,,0,,000160000656
WO-2163581,ASSET-00699,Corrective,HYDRAULIC-LEAK,225,1232,000160000657
WO-2163582,ASSET-00699,Preventive,,0,,000160000657
WO-2163583,ASSET-00699,Preventive,,0,,000160000657
WO-2163584,ASSET-00699,Preventive,,0,,000160000657
WO-2163585,ASSET-00699,Corrective,BEARING-FAILURE,171,731,000160000657
WO-2163586,ASSET-00699,Corrective,CONTROLLER-FAULT,150,1434,000160000657
WO-2163587,ASSET-00699,Preventive,,0,,000160000657
WO-2163588,ASSET-00700,Emergency,DIE-WEAR,265,876,000160000658
WO-2163589,ASSET-00700,Corrective,HYDRAULIC-LEAK,234,1936,000160000658
WO-2163590,ASSET-00700,Corrective,CONTROLLER-FAULT,192,733,000160000658
WO-2163591,ASSET-00701,Preventive,,0,,000160000659
WO-2163592,ASSET-00701,Preventive,,0,,000160000659
WO-2163593,ASSET-00701,Preventive,,0,,000160000659
WO-2163594,ASSET-00701,Preventive,,0,,000160000659
WO-2163595,ASSET-00701,Corrective,CALIBRATION-DRIFT,119,922,000160000659
WO-2163596,ASSET-00701,Emergency,CALIBRATION-DRIFT,351,1597,000160000659
WO-2163597,ASSET-00701,Corrective,PNEUMATIC-LEAK,150,637,000160000659
WO-2163598,ASSET-00702,Corrective,SENSOR-FAULT,232,1255,000160000660
WO-2163599,ASSET-00702,Preventive,,0,,000160000660
WO-2163600,ASSET-00702,Corrective,PNEUMATIC-LEAK,219,1636,000160000660
WO-2163601,ASSET-00702,Preventive,,0,,000160000660
WO-2163602,ASSET-00702,Emergency,HYDRAULIC-LEAK,217,932,000160000660
WO-2163603,ASSET-00703,Preventive,,0,,000160000661
WO-2163604,ASSET-00703,Preventive,,0,,000160000661
WO-2163605,ASSET-00703,Corrective,BEARING-FAILURE,123,977,000160000661
WO-2163606,ASSET-00703,Preventive,,0,,000160000661
WO-2163607,ASSET-00703,Preventive,,0,,000160000661
WO-2163608,ASSET-00703,Preventive,,0,,000160000661
WO-2163609,ASSET-00703,Corrective,SENSOR-FAULT,120,1209,000160000661
WO-2163610,ASSET-00704,Corrective,PNEUMATIC-LEAK,129,729,000160000662
WO-2163611,ASSET-00704,Corrective,CONTROLLER-FAULT,100,1136,000160000662
WO-2163612,ASSET-00704,Preventive,,0,,000160000662
WO-2163613,ASSET-00705,Preventive,,0,,000160000663
WO-2163614,ASSET-00705,Preventive,,0,,000160000663
WO-2163615,ASSET-00706,Preventive,,0,,000160000664
WO-2163616,ASSET-00706,Emergency,SPINDLE-SEIZURE,398,815,000160000664
WO-2163617,ASSET-00706,Corrective,CALIBRATION-DRIFT,229,992,000160000664
WO-2163618,ASSET-00706,Emergency,CONTROLLER-FAULT,289,1028,000160000664
WO-2163619,ASSET-00706,Corrective,BEARING-FAILURE,175,763,000160000664
WO-2163620,ASSET-00706,Preventive,,0,,000160000664
WO-2163621,ASSET-00706,Corrective,DIE-WEAR,239,497,000160000664
WO-2163622,ASSET-00707,Preventive,,0,,000160000665
WO-2163623,ASSET-00707,Preventive,,0,,000160000665
WO-2163624,ASSET-00707,Corrective,BELT-FAILURE,106,1853,000160000665
WO-2163625,ASSET-00707,Preventive,,0,,000160000665
WO-2163626,ASSET-00707,Preventive,,0,,000160000665
WO-2163627,ASSET-00708,Preventive,,0,,000160000666
WO-2163628,ASSET-00708,Preventive,,0,,000160000666
WO-2163629,ASSET-00708,Preventive,,0,,000160000666
WO-2163630,ASSET-00708,Preventive,,0,,000160000666
WO-2163631,ASSET-00708,Preventive,,0,,000160000666
WO-2163632,ASSET-00708,Preventive,,0,,000160000666
WO-2163633,ASSET-00708,Corrective,PNEUMATIC-LEAK,82,860,000160000666
WO-2163634,ASSET-00708,Preventive,,0,,000160000666
WO-2163635,ASSET-00708,Preventive,,0,,000160000666
WO-2163636,ASSET-00709,Corrective,HYDRAULIC-LEAK,53,521,000160000667
WO-2163637,ASSET-00709,Preventive,,0,,000160000667
WO-2163638,ASSET-00709,Preventive,,0,,000160000667
WO-2163639,ASSET-00710,Preventive,,0,,000160000668
WO-2163640,ASSET-00710,Preventive,,0,,000160000668
WO-2163641,ASSET-00710,Emergency,CONTROLLER-FAULT,106,1882,000160000668
WO-2163642,ASSET-00710,Preventive,,0,,000160000668
WO-2163643,ASSET-00710,Corrective,MOTOR-BURNOUT,174,1522,000160000668
WO-2163644,ASSET-00710,Corrective,BELT-FAILURE,73,954,000160000668
WO-2163645,ASSET-00711,Preventive,,0,,000160000669
WO-2163646,ASSET-00711,Corrective,BEARING-FAILURE,105,401,000160000669
WO-2163647,ASSET-00711,Preventive,,0,,000160000669
WO-2163648,ASSET-00711,Preventive,,0,,000160000669
WO-2163649,ASSET-00712,Corrective,MOTOR-BURNOUT,211,1824,000160000670
WO-2163650,ASSET-00712,Preventive,,0,,000160000670
WO-2163651,ASSET-00712,Corrective,MOTOR-BURNOUT,51,471,000160000670
WO-2163652,ASSET-00712,Preventive,,0,,000160000670
WO-2163653,ASSET-00712,Corrective,DIE-WEAR,133,1842,000160000670
WO-2163654,ASSET-00712,Corrective,BELT-FAILURE,75,1397,000160000670
WO-2163655,ASSET-00712,Corrective,CALIBRATION-DRIFT,46,1189,000160000670
WO-2163656,ASSET-00713,Corrective,SPINDLE-SEIZURE,213,1852,000160000671
WO-2163657,ASSET-00713,Preventive,,0,,000160000671
WO-2163658,ASSET-00713,Preventive,,0,,000160000671
WO-2163659,ASSET-00714,Preventive,,0,,000160000672
WO-2163660,ASSET-00714,Corrective,DIE-WEAR,80,424,000160000672
WO-2163661,ASSET-00714,Corrective,PNEUMATIC-LEAK,99,1926,000160000672
WO-2163662,ASSET-00714,Preventive,,0,,000160000672
WO-2163663,ASSET-00714,Preventive,,0,,000160000672
WO-2163664,ASSET-00714,Emergency,PNEUMATIC-LEAK,361,860,000160000672
WO-2163665,ASSET-00714,Corrective,PNEUMATIC-LEAK,153,1408,000160000672
WO-2163666,ASSET-00714,Preventive,,0,,000160000672
WO-2163667,ASSET-00715,Emergency,DIE-WEAR,157,656,000160000673
WO-2163668,ASSET-00715,Corrective,DIE-WEAR,117,1763,000160000673
WO-2163669,ASSET-00715,Corrective,MOTOR-BURNOUT,199,1267,000160000673
WO-2163670,ASSET-00715,Preventive,,0,,000160000673
WO-2163671,ASSET-00715,Preventive,,0,,000160000673
WO-2163672,ASSET-00716,Preventive,,0,,000160000674
WO-2163673,ASSET-00716,Corrective,CONTROLLER-FAULT,231,276,000160000674
WO-2163674,ASSET-00716,Preventive,,0,,000160000674
WO-2163675,ASSET-00716,Preventive,,0,,000160000674
WO-2163676,ASSET-00716,Corrective,CONTROLLER-FAULT,69,381,000160000674
WO-2163677,ASSET-00716,Emergency,CONTROLLER-FAULT,590,281,000160000674
WO-2163678,ASSET-00716,Preventive,,0,,000160000674
WO-2163679,ASSET-00717,Preventive,,0,,000160000675
WO-2163680,ASSET-00717,Preventive,,0,,000160000675
WO-2163681,ASSET-00717,Emergency,SENSOR-FAULT,252,913,000160000675
WO-2163682,ASSET-00717,Preventive,,0,,000160000675
WO-2163683,ASSET-00717,Emergency,MOTOR-BURNOUT,285,1875,000160000675
WO-2163684,ASSET-00717,Emergency,CONTROLLER-FAULT,65,1742,000160000675
WO-2163685,ASSET-00717,Corrective,SPINDLE-SEIZURE,70,432,000160000675
WO-2163686,ASSET-00717,Preventive,,0,,000160000675
WO-2163687,ASSET-00717,Preventive,,0,,000160000675
WO-2163688,ASSET-00717,Corrective,SPINDLE-SEIZURE,192,1869,000160000675
WO-2163689,ASSET-00717,Preventive,,0,,000160000675
WO-2163690,ASSET-00718,Preventive,,0,,000160000676
WO-2163691,ASSET-00718,Corrective,PNEUMATIC-LEAK,100,507,000160000676
WO-2163692,ASSET-00718,Corrective,MOTOR-BURNOUT,166,1940,000160000676
WO-2163693,ASSET-00718,Corrective,SENSOR-FAULT,82,1807,000160000676
WO-2163694,ASSET-00718,Corrective,PNEUMATIC-LEAK,170,1941,000160000676
WO-2163695,ASSET-00718,Preventive,,0,,000160000676
WO-2163696,ASSET-00719,Corrective,CONTROLLER-FAULT,165,1404,000160000677
WO-2163697,ASSET-00719,Corrective,SPINDLE-SEIZURE,204,1560,000160000677
WO-2163698,ASSET-00719,Preventive,,0,,000160000677
WO-2163699,ASSET-00719,Preventive,,0,,000160000677
WO-2163700,ASSET-00719,Preventive,,0,,000160000677
WO-2163701,ASSET-00719,Preventive,,0,,000160000677
WO-2163702,ASSET-00719,Corrective,MOTOR-BURNOUT,232,1446,000160000677
WO-2163703,ASSET-00719,Preventive,,0,,000160000677
WO-2163704,ASSET-00719,Corrective,DIE-WEAR,206,804,000160000677
WO-2163705,ASSET-00719,Corrective,BEARING-FAILURE,80,656,000160000677
WO-2163706,ASSET-00719,Preventive,,0,,000160000677
WO-2163707,ASSET-00720,Preventive,,0,,000160000678
WO-2163708,ASSET-00720,Corrective,PNEUMATIC-LEAK,46,284,000160000678
WO-2163709,ASSET-00720,Preventive,,0,,000160000678
WO-2163710,ASSET-00721,Corrective,CALIBRATION-DRIFT,142,1478,000160000679
WO-2163711,ASSET-00721,Corrective,SENSOR-FAULT,161,1931,000160000679
WO-2163712,ASSET-00721,Preventive,,0,,000160000679
WO-2163713,ASSET-00721,Corrective,CONTROLLER-FAULT,123,924,000160000679
WO-2163714,ASSET-00721,Preventive,,0,,000160000679
WO-2163715,ASSET-00722,Preventive,,0,,000160000680
WO-2163716,ASSET-00722,Preventive,,0,,000160000680
WO-2163717,ASSET-00722,Corrective,BEARING-FAILURE,132,1539,000160000680
WO-2163718,ASSET-00722,Preventive,,0,,000160000680
WO-2163719,ASSET-00722,Corrective,SENSOR-FAULT,88,603,000160000680
WO-2163720,ASSET-00722,Corrective,BELT-FAILURE,145,1878,000160000680
WO-2163721,ASSET-00722,Preventive,,0,,000160000680
WO-2163722,ASSET-00723,Emergency,MOTOR-BURNOUT,218,1697,000160000681
WO-2163723,ASSET-00723,Preventive,,0,,000160000681
WO-2163724,ASSET-00723,Emergency,SPINDLE-SEIZURE,327,206,000160000681
WO-2163725,ASSET-00723,Corrective,CONTROLLER-FAULT,91,1070,000160000681
WO-2163726,ASSET-00724,Corrective,CALIBRATION-DRIFT,55,1767,000160000682
WO-2163727,ASSET-00724,Corrective,BEARING-FAILURE,225,648,000160000682
WO-2163728,ASSET-00724,Corrective,BELT-FAILURE,145,1166,000160000682
WO-2163729,ASSET-00725,Emergency,CALIBRATION-DRIFT,584,240,000160000683
WO-2163730,ASSET-00725,Preventive,,0,,000160000683
WO-2163731,ASSET-00725,Preventive,,0,,000160000683
WO-2163732,ASSET-00725,Preventive,,0,,000160000683
WO-2163733,ASSET-00725,Preventive,,0,,000160000683
WO-2163734,ASSET-00725,Preventive,,0,,000160000683
WO-2163735,ASSET-00726,Preventive,,0,,000160000684
WO-2163736,ASSET-00726,Corrective,BEARING-FAILURE,148,701,000160000684
WO-2163737,ASSET-00726,Corrective,SPINDLE-SEIZURE,127,1651,000160000684
WO-2163738,ASSET-00727,Preventive,,0,,000160000685
WO-2163739,ASSET-00727,Corrective,MOTOR-BURNOUT,33,1406,000160000685
WO-2163740,ASSET-00727,Preventive,,0,,000160000685
WO-2163741,ASSET-00727,Preventive,,0,,000160000685
WO-2163742,ASSET-00728,Corrective,DIE-WEAR,119,1371,000160000686
WO-2163743,ASSET-00728,Preventive,,0,,000160000686
WO-2163744,ASSET-00728,Preventive,,0,,000160000686
WO-2163745,ASSET-00728,Emergency,SPINDLE-SEIZURE,403,956,000160000686
WO-2163746,ASSET-00728,Corrective,HYDRAULIC-LEAK,118,1664,000160000686
WO-2163747,ASSET-00729,Preventive,,0,,000160000687
WO-2163748,ASSET-00729,Preventive,,0,,000160000687
WO-2163749,ASSET-00729,Preventive,,0,,000160000687
WO-2163750,ASSET-00729,Preventive,,0,,000160000687
WO-2163751,ASSET-00729,Emergency,BEARING-FAILURE,404,1337,000160000687
WO-2163752,ASSET-00730,Corrective,SPINDLE-SEIZURE,92,1919,000160000688
WO-2163753,ASSET-00730,Emergency,SENSOR-FAULT,480,887,000160000688
WO-2163754,ASSET-00730,Corrective,MOTOR-BURNOUT,125,1730,000160000688
WO-2163755,ASSET-00730,Corrective,SENSOR-FAULT,148,1915,000160000688
WO-2163756,ASSET-00730,Corrective,DIE-WEAR,128,388,000160000688
WO-2163757,ASSET-00730,Emergency,BEARING-FAILURE,217,256,000160000688
WO-2163758,ASSET-00731,Emergency,BEARING-FAILURE,534,238,000160000689
WO-2163759,ASSET-00731,Preventive,,0,,000160000689
WO-2163760,ASSET-00731,Corrective,CALIBRATION-DRIFT,159,890,000160000689
WO-2163761,ASSET-00732,Corrective,SENSOR-FAULT,52,752,000160000690
WO-2163762,ASSET-00732,Preventive,,0,,000160000690
WO-2163763,ASSET-00732,Corrective,CALIBRATION-DRIFT,111,1479,000160000690
WO-2163764,ASSET-00732,Preventive,,0,,000160000690
WO-2163765,ASSET-00732,Corrective,MOTOR-BURNOUT,141,1573,000160000690
WO-2163766,ASSET-00732,Corrective,CALIBRATION-DRIFT,231,1201,000160000690
WO-2163767,ASSET-00733,Preventive,,0,,000160000691
WO-2163768,ASSET-00734,Preventive,,0,,000160000692
WO-2163769,ASSET-00734,Preventive,,0,,000160000692
WO-2163770,ASSET-00735,Preventive,,0,,000160000693
WO-2163771,ASSET-00735,Preventive,,0,,000160000693
WO-2163772,ASSET-00735,Emergency,CALIBRATION-DRIFT,353,741,000160000693
WO-2163773,ASSET-00735,Corrective,SENSOR-FAULT,184,1764,000160000693
WO-2163774,ASSET-00735,Preventive,,0,,000160000693
WO-2163775,ASSET-00736,Corrective,SENSOR-FAULT,55,1291,000160000694
WO-2163776,ASSET-00736,Corrective,MOTOR-BURNOUT,155,1459,000160000694
WO-2163777,ASSET-00736,Corrective,MOTOR-BURNOUT,53,941,000160000694
WO-2163778,ASSET-00736,Preventive,,0,,000160000694
WO-2163779,ASSET-00736,Corrective,MOTOR-BURNOUT,50,1748,000160000694
WO-2163780,ASSET-00736,Preventive,,0,,000160000694
WO-2163781,ASSET-00736,Preventive,,0,,000160000694
WO-2163782,ASSET-00736,Preventive,,0,,000160000694
WO-2163783,ASSET-00737,Preventive,,0,,000160000695
WO-2163784,ASSET-00737,Corrective,DIE-WEAR,86,1417,000160000695
WO-2163785,ASSET-00737,Corrective,SENSOR-FAULT,180,1195,000160000695
WO-2163786,ASSET-00737,Preventive,,0,,000160000695
WO-2163787,ASSET-00737,Preventive,,0,,000160000695
WO-2163788,ASSET-00738,Preventive,,0,,000160000696
WO-2163789,ASSET-00738,Preventive,,0,,000160000696
WO-2163790,ASSET-00738,Corrective,MOTOR-BURNOUT,178,210,000160000696
WO-2163791,ASSET-00738,Preventive,,0,,000160000696
WO-2163792,ASSET-00738,Preventive,,0,,000160000696
WO-2163793,ASSET-00738,Emergency,SENSOR-FAULT,190,1767,000160000696
WO-2163794,ASSET-00739,Corrective,BELT-FAILURE,158,1883,000160000697
WO-2163795,ASSET-00739,Corrective,DIE-WEAR,39,1122,000160000697
WO-2163796,ASSET-00739,Preventive,,0,,000160000697
WO-2163797,ASSET-00739,Preventive,,0,,000160000697
WO-2163798,ASSET-00739,Corrective,BELT-FAILURE,103,1806,000160000697
WO-2163799,ASSET-00740,Corrective,BELT-FAILURE,214,931,000160000698
WO-2163800,ASSET-00740,Preventive,,0,,000160000698
WO-2163801,ASSET-00740,Preventive,,0,,000160000698
WO-2163802,ASSET-00740,Corrective,HYDRAULIC-LEAK,75,372,000160000698
WO-2163803,ASSET-00740,Preventive,,0,,000160000698
WO-2163804,ASSET-00740,Preventive,,0,,000160000698
WO-2163805,ASSET-00740,Preventive,,0,,000160000698
WO-2163806,ASSET-00741,Preventive,,0,,000160000699
WO-2163807,ASSET-00742,Corrective,PNEUMATIC-LEAK,127,899,000160000700
WO-2163808,ASSET-00742,Emergency,SENSOR-FAULT,315,446,000160000700
WO-2163809,ASSET-00742,Corrective,DIE-WEAR,205,722,000160000700
WO-2163810,ASSET-00742,Corrective,PNEUMATIC-LEAK,228,289,000160000700
WO-2163811,ASSET-00742,Corrective,CALIBRATION-DRIFT,109,875,000160000700
WO-2163812,ASSET-00742,Corrective,BELT-FAILURE,99,232,000160000700
WO-2163813,ASSET-00743,Corrective,PNEUMATIC-LEAK,143,435,000160000701
WO-2163814,ASSET-00743,Corrective,BELT-FAILURE,220,397,000160000701
WO-2163815,ASSET-00743,Emergency,BELT-FAILURE,482,649,000160000701
WO-2163816,ASSET-00743,Preventive,,0,,000160000701
WO-2163817,ASSET-00743,Preventive,,0,,000160000701
WO-2163818,ASSET-00743,Corrective,DIE-WEAR,225,1428,000160000701
WO-2163819,ASSET-00743,Preventive,,0,,000160000701
WO-2163820,ASSET-00744,Preventive,,0,,000160000702
WO-2163821,ASSET-00744,Corrective,CONTROLLER-FAULT,94,834,000160000702
WO-2163822,ASSET-00745,Preventive,,0,,000160000703
WO-2163823,ASSET-00745,Corrective,MOTOR-BURNOUT,162,995,000160000703
WO-2163824,ASSET-00745,Corrective,CALIBRATION-DRIFT,41,382,000160000703
WO-2163825,ASSET-00745,Preventive,,0,,000160000703
WO-2163826,ASSET-00746,Preventive,,0,,000160000704
WO-2163827,ASSET-00746,Preventive,,0,,000160000704
WO-2163828,ASSET-00746,Preventive,,0,,000160000704
WO-2163829,ASSET-00746,Emergency,SPINDLE-SEIZURE,129,705,000160000704
WO-2163830,ASSET-00746,Corrective,DIE-WEAR,141,668,000160000704
WO-2163831,ASSET-00746,Preventive,,0,,000160000704
WO-2163832,ASSET-00747,Corrective,MOTOR-BURNOUT,36,1701,000160000705
WO-2163833,ASSET-00747,Preventive,,0,,000160000705
WO-2163834,ASSET-00747,Corrective,CALIBRATION-DRIFT,230,1370,000160000705
WO-2163835,ASSET-00747,Corrective,DIE-WEAR,45,1431,000160000705
WO-2163836,ASSET-00748,Corrective,SENSOR-FAULT,70,1059,000160000706
WO-2163837,ASSET-00748,Preventive,,0,,000160000706
WO-2163838,ASSET-00748,Emergency,MOTOR-BURNOUT,594,840,000160000706
WO-2163839,ASSET-00748,Preventive,,0,,000160000706
WO-2163840,ASSET-00748,Preventive,,0,,000160000706
WO-2163841,ASSET-00748,Preventive,,0,,000160000706
WO-2163842,ASSET-00748,Emergency,BELT-FAILURE,435,1186,000160000706
WO-2163843,ASSET-00749,Corrective,MOTOR-BURNOUT,211,501,000160000707
WO-2163844,ASSET-00749,Corrective,DIE-WEAR,119,1284,000160000707
WO-2163845,ASSET-00749,Preventive,,0,,000160000707
WO-2163846,ASSET-00749,Corrective,BELT-FAILURE,106,1082,000160000707
WO-2163847,ASSET-00749,Corrective,HYDRAULIC-LEAK,79,918,000160000707
WO-2163848,ASSET-00749,Corrective,DIE-WEAR,79,581,000160000707
WO-2163849,ASSET-00750,Emergency,MOTOR-BURNOUT,204,411,000160000708
WO-2163850,ASSET-00750,Preventive,,0,,000160000708
WO-2163851,ASSET-00750,Preventive,,0,,000160000708
WO-2163852,ASSET-00750,Preventive,,0,,000160000708
WO-2163853,ASSET-00750,Preventive,,0,,000160000708
WO-2163854,ASSET-00750,Preventive,,0,,000160000708
WO-2163855,ASSET-00751,Emergency,CONTROLLER-FAULT,168,440,000160000709
WO-2163856,ASSET-00751,Preventive,,0,,000160000709
WO-2163857,ASSET-00751,Preventive,,0,,000160000709
WO-2163858,ASSET-00751,Preventive,,0,,000160000709
WO-2163859,ASSET-00751,Preventive,,0,,000160000709
WO-2163860,ASSET-00751,Preventive,,0,,000160000709
WO-2163861,ASSET-00752,Preventive,,0,,000160000710
WO-2163862,ASSET-00752,Preventive,,0,,000160000710
WO-2163863,ASSET-00752,Corrective,MOTOR-BURNOUT,115,980,000160000710
WO-2163864,ASSET-00752,Preventive,,0,,000160000710
WO-2163865,ASSET-00752,Corrective,CONTROLLER-FAULT,146,388,000160000710
WO-2163866,ASSET-00753,Preventive,,0,,000160000711
WO-2163867,ASSET-00753,Preventive,,0,,000160000711
WO-2163868,ASSET-00753,Preventive,,0,,000160000711
WO-2163869,ASSET-00753,Preventive,,0,,000160000711
WO-2163870,ASSET-00753,Corrective,HYDRAULIC-LEAK,91,1299,000160000711
WO-2163871,ASSET-00753,Emergency,MOTOR-BURNOUT,582,1849,000160000711
WO-2163872,ASSET-00753,Preventive,,0,,000160000711
WO-2163873,ASSET-00753,Preventive,,0,,000160000711
WO-2163874,ASSET-00754,Corrective,SENSOR-FAULT,237,753,000160000712
WO-2163875,ASSET-00754,Emergency,MOTOR-BURNOUT,586,1991,000160000712
WO-2163876,ASSET-00754,Corrective,SPINDLE-SEIZURE,127,1505,000160000712
WO-2163877,ASSET-00754,Preventive,,0,,000160000712
WO-2163878,ASSET-00754,Preventive,,0,,000160000712
WO-2163879,ASSET-00754,Preventive,,0,,000160000712
WO-2163880,ASSET-00754,Corrective,SENSOR-FAULT,126,840,000160000712
WO-2163881,ASSET-00754,Corrective,BELT-FAILURE,205,523,000160000712
WO-2163882,ASSET-00754,Preventive,,0,,000160000712
WO-2163883,ASSET-00754,Preventive,,0,,000160000712
WO-2163884,ASSET-00755,Preventive,,0,,000160000713
WO-2163885,ASSET-00755,Preventive,,0,,000160000713
WO-2163886,ASSET-00755,Corrective,PNEUMATIC-LEAK,240,403,000160000713
WO-2163887,ASSET-00755,Preventive,,0,,000160000713
WO-2163888,ASSET-00755,Emergency,CONTROLLER-FAULT,398,1078,000160000713
WO-2163889,ASSET-00756,Preventive,,0,,000160000714
WO-2163890,ASSET-00756,Preventive,,0,,000160000714
WO-2163891,ASSET-00756,Preventive,,0,,000160000714
WO-2163892,ASSET-00756,Corrective,HYDRAULIC-LEAK,238,1072,000160000714
WO-2163893,ASSET-00756,Corrective,SPINDLE-SEIZURE,74,732,000160000714
WO-2163894,ASSET-00757,Corrective,PNEUMATIC-LEAK,152,1160,000160000716
WO-2163895,ASSET-00757,Preventive,,0,,000160000716
WO-2163896,ASSET-00757,Preventive,,0,,000160000716
WO-2163897,ASSET-00757,Preventive,,0,,000160000716
WO-2163898,ASSET-00757,Corrective,CONTROLLER-FAULT,168,1661,000160000716
WO-2163899,ASSET-00757,Corrective,CONTROLLER-FAULT,139,1972,000160000716
WO-2163900,ASSET-00757,Corrective,SPINDLE-SEIZURE,154,1169,000160000716
WO-2163901,ASSET-00758,Preventive,,0,,000160000717
WO-2163902,ASSET-00758,Corrective,BELT-FAILURE,216,257,000160000717
WO-2163903,ASSET-00758,Preventive,,0,,000160000717
WO-2163904,ASSET-00758,Corrective,CONTROLLER-FAULT,182,817,000160000717
WO-2163905,ASSET-00759,Preventive,,0,,000160000718
WO-2163906,ASSET-00759,Emergency,BELT-FAILURE,582,1228,000160000718
WO-2163907,ASSET-00759,Preventive,,0,,000160000718
WO-2163908,ASSET-00759,Preventive,,0,,000160000718
WO-2163909,ASSET-00759,Preventive,,0,,000160000718
WO-2163910,ASSET-00760,Preventive,,0,,000160000719
WO-2163911,ASSET-00760,Corrective,MOTOR-BURNOUT,51,380,000160000719
WO-2163912,ASSET-00760,Corrective,SENSOR-FAULT,39,573,000160000719
WO-2163913,ASSET-00760,Emergency,BEARING-FAILURE,116,1737,000160000719
WO-2163914,ASSET-00760,Corrective,CONTROLLER-FAULT,114,1309,000160000719
WO-2163915,ASSET-00760,Preventive,,0,,000160000719
WO-2163916,ASSET-00760,Emergency,PNEUMATIC-LEAK,588,902,000160000719
WO-2163917,ASSET-00761,Corrective,MOTOR-BURNOUT,139,504,000160000720
WO-2163918,ASSET-00761,Emergency,DIE-WEAR,408,882,000160000720
WO-2163919,ASSET-00762,Corrective,CONTROLLER-FAULT,36,818,000160000721
WO-2163920,ASSET-00762,Preventive,,0,,000160000721
WO-2163921,ASSET-00762,Preventive,,0,,000160000721
WO-2163922,ASSET-00762,Preventive,,0,,000160000721
WO-2163923,ASSET-00762,Preventive,,0,,000160000721
WO-2163924,ASSET-00763,Preventive,,0,,000160000722
WO-2163925,ASSET-00763,Preventive,,0,,000160000722
WO-2163926,ASSET-00763,Corrective,SPINDLE-SEIZURE,217,606,000160000722
WO-2163927,ASSET-00764,Corrective,BELT-FAILURE,141,457,000160000723
WO-2163928,ASSET-00764,Preventive,,0,,000160000723
WO-2163929,ASSET-00764,Preventive,,0,,000160000723
WO-2163930,ASSET-00764,Corrective,SENSOR-FAULT,137,201,000160000723
WO-2163931,ASSET-00765,Corrective,HYDRAULIC-LEAK,115,1767,000160000724
WO-2163932,ASSET-00765,Preventive,,0,,000160000724
WO-2163933,ASSET-00765,Preventive,,0,,000160000724
WO-2163934,ASSET-00765,Preventive,,0,,000160000724
WO-2163935,ASSET-00765,Emergency,MOTOR-BURNOUT,472,1514,000160000724
WO-2163936,ASSET-00765,Preventive,,0,,000160000724
WO-2163937,ASSET-00765,Corrective,CALIBRATION-DRIFT,185,1909,000160000724
WO-2163938,ASSET-00765,Corrective,BEARING-FAILURE,119,1020,000160000724
WO-2163939,ASSET-00765,Preventive,,0,,000160000724
WO-2163940,ASSET-00766,Corrective,BEARING-FAILURE,68,371,000160000725
WO-2163941,ASSET-00766,Emergency,SENSOR-FAULT,307,1233,000160000725
WO-2163942,ASSET-00766,Preventive,,0,,000160000725
WO-2163943,ASSET-00766,Emergency,PNEUMATIC-LEAK,597,1138,000160000725
WO-2163944,ASSET-00767,Corrective,DIE-WEAR,137,1040,000160000726
WO-2163945,ASSET-00767,Preventive,,0,,000160000726
WO-2163946,ASSET-00767,Corrective,MOTOR-BURNOUT,89,929,000160000726
WO-2163947,ASSET-00767,Emergency,PNEUMATIC-LEAK,523,572,000160000726
WO-2163948,ASSET-00768,Preventive,,0,,000160000727
WO-2163949,ASSET-00768,Preventive,,0,,000160000727
WO-2163950,ASSET-00768,Preventive,,0,,000160000727
WO-2163951,ASSET-00769,Preventive,,0,,000160000728
WO-2163952,ASSET-00769,Corrective,PNEUMATIC-LEAK,177,1948,000160000728
WO-2163953,ASSET-00769,Preventive,,0,,000160000728
WO-2163954,ASSET-00769,Corrective,BELT-FAILURE,112,328,000160000728
WO-2163955,ASSET-00769,Corrective,BELT-FAILURE,74,760,000160000728
WO-2163956,ASSET-00770,Corrective,MOTOR-BURNOUT,33,731,000160000729
WO-2163957,ASSET-00770,Preventive,,0,,000160000729
WO-2163958,ASSET-00770,Corrective,MOTOR-BURNOUT,185,1815,000160000729
WO-2163959,ASSET-00771,Emergency,CONTROLLER-FAULT,408,291,000160000730
WO-2163960,ASSET-00771,Corrective,PNEUMATIC-LEAK,47,1171,000160000730
WO-2163961,ASSET-00771,Corrective,BEARING-FAILURE,48,1566,000160000730
WO-2163962,ASSET-00771,Preventive,,0,,000160000730
WO-2163963,ASSET-00771,Preventive,,0,,000160000730
WO-2163964,ASSET-00771,Corrective,SENSOR-FAULT,215,1841,000160000730
WO-2163965,ASSET-00772,Preventive,,0,,000160000731
WO-2163966,ASSET-00772,Preventive,,0,,000160000731
WO-2163967,ASSET-00772,Preventive,,0,,000160000731
WO-2163968,ASSET-00772,Corrective,HYDRAULIC-LEAK,108,1666,000160000731
WO-2163969,ASSET-00772,Corrective,CALIBRATION-DRIFT,39,1280,000160000731
WO-2163970,ASSET-00772,Corrective,SPINDLE-SEIZURE,145,1550,000160000731
WO-2163971,ASSET-00773,Preventive,,0,,000160000732
WO-2163972,ASSET-00773,Preventive,,0,,000160000732
WO-2163973,ASSET-00773,Corrective,SPINDLE-SEIZURE,239,992,000160000732
WO-2163974,ASSET-00773,Preventive,,0,,000160000732
WO-2163975,ASSET-00773,Preventive,,0,,000160000732
WO-2163976,ASSET-00773,Corrective,DIE-WEAR,80,1280,000160000732
WO-2163977,ASSET-00774,Emergency,MOTOR-BURNOUT,123,1284,000160000733
WO-2163978,ASSET-00774,Preventive,,0,,000160000733
WO-2163979,ASSET-00774,Emergency,HYDRAULIC-LEAK,484,243,000160000733
WO-2163980,ASSET-00774,Preventive,,0,,000160000733
WO-2163981,ASSET-00774,Emergency,PNEUMATIC-LEAK,227,806,000160000733
WO-2163982,ASSET-00774,Preventive,,0,,000160000733
WO-2163983,ASSET-00775,Preventive,,0,,000160000734
WO-2163984,ASSET-00775,Preventive,,0,,000160000734
WO-2163985,ASSET-00775,Preventive,,0,,000160000734
WO-2163986,ASSET-00776,Corrective,CONTROLLER-FAULT,164,1023,000160000735
WO-2163987,ASSET-00776,Preventive,,0,,000160000735
WO-2163988,ASSET-00776,Preventive,,0,,000160000735
WO-2163989,ASSET-00776,Corrective,CALIBRATION-DRIFT,102,1227,000160000735
WO-2163990,ASSET-00777,Emergency,BELT-FAILURE,426,298,000160000736
WO-2163991,ASSET-00777,Preventive,,0,,000160000736
WO-2163992,ASSET-00777,Corrective,CALIBRATION-DRIFT,191,515,000160000736
WO-2163993,ASSET-00777,Preventive,,0,,000160000736
WO-2163994,ASSET-00778,Preventive,,0,,000160000737
WO-2163995,ASSET-00778,Corrective,CONTROLLER-FAULT,30,1474,000160000737
WO-2163996,ASSET-00778,Corrective,DIE-WEAR,155,709,000160000737
WO-2163997,ASSET-00778,Preventive,,0,,000160000737
WO-2163998,ASSET-00778,Preventive,,0,,000160000737
WO-2163999,ASSET-00779,Preventive,,0,,000160000738
WO-2164000,ASSET-00779,Corrective,SPINDLE-SEIZURE,79,1856,000160000738
WO-2164001,ASSET-00780,Corrective,CONTROLLER-FAULT,186,661,000160000739
WO-2164002,ASSET-00780,Preventive,,0,,000160000739
WO-2164003,ASSET-00780,Preventive,,0,,000160000739
WO-2164004,ASSET-00780,Preventive,,0,,000160000739
WO-2164005,ASSET-00780,Preventive,,0,,000160000739
WO-2164006,ASSET-00781,Preventive,,0,,000160000740
WO-2164007,ASSET-00781,Corrective,CALIBRATION-DRIFT,45,862,000160000740
WO-2164008,ASSET-00781,Corrective,HYDRAULIC-LEAK,214,669,000160000740
WO-2164009,ASSET-00781,Corrective,CONTROLLER-FAULT,64,642,000160000740
WO-2164010,ASSET-00782,Preventive,,0,,000160000741
WO-2164011,ASSET-00782,Preventive,,0,,000160000741
WO-2164012,ASSET-00782,Corrective,SENSOR-FAULT,55,801,000160000741
WO-2164013,ASSET-00782,Preventive,,0,,000160000741
WO-2164014,ASSET-00782,Preventive,,0,,000160000741
WO-2164015,ASSET-00782,Preventive,,0,,000160000741
WO-2164016,ASSET-00783,Emergency,SPINDLE-SEIZURE,568,856,000160000742
WO-2164017,ASSET-00783,Corrective,CALIBRATION-DRIFT,74,763,000160000742
WO-2164018,ASSET-00783,Corrective,BEARING-FAILURE,163,564,000160000742
WO-2164019,ASSET-00783,Corrective,CONTROLLER-FAULT,134,1379,000160000742
WO-2164020,ASSET-00783,Preventive,,0,,000160000742
WO-2164021,ASSET-00783,Emergency,CONTROLLER-FAULT,478,682,000160000742
WO-2164022,ASSET-00783,Emergency,CALIBRATION-DRIFT,470,1886,000160000742
WO-2164023,ASSET-00784,Corrective,PNEUMATIC-LEAK,169,411,000160000743
WO-2164024,ASSET-00784,Corrective,BEARING-FAILURE,225,259,000160000743
WO-2164025,ASSET-00784,Corrective,MOTOR-BURNOUT,208,680,000160000743
WO-2164026,ASSET-00784,Corrective,SPINDLE-SEIZURE,161,595,000160000743
WO-2164027,ASSET-00784,Preventive,,0,,000160000743
WO-2164028,ASSET-00784,Preventive,,0,,000160000743
WO-2164029,ASSET-00784,Preventive,,0,,000160000743
WO-2164030,ASSET-00785,Corrective,CALIBRATION-DRIFT,167,502,000160000745
WO-2164031,ASSET-00785,Emergency,CONTROLLER-FAULT,506,378,000160000745
WO-2164032,ASSET-00785,Emergency,SENSOR-FAULT,528,733,000160000745
WO-2164033,ASSET-00785,Preventive,,0,,000160000745
WO-2164034,ASSET-00786,Corrective,SENSOR-FAULT,55,1705,000160000746
WO-2164035,ASSET-00786,Preventive,,0,,000160000746
WO-2164036,ASSET-00786,Corrective,BELT-FAILURE,236,1452,000160000746
WO-2164037,ASSET-00786,Preventive,,0,,000160000746
WO-2164038,ASSET-00787,Preventive,,0,,000160000747
WO-2164039,ASSET-00787,Preventive,,0,,000160000747
WO-2164040,ASSET-00787,Preventive,,0,,000160000747
WO-2164041,ASSET-00788,Corrective,BELT-FAILURE,160,948,000160000748
WO-2164042,ASSET-00788,Preventive,,0,,000160000748
WO-2164043,ASSET-00789,Emergency,CALIBRATION-DRIFT,405,1892,000160000749
WO-2164044,ASSET-00789,Preventive,,0,,000160000749
WO-2164045,ASSET-00789,Corrective,MOTOR-BURNOUT,83,1334,000160000749
WO-2164046,ASSET-00789,Corrective,SPINDLE-SEIZURE,127,424,000160000749
WO-2164047,ASSET-00789,Preventive,,0,,000160000749
WO-2164048,ASSET-00790,Preventive,,0,,000160000750
WO-2164049,ASSET-00790,Preventive,,0,,000160000750
WO-2164050,ASSET-00790,Emergency,CALIBRATION-DRIFT,109,794,000160000750
WO-2164051,ASSET-00790,Preventive,,0,,000160000750
WO-2164052,ASSET-00790,Preventive,,0,,000160000750
WO-2164053,ASSET-00791,Preventive,,0,,000160000751
WO-2164054,ASSET-00791,Preventive,,0,,000160000751
WO-2164055,ASSET-00791,Corrective,SPINDLE-SEIZURE,136,675,000160000751
WO-2164056,ASSET-00791,Corrective,CONTROLLER-FAULT,30,820,000160000751
WO-2164057,ASSET-00791,Preventive,,0,,000160000751
WO-2164058,ASSET-00792,Preventive,,0,,000160000752
WO-2164059,ASSET-00792,Emergency,CALIBRATION-DRIFT,253,410,000160000752
WO-2164060,ASSET-00792,Emergency,DIE-WEAR,287,334,000160000752
WO-2164061,ASSET-00792,Preventive,,0,,000160000752
WO-2164062,ASSET-00792,Preventive,,0,,000160000752
WO-2164063,ASSET-00792,Corrective,CONTROLLER-FAULT,121,717,000160000752
WO-2164064,ASSET-00793,Preventive,,0,,000160000753
WO-2164065,ASSET-00793,Preventive,,0,,000160000753
WO-2164066,ASSET-00793,Preventive,,0,,000160000753
WO-2164067,ASSET-00793,Corrective,CALIBRATION-DRIFT,129,430,000160000753
WO-2164068,ASSET-00794,Preventive,,0,,000160000754
WO-2164069,ASSET-00794,Corrective,CALIBRATION-DRIFT,100,1518,000160000754
WO-2164070,ASSET-00794,Corrective,SPINDLE-SEIZURE,166,216,000160000754
WO-2164071,ASSET-00795,Corrective,MOTOR-BURNOUT,214,785,000160000755
WO-2164072,ASSET-00795,Corrective,BELT-FAILURE,176,849,000160000755
WO-2164073,ASSET-00795,Preventive,,0,,000160000755
WO-2164074,ASSET-00795,Emergency,MOTOR-BURNOUT,89,226,000160000755
WO-2164075,ASSET-00795,Preventive,,0,,000160000755
WO-2164076,ASSET-00795,Corrective,CALIBRATION-DRIFT,71,870,000160000755
WO-2164077,ASSET-00796,Preventive,,0,,000160000756
WO-2164078,ASSET-00796,Preventive,,0,,000160000756
WO-2164079,ASSET-00796,Corrective,BEARING-FAILURE,49,710,000160000756
WO-2164080,ASSET-00796,Corrective,DIE-WEAR,163,615,000160000756
WO-2164081,ASSET-00796,Corrective,BEARING-FAILURE,209,290,000160000756
WO-2164082,ASSET-00796,Preventive,,0,,000160000756
WO-2164083,ASSET-00796,Corrective,DIE-WEAR,217,927,000160000756
WO-2164084,ASSET-00797,Preventive,,0,,000160000757
WO-2164085,ASSET-00797,Preventive,,0,,000160000757
WO-2164086,ASSET-00797,Preventive,,0,,000160000757
WO-2164087,ASSET-00797,Preventive,,0,,000160000757
WO-2164088,ASSET-00798,Preventive,,0,,000160000758
WO-2164089,ASSET-00798,Preventive,,0,,000160000758
WO-2164090,ASSET-00799,Preventive,,0,,000160000759
WO-2164091,ASSET-00799,Corrective,MOTOR-BURNOUT,107,962,000160000759
WO-2164092,ASSET-00799,Corrective,CALIBRATION-DRIFT,56,1263,000160000759
WO-2164093,ASSET-00799,Preventive,,0,,000160000759
WO-2164094,ASSET-00799,Corrective,CONTROLLER-FAULT,51,1593,000160000759
WO-2164095,ASSET-00799,Preventive,,0,,000160000759
WO-2164096,ASSET-00799,Preventive,,0,,000160000759
WO-2164097,ASSET-00800,Emergency,BEARING-FAILURE,206,1202,000160000760
WO-2164098,ASSET-00801,Preventive,,0,,000160000761
WO-2164099,ASSET-00801,Preventive,,0,,000160000761
WO-2164100,ASSET-00801,Preventive,,0,,000160000761
WO-2164101,ASSET-00801,Corrective,MOTOR-BURNOUT,199,329,000160000761
WO-2164102,ASSET-00801,Preventive,,0,,000160000761
WO-2164103,ASSET-00802,Preventive,,0,,000160000762
WO-2164104,ASSET-00802,Preventive,,0,,000160000762
WO-2164105,ASSET-00802,Emergency,BELT-FAILURE,152,311,000160000762
WO-2164106,ASSET-00803,Preventive,,0,,000160000763
WO-2164107,ASSET-00803,Corrective,CONTROLLER-FAULT,39,918,000160000763
WO-2164108,ASSET-00804,Preventive,,0,,000160000764
WO-2164109,ASSET-00804,Corrective,BEARING-FAILURE,38,358,000160000764
WO-2164110,ASSET-00805,Emergency,MOTOR-BURNOUT,466,1958,000160000765
WO-2164111,ASSET-00805,Corrective,SPINDLE-SEIZURE,189,919,000160000765
WO-2164112,ASSET-00805,Preventive,,0,,000160000765
WO-2164113,ASSET-00805,Corrective,BEARING-FAILURE,40,1851,000160000765
WO-2164114,ASSET-00805,Corrective,DIE-WEAR,76,718,000160000765
WO-2164115,ASSET-00805,Preventive,,0,,000160000765
WO-2164116,ASSET-00805,Corrective,CONTROLLER-FAULT,186,1947,000160000765
WO-2164117,ASSET-00806,Preventive,,0,,000160000766
WO-2164118,ASSET-00806,Preventive,,0,,000160000766
WO-2164119,ASSET-00806,Preventive,,0,,000160000766
WO-2164120,ASSET-00806,Preventive,,0,,000160000766
WO-2164121,ASSET-00806,Preventive,,0,,000160000766
WO-2164122,ASSET-00806,Corrective,HYDRAULIC-LEAK,190,1385,000160000766
WO-2164123,ASSET-00806,Corrective,DIE-WEAR,135,1804,000160000766
WO-2164124,ASSET-00807,Emergency,CALIBRATION-DRIFT,394,980,000160000767
WO-2164125,ASSET-00807,Corrective,HYDRAULIC-LEAK,147,1222,000160000767
WO-2164126,ASSET-00808,Preventive,,0,,000160000768
WO-2164127,ASSET-00809,Preventive,,0,,000160000769
WO-2164128,ASSET-00809,Corrective,CALIBRATION-DRIFT,82,1339,000160000769
WO-2164129,ASSET-00809,Preventive,,0,,000160000769
WO-2164130,ASSET-00809,Corrective,SENSOR-FAULT,117,909,000160000769
WO-2164131,ASSET-00810,Preventive,,0,,000160000770
WO-2164132,ASSET-00810,Corrective,BEARING-FAILURE,171,791,000160000770
WO-2164133,ASSET-00810,Preventive,,0,,000160000770
WO-2164134,ASSET-00810,Preventive,,0,,000160000770
WO-2164135,ASSET-00811,Preventive,,0,,000160000771
WO-2164136,ASSET-00811,Corrective,MOTOR-BURNOUT,184,1356,000160000771
WO-2164137,ASSET-00811,Preventive,,0,,000160000771
WO-2164138,ASSET-00811,Corrective,DIE-WEAR,215,284,000160000771
WO-2164139,ASSET-00811,Preventive,,0,,000160000771
WO-2164140,ASSET-00812,Preventive,,0,,000160000772
WO-2164141,ASSET-00812,Preventive,,0,,000160000772
WO-2164142,ASSET-00812,Corrective,HYDRAULIC-LEAK,57,1528,000160000772
WO-2164143,ASSET-00812,Emergency,BEARING-FAILURE,130,1628,000160000772
WO-2164144,ASSET-00812,Corrective,BEARING-FAILURE,144,1592,000160000772
WO-2164145,ASSET-00812,Corrective,CALIBRATION-DRIFT,54,585,000160000772
WO-2164146,ASSET-00813,Preventive,,0,,000160000773
WO-2164147,ASSET-00813,Preventive,,0,,000160000773
WO-2164148,ASSET-00813,Preventive,,0,,000160000773
WO-2164149,ASSET-00813,Preventive,,0,,000160000773
WO-2164150,ASSET-00813,Emergency,HYDRAULIC-LEAK,263,1613,000160000773
WO-2164151,ASSET-00813,Corrective,SPINDLE-SEIZURE,170,700,000160000773
WO-2164152,ASSET-00814,Corrective,BELT-FAILURE,170,509,000160000774
WO-2164153,ASSET-00814,Corrective,CALIBRATION-DRIFT,39,1306,000160000774
WO-2164154,ASSET-00815,Preventive,,0,,000160000775
WO-2164155,ASSET-00815,Preventive,,0,,000160000775
WO-2164156,ASSET-00815,Preventive,,0,,000160000775
WO-2164157,ASSET-00815,Corrective,SPINDLE-SEIZURE,83,1680,000160000775
WO-2164158,ASSET-00816,Preventive,,0,,000160000776
WO-2164159,ASSET-00816,Corrective,CONTROLLER-FAULT,205,858,000160000776
WO-2164160,ASSET-00816,Corrective,PNEUMATIC-LEAK,198,1064,000160000776
WO-2164161,ASSET-00816,Preventive,,0,,000160000776
WO-2164162,ASSET-00816,Preventive,,0,,000160000776
WO-2164163,ASSET-00816,Preventive,,0,,000160000776
WO-2164164,ASSET-00817,Preventive,,0,,000160000777
WO-2164165,ASSET-00817,Corrective,CALIBRATION-DRIFT,87,1808,000160000777
WO-2164166,ASSET-00818,Emergency,CALIBRATION-DRIFT,179,1918,000160000778
WO-2164167,ASSET-00818,Corrective,MOTOR-BURNOUT,234,1507,000160000778
WO-2164168,ASSET-00818,Preventive,,0,,000160000778
WO-2164169,ASSET-00818,Preventive,,0,,000160000778
WO-2164170,ASSET-00819,Preventive,,0,,000160000779
WO-2164171,ASSET-00819,Corrective,HYDRAULIC-LEAK,164,519,000160000779
WO-2164172,ASSET-00819,Preventive,,0,,000160000779
WO-2164173,ASSET-00819,Preventive,,0,,000160000779
WO-2164174,ASSET-00819,Preventive,,0,,000160000779
WO-2164175,ASSET-00820,Preventive,,0,,000160000780
WO-2164176,ASSET-00820,Emergency,BEARING-FAILURE,60,1240,000160000780
WO-2164177,ASSET-00820,Preventive,,0,,000160000780
WO-2164178,ASSET-00820,Preventive,,0,,000160000780
WO-2164179,ASSET-00820,Preventive,,0,,000160000780
WO-2164180,ASSET-00821,Preventive,,0,,000160000781
WO-2164181,ASSET-00821,Preventive,,0,,000160000781
WO-2164182,ASSET-00821,Corrective,SENSOR-FAULT,110,1811,000160000781
WO-2164183,ASSET-00821,Preventive,,0,,000160000781
WO-2164184,ASSET-00821,Preventive,,0,,000160000781
WO-2164185,ASSET-00821,Preventive,,0,,000160000781
WO-2164186,ASSET-00822,Corrective,SPINDLE-SEIZURE,47,1377,000160000782
WO-2164187,ASSET-00822,Corrective,PNEUMATIC-LEAK,124,1327,000160000782
WO-2164188,ASSET-00822,Corrective,BEARING-FAILURE,133,783,000160000782
WO-2164189,ASSET-00822,Preventive,,0,,000160000782
WO-2164190,ASSET-00822,Preventive,,0,,000160000782
WO-2164191,ASSET-00822,Preventive,,0,,000160000782
WO-2164192,ASSET-00822,Preventive,,0,,000160000782
WO-2164193,ASSET-00822,Emergency,BEARING-FAILURE,535,1013,000160000782
WO-2164194,ASSET-00822,Corrective,CALIBRATION-DRIFT,81,1105,000160000782
WO-2164195,ASSET-00822,Preventive,,0,,000160000782
WO-2164196,ASSET-00823,Preventive,,0,,000160000783
WO-2164197,ASSET-00823,Emergency,SPINDLE-SEIZURE,342,500,000160000783
WO-2164198,ASSET-00823,Preventive,,0,,000160000783
WO-2164199,ASSET-00823,Corrective,CONTROLLER-FAULT,184,1252,000160000783
WO-2164200,ASSET-00823,Preventive,,0,,000160000783
WO-2164201,ASSET-00824,Preventive,,0,,000160000784
WO-2164202,ASSET-00824,Corrective,BELT-FAILURE,194,889,000160000784
WO-2164203,ASSET-00824,Preventive,,0,,000160000784
WO-2164204,ASSET-00824,Corrective,BEARING-FAILURE,231,812,000160000784
WO-2164205,ASSET-00824,Preventive,,0,,000160000784
WO-2164206,ASSET-00825,Corrective,CALIBRATION-DRIFT,71,818,000160000785
WO-2164207,ASSET-00825,Preventive,,0,,000160000785
WO-2164208,ASSET-00825,Corrective,SENSOR-FAULT,67,1424,000160000785
WO-2164209,ASSET-00825,Preventive,,0,,000160000785
WO-2164210,ASSET-00825,Preventive,,0,,000160000785
WO-2164211,ASSET-00825,Preventive,,0,,000160000785
WO-2164212,ASSET-00826,Corrective,BEARING-FAILURE,82,224,000160000786
WO-2164213,ASSET-00826,Preventive,,0,,000160000786
WO-2164214,ASSET-00826,Preventive,,0,,000160000786
WO-2164215,ASSET-00826,Corrective,MOTOR-BURNOUT,89,1368,000160000786
WO-2164216,ASSET-00826,Preventive,,0,,000160000786
WO-2164217,ASSET-00827,Preventive,,0,,000160000787
WO-2164218,ASSET-00827,Preventive,,0,,000160000787
WO-2164219,ASSET-00827,Corrective,DIE-WEAR,184,247,000160000787
WO-2164220,ASSET-00827,Preventive,,0,,000160000787
WO-2164221,ASSET-00828,Preventive,,0,,000160000788
WO-2164222,ASSET-00828,Preventive,,0,,000160000788
WO-2164223,ASSET-00828,Corrective,SENSOR-FAULT,223,842,000160000788
WO-2164224,ASSET-00828,Preventive,,0,,000160000788
WO-2164225,ASSET-00828,Preventive,,0,,000160000788
WO-2164226,ASSET-00828,Corrective,CALIBRATION-DRIFT,60,874,000160000788
WO-2164227,ASSET-00829,Corrective,CALIBRATION-DRIFT,98,1853,000160000789
WO-2164228,ASSET-00829,Emergency,CALIBRATION-DRIFT,433,540,000160000789
WO-2164229,ASSET-00830,Corrective,MOTOR-BURNOUT,104,341,000160000790
WO-2164230,ASSET-00830,Preventive,,0,,000160000790
WO-2164231,ASSET-00830,Preventive,,0,,000160000790
WO-2164232,ASSET-00831,Preventive,,0,,000160000791
WO-2164233,ASSET-00831,Corrective,PNEUMATIC-LEAK,188,1857,000160000791
WO-2164234,ASSET-00831,Corrective,BELT-FAILURE,233,1407,000160000791
WO-2164235,ASSET-00831,Corrective,CONTROLLER-FAULT,139,597,000160000791
WO-2164236,ASSET-00831,Corrective,HYDRAULIC-LEAK,132,1724,000160000791
WO-2164237,ASSET-00832,Preventive,,0,,000160000792
WO-2164238,ASSET-00832,Corrective,SENSOR-FAULT,175,471,000160000792
WO-2164239,ASSET-00832,Preventive,,0,,000160000792
WO-2164240,ASSET-00832,Preventive,,0,,000160000792
WO-2164241,ASSET-00832,Preventive,,0,,000160000792
WO-2164242,ASSET-00832,Preventive,,0,,000160000792
WO-2164243,ASSET-00832,Corrective,PNEUMATIC-LEAK,79,956,000160000792
WO-2164244,ASSET-00833,Preventive,,0,,000160000793
WO-2164245,ASSET-00833,Emergency,SENSOR-FAULT,152,1572,000160000793
WO-2164246,ASSET-00833,Preventive,,0,,000160000793
WO-2164247,ASSET-00833,Preventive,,0,,000160000793
WO-2164248,ASSET-00833,Preventive,,0,,000160000793
WO-2164249,ASSET-00834,Preventive,,0,,000160000794
WO-2164250,ASSET-00834,Preventive,,0,,000160000794
WO-2164251,ASSET-00834,Preventive,,0,,000160000794
WO-2164252,ASSET-00834,Preventive,,0,,000160000794
WO-2164253,ASSET-00834,Preventive,,0,,000160000794
WO-2164254,ASSET-00834,Preventive,,0,,000160000794
WO-2164255,ASSET-00834,Preventive,,0,,000160000794
WO-2164256,ASSET-00835,Preventive,,0,,000160000795
WO-2164257,ASSET-00835,Preventive,,0,,000160000795
WO-2164258,ASSET-00835,Preventive,,0,,000160000795
WO-2164259,ASSET-00835,Preventive,,0,,000160000795
WO-2164260,ASSET-00836,Preventive,,0,,000160000796
WO-2164261,ASSET-00836,Corrective,DIE-WEAR,127,1227,000160000796
WO-2164262,ASSET-00836,Emergency,SENSOR-FAULT,466,1477,000160000796
WO-2164263,ASSET-00836,Preventive,,0,,000160000796
WO-2164264,ASSET-00836,Preventive,,0,,000160000796
WO-2164265,ASSET-00837,Corrective,PNEUMATIC-LEAK,156,450,000160000797
WO-2164266,ASSET-00837,Corrective,CONTROLLER-FAULT,142,1660,000160000797
WO-2164267,ASSET-00837,Preventive,,0,,000160000797
WO-2164268,ASSET-00837,Preventive,,0,,000160000797
WO-2164269,ASSET-00837,Preventive,,0,,000160000797
WO-2164270,ASSET-00838,Preventive,,0,,000160000798
WO-2164271,ASSET-00838,Corrective,DIE-WEAR,209,293,000160000798
WO-2164272,ASSET-00838,Preventive,,0,,000160000798
WO-2164273,ASSET-00838,Corrective,BEARING-FAILURE,218,838,000160000798
WO-2164274,ASSET-00838,Preventive,,0,,000160000798
WO-2164275,ASSET-00838,Corrective,SPINDLE-SEIZURE,57,988,000160000798
WO-2164276,ASSET-00839,Preventive,,0,,000160000799
WO-2164277,ASSET-00839,Preventive,,0,,000160000799
WO-2164278,ASSET-00839,Preventive,,0,,000160000799
WO-2164279,ASSET-00839,Corrective,CALIBRATION-DRIFT,148,853,000160000799
WO-2164280,ASSET-00840,Corrective,BEARING-FAILURE,235,1472,000160000800
WO-2164281,ASSET-00840,Preventive,,0,,000160000800
WO-2164282,ASSET-00840,Preventive,,0,,000160000800
WO-2164283,ASSET-00840,Preventive,,0,,000160000800
WO-2164284,ASSET-00840,Preventive,,0,,000160000800
WO-2164285,ASSET-00840,Corrective,BELT-FAILURE,171,832,000160000800
WO-2164286,ASSET-00841,Preventive,,0,,000160000801
WO-2164287,ASSET-00841,Preventive,,0,,000160000801
WO-2164288,ASSET-00841,Corrective,BELT-FAILURE,57,592,000160000801
WO-2164289,ASSET-00841,Corrective,DIE-WEAR,101,844,000160000801
WO-2164290,ASSET-00841,Preventive,,0,,000160000801
WO-2164291,ASSET-00841,Preventive,,0,,000160000801
WO-2164292,ASSET-00842,Emergency,SENSOR-FAULT,85,833,000160000802
WO-2164293,ASSET-00842,Corrective,SENSOR-FAULT,234,1294,000160000802
WO-2164294,ASSET-00843,Corrective,HYDRAULIC-LEAK,202,1134,000160000803
WO-2164295,ASSET-00843,Preventive,,0,,000160000803
WO-2164296,ASSET-00843,Preventive,,0,,000160000803
WO-2164297,ASSET-00843,Preventive,,0,,000160000803
WO-2164298,ASSET-00844,Emergency,HYDRAULIC-LEAK,571,644,000160000804
WO-2164299,ASSET-00844,Preventive,,0,,000160000804
WO-2164300,ASSET-00845,Preventive,,0,,000160000805
WO-2164301,ASSET-00845,Corrective,PNEUMATIC-LEAK,226,1128,000160000805
WO-2164302,ASSET-00845,Preventive,,0,,000160000805
WO-2164303,ASSET-00845,Preventive,,0,,000160000805
WO-2164304,ASSET-00845,Corrective,SPINDLE-SEIZURE,111,1573,000160000805
WO-2164305,ASSET-00846,Emergency,PNEUMATIC-LEAK,341,1966,000160000806
WO-2164306,ASSET-00846,Preventive,,0,,000160000806
WO-2164307,ASSET-00846,Preventive,,0,,000160000806
WO-2164308,ASSET-00846,Corrective,SPINDLE-SEIZURE,99,1269,000160000806
WO-2164309,ASSET-00847,Corrective,CONTROLLER-FAULT,155,273,000160000807
WO-2164310,ASSET-00847,Preventive,,0,,000160000807
WO-2164311,ASSET-00847,Corrective,PNEUMATIC-LEAK,90,1617,000160000807
WO-2164312,ASSET-00847,Preventive,,0,,000160000807
WO-2164313,ASSET-00848,Preventive,,0,,000160000808
WO-2164314,ASSET-00848,Preventive,,0,,000160000808
WO-2164315,ASSET-00848,Preventive,,0,,000160000808
WO-2164316,ASSET-00848,Preventive,,0,,000160000808
WO-2164317,ASSET-00849,Emergency,SENSOR-FAULT,277,1632,000160000809
WO-2164318,ASSET-00849,Preventive,,0,,000160000809
WO-2164319,ASSET-00849,Corrective,SPINDLE-SEIZURE,75,549,000160000809
WO-2164320,ASSET-00850,Corrective,SENSOR-FAULT,153,401,000160000810
WO-2164321,ASSET-00850,Preventive,,0,,000160000810
WO-2164322,ASSET-00850,Corrective,CALIBRATION-DRIFT,128,1565,000160000810
WO-2164323,ASSET-00850,Preventive,,0,,000160000810
WO-2164324,ASSET-00850,Preventive,,0,,000160000810
WO-2164325,ASSET-00850,Preventive,,0,,000160000810
WO-2164326,ASSET-00850,Preventive,,0,,000160000810
WO-2164327,ASSET-00850,Corrective,HYDRAULIC-LEAK,33,1343,000160000810
WO-2164328,ASSET-00851,Preventive,,0,,000160000811
WO-2164329,ASSET-00851,Preventive,,0,,000160000811
WO-2164330,ASSET-00851,Preventive,,0,,000160000811
WO-2164331,ASSET-00852,Preventive,,0,,000160000812
WO-2164332,ASSET-00852,Corrective,BEARING-FAILURE,97,680,000160000812
WO-2164333,ASSET-00852,Preventive,,0,,000160000812
WO-2164334,ASSET-00852,Corrective,BEARING-FAILURE,95,905,000160000812
WO-2164335,ASSET-00852,Preventive,,0,,000160000812
WO-2164336,ASSET-00852,Preventive,,0,,000160000812
WO-2164337,ASSET-00852,Corrective,HYDRAULIC-LEAK,61,253,000160000812
WO-2164338,ASSET-00853,Preventive,,0,,000160000813
WO-2164339,ASSET-00853,Preventive,,0,,000160000813
WO-2164340,ASSET-00853,Preventive,,0,,000160000813
WO-2164341,ASSET-00853,Preventive,,0,,000160000813
WO-2164342,ASSET-00853,Emergency,MOTOR-BURNOUT,318,1195,000160000813
WO-2164343,ASSET-00854,Preventive,,0,,000160000814
WO-2164344,ASSET-00855,Corrective,SENSOR-FAULT,109,1717,000160000815
WO-2164345,ASSET-00855,Corrective,PNEUMATIC-LEAK,174,727,000160000815
WO-2164346,ASSET-00856,Preventive,,0,,000160000816
WO-2164347,ASSET-00856,Preventive,,0,,000160000816
WO-2164348,ASSET-00857,Preventive,,0,,000160000817
WO-2164349,ASSET-00857,Preventive,,0,,000160000817
WO-2164350,ASSET-00857,Preventive,,0,,000160000817
WO-2164351,ASSET-00857,Emergency,CALIBRATION-DRIFT,391,1818,000160000817
WO-2164352,ASSET-00857,Preventive,,0,,000160000817
WO-2164353,ASSET-00858,Emergency,DIE-WEAR,107,1144,000160000818
WO-2164354,ASSET-00858,Preventive,,0,,000160000818
WO-2164355,ASSET-00859,Corrective,DIE-WEAR,67,1063,000160000819
WO-2164356,ASSET-00859,Corrective,DIE-WEAR,215,832,000160000819
WO-2164357,ASSET-00859,Preventive,,0,,000160000819
WO-2164358,ASSET-00860,Corrective,PNEUMATIC-LEAK,214,314,000160000820
WO-2164359,ASSET-00860,Preventive,,0,,000160000820
WO-2164360,ASSET-00860,Preventive,,0,,000160000820
WO-2164361,ASSET-00860,Emergency,MOTOR-BURNOUT,551,290,000160000820
WO-2164362,ASSET-00860,Corrective,BELT-FAILURE,95,603,000160000820
WO-2164363,ASSET-00860,Corrective,SENSOR-FAULT,198,1163,000160000820
WO-2164364,ASSET-00861,Preventive,,0,,000160000821
WO-2164365,ASSET-00861,Preventive,,0,,000160000821
WO-2164366,ASSET-00861,Corrective,SPINDLE-SEIZURE,225,1225,000160000821
WO-2164367,ASSET-00861,Corrective,BELT-FAILURE,184,1156,000160000821
WO-2164368,ASSET-00861,Preventive,,0,,000160000821
WO-2164369,ASSET-00861,Emergency,CONTROLLER-FAULT,441,844,000160000821
WO-2164370,ASSET-00861,Corrective,DIE-WEAR,43,304,000160000821
WO-2164371,ASSET-00862,Corrective,DIE-WEAR,137,1282,000160000822
WO-2164372,ASSET-00862,Corrective,CALIBRATION-DRIFT,214,1990,000160000822
WO-2164373,ASSET-00862,Corrective,PNEUMATIC-LEAK,107,1928,000160000822
WO-2164374,ASSET-00862,Preventive,,0,,000160000822
WO-2164375,ASSET-00862,Preventive,,0,,000160000822
WO-2164376,ASSET-00863,Preventive,,0,,000160000823
WO-2164377,ASSET-00863,Preventive,,0,,000160000823
WO-2164378,ASSET-00863,Corrective,DIE-WEAR,221,280,000160000823
WO-2164379,ASSET-00863,Corrective,BEARING-FAILURE,187,1462,000160000823
WO-2164380,ASSET-00863,Corrective,HYDRAULIC-LEAK,92,1366,000160000823
WO-2164381,ASSET-00863,Preventive,,0,,000160000823
WO-2164382,ASSET-00863,Corrective,PNEUMATIC-LEAK,69,1511,000160000823
WO-2164383,ASSET-00863,Emergency,SENSOR-FAULT,433,1971,000160000823
WO-2164384,ASSET-00863,Preventive,,0,,000160000823
WO-2164385,ASSET-00863,Preventive,,0,,000160000823
WO-2164386,ASSET-00863,Corrective,CALIBRATION-DRIFT,118,525,000160000823
WO-2164387,ASSET-00864,Corrective,CALIBRATION-DRIFT,171,1982,000160000824
WO-2164388,ASSET-00864,Preventive,,0,,000160000824
WO-2164389,ASSET-00864,Preventive,,0,,000160000824
WO-2164390,ASSET-00865,Corrective,PNEUMATIC-LEAK,136,1386,000160000825
WO-2164391,ASSET-00865,Preventive,,0,,000160000825
WO-2164392,ASSET-00866,Corrective,CONTROLLER-FAULT,67,1291,000160000826
WO-2164393,ASSET-00866,Preventive,,0,,000160000826
WO-2164394,ASSET-00866,Corrective,DIE-WEAR,229,756,000160000826
WO-2164395,ASSET-00866,Preventive,,0,,000160000826
WO-2164396,ASSET-00866,Preventive,,0,,000160000826
WO-2164397,ASSET-00866,Corrective,PNEUMATIC-LEAK,69,914,000160000826
WO-2164398,ASSET-00866,Preventive,,0,,000160000826
WO-2164399,ASSET-00867,Corrective,MOTOR-BURNOUT,112,1460,000160000827
WO-2164400,ASSET-00867,Preventive,,0,,000160000827
WO-2164401,ASSET-00867,Preventive,,0,,000160000827
WO-2164402,ASSET-00867,Preventive,,0,,000160000827
WO-2164403,ASSET-00867,Emergency,PNEUMATIC-LEAK,527,820,000160000827
WO-2164404,ASSET-00867,Corrective,CONTROLLER-FAULT,145,777,000160000827
WO-2164405,ASSET-00867,Preventive,,0,,000160000827
WO-2164406,ASSET-00868,Preventive,,0,,000160000828
WO-2164407,ASSET-00868,Preventive,,0,,000160000828
WO-2164408,ASSET-00869,Corrective,BEARING-FAILURE,186,1106,000160000829
WO-2164409,ASSET-00869,Preventive,,0,,000160000829
WO-2164410,ASSET-00869,Preventive,,0,,000160000829
WO-2164411,ASSET-00869,Preventive,,0,,000160000829
WO-2164412,ASSET-00869,Preventive,,0,,000160000829
WO-2164413,ASSET-00869,Preventive,,0,,000160000829
WO-2164414,ASSET-00869,Corrective,SPINDLE-SEIZURE,225,1593,000160000829
WO-2164415,ASSET-00869,Corrective,MOTOR-BURNOUT,155,1259,000160000829
WO-2164416,ASSET-00870,Corrective,BEARING-FAILURE,57,1915,000160000830
WO-2164417,ASSET-00870,Preventive,,0,,000160000830
WO-2164418,ASSET-00871,Corrective,PNEUMATIC-LEAK,218,1771,000160000831
WO-2164419,ASSET-00871,Corrective,CONTROLLER-FAULT,36,1973,000160000831
WO-2164420,ASSET-00872,Preventive,,0,,000160000832
WO-2164421,ASSET-00872,Corrective,BELT-FAILURE,138,1109,000160000832
WO-2164422,ASSET-00872,Corrective,CALIBRATION-DRIFT,157,1615,000160000832
WO-2164423,ASSET-00872,Emergency,BELT-FAILURE,176,1124,000160000832
WO-2164424,ASSET-00872,Corrective,CALIBRATION-DRIFT,69,1687,000160000832
WO-2164425,ASSET-00873,Preventive,,0,,000160000833
WO-2164426,ASSET-00873,Preventive,,0,,000160000833
WO-2164427,ASSET-00874,Preventive,,0,,000160000834
WO-2164428,ASSET-00874,Preventive,,0,,000160000834
WO-2164429,ASSET-00875,Preventive,,0,,000160000835
WO-2164430,ASSET-00875,Corrective,BEARING-FAILURE,182,264,000160000835
WO-2164431,ASSET-00875,Preventive,,0,,000160000835
WO-2164432,ASSET-00875,Corrective,MOTOR-BURNOUT,53,689,000160000835
WO-2164433,ASSET-00875,Corrective,BELT-FAILURE,114,445,000160000835
WO-2164434,ASSET-00876,Corrective,SENSOR-FAULT,115,934,000160000836
WO-2164435,ASSET-00876,Emergency,BEARING-FAILURE,163,325,000160000836
WO-2164436,ASSET-00876,Emergency,PNEUMATIC-LEAK,435,1195,000160000836
WO-2164437,ASSET-00876,Preventive,,0,,000160000836
WO-2164438,ASSET-00876,Preventive,,0,,000160000836
WO-2164439,ASSET-00877,Corrective,CALIBRATION-DRIFT,216,1707,000160000837
WO-2164440,ASSET-00877,Corrective,CALIBRATION-DRIFT,31,1122,000160000837
WO-2164441,ASSET-00877,Corrective,MOTOR-BURNOUT,205,729,000160000837
WO-2164442,ASSET-00877,Corrective,MOTOR-BURNOUT,154,1811,000160000837
WO-2164443,ASSET-00877,Preventive,,0,,000160000837
WO-2164444,ASSET-00878,Corrective,HYDRAULIC-LEAK,164,656,000160000838
WO-2164445,ASSET-00878,Preventive,,0,,000160000838
WO-2164446,ASSET-00878,Emergency,CALIBRATION-DRIFT,400,1637,000160000838
WO-2164447,ASSET-00878,Corrective,PNEUMATIC-LEAK,120,708,000160000838
WO-2164448,ASSET-00878,Preventive,,0,,000160000838
WO-2164449,ASSET-00878,Preventive,,0,,000160000838
WO-2164450,ASSET-00878,Preventive,,0,,000160000838
WO-2164451,ASSET-00879,Preventive,,0,,000160000839
WO-2164452,ASSET-00879,Preventive,,0,,000160000839
WO-2164453,ASSET-00879,Emergency,SPINDLE-SEIZURE,342,1724,000160000839
WO-2164454,ASSET-00879,Preventive,,0,,000160000839
WO-2164455,ASSET-00879,Corrective,CALIBRATION-DRIFT,177,1191,000160000839
WO-2164456,ASSET-00880,Preventive,,0,,000160000840
WO-2164457,ASSET-00880,Corrective,PNEUMATIC-LEAK,37,1587,000160000840
WO-2164458,ASSET-00880,Emergency,BELT-FAILURE,512,670,000160000840
WO-2164459,ASSET-00880,Corrective,DIE-WEAR,63,1013,000160000840
WO-2164460,ASSET-00881,Preventive,,0,,000160000841
WO-2164461,ASSET-00881,Preventive,,0,,000160000841
WO-2164462,ASSET-00881,Corrective,BEARING-FAILURE,160,1833,000160000841
WO-2164463,ASSET-00881,Emergency,DIE-WEAR,134,1756,000160000841
WO-2164464,ASSET-00881,Corrective,SENSOR-FAULT,145,315,000160000841
WO-2164465,ASSET-00881,Corrective,CONTROLLER-FAULT,96,590,000160000841
WO-2164466,ASSET-00881,Preventive,,0,,000160000841
WO-2164467,ASSET-00882,Corrective,BEARING-FAILURE,224,1949,000160000842
WO-2164468,ASSET-00882,Preventive,,0,,000160000842
WO-2164469,ASSET-00882,Emergency,BEARING-FAILURE,577,743,000160000842
WO-2164470,ASSET-00882,Corrective,BEARING-FAILURE,106,1020,000160000842
WO-2164471,ASSET-00882,Preventive,,0,,000160000842
WO-2164472,ASSET-00882,Corrective,PNEUMATIC-LEAK,220,675,000160000842
WO-2164473,ASSET-00882,Preventive,,0,,000160000842
WO-2164474,ASSET-00883,Preventive,,0,,000160000843
WO-2164475,ASSET-00883,Corrective,DIE-WEAR,198,1818,000160000843
WO-2164476,ASSET-00883,Preventive,,0,,000160000843
WO-2164477,ASSET-00883,Corrective,CONTROLLER-FAULT,143,1938,000160000843
WO-2164478,ASSET-00883,Corrective,MOTOR-BURNOUT,181,1310,000160000843
WO-2164479,ASSET-00883,Preventive,,0,,000160000843
WO-2164480,ASSET-00884,Preventive,,0,,000160000844
WO-2164481,ASSET-00884,Preventive,,0,,000160000844
WO-2164482,ASSET-00884,Preventive,,0,,000160000844
WO-2164483,ASSET-00884,Emergency,CONTROLLER-FAULT,590,1306,000160000844
WO-2164484,ASSET-00884,Preventive,,0,,000160000844
WO-2164485,ASSET-00884,Preventive,,0,,000160000844
WO-2164486,ASSET-00884,Preventive,,0,,000160000844
WO-2164487,ASSET-00884,Emergency,BELT-FAILURE,494,1461,000160000844
WO-2164488,ASSET-00885,Preventive,,0,,000160000845
WO-2164489,ASSET-00885,Preventive,,0,,000160000845
WO-2164490,ASSET-00885,Corrective,PNEUMATIC-LEAK,234,609,000160000845
WO-2164491,ASSET-00886,Preventive,,0,,000160000846
WO-2164492,ASSET-00886,Preventive,,0,,000160000846
WO-2164493,ASSET-00886,Preventive,,0,,000160000846
WO-2164494,ASSET-00886,Corrective,CALIBRATION-DRIFT,206,454,000160000846
WO-2164495,ASSET-00886,Corrective,SENSOR-FAULT,178,271,000160000846
WO-2164496,ASSET-00887,Preventive,,0,,000160000847
WO-2164497,ASSET-00887,Preventive,,0,,000160000847
WO-2164498,ASSET-00887,Corrective,CONTROLLER-FAULT,122,1932,000160000847
WO-2164499,ASSET-00887,Preventive,,0,,000160000847
WO-2164500,ASSET-00887,Preventive,,0,,000160000847
WO-2164501,ASSET-00888,Preventive,,0,,000160000848
WO-2164502,ASSET-00889,Corrective,DIE-WEAR,240,1926,000160000849
WO-2164503,ASSET-00889,Preventive,,0,,000160000849
WO-2164504,ASSET-00889,Emergency,DIE-WEAR,398,533,000160000849
WO-2164505,ASSET-00889,Emergency,CALIBRATION-DRIFT,212,1866,000160000849
WO-2164506,ASSET-00889,Corrective,SPINDLE-SEIZURE,133,768,000160000849
WO-2164507,ASSET-00889,Corrective,DIE-WEAR,162,956,000160000849
WO-2164508,ASSET-00890,Corrective,SENSOR-FAULT,56,1609,000160000850
WO-2164509,ASSET-00890,Emergency,SPINDLE-SEIZURE,94,1955,000160000850
WO-2164510,ASSET-00890,Emergency,CONTROLLER-FAULT,463,919,000160000850
WO-2164511,ASSET-00891,Preventive,,0,,000160000851
WO-2164512,ASSET-00891,Preventive,,0,,000160000851
WO-2164513,ASSET-00891,Preventive,,0,,000160000851
WO-2164514,ASSET-00891,Corrective,SENSOR-FAULT,194,1775,000160000851
WO-2164515,ASSET-00891,Preventive,,0,,000160000851
WO-2164516,ASSET-00891,Corrective,MOTOR-BURNOUT,170,1379,000160000851
WO-2164517,ASSET-00891,Corrective,CONTROLLER-FAULT,86,1005,000160000851
WO-2164518,ASSET-00892,Corrective,CALIBRATION-DRIFT,122,862,000160000852
WO-2164519,ASSET-00892,Emergency,SENSOR-FAULT,283,1707,000160000852
WO-2164520,ASSET-00892,Preventive,,0,,000160000852
WO-2164521,ASSET-00892,Corrective,SPINDLE-SEIZURE,230,1377,000160000852
WO-2164522,ASSET-00892,Corrective,DIE-WEAR,240,712,000160000852
WO-2164523,ASSET-00892,Preventive,,0,,000160000852
WO-2164524,ASSET-00892,Corrective,SENSOR-FAULT,196,624,000160000852
WO-2164525,ASSET-00892,Emergency,HYDRAULIC-LEAK,256,1598,000160000852
WO-2164526,ASSET-00893,Preventive,,0,,000160000853
WO-2164527,ASSET-00893,Preventive,,0,,000160000853
WO-2164528,ASSET-00893,Preventive,,0,,000160000853
WO-2164529,ASSET-00893,Preventive,,0,,000160000853
WO-2164530,ASSET-00893,Preventive,,0,,000160000853
WO-2164531,ASSET-00893,Preventive,,0,,000160000853
WO-2164532,ASSET-00893,Preventive,,0,,000160000853
WO-2164533,ASSET-00893,Preventive,,0,,000160000853
WO-2164534,ASSET-00894,Preventive,,0,,000160000854
WO-2164535,ASSET-00894,Corrective,CALIBRATION-DRIFT,45,302,000160000854
WO-2164536,ASSET-00894,Preventive,,0,,000160000854
WO-2164537,ASSET-00894,Preventive,,0,,000160000854
WO-2164538,ASSET-00894,Preventive,,0,,000160000854
WO-2164539,ASSET-00894,Emergency,HYDRAULIC-LEAK,261,497,000160000854
WO-2164540,ASSET-00895,Corrective,BELT-FAILURE,59,592,000160000855
WO-2164541,ASSET-00895,Preventive,,0,,000160000855
WO-2164542,ASSET-00895,Corrective,CALIBRATION-DRIFT,143,1711,000160000855
WO-2164543,ASSET-00895,Preventive,,0,,000160000855
WO-2164544,ASSET-00896,Corrective,DIE-WEAR,66,1432,000160000856
WO-2164545,ASSET-00896,Preventive,,0,,000160000856
WO-2164546,ASSET-00896,Corrective,CALIBRATION-DRIFT,204,1504,000160000856
WO-2164547,ASSET-00897,Preventive,,0,,000160000857
WO-2164548,ASSET-00897,Corrective,BEARING-FAILURE,40,998,000160000857
WO-2164549,ASSET-00897,Preventive,,0,,000160000857
WO-2164550,ASSET-00898,Corrective,PNEUMATIC-LEAK,120,1805,000160000858
WO-2164551,ASSET-00898,Preventive,,0,,000160000858
WO-2164552,ASSET-00898,Preventive,,0,,000160000858
WO-2164553,ASSET-00898,Preventive,,0,,000160000858
WO-2164554,ASSET-00898,Emergency,CALIBRATION-DRIFT,250,1515,000160000858
WO-2164555,ASSET-00899,Preventive,,0,,000160000859
WO-2164556,ASSET-00899,Corrective,PNEUMATIC-LEAK,118,1929,000160000859
WO-2164557,ASSET-00899,Preventive,,0,,000160000859
WO-2164558,ASSET-00900,Emergency,SPINDLE-SEIZURE,97,1700,000160000860
WO-2164559,ASSET-00900,Corrective,CONTROLLER-FAULT,238,1996,000160000860
WO-2164560,ASSET-00900,Preventive,,0,,000160000860
WO-2164561,ASSET-00900,Preventive,,0,,000160000860
WO-2164562,ASSET-00900,Preventive,,0,,000160000860
WO-2164563,ASSET-00900,Corrective,MOTOR-BURNOUT,189,1478,000160000860
WO-2164564,ASSET-00901,Preventive,,0,,000160000861
WO-2164565,ASSET-00901,Emergency,HYDRAULIC-LEAK,506,1458,000160000861
WO-2164566,ASSET-00901,Preventive,,0,,000160000861
WO-2164567,ASSET-00901,Preventive,,0,,000160000861
WO-2164568,ASSET-00901,Preventive,,0,,000160000861
WO-2164569,ASSET-00902,Preventive,,0,,000160000862
WO-2164570,ASSET-00902,Corrective,HYDRAULIC-LEAK,94,1994,000160000862
WO-2164571,ASSET-00902,Preventive,,0,,000160000862
WO-2164572,ASSET-00902,Corrective,SPINDLE-SEIZURE,54,608,000160000862
WO-2164573,ASSET-00902,Preventive,,0,,000160000862
WO-2164574,ASSET-00902,Preventive,,0,,000160000862
WO-2164575,ASSET-00903,Preventive,,0,,000160000863
WO-2164576,ASSET-00903,Preventive,,0,,000160000863
WO-2164577,ASSET-00903,Preventive,,0,,000160000863
WO-2164578,ASSET-00903,Preventive,,0,,000160000863
WO-2164579,ASSET-00903,Corrective,PNEUMATIC-LEAK,136,520,000160000863
WO-2164580,ASSET-00903,Corrective,HYDRAULIC-LEAK,118,1798,000160000863
WO-2164581,ASSET-00904,Corrective,PNEUMATIC-LEAK,202,814,000160000864
WO-2164582,ASSET-00904,Corrective,MOTOR-BURNOUT,45,1681,000160000864
WO-2164583,ASSET-00904,Preventive,,0,,000160000864
WO-2164584,ASSET-00904,Corrective,PNEUMATIC-LEAK,153,1367,000160000864
WO-2164585,ASSET-00905,Preventive,,0,,000160000865
WO-2164586,ASSET-00905,Corrective,BELT-FAILURE,117,218,000160000865
WO-2164587,ASSET-00905,Preventive,,0,,000160000865
WO-2164588,ASSET-00905,Preventive,,0,,000160000865
WO-2164589,ASSET-00906,Preventive,,0,,000160000866
WO-2164590,ASSET-00906,Preventive,,0,,000160000866
WO-2164591,ASSET-00906,Preventive,,0,,000160000866
WO-2164592,ASSET-00906,Preventive,,0,,000160000866
WO-2164593,ASSET-00906,Corrective,BEARING-FAILURE,90,1657,000160000866
WO-2164594,ASSET-00906,Preventive,,0,,000160000866
WO-2164595,ASSET-00907,Preventive,,0,,000160000867
WO-2164596,ASSET-00907,Emergency,CALIBRATION-DRIFT,84,602,000160000867
WO-2164597,ASSET-00907,Corrective,SPINDLE-SEIZURE,153,1558,000160000867
WO-2164598,ASSET-00907,Corrective,DIE-WEAR,239,652,000160000867
WO-2164599,ASSET-00908,Preventive,,0,,000160000868
WO-2164600,ASSET-00908,Preventive,,0,,000160000868
WO-2164601,ASSET-00908,Preventive,,0,,000160000868
WO-2164602,ASSET-00908,Preventive,,0,,000160000868
WO-2164603,ASSET-00908,Corrective,CONTROLLER-FAULT,61,288,000160000868
WO-2164604,ASSET-00909,Preventive,,0,,000160000869
WO-2164605,ASSET-00909,Preventive,,0,,000160000869
WO-2164606,ASSET-00909,Preventive,,0,,000160000869
WO-2164607,ASSET-00909,Preventive,,0,,000160000869
WO-2164608,ASSET-00909,Corrective,HYDRAULIC-LEAK,67,629,000160000869
WO-2164609,ASSET-00910,Preventive,,0,,000160000870
WO-2164610,ASSET-00910,Preventive,,0,,000160000870
WO-2164611,ASSET-00910,Preventive,,0,,000160000870
WO-2164612,ASSET-00911,Corrective,SENSOR-FAULT,229,1274,000160000871
WO-2164613,ASSET-00911,Preventive,,0,,000160000871
WO-2164614,ASSET-00911,Preventive,,0,,000160000871
WO-2164615,ASSET-00911,Preventive,,0,,000160000871
WO-2164616,ASSET-00911,Corrective,BEARING-FAILURE,56,465,000160000871
WO-2164617,ASSET-00912,Preventive,,0,,000160000872
WO-2164618,ASSET-00912,Corrective,SPINDLE-SEIZURE,128,711,000160000872
WO-2164619,ASSET-00912,Corrective,MOTOR-BURNOUT,42,282,000160000872
WO-2164620,ASSET-00912,Corrective,BEARING-FAILURE,214,1149,000160000872
WO-2164621,ASSET-00912,Preventive,,0,,000160000872
WO-2164622,ASSET-00913,Corrective,CONTROLLER-FAULT,176,1961,000160000873
WO-2164623,ASSET-00913,Emergency,MOTOR-BURNOUT,224,1558,000160000873
WO-2164624,ASSET-00913,Preventive,,0,,000160000873
WO-2164625,ASSET-00913,Corrective,MOTOR-BURNOUT,44,1948,000160000873
WO-2164626,ASSET-00913,Preventive,,0,,000160000873
WO-2164627,ASSET-00913,Preventive,,0,,000160000873
WO-2164628,ASSET-00914,Emergency,SENSOR-FAULT,190,390,000160000874
WO-2164629,ASSET-00914,Preventive,,0,,000160000874
WO-2164630,ASSET-00914,Preventive,,0,,000160000874
WO-2164631,ASSET-00914,Preventive,,0,,000160000874
WO-2164632,ASSET-00914,Preventive,,0,,000160000874
WO-2164633,ASSET-00915,Preventive,,0,,000160000875
WO-2164634,ASSET-00915,Corrective,MOTOR-BURNOUT,162,1322,000160000875
WO-2164635,ASSET-00915,Emergency,SPINDLE-SEIZURE,87,317,000160000875
WO-2164636,ASSET-00916,Preventive,,0,,000160000876
WO-2164637,ASSET-00916,Corrective,MOTOR-BURNOUT,214,242,000160000876
WO-2164638,ASSET-00916,Preventive,,0,,000160000876
WO-2164639,ASSET-00916,Preventive,,0,,000160000876
WO-2164640,ASSET-00916,Emergency,BEARING-FAILURE,311,1243,000160000876
WO-2164641,ASSET-00917,Preventive,,0,,000160000877
WO-2164642,ASSET-00917,Corrective,PNEUMATIC-LEAK,45,984,000160000877
WO-2164643,ASSET-00917,Corrective,SPINDLE-SEIZURE,148,1102,000160000877
WO-2164644,ASSET-00918,Emergency,BELT-FAILURE,586,819,000160000878
WO-2164645,ASSET-00918,Corrective,PNEUMATIC-LEAK,155,1129,000160000878
WO-2164646,ASSET-00919,Preventive,,0,,000160000879
WO-2164647,ASSET-00919,Preventive,,0,,000160000879
WO-2164648,ASSET-00919,Preventive,,0,,000160000879
WO-2164649,ASSET-00919,Preventive,,0,,000160000879
WO-2164650,ASSET-00919,Preventive,,0,,000160000879
WO-2164651,ASSET-00919,Emergency,CALIBRATION-DRIFT,557,275,000160000879
WO-2164652,ASSET-00919,Preventive,,0,,000160000879
WO-2164653,ASSET-00919,Emergency,BELT-FAILURE,376,1634,000160000879
WO-2164654,ASSET-00919,Preventive,,0,,000160000879
WO-2164655,ASSET-00920,Corrective,HYDRAULIC-LEAK,81,674,000160000880
WO-2164656,ASSET-00920,Corrective,PNEUMATIC-LEAK,30,1565,000160000880
WO-2164657,ASSET-00920,Preventive,,0,,000160000880
WO-2164658,ASSET-00921,Preventive,,0,,000160000881
WO-2164659,ASSET-00921,Preventive,,0,,000160000881
WO-2164660,ASSET-00921,Preventive,,0,,000160000881
WO-2164661,ASSET-00922,Corrective,SPINDLE-SEIZURE,59,1406,000160000882
WO-2164662,ASSET-00922,Emergency,BEARING-FAILURE,445,1489,000160000882
WO-2164663,ASSET-00922,Preventive,,0,,000160000882
WO-2164664,ASSET-00922,Preventive,,0,,000160000882
WO-2164665,ASSET-00922,Preventive,,0,,000160000882
WO-2164666,ASSET-00922,Preventive,,0,,000160000882
WO-2164667,ASSET-00922,Preventive,,0,,000160000882
WO-2164668,ASSET-00923,Preventive,,0,,000160000883
WO-2164669,ASSET-00923,Preventive,,0,,000160000883
WO-2164670,ASSET-00923,Preventive,,0,,000160000883
WO-2164671,ASSET-00923,Corrective,SENSOR-FAULT,166,453,000160000883
WO-2164672,ASSET-00923,Corrective,PNEUMATIC-LEAK,74,1341,000160000883
WO-2164673,ASSET-00923,Corrective,SENSOR-FAULT,100,1136,000160000883
WO-2164674,ASSET-00923,Preventive,,0,,000160000883
WO-2164675,ASSET-00924,Preventive,,0,,000160000884
WO-2164676,ASSET-00924,Preventive,,0,,000160000884
WO-2164677,ASSET-00924,Preventive,,0,,000160000884
WO-2164678,ASSET-00925,Preventive,,0,,000160000885
WO-2164679,ASSET-00925,Preventive,,0,,000160000885
WO-2164680,ASSET-00925,Preventive,,0,,000160000885
WO-2164681,ASSET-00925,Corrective,SENSOR-FAULT,53,1389,000160000885
WO-2164682,ASSET-00925,Preventive,,0,,000160000885
WO-2164683,ASSET-00925,Preventive,,0,,000160000885
WO-2164684,ASSET-00925,Preventive,,0,,000160000885
WO-2164685,ASSET-00925,Corrective,BELT-FAILURE,100,1023,000160000885
WO-2164686,ASSET-00925,Preventive,,0,,000160000885
WO-2164687,ASSET-00926,Corrective,BEARING-FAILURE,201,736,000160000886
WO-2164688,ASSET-00926,Preventive,,0,,000160000886
WO-2164689,ASSET-00926,Corrective,SENSOR-FAULT,48,1413,000160000886
WO-2164690,ASSET-00926,Preventive,,0,,000160000886
WO-2164691,ASSET-00927,Corrective,BELT-FAILURE,211,1012,000160000887
WO-2164692,ASSET-00927,Corrective,DIE-WEAR,132,1709,000160000887
WO-2164693,ASSET-00927,Preventive,,0,,000160000887
WO-2164694,ASSET-00927,Preventive,,0,,000160000887
WO-2164695,ASSET-00927,Corrective,SENSOR-FAULT,192,1140,000160000887
WO-2164696,ASSET-00928,Preventive,,0,,000160000888
WO-2164697,ASSET-00928,Preventive,,0,,000160000888
WO-2164698,ASSET-00928,Emergency,PNEUMATIC-LEAK,312,599,000160000888
WO-2164699,ASSET-00928,Preventive,,0,,000160000888
WO-2164700,ASSET-00928,Preventive,,0,,000160000888
WO-2164701,ASSET-00929,Emergency,SENSOR-FAULT,454,1529,000160000889
WO-2164702,ASSET-00929,Preventive,,0,,000160000889
WO-2164703,ASSET-00929,Preventive,,0,,000160000889
WO-2164704,ASSET-00929,Preventive,,0,,000160000889
WO-2164705,ASSET-00930,Preventive,,0,,000160000890
WO-2164706,ASSET-00930,Preventive,,0,,000160000890
WO-2164707,ASSET-00931,Preventive,,0,,000160000891
WO-2164708,ASSET-00931,Corrective,HYDRAULIC-LEAK,208,1499,000160000891
WO-2164709,ASSET-00931,Preventive,,0,,000160000891
WO-2164710,ASSET-00931,Preventive,,0,,000160000891
WO-2164711,ASSET-00931,Corrective,CONTROLLER-FAULT,71,779,000160000891
WO-2164712,ASSET-00931,Preventive,,0,,000160000891
WO-2164713,ASSET-00931,Corrective,BEARING-FAILURE,166,1708,000160000891
WO-2164714,ASSET-00931,Preventive,,0,,000160000891
WO-2164715,ASSET-00931,Preventive,,0,,000160000891
WO-2164716,ASSET-00932,Corrective,SENSOR-FAULT,100,975,000160000892
WO-2164717,ASSET-00932,Preventive,,0,,000160000892
WO-2164718,ASSET-00932,Corrective,SENSOR-FAULT,50,1227,000160000892
WO-2164719,ASSET-00932,Corrective,HYDRAULIC-LEAK,200,722,000160000892
WO-2164720,ASSET-00932,Corrective,BELT-FAILURE,72,467,000160000892
WO-2164721,ASSET-00932,Preventive,,0,,000160000892
WO-2164722,ASSET-00933,Preventive,,0,,000160000893
WO-2164723,ASSET-00933,Corrective,CONTROLLER-FAULT,71,1051,000160000893
WO-2164724,ASSET-00933,Preventive,,0,,000160000893
WO-2164725,ASSET-00933,Preventive,,0,,000160000893
WO-2164726,ASSET-00933,Emergency,DIE-WEAR,231,207,000160000893
WO-2164727,ASSET-00933,Corrective,HYDRAULIC-LEAK,158,682,000160000893
WO-2164728,ASSET-00933,Preventive,,0,,000160000893
WO-2164729,ASSET-00934,Emergency,DIE-WEAR,378,600,000160000894
WO-2164730,ASSET-00934,Preventive,,0,,000160000894
WO-2164731,ASSET-00934,Corrective,SPINDLE-SEIZURE,80,1980,000160000894
WO-2164732,ASSET-00935,Preventive,,0,,000160000895
WO-2164733,ASSET-00935,Emergency,PNEUMATIC-LEAK,306,1470,000160000895
WO-2164734,ASSET-00935,Corrective,CALIBRATION-DRIFT,218,763,000160000895
WO-2164735,ASSET-00935,Emergency,DIE-WEAR,550,1467,000160000895
WO-2164736,ASSET-00936,Preventive,,0,,000160000896
WO-2164737,ASSET-00936,Preventive,,0,,000160000896
WO-2164738,ASSET-00936,Corrective,HYDRAULIC-LEAK,105,999,000160000896
WO-2164739,ASSET-00936,Preventive,,0,,000160000896
WO-2164740,ASSET-00936,Preventive,,0,,000160000896
WO-2164741,ASSET-00936,Corrective,PNEUMATIC-LEAK,182,1083,000160000896
WO-2164742,ASSET-00937,Preventive,,0,,000160000897
WO-2164743,ASSET-00937,Corrective,BELT-FAILURE,220,235,000160000897
WO-2164744,ASSET-00937,Preventive,,0,,000160000897
WO-2164745,ASSET-00937,Preventive,,0,,000160000897
WO-2164746,ASSET-00937,Corrective,HYDRAULIC-LEAK,224,1767,000160000897
WO-2164747,ASSET-00937,Preventive,,0,,000160000897
WO-2164748,ASSET-00938,Preventive,,0,,000160000898
WO-2164749,ASSET-00938,Preventive,,0,,000160000898
WO-2164750,ASSET-00938,Corrective,CALIBRATION-DRIFT,146,1373,000160000898
WO-2164751,ASSET-00938,Emergency,BEARING-FAILURE,141,1503,000160000898
WO-2164752,ASSET-00939,Emergency,BEARING-FAILURE,591,1675,000160000899
WO-2164753,ASSET-00940,Preventive,,0,,000160000900
WO-2164754,ASSET-00940,Corrective,PNEUMATIC-LEAK,83,1783,000160000900
WO-2164755,ASSET-00940,Corrective,PNEUMATIC-LEAK,111,1038,000160000900
WO-2164756,ASSET-00940,Corrective,BEARING-FAILURE,102,850,000160000900
WO-2164757,ASSET-00940,Emergency,CONTROLLER-FAULT,592,1750,000160000900
WO-2164758,ASSET-00940,Preventive,,0,,000160000900
WO-2164759,ASSET-00941,Corrective,SENSOR-FAULT,69,1617,000160000901
WO-2164760,ASSET-00941,Preventive,,0,,000160000901
WO-2164761,ASSET-00941,Corrective,CALIBRATION-DRIFT,77,1996,000160000901
WO-2164762,ASSET-00941,Preventive,,0,,000160000901
WO-2164763,ASSET-00942,Corrective,CALIBRATION-DRIFT,115,1321,000160000902
WO-2164764,ASSET-00942,Corrective,BELT-FAILURE,183,1058,000160000902
WO-2164765,ASSET-00942,Preventive,,0,,000160000902
WO-2164766,ASSET-00942,Emergency,SENSOR-FAULT,171,1017,000160000902
WO-2164767,ASSET-00942,Emergency,SENSOR-FAULT,187,888,000160000902
WO-2164768,ASSET-00943,Corrective,PNEUMATIC-LEAK,168,1487,000160000903
WO-2164769,ASSET-00943,Emergency,HYDRAULIC-LEAK,542,1201,000160000903
WO-2164770,ASSET-00943,Preventive,,0,,000160000903
WO-2164771,ASSET-00944,Preventive,,0,,000160000904
WO-2164772,ASSET-00944,Preventive,,0,,000160000904
WO-2164773,ASSET-00944,Emergency,SENSOR-FAULT,568,477,000160000904
WO-2164774,ASSET-00944,Preventive,,0,,000160000904
WO-2164775,ASSET-00944,Corrective,SENSOR-FAULT,192,1721,000160000904
WO-2164776,ASSET-00944,Preventive,,0,,000160000904
WO-2164777,ASSET-00945,Emergency,MOTOR-BURNOUT,555,887,000160000905
WO-2164778,ASSET-00945,Preventive,,0,,000160000905
WO-2164779,ASSET-00945,Preventive,,0,,000160000905
WO-2164780,ASSET-00946,Emergency,HYDRAULIC-LEAK,363,1025,000160000906
WO-2164781,ASSET-00946,Preventive,,0,,000160000906
WO-2164782,ASSET-00946,Preventive,,0,,000160000906
WO-2164783,ASSET-00946,Corrective,BEARING-FAILURE,224,980,000160000906
WO-2164784,ASSET-00946,Corrective,SENSOR-FAULT,188,949,000160000906
WO-2164785,ASSET-00946,Corrective,MOTOR-BURNOUT,125,716,000160000906
WO-2164786,ASSET-00946,Corrective,MOTOR-BURNOUT,185,210,000160000906
WO-2164787,ASSET-00946,Corrective,BEARING-FAILURE,113,802,000160000906
WO-2164788,ASSET-00947,Preventive,,0,,000160000907
WO-2164789,ASSET-00947,Preventive,,0,,000160000907
WO-2164790,ASSET-00947,Preventive,,0,,000160000907
WO-2164791,ASSET-00947,Corrective,MOTOR-BURNOUT,167,1444,000160000907
WO-2164792,ASSET-00947,Corrective,SENSOR-FAULT,218,930,000160000907
WO-2164793,ASSET-00947,Corrective,SENSOR-FAULT,187,1497,000160000907
WO-2164794,ASSET-00947,Corrective,MOTOR-BURNOUT,166,1531,000160000907
WO-2164795,ASSET-00948,Preventive,,0,,000160000908
WO-2164796,ASSET-00949,Corrective,BELT-FAILURE,237,1291,000160000909
WO-2164797,ASSET-00949,Emergency,BEARING-FAILURE,392,732,000160000909
WO-2164798,ASSET-00949,Corrective,BEARING-FAILURE,72,1177,000160000909
WO-2164799,ASSET-00949,Preventive,,0,,000160000909
WO-2164800,ASSET-00949,Preventive,,0,,000160000909
WO-2164801,ASSET-00950,Emergency,CALIBRATION-DRIFT,80,1241,000160000910
WO-2164802,ASSET-00950,Preventive,,0,,000160000910
WO-2164803,ASSET-00950,Corrective,DIE-WEAR,177,436,000160000910
WO-2164804,ASSET-00950,Corrective,SPINDLE-SEIZURE,207,1840,000160000910
WO-2164805,ASSET-00950,Corrective,HYDRAULIC-LEAK,200,1450,000160000910
WO-2164806,ASSET-00950,Preventive,,0,,000160000910
WO-2164807,ASSET-00950,Corrective,CONTROLLER-FAULT,42,407,000160000910
WO-2164808,ASSET-00951,Preventive,,0,,000160000911
WO-2164809,ASSET-00951,Preventive,,0,,000160000911
WO-2164810,ASSET-00951,Corrective,BEARING-FAILURE,211,280,000160000911
WO-2164811,ASSET-00951,Preventive,,0,,000160000911
WO-2164812,ASSET-00951,Emergency,CALIBRATION-DRIFT,544,1906,000160000911
WO-2164813,ASSET-00951,Preventive,,0,,000160000911
WO-2164814,ASSET-00952,Corrective,MOTOR-BURNOUT,171,454,000160000912
WO-2164815,ASSET-00952,Corrective,HYDRAULIC-LEAK,86,1825,000160000912
WO-2164816,ASSET-00953,Preventive,,0,,000160000913
WO-2164817,ASSET-00953,Preventive,,0,,000160000913
WO-2164818,ASSET-00953,Preventive,,0,,000160000913
WO-2164819,ASSET-00953,Preventive,,0,,000160000913
WO-2164820,ASSET-00953,Preventive,,0,,000160000913
WO-2164821,ASSET-00954,Preventive,,0,,000160000914
WO-2164822,ASSET-00954,Emergency,DIE-WEAR,281,1884,000160000914
WO-2164823,ASSET-00955,Preventive,,0,,000160000915
WO-2164824,ASSET-00955,Corrective,SENSOR-FAULT,113,990,000160000915
WO-2164825,ASSET-00955,Preventive,,0,,000160000915
WO-2164826,ASSET-00956,Corrective,SPINDLE-SEIZURE,240,1294,000160000916
WO-2164827,ASSET-00956,Preventive,,0,,000160000916
WO-2164828,ASSET-00956,Corrective,MOTOR-BURNOUT,56,847,000160000916
WO-2164829,ASSET-00956,Preventive,,0,,000160000916
WO-2164830,ASSET-00956,Preventive,,0,,000160000916
WO-2164831,ASSET-00956,Corrective,CONTROLLER-FAULT,159,785,000160000916
WO-2164832,ASSET-00956,Preventive,,0,,000160000916
WO-2164833,ASSET-00956,Corrective,BEARING-FAILURE,216,1998,000160000916
WO-2164834,ASSET-00957,Preventive,,0,,000160000917
WO-2164835,ASSET-00957,Preventive,,0,,000160000917
WO-2164836,ASSET-00958,Preventive,,0,,000160000918
WO-2164837,ASSET-00958,Preventive,,0,,000160000918
WO-2164838,ASSET-00958,Corrective,SPINDLE-SEIZURE,209,1901,000160000918
WO-2164839,ASSET-00958,Corrective,DIE-WEAR,148,545,000160000918
WO-2164840,ASSET-00958,Preventive,,0,,000160000918
WO-2164841,ASSET-00958,Corrective,CONTROLLER-FAULT,145,678,000160000918
WO-2164842,ASSET-00959,Preventive,,0,,000160000919
WO-2164843,ASSET-00959,Preventive,,0,,000160000919
WO-2164844,ASSET-00959,Corrective,HYDRAULIC-LEAK,186,1527,000160000919
WO-2164845,ASSET-00959,Preventive,,0,,000160000919
WO-2164846,ASSET-00959,Preventive,,0,,000160000919
WO-2164847,ASSET-00959,Emergency,CALIBRATION-DRIFT,112,1511,000160000919
WO-2164848,ASSET-00960,Corrective,MOTOR-BURNOUT,34,554,000160000920
WO-2164849,ASSET-00960,Preventive,,0,,000160000920
WO-2164850,ASSET-00960,Corrective,SENSOR-FAULT,66,1261,000160000920
WO-2164851,ASSET-00960,Corrective,BELT-FAILURE,77,857,000160000920
WO-2164852,ASSET-00961,Preventive,,0,,000160000921
WO-2164853,ASSET-00961,Preventive,,0,,000160000921
WO-2164854,ASSET-00961,Preventive,,0,,000160000921
WO-2164855,ASSET-00961,Preventive,,0,,000160000921
WO-2164856,ASSET-00961,Preventive,,0,,000160000921
WO-2164857,ASSET-00962,Corrective,HYDRAULIC-LEAK,164,1477,000160000922
WO-2164858,ASSET-00962,Preventive,,0,,000160000922
WO-2164859,ASSET-00962,Corrective,BEARING-FAILURE,37,1862,000160000922
WO-2164860,ASSET-00963,Preventive,,0,,000160000923
WO-2164861,ASSET-00963,Corrective,SENSOR-FAULT,224,1005,000160000923
WO-2164862,ASSET-00963,Preventive,,0,,000160000923
WO-2164863,ASSET-00963,Preventive,,0,,000160000923
WO-2164864,ASSET-00963,Corrective,CALIBRATION-DRIFT,35,1465,000160000923
WO-2164865,ASSET-00964,Preventive,,0,,000160000924
WO-2164866,ASSET-00965,Preventive,,0,,000160000925
WO-2164867,ASSET-00965,Preventive,,0,,000160000925
WO-2164868,ASSET-00966,Preventive,,0,,000160000926
WO-2164869,ASSET-00966,Preventive,,0,,000160000926
WO-2164870,ASSET-00966,Corrective,SENSOR-FAULT,93,1167,000160000926
WO-2164871,ASSET-00966,Emergency,DIE-WEAR,447,1397,000160000926
WO-2164872,ASSET-00966,Corrective,DIE-WEAR,40,548,000160000926
WO-2164873,ASSET-00967,Corrective,SENSOR-FAULT,149,1413,000160000927
WO-2164874,ASSET-00967,Emergency,HYDRAULIC-LEAK,478,484,000160000927
WO-2164875,ASSET-00967,Preventive,,0,,000160000927
WO-2164876,ASSET-00967,Preventive,,0,,000160000927
WO-2164877,ASSET-00967,Corrective,PNEUMATIC-LEAK,135,1474,000160000927
WO-2164878,ASSET-00967,Preventive,,0,,000160000927
WO-2164879,ASSET-00967,Preventive,,0,,000160000927
WO-2164880,ASSET-00968,Preventive,,0,,000160000928
WO-2164881,ASSET-00968,Preventive,,0,,000160000928
WO-2164882,ASSET-00968,Preventive,,0,,000160000928
WO-2164883,ASSET-00968,Preventive,,0,,000160000928
WO-2164884,ASSET-00969,Preventive,,0,,000160000929
WO-2164885,ASSET-00969,Preventive,,0,,000160000929
WO-2164886,ASSET-00969,Corrective,BEARING-FAILURE,164,1072,000160000929
WO-2164887,ASSET-00969,Corrective,DIE-WEAR,109,693,000160000929
WO-2164888,ASSET-00969,Emergency,PNEUMATIC-LEAK,593,731,000160000929
WO-2164889,ASSET-00969,Corrective,MOTOR-BURNOUT,47,1483,000160000929
WO-2164890,ASSET-00970,Preventive,,0,,000160000930
WO-2164891,ASSET-00970,Preventive,,0,,000160000930
WO-2164892,ASSET-00970,Preventive,,0,,000160000930
WO-2164893,ASSET-00970,Corrective,SPINDLE-SEIZURE,170,1835,000160000930
WO-2164894,ASSET-00970,Corrective,CALIBRATION-DRIFT,154,1364,000160000930
WO-2164895,ASSET-00970,Emergency,BELT-FAILURE,145,695,000160000930
WO-2164896,ASSET-00970,Preventive,,0,,000160000930
WO-2164897,ASSET-00971,Preventive,,0,,000160000931
WO-2164898,ASSET-00971,Preventive,,0,,000160000931
WO-2164899,ASSET-00971,Preventive,,0,,000160000931
WO-2164900,ASSET-00971,Emergency,SENSOR-FAULT,165,255,000160000931
WO-2164901,ASSET-00971,Preventive,,0,,000160000931
WO-2164902,ASSET-00971,Preventive,,0,,000160000931
WO-2164903,ASSET-00971,Preventive,,0,,000160000931
WO-2164904,ASSET-00971,Preventive,,0,,000160000931
WO-2164905,ASSET-00972,Preventive,,0,,000160000932
WO-2164906,ASSET-00972,Preventive,,0,,000160000932
WO-2164907,ASSET-00972,Corrective,BELT-FAILURE,216,1911,000160000932
WO-2164908,ASSET-00972,Preventive,,0,,000160000932
WO-2164909,ASSET-00972,Corrective,MOTOR-BURNOUT,135,738,000160000932
WO-2164910,ASSET-00972,Corrective,SENSOR-FAULT,121,1457,000160000932
WO-2164911,ASSET-00973,Preventive,,0,,000160000933
WO-2164912,ASSET-00973,Preventive,,0,,000160000933
WO-2164913,ASSET-00973,Corrective,BELT-FAILURE,209,1942,000160000933
WO-2164914,ASSET-00973,Corrective,BELT-FAILURE,156,647,000160000933
WO-2164915,ASSET-00974,Preventive,,0,,000160000934
WO-2164916,ASSET-00974,Corrective,CALIBRATION-DRIFT,219,1822,000160000934
WO-2164917,ASSET-00974,Emergency,CONTROLLER-FAULT,241,1437,000160000934
WO-2164918,ASSET-00974,Emergency,DIE-WEAR,557,1751,000160000934
WO-2164919,ASSET-00974,Preventive,,0,,000160000934
WO-2164920,ASSET-00974,Preventive,,0,,000160000934
WO-2164921,ASSET-00974,Preventive,,0,,000160000934
WO-2164922,ASSET-00975,Corrective,HYDRAULIC-LEAK,67,943,000160000935
WO-2164923,ASSET-00975,Preventive,,0,,000160000935
WO-2164924,ASSET-00975,Emergency,PNEUMATIC-LEAK,204,312,000160000935
WO-2164925,ASSET-00975,Preventive,,0,,000160000935
WO-2164926,ASSET-00975,Corrective,BEARING-FAILURE,235,1031,000160000935
WO-2164927,ASSET-00975,Preventive,,0,,000160000935
WO-2164928,ASSET-00976,Preventive,,0,,000160000936
WO-2164929,ASSET-00976,Preventive,,0,,000160000936
WO-2164930,ASSET-00976,Preventive,,0,,000160000936
WO-2164931,ASSET-00976,Emergency,MOTOR-BURNOUT,95,605,000160000936
WO-2164932,ASSET-00976,Corrective,BELT-FAILURE,131,277,000160000936
WO-2164933,ASSET-00977,Preventive,,0,,000160000937
WO-2164934,ASSET-00977,Preventive,,0,,000160000937
WO-2164935,ASSET-00977,Preventive,,0,,000160000937
WO-2164936,ASSET-00977,Preventive,,0,,000160000937
WO-2164937,ASSET-00977,Corrective,CALIBRATION-DRIFT,124,1863,000160000937
WO-2164938,ASSET-00977,Preventive,,0,,000160000937
WO-2164939,ASSET-00978,Preventive,,0,,000160000938
WO-2164940,ASSET-00978,Preventive,,0,,000160000938
WO-2164941,ASSET-00978,Corrective,CONTROLLER-FAULT,69,1008,000160000938
WO-2164942,ASSET-00978,Emergency,BELT-FAILURE,417,773,000160000938
WO-2164943,ASSET-00979,Corrective,DIE-WEAR,69,1154,000160000939
WO-2164944,ASSET-00979,Corrective,DIE-WEAR,235,1229,000160000939
WO-2164945,ASSET-00979,Preventive,,0,,000160000939
WO-2164946,ASSET-00980,Corrective,SPINDLE-SEIZURE,153,881,000160000940
WO-2164947,ASSET-00980,Corrective,BEARING-FAILURE,82,244,000160000940
WO-2164948,ASSET-00980,Preventive,,0,,000160000940
WO-2164949,ASSET-00980,Corrective,SENSOR-FAULT,180,807,000160000940
WO-2164950,ASSET-00980,Preventive,,0,,000160000940
WO-2164951,ASSET-00980,Preventive,,0,,000160000940
WO-2164952,ASSET-00980,Preventive,,0,,000160000940
WO-2164953,ASSET-00981,Preventive,,0,,000160000941
WO-2164954,ASSET-00981,Emergency,MOTOR-BURNOUT,124,563,000160000941
WO-2164955,ASSET-00981,Preventive,,0,,000160000941
WO-2164956,ASSET-00982,Emergency,DIE-WEAR,154,228,000160000942
WO-2164957,ASSET-00982,Corrective,MOTOR-BURNOUT,187,917,000160000942
WO-2164958,ASSET-00982,Preventive,,0,,000160000942
WO-2164959,ASSET-00982,Preventive,,0,,000160000942
WO-2164960,ASSET-00982,Corrective,BEARING-FAILURE,163,1372,000160000942
WO-2164961,ASSET-00982,Corrective,DIE-WEAR,81,361,000160000942
WO-2164962,ASSET-00983,Preventive,,0,,000160000943
WO-2164963,ASSET-00983,Emergency,MOTOR-BURNOUT,477,1635,000160000943
WO-2164964,ASSET-00983,Corrective,SPINDLE-SEIZURE,185,1137,000160000943
WO-2164965,ASSET-00983,Corrective,BEARING-FAILURE,206,1625,000160000943
WO-2164966,ASSET-00983,Emergency,CONTROLLER-FAULT,219,1579,000160000943
WO-2164967,ASSET-00984,Corrective,CONTROLLER-FAULT,175,323,000160000944
WO-2164968,ASSET-00984,Preventive,,0,,000160000944
WO-2164969,ASSET-00984,Corrective,CONTROLLER-FAULT,160,1383,000160000944
WO-2164970,ASSET-00984,Preventive,,0,,000160000944
WO-2164971,ASSET-00984,Preventive,,0,,000160000944
WO-2164972,ASSET-00984,Preventive,,0,,000160000944
WO-2164973,ASSET-00984,Preventive,,0,,000160000944
WO-2164974,ASSET-00984,Corrective,PNEUMATIC-LEAK,205,720,000160000944
WO-2164975,ASSET-00984,Corrective,PNEUMATIC-LEAK,210,1578,000160000944
WO-2164976,ASSET-00984,Preventive,,0,,000160000944
WO-2164977,ASSET-00985,Preventive,,0,,000160000945
WO-2164978,ASSET-00986,Corrective,DIE-WEAR,182,1589,000160000946
WO-2164979,ASSET-00986,Corrective,DIE-WEAR,188,1650,000160000946
WO-2164980,ASSET-00986,Preventive,,0,,000160000946
WO-2164981,ASSET-00986,Preventive,,0,,000160000946
WO-2164982,ASSET-00987,Corrective,HYDRAULIC-LEAK,129,1500,000160000947
WO-2164983,ASSET-00987,Preventive,,0,,000160000947
WO-2164984,ASSET-00988,Preventive,,0,,000160000948
WO-2164985,ASSET-00988,Corrective,BEARING-FAILURE,239,1241,000160000948
WO-2164986,ASSET-00988,Preventive,,0,,000160000948
WO-2164987,ASSET-00988,Emergency,SENSOR-FAULT,594,1730,000160000948
WO-2164988,ASSET-00988,Corrective,BELT-FAILURE,232,1688,000160000948
WO-2164989,ASSET-00989,Corrective,CONTROLLER-FAULT,109,809,000160000949
WO-2164990,ASSET-00989,Emergency,BEARING-FAILURE,481,1421,000160000949
WO-2164991,ASSET-00989,Preventive,,0,,000160000949
WO-2164992,ASSET-00989,Preventive,,0,,000160000949
WO-2164993,ASSET-00990,Preventive,,0,,000160000950
WO-2164994,ASSET-00990,Preventive,,0,,000160000950
WO-2164995,ASSET-00991,Preventive,,0,,000160000951
WO-2164996,ASSET-00991,Preventive,,0,,000160000951
WO-2164997,ASSET-00991,Preventive,,0,,000160000951
WO-2164998,ASSET-00991,Corrective,BEARING-FAILURE,211,1135,000160000951
WO-2164999,ASSET-00992,Corrective,CALIBRATION-DRIFT,82,558,000160000952
WO-2165000,ASSET-00992,Corrective,HYDRAULIC-LEAK,34,1615,000160000952
WO-2165001,ASSET-00993,Corrective,SENSOR-FAULT,158,1659,000160000953
WO-2165002,ASSET-00993,Preventive,,0,,000160000953
WO-2165003,ASSET-00993,Preventive,,0,,000160000953
WO-2165004,ASSET-00994,Corrective,BEARING-FAILURE,187,374,000160000954
WO-2165005,ASSET-00994,Corrective,MOTOR-BURNOUT,66,642,000160000954
WO-2165006,ASSET-00994,Preventive,,0,,000160000954
WO-2165007,ASSET-00994,Corrective,DIE-WEAR,111,1269,000160000954
WO-2165008,ASSET-00994,Corrective,DIE-WEAR,90,1332,000160000954
WO-2165009,ASSET-00995,Corrective,DIE-WEAR,218,1763,000160000955
WO-2165010,ASSET-00995,Emergency,HYDRAULIC-LEAK,175,1051,000160000955
WO-2165011,ASSET-00995,Preventive,,0,,000160000955
WO-2165012,ASSET-00995,Corrective,DIE-WEAR,117,1080,000160000955
WO-2165013,ASSET-00995,Corrective,PNEUMATIC-LEAK,166,1514,000160000955
WO-2165014,ASSET-00995,Emergency,BEARING-FAILURE,207,858,000160000955
WO-2165015,ASSET-00995,Preventive,,0,,000160000955
WO-2165016,ASSET-00995,Preventive,,0,,000160000955
WO-2165017,ASSET-00996,Preventive,,0,,000160000956
WO-2165018,ASSET-00996,Emergency,CALIBRATION-DRIFT,582,1456,000160000956
WO-2165019,ASSET-00996,Preventive,,0,,000160000956
WO-2165020,ASSET-00996,Preventive,,0,,000160000956
WO-2165021,ASSET-00996,Preventive,,0,,000160000956
WO-2165022,ASSET-00996,Corrective,CALIBRATION-DRIFT,157,850,000160000956
WO-2165023,ASSET-00996,Preventive,,0,,000160000956
WO-2165024,ASSET-00996,Preventive,,0,,000160000956
WO-2165025,ASSET-00996,Corrective,CALIBRATION-DRIFT,220,1149,000160000956
WO-2165026,ASSET-00997,Corrective,BEARING-FAILURE,230,1361,000160000957
WO-2165027,ASSET-00997,Preventive,,0,,000160000957
WO-2165028,ASSET-00997,Corrective,SENSOR-FAULT,56,719,000160000957
WO-2165029,ASSET-00998,Emergency,BEARING-FAILURE,499,1618,000160000958
WO-2165030,ASSET-00998,Preventive,,0,,000160000958
WO-2165031,ASSET-00998,Preventive,,0,,000160000958
WO-2165032,ASSET-00998,Preventive,,0,,000160000958
WO-2165033,ASSET-00998,Corrective,PNEUMATIC-LEAK,81,831,000160000958
WO-2165034,ASSET-00999,Corrective,MOTOR-BURNOUT,104,244,000160000959
WO-2165035,ASSET-00999,Preventive,,0,,000160000959
WO-2165036,ASSET-00999,Preventive,,0,,000160000959
WO-2165037,ASSET-00999,Preventive,,0,,000160000959
WO-2165038,ASSET-00999,Preventive,,0,,000160000959
WO-2165039,ASSET-01000,Preventive,,0,,000160000960
WO-2165040,ASSET-01000,Corrective,PNEUMATIC-LEAK,131,1256,000160000960
WO-2165041,ASSET-01000,Corrective,MOTOR-BURNOUT,211,1914,000160000960
WO-2165042,ASSET-01000,Preventive,,0,,000160000960
WO-2165043,ASSET-01000,Preventive,,0,,000160000960
WO-2165044,ASSET-01001,Corrective,SPINDLE-SEIZURE,239,1300,000160000961
WO-2165045,ASSET-01001,Corrective,BEARING-FAILURE,55,686,000160000961
WO-2165046,ASSET-01001,Corrective,HYDRAULIC-LEAK,58,1552,000160000961
WO-2165047,ASSET-01001,Corrective,BEARING-FAILURE,223,1276,000160000961
WO-2165048,ASSET-01002,Preventive,,0,,000160000962
WO-2165049,ASSET-01002,Preventive,,0,,000160000962
WO-2165050,ASSET-01002,Preventive,,0,,000160000962
WO-2165051,ASSET-01002,Preventive,,0,,000160000962
WO-2165052,ASSET-01002,Preventive,,0,,000160000962
WO-2165053,ASSET-01003,Preventive,,0,,000160000963
WO-2165054,ASSET-01003,Corrective,DIE-WEAR,239,292,000160000963
WO-2165055,ASSET-01003,Emergency,SENSOR-FAULT,462,574,000160000963
WO-2165056,ASSET-01003,Preventive,,0,,000160000963
WO-2165057,ASSET-01003,Corrective,BEARING-FAILURE,212,903,000160000963
WO-2165058,ASSET-01004,Preventive,,0,,000160000964
WO-2165059,ASSET-01004,Preventive,,0,,000160000964
WO-2165060,ASSET-01004,Preventive,,0,,000160000964
WO-2165061,ASSET-01004,Corrective,SENSOR-FAULT,79,204,000160000964
WO-2165062,ASSET-01005,Corrective,MOTOR-BURNOUT,58,1147,000160000965
WO-2165063,ASSET-01005,Preventive,,0,,000160000965
WO-2165064,ASSET-01005,Preventive,,0,,000160000965
WO-2165065,ASSET-01005,Preventive,,0,,000160000965
WO-2165066,ASSET-01006,Corrective,SPINDLE-SEIZURE,217,1685,000160000966
WO-2165067,ASSET-01006,Preventive,,0,,000160000966
WO-2165068,ASSET-01006,Emergency,BELT-FAILURE,225,760,000160000966
WO-2165069,ASSET-01006,Preventive,,0,,000160000966
WO-2165070,ASSET-01006,Preventive,,0,,000160000966
WO-2165071,ASSET-01006,Emergency,MOTOR-BURNOUT,237,1890,000160000966
WO-2165072,ASSET-01007,Preventive,,0,,000160000967
WO-2165073,ASSET-01007,Emergency,SENSOR-FAULT,493,550,000160000967
WO-2165074,ASSET-01007,Emergency,SPINDLE-SEIZURE,242,999,000160000967
WO-2165075,ASSET-01007,Corrective,CALIBRATION-DRIFT,72,1525,000160000967
WO-2165076,ASSET-01007,Corrective,HYDRAULIC-LEAK,80,1137,000160000967
WO-2165077,ASSET-01007,Preventive,,0,,000160000967
WO-2165078,ASSET-01008,Emergency,BELT-FAILURE,203,985,000160000968
WO-2165079,ASSET-01008,Preventive,,0,,000160000968
WO-2165080,ASSET-01008,Emergency,CONTROLLER-FAULT,530,926,000160000968
WO-2165081,ASSET-01008,Preventive,,0,,000160000968
WO-2165082,ASSET-01009,Emergency,DIE-WEAR,82,339,000160000969
WO-2165083,ASSET-01009,Preventive,,0,,000160000969
WO-2165084,ASSET-01009,Preventive,,0,,000160000969
WO-2165085,ASSET-01009,Corrective,CONTROLLER-FAULT,89,1546,000160000969
WO-2165086,ASSET-01009,Emergency,BEARING-FAILURE,121,248,000160000969
WO-2165087,ASSET-01009,Preventive,,0,,000160000969
WO-2165088,ASSET-01010,Corrective,BEARING-FAILURE,62,476,000160000970
WO-2165089,ASSET-01010,Preventive,,0,,000160000970
WO-2165090,ASSET-01010,Preventive,,0,,000160000970
WO-2165091,ASSET-01010,Emergency,CONTROLLER-FAULT,95,483,000160000970
WO-2165092,ASSET-01010,Corrective,SPINDLE-SEIZURE,210,343,000160000970
WO-2165093,ASSET-01010,Corrective,SENSOR-FAULT,66,618,000160000970
WO-2165094,ASSET-01011,Preventive,,0,,000160000971
WO-2165095,ASSET-01011,Emergency,PNEUMATIC-LEAK,148,1561,000160000971
WO-2165096,ASSET-01011,Preventive,,0,,000160000971
WO-2165097,ASSET-01011,Corrective,SENSOR-FAULT,92,1069,000160000971
WO-2165098,ASSET-01011,Preventive,,0,,000160000971
WO-2165099,ASSET-01012,Corrective,SENSOR-FAULT,86,1623,000160000972
WO-2165100,ASSET-01012,Preventive,,0,,000160000972
WO-2165101,ASSET-01012,Preventive,,0,,000160000972
WO-2165102,ASSET-01012,Preventive,,0,,000160000972
WO-2165103,ASSET-01012,Preventive,,0,,000160000972
WO-2165104,ASSET-01012,Corrective,CONTROLLER-FAULT,214,768,000160000972
WO-2165105,ASSET-01013,Corrective,SENSOR-FAULT,154,248,000160000973
WO-2165106,ASSET-01013,Emergency,BEARING-FAILURE,427,572,000160000973
WO-2165107,ASSET-01013,Preventive,,0,,000160000973
WO-2165108,ASSET-01013,Preventive,,0,,000160000973
WO-2165109,ASSET-01013,Preventive,,0,,000160000973
WO-2165110,ASSET-01014,Corrective,CALIBRATION-DRIFT,50,1601,000160000974
WO-2165111,ASSET-01014,Preventive,,0,,000160000974
WO-2165112,ASSET-01014,Preventive,,0,,000160000974
WO-2165113,ASSET-01014,Corrective,HYDRAULIC-LEAK,103,668,000160000974
WO-2165114,ASSET-01015,Preventive,,0,,000160000975
WO-2165115,ASSET-01015,Preventive,,0,,000160000975
WO-2165116,ASSET-01015,Preventive,,0,,000160000975
WO-2165117,ASSET-01015,Preventive,,0,,000160000975
WO-2165118,ASSET-01015,Corrective,MOTOR-BURNOUT,124,265,000160000975
WO-2165119,ASSET-01016,Preventive,,0,,000160000976
WO-2165120,ASSET-01016,Preventive,,0,,000160000976
WO-2165121,ASSET-01016,Preventive,,0,,000160000976
WO-2165122,ASSET-01016,Preventive,,0,,000160000976
WO-2165123,ASSET-01016,Preventive,,0,,000160000976
WO-2165124,ASSET-01016,Preventive,,0,,000160000976
WO-2165125,ASSET-01016,Corrective,SPINDLE-SEIZURE,128,1056,000160000976
WO-2165126,ASSET-01017,Preventive,,0,,000160000977
WO-2165127,ASSET-01017,Preventive,,0,,000160000977
WO-2165128,ASSET-01017,Preventive,,0,,000160000977
WO-2165129,ASSET-01017,Preventive,,0,,000160000977
WO-2165130,ASSET-01017,Corrective,DIE-WEAR,32,1377,000160000977
WO-2165131,ASSET-01017,Preventive,,0,,000160000977
WO-2165132,ASSET-01018,Preventive,,0,,000160000978
WO-2165133,ASSET-01018,Preventive,,0,,000160000978
WO-2165134,ASSET-01018,Preventive,,0,,000160000978
WO-2165135,ASSET-01018,Preventive,,0,,000160000978
WO-2165136,ASSET-01018,Preventive,,0,,000160000978
WO-2165137,ASSET-01018,Preventive,,0,,000160000978
WO-2165138,ASSET-01018,Preventive,,0,,000160000978
WO-2165139,ASSET-01019,Preventive,,0,,000160000979
WO-2165140,ASSET-01019,Corrective,CALIBRATION-DRIFT,43,1835,000160000979
WO-2165141,ASSET-01019,Corrective,MOTOR-BURNOUT,133,1620,000160000979
WO-2165142,ASSET-01019,Corrective,CONTROLLER-FAULT,229,622,000160000979
WO-2165143,ASSET-01020,Corrective,CALIBRATION-DRIFT,163,1807,000160000980
WO-2165144,ASSET-01020,Emergency,CONTROLLER-FAULT,575,1530,000160000980
WO-2165145,ASSET-01020,Preventive,,0,,000160000980
WO-2165146,ASSET-01020,Preventive,,0,,000160000980
WO-2165147,ASSET-01020,Preventive,,0,,000160000980
WO-2165148,ASSET-01021,Emergency,SENSOR-FAULT,220,628,000160000981
WO-2165149,ASSET-01021,Corrective,BELT-FAILURE,80,1714,000160000981
WO-2165150,ASSET-01022,Corrective,PNEUMATIC-LEAK,113,1238,000160000982
WO-2165151,ASSET-01022,Preventive,,0,,000160000982
WO-2165152,ASSET-01022,Preventive,,0,,000160000982
WO-2165153,ASSET-01022,Preventive,,0,,000160000982
WO-2165154,ASSET-01022,Preventive,,0,,000160000982
WO-2165155,ASSET-01023,Preventive,,0,,000160000983
WO-2165156,ASSET-01023,Corrective,HYDRAULIC-LEAK,199,1679,000160000983
WO-2165157,ASSET-01023,Preventive,,0,,000160000983
WO-2165158,ASSET-01024,Preventive,,0,,000160000984
WO-2165159,ASSET-01024,Preventive,,0,,000160000984
WO-2165160,ASSET-01024,Preventive,,0,,000160000984
WO-2165161,ASSET-01025,Emergency,PNEUMATIC-LEAK,160,687,000160000985
WO-2165162,ASSET-01025,Preventive,,0,,000160000985
WO-2165163,ASSET-01025,Preventive,,0,,000160000985
WO-2165164,ASSET-01025,Preventive,,0,,000160000985
WO-2165165,ASSET-01025,Corrective,PNEUMATIC-LEAK,167,1455,000160000985
WO-2165166,ASSET-01025,Preventive,,0,,000160000985
WO-2165167,ASSET-01025,Preventive,,0,,000160000985
WO-2165168,ASSET-01025,Corrective,PNEUMATIC-LEAK,116,1189,000160000985
WO-2165169,ASSET-01026,Preventive,,0,,000160000986
WO-2165170,ASSET-01026,Corrective,MOTOR-BURNOUT,229,1983,000160000986
WO-2165171,ASSET-01026,Preventive,,0,,000160000986
WO-2165172,ASSET-01026,Emergency,HYDRAULIC-LEAK,136,1998,000160000986
WO-2165173,ASSET-01027,Preventive,,0,,000160000987
WO-2165174,ASSET-01027,Corrective,DIE-WEAR,33,681,000160000987
WO-2165175,ASSET-01027,Preventive,,0,,000160000987
WO-2165176,ASSET-01027,Preventive,,0,,000160000987
WO-2165177,ASSET-01027,Preventive,,0,,000160000987
WO-2165178,ASSET-01027,Preventive,,0,,000160000987
WO-2165179,ASSET-01028,Preventive,,0,,000160000988
WO-2165180,ASSET-01028,Preventive,,0,,000160000988
WO-2165181,ASSET-01028,Preventive,,0,,000160000988
WO-2165182,ASSET-01028,Preventive,,0,,000160000988
WO-2165183,ASSET-01028,Emergency,CALIBRATION-DRIFT,319,1145,000160000988
WO-2165184,ASSET-01029,Preventive,,0,,000160000989
WO-2165185,ASSET-01029,Corrective,CALIBRATION-DRIFT,124,1051,000160000989
WO-2165186,ASSET-01029,Preventive,,0,,000160000989
WO-2165187,ASSET-01029,Preventive,,0,,000160000989
WO-2165188,ASSET-01029,Preventive,,0,,000160000989
WO-2165189,ASSET-01030,Corrective,MOTOR-BURNOUT,229,1962,000160000990
WO-2165190,ASSET-01030,Preventive,,0,,000160000990
WO-2165191,ASSET-01030,Preventive,,0,,000160000990
WO-2165192,ASSET-01030,Preventive,,0,,000160000990
WO-2165193,ASSET-01031,Corrective,DIE-WEAR,198,888,000160000991
WO-2165194,ASSET-01031,Corrective,BELT-FAILURE,112,923,000160000991
WO-2165195,ASSET-01031,Preventive,,0,,000160000991
WO-2165196,ASSET-01031,Emergency,BELT-FAILURE,305,562,000160000991
WO-2165197,ASSET-01031,Preventive,,0,,000160000991
WO-2165198,ASSET-01032,Preventive,,0,,000160000992
WO-2165199,ASSET-01032,Emergency,DIE-WEAR,134,1326,000160000992
WO-2165200,ASSET-01032,Preventive,,0,,000160000992
WO-2165201,ASSET-01033,Preventive,,0,,000160000993
WO-2165202,ASSET-01033,Corrective,BEARING-FAILURE,123,940,000160000993
WO-2165203,ASSET-01033,Preventive,,0,,000160000993
WO-2165204,ASSET-01033,Emergency,DIE-WEAR,518,1968,000160000993
WO-2165205,ASSET-01033,Preventive,,0,,000160000993
WO-2165206,ASSET-01033,Corrective,DIE-WEAR,66,1718,000160000993
WO-2165207,ASSET-01033,Preventive,,0,,000160000993
WO-2165208,ASSET-01034,Preventive,,0,,000160000994
WO-2165209,ASSET-01034,Preventive,,0,,000160000994
WO-2165210,ASSET-01034,Preventive,,0,,000160000994
WO-2165211,ASSET-01034,Preventive,,0,,000160000994
WO-2165212,ASSET-01034,Preventive,,0,,000160000994
WO-2165213,ASSET-01034,Preventive,,0,,000160000994
WO-2165214,ASSET-01034,Emergency,BEARING-FAILURE,73,1454,000160000994
WO-2165215,ASSET-01034,Preventive,,0,,000160000994
WO-2165216,ASSET-01034,Preventive,,0,,000160000994
WO-2165217,ASSET-01034,Corrective,CALIBRATION-DRIFT,177,507,000160000994
WO-2165218,ASSET-01035,Preventive,,0,,000160000995
WO-2165219,ASSET-01035,Corrective,SPINDLE-SEIZURE,160,773,000160000995
WO-2165220,ASSET-01035,Emergency,BELT-FAILURE,398,1042,000160000995
WO-2165221,ASSET-01035,Emergency,BELT-FAILURE,559,1067,000160000995
WO-2165222,ASSET-01035,Corrective,HYDRAULIC-LEAK,125,756,000160000995
WO-2165223,ASSET-01035,Corrective,SPINDLE-SEIZURE,149,1491,000160000995
WO-2165224,ASSET-01035,Preventive,,0,,000160000995
WO-2165225,ASSET-01035,Preventive,,0,,000160000995
WO-2165226,ASSET-01035,Preventive,,0,,000160000995
WO-2165227,ASSET-01036,Preventive,,0,,000160000996
WO-2165228,ASSET-01036,Preventive,,0,,000160000996
WO-2165229,ASSET-01036,Corrective,SPINDLE-SEIZURE,125,1462,000160000996
WO-2165230,ASSET-01036,Corrective,BELT-FAILURE,207,1583,000160000996
WO-2165231,ASSET-01036,Preventive,,0,,000160000996
WO-2165232,ASSET-01036,Preventive,,0,,000160000996
WO-2165233,ASSET-01036,Preventive,,0,,000160000996
WO-2165234,ASSET-01037,Preventive,,0,,000160000997
WO-2165235,ASSET-01037,Preventive,,0,,000160000997
WO-2165236,ASSET-01037,Preventive,,0,,000160000997
WO-2165237,ASSET-01037,Corrective,CONTROLLER-FAULT,49,1271,000160000997
WO-2165238,ASSET-01038,Emergency,DIE-WEAR,208,1772,000160000998
WO-2165239,ASSET-01038,Preventive,,0,,000160000998
WO-2165240,ASSET-01038,Corrective,SENSOR-FAULT,174,1414,000160000998
WO-2165241,ASSET-01038,Preventive,,0,,000160000998
WO-2165242,ASSET-01038,Corrective,CONTROLLER-FAULT,154,1834,000160000998
WO-2165243,ASSET-01038,Preventive,,0,,000160000998
WO-2165244,ASSET-01038,Preventive,,0,,000160000998
WO-2165245,ASSET-01038,Corrective,SPINDLE-SEIZURE,100,850,000160000998
WO-2165246,ASSET-01038,Preventive,,0,,000160000998
WO-2165247,ASSET-01039,Corrective,BELT-FAILURE,100,760,000160000999
WO-2165248,ASSET-01039,Preventive,,0,,000160000999
WO-2165249,ASSET-01039,Preventive,,0,,000160000999
WO-2165250,ASSET-01039,Preventive,,0,,000160000999
WO-2165251,ASSET-01039,Preventive,,0,,000160000999
WO-2165252,ASSET-01039,Preventive,,0,,000160000999
WO-2165253,ASSET-01039,Emergency,CALIBRATION-DRIFT,534,1663,000160000999
WO-2165254,ASSET-01040,Corrective,BELT-FAILURE,182,1636,000160001000
WO-2165255,ASSET-01040,Corrective,PNEUMATIC-LEAK,100,839,000160001000
WO-2165256,ASSET-01040,Corrective,DIE-WEAR,145,1883,000160001000
WO-2165257,ASSET-01040,Preventive,,0,,000160001000
WO-2165258,ASSET-01040,Emergency,DIE-WEAR,359,1488,000160001000
WO-2165259,ASSET-01041,Preventive,,0,,000160001001
WO-2165260,ASSET-01041,Preventive,,0,,000160001001
WO-2165261,ASSET-01041,Preventive,,0,,000160001001
WO-2165262,ASSET-01041,Emergency,BEARING-FAILURE,539,602,000160001001
WO-2165263,ASSET-01041,Preventive,,0,,000160001001
WO-2165264,ASSET-01041,Preventive,,0,,000160001001
WO-2165265,ASSET-01042,Preventive,,0,,000160001002
WO-2165266,ASSET-01042,Preventive,,0,,000160001002
WO-2165267,ASSET-01042,Corrective,CONTROLLER-FAULT,154,234,000160001002
WO-2165268,ASSET-01042,Emergency,HYDRAULIC-LEAK,520,625,000160001002
WO-2165269,ASSET-01043,Preventive,,0,,000160001003
WO-2165270,ASSET-01043,Corrective,PNEUMATIC-LEAK,217,1253,000160001003
WO-2165271,ASSET-01044,Corrective,CALIBRATION-DRIFT,38,1421,000160001004
WO-2165272,ASSET-01044,Corrective,BEARING-FAILURE,219,1847,000160001004
WO-2165273,ASSET-01044,Preventive,,0,,000160001004
WO-2165274,ASSET-01044,Corrective,BEARING-FAILURE,218,1610,000160001004
WO-2165275,ASSET-01044,Preventive,,0,,000160001004
WO-2165276,ASSET-01044,Preventive,,0,,000160001004
WO-2165277,ASSET-01044,Corrective,CALIBRATION-DRIFT,153,695,000160001004
WO-2165278,ASSET-01045,Corrective,SPINDLE-SEIZURE,150,962,000160001005
WO-2165279,ASSET-01045,Preventive,,0,,000160001005
WO-2165280,ASSET-01045,Corrective,MOTOR-BURNOUT,139,803,000160001005
WO-2165281,ASSET-01045,Preventive,,0,,000160001005
WO-2165282,ASSET-01045,Preventive,,0,,000160001005
WO-2165283,ASSET-01045,Emergency,SENSOR-FAULT,68,1001,000160001005
WO-2165284,ASSET-01046,Preventive,,0,,000160001006
WO-2165285,ASSET-01046,Preventive,,0,,000160001006
WO-2165286,ASSET-01046,Emergency,DIE-WEAR,515,1377,000160001006
WO-2165287,ASSET-01046,Preventive,,0,,000160001006
WO-2165288,ASSET-01047,Corrective,PNEUMATIC-LEAK,146,548,000160001007
WO-2165289,ASSET-01047,Preventive,,0,,000160001007
WO-2165290,ASSET-01048,Preventive,,0,,000160001008
WO-2165291,ASSET-01048,Corrective,PNEUMATIC-LEAK,153,679,000160001008
WO-2165292,ASSET-01048,Preventive,,0,,000160001008
WO-2165293,ASSET-01048,Preventive,,0,,000160001008
WO-2165294,ASSET-01049,Preventive,,0,,000160001009
WO-2165295,ASSET-01049,Preventive,,0,,000160001009
WO-2165296,ASSET-01049,Preventive,,0,,000160001009
WO-2165297,ASSET-01049,Corrective,PNEUMATIC-LEAK,157,1385,000160001009
WO-2165298,ASSET-01050,Preventive,,0,,000160001010
WO-2165299,ASSET-01050,Corrective,CONTROLLER-FAULT,167,1270,000160001010
WO-2165300,ASSET-01050,Preventive,,0,,000160001010
WO-2165301,ASSET-01050,Emergency,BELT-FAILURE,419,1327,000160001010
WO-2165302,ASSET-01050,Corrective,PNEUMATIC-LEAK,206,601,000160001010
WO-2165303,ASSET-01050,Preventive,,0,,000160001010
WO-2165304,ASSET-01050,Corrective,HYDRAULIC-LEAK,119,994,000160001010
WO-2165305,ASSET-01050,Corrective,DIE-WEAR,172,507,000160001010
WO-2165306,ASSET-01050,Preventive,,0,,000160001010
WO-2165307,ASSET-01050,Corrective,DIE-WEAR,216,911,000160001010
WO-2165308,ASSET-01051,Corrective,DIE-WEAR,99,352,000160001011
WO-2165309,ASSET-01051,Preventive,,0,,000160001011
WO-2165310,ASSET-01051,Preventive,,0,,000160001011
WO-2165311,ASSET-01051,Preventive,,0,,000160001011
WO-2165312,ASSET-01051,Preventive,,0,,000160001011
WO-2165313,ASSET-01051,Corrective,DIE-WEAR,53,374,000160001011
WO-2165314,ASSET-01051,Preventive,,0,,000160001011
WO-2165315,ASSET-01052,Preventive,,0,,000160001012
WO-2165316,ASSET-01052,Emergency,BELT-FAILURE,462,216,000160001012
WO-2165317,ASSET-01052,Corrective,BELT-FAILURE,86,1940,000160001012
WO-2165318,ASSET-01052,Preventive,,0,,000160001012
WO-2165319,ASSET-01052,Preventive,,0,,000160001012
WO-2165320,ASSET-01052,Corrective,MOTOR-BURNOUT,32,1242,000160001012
WO-2165321,ASSET-01052,Preventive,,0,,000160001012
WO-2165322,ASSET-01052,Preventive,,0,,000160001012
WO-2165323,ASSET-01052,Preventive,,0,,000160001012
WO-2165324,ASSET-01053,Preventive,,0,,000160001013
WO-2165325,ASSET-01053,Preventive,,0,,000160001013
WO-2165326,ASSET-01053,Preventive,,0,,000160001013
WO-2165327,ASSET-01054,Preventive,,0,,000160001014
WO-2165328,ASSET-01054,Preventive,,0,,000160001014
WO-2165329,ASSET-01054,Corrective,CONTROLLER-FAULT,123,1214,000160001014
WO-2165330,ASSET-01054,Preventive,,0,,000160001014
WO-2165331,ASSET-01054,Emergency,BEARING-FAILURE,246,530,000160001014
WO-2165332,ASSET-01055,Preventive,,0,,000160001015
WO-2165333,ASSET-01055,Preventive,,0,,000160001015
WO-2165334,ASSET-01055,Corrective,CALIBRATION-DRIFT,158,1106,000160001015
WO-2165335,ASSET-01056,Corrective,DIE-WEAR,49,728,000160001016
WO-2165336,ASSET-01056,Preventive,,0,,000160001016
WO-2165337,ASSET-01056,Corrective,SENSOR-FAULT,109,316,000160001016
WO-2165338,ASSET-01056,Preventive,,0,,000160001016
WO-2165339,ASSET-01056,Corrective,HYDRAULIC-LEAK,190,860,000160001016
WO-2165340,ASSET-01056,Corrective,DIE-WEAR,103,1543,000160001016
WO-2165341,ASSET-01056,Preventive,,0,,000160001016
WO-2165342,ASSET-01056,Emergency,PNEUMATIC-LEAK,100,950,000160001016
WO-2165343,ASSET-01056,Emergency,CONTROLLER-FAULT,83,1677,000160001016
WO-2165344,ASSET-01057,Preventive,,0,,000160001017
WO-2165345,ASSET-01057,Corrective,CALIBRATION-DRIFT,66,1963,000160001017
WO-2165346,ASSET-01057,Preventive,,0,,000160001017
WO-2165347,ASSET-01057,Corrective,BELT-FAILURE,130,647,000160001017
WO-2165348,ASSET-01057,Preventive,,0,,000160001017
WO-2165349,ASSET-01058,Preventive,,0,,000160001018
WO-2165350,ASSET-01058,Preventive,,0,,000160001018
WO-2165351,ASSET-01058,Preventive,,0,,000160001018
WO-2165352,ASSET-01058,Corrective,SENSOR-FAULT,148,1753,000160001018
WO-2165353,ASSET-01058,Preventive,,0,,000160001018
WO-2165354,ASSET-01059,Preventive,,0,,000160001019
WO-2165355,ASSET-01059,Corrective,BEARING-FAILURE,214,1346,000160001019
WO-2165356,ASSET-01059,Corrective,PNEUMATIC-LEAK,65,860,000160001019
WO-2165357,ASSET-01059,Corrective,DIE-WEAR,191,1942,000160001019
WO-2165358,ASSET-01060,Preventive,,0,,000160001020
WO-2165359,ASSET-01060,Preventive,,0,,000160001020
WO-2165360,ASSET-01060,Preventive,,0,,000160001020
WO-2165361,ASSET-01060,Emergency,MOTOR-BURNOUT,470,1305,000160001020
WO-2165362,ASSET-01061,Preventive,,0,,000160001021
WO-2165363,ASSET-01061,Preventive,,0,,000160001021
WO-2165364,ASSET-01061,Corrective,MOTOR-BURNOUT,63,202,000160001021
WO-2165365,ASSET-01061,Emergency,PNEUMATIC-LEAK,595,473,000160001021
WO-2165366,ASSET-01061,Preventive,,0,,000160001021
WO-2165367,ASSET-01061,Preventive,,0,,000160001021
WO-2165368,ASSET-01062,Preventive,,0,,000160001022
WO-2165369,ASSET-01062,Preventive,,0,,000160001022
WO-2165370,ASSET-01062,Emergency,BEARING-FAILURE,310,1570,000160001022
WO-2165371,ASSET-01062,Corrective,MOTOR-BURNOUT,144,1073,000160001022
WO-2165372,ASSET-01062,Preventive,,0,,000160001022
WO-2165373,ASSET-01063,Corrective,SPINDLE-SEIZURE,47,223,000160001023
WO-2165374,ASSET-01063,Corrective,BEARING-FAILURE,136,396,000160001023
WO-2165375,ASSET-01063,Corrective,SENSOR-FAULT,235,1541,000160001023
WO-2165376,ASSET-01063,Emergency,CALIBRATION-DRIFT,115,416,000160001023
WO-2165377,ASSET-01063,Preventive,,0,,000160001023
WO-2165378,ASSET-01063,Corrective,CONTROLLER-FAULT,107,1183,000160001023
WO-2165379,ASSET-01064,Corrective,MOTOR-BURNOUT,132,1103,000160001024
WO-2165380,ASSET-01064,Preventive,,0,,000160001024
WO-2165381,ASSET-01064,Corrective,BEARING-FAILURE,105,1101,000160001024
WO-2165382,ASSET-01064,Preventive,,0,,000160001024
WO-2165383,ASSET-01064,Preventive,,0,,000160001024
WO-2165384,ASSET-01064,Corrective,SENSOR-FAULT,120,1400,000160001024
WO-2165385,ASSET-01065,Corrective,HYDRAULIC-LEAK,203,1727,000160001025
WO-2165386,ASSET-01065,Preventive,,0,,000160001025
WO-2165387,ASSET-01065,Corrective,CONTROLLER-FAULT,180,1861,000160001025
WO-2165388,ASSET-01065,Emergency,DIE-WEAR,557,1383,000160001025
WO-2165389,ASSET-01065,Preventive,,0,,000160001025
WO-2165390,ASSET-01066,Corrective,MOTOR-BURNOUT,152,1499,000160001026
WO-2165391,ASSET-01066,Preventive,,0,,000160001026
WO-2165392,ASSET-01067,Preventive,,0,,000160001027
WO-2165393,ASSET-01067,Preventive,,0,,000160001027
WO-2165394,ASSET-01067,Corrective,CONTROLLER-FAULT,129,1137,000160001027
WO-2165395,ASSET-01067,Corrective,CONTROLLER-FAULT,111,1007,000160001027
WO-2165396,ASSET-01068,Preventive,,0,,000160001028
WO-2165397,ASSET-01068,Preventive,,0,,000160001028
WO-2165398,ASSET-01068,Preventive,,0,,000160001028
WO-2165399,ASSET-01068,Corrective,SENSOR-FAULT,40,1335,000160001028
WO-2165400,ASSET-01068,Corrective,MOTOR-BURNOUT,117,1738,000160001028
WO-2165401,ASSET-01069,Preventive,,0,,000160001029
WO-2165402,ASSET-01069,Preventive,,0,,000160001029
WO-2165403,ASSET-01069,Corrective,HYDRAULIC-LEAK,196,1732,000160001029
WO-2165404,ASSET-01069,Corrective,PNEUMATIC-LEAK,226,965,000160001029
WO-2165405,ASSET-01069,Corrective,SENSOR-FAULT,138,257,000160001029
WO-2165406,ASSET-01069,Preventive,,0,,000160001029
WO-2165407,ASSET-01069,Preventive,,0,,000160001029
WO-2165408,ASSET-01069,Preventive,,0,,000160001029
WO-2165409,ASSET-01070,Corrective,CALIBRATION-DRIFT,124,604,000160001031
WO-2165410,ASSET-01070,Corrective,PNEUMATIC-LEAK,52,359,000160001031
WO-2165411,ASSET-01070,Preventive,,0,,000160001031
WO-2165412,ASSET-01071,Preventive,,0,,000160001032
WO-2165413,ASSET-01071,Preventive,,0,,000160001032
WO-2165414,ASSET-01071,Corrective,CALIBRATION-DRIFT,56,666,000160001032
WO-2165415,ASSET-01071,Emergency,HYDRAULIC-LEAK,211,459,000160001032
WO-2165416,ASSET-01071,Emergency,BELT-FAILURE,288,435,000160001032
WO-2165417,ASSET-01071,Preventive,,0,,000160001032
WO-2165418,ASSET-01071,Corrective,BELT-FAILURE,119,1171,000160001032
WO-2165419,ASSET-01072,Preventive,,0,,000160001033
WO-2165420,ASSET-01072,Preventive,,0,,000160001033
WO-2165421,ASSET-01072,Preventive,,0,,000160001033
WO-2165422,ASSET-01072,Preventive,,0,,000160001033
WO-2165423,ASSET-01072,Corrective,SENSOR-FAULT,65,744,000160001033
WO-2165424,ASSET-01072,Preventive,,0,,000160001033
WO-2165425,ASSET-01072,Preventive,,0,,000160001033
WO-2165426,ASSET-01072,Preventive,,0,,000160001033
WO-2165427,ASSET-01072,Preventive,,0,,000160001033
WO-2165428,ASSET-01072,Preventive,,0,,000160001033
WO-2165429,ASSET-01072,Preventive,,0,,000160001033
WO-2165430,ASSET-01073,Emergency,SPINDLE-SEIZURE,95,885,000160001034
WO-2165431,ASSET-01073,Corrective,SPINDLE-SEIZURE,112,1359,000160001034
WO-2165432,ASSET-01073,Preventive,,0,,000160001034
WO-2165433,ASSET-01073,Preventive,,0,,000160001034
WO-2165434,ASSET-01073,Preventive,,0,,000160001034
WO-2165435,ASSET-01073,Preventive,,0,,000160001034
WO-2165436,ASSET-01073,Corrective,SPINDLE-SEIZURE,185,1724,000160001034
WO-2165437,ASSET-01073,Preventive,,0,,000160001034
WO-2165438,ASSET-01074,Corrective,BEARING-FAILURE,191,1989,000160001035
WO-2165439,ASSET-01074,Corrective,HYDRAULIC-LEAK,135,1830,000160001035
WO-2165440,ASSET-01074,Corrective,BEARING-FAILURE,128,1705,000160001035
WO-2165441,ASSET-01074,Preventive,,0,,000160001035
WO-2165442,ASSET-01074,Emergency,CONTROLLER-FAULT,183,1809,000160001035
WO-2165443,ASSET-01074,Corrective,HYDRAULIC-LEAK,136,1383,000160001035
WO-2165444,ASSET-01074,Corrective,PNEUMATIC-LEAK,100,1103,000160001035
WO-2165445,ASSET-01074,Preventive,,0,,000160001035
WO-2165446,ASSET-01075,Preventive,,0,,000160001036
WO-2165447,ASSET-01075,Preventive,,0,,000160001036
WO-2165448,ASSET-01075,Preventive,,0,,000160001036
WO-2165449,ASSET-01076,Emergency,SENSOR-FAULT,168,969,000160001037
WO-2165450,ASSET-01076,Preventive,,0,,000160001037
WO-2165451,ASSET-01076,Preventive,,0,,000160001037
WO-2165452,ASSET-01076,Corrective,DIE-WEAR,219,394,000160001037
WO-2165453,ASSET-01076,Emergency,SENSOR-FAULT,451,595,000160001037
WO-2165454,ASSET-01077,Corrective,CONTROLLER-FAULT,31,1173,000160001038
WO-2165455,ASSET-01077,Preventive,,0,,000160001038
WO-2165456,ASSET-01077,Preventive,,0,,000160001038
WO-2165457,ASSET-01077,Preventive,,0,,000160001038
WO-2165458,ASSET-01078,Corrective,SENSOR-FAULT,226,1907,000160001039
WO-2165459,ASSET-01078,Corrective,BELT-FAILURE,186,1097,000160001039
WO-2165460,ASSET-01079,Corrective,SPINDLE-SEIZURE,58,1846,000160001040
WO-2165461,ASSET-01079,Preventive,,0,,000160001040
WO-2165462,ASSET-01079,Preventive,,0,,000160001040
WO-2165463,ASSET-01079,Preventive,,0,,000160001040
WO-2165464,ASSET-01080,Preventive,,0,,000160001041
WO-2165465,ASSET-01080,Preventive,,0,,000160001041
WO-2165466,ASSET-01080,Corrective,SPINDLE-SEIZURE,215,914,000160001041
WO-2165467,ASSET-01080,Corrective,MOTOR-BURNOUT,198,425,000160001041
WO-2165468,ASSET-01080,Preventive,,0,,000160001041
WO-2165469,ASSET-01080,Preventive,,0,,000160001041
WO-2165470,ASSET-01081,Preventive,,0,,000160001043
WO-2165471,ASSET-01081,Preventive,,0,,000160001043
WO-2165472,ASSET-01081,Preventive,,0,,000160001043
WO-2165473,ASSET-01081,Corrective,DIE-WEAR,164,1776,000160001043
WO-2165474,ASSET-01082,Corrective,BELT-FAILURE,121,1382,000160001044
WO-2165475,ASSET-01082,Preventive,,0,,000160001044
WO-2165476,ASSET-01082,Preventive,,0,,000160001044
WO-2165477,ASSET-01082,Corrective,BEARING-FAILURE,66,1700,000160001044
WO-2165478,ASSET-01082,Preventive,,0,,000160001044
WO-2165479,ASSET-01082,Preventive,,0,,000160001044
WO-2165480,ASSET-01082,Preventive,,0,,000160001044
WO-2165481,ASSET-01082,Preventive,,0,,000160001044
WO-2165482,ASSET-01082,Preventive,,0,,000160001044
WO-2165483,ASSET-01083,Preventive,,0,,000160001045
WO-2165484,ASSET-01083,Corrective,MOTOR-BURNOUT,138,1393,000160001045
WO-2165485,ASSET-01083,Preventive,,0,,000160001045
WO-2165486,ASSET-01083,Corrective,BEARING-FAILURE,135,617,000160001045
WO-2165487,ASSET-01084,Preventive,,0,,000160001046
WO-2165488,ASSET-01084,Corrective,MOTOR-BURNOUT,197,1410,000160001046
WO-2165489,ASSET-01084,Corrective,DIE-WEAR,41,490,000160001046
WO-2165490,ASSET-01085,Preventive,,0,,000160001047
WO-2165491,ASSET-01085,Preventive,,0,,000160001047
WO-2165492,ASSET-01085,Preventive,,0,,000160001047
WO-2165493,ASSET-01085,Preventive,,0,,000160001047
WO-2165494,ASSET-01085,Preventive,,0,,000160001047
WO-2165495,ASSET-01085,Preventive,,0,,000160001047
WO-2165496,ASSET-01086,Corrective,SENSOR-FAULT,103,352,000160001048
WO-2165497,ASSET-01086,Corrective,DIE-WEAR,221,1924,000160001048
WO-2165498,ASSET-01086,Emergency,MOTOR-BURNOUT,207,1579,000160001048
WO-2165499,ASSET-01086,Preventive,,0,,000160001048
WO-2165500,ASSET-01086,Preventive,,0,,000160001048
WO-2165501,ASSET-01086,Preventive,,0,,000160001048
WO-2165502,ASSET-01087,Emergency,PNEUMATIC-LEAK,372,1248,000160001049
WO-2165503,ASSET-01087,Corrective,SENSOR-FAULT,139,455,000160001049
WO-2165504,ASSET-01087,Emergency,CONTROLLER-FAULT,287,818,000160001049
WO-2165505,ASSET-01088,Corrective,DIE-WEAR,132,329,000160001050
WO-2165506,ASSET-01088,Preventive,,0,,000160001050
WO-2165507,ASSET-01088,Preventive,,0,,000160001050
WO-2165508,ASSET-01088,Preventive,,0,,000160001050
WO-2165509,ASSET-01089,Corrective,DIE-WEAR,142,1192,000160001051
WO-2165510,ASSET-01089,Preventive,,0,,000160001051
WO-2165511,ASSET-01089,Preventive,,0,,000160001051
WO-2165512,ASSET-01089,Preventive,,0,,000160001051
WO-2165513,ASSET-01090,Preventive,,0,,000160001052
WO-2165514,ASSET-01090,Corrective,PNEUMATIC-LEAK,161,1377,000160001052
WO-2165515,ASSET-01090,Preventive,,0,,000160001052
WO-2165516,ASSET-01090,Preventive,,0,,000160001052
WO-2165517,ASSET-01090,Preventive,,0,,000160001052
WO-2165518,ASSET-01090,Preventive,,0,,000160001052
WO-2165519,ASSET-01091,Corrective,MOTOR-BURNOUT,114,1130,000160001053
WO-2165520,ASSET-01091,Preventive,,0,,000160001053
WO-2165521,ASSET-01091,Emergency,BELT-FAILURE,407,1519,000160001053
WO-2165522,ASSET-01091,Preventive,,0,,000160001053
WO-2165523,ASSET-01091,Preventive,,0,,000160001053
WO-2165524,ASSET-01091,Corrective,SPINDLE-SEIZURE,88,1193,000160001053
WO-2165525,ASSET-01091,Preventive,,0,,000160001053
WO-2165526,ASSET-01091,Preventive,,0,,000160001053
WO-2165527,ASSET-01091,Preventive,,0,,000160001053
WO-2165528,ASSET-01092,Preventive,,0,,000160001054
WO-2165529,ASSET-01092,Emergency,DIE-WEAR,89,1306,000160001054
WO-2165530,ASSET-01092,Preventive,,0,,000160001054
WO-2165531,ASSET-01092,Emergency,MOTOR-BURNOUT,454,331,000160001054
WO-2165532,ASSET-01093,Corrective,CALIBRATION-DRIFT,173,674,000160001055
WO-2165533,ASSET-01093,Preventive,,0,,000160001055
WO-2165534,ASSET-01093,Emergency,BELT-FAILURE,417,655,000160001055
WO-2165535,ASSET-01093,Preventive,,0,,000160001055
WO-2165536,ASSET-01093,Preventive,,0,,000160001055
WO-2165537,ASSET-01094,Corrective,HYDRAULIC-LEAK,146,1826,000160001056
WO-2165538,ASSET-01094,Corrective,PNEUMATIC-LEAK,194,1984,000160001056
WO-2165539,ASSET-01094,Preventive,,0,,000160001056
WO-2165540,ASSET-01094,Preventive,,0,,000160001056
WO-2165541,ASSET-01094,Emergency,PNEUMATIC-LEAK,180,745,000160001056
WO-2165542,ASSET-01094,Corrective,CALIBRATION-DRIFT,216,712,000160001056
WO-2165543,ASSET-01094,Preventive,,0,,000160001056
WO-2165544,ASSET-01094,Preventive,,0,,000160001056
WO-2165545,ASSET-01095,Preventive,,0,,000160001057
WO-2165546,ASSET-01095,Preventive,,0,,000160001057
WO-2165547,ASSET-01095,Preventive,,0,,000160001057
WO-2165548,ASSET-01095,Corrective,SENSOR-FAULT,178,624,000160001057
WO-2165549,ASSET-01096,Corrective,DIE-WEAR,217,1093,000160001058
WO-2165550,ASSET-01096,Corrective,MOTOR-BURNOUT,56,619,000160001058
WO-2165551,ASSET-01096,Corrective,PNEUMATIC-LEAK,77,818,000160001058
WO-2165552,ASSET-01096,Preventive,,0,,000160001058
WO-2165553,ASSET-01096,Preventive,,0,,000160001058
WO-2165554,ASSET-01096,Emergency,SPINDLE-SEIZURE,474,1946,000160001058
WO-2165555,ASSET-01096,Preventive,,0,,000160001058
WO-2165556,ASSET-01097,Preventive,,0,,000160001059
WO-2165557,ASSET-01097,Preventive,,0,,000160001059
WO-2165558,ASSET-01098,Preventive,,0,,000160001060
WO-2165559,ASSET-01098,Preventive,,0,,000160001060
WO-2165560,ASSET-01098,Emergency,SENSOR-FAULT,559,1934,000160001060
WO-2165561,ASSET-01099,Corrective,DIE-WEAR,204,836,000160001061
WO-2165562,ASSET-01099,Preventive,,0,,000160001061
WO-2165563,ASSET-01099,Corrective,PNEUMATIC-LEAK,93,321,000160001061
WO-2165564,ASSET-01100,Preventive,,0,,000160001063
WO-2165565,ASSET-01100,Preventive,,0,,000160001063
WO-2165566,ASSET-01100,Preventive,,0,,000160001063
WO-2165567,ASSET-01100,Preventive,,0,,000160001063
WO-2165568,ASSET-01100,Preventive,,0,,000160001063
WO-2165569,ASSET-01100,Corrective,MOTOR-BURNOUT,104,1358,000160001063
WO-2165570,ASSET-01101,Preventive,,0,,000160001064
WO-2165571,ASSET-01101,Preventive,,0,,000160001064
WO-2165572,ASSET-01101,Preventive,,0,,000160001064
WO-2165573,ASSET-01102,Preventive,,0,,000160001065
WO-2165574,ASSET-01102,Emergency,MOTOR-BURNOUT,213,1833,000160001065
WO-2165575,ASSET-01102,Preventive,,0,,000160001065
WO-2165576,ASSET-01102,Corrective,CONTROLLER-FAULT,101,1968,000160001065
WO-2165577,ASSET-01102,Preventive,,0,,000160001065
WO-2165578,ASSET-01102,Corrective,BEARING-FAILURE,151,554,000160001065
WO-2165579,ASSET-01103,Emergency,SENSOR-FAULT,588,261,000160001066
WO-2165580,ASSET-01103,Preventive,,0,,000160001066
WO-2165581,ASSET-01103,Preventive,,0,,000160001066
WO-2165582,ASSET-01103,Preventive,,0,,000160001066
WO-2165583,ASSET-01103,Preventive,,0,,000160001066
WO-2165584,ASSET-01103,Corrective,BELT-FAILURE,230,829,000160001066
WO-2165585,ASSET-01104,Preventive,,0,,000160001067
WO-2165586,ASSET-01104,Corrective,DIE-WEAR,130,1591,000160001067
WO-2165587,ASSET-01104,Corrective,MOTOR-BURNOUT,189,1138,000160001067
WO-2165588,ASSET-01104,Preventive,,0,,000160001067
WO-2165589,ASSET-01104,Corrective,PNEUMATIC-LEAK,137,977,000160001067
WO-2165590,ASSET-01105,Preventive,,0,,000160001068
WO-2165591,ASSET-01105,Emergency,DIE-WEAR,84,1196,000160001068
WO-2165592,ASSET-01105,Emergency,CONTROLLER-FAULT,576,725,000160001068
WO-2165593,ASSET-01105,Corrective,CONTROLLER-FAULT,104,853,000160001068
WO-2165594,ASSET-01106,Preventive,,0,,000160001069
WO-2165595,ASSET-01106,Corrective,CONTROLLER-FAULT,142,1552,000160001069
WO-2165596,ASSET-01106,Preventive,,0,,000160001069
WO-2165597,ASSET-01106,Emergency,PNEUMATIC-LEAK,426,1901,000160001069
WO-2165598,ASSET-01106,Corrective,PNEUMATIC-LEAK,50,637,000160001069
WO-2165599,ASSET-01106,Corrective,MOTOR-BURNOUT,94,1518,000160001069
WO-2165600,ASSET-01107,Corrective,MOTOR-BURNOUT,237,1626,000160001070
WO-2165601,ASSET-01107,Preventive,,0,,000160001070
WO-2165602,ASSET-01107,Preventive,,0,,000160001070
WO-2165603,ASSET-01107,Preventive,,0,,000160001070
WO-2165604,ASSET-01107,Corrective,CALIBRATION-DRIFT,63,590,000160001070
WO-2165605,ASSET-01107,Preventive,,0,,000160001070
WO-2165606,ASSET-01107,Corrective,SENSOR-FAULT,90,974,000160001070
WO-2165607,ASSET-01107,Preventive,,0,,000160001070
WO-2165608,ASSET-01108,Corrective,DIE-WEAR,226,1406,000160001071
WO-2165609,ASSET-01108,Preventive,,0,,000160001071
WO-2165610,ASSET-01108,Preventive,,0,,000160001071
WO-2165611,ASSET-01109,Preventive,,0,,000160001072
WO-2165612,ASSET-01109,Preventive,,0,,000160001072
WO-2165613,ASSET-01109,Preventive,,0,,000160001072
WO-2165614,ASSET-01109,Preventive,,0,,000160001072
WO-2165615,ASSET-01110,Preventive,,0,,000160001073
WO-2165616,ASSET-01110,Emergency,CALIBRATION-DRIFT,481,1212,000160001073
WO-2165617,ASSET-01110,Preventive,,0,,000160001073
WO-2165618,ASSET-01111,Corrective,CALIBRATION-DRIFT,35,1140,000160001074
WO-2165619,ASSET-01111,Corrective,HYDRAULIC-LEAK,58,368,000160001074
WO-2165620,ASSET-01111,Preventive,,0,,000160001074
WO-2165621,ASSET-01111,Preventive,,0,,000160001074
WO-2165622,ASSET-01112,Preventive,,0,,000160001075
WO-2165623,ASSET-01112,Preventive,,0,,000160001075
WO-2165624,ASSET-01112,Preventive,,0,,000160001075
WO-2165625,ASSET-01112,Corrective,SPINDLE-SEIZURE,111,1656,000160001075
WO-2165626,ASSET-01113,Corrective,SPINDLE-SEIZURE,167,1232,000160001076
WO-2165627,ASSET-01113,Corrective,HYDRAULIC-LEAK,156,490,000160001076
WO-2165628,ASSET-01113,Preventive,,0,,000160001076
WO-2165629,ASSET-01113,Preventive,,0,,000160001076
WO-2165630,ASSET-01113,Corrective,PNEUMATIC-LEAK,168,1422,000160001076
WO-2165631,ASSET-01114,Preventive,,0,,000160001077
WO-2165632,ASSET-01114,Preventive,,0,,000160001077
WO-2165633,ASSET-01114,Corrective,SPINDLE-SEIZURE,169,1683,000160001077
WO-2165634,ASSET-01115,Preventive,,0,,000160001078
WO-2165635,ASSET-01116,Preventive,,0,,000160001079
WO-2165636,ASSET-01116,Preventive,,0,,000160001079
WO-2165637,ASSET-01116,Corrective,BELT-FAILURE,214,1899,000160001079
WO-2165638,ASSET-01116,Corrective,SENSOR-FAULT,231,1129,000160001079
WO-2165639,ASSET-01116,Corrective,HYDRAULIC-LEAK,30,298,000160001079
WO-2165640,ASSET-01116,Corrective,HYDRAULIC-LEAK,120,1705,000160001079
WO-2165641,ASSET-01116,Preventive,,0,,000160001079
WO-2165642,ASSET-01117,Corrective,MOTOR-BURNOUT,188,1256,000160001080
WO-2165643,ASSET-01117,Preventive,,0,,000160001080
WO-2165644,ASSET-01117,Corrective,CONTROLLER-FAULT,216,1024,000160001080
WO-2165645,ASSET-01117,Corrective,SPINDLE-SEIZURE,118,511,000160001080
WO-2165646,ASSET-01117,Corrective,CALIBRATION-DRIFT,129,517,000160001080
WO-2165647,ASSET-01117,Preventive,,0,,000160001080
WO-2165648,ASSET-01117,Emergency,CALIBRATION-DRIFT,335,1729,000160001080
WO-2165649,ASSET-01117,Preventive,,0,,000160001080
WO-2165650,ASSET-01118,Preventive,,0,,000160001081
WO-2165651,ASSET-01118,Preventive,,0,,000160001081
WO-2165652,ASSET-01118,Emergency,HYDRAULIC-LEAK,574,1666,000160001081
WO-2165653,ASSET-01118,Preventive,,0,,000160001081
WO-2165654,ASSET-01118,Corrective,PNEUMATIC-LEAK,31,1503,000160001081
WO-2165655,ASSET-01118,Preventive,,0,,000160001081
WO-2165656,ASSET-01118,Corrective,SPINDLE-SEIZURE,87,917,000160001081
WO-2165657,ASSET-01119,Preventive,,0,,000160001082
WO-2165658,ASSET-01119,Preventive,,0,,000160001082
WO-2165659,ASSET-01119,Corrective,SENSOR-FAULT,164,1391,000160001082
WO-2165660,ASSET-01119,Corrective,SPINDLE-SEIZURE,92,1833,000160001082
WO-2165661,ASSET-01119,Corrective,MOTOR-BURNOUT,179,1765,000160001082
WO-2165662,ASSET-01119,Emergency,CONTROLLER-FAULT,577,712,000160001082
WO-2165663,ASSET-01120,Corrective,BELT-FAILURE,45,1468,000160001083
WO-2165664,ASSET-01120,Preventive,,0,,000160001083
WO-2165665,ASSET-01120,Preventive,,0,,000160001083
WO-2165666,ASSET-01120,Emergency,DIE-WEAR,546,256,000160001083
WO-2165667,ASSET-01120,Preventive,,0,,000160001083
WO-2165668,ASSET-01120,Preventive,,0,,000160001083
WO-2165669,ASSET-01121,Preventive,,0,,000160001084
WO-2165670,ASSET-01121,Preventive,,0,,000160001084
WO-2165671,ASSET-01121,Preventive,,0,,000160001084
WO-2165672,ASSET-01122,Preventive,,0,,000160001085
WO-2165673,ASSET-01122,Preventive,,0,,000160001085
WO-2165674,ASSET-01122,Preventive,,0,,000160001085
WO-2165675,ASSET-01123,Corrective,BELT-FAILURE,140,1822,000160001086
WO-2165676,ASSET-01123,Preventive,,0,,000160001086
WO-2165677,ASSET-01123,Preventive,,0,,000160001086
WO-2165678,ASSET-01124,Preventive,,0,,000160001087
WO-2165679,ASSET-01124,Corrective,SENSOR-FAULT,163,1439,000160001087
WO-2165680,ASSET-01124,Preventive,,0,,000160001087
WO-2165681,ASSET-01124,Corrective,BELT-FAILURE,72,462,000160001087
WO-2165682,ASSET-01124,Emergency,PNEUMATIC-LEAK,243,1566,000160001087
WO-2165683,ASSET-01125,Preventive,,0,,000160001088
WO-2165684,ASSET-01125,Preventive,,0,,000160001088
WO-2165685,ASSET-01125,Corrective,CALIBRATION-DRIFT,208,1035,000160001088
WO-2165686,ASSET-01125,Corrective,MOTOR-BURNOUT,153,395,000160001088
WO-2165687,ASSET-01126,Preventive,,0,,000160001089
WO-2165688,ASSET-01126,Preventive,,0,,000160001089
WO-2165689,ASSET-01126,Preventive,,0,,000160001089
WO-2165690,ASSET-01126,Corrective,SENSOR-FAULT,39,1445,000160001089
WO-2165691,ASSET-01126,Corrective,PNEUMATIC-LEAK,67,1739,000160001089
WO-2165692,ASSET-01126,Corrective,DIE-WEAR,167,751,000160001089
WO-2165693,ASSET-01126,Corrective,PNEUMATIC-LEAK,85,1155,000160001089
WO-2165694,ASSET-01127,Preventive,,0,,000160001090
WO-2165695,ASSET-01127,Emergency,CALIBRATION-DRIFT,559,1623,000160001090
WO-2165696,ASSET-01127,Preventive,,0,,000160001090
WO-2165697,ASSET-01128,Preventive,,0,,000160001091
WO-2165698,ASSET-01128,Preventive,,0,,000160001091
WO-2165699,ASSET-01128,Preventive,,0,,000160001091
WO-2165700,ASSET-01128,Corrective,PNEUMATIC-LEAK,72,476,000160001091
WO-2165701,ASSET-01128,Preventive,,0,,000160001091
WO-2165702,ASSET-01128,Preventive,,0,,000160001091
WO-2165703,ASSET-01129,Corrective,PNEUMATIC-LEAK,218,969,000160001092
WO-2165704,ASSET-01129,Preventive,,0,,000160001092
WO-2165705,ASSET-01129,Corrective,HYDRAULIC-LEAK,81,1923,000160001092
WO-2165706,ASSET-01129,Preventive,,0,,000160001092
WO-2165707,ASSET-01129,Preventive,,0,,000160001092
WO-2165708,ASSET-01129,Emergency,BEARING-FAILURE,208,1595,000160001092
WO-2165709,ASSET-01129,Preventive,,0,,000160001092
WO-2165710,ASSET-01129,Corrective,HYDRAULIC-LEAK,66,859,000160001092
WO-2165711,ASSET-01129,Preventive,,0,,000160001092
WO-2165712,ASSET-01130,Corrective,MOTOR-BURNOUT,210,1075,000160001093
WO-2165713,ASSET-01130,Corrective,BEARING-FAILURE,58,385,000160001093
WO-2165714,ASSET-01130,Preventive,,0,,000160001093
WO-2165715,ASSET-01131,Preventive,,0,,000160001094
WO-2165716,ASSET-01131,Emergency,CALIBRATION-DRIFT,438,251,000160001094
WO-2165717,ASSET-01131,Preventive,,0,,000160001094
WO-2165718,ASSET-01131,Corrective,MOTOR-BURNOUT,143,1458,000160001094
WO-2165719,ASSET-01131,Corrective,SENSOR-FAULT,204,1701,000160001094
WO-2165720,ASSET-01131,Preventive,,0,,000160001094
WO-2165721,ASSET-01132,Preventive,,0,,000160001095
WO-2165722,ASSET-01132,Corrective,SENSOR-FAULT,219,1865,000160001095
WO-2165723,ASSET-01132,Preventive,,0,,000160001095
WO-2165724,ASSET-01132,Preventive,,0,,000160001095
WO-2165725,ASSET-01132,Corrective,SPINDLE-SEIZURE,140,1729,000160001095
WO-2165726,ASSET-01132,Preventive,,0,,000160001095
WO-2165727,ASSET-01133,Corrective,BEARING-FAILURE,178,1386,000160001096
WO-2165728,ASSET-01133,Preventive,,0,,000160001096
WO-2165729,ASSET-01133,Emergency,DIE-WEAR,156,1538,000160001096
WO-2165730,ASSET-01133,Corrective,BELT-FAILURE,203,1154,000160001096
WO-2165731,ASSET-01133,Preventive,,0,,000160001096
WO-2165732,ASSET-01133,Corrective,MOTOR-BURNOUT,172,1631,000160001096
WO-2165733,ASSET-01133,Preventive,,0,,000160001096
WO-2165734,ASSET-01134,Preventive,,0,,000160001097
WO-2165735,ASSET-01134,Corrective,SENSOR-FAULT,53,1692,000160001097
WO-2165736,ASSET-01134,Preventive,,0,,000160001097
WO-2165737,ASSET-01135,Preventive,,0,,000160001098
WO-2165738,ASSET-01135,Emergency,DIE-WEAR,440,248,000160001098
WO-2165739,ASSET-01135,Preventive,,0,,000160001098
WO-2165740,ASSET-01135,Preventive,,0,,000160001098
WO-2165741,ASSET-01135,Corrective,SENSOR-FAULT,164,1725,000160001098
WO-2165742,ASSET-01136,Preventive,,0,,000160001099
WO-2165743,ASSET-01136,Preventive,,0,,000160001099
WO-2165744,ASSET-01136,Preventive,,0,,000160001099
WO-2165745,ASSET-01136,Preventive,,0,,000160001099
WO-2165746,ASSET-01137,Corrective,DIE-WEAR,147,1086,000160001100
WO-2165747,ASSET-01137,Preventive,,0,,000160001100
WO-2165748,ASSET-01137,Corrective,DIE-WEAR,111,659,000160001100
WO-2165749,ASSET-01137,Corrective,MOTOR-BURNOUT,31,993,000160001100
WO-2165750,ASSET-01137,Emergency,DIE-WEAR,130,1370,000160001100
WO-2165751,ASSET-01138,Corrective,SENSOR-FAULT,165,1858,000160001101
WO-2165752,ASSET-01138,Preventive,,0,,000160001101
WO-2165753,ASSET-01138,Preventive,,0,,000160001101
WO-2165754,ASSET-01138,Preventive,,0,,000160001101
WO-2165755,ASSET-01138,Corrective,BEARING-FAILURE,147,737,000160001101
WO-2165756,ASSET-01138,Preventive,,0,,000160001101
WO-2165757,ASSET-01138,Preventive,,0,,000160001101
WO-2165758,ASSET-01139,Emergency,MOTOR-BURNOUT,69,344,000160001102
WO-2165759,ASSET-01139,Preventive,,0,,000160001102
WO-2165760,ASSET-01139,Preventive,,0,,000160001102
WO-2165761,ASSET-01139,Preventive,,0,,000160001102
WO-2165762,ASSET-01140,Preventive,,0,,000160001103
WO-2165763,ASSET-01140,Corrective,PNEUMATIC-LEAK,198,1075,000160001103
WO-2165764,ASSET-01140,Preventive,,0,,000160001103
WO-2165765,ASSET-01140,Corrective,CALIBRATION-DRIFT,231,1130,000160001103
WO-2165766,ASSET-01140,Corrective,BEARING-FAILURE,84,1171,000160001103
WO-2165767,ASSET-01140,Corrective,PNEUMATIC-LEAK,222,1861,000160001103
WO-2165768,ASSET-01140,Corrective,HYDRAULIC-LEAK,69,1074,000160001103
WO-2165769,ASSET-01141,Corrective,HYDRAULIC-LEAK,166,1840,000160001104
WO-2165770,ASSET-01141,Preventive,,0,,000160001104
WO-2165771,ASSET-01141,Preventive,,0,,000160001104
WO-2165772,ASSET-01141,Preventive,,0,,000160001104
WO-2165773,ASSET-01141,Corrective,CONTROLLER-FAULT,212,1252,000160001104
WO-2165774,ASSET-01142,Preventive,,0,,000160001105
WO-2165775,ASSET-01142,Preventive,,0,,000160001105
WO-2165776,ASSET-01142,Preventive,,0,,000160001105
WO-2165777,ASSET-01142,Emergency,SPINDLE-SEIZURE,578,1463,000160001105
WO-2165778,ASSET-01142,Preventive,,0,,000160001105
WO-2165779,ASSET-01142,Preventive,,0,,000160001105
WO-2165780,ASSET-01142,Corrective,CONTROLLER-FAULT,213,901,000160001105
WO-2165781,ASSET-01143,Corrective,MOTOR-BURNOUT,64,1833,000160001106
WO-2165782,ASSET-01143,Preventive,,0,,000160001106
WO-2165783,ASSET-01143,Corrective,HYDRAULIC-LEAK,225,1693,000160001106
WO-2165784,ASSET-01143,Corrective,CALIBRATION-DRIFT,202,329,000160001106
WO-2165785,ASSET-01143,Preventive,,0,,000160001106
WO-2165786,ASSET-01144,Preventive,,0,,000160001107
WO-2165787,ASSET-01144,Corrective,CALIBRATION-DRIFT,176,850,000160001107
WO-2165788,ASSET-01144,Emergency,BEARING-FAILURE,214,439,000160001107
WO-2165789,ASSET-01144,Preventive,,0,,000160001107
WO-2165790,ASSET-01144,Emergency,HYDRAULIC-LEAK,368,1199,000160001107
WO-2165791,ASSET-01145,Preventive,,0,,000160001108
WO-2165792,ASSET-01145,Preventive,,0,,000160001108
WO-2165793,ASSET-01145,Preventive,,0,,000160001108
WO-2165794,ASSET-01145,Preventive,,0,,000160001108
WO-2165795,ASSET-01146,Preventive,,0,,000160001110
WO-2165796,ASSET-01146,Preventive,,0,,000160001110
WO-2165797,ASSET-01146,Corrective,MOTOR-BURNOUT,107,670,000160001110
WO-2165798,ASSET-01146,Corrective,HYDRAULIC-LEAK,126,802,000160001110
WO-2165799,ASSET-01146,Preventive,,0,,000160001110
WO-2165800,ASSET-01146,Preventive,,0,,000160001110
WO-2165801,ASSET-01146,Preventive,,0,,000160001110
WO-2165802,ASSET-01147,Preventive,,0,,000160001111
WO-2165803,ASSET-01147,Corrective,MOTOR-BURNOUT,89,1171,000160001111
WO-2165804,ASSET-01147,Corrective,BEARING-FAILURE,156,1659,000160001111
WO-2165805,ASSET-01147,Preventive,,0,,000160001111
WO-2165806,ASSET-01148,Preventive,,0,,000160001112
WO-2165807,ASSET-01148,Corrective,CONTROLLER-FAULT,222,1661,000160001112
WO-2165808,ASSET-01149,Preventive,,0,,000160001113
WO-2165809,ASSET-01149,Emergency,BEARING-FAILURE,416,1317,000160001113
WO-2165810,ASSET-01149,Corrective,CALIBRATION-DRIFT,161,516,000160001113
WO-2165811,ASSET-01149,Corrective,PNEUMATIC-LEAK,65,1230,000160001113
WO-2165812,ASSET-01149,Preventive,,0,,000160001113
WO-2165813,ASSET-01149,Preventive,,0,,000160001113
WO-2165814,ASSET-01150,Emergency,HYDRAULIC-LEAK,312,1560,000160001114
WO-2165815,ASSET-01150,Preventive,,0,,000160001114
WO-2165816,ASSET-01150,Preventive,,0,,000160001114
WO-2165817,ASSET-01150,Preventive,,0,,000160001114
WO-2165818,ASSET-01151,Preventive,,0,,000160001115
WO-2165819,ASSET-01151,Preventive,,0,,000160001115
WO-2165820,ASSET-01152,Emergency,BELT-FAILURE,85,1435,000160001116
WO-2165821,ASSET-01152,Preventive,,0,,000160001116
WO-2165822,ASSET-01152,Preventive,,0,,000160001116
WO-2165823,ASSET-01152,Corrective,DIE-WEAR,152,264,000160001116
WO-2165824,ASSET-01153,Emergency,CONTROLLER-FAULT,600,1002,000160001117
WO-2165825,ASSET-01153,Corrective,CONTROLLER-FAULT,155,217,000160001117
WO-2165826,ASSET-01153,Emergency,DIE-WEAR,406,1261,000160001117
WO-2165827,ASSET-01153,Corrective,CONTROLLER-FAULT,37,1311,000160001117
WO-2165828,ASSET-01153,Emergency,HYDRAULIC-LEAK,495,1254,000160001117
WO-2165829,ASSET-01153,Corrective,BELT-FAILURE,201,921,000160001117
WO-2165830,ASSET-01153,Preventive,,0,,000160001117
WO-2165831,ASSET-01155,Corrective,HYDRAULIC-LEAK,148,296,000160001119
WO-2165832,ASSET-01155,Preventive,,0,,000160001119
WO-2165833,ASSET-01155,Preventive,,0,,000160001119
WO-2165834,ASSET-01155,Preventive,,0,,000160001119
WO-2165835,ASSET-01155,Corrective,CALIBRATION-DRIFT,166,377,000160001119
WO-2165836,ASSET-01155,Preventive,,0,,000160001119
WO-2165837,ASSET-01155,Preventive,,0,,000160001119
WO-2165838,ASSET-01155,Preventive,,0,,000160001119
WO-2165839,ASSET-01155,Corrective,CONTROLLER-FAULT,226,1968,000160001119
WO-2165840,ASSET-01156,Preventive,,0,,000160001120
WO-2165841,ASSET-01156,Corrective,CONTROLLER-FAULT,52,1404,000160001120
WO-2165842,ASSET-01156,Corrective,PNEUMATIC-LEAK,76,932,000160001120
WO-2165843,ASSET-01156,Emergency,PNEUMATIC-LEAK,395,782,000160001120
WO-2165844,ASSET-01156,Preventive,,0,,000160001120
WO-2165845,ASSET-01156,Emergency,MOTOR-BURNOUT,526,785,000160001120
WO-2165846,ASSET-01156,Preventive,,0,,000160001120
WO-2165847,ASSET-01156,Emergency,CALIBRATION-DRIFT,367,274,000160001120
WO-2165848,ASSET-01156,Preventive,,0,,000160001120
WO-2165849,ASSET-01157,Corrective,PNEUMATIC-LEAK,215,1969,000160001121
WO-2165850,ASSET-01157,Preventive,,0,,000160001121
WO-2165851,ASSET-01157,Corrective,MOTOR-BURNOUT,179,1409,000160001121
WO-2165852,ASSET-01157,Preventive,,0,,000160001121
WO-2165853,ASSET-01157,Preventive,,0,,000160001121
WO-2165854,ASSET-01158,Emergency,CALIBRATION-DRIFT,505,582,000160001122
WO-2165855,ASSET-01158,Preventive,,0,,000160001122
WO-2165856,ASSET-01159,Corrective,CALIBRATION-DRIFT,167,690,000160001123
WO-2165857,ASSET-01159,Corrective,DIE-WEAR,60,1891,000160001123
WO-2165858,ASSET-01160,Preventive,,0,,000160001124
WO-2165859,ASSET-01160,Corrective,HYDRAULIC-LEAK,107,1521,000160001124
WO-2165860,ASSET-01160,Emergency,DIE-WEAR,481,1954,000160001124
WO-2165861,ASSET-01160,Preventive,,0,,000160001124
WO-2165862,ASSET-01160,Corrective,BEARING-FAILURE,141,1225,000160001124
WO-2165863,ASSET-01160,Preventive,,0,,000160001124
WO-2165864,ASSET-01160,Corrective,BEARING-FAILURE,81,411,000160001124
WO-2165865,ASSET-01160,Preventive,,0,,000160001124
WO-2165866,ASSET-01161,Preventive,,0,,000160001125
WO-2165867,ASSET-01161,Preventive,,0,,000160001125
WO-2165868,ASSET-01161,Preventive,,0,,000160001125
WO-2165869,ASSET-01162,Preventive,,0,,000160001126
WO-2165870,ASSET-01162,Preventive,,0,,000160001126
WO-2165871,ASSET-01162,Corrective,CONTROLLER-FAULT,163,1192,000160001126
WO-2165872,ASSET-01162,Corrective,HYDRAULIC-LEAK,35,519,000160001126
WO-2165873,ASSET-01162,Corrective,PNEUMATIC-LEAK,41,517,000160001126
WO-2165874,ASSET-01162,Preventive,,0,,000160001126
WO-2165875,ASSET-01163,Corrective,MOTOR-BURNOUT,46,1171,000160001127
WO-2165876,ASSET-01163,Corrective,DIE-WEAR,86,1278,000160001127
WO-2165877,ASSET-01163,Preventive,,0,,000160001127
WO-2165878,ASSET-01163,Corrective,BEARING-FAILURE,166,1959,000160001127
WO-2165879,ASSET-01163,Corrective,CALIBRATION-DRIFT,55,642,000160001127
WO-2165880,ASSET-01163,Emergency,BEARING-FAILURE,151,1334,000160001127
WO-2165881,ASSET-01163,Preventive,,0,,000160001127
WO-2165882,ASSET-01164,Corrective,BELT-FAILURE,122,221,000160001128
WO-2165883,ASSET-01164,Preventive,,0,,000160001128
WO-2165884,ASSET-01164,Corrective,PNEUMATIC-LEAK,204,1681,000160001128
WO-2165885,ASSET-01164,Corrective,BELT-FAILURE,162,810,000160001128
WO-2165886,ASSET-01164,Preventive,,0,,000160001128
WO-2165887,ASSET-01164,Corrective,PNEUMATIC-LEAK,87,381,000160001128
WO-2165888,ASSET-01165,Corrective,PNEUMATIC-LEAK,225,1013,000160001129
WO-2165889,ASSET-01165,Preventive,,0,,000160001129
WO-2165890,ASSET-01165,Preventive,,0,,000160001129
WO-2165891,ASSET-01165,Preventive,,0,,000160001129
WO-2165892,ASSET-01165,Preventive,,0,,000160001129
WO-2165893,ASSET-01165,Corrective,SENSOR-FAULT,165,1802,000160001129
WO-2165894,ASSET-01166,Preventive,,0,,000160001130
WO-2165895,ASSET-01166,Corrective,CONTROLLER-FAULT,36,1944,000160001130
WO-2165896,ASSET-01166,Corrective,BEARING-FAILURE,63,669,000160001130
WO-2165897,ASSET-01166,Corrective,SENSOR-FAULT,43,1186,000160001130
WO-2165898,ASSET-01166,Corrective,SPINDLE-SEIZURE,32,1130,000160001130
WO-2165899,ASSET-01166,Preventive,,0,,000160001130
WO-2165900,ASSET-01166,Corrective,SENSOR-FAULT,144,1567,000160001130
WO-2165901,ASSET-01166,Corrective,SENSOR-FAULT,46,423,000160001130
WO-2165902,ASSET-01166,Corrective,SENSOR-FAULT,191,1128,000160001130
WO-2165903,ASSET-01166,Corrective,MOTOR-BURNOUT,41,1174,000160001130
WO-2165904,ASSET-01167,Corrective,BELT-FAILURE,182,1830,000160001131
WO-2165905,ASSET-01167,Preventive,,0,,000160001131
WO-2165906,ASSET-01167,Preventive,,0,,000160001131
WO-2165907,ASSET-01167,Preventive,,0,,000160001131
WO-2165908,ASSET-01167,Preventive,,0,,000160001131
WO-2165909,ASSET-01167,Preventive,,0,,000160001131
WO-2165910,ASSET-01167,Corrective,SPINDLE-SEIZURE,212,1773,000160001131
WO-2165911,ASSET-01168,Emergency,PNEUMATIC-LEAK,370,1318,000160001132
WO-2165912,ASSET-01168,Corrective,PNEUMATIC-LEAK,129,999,000160001132
WO-2165913,ASSET-01168,Preventive,,0,,000160001132
WO-2165914,ASSET-01168,Preventive,,0,,000160001132
WO-2165915,ASSET-01168,Corrective,SENSOR-FAULT,157,768,000160001132
WO-2165916,ASSET-01168,Preventive,,0,,000160001132
WO-2165917,ASSET-01168,Preventive,,0,,000160001132
WO-2165918,ASSET-01168,Preventive,,0,,000160001132
WO-2165919,ASSET-01168,Corrective,PNEUMATIC-LEAK,164,1103,000160001132
WO-2165920,ASSET-01169,Corrective,MOTOR-BURNOUT,153,1840,000160001133
WO-2165921,ASSET-01169,Preventive,,0,,000160001133
WO-2165922,ASSET-01169,Preventive,,0,,000160001133
WO-2165923,ASSET-01169,Preventive,,0,,000160001133
WO-2165924,ASSET-01169,Preventive,,0,,000160001133
WO-2165925,ASSET-01169,Preventive,,0,,000160001133
WO-2165926,ASSET-01169,Preventive,,0,,000160001133
WO-2165927,ASSET-01170,Corrective,CALIBRATION-DRIFT,135,1881,000160001134
WO-2165928,ASSET-01170,Corrective,SPINDLE-SEIZURE,38,1668,000160001134
WO-2165929,ASSET-01170,Corrective,MOTOR-BURNOUT,113,1821,000160001134
WO-2165930,ASSET-01170,Preventive,,0,,000160001134
WO-2165931,ASSET-01170,Emergency,SENSOR-FAULT,303,1352,000160001134
WO-2165932,ASSET-01170,Corrective,PNEUMATIC-LEAK,101,650,000160001134
WO-2165933,ASSET-01170,Corrective,DIE-WEAR,115,883,000160001134
WO-2165934,ASSET-01170,Preventive,,0,,000160001134
WO-2165935,ASSET-01171,Corrective,CALIBRATION-DRIFT,73,1556,000160001135
WO-2165936,ASSET-01171,Preventive,,0,,000160001135
WO-2165937,ASSET-01171,Corrective,BELT-FAILURE,223,981,000160001135
WO-2165938,ASSET-01171,Preventive,,0,,000160001135
WO-2165939,ASSET-01171,Emergency,CONTROLLER-FAULT,339,1568,000160001135
WO-2165940,ASSET-01171,Corrective,BEARING-FAILURE,203,1622,000160001135
WO-2165941,ASSET-01172,Preventive,,0,,000160001136
WO-2165942,ASSET-01172,Corrective,DIE-WEAR,88,1340,000160001136
WO-2165943,ASSET-01173,Preventive,,0,,000160001137
WO-2165944,ASSET-01173,Preventive,,0,,000160001137
WO-2165945,ASSET-01173,Preventive,,0,,000160001137
WO-2165946,ASSET-01173,Corrective,MOTOR-BURNOUT,187,1139,000160001137
WO-2165947,ASSET-01174,Preventive,,0,,000160001138
WO-2165948,ASSET-01174,Corrective,MOTOR-BURNOUT,182,629,000160001138
WO-2165949,ASSET-01174,Corrective,DIE-WEAR,154,1144,000160001138
WO-2165950,ASSET-01174,Preventive,,0,,000160001138
WO-2165951,ASSET-01174,Corrective,DIE-WEAR,159,1737,000160001138
WO-2165952,ASSET-01174,Preventive,,0,,000160001138
WO-2165953,ASSET-01175,Preventive,,0,,000160001139
WO-2165954,ASSET-01175,Preventive,,0,,000160001139
WO-2165955,ASSET-01175,Emergency,PNEUMATIC-LEAK,491,1762,000160001139
WO-2165956,ASSET-01175,Preventive,,0,,000160001139
WO-2165957,ASSET-01176,Corrective,DIE-WEAR,91,845,000160001140
WO-2165958,ASSET-01176,Preventive,,0,,000160001140
WO-2165959,ASSET-01176,Emergency,MOTOR-BURNOUT,67,929,000160001140
WO-2165960,ASSET-01176,Preventive,,0,,000160001140
WO-2165961,ASSET-01176,Preventive,,0,,000160001140
WO-2165962,ASSET-01176,Preventive,,0,,000160001140
WO-2165963,ASSET-01177,Preventive,,0,,000160001141
WO-2165964,ASSET-01177,Preventive,,0,,000160001141
WO-2165965,ASSET-01177,Corrective,SPINDLE-SEIZURE,119,821,000160001141
WO-2165966,ASSET-01177,Preventive,,0,,000160001141
WO-2165967,ASSET-01177,Preventive,,0,,000160001141
WO-2165968,ASSET-01178,Corrective,BEARING-FAILURE,239,1592,000160001142
WO-2165969,ASSET-01178,Corrective,HYDRAULIC-LEAK,122,506,000160001142
WO-2165970,ASSET-01178,Corrective,CONTROLLER-FAULT,120,784,000160001142
WO-2165971,ASSET-01178,Corrective,BELT-FAILURE,175,524,000160001142
WO-2165972,ASSET-01178,Corrective,BEARING-FAILURE,37,447,000160001142
WO-2165973,ASSET-01179,Preventive,,0,,000160001143
WO-2165974,ASSET-01179,Emergency,CALIBRATION-DRIFT,141,1294,000160001143
WO-2165975,ASSET-01179,Preventive,,0,,000160001143
WO-2165976,ASSET-01180,Corrective,CONTROLLER-FAULT,150,342,000160001144
WO-2165977,ASSET-01180,Preventive,,0,,000160001144
WO-2165978,ASSET-01180,Emergency,HYDRAULIC-LEAK,340,1300,000160001144
WO-2165979,ASSET-01180,Preventive,,0,,000160001144
WO-2165980,ASSET-01181,Preventive,,0,,000160001145
WO-2165981,ASSET-01181,Corrective,BELT-FAILURE,155,724,000160001145
WO-2165982,ASSET-01181,Preventive,,0,,000160001145
WO-2165983,ASSET-01181,Corrective,CONTROLLER-FAULT,190,225,000160001145
WO-2165984,ASSET-01182,Corrective,DIE-WEAR,211,684,000160001146
WO-2165985,ASSET-01182,Corrective,HYDRAULIC-LEAK,149,363,000160001146
WO-2165986,ASSET-01182,Preventive,,0,,000160001146
WO-2165987,ASSET-01182,Corrective,SENSOR-FAULT,48,1191,000160001146
WO-2165988,ASSET-01182,Preventive,,0,,000160001146
WO-2165989,ASSET-01183,Preventive,,0,,000160001147
WO-2165990,ASSET-01184,Preventive,,0,,000160001148
WO-2165991,ASSET-01184,Corrective,PNEUMATIC-LEAK,183,1585,000160001148
WO-2165992,ASSET-01185,Preventive,,0,,000160001149
WO-2165993,ASSET-01185,Preventive,,0,,000160001149
WO-2165994,ASSET-01185,Corrective,SENSOR-FAULT,143,304,000160001149
WO-2165995,ASSET-01185,Corrective,SPINDLE-SEIZURE,129,721,000160001149
WO-2165996,ASSET-01185,Preventive,,0,,000160001149
WO-2165997,ASSET-01186,Corrective,SPINDLE-SEIZURE,98,1675,000160001150
WO-2165998,ASSET-01186,Preventive,,0,,000160001150
WO-2165999,ASSET-01186,Preventive,,0,,000160001150
WO-2166000,ASSET-01186,Emergency,CALIBRATION-DRIFT,188,1538,000160001150
WO-2166001,ASSET-01187,Preventive,,0,,000160001151
WO-2166002,ASSET-01187,Preventive,,0,,000160001151
WO-2166003,ASSET-01187,Preventive,,0,,000160001151
WO-2166004,ASSET-01187,Preventive,,0,,000160001151
WO-2166005,ASSET-01187,Preventive,,0,,000160001151
WO-2166006,ASSET-01188,Preventive,,0,,000160001152
WO-2166007,ASSET-01188,Preventive,,0,,000160001152
WO-2166008,ASSET-01188,Preventive,,0,,000160001152
WO-2166009,ASSET-01188,Preventive,,0,,000160001152
WO-2166010,ASSET-01188,Corrective,SENSOR-FAULT,32,1617,000160001152
WO-2166011,ASSET-01188,Corrective,DIE-WEAR,100,1065,000160001152
WO-2166012,ASSET-01188,Emergency,BELT-FAILURE,370,1764,000160001152
WO-2166013,ASSET-01188,Preventive,,0,,000160001152
WO-2166014,ASSET-01188,Preventive,,0,,000160001152
WO-2166015,ASSET-01188,Preventive,,0,,000160001152
WO-2166016,ASSET-01188,Preventive,,0,,000160001152
WO-2166017,ASSET-01189,Emergency,MOTOR-BURNOUT,481,389,000160001153
WO-2166018,ASSET-01189,Corrective,SENSOR-FAULT,67,915,000160001153
WO-2166019,ASSET-01189,Corrective,SENSOR-FAULT,111,1175,000160001153
WO-2166020,ASSET-01189,Preventive,,0,,000160001153
WO-2166021,ASSET-01189,Corrective,SENSOR-FAULT,111,740,000160001153
WO-2166022,ASSET-01190,Preventive,,0,,000160001154
WO-2166023,ASSET-01190,Preventive,,0,,000160001154
WO-2166024,ASSET-01190,Preventive,,0,,000160001154
WO-2166025,ASSET-01190,Emergency,SPINDLE-SEIZURE,412,251,000160001154
WO-2166026,ASSET-01190,Corrective,PNEUMATIC-LEAK,204,942,000160001154
WO-2166027,ASSET-01190,Emergency,HYDRAULIC-LEAK,105,444,000160001154
WO-2166028,ASSET-01190,Corrective,HYDRAULIC-LEAK,136,1180,000160001154
WO-2166029,ASSET-01191,Corrective,BELT-FAILURE,161,1410,000160001155
WO-2166030,ASSET-01191,Corrective,DIE-WEAR,37,1482,000160001155
WO-2166031,ASSET-01191,Preventive,,0,,000160001155
WO-2166032,ASSET-01192,Preventive,,0,,000160001156
WO-2166033,ASSET-01192,Preventive,,0,,000160001156
WO-2166034,ASSET-01192,Corrective,PNEUMATIC-LEAK,223,246,000160001156
WO-2166035,ASSET-01192,Preventive,,0,,000160001156
WO-2166036,ASSET-01192,Corrective,BELT-FAILURE,170,1425,000160001156
WO-2166037,ASSET-01192,Preventive,,0,,000160001156
WO-2166038,ASSET-01192,Corrective,MOTOR-BURNOUT,155,992,000160001156
WO-2166039,ASSET-01192,Emergency,CONTROLLER-FAULT,147,1600,000160001156
WO-2166040,ASSET-01192,Emergency,MOTOR-BURNOUT,185,568,000160001156
WO-2166041,ASSET-01192,Corrective,SENSOR-FAULT,197,1867,000160001156
WO-2166042,ASSET-01193,Emergency,BELT-FAILURE,123,1781,000160001157
WO-2166043,ASSET-01193,Preventive,,0,,000160001157
WO-2166044,ASSET-01193,Emergency,PNEUMATIC-LEAK,196,1150,000160001157
WO-2166045,ASSET-01193,Corrective,HYDRAULIC-LEAK,120,597,000160001157
WO-2166046,ASSET-01193,Preventive,,0,,000160001157
WO-2166047,ASSET-01193,Preventive,,0,,000160001157
WO-2166048,ASSET-01193,Preventive,,0,,000160001157
WO-2166049,ASSET-01194,Preventive,,0,,000160001158
WO-2166050,ASSET-01194,Preventive,,0,,000160001158
WO-2166051,ASSET-01194,Corrective,BELT-FAILURE,206,906,000160001158
WO-2166052,ASSET-01194,Preventive,,0,,000160001158
WO-2166053,ASSET-01194,Preventive,,0,,000160001158
WO-2166054,ASSET-01195,Corrective,CONTROLLER-FAULT,141,1558,000160001159
WO-2166055,ASSET-01195,Preventive,,0,,000160001159
WO-2166056,ASSET-01195,Preventive,,0,,000160001159
WO-2166057,ASSET-01195,Preventive,,0,,000160001159
WO-2166058,ASSET-01195,Preventive,,0,,000160001159
WO-2166059,ASSET-01195,Preventive,,0,,000160001159
WO-2166060,ASSET-01196,Corrective,SENSOR-FAULT,229,1398,000160001160
WO-2166061,ASSET-01196,Preventive,,0,,000160001160
WO-2166062,ASSET-01196,Preventive,,0,,000160001160
WO-2166063,ASSET-01196,Emergency,CONTROLLER-FAULT,137,588,000160001160
WO-2166064,ASSET-01196,Corrective,DIE-WEAR,76,1527,000160001160
WO-2166065,ASSET-01197,Corrective,DIE-WEAR,77,1494,000160001161
WO-2166066,ASSET-01197,Preventive,,0,,000160001161
WO-2166067,ASSET-01197,Corrective,MOTOR-BURNOUT,114,663,000160001161
WO-2166068,ASSET-01197,Preventive,,0,,000160001161
WO-2166069,ASSET-01198,Corrective,CALIBRATION-DRIFT,176,1902,000160001162
WO-2166070,ASSET-01198,Corrective,DIE-WEAR,202,1267,000160001162
WO-2166071,ASSET-01198,Corrective,BELT-FAILURE,141,1188,000160001162
WO-2166072,ASSET-01198,Preventive,,0,,000160001162
WO-2166073,ASSET-01198,Preventive,,0,,000160001162
WO-2166074,ASSET-01198,Preventive,,0,,000160001162
WO-2166075,ASSET-01199,Corrective,CONTROLLER-FAULT,196,1766,000160001163
WO-2166076,ASSET-01199,Corrective,MOTOR-BURNOUT,71,642,000160001163
WO-2166077,ASSET-01199,Corrective,CALIBRATION-DRIFT,144,1418,000160001163
WO-2166078,ASSET-01199,Corrective,SPINDLE-SEIZURE,61,1877,000160001163
WO-2166079,ASSET-01199,Emergency,PNEUMATIC-LEAK,368,642,000160001163
WO-2166080,ASSET-01199,Preventive,,0,,000160001163
WO-2166081,ASSET-01199,Preventive,,0,,000160001163
WO-2166082,ASSET-01200,Preventive,,0,,000160001164
WO-2166083,ASSET-01200,Preventive,,0,,000160001164
WO-2166084,ASSET-01200,Preventive,,0,,000160001164
WO-2166085,ASSET-01201,Corrective,SPINDLE-SEIZURE,57,1305,000160001165
WO-2166086,ASSET-01201,Preventive,,0,,000160001165
WO-2166087,ASSET-01201,Preventive,,0,,000160001165
WO-2166088,ASSET-01201,Preventive,,0,,000160001165
WO-2166089,ASSET-01201,Emergency,PNEUMATIC-LEAK,557,1556,000160001165
WO-2166090,ASSET-01201,Preventive,,0,,000160001165
WO-2166091,ASSET-01201,Corrective,SPINDLE-SEIZURE,223,1660,000160001165
WO-2166092,ASSET-01202,Corrective,SENSOR-FAULT,51,464,000160001166
WO-2166093,ASSET-01202,Corrective,DIE-WEAR,236,1803,000160001166
WO-2166094,ASSET-01202,Preventive,,0,,000160001166
WO-2166095,ASSET-01202,Corrective,SENSOR-FAULT,238,1367,000160001166
WO-2166096,ASSET-01202,Emergency,DIE-WEAR,82,548,000160001166
WO-2166097,ASSET-01202,Preventive,,0,,000160001166
WO-2166098,ASSET-01203,Preventive,,0,,000160001167
WO-2166099,ASSET-01203,Preventive,,0,,000160001167
WO-2166100,ASSET-01203,Preventive,,0,,000160001167
WO-2166101,ASSET-01203,Corrective,SENSOR-FAULT,59,528,000160001167
WO-2166102,ASSET-01203,Corrective,HYDRAULIC-LEAK,49,1972,000160001167
WO-2166103,ASSET-01204,Corrective,DIE-WEAR,177,1918,000160001168
WO-2166104,ASSET-01204,Emergency,HYDRAULIC-LEAK,104,756,000160001168
WO-2166105,ASSET-01204,Emergency,SENSOR-FAULT,159,1181,000160001168
WO-2166106,ASSET-01204,Preventive,,0,,000160001168
WO-2166107,ASSET-01204,Corrective,PNEUMATIC-LEAK,150,255,000160001168
WO-2166108,ASSET-01205,Preventive,,0,,000160001169
WO-2166109,ASSET-01205,Preventive,,0,,000160001169
WO-2166110,ASSET-01205,Preventive,,0,,000160001169
WO-2166111,ASSET-01205,Corrective,BELT-FAILURE,46,1457,000160001169
WO-2166112,ASSET-01205,Preventive,,0,,000160001169
WO-2166113,ASSET-01206,Preventive,,0,,000160001170
WO-2166114,ASSET-01206,Preventive,,0,,000160001170
WO-2166115,ASSET-01206,Preventive,,0,,000160001170
WO-2166116,ASSET-01206,Emergency,CONTROLLER-FAULT,320,1916,000160001170
WO-2166117,ASSET-01206,Corrective,HYDRAULIC-LEAK,31,908,000160001170
WO-2166118,ASSET-01206,Emergency,CALIBRATION-DRIFT,462,607,000160001170
WO-2166119,ASSET-01206,Corrective,BELT-FAILURE,233,1853,000160001170
WO-2166120,ASSET-01206,Corrective,CALIBRATION-DRIFT,201,547,000160001170
WO-2166121,ASSET-01206,Preventive,,0,,000160001170
WO-2166122,ASSET-01207,Preventive,,0,,000160001171
WO-2166123,ASSET-01207,Preventive,,0,,000160001171
WO-2166124,ASSET-01207,Preventive,,0,,000160001171
WO-2166125,ASSET-01207,Corrective,MOTOR-BURNOUT,220,1097,000160001171
WO-2166126,ASSET-01207,Preventive,,0,,000160001171
WO-2166127,ASSET-01207,Preventive,,0,,000160001171
WO-2166128,ASSET-01207,Corrective,DIE-WEAR,188,648,000160001171
WO-2166129,ASSET-01208,Preventive,,0,,000160001172
WO-2166130,ASSET-01208,Corrective,SENSOR-FAULT,226,1082,000160001172
WO-2166131,ASSET-01208,Preventive,,0,,000160001172
WO-2166132,ASSET-01208,Corrective,CALIBRATION-DRIFT,35,1663,000160001172
WO-2166133,ASSET-01208,Corrective,BELT-FAILURE,55,1308,000160001172
WO-2166134,ASSET-01208,Preventive,,0,,000160001172
WO-2166135,ASSET-01208,Corrective,DIE-WEAR,207,552,000160001172
WO-2166136,ASSET-01208,Emergency,PNEUMATIC-LEAK,172,618,000160001172
WO-2166137,ASSET-01208,Corrective,CALIBRATION-DRIFT,38,1599,000160001172
WO-2166138,ASSET-01209,Corrective,MOTOR-BURNOUT,54,1258,000160001173
WO-2166139,ASSET-01209,Emergency,DIE-WEAR,293,1476,000160001173
WO-2166140,ASSET-01209,Preventive,,0,,000160001173
WO-2166141,ASSET-01210,Preventive,,0,,000160001174
WO-2166142,ASSET-01210,Corrective,PNEUMATIC-LEAK,71,1132,000160001174
WO-2166143,ASSET-01210,Preventive,,0,,000160001174
WO-2166144,ASSET-01210,Preventive,,0,,000160001174
WO-2166145,ASSET-01210,Preventive,,0,,000160001174
WO-2166146,ASSET-01210,Preventive,,0,,000160001174
WO-2166147,ASSET-01210,Preventive,,0,,000160001174
WO-2166148,ASSET-01210,Preventive,,0,,000160001174
WO-2166149,ASSET-01210,Preventive,,0,,000160001174
WO-2166150,ASSET-01211,Preventive,,0,,000160001175
WO-2166151,ASSET-01211,Preventive,,0,,000160001175
WO-2166152,ASSET-01212,Preventive,,0,,000160001176
WO-2166153,ASSET-01212,Preventive,,0,,000160001176
WO-2166154,ASSET-01212,Corrective,DIE-WEAR,208,297,000160001176
WO-2166155,ASSET-01212,Preventive,,0,,000160001176
WO-2166156,ASSET-01212,Corrective,BEARING-FAILURE,210,320,000160001176
WO-2166157,ASSET-01212,Emergency,SPINDLE-SEIZURE,108,1066,000160001176
WO-2166158,ASSET-01213,Preventive,,0,,000160001177
WO-2166159,ASSET-01213,Corrective,DIE-WEAR,211,590,000160001177
WO-2166160,ASSET-01213,Preventive,,0,,000160001177
WO-2166161,ASSET-01213,Corrective,SENSOR-FAULT,136,390,000160001177
WO-2166162,ASSET-01214,Preventive,,0,,000160001178
WO-2166163,ASSET-01214,Preventive,,0,,000160001178
WO-2166164,ASSET-01214,Emergency,PNEUMATIC-LEAK,419,991,000160001178
WO-2166165,ASSET-01215,Preventive,,0,,000160001179
WO-2166166,ASSET-01215,Preventive,,0,,000160001179
WO-2166167,ASSET-01215,Corrective,BELT-FAILURE,240,808,000160001179
WO-2166168,ASSET-01215,Preventive,,0,,000160001179
WO-2166169,ASSET-01215,Preventive,,0,,000160001179
WO-2166170,ASSET-01216,Corrective,BEARING-FAILURE,149,288,000160001180
WO-2166171,ASSET-01216,Preventive,,0,,000160001180
WO-2166172,ASSET-01217,Preventive,,0,,000160001181
WO-2166173,ASSET-01217,Preventive,,0,,000160001181
WO-2166174,ASSET-01217,Corrective,HYDRAULIC-LEAK,109,282,000160001181
WO-2166175,ASSET-01217,Preventive,,0,,000160001181
WO-2166176,ASSET-01218,Corrective,HYDRAULIC-LEAK,121,875,000160001182
WO-2166177,ASSET-01218,Preventive,,0,,000160001182
WO-2166178,ASSET-01218,Preventive,,0,,000160001182
WO-2166179,ASSET-01218,Corrective,SENSOR-FAULT,32,550,000160001182
WO-2166180,ASSET-01218,Preventive,,0,,000160001182
WO-2166181,ASSET-01218,Preventive,,0,,000160001182
WO-2166182,ASSET-01218,Preventive,,0,,000160001182
WO-2166183,ASSET-01219,Preventive,,0,,000160001183
WO-2166184,ASSET-01219,Corrective,CALIBRATION-DRIFT,128,362,000160001183
WO-2166185,ASSET-01219,Preventive,,0,,000160001183
WO-2166186,ASSET-01219,Preventive,,0,,000160001183
WO-2166187,ASSET-01219,Preventive,,0,,000160001183
WO-2166188,ASSET-01220,Preventive,,0,,000160001184
WO-2166189,ASSET-01220,Preventive,,0,,000160001184
WO-2166190,ASSET-01220,Corrective,PNEUMATIC-LEAK,102,662,000160001184
WO-2166191,ASSET-01220,Corrective,SPINDLE-SEIZURE,199,1026,000160001184
WO-2166192,ASSET-01220,Preventive,,0,,000160001184
WO-2166193,ASSET-01221,Preventive,,0,,000160001185
WO-2166194,ASSET-01221,Preventive,,0,,000160001185
WO-2166195,ASSET-01221,Preventive,,0,,000160001185
WO-2166196,ASSET-01221,Emergency,CONTROLLER-FAULT,119,974,000160001185
WO-2166197,ASSET-01221,Corrective,CONTROLLER-FAULT,33,1448,000160001185
WO-2166198,ASSET-01221,Preventive,,0,,000160001185
WO-2166199,ASSET-01222,Preventive,,0,,000160001186
WO-2166200,ASSET-01222,Corrective,DIE-WEAR,190,854,000160001186
WO-2166201,ASSET-01223,Corrective,DIE-WEAR,38,1840,000160001187
WO-2166202,ASSET-01223,Preventive,,0,,000160001187
WO-2166203,ASSET-01223,Preventive,,0,,000160001187
WO-2166204,ASSET-01223,Corrective,HYDRAULIC-LEAK,202,500,000160001187
WO-2166205,ASSET-01223,Preventive,,0,,000160001187
WO-2166206,ASSET-01223,Corrective,SPINDLE-SEIZURE,215,888,000160001187
WO-2166207,ASSET-01224,Preventive,,0,,000160001188
WO-2166208,ASSET-01224,Corrective,CONTROLLER-FAULT,184,997,000160001188
WO-2166209,ASSET-01224,Preventive,,0,,000160001188
WO-2166210,ASSET-01224,Preventive,,0,,000160001188
WO-2166211,ASSET-01225,Preventive,,0,,000160001189
WO-2166212,ASSET-01225,Preventive,,0,,000160001189
WO-2166213,ASSET-01225,Corrective,BELT-FAILURE,126,662,000160001189
WO-2166214,ASSET-01225,Emergency,SENSOR-FAULT,156,475,000160001189
WO-2166215,ASSET-01226,Preventive,,0,,000160001190
WO-2166216,ASSET-01226,Preventive,,0,,000160001190
WO-2166217,ASSET-01226,Preventive,,0,,000160001190
WO-2166218,ASSET-01226,Corrective,HYDRAULIC-LEAK,206,1114,000160001190
WO-2166219,ASSET-01226,Preventive,,0,,000160001190
WO-2166220,ASSET-01227,Emergency,CALIBRATION-DRIFT,540,534,000160001191
WO-2166221,ASSET-01227,Preventive,,0,,000160001191
WO-2166222,ASSET-01227,Emergency,CONTROLLER-FAULT,369,564,000160001191
WO-2166223,ASSET-01228,Preventive,,0,,000160001192
WO-2166224,ASSET-01228,Corrective,PNEUMATIC-LEAK,43,909,000160001192
WO-2166225,ASSET-01228,Preventive,,0,,000160001192
WO-2166226,ASSET-01228,Corrective,HYDRAULIC-LEAK,47,460,000160001192
WO-2166227,ASSET-01228,Corrective,SENSOR-FAULT,121,678,000160001192
WO-2166228,ASSET-01228,Corrective,SPINDLE-SEIZURE,48,1507,000160001192
WO-2166229,ASSET-01228,Preventive,,0,,000160001192
WO-2166230,ASSET-01228,Emergency,SPINDLE-SEIZURE,302,672,000160001192
WO-2166231,ASSET-01228,Corrective,HYDRAULIC-LEAK,191,922,000160001192
WO-2166232,ASSET-01229,Corrective,DIE-WEAR,221,519,000160001193
WO-2166233,ASSET-01229,Corrective,SENSOR-FAULT,213,390,000160001193
WO-2166234,ASSET-01229,Emergency,SPINDLE-SEIZURE,354,1179,000160001193
WO-2166235,ASSET-01229,Preventive,,0,,000160001193
WO-2166236,ASSET-01229,Preventive,,0,,000160001193
WO-2166237,ASSET-01229,Emergency,BEARING-FAILURE,294,439,000160001193
WO-2166238,ASSET-01229,Corrective,SENSOR-FAULT,223,397,000160001193
WO-2166239,ASSET-01229,Preventive,,0,,000160001193
WO-2166240,ASSET-01230,Corrective,BELT-FAILURE,215,1549,000160001194
WO-2166241,ASSET-01230,Preventive,,0,,000160001194
WO-2166242,ASSET-01230,Preventive,,0,,000160001194
WO-2166243,ASSET-01230,Corrective,HYDRAULIC-LEAK,44,1711,000160001194
WO-2166244,ASSET-01231,Corrective,PNEUMATIC-LEAK,34,723,000160001195
WO-2166245,ASSET-01231,Corrective,PNEUMATIC-LEAK,236,1393,000160001195
WO-2166246,ASSET-01231,Preventive,,0,,000160001195
WO-2166247,ASSET-01231,Emergency,MOTOR-BURNOUT,154,788,000160001195
WO-2166248,ASSET-01231,Preventive,,0,,000160001195
WO-2166249,ASSET-01231,Corrective,BEARING-FAILURE,100,853,000160001195
WO-2166250,ASSET-01232,Preventive,,0,,000160001196
WO-2166251,ASSET-01232,Preventive,,0,,000160001196
WO-2166252,ASSET-01232,Corrective,BEARING-FAILURE,160,1938,000160001196
WO-2166253,ASSET-01232,Preventive,,0,,000160001196
WO-2166254,ASSET-01233,Emergency,CONTROLLER-FAULT,325,764,000160001197
WO-2166255,ASSET-01233,Preventive,,0,,000160001197
WO-2166256,ASSET-01233,Preventive,,0,,000160001197
WO-2166257,ASSET-01233,Corrective,BELT-FAILURE,110,1025,000160001197
WO-2166258,ASSET-01233,Preventive,,0,,000160001197
WO-2166259,ASSET-01233,Corrective,CALIBRATION-DRIFT,136,1483,000160001197
WO-2166260,ASSET-01233,Preventive,,0,,000160001197
WO-2166261,ASSET-01234,Corrective,CONTROLLER-FAULT,147,1456,000160001198
WO-2166262,ASSET-01234,Corrective,DIE-WEAR,135,943,000160001198
WO-2166263,ASSET-01234,Preventive,,0,,000160001198
WO-2166264,ASSET-01234,Preventive,,0,,000160001198
WO-2166265,ASSET-01234,Emergency,SENSOR-FAULT,357,1780,000160001198
WO-2166266,ASSET-01235,Preventive,,0,,000160001200
WO-2166267,ASSET-01235,Preventive,,0,,000160001200
WO-2166268,ASSET-01235,Preventive,,0,,000160001200
WO-2166269,ASSET-01236,Corrective,SPINDLE-SEIZURE,122,1605,000160001201
WO-2166270,ASSET-01236,Emergency,CALIBRATION-DRIFT,204,1328,000160001201
WO-2166271,ASSET-01236,Preventive,,0,,000160001201
WO-2166272,ASSET-01236,Corrective,MOTOR-BURNOUT,83,1840,000160001201
WO-2166273,ASSET-01236,Corrective,SENSOR-FAULT,127,1198,000160001201
WO-2166274,ASSET-01236,Preventive,,0,,000160001201
WO-2166275,ASSET-01237,Corrective,PNEUMATIC-LEAK,107,725,000160001202
WO-2166276,ASSET-01237,Preventive,,0,,000160001202
WO-2166277,ASSET-01237,Corrective,BELT-FAILURE,157,1889,000160001202
WO-2166278,ASSET-01237,Corrective,SPINDLE-SEIZURE,98,514,000160001202
WO-2166279,ASSET-01237,Corrective,SENSOR-FAULT,54,1093,000160001202
WO-2166280,ASSET-01237,Preventive,,0,,000160001202
WO-2166281,ASSET-01237,Preventive,,0,,000160001202
WO-2166282,ASSET-01237,Preventive,,0,,000160001202
WO-2166283,ASSET-01237,Preventive,,0,,000160001202
WO-2166284,ASSET-01238,Corrective,BELT-FAILURE,116,1936,000160001203
WO-2166285,ASSET-01238,Emergency,SENSOR-FAULT,256,505,000160001203
WO-2166286,ASSET-01238,Emergency,CONTROLLER-FAULT,159,317,000160001203
WO-2166287,ASSET-01238,Corrective,MOTOR-BURNOUT,155,785,000160001203
WO-2166288,ASSET-01238,Preventive,,0,,000160001203
WO-2166289,ASSET-01238,Corrective,BEARING-FAILURE,65,1667,000160001203
WO-2166290,ASSET-01238,Preventive,,0,,000160001203
WO-2166291,ASSET-01239,Corrective,CONTROLLER-FAULT,73,1701,000160001204
WO-2166292,ASSET-01239,Corrective,SENSOR-FAULT,45,490,000160001204
WO-2166293,ASSET-01239,Corrective,HYDRAULIC-LEAK,162,238,000160001204
WO-2166294,ASSET-01240,Corrective,SPINDLE-SEIZURE,77,1502,000160001205
WO-2166295,ASSET-01240,Emergency,HYDRAULIC-LEAK,543,662,000160001205
WO-2166296,ASSET-01240,Corrective,DIE-WEAR,231,1522,000160001205
WO-2166297,ASSET-01240,Corrective,SENSOR-FAULT,181,1813,000160001205
WO-2166298,ASSET-01240,Corrective,BEARING-FAILURE,47,806,000160001205
WO-2166299,ASSET-01240,Preventive,,0,,000160001205
WO-2166300,ASSET-01240,Corrective,DIE-WEAR,228,835,000160001205
WO-2166301,ASSET-01241,Preventive,,0,,000160001206
WO-2166302,ASSET-01241,Preventive,,0,,000160001206
WO-2166303,ASSET-01241,Preventive,,0,,000160001206
WO-2166304,ASSET-01241,Corrective,PNEUMATIC-LEAK,177,1005,000160001206
WO-2166305,ASSET-01241,Emergency,HYDRAULIC-LEAK,308,1256,000160001206
WO-2166306,ASSET-01242,Preventive,,0,,000160001207
WO-2166307,ASSET-01242,Corrective,MOTOR-BURNOUT,236,534,000160001207
WO-2166308,ASSET-01242,Preventive,,0,,000160001207
WO-2166309,ASSET-01242,Corrective,BEARING-FAILURE,237,1368,000160001207
WO-2166310,ASSET-01242,Corrective,BELT-FAILURE,175,1509,000160001207
WO-2166311,ASSET-01242,Corrective,BEARING-FAILURE,48,637,000160001207
WO-2166312,ASSET-01242,Corrective,PNEUMATIC-LEAK,227,847,000160001207
WO-2166313,ASSET-01243,Preventive,,0,,000160001208
WO-2166314,ASSET-01244,Preventive,,0,,000160001209
WO-2166315,ASSET-01244,Preventive,,0,,000160001209
WO-2166316,ASSET-01244,Preventive,,0,,000160001209
WO-2166317,ASSET-01245,Emergency,CONTROLLER-FAULT,84,1635,000160001210
WO-2166318,ASSET-01245,Preventive,,0,,000160001210
WO-2166319,ASSET-01245,Preventive,,0,,000160001210
WO-2166320,ASSET-01245,Corrective,MOTOR-BURNOUT,80,1225,000160001210
WO-2166321,ASSET-01245,Corrective,BELT-FAILURE,114,869,000160001210
WO-2166322,ASSET-01245,Preventive,,0,,000160001210
WO-2166323,ASSET-01245,Preventive,,0,,000160001210
WO-2166324,ASSET-01245,Emergency,SENSOR-FAULT,206,1514,000160001210
WO-2166325,ASSET-01246,Corrective,PNEUMATIC-LEAK,219,522,000160001211
WO-2166326,ASSET-01246,Preventive,,0,,000160001211
WO-2166327,ASSET-01246,Preventive,,0,,000160001211
WO-2166328,ASSET-01246,Preventive,,0,,000160001211
WO-2166329,ASSET-01246,Preventive,,0,,000160001211
WO-2166330,ASSET-01247,Preventive,,0,,000160001212
WO-2166331,ASSET-01247,Preventive,,0,,000160001212
WO-2166332,ASSET-01247,Preventive,,0,,000160001212
WO-2166333,ASSET-01247,Preventive,,0,,000160001212
WO-2166334,ASSET-01248,Corrective,CONTROLLER-FAULT,46,1510,000160001213
WO-2166335,ASSET-01248,Emergency,SPINDLE-SEIZURE,464,773,000160001213
WO-2166336,ASSET-01248,Corrective,HYDRAULIC-LEAK,32,1919,000160001213
WO-2166337,ASSET-01248,Corrective,SENSOR-FAULT,84,1308,000160001213
WO-2166338,ASSET-01248,Corrective,SPINDLE-SEIZURE,109,336,000160001213
WO-2166339,ASSET-01248,Preventive,,0,,000160001213
WO-2166340,ASSET-01248,Emergency,CONTROLLER-FAULT,77,1323,000160001213
WO-2166341,ASSET-01249,Corrective,DIE-WEAR,123,724,000160001214
WO-2166342,ASSET-01250,Preventive,,0,,000160001215
WO-2166343,ASSET-01250,Corrective,HYDRAULIC-LEAK,215,636,000160001215
WO-2166344,ASSET-01250,Preventive,,0,,000160001215
WO-2166345,ASSET-01250,Corrective,HYDRAULIC-LEAK,69,988,000160001215
WO-2166346,ASSET-01250,Preventive,,0,,000160001215
WO-2166347,ASSET-01250,Corrective,MOTOR-BURNOUT,83,1421,000160001215
WO-2166348,ASSET-01250,Corrective,SPINDLE-SEIZURE,121,1176,000160001215
WO-2166349,ASSET-01251,Preventive,,0,,000160001216
WO-2166350,ASSET-01251,Preventive,,0,,000160001216
WO-2166351,ASSET-01251,Preventive,,0,,000160001216
WO-2166352,ASSET-01252,Preventive,,0,,000160001217
WO-2166353,ASSET-01252,Emergency,DIE-WEAR,116,301,000160001217
WO-2166354,ASSET-01252,Preventive,,0,,000160001217
WO-2166355,ASSET-01252,Preventive,,0,,000160001217
WO-2166356,ASSET-01252,Corrective,SENSOR-FAULT,45,1739,000160001217
WO-2166357,ASSET-01253,Corrective,MOTOR-BURNOUT,163,1613,000160001218
WO-2166358,ASSET-01253,Preventive,,0,,000160001218
WO-2166359,ASSET-01253,Preventive,,0,,000160001218
WO-2166360,ASSET-01253,Preventive,,0,,000160001218
WO-2166361,ASSET-01253,Preventive,,0,,000160001218
WO-2166362,ASSET-01253,Preventive,,0,,000160001218
WO-2166363,ASSET-01253,Corrective,CALIBRATION-DRIFT,235,1693,000160001218
WO-2166364,ASSET-01254,Preventive,,0,,000160001219
WO-2166365,ASSET-01254,Preventive,,0,,000160001219
WO-2166366,ASSET-01254,Preventive,,0,,000160001219
WO-2166367,ASSET-01254,Corrective,SPINDLE-SEIZURE,151,1277,000160001219
WO-2166368,ASSET-01254,Preventive,,0,,000160001219
WO-2166369,ASSET-01255,Preventive,,0,,000160001220
WO-2166370,ASSET-01255,Emergency,SENSOR-FAULT,226,1801,000160001220
WO-2166371,ASSET-01255,Corrective,CONTROLLER-FAULT,196,1759,000160001220
WO-2166372,ASSET-01256,Preventive,,0,,000160001221
WO-2166373,ASSET-01256,Preventive,,0,,000160001221
WO-2166374,ASSET-01257,Preventive,,0,,000160001222
WO-2166375,ASSET-01257,Corrective,CONTROLLER-FAULT,115,1098,000160001222
WO-2166376,ASSET-01257,Preventive,,0,,000160001222
WO-2166377,ASSET-01257,Corrective,MOTOR-BURNOUT,44,871,000160001222
WO-2166378,ASSET-01258,Preventive,,0,,000160001223
WO-2166379,ASSET-01259,Preventive,,0,,000160001224
WO-2166380,ASSET-01259,Corrective,HYDRAULIC-LEAK,228,915,000160001224
WO-2166381,ASSET-01259,Preventive,,0,,000160001224
WO-2166382,ASSET-01259,Preventive,,0,,000160001224
WO-2166383,ASSET-01259,Preventive,,0,,000160001224
WO-2166384,ASSET-01260,Preventive,,0,,000160001225
WO-2166385,ASSET-01260,Preventive,,0,,000160001225
WO-2166386,ASSET-01260,Preventive,,0,,000160001225
WO-2166387,ASSET-01261,Preventive,,0,,000160001226
WO-2166388,ASSET-01261,Preventive,,0,,000160001226
WO-2166389,ASSET-01261,Corrective,PNEUMATIC-LEAK,68,1562,000160001226
WO-2166390,ASSET-01261,Preventive,,0,,000160001226
WO-2166391,ASSET-01261,Preventive,,0,,000160001226
WO-2166392,ASSET-01261,Preventive,,0,,000160001226
WO-2166393,ASSET-01261,Emergency,MOTOR-BURNOUT,579,1796,000160001226
WO-2166394,ASSET-01261,Preventive,,0,,000160001226
WO-2166395,ASSET-01261,Emergency,BEARING-FAILURE,515,636,000160001226
WO-2166396,ASSET-01262,Preventive,,0,,000160001227
WO-2166397,ASSET-01262,Preventive,,0,,000160001227
WO-2166398,ASSET-01263,Corrective,CALIBRATION-DRIFT,99,1382,000160001228
WO-2166399,ASSET-01263,Corrective,PNEUMATIC-LEAK,51,624,000160001228
WO-2166400,ASSET-01263,Preventive,,0,,000160001228
WO-2166401,ASSET-01263,Preventive,,0,,000160001228
WO-2166402,ASSET-01263,Corrective,MOTOR-BURNOUT,159,829,000160001228
WO-2166403,ASSET-01263,Corrective,MOTOR-BURNOUT,112,236,000160001228
WO-2166404,ASSET-01264,Corrective,MOTOR-BURNOUT,109,1870,000160001229
WO-2166405,ASSET-01264,Corrective,HYDRAULIC-LEAK,59,1503,000160001229
WO-2166406,ASSET-01265,Corrective,DIE-WEAR,165,1574,000160001230
WO-2166407,ASSET-01265,Preventive,,0,,000160001230
WO-2166408,ASSET-01265,Preventive,,0,,000160001230
WO-2166409,ASSET-01265,Corrective,CALIBRATION-DRIFT,165,603,000160001230
WO-2166410,ASSET-01265,Corrective,SENSOR-FAULT,196,271,000160001230
WO-2166411,ASSET-01265,Corrective,MOTOR-BURNOUT,239,1105,000160001230
WO-2166412,ASSET-01265,Corrective,CALIBRATION-DRIFT,170,829,000160001230
WO-2166413,ASSET-01266,Preventive,,0,,000160001231
WO-2166414,ASSET-01266,Corrective,SPINDLE-SEIZURE,193,1087,000160001231
WO-2166415,ASSET-01266,Emergency,BEARING-FAILURE,349,494,000160001231
WO-2166416,ASSET-01267,Preventive,,0,,000160001232
WO-2166417,ASSET-01267,Preventive,,0,,000160001232
WO-2166418,ASSET-01267,Corrective,PNEUMATIC-LEAK,195,792,000160001232
WO-2166419,ASSET-01267,Corrective,PNEUMATIC-LEAK,100,1527,000160001232
WO-2166420,ASSET-01267,Corrective,SPINDLE-SEIZURE,229,479,000160001232
WO-2166421,ASSET-01268,Preventive,,0,,000160001233
WO-2166422,ASSET-01268,Preventive,,0,,000160001233
WO-2166423,ASSET-01268,Preventive,,0,,000160001233
WO-2166424,ASSET-01269,Corrective,CALIBRATION-DRIFT,181,1926,000160001234
WO-2166425,ASSET-01269,Preventive,,0,,000160001234
WO-2166426,ASSET-01269,Emergency,SENSOR-FAULT,588,1375,000160001234
WO-2166427,ASSET-01269,Corrective,PNEUMATIC-LEAK,109,603,000160001234
WO-2166428,ASSET-01270,Preventive,,0,,000160001236
WO-2166429,ASSET-01270,Preventive,,0,,000160001236
WO-2166430,ASSET-01270,Corrective,CONTROLLER-FAULT,188,497,000160001236
WO-2166431,ASSET-01271,Preventive,,0,,000160001237
WO-2166432,ASSET-01271,Corrective,BEARING-FAILURE,47,977,000160001237
WO-2166433,ASSET-01271,Preventive,,0,,000160001237
WO-2166434,ASSET-01271,Preventive,,0,,000160001237
WO-2166435,ASSET-01271,Preventive,,0,,000160001237
WO-2166436,ASSET-01271,Preventive,,0,,000160001237
WO-2166437,ASSET-01272,Corrective,SPINDLE-SEIZURE,43,1345,000160001238
WO-2166438,ASSET-01272,Preventive,,0,,000160001238
WO-2166439,ASSET-01272,Corrective,BELT-FAILURE,83,1092,000160001238
WO-2166440,ASSET-01272,Emergency,PNEUMATIC-LEAK,417,1582,000160001238
WO-2166441,ASSET-01272,Preventive,,0,,000160001238
WO-2166442,ASSET-01272,Preventive,,0,,000160001238
WO-2166443,ASSET-01273,Corrective,CALIBRATION-DRIFT,196,916,000160001239
WO-2166444,ASSET-01273,Corrective,BEARING-FAILURE,215,1623,000160001239
WO-2166445,ASSET-01273,Preventive,,0,,000160001239
WO-2166446,ASSET-01273,Preventive,,0,,000160001239
WO-2166447,ASSET-01273,Preventive,,0,,000160001239
WO-2166448,ASSET-01273,Preventive,,0,,000160001239
WO-2166449,ASSET-01273,Corrective,SENSOR-FAULT,205,616,000160001239
WO-2166450,ASSET-01274,Preventive,,0,,000160001240
WO-2166451,ASSET-01274,Preventive,,0,,000160001240
WO-2166452,ASSET-01275,Emergency,HYDRAULIC-LEAK,360,1842,000160001241
WO-2166453,ASSET-01275,Preventive,,0,,000160001241
WO-2166454,ASSET-01276,Emergency,HYDRAULIC-LEAK,97,638,000160001242
WO-2166455,ASSET-01276,Preventive,,0,,000160001242
WO-2166456,ASSET-01276,Preventive,,0,,000160001242
WO-2166457,ASSET-01276,Preventive,,0,,000160001242
WO-2166458,ASSET-01276,Preventive,,0,,000160001242
WO-2166459,ASSET-01276,Preventive,,0,,000160001242
WO-2166460,ASSET-01277,Preventive,,0,,000160001243
WO-2166461,ASSET-01277,Preventive,,0,,000160001243
WO-2166462,ASSET-01277,Corrective,CALIBRATION-DRIFT,202,1269,000160001243
WO-2166463,ASSET-01277,Preventive,,0,,000160001243
WO-2166464,ASSET-01278,Preventive,,0,,000160001244
WO-2166465,ASSET-01278,Preventive,,0,,000160001244
WO-2166466,ASSET-01278,Corrective,CONTROLLER-FAULT,42,833,000160001244
WO-2166467,ASSET-01278,Preventive,,0,,000160001244
WO-2166468,ASSET-01278,Corrective,DIE-WEAR,116,514,000160001244
WO-2166469,ASSET-01278,Corrective,MOTOR-BURNOUT,92,700,000160001244
WO-2166470,ASSET-01278,Preventive,,0,,000160001244
WO-2166471,ASSET-01278,Preventive,,0,,000160001244
WO-2166472,ASSET-01279,Preventive,,0,,000160001245
WO-2166473,ASSET-01279,Preventive,,0,,000160001245
WO-2166474,ASSET-01279,Preventive,,0,,000160001245
WO-2166475,ASSET-01279,Preventive,,0,,000160001245
WO-2166476,ASSET-01279,Preventive,,0,,000160001245
WO-2166477,ASSET-01280,Preventive,,0,,000160001246
WO-2166478,ASSET-01280,Preventive,,0,,000160001246
WO-2166479,ASSET-01280,Preventive,,0,,000160001246
WO-2166480,ASSET-01281,Preventive,,0,,000160001247
WO-2166481,ASSET-01281,Preventive,,0,,000160001247
WO-2166482,ASSET-01281,Corrective,SPINDLE-SEIZURE,193,472,000160001247
WO-2166483,ASSET-01281,Preventive,,0,,000160001247
WO-2166484,ASSET-01281,Corrective,CALIBRATION-DRIFT,68,1302,000160001247
WO-2166485,ASSET-01281,Corrective,SPINDLE-SEIZURE,109,1385,000160001247
WO-2166486,ASSET-01281,Emergency,SPINDLE-SEIZURE,248,680,000160001247
WO-2166487,ASSET-01281,Preventive,,0,,000160001247
WO-2166488,ASSET-01282,Corrective,CONTROLLER-FAULT,130,310,000160001248
WO-2166489,ASSET-01282,Corrective,DIE-WEAR,240,1009,000160001248
WO-2166490,ASSET-01282,Preventive,,0,,000160001248
WO-2166491,ASSET-01282,Corrective,PNEUMATIC-LEAK,77,596,000160001248
WO-2166492,ASSET-01282,Preventive,,0,,000160001248
WO-2166493,ASSET-01282,Corrective,MOTOR-BURNOUT,161,1226,000160001248
WO-2166494,ASSET-01283,Corrective,BEARING-FAILURE,57,1087,000160001249
WO-2166495,ASSET-01283,Preventive,,0,,000160001249
WO-2166496,ASSET-01284,Preventive,,0,,000160001250
WO-2166497,ASSET-01284,Preventive,,0,,000160001250
WO-2166498,ASSET-01284,Emergency,CALIBRATION-DRIFT,466,377,000160001250
WO-2166499,ASSET-01284,Corrective,PNEUMATIC-LEAK,90,756,000160001250
WO-2166500,ASSET-01284,Corrective,DIE-WEAR,167,1345,000160001250
WO-2166501,ASSET-01285,Corrective,CONTROLLER-FAULT,231,1746,000160001251
WO-2166502,ASSET-01285,Corrective,DIE-WEAR,113,600,000160001251
WO-2166503,ASSET-01285,Corrective,PNEUMATIC-LEAK,102,1710,000160001251
WO-2166504,ASSET-01285,Corrective,BELT-FAILURE,68,851,000160001251
WO-2166505,ASSET-01285,Preventive,,0,,000160001251
WO-2166506,ASSET-01285,Corrective,BELT-FAILURE,233,773,000160001251
WO-2166507,ASSET-01286,Preventive,,0,,000160001252
WO-2166508,ASSET-01286,Preventive,,0,,000160001252
WO-2166509,ASSET-01286,Preventive,,0,,000160001252
WO-2166510,ASSET-01287,Preventive,,0,,000160001253
WO-2166511,ASSET-01287,Corrective,DIE-WEAR,196,828,000160001253
WO-2166512,ASSET-01287,Preventive,,0,,000160001253
WO-2166513,ASSET-01287,Preventive,,0,,000160001253
WO-2166514,ASSET-01287,Preventive,,0,,000160001253
WO-2166515,ASSET-01288,Preventive,,0,,000160001254
WO-2166516,ASSET-01288,Preventive,,0,,000160001254
WO-2166517,ASSET-01288,Preventive,,0,,000160001254
WO-2166518,ASSET-01289,Preventive,,0,,000160001255
WO-2166519,ASSET-01289,Preventive,,0,,000160001255
WO-2166520,ASSET-01289,Preventive,,0,,000160001255
WO-2166521,ASSET-01290,Corrective,BELT-FAILURE,120,548,000160001256
WO-2166522,ASSET-01290,Preventive,,0,,000160001256
WO-2166523,ASSET-01290,Corrective,MOTOR-BURNOUT,139,1593,000160001256
WO-2166524,ASSET-01290,Corrective,CALIBRATION-DRIFT,180,793,000160001256
WO-2166525,ASSET-01290,Corrective,BELT-FAILURE,113,1435,000160001256
WO-2166526,ASSET-01290,Corrective,DIE-WEAR,106,238,000160001256
WO-2166527,ASSET-01291,Preventive,,0,,000160001257
WO-2166528,ASSET-01291,Emergency,BELT-FAILURE,207,1861,000160001257
WO-2166529,ASSET-01291,Preventive,,0,,000160001257
WO-2166530,ASSET-01291,Preventive,,0,,000160001257
WO-2166531,ASSET-01291,Preventive,,0,,000160001257
WO-2166532,ASSET-01292,Corrective,BELT-FAILURE,46,1913,000160001258
WO-2166533,ASSET-01292,Preventive,,0,,000160001258
WO-2166534,ASSET-01292,Preventive,,0,,000160001258
WO-2166535,ASSET-01292,Corrective,HYDRAULIC-LEAK,240,1001,000160001258
WO-2166536,ASSET-01293,Corrective,MOTOR-BURNOUT,210,920,000160001259
WO-2166537,ASSET-01293,Preventive,,0,,000160001259
WO-2166538,ASSET-01293,Corrective,SENSOR-FAULT,161,1526,000160001259
WO-2166539,ASSET-01294,Preventive,,0,,000160001260
WO-2166540,ASSET-01294,Corrective,MOTOR-BURNOUT,218,1180,000160001260
WO-2166541,ASSET-01294,Preventive,,0,,000160001260
WO-2166542,ASSET-01295,Preventive,,0,,000160001261
WO-2166543,ASSET-01295,Corrective,SPINDLE-SEIZURE,128,455,000160001261
WO-2166544,ASSET-01295,Emergency,HYDRAULIC-LEAK,96,1254,000160001261
WO-2166545,ASSET-01295,Corrective,HYDRAULIC-LEAK,142,1245,000160001261
WO-2166546,ASSET-01296,Emergency,BEARING-FAILURE,98,452,000160001262
WO-2166547,ASSET-01296,Preventive,,0,,000160001262
WO-2166548,ASSET-01297,Corrective,DIE-WEAR,45,526,000160001263
WO-2166549,ASSET-01297,Preventive,,0,,000160001263
WO-2166550,ASSET-01297,Emergency,DIE-WEAR,241,1878,000160001263
WO-2166551,ASSET-01297,Corrective,CALIBRATION-DRIFT,88,1166,000160001263
WO-2166552,ASSET-01298,Preventive,,0,,000160001264
WO-2166553,ASSET-01298,Corrective,PNEUMATIC-LEAK,61,477,000160001264
WO-2166554,ASSET-01299,Preventive,,0,,000160001265
WO-2166555,ASSET-01299,Preventive,,0,,000160001265
WO-2166556,ASSET-01299,Preventive,,0,,000160001265
WO-2166557,ASSET-01299,Preventive,,0,,000160001265
WO-2166558,ASSET-01299,Preventive,,0,,000160001265
WO-2166559,ASSET-01299,Preventive,,0,,000160001265
WO-2166560,ASSET-01300,Corrective,PNEUMATIC-LEAK,51,741,000160001266
WO-2166561,ASSET-01300,Corrective,DIE-WEAR,112,283,000160001266
WO-2166562,ASSET-01300,Corrective,PNEUMATIC-LEAK,182,300,000160001266
WO-2166563,ASSET-01300,Corrective,CALIBRATION-DRIFT,68,661,000160001266
WO-2166564,ASSET-01300,Preventive,,0,,000160001266
WO-2166565,ASSET-01300,Corrective,SENSOR-FAULT,178,1087,000160001266
WO-2166566,ASSET-01300,Preventive,,0,,000160001266
WO-2166567,ASSET-01300,Preventive,,0,,000160001266
WO-2166568,ASSET-01301,Preventive,,0,,000160001267
WO-2166569,ASSET-01301,Corrective,CONTROLLER-FAULT,61,1668,000160001267
WO-2166570,ASSET-01302,Preventive,,0,,000160001268
WO-2166571,ASSET-01302,Corrective,CALIBRATION-DRIFT,98,1745,000160001268
WO-2166572,ASSET-01302,Corrective,HYDRAULIC-LEAK,105,1339,000160001268
WO-2166573,ASSET-01302,Corrective,BEARING-FAILURE,67,1743,000160001268
WO-2166574,ASSET-01302,Preventive,,0,,000160001268
WO-2166575,ASSET-01303,Corrective,DIE-WEAR,90,688,000160001269
WO-2166576,ASSET-01303,Preventive,,0,,000160001269
WO-2166577,ASSET-01304,Preventive,,0,,000160001270
WO-2166578,ASSET-01305,Preventive,,0,,000160001271
WO-2166579,ASSET-01305,Preventive,,0,,000160001271
WO-2166580,ASSET-01305,Preventive,,0,,000160001271
WO-2166581,ASSET-01305,Preventive,,0,,000160001271
WO-2166582,ASSET-01305,Preventive,,0,,000160001271
WO-2166583,ASSET-01305,Preventive,,0,,000160001271
WO-2166584,ASSET-01306,Preventive,,0,,000160001272
WO-2166585,ASSET-01306,Preventive,,0,,000160001272
WO-2166586,ASSET-01306,Preventive,,0,,000160001272
WO-2166587,ASSET-01306,Corrective,SPINDLE-SEIZURE,73,278,000160001272
WO-2166588,ASSET-01306,Preventive,,0,,000160001272
WO-2166589,ASSET-01306,Preventive,,0,,000160001272
WO-2166590,ASSET-01306,Preventive,,0,,000160001272
WO-2166591,ASSET-01306,Preventive,,0,,000160001272
WO-2166592,ASSET-01307,Preventive,,0,,000160001273
WO-2166593,ASSET-01307,Preventive,,0,,000160001273
WO-2166594,ASSET-01307,Preventive,,0,,000160001273
WO-2166595,ASSET-01307,Corrective,DIE-WEAR,80,916,000160001273
WO-2166596,ASSET-01307,Preventive,,0,,000160001273
WO-2166597,ASSET-01307,Preventive,,0,,000160001273
WO-2166598,ASSET-01308,Preventive,,0,,000160001274
WO-2166599,ASSET-01308,Preventive,,0,,000160001274
WO-2166600,ASSET-01308,Corrective,HYDRAULIC-LEAK,141,1007,000160001274
WO-2166601,ASSET-01308,Emergency,MOTOR-BURNOUT,311,349,000160001274
WO-2166602,ASSET-01308,Corrective,HYDRAULIC-LEAK,207,1297,000160001274
WO-2166603,ASSET-01309,Corrective,CONTROLLER-FAULT,229,229,000160001275
WO-2166604,ASSET-01309,Preventive,,0,,000160001275
WO-2166605,ASSET-01309,Preventive,,0,,000160001275
WO-2166606,ASSET-01309,Preventive,,0,,000160001275
WO-2166607,ASSET-01309,Preventive,,0,,000160001275
WO-2166608,ASSET-01310,Corrective,BEARING-FAILURE,53,1930,000160001276
WO-2166609,ASSET-01310,Emergency,PNEUMATIC-LEAK,141,1359,000160001276
WO-2166610,ASSET-01310,Preventive,,0,,000160001276
WO-2166611,ASSET-01311,Corrective,HYDRAULIC-LEAK,133,655,000160001277
WO-2166612,ASSET-01311,Preventive,,0,,000160001277
WO-2166613,ASSET-01312,Emergency,BELT-FAILURE,394,1753,000160001278
WO-2166614,ASSET-01312,Preventive,,0,,000160001278
WO-2166615,ASSET-01312,Preventive,,0,,000160001278
WO-2166616,ASSET-01312,Preventive,,0,,000160001278
WO-2166617,ASSET-01312,Preventive,,0,,000160001278
WO-2166618,ASSET-01312,Corrective,CALIBRATION-DRIFT,173,1644,000160001278
WO-2166619,ASSET-01313,Corrective,CONTROLLER-FAULT,229,923,000160001279
WO-2166620,ASSET-01313,Corrective,BELT-FAILURE,141,1902,000160001279
WO-2166621,ASSET-01313,Preventive,,0,,000160001279
WO-2166622,ASSET-01313,Preventive,,0,,000160001279
WO-2166623,ASSET-01313,Preventive,,0,,000160001279
WO-2166624,ASSET-01314,Preventive,,0,,000160001280
WO-2166625,ASSET-01314,Preventive,,0,,000160001280
WO-2166626,ASSET-01315,Preventive,,0,,000160001281
WO-2166627,ASSET-01315,Emergency,BELT-FAILURE,332,265,000160001281
WO-2166628,ASSET-01315,Preventive,,0,,000160001281
WO-2166629,ASSET-01315,Preventive,,0,,000160001281
WO-2166630,ASSET-01315,Preventive,,0,,000160001281
WO-2166631,ASSET-01315,Preventive,,0,,000160001281
WO-2166632,ASSET-01316,Corrective,HYDRAULIC-LEAK,50,258,000160001282
WO-2166633,ASSET-01316,Corrective,BELT-FAILURE,240,1509,000160001282
WO-2166634,ASSET-01316,Corrective,CONTROLLER-FAULT,201,970,000160001282
WO-2166635,ASSET-01316,Preventive,,0,,000160001282
WO-2166636,ASSET-01317,Corrective,SPINDLE-SEIZURE,48,1943,000160001283
WO-2166637,ASSET-01317,Preventive,,0,,000160001283
WO-2166638,ASSET-01317,Corrective,MOTOR-BURNOUT,165,586,000160001283
WO-2166639,ASSET-01317,Emergency,SPINDLE-SEIZURE,457,1942,000160001283
WO-2166640,ASSET-01318,Emergency,CALIBRATION-DRIFT,118,1237,000160001284
