OrderRef,EquipID,Type,DowntimeMinutes,MTBFHours,LinkedAssetRef
WO-2050001,ASSET-00001,Preventive,0,,000050000001
WO-2050002,ASSET-00001,Preventive,0,,000050000001
WO-2050003,ASSET-00001,Corrective,188,1690,000050000001
WO-2050004,ASSET-00001,Preventive,0,,000050000001
WO-2050005,ASSET-00001,Preventive,0,,000050000001
WO-2050006,ASSET-00002,Preventive,0,,
WO-2050007,ASSET-00002,Preventive,0,,
WO-2050008,ASSET-00002,Preventive,0,,
WO-2050009,ASSET-00002,Preventive,0,,
WO-2050010,ASSET-00002,Preventive,0,,
WO-2050011,ASSET-00002,Corrective,104,656,
WO-2050012,ASSET-00002,Preventive,0,,
WO-2050013,ASSET-00002,Preventive,0,,
WO-2050014,ASSET-00003,Corrective,39,1360,000050000002
WO-2050015,ASSET-00003,Corrective,159,826,000050000002
WO-2050016,ASSET-00003,Corrective,142,972,000050000002
WO-2050017,ASSET-00003,Preventive,0,,000050000002
WO-2050018,ASSET-00003,Preventive,0,,000050000002
WO-2050019,ASSET-00003,Preventive,0,,000050000002
WO-2050020,ASSET-00004,Preventive,0,,000050000003
WO-2050021,ASSET-00004,Corrective,199,1751,000050000003
WO-2050022,ASSET-00004,Preventive,0,,000050000003
WO-2050023,ASSET-00004,Corrective,68,1784,000050000003
WO-2050024,ASSET-00005,Preventive,0,,000050000004
WO-2050025,ASSET-00005,Corrective,174,1125,000050000004
WO-2050026,ASSET-00005,Emergency,154,242,000050000004
WO-2050027,ASSET-00005,Emergency,147,1419,000050000004
WO-2050028,ASSET-00005,Preventive,0,,000050000004
WO-2050029,ASSET-00005,Preventive,0,,000050000004
WO-2050030,ASSET-00006,Corrective,112,482,000050000005
WO-2050031,ASSET-00006,Corrective,69,1620,000050000005
WO-2050032,ASSET-00006,Preventive,0,,000050000005
WO-2050033,ASSET-00006,Corrective,47,1863,000050000005
WO-2050034,ASSET-00006,Emergency,487,881,000050000005
WO-2050035,ASSET-00007,Preventive,0,,000050000006
WO-2050036,ASSET-00007,Preventive,0,,000050000006
WO-2050037,ASSET-00007,Corrective,211,405,000050000006
WO-2050038,ASSET-00007,Emergency,401,1474,000050000006
WO-2050039,ASSET-00007,Corrective,195,1553,000050000006
WO-2050040,ASSET-00007,Corrective,235,838,000050000006
WO-2050041,ASSET-00007,Preventive,0,,000050000006
WO-2050042,ASSET-00007,Preventive,0,,000050000006
WO-2050043,ASSET-00007,Corrective,188,1223,000050000006
WO-2050044,ASSET-00008,Preventive,0,,000050000007
WO-2050045,ASSET-00008,Preventive,0,,000050000007
WO-2050046,ASSET-00008,Corrective,95,1479,000050000007
WO-2050047,ASSET-00008,Corrective,42,1836,000050000007
WO-2050048,ASSET-00008,Preventive,0,,000050000007
WO-2050049,ASSET-00008,Corrective,108,235,000050000007
WO-2050050,ASSET-00009,Corrective,140,1305,000050000008
WO-2050051,ASSET-00009,Corrective,110,302,000050000008
WO-2050052,ASSET-00009,Corrective,161,611,000050000008
WO-2050053,ASSET-00009,Corrective,237,1903,000050000008
WO-2050054,ASSET-00009,Preventive,0,,000050000008
WO-2050055,ASSET-00009,Preventive,0,,000050000008
WO-2050056,ASSET-00010,Emergency,329,1322,000050000009
WO-2050057,ASSET-00010,Preventive,0,,000050000009
WO-2050058,ASSET-00010,Preventive,0,,000050000009
WO-2050059,ASSET-00010,Preventive,0,,000050000009
WO-2050060,ASSET-00011,Corrective,72,1241,000050000010
WO-2050061,ASSET-00011,Corrective,77,1144,000050000010
WO-2050062,ASSET-00011,Corrective,184,313,000050000010
WO-2050063,ASSET-00011,Preventive,0,,000050000010
WO-2050064,ASSET-00011,Preventive,0,,000050000010
WO-2050065,ASSET-00012,Corrective,72,1248,000050000011
WO-2050066,ASSET-00012,Preventive,0,,000050000011
WO-2050067,ASSET-00012,Preventive,0,,000050000011
WO-2050068,ASSET-00012,Corrective,33,1094,000050000011
WO-2050069,ASSET-00012,Preventive,0,,000050000011
WO-2050070,ASSET-00013,Corrective,187,1160,000050000012
WO-2050071,ASSET-00013,Preventive,0,,000050000012
WO-2050072,ASSET-00013,Corrective,103,1029,000050000012
WO-2050073,ASSET-00013,Preventive,0,,000050000012
WO-2050074,ASSET-00014,Corrective,223,319,000050000013
WO-2050075,ASSET-00014,Preventive,0,,000050000013
WO-2050076,ASSET-00014,Preventive,0,,000050000013
WO-2050077,ASSET-00014,Preventive,0,,000050000013
WO-2050078,ASSET-00014,Preventive,0,,000050000013
WO-2050079,ASSET-00015,Corrective,85,581,000050000014
WO-2050080,ASSET-00015,Corrective,105,362,000050000014
WO-2050081,ASSET-00015,Corrective,154,1168,000050000014
WO-2050082,ASSET-00015,Preventive,0,,000050000014
WO-2050083,ASSET-00015,Corrective,96,1391,000050000014
WO-2050084,ASSET-00016,Preventive,0,,
WO-2050085,ASSET-00017,Preventive,0,,000050000015
WO-2050086,ASSET-00017,Corrective,96,1708,000050000015
WO-2050087,ASSET-00017,Corrective,193,809,000050000015
WO-2050088,ASSET-00017,Preventive,0,,000050000015
WO-2050089,ASSET-00017,Preventive,0,,000050000015
WO-2050090,ASSET-00018,Preventive,0,,000050000016
WO-2050091,ASSET-00018,Corrective,52,1403,000050000016
WO-2050092,ASSET-00018,Corrective,203,1321,000050000016
WO-2050093,ASSET-00018,Corrective,212,1371,000050000016
WO-2050094,ASSET-00018,Corrective,50,1021,000050000016
WO-2050095,ASSET-00018,Preventive,0,,000050000016
WO-2050096,ASSET-00018,Preventive,0,,000050000016
WO-2050097,ASSET-00019,Preventive,0,,
WO-2050098,ASSET-00019,Corrective,52,1308,
WO-2050099,ASSET-00019,Corrective,147,1793,
WO-2050100,ASSET-00019,Preventive,0,,
WO-2050101,ASSET-00019,Preventive,0,,
WO-2050102,ASSET-00020,Preventive,0,,000050000017
WO-2050103,ASSET-00020,Preventive,0,,000050000017
WO-2050104,ASSET-00020,Preventive,0,,000050000017
WO-2050105,ASSET-00020,Preventive,0,,000050000017
WO-2050106,ASSET-00020,Preventive,0,,000050000017
WO-2050107,ASSET-00020,Preventive,0,,000050000017
WO-2050108,ASSET-00020,Corrective,98,1298,000050000017
WO-2050109,ASSET-00021,Emergency,367,672,000050000018
WO-2050110,ASSET-00021,Corrective,147,710,000050000018
WO-2050111,ASSET-00021,Preventive,0,,000050000018
WO-2050112,ASSET-00021,Emergency,81,961,000050000018
WO-2050113,ASSET-00021,Corrective,44,1485,000050000018
WO-2050114,ASSET-00021,Emergency,218,1260,000050000018
WO-2050115,ASSET-00022,Preventive,0,,000050000019
WO-2050116,ASSET-00022,Preventive,0,,000050000019
WO-2050117,ASSET-00022,Preventive,0,,000050000019
WO-2050118,ASSET-00022,Emergency,474,1694,000050000019
WO-2050119,ASSET-00023,Corrective,69,1729,000050000020
WO-2050120,ASSET-00023,Corrective,238,1535,000050000020
WO-2050121,ASSET-00023,Corrective,127,1337,000050000020
WO-2050122,ASSET-00023,Preventive,0,,000050000020
WO-2050123,ASSET-00023,Corrective,109,1260,000050000020
WO-2050124,ASSET-00023,Preventive,0,,000050000020
WO-2050125,ASSET-00024,Preventive,0,,000050000021
WO-2050126,ASSET-00024,Preventive,0,,000050000021
WO-2050127,ASSET-00024,Corrective,88,837,000050000021
WO-2050128,ASSET-00024,Corrective,217,624,000050000021
WO-2050129,ASSET-00024,Preventive,0,,000050000021
WO-2050130,ASSET-00024,Preventive,0,,000050000021
WO-2050131,ASSET-00025,Preventive,0,,000050000023
WO-2050132,ASSET-00025,Preventive,0,,000050000023
WO-2050133,ASSET-00025,Preventive,0,,000050000023
WO-2050134,ASSET-00025,Preventive,0,,000050000023
WO-2050135,ASSET-00026,Preventive,0,,000050000024
WO-2050136,ASSET-00026,Preventive,0,,000050000024
WO-2050137,ASSET-00026,Corrective,147,1195,000050000024
WO-2050138,ASSET-00026,Corrective,173,1817,000050000024
WO-2050139,ASSET-00026,Corrective,44,315,000050000024
WO-2050140,ASSET-00026,Preventive,0,,000050000024
WO-2050141,ASSET-00027,Corrective,211,993,000050000025
WO-2050142,ASSET-00027,Preventive,0,,000050000025
WO-2050143,ASSET-00027,Corrective,181,259,000050000025
WO-2050144,ASSET-00027,Corrective,77,604,000050000025
WO-2050145,ASSET-00027,Preventive,0,,000050000025
WO-2050146,ASSET-00027,Preventive,0,,000050000025
WO-2050147,ASSET-00027,Emergency,344,1651,000050000025
WO-2050148,ASSET-00027,Preventive,0,,000050000025
WO-2050149,ASSET-00028,Preventive,0,,000050000026
WO-2050150,ASSET-00028,Emergency,121,1289,000050000026
WO-2050151,ASSET-00028,Corrective,62,201,000050000026
WO-2050152,ASSET-00028,Emergency,140,596,000050000026
WO-2050153,ASSET-00029,Corrective,54,1887,000050000027
WO-2050154,ASSET-00029,Corrective,31,624,000050000027
WO-2050155,ASSET-00029,Preventive,0,,000050000027
WO-2050156,ASSET-00030,Corrective,195,1083,000050000028
WO-2050157,ASSET-00030,Preventive,0,,000050000028
WO-2050158,ASSET-00030,Preventive,0,,000050000028
WO-2050159,ASSET-00030,Preventive,0,,000050000028
WO-2050160,ASSET-00031,Corrective,102,543,000050000029
WO-2050161,ASSET-00031,Preventive,0,,000050000029
WO-2050162,ASSET-00031,Corrective,39,937,000050000029
WO-2050163,ASSET-00031,Corrective,211,1581,000050000029
WO-2050164,ASSET-00032,Preventive,0,,000050000030
WO-2050165,ASSET-00032,Preventive,0,,000050000030
WO-2050166,ASSET-00032,Preventive,0,,000050000030
WO-2050167,ASSET-00032,Corrective,98,1991,000050000030
WO-2050168,ASSET-00032,Preventive,0,,000050000030
WO-2050169,ASSET-00032,Corrective,136,1243,000050000030
WO-2050170,ASSET-00032,Preventive,0,,000050000030
WO-2050171,ASSET-00033,Preventive,0,,000050000031
WO-2050172,ASSET-00033,Preventive,0,,000050000031
WO-2050173,ASSET-00033,Corrective,36,1526,000050000031
WO-2050174,ASSET-00033,Preventive,0,,000050000031
WO-2050175,ASSET-00033,Emergency,158,967,000050000031
WO-2050176,ASSET-00034,Corrective,84,1442,000050000032
WO-2050177,ASSET-00034,Emergency,334,1835,000050000032
WO-2050178,ASSET-00035,Preventive,0,,000050000033
WO-2050179,ASSET-00035,Preventive,0,,000050000033
WO-2050180,ASSET-00035,Emergency,109,834,000050000033
WO-2050181,ASSET-00035,Emergency,184,572,000050000033
WO-2050182,ASSET-00035,Corrective,38,365,000050000033
WO-2050183,ASSET-00036,Preventive,0,,000050000034
WO-2050184,ASSET-00036,Preventive,0,,000050000034
WO-2050185,ASSET-00036,Corrective,179,1201,000050000034
WO-2050186,ASSET-00036,Preventive,0,,000050000034
WO-2050187,ASSET-00037,Corrective,63,565,000050000035
WO-2050188,ASSET-00037,Preventive,0,,000050000035
WO-2050189,ASSET-00037,Preventive,0,,000050000035
WO-2050190,ASSET-00037,Preventive,0,,000050000035
WO-2050191,ASSET-00038,Preventive,0,,000050000036
WO-2050192,ASSET-00038,Preventive,0,,000050000036
WO-2050193,ASSET-00038,Preventive,0,,000050000036
WO-2050194,ASSET-00038,Corrective,96,1098,000050000036
WO-2050195,ASSET-00038,Preventive,0,,000050000036
WO-2050196,ASSET-00038,Preventive,0,,000050000036
WO-2050197,ASSET-00039,Corrective,232,1192,000050000037
WO-2050198,ASSET-00039,Emergency,566,519,000050000037
WO-2050199,ASSET-00039,Preventive,0,,000050000037
WO-2050200,ASSET-00039,Preventive,0,,000050000037
WO-2050201,ASSET-00040,Preventive,0,,000050000038
WO-2050202,ASSET-00040,Preventive,0,,000050000038
WO-2050203,ASSET-00040,Corrective,107,853,000050000038
WO-2050204,ASSET-00040,Preventive,0,,000050000038
WO-2050205,ASSET-00040,Preventive,0,,000050000038
WO-2050206,ASSET-00041,Preventive,0,,000050000040
WO-2050207,ASSET-00041,Preventive,0,,000050000040
WO-2050208,ASSET-00041,Corrective,30,1677,000050000040
WO-2050209,ASSET-00041,Corrective,189,719,000050000040
WO-2050210,ASSET-00042,Corrective,50,671,000050000041
WO-2050211,ASSET-00042,Emergency,379,651,000050000041
WO-2050212,ASSET-00042,Preventive,0,,000050000041
WO-2050213,ASSET-00042,Emergency,299,1440,000050000041
WO-2050214,ASSET-00042,Corrective,196,1449,000050000041
WO-2050215,ASSET-00043,Preventive,0,,000050000042
WO-2050216,ASSET-00043,Preventive,0,,000050000042
WO-2050217,ASSET-00043,Preventive,0,,000050000042
WO-2050218,ASSET-00043,Emergency,95,1236,000050000042
WO-2050219,ASSET-00043,Corrective,220,753,000050000042
WO-2050220,ASSET-00043,Emergency,208,1745,000050000042
WO-2050221,ASSET-00044,Corrective,106,450,
WO-2050222,ASSET-00044,Corrective,223,545,
WO-2050223,ASSET-00044,Emergency,309,1476,
WO-2050224,ASSET-00044,Emergency,558,439,
WO-2050225,ASSET-00044,Corrective,77,1328,
WO-2050226,ASSET-00044,Corrective,125,1959,
WO-2050227,ASSET-00044,Corrective,44,361,
WO-2050228,ASSET-00045,Emergency,342,1541,000050000043
WO-2050229,ASSET-00045,Corrective,101,430,000050000043
WO-2050230,ASSET-00045,Preventive,0,,000050000043
WO-2050231,ASSET-00046,Preventive,0,,000050000044
WO-2050232,ASSET-00046,Corrective,163,269,000050000044
WO-2050233,ASSET-00046,Preventive,0,,000050000044
WO-2050234,ASSET-00046,Preventive,0,,000050000044
WO-2050235,ASSET-00046,Emergency,554,1183,000050000044
WO-2050236,ASSET-00047,Corrective,110,251,000050000045
WO-2050237,ASSET-00047,Corrective,49,857,000050000045
WO-2050238,ASSET-00047,Preventive,0,,000050000045
WO-2050239,ASSET-00047,Preventive,0,,000050000045
WO-2050240,ASSET-00047,Preventive,0,,000050000045
WO-2050241,ASSET-00048,Preventive,0,,000050000046
WO-2050242,ASSET-00048,Corrective,133,1353,000050000046
WO-2050243,ASSET-00048,Preventive,0,,000050000046
WO-2050244,ASSET-00049,Corrective,54,1064,000050000048
WO-2050245,ASSET-00049,Preventive,0,,000050000048
WO-2050246,ASSET-00049,Corrective,57,1071,000050000048
WO-2050247,ASSET-00049,Corrective,74,549,000050000048
WO-2050248,ASSET-00049,Preventive,0,,000050000048
WO-2050249,ASSET-00049,Preventive,0,,000050000048
WO-2050250,ASSET-00049,Preventive,0,,000050000048
WO-2050251,ASSET-00049,Preventive,0,,000050000048
WO-2050252,ASSET-00050,Corrective,116,1709,
WO-2050253,ASSET-00050,Preventive,0,,
WO-2050254,ASSET-00050,Corrective,238,1369,
WO-2050255,ASSET-00050,Preventive,0,,
WO-2050256,ASSET-00050,Preventive,0,,
WO-2050257,ASSET-00050,Preventive,0,,
WO-2050258,ASSET-00051,Preventive,0,,000050000049
WO-2050259,ASSET-00051,Preventive,0,,000050000049
WO-2050260,ASSET-00051,Preventive,0,,000050000049
WO-2050261,ASSET-00051,Preventive,0,,000050000049
WO-2050262,ASSET-00051,Corrective,62,1651,000050000049
WO-2050263,ASSET-00052,Preventive,0,,000050000050
WO-2050264,ASSET-00052,Corrective,51,1146,000050000050
WO-2050265,ASSET-00052,Corrective,79,1256,000050000050
WO-2050266,ASSET-00052,Corrective,197,450,000050000050
WO-2050267,ASSET-00052,Preventive,0,,000050000050
WO-2050268,ASSET-00052,Emergency,67,1370,000050000050
WO-2050269,ASSET-00052,Corrective,39,856,000050000050
WO-2050270,ASSET-00053,Preventive,0,,000050000051
WO-2050271,ASSET-00053,Preventive,0,,000050000051
WO-2050272,ASSET-00053,Corrective,56,1053,000050000051
WO-2050273,ASSET-00053,Preventive,0,,000050000051
WO-2050274,ASSET-00054,Preventive,0,,000050000052
WO-2050275,ASSET-00054,Preventive,0,,000050000052
WO-2050276,ASSET-00054,Corrective,74,753,000050000052
WO-2050277,ASSET-00055,Preventive,0,,000050000053
WO-2050278,ASSET-00055,Preventive,0,,000050000053
WO-2050279,ASSET-00055,Preventive,0,,000050000053
WO-2050280,ASSET-00055,Preventive,0,,000050000053
WO-2050281,ASSET-00055,Corrective,224,377,000050000053
WO-2050282,ASSET-00055,Preventive,0,,000050000053
WO-2050283,ASSET-00055,Corrective,193,829,000050000053
WO-2050284,ASSET-00056,Corrective,229,335,000050000054
WO-2050285,ASSET-00057,Preventive,0,,000050000055
WO-2050286,ASSET-00057,Corrective,153,240,000050000055
WO-2050287,ASSET-00058,Preventive,0,,000050000056
WO-2050288,ASSET-00058,Preventive,0,,000050000056
WO-2050289,ASSET-00058,Preventive,0,,000050000056
WO-2050290,ASSET-00058,Corrective,53,919,000050000056
WO-2050291,ASSET-00058,Corrective,227,662,000050000056
WO-2050292,ASSET-00058,Corrective,161,1096,000050000056
WO-2050293,ASSET-00058,Preventive,0,,000050000056
WO-2050294,ASSET-00058,Preventive,0,,000050000056
WO-2050295,ASSET-00059,Preventive,0,,000050000057
WO-2050296,ASSET-00059,Corrective,221,1933,000050000057
WO-2050297,ASSET-00059,Preventive,0,,000050000057
WO-2050298,ASSET-00059,Corrective,118,375,000050000057
WO-2050299,ASSET-00060,Emergency,356,207,
WO-2050300,ASSET-00060,Preventive,0,,
WO-2050301,ASSET-00060,Corrective,210,1701,
WO-2050302,ASSET-00060,Preventive,0,,
WO-2050303,ASSET-00060,Emergency,471,1263,
WO-2050304,ASSET-00060,Corrective,69,1766,
WO-2050305,ASSET-00060,Corrective,74,1736,
WO-2050306,ASSET-00061,Preventive,0,,000050000058
WO-2050307,ASSET-00061,Emergency,235,306,000050000058
WO-2050308,ASSET-00061,Corrective,158,760,000050000058
WO-2050309,ASSET-00061,Preventive,0,,000050000058
WO-2050310,ASSET-00061,Preventive,0,,000050000058
WO-2050311,ASSET-00062,Corrective,70,1124,000050000059
WO-2050312,ASSET-00062,Preventive,0,,000050000059
WO-2050313,ASSET-00062,Emergency,151,1118,000050000059
WO-2050314,ASSET-00063,Preventive,0,,000050000060
WO-2050315,ASSET-00063,Emergency,500,1598,000050000060
WO-2050316,ASSET-00063,Corrective,37,627,000050000060
WO-2050317,ASSET-00063,Preventive,0,,000050000060
WO-2050318,ASSET-00063,Corrective,145,944,000050000060
WO-2050319,ASSET-00063,Preventive,0,,000050000060
WO-2050320,ASSET-00064,Preventive,0,,000050000061
WO-2050321,ASSET-00064,Preventive,0,,000050000061
WO-2050322,ASSET-00064,Corrective,92,877,000050000061
WO-2050323,ASSET-00064,Preventive,0,,000050000061
WO-2050324,ASSET-00064,Preventive,0,,000050000061
WO-2050325,ASSET-00064,Corrective,52,489,000050000061
WO-2050326,ASSET-00064,Corrective,143,964,000050000061
WO-2050327,ASSET-00065,Preventive,0,,000050000062
WO-2050328,ASSET-00065,Emergency,177,1026,000050000062
WO-2050329,ASSET-00065,Preventive,0,,000050000062
WO-2050330,ASSET-00065,Preventive,0,,000050000062
WO-2050331,ASSET-00065,Corrective,153,1377,000050000062
WO-2050332,ASSET-00066,Preventive,0,,
WO-2050333,ASSET-00066,Preventive,0,,
WO-2050334,ASSET-00066,Preventive,0,,
WO-2050335,ASSET-00066,Corrective,43,1573,
WO-2050336,ASSET-00066,Emergency,582,624,
WO-2050337,ASSET-00067,Emergency,134,1218,
WO-2050338,ASSET-00067,Corrective,172,1339,
WO-2050339,ASSET-00067,Emergency,476,1072,
WO-2050340,ASSET-00067,Preventive,0,,
WO-2050341,ASSET-00067,Preventive,0,,
WO-2050342,ASSET-00067,Preventive,0,,
WO-2050343,ASSET-00067,Corrective,70,466,
WO-2050344,ASSET-00067,Preventive,0,,
WO-2050345,ASSET-00067,Preventive,0,,
WO-2050346,ASSET-00067,Preventive,0,,
WO-2050347,ASSET-00067,Preventive,0,,
WO-2050348,ASSET-00068,Corrective,117,431,000050000063
WO-2050349,ASSET-00068,Corrective,135,1114,000050000063
WO-2050350,ASSET-00068,Preventive,0,,000050000063
WO-2050351,ASSET-00068,Preventive,0,,000050000063
WO-2050352,ASSET-00068,Corrective,110,1155,000050000063
WO-2050353,ASSET-00069,Preventive,0,,000050000064
WO-2050354,ASSET-00069,Preventive,0,,000050000064
WO-2050355,ASSET-00069,Preventive,0,,000050000064
WO-2050356,ASSET-00069,Corrective,40,665,000050000064
WO-2050357,ASSET-00069,Corrective,184,1617,000050000064
WO-2050358,ASSET-00070,Corrective,36,301,000050000065
WO-2050359,ASSET-00070,Preventive,0,,000050000065
WO-2050360,ASSET-00070,Corrective,45,803,000050000065
WO-2050361,ASSET-00070,Preventive,0,,000050000065
WO-2050362,ASSET-00070,Corrective,69,1539,000050000065
WO-2050363,ASSET-00070,Preventive,0,,000050000065
WO-2050364,ASSET-00071,Preventive,0,,000050000066
WO-2050365,ASSET-00071,Preventive,0,,000050000066
WO-2050366,ASSET-00071,Preventive,0,,000050000066
WO-2050367,ASSET-00071,Preventive,0,,000050000066
WO-2050368,ASSET-00071,Preventive,0,,000050000066
WO-2050369,ASSET-00072,Preventive,0,,000050000067
WO-2050370,ASSET-00072,Corrective,150,919,000050000067
WO-2050371,ASSET-00072,Preventive,0,,000050000067
WO-2050372,ASSET-00073,Preventive,0,,000050000068
WO-2050373,ASSET-00073,Corrective,42,1813,000050000068
WO-2050374,ASSET-00073,Emergency,104,1275,000050000068
WO-2050375,ASSET-00073,Corrective,56,966,000050000068
WO-2050376,ASSET-00073,Emergency,295,351,000050000068
WO-2050377,ASSET-00073,Corrective,114,483,000050000068
WO-2050378,ASSET-00073,Preventive,0,,000050000068
WO-2050379,ASSET-00073,Corrective,35,957,000050000068
WO-2050380,ASSET-00074,Emergency,148,1135,000050000069
WO-2050381,ASSET-00074,Preventive,0,,000050000069
WO-2050382,ASSET-00074,Preventive,0,,000050000069
WO-2050383,ASSET-00074,Corrective,167,233,000050000069
WO-2050384,ASSET-00074,Corrective,129,1583,000050000069
WO-2050385,ASSET-00075,Corrective,77,1750,000050000070
WO-2050386,ASSET-00075,Emergency,272,1474,000050000070
WO-2050387,ASSET-00075,Preventive,0,,000050000070
WO-2050388,ASSET-00075,Corrective,127,1431,000050000070
WO-2050389,ASSET-00076,Corrective,143,1112,000050000071
WO-2050390,ASSET-00076,Preventive,0,,000050000071
WO-2050391,ASSET-00076,Preventive,0,,000050000071
WO-2050392,ASSET-00076,Preventive,0,,000050000071
WO-2050393,ASSET-00076,Preventive,0,,000050000071
WO-2050394,ASSET-00076,Corrective,33,1158,000050000071
WO-2050395,ASSET-00077,Preventive,0,,
WO-2050396,ASSET-00077,Preventive,0,,
WO-2050397,ASSET-00077,Corrective,188,1659,
WO-2050398,ASSET-00077,Preventive,0,,
WO-2050399,ASSET-00077,Preventive,0,,
WO-2050400,ASSET-00078,Emergency,543,1337,
WO-2050401,ASSET-00078,Preventive,0,,
WO-2050402,ASSET-00078,Preventive,0,,
WO-2050403,ASSET-00078,Corrective,163,422,
WO-2050404,ASSET-00078,Preventive,0,,
WO-2050405,ASSET-00078,Preventive,0,,
WO-2050406,ASSET-00078,Emergency,522,1484,
WO-2050407,ASSET-00078,Preventive,0,,
WO-2050408,ASSET-00078,Preventive,0,,
WO-2050409,ASSET-00079,Preventive,0,,000050000072
WO-2050410,ASSET-00079,Corrective,87,303,000050000072
WO-2050411,ASSET-00079,Preventive,0,,000050000072
WO-2050412,ASSET-00079,Preventive,0,,000050000072
WO-2050413,ASSET-00080,Preventive,0,,
WO-2050414,ASSET-00080,Corrective,95,763,
WO-2050415,ASSET-00080,Preventive,0,,
WO-2050416,ASSET-00080,Preventive,0,,
WO-2050417,ASSET-00080,Preventive,0,,
WO-2050418,ASSET-00081,Emergency,198,267,
WO-2050419,ASSET-00081,Preventive,0,,
WO-2050420,ASSET-00081,Preventive,0,,
WO-2050421,ASSET-00082,Preventive,0,,000050000073
WO-2050422,ASSET-00082,Corrective,163,247,000050000073
WO-2050423,ASSET-00082,Emergency,501,1541,000050000073
WO-2050424,ASSET-00083,Preventive,0,,000050000074
WO-2050425,ASSET-00083,Emergency,491,1876,000050000074
WO-2050426,ASSET-00083,Corrective,78,1955,000050000074
WO-2050427,ASSET-00083,Corrective,157,1515,000050000074
WO-2050428,ASSET-00083,Preventive,0,,000050000074
WO-2050429,ASSET-00084,Corrective,50,1940,000050000075
WO-2050430,ASSET-00084,Emergency,199,825,000050000075
WO-2050431,ASSET-00084,Corrective,216,825,000050000075
WO-2050432,ASSET-00085,Preventive,0,,000050000076
WO-2050433,ASSET-00085,Corrective,220,660,000050000076
WO-2050434,ASSET-00085,Preventive,0,,000050000076
WO-2050435,ASSET-00086,Corrective,215,1657,000050000077
WO-2050436,ASSET-00086,Preventive,0,,000050000077
WO-2050437,ASSET-00086,Corrective,44,601,000050000077
WO-2050438,ASSET-00086,Emergency,171,740,000050000077
WO-2050439,ASSET-00086,Corrective,146,1220,000050000077
WO-2050440,ASSET-00086,Preventive,0,,000050000077
WO-2050441,ASSET-00086,Preventive,0,,000050000077
WO-2050442,ASSET-00086,Preventive,0,,000050000077
WO-2050443,ASSET-00087,Preventive,0,,000050000078
WO-2050444,ASSET-00087,Preventive,0,,000050000078
WO-2050445,ASSET-00087,Preventive,0,,000050000078
WO-2050446,ASSET-00087,Corrective,216,227,000050000078
WO-2050447,ASSET-00087,Preventive,0,,000050000078
WO-2050448,ASSET-00087,Corrective,181,1864,000050000078
WO-2050449,ASSET-00087,Preventive,0,,000050000078
WO-2050450,ASSET-00088,Corrective,32,1641,
WO-2050451,ASSET-00088,Corrective,230,548,
WO-2050452,ASSET-00088,Corrective,120,572,
WO-2050453,ASSET-00088,Preventive,0,,
WO-2050454,ASSET-00089,Preventive,0,,000050000079
WO-2050455,ASSET-00089,Preventive,0,,000050000079
WO-2050456,ASSET-00089,Corrective,239,1489,000050000079
WO-2050457,ASSET-00089,Preventive,0,,000050000079
WO-2050458,ASSET-00090,Preventive,0,,000050000080
WO-2050459,ASSET-00090,Preventive,0,,000050000080
WO-2050460,ASSET-00090,Corrective,234,1043,000050000080
WO-2050461,ASSET-00090,Preventive,0,,000050000080
WO-2050462,ASSET-00090,Preventive,0,,000050000080
WO-2050463,ASSET-00090,Emergency,325,1168,000050000080
WO-2050464,ASSET-00090,Preventive,0,,000050000080
WO-2050465,ASSET-00090,Preventive,0,,000050000080
WO-2050466,ASSET-00090,Corrective,208,1278,000050000080
WO-2050467,ASSET-00091,Preventive,0,,000050000081
WO-2050468,ASSET-00091,Preventive,0,,000050000081
WO-2050469,ASSET-00091,Preventive,0,,000050000081
WO-2050470,ASSET-00091,Corrective,70,1206,000050000081
WO-2050471,ASSET-00091,Preventive,0,,000050000081
WO-2050472,ASSET-00092,Corrective,240,332,
WO-2050473,ASSET-00092,Corrective,204,443,
WO-2050474,ASSET-00092,Preventive,0,,
WO-2050475,ASSET-00092,Preventive,0,,
WO-2050476,ASSET-00093,Corrective,233,245,000050000082
WO-2050477,ASSET-00093,Corrective,85,1878,000050000082
WO-2050478,ASSET-00093,Corrective,85,1321,000050000082
WO-2050479,ASSET-00093,Corrective,231,1894,000050000082
WO-2050480,ASSET-00094,Corrective,88,1361,000050000083
WO-2050481,ASSET-00094,Corrective,162,782,000050000083
WO-2050482,ASSET-00094,Emergency,526,1293,000050000083
WO-2050483,ASSET-00094,Preventive,0,,000050000083
WO-2050484,ASSET-00094,Preventive,0,,000050000083
WO-2050485,ASSET-00094,Preventive,0,,000050000083
WO-2050486,ASSET-00095,Preventive,0,,000050000084
WO-2050487,ASSET-00095,Corrective,168,964,000050000084
WO-2050488,ASSET-00096,Preventive,0,,000050000085
WO-2050489,ASSET-00096,Preventive,0,,000050000085
WO-2050490,ASSET-00096,Corrective,39,461,000050000085
WO-2050491,ASSET-00096,Preventive,0,,000050000085
WO-2050492,ASSET-00096,Emergency,473,347,000050000085
WO-2050493,ASSET-00097,Preventive,0,,000050000086
WO-2050494,ASSET-00097,Corrective,70,201,000050000086
WO-2050495,ASSET-00098,Preventive,0,,000050000087
WO-2050496,ASSET-00098,Preventive,0,,000050000087
WO-2050497,ASSET-00098,Corrective,35,1462,000050000087
WO-2050498,ASSET-00098,Emergency,278,826,000050000087
WO-2050499,ASSET-00098,Corrective,153,1450,000050000087
WO-2050500,ASSET-00098,Corrective,216,1571,000050000087
WO-2050501,ASSET-00099,Preventive,0,,000050000088
WO-2050502,ASSET-00099,Emergency,463,1551,000050000088
WO-2050503,ASSET-00099,Corrective,52,656,000050000088
WO-2050504,ASSET-00099,Preventive,0,,000050000088
WO-2050505,ASSET-00099,Preventive,0,,000050000088
WO-2050506,ASSET-00099,Preventive,0,,000050000088
WO-2050507,ASSET-00100,Preventive,0,,000050000089
WO-2050508,ASSET-00100,Corrective,231,539,000050000089
WO-2050509,ASSET-00100,Preventive,0,,000050000089
WO-2050510,ASSET-00100,Preventive,0,,000050000089
WO-2050511,ASSET-00100,Emergency,322,1567,000050000089
WO-2050512,ASSET-00101,Corrective,209,1556,000050000090
WO-2050513,ASSET-00101,Corrective,185,1907,000050000090
WO-2050514,ASSET-00101,Corrective,77,1432,000050000090
WO-2050515,ASSET-00102,Corrective,208,1318,000050000091
WO-2050516,ASSET-00102,Preventive,0,,000050000091
WO-2050517,ASSET-00102,Corrective,36,651,000050000091
WO-2050518,ASSET-00102,Preventive,0,,000050000091
WO-2050519,ASSET-00103,Corrective,217,1847,000050000092
WO-2050520,ASSET-00103,Preventive,0,,000050000092
WO-2050521,ASSET-00104,Preventive,0,,000050000093
WO-2050522,ASSET-00104,Preventive,0,,000050000093
WO-2050523,ASSET-00104,Emergency,391,828,000050000093
WO-2050524,ASSET-00105,Preventive,0,,000050000094
WO-2050525,ASSET-00106,Preventive,0,,000050000095
WO-2050526,ASSET-00106,Corrective,237,529,000050000095
WO-2050527,ASSET-00106,Preventive,0,,000050000095
WO-2050528,ASSET-00106,Emergency,342,1092,000050000095
WO-2050529,ASSET-00106,Preventive,0,,000050000095
WO-2050530,ASSET-00106,Corrective,184,802,000050000095
WO-2050531,ASSET-00107,Preventive,0,,000050000096
WO-2050532,ASSET-00107,Preventive,0,,000050000096
WO-2050533,ASSET-00107,Preventive,0,,000050000096
WO-2050534,ASSET-00107,Preventive,0,,000050000096
WO-2050535,ASSET-00107,Corrective,195,1766,000050000096
WO-2050536,ASSET-00107,Corrective,40,1769,000050000096
WO-2050537,ASSET-00107,Preventive,0,,000050000096
WO-2050538,ASSET-00107,Preventive,0,,000050000096
WO-2050539,ASSET-00107,Preventive,0,,000050000096
WO-2050540,ASSET-00108,Preventive,0,,000050000097
WO-2050541,ASSET-00108,Preventive,0,,000050000097
WO-2050542,ASSET-00108,Corrective,42,999,000050000097
WO-2050543,ASSET-00108,Corrective,136,546,000050000097
WO-2050544,ASSET-00108,Preventive,0,,000050000097
WO-2050545,ASSET-00108,Preventive,0,,000050000097
WO-2050546,ASSET-00109,Corrective,227,1833,000050000099
WO-2050547,ASSET-00109,Preventive,0,,000050000099
WO-2050548,ASSET-00109,Corrective,215,1688,000050000099
WO-2050549,ASSET-00109,Corrective,230,1655,000050000099
WO-2050550,ASSET-00109,Corrective,123,349,000050000099
WO-2050551,ASSET-00109,Corrective,234,1807,000050000099
WO-2050552,ASSET-00109,Emergency,425,799,000050000099
WO-2050553,ASSET-00110,Preventive,0,,000050000100
WO-2050554,ASSET-00110,Preventive,0,,000050000100
WO-2050555,ASSET-00110,Corrective,168,512,000050000100
WO-2050556,ASSET-00111,Preventive,0,,000050000101
WO-2050557,ASSET-00111,Corrective,171,775,000050000101
WO-2050558,ASSET-00111,Corrective,154,603,000050000101
WO-2050559,ASSET-00112,Emergency,206,1322,000050000102
WO-2050560,ASSET-00112,Corrective,93,562,000050000102
WO-2050561,ASSET-00112,Corrective,123,231,000050000102
WO-2050562,ASSET-00112,Preventive,0,,000050000102
WO-2050563,ASSET-00112,Corrective,116,1932,000050000102
WO-2050564,ASSET-00112,Preventive,0,,000050000102
WO-2050565,ASSET-00113,Preventive,0,,000050000103
WO-2050566,ASSET-00113,Preventive,0,,000050000103
WO-2050567,ASSET-00113,Preventive,0,,000050000103
WO-2050568,ASSET-00113,Preventive,0,,000050000103
WO-2050569,ASSET-00113,Corrective,208,462,000050000103
WO-2050570,ASSET-00113,Preventive,0,,000050000103
WO-2050571,ASSET-00113,Corrective,88,1772,000050000103
WO-2050572,ASSET-00114,Preventive,0,,000050000104
WO-2050573,ASSET-00114,Preventive,0,,000050000104
WO-2050574,ASSET-00114,Corrective,80,1049,000050000104
WO-2050575,ASSET-00114,Preventive,0,,000050000104
WO-2050576,ASSET-00114,Preventive,0,,000050000104
WO-2050577,ASSET-00114,Preventive,0,,000050000104
WO-2050578,ASSET-00115,Preventive,0,,000050000105
WO-2050579,ASSET-00115,Corrective,221,669,000050000105
WO-2050580,ASSET-00115,Preventive,0,,000050000105
WO-2050581,ASSET-00115,Preventive,0,,000050000105
WO-2050582,ASSET-00115,Preventive,0,,000050000105
WO-2050583,ASSET-00116,Corrective,137,1823,000050000106
WO-2050584,ASSET-00116,Corrective,229,1451,000050000106
WO-2050585,ASSET-00116,Corrective,62,830,000050000106
WO-2050586,ASSET-00117,Corrective,62,1037,000050000107
WO-2050587,ASSET-00117,Corrective,189,704,000050000107
WO-2050588,ASSET-00117,Preventive,0,,000050000107
WO-2050589,ASSET-00117,Emergency,415,1514,000050000107
WO-2050590,ASSET-00117,Preventive,0,,000050000107
WO-2050591,ASSET-00118,Emergency,289,1023,000050000108
WO-2050592,ASSET-00118,Preventive,0,,000050000108
WO-2050593,ASSET-00118,Corrective,178,1251,000050000108
WO-2050594,ASSET-00118,Emergency,454,1769,000050000108
WO-2050595,ASSET-00118,Preventive,0,,000050000108
WO-2050596,ASSET-00118,Corrective,156,1382,000050000108
WO-2050597,ASSET-00118,Corrective,97,304,000050000108
WO-2050598,ASSET-00118,Preventive,0,,000050000108
WO-2050599,ASSET-00119,Preventive,0,,000050000109
WO-2050600,ASSET-00119,Preventive,0,,000050000109
WO-2050601,ASSET-00119,Preventive,0,,000050000109
WO-2050602,ASSET-00119,Preventive,0,,000050000109
WO-2050603,ASSET-00119,Corrective,164,1408,000050000109
WO-2050604,ASSET-00120,Preventive,0,,000050000110
WO-2050605,ASSET-00120,Preventive,0,,000050000110
WO-2050606,ASSET-00120,Corrective,75,1104,000050000110
WO-2050607,ASSET-00120,Preventive,0,,000050000110
WO-2050608,ASSET-00120,Corrective,223,1500,000050000110
WO-2050609,ASSET-00120,Preventive,0,,000050000110
WO-2050610,ASSET-00121,Corrective,93,361,000050000111
WO-2050611,ASSET-00121,Emergency,504,1829,000050000111
WO-2050612,ASSET-00122,Corrective,156,318,000050000112
WO-2050613,ASSET-00122,Preventive,0,,000050000112
WO-2050614,ASSET-00122,Preventive,0,,000050000112
WO-2050615,ASSET-00122,Preventive,0,,000050000112
WO-2050616,ASSET-00122,Corrective,47,1396,000050000112
WO-2050617,ASSET-00122,Corrective,196,1267,000050000112
WO-2050618,ASSET-00123,Corrective,141,1783,000050000113
WO-2050619,ASSET-00123,Preventive,0,,000050000113
WO-2050620,ASSET-00123,Corrective,180,1199,000050000113
WO-2050621,ASSET-00123,Corrective,154,673,000050000113
WO-2050622,ASSET-00123,Preventive,0,,000050000113
WO-2050623,ASSET-00124,Corrective,43,1901,000050000114
WO-2050624,ASSET-00124,Corrective,80,376,000050000114
WO-2050625,ASSET-00124,Corrective,219,797,000050000114
WO-2050626,ASSET-00125,Preventive,0,,000050000115
WO-2050627,ASSET-00125,Corrective,34,882,000050000115
WO-2050628,ASSET-00125,Corrective,56,1307,000050000115
WO-2050629,ASSET-00125,Preventive,0,,000050000115
WO-2050630,ASSET-00125,Preventive,0,,000050000115
WO-2050631,ASSET-00125,Corrective,159,742,000050000115
WO-2050632,ASSET-00126,Corrective,104,997,000050000116
WO-2050633,ASSET-00126,Preventive,0,,000050000116
WO-2050634,ASSET-00126,Corrective,100,1174,000050000116
WO-2050635,ASSET-00126,Emergency,290,237,000050000116
WO-2050636,ASSET-00127,Preventive,0,,000050000117
WO-2050637,ASSET-00127,Preventive,0,,000050000117
WO-2050638,ASSET-00127,Preventive,0,,000050000117
WO-2050639,ASSET-00128,Preventive,0,,000050000118
WO-2050640,ASSET-00128,Preventive,0,,000050000118
WO-2050641,ASSET-00128,Preventive,0,,000050000118
WO-2050642,ASSET-00128,Corrective,110,1777,000050000118
WO-2050643,ASSET-00128,Preventive,0,,000050000118
WO-2050644,ASSET-00128,Preventive,0,,000050000118
WO-2050645,ASSET-00129,Preventive,0,,000050000119
WO-2050646,ASSET-00129,Preventive,0,,000050000119
WO-2050647,ASSET-00129,Corrective,36,738,000050000119
WO-2050648,ASSET-00129,Preventive,0,,000050000119
WO-2050649,ASSET-00129,Emergency,261,642,000050000119
WO-2050650,ASSET-00130,Preventive,0,,000050000120
WO-2050651,ASSET-00130,Preventive,0,,000050000120
WO-2050652,ASSET-00130,Corrective,108,656,000050000120
WO-2050653,ASSET-00130,Corrective,61,878,000050000120
WO-2050654,ASSET-00130,Preventive,0,,000050000120
WO-2050655,ASSET-00131,Corrective,181,1922,000050000121
WO-2050656,ASSET-00131,Corrective,43,788,000050000121
WO-2050657,ASSET-00131,Corrective,163,1865,000050000121
WO-2050658,ASSET-00131,Corrective,80,1338,000050000121
WO-2050659,ASSET-00131,Preventive,0,,000050000121
WO-2050660,ASSET-00131,Preventive,0,,000050000121
WO-2050661,ASSET-00131,Corrective,127,714,000050000121
WO-2050662,ASSET-00131,Preventive,0,,000050000121
WO-2050663,ASSET-00132,Preventive,0,,
WO-2050664,ASSET-00132,Corrective,77,1151,
WO-2050665,ASSET-00132,Preventive,0,,
WO-2050666,ASSET-00132,Preventive,0,,
WO-2050667,ASSET-00132,Corrective,102,808,
WO-2050668,ASSET-00133,Corrective,204,1707,000050000122
WO-2050669,ASSET-00133,Preventive,0,,000050000122
WO-2050670,ASSET-00133,Corrective,141,1338,000050000122
WO-2050671,ASSET-00134,Corrective,176,1954,000050000123
WO-2050672,ASSET-00134,Preventive,0,,000050000123
WO-2050673,ASSET-00134,Corrective,75,746,000050000123
WO-2050674,ASSET-00134,Preventive,0,,000050000123
WO-2050675,ASSET-00135,Preventive,0,,000050000124
WO-2050676,ASSET-00135,Preventive,0,,000050000124
WO-2050677,ASSET-00135,Preventive,0,,000050000124
WO-2050678,ASSET-00135,Preventive,0,,000050000124
WO-2050679,ASSET-00135,Preventive,0,,000050000124
WO-2050680,ASSET-00135,Preventive,0,,000050000124
WO-2050681,ASSET-00136,Preventive,0,,000050000125
WO-2050682,ASSET-00136,Corrective,41,1342,000050000125
WO-2050683,ASSET-00136,Preventive,0,,000050000125
WO-2050684,ASSET-00137,Preventive,0,,000050000126
WO-2050685,ASSET-00137,Preventive,0,,000050000126
WO-2050686,ASSET-00137,Corrective,184,310,000050000126
WO-2050687,ASSET-00137,Emergency,95,758,000050000126
WO-2050688,ASSET-00137,Preventive,0,,000050000126
WO-2050689,ASSET-00137,Corrective,61,541,000050000126
WO-2050690,ASSET-00137,Emergency,108,420,000050000126
WO-2050691,ASSET-00138,Preventive,0,,000050000127
WO-2050692,ASSET-00138,Preventive,0,,000050000127
WO-2050693,ASSET-00138,Corrective,119,384,000050000127
WO-2050694,ASSET-00139,Corrective,104,857,000050000128
WO-2050695,ASSET-00139,Preventive,0,,000050000128
WO-2050696,ASSET-00139,Preventive,0,,000050000128
WO-2050697,ASSET-00139,Preventive,0,,000050000128
WO-2050698,ASSET-00139,Preventive,0,,000050000128
WO-2050699,ASSET-00140,Corrective,83,827,000050000129
WO-2050700,ASSET-00141,Corrective,104,1147,000050000130
WO-2050701,ASSET-00141,Emergency,276,1459,000050000130
WO-2050702,ASSET-00141,Preventive,0,,000050000130
WO-2050703,ASSET-00141,Preventive,0,,000050000130
WO-2050704,ASSET-00141,Corrective,66,989,000050000130
WO-2050705,ASSET-00142,Preventive,0,,000050000131
WO-2050706,ASSET-00142,Emergency,462,525,000050000131
WO-2050707,ASSET-00142,Corrective,125,397,000050000131
WO-2050708,ASSET-00142,Corrective,143,773,000050000131
WO-2050709,ASSET-00142,Preventive,0,,000050000131
WO-2050710,ASSET-00142,Preventive,0,,000050000131
WO-2050711,ASSET-00142,Preventive,0,,000050000131
WO-2050712,ASSET-00143,Preventive,0,,000050000132
WO-2050713,ASSET-00143,Corrective,152,1481,000050000132
WO-2050714,ASSET-00143,Preventive,0,,000050000132
WO-2050715,ASSET-00143,Corrective,110,339,000050000132
WO-2050716,ASSET-00144,Corrective,213,265,000050000133
WO-2050717,ASSET-00144,Preventive,0,,000050000133
WO-2050718,ASSET-00144,Corrective,61,967,000050000133
WO-2050719,ASSET-00145,Preventive,0,,000050000134
WO-2050720,ASSET-00145,Preventive,0,,000050000134
WO-2050721,ASSET-00146,Corrective,238,1415,000050000135
WO-2050722,ASSET-00146,Preventive,0,,000050000135
WO-2050723,ASSET-00146,Preventive,0,,000050000135
WO-2050724,ASSET-00146,Preventive,0,,000050000135
WO-2050725,ASSET-00146,Preventive,0,,000050000135
WO-2050726,ASSET-00147,Corrective,166,1703,000050000136
WO-2050727,ASSET-00147,Preventive,0,,000050000136
WO-2050728,ASSET-00147,Emergency,451,1229,000050000136
WO-2050729,ASSET-00147,Emergency,375,692,000050000136
WO-2050730,ASSET-00147,Corrective,100,1228,000050000136
WO-2050731,ASSET-00147,Preventive,0,,000050000136
WO-2050732,ASSET-00147,Corrective,78,788,000050000136
WO-2050733,ASSET-00148,Preventive,0,,000050000137
WO-2050734,ASSET-00148,Preventive,0,,000050000137
WO-2050735,ASSET-00148,Preventive,0,,000050000137
WO-2050736,ASSET-00149,Preventive,0,,000050000138
WO-2050737,ASSET-00149,Corrective,235,842,000050000138
WO-2050738,ASSET-00149,Preventive,0,,000050000138
WO-2050739,ASSET-00149,Corrective,118,1702,000050000138
WO-2050740,ASSET-00149,Emergency,513,1934,000050000138
WO-2050741,ASSET-00149,Corrective,147,670,000050000138
WO-2050742,ASSET-00150,Preventive,0,,000050000139
WO-2050743,ASSET-00150,Corrective,197,1615,000050000139
WO-2050744,ASSET-00150,Corrective,129,597,000050000139
WO-2050745,ASSET-00150,Preventive,0,,000050000139
WO-2050746,ASSET-00150,Preventive,0,,000050000139
WO-2050747,ASSET-00151,Preventive,0,,
WO-2050748,ASSET-00151,Preventive,0,,
WO-2050749,ASSET-00151,Corrective,102,1273,
WO-2050750,ASSET-00152,Preventive,0,,000050000140
WO-2050751,ASSET-00152,Preventive,0,,000050000140
WO-2050752,ASSET-00153,Corrective,223,607,000050000141
WO-2050753,ASSET-00153,Corrective,214,1507,000050000141
WO-2050754,ASSET-00153,Corrective,182,1996,000050000141
WO-2050755,ASSET-00153,Corrective,59,1262,000050000141
WO-2050756,ASSET-00154,Preventive,0,,000050000142
WO-2050757,ASSET-00154,Preventive,0,,000050000142
WO-2050758,ASSET-00154,Corrective,58,712,000050000142
WO-2050759,ASSET-00154,Preventive,0,,000050000142
WO-2050760,ASSET-00154,Preventive,0,,000050000142
WO-2050761,ASSET-00154,Corrective,149,1519,000050000142
WO-2050762,ASSET-00154,Corrective,136,1360,000050000142
WO-2050763,ASSET-00154,Preventive,0,,000050000142
WO-2050764,ASSET-00154,Corrective,120,646,000050000142
WO-2050765,ASSET-00154,Preventive,0,,000050000142
WO-2050766,ASSET-00155,Corrective,229,1649,
WO-2050767,ASSET-00155,Preventive,0,,
WO-2050768,ASSET-00155,Preventive,0,,
WO-2050769,ASSET-00155,Preventive,0,,
WO-2050770,ASSET-00155,Corrective,164,287,
WO-2050771,ASSET-00155,Preventive,0,,
WO-2050772,ASSET-00155,Preventive,0,,
WO-2050773,ASSET-00156,Corrective,99,1396,000050000143
WO-2050774,ASSET-00156,Corrective,133,1308,000050000143
WO-2050775,ASSET-00156,Preventive,0,,000050000143
WO-2050776,ASSET-00157,Corrective,86,353,000050000144
WO-2050777,ASSET-00157,Corrective,166,1470,000050000144
WO-2050778,ASSET-00157,Corrective,82,721,000050000144
WO-2050779,ASSET-00157,Preventive,0,,000050000144
WO-2050780,ASSET-00157,Preventive,0,,000050000144
WO-2050781,ASSET-00157,Corrective,54,1252,000050000144
WO-2050782,ASSET-00158,Preventive,0,,000050000145
WO-2050783,ASSET-00158,Preventive,0,,000050000145
WO-2050784,ASSET-00158,Preventive,0,,000050000145
WO-2050785,ASSET-00158,Corrective,139,348,000050000145
WO-2050786,ASSET-00158,Preventive,0,,000050000145
WO-2050787,ASSET-00158,Emergency,216,1237,000050000145
WO-2050788,ASSET-00159,Emergency,118,1125,000050000146
WO-2050789,ASSET-00159,Preventive,0,,000050000146
WO-2050790,ASSET-00159,Preventive,0,,000050000146
WO-2050791,ASSET-00159,Preventive,0,,000050000146
WO-2050792,ASSET-00160,Preventive,0,,000050000147
WO-2050793,ASSET-00160,Corrective,76,1066,000050000147
WO-2050794,ASSET-00160,Preventive,0,,000050000147
WO-2050795,ASSET-00160,Preventive,0,,000050000147
WO-2050796,ASSET-00160,Corrective,181,392,000050000147
WO-2050797,ASSET-00160,Preventive,0,,000050000147
WO-2050798,ASSET-00160,Preventive,0,,000050000147
WO-2050799,ASSET-00160,Emergency,220,1844,000050000147
WO-2050800,ASSET-00160,Preventive,0,,000050000147
WO-2050801,ASSET-00161,Preventive,0,,000050000148
WO-2050802,ASSET-00161,Corrective,150,1609,000050000148
WO-2050803,ASSET-00161,Emergency,84,1042,000050000148
WO-2050804,ASSET-00161,Corrective,124,1209,000050000148
WO-2050805,ASSET-00162,Preventive,0,,000050000149
WO-2050806,ASSET-00162,Corrective,229,838,000050000149
WO-2050807,ASSET-00162,Preventive,0,,000050000149
WO-2050808,ASSET-00162,Preventive,0,,000050000149
WO-2050809,ASSET-00162,Preventive,0,,000050000149
WO-2050810,ASSET-00163,Preventive,0,,000050000150
WO-2050811,ASSET-00163,Corrective,237,357,000050000150
WO-2050812,ASSET-00163,Corrective,119,968,000050000150
WO-2050813,ASSET-00163,Preventive,0,,000050000150
WO-2050814,ASSET-00163,Corrective,208,624,000050000150
WO-2050815,ASSET-00164,Preventive,0,,000050000151
WO-2050816,ASSET-00164,Preventive,0,,000050000151
WO-2050817,ASSET-00165,Corrective,160,1853,000050000152
WO-2050818,ASSET-00165,Preventive,0,,000050000152
WO-2050819,ASSET-00166,Preventive,0,,000050000153
WO-2050820,ASSET-00166,Preventive,0,,000050000153
WO-2050821,ASSET-00167,Preventive,0,,000050000154
WO-2050822,ASSET-00167,Emergency,515,1325,000050000154
WO-2050823,ASSET-00167,Preventive,0,,000050000154
WO-2050824,ASSET-00167,Corrective,214,1442,000050000154
WO-2050825,ASSET-00167,Emergency,241,1819,000050000154
WO-2050826,ASSET-00167,Emergency,226,1312,000050000154
WO-2050827,ASSET-00167,Preventive,0,,000050000154
WO-2050828,ASSET-00168,Preventive,0,,000050000155
WO-2050829,ASSET-00168,Preventive,0,,000050000155
WO-2050830,ASSET-00168,Preventive,0,,000050000155
WO-2050831,ASSET-00168,Preventive,0,,000050000155
WO-2050832,ASSET-00168,Corrective,181,384,000050000155
WO-2050833,ASSET-00168,Emergency,541,259,000050000155
WO-2050834,ASSET-00169,Preventive,0,,000050000156
WO-2050835,ASSET-00169,Corrective,163,1513,000050000156
WO-2050836,ASSET-00170,Corrective,135,512,000050000157
WO-2050837,ASSET-00170,Corrective,104,1500,000050000157
WO-2050838,ASSET-00170,Preventive,0,,000050000157
WO-2050839,ASSET-00171,Preventive,0,,000050000158
WO-2050840,ASSET-00171,Preventive,0,,000050000158
WO-2050841,ASSET-00171,Preventive,0,,000050000158
WO-2050842,ASSET-00171,Corrective,34,1624,000050000158
WO-2050843,ASSET-00172,Corrective,78,912,000050000159
WO-2050844,ASSET-00172,Preventive,0,,000050000159
WO-2050845,ASSET-00173,Emergency,147,395,000050000160
WO-2050846,ASSET-00173,Corrective,220,334,000050000160
WO-2050847,ASSET-00173,Corrective,89,470,000050000160
WO-2050848,ASSET-00173,Preventive,0,,000050000160
WO-2050849,ASSET-00173,Emergency,296,355,000050000160
WO-2050850,ASSET-00174,Preventive,0,,000050000161
WO-2050851,ASSET-00174,Preventive,0,,000050000161
WO-2050852,ASSET-00174,Preventive,0,,000050000161
WO-2050853,ASSET-00174,Preventive,0,,000050000161
WO-2050854,ASSET-00174,Corrective,91,1362,000050000161
WO-2050855,ASSET-00174,Preventive,0,,000050000161
WO-2050856,ASSET-00175,Emergency,184,770,000050000162
WO-2050857,ASSET-00175,Emergency,361,872,000050000162
WO-2050858,ASSET-00175,Corrective,35,1585,000050000162
WO-2050859,ASSET-00175,Preventive,0,,000050000162
WO-2050860,ASSET-00175,Corrective,169,1549,000050000162
WO-2050861,ASSET-00176,Preventive,0,,000050000163
WO-2050862,ASSET-00176,Preventive,0,,000050000163
WO-2050863,ASSET-00176,Corrective,180,1297,000050000163
WO-2050864,ASSET-00177,Emergency,533,1886,000050000164
WO-2050865,ASSET-00177,Preventive,0,,000050000164
WO-2050866,ASSET-00177,Corrective,192,1539,000050000164
WO-2050867,ASSET-00177,Preventive,0,,000050000164
WO-2050868,ASSET-00177,Corrective,204,1886,000050000164
WO-2050869,ASSET-00178,Corrective,238,1513,
WO-2050870,ASSET-00178,Corrective,153,1013,
WO-2050871,ASSET-00178,Preventive,0,,
WO-2050872,ASSET-00178,Preventive,0,,
WO-2050873,ASSET-00179,Corrective,208,397,
WO-2050874,ASSET-00180,Preventive,0,,000050000165
WO-2050875,ASSET-00180,Preventive,0,,000050000165
WO-2050876,ASSET-00180,Preventive,0,,000050000165
WO-2050877,ASSET-00180,Corrective,170,987,000050000165
WO-2050878,ASSET-00180,Emergency,391,684,000050000165
WO-2050879,ASSET-00180,Preventive,0,,000050000165
WO-2050880,ASSET-00181,Emergency,213,1152,000050000166
WO-2050881,ASSET-00181,Preventive,0,,000050000166
WO-2050882,ASSET-00182,Preventive,0,,000050000167
WO-2050883,ASSET-00182,Preventive,0,,000050000167
WO-2050884,ASSET-00182,Preventive,0,,000050000167
WO-2050885,ASSET-00182,Preventive,0,,000050000167
WO-2050886,ASSET-00182,Preventive,0,,000050000167
WO-2050887,ASSET-00183,Corrective,231,260,000050000168
WO-2050888,ASSET-00183,Corrective,36,1080,000050000168
WO-2050889,ASSET-00184,Preventive,0,,000050000169
WO-2050890,ASSET-00184,Preventive,0,,000050000169
WO-2050891,ASSET-00184,Preventive,0,,000050000169
WO-2050892,ASSET-00184,Preventive,0,,000050000169
WO-2050893,ASSET-00184,Preventive,0,,000050000169
WO-2050894,ASSET-00184,Preventive,0,,000050000169
WO-2050895,ASSET-00184,Preventive,0,,000050000169
WO-2050896,ASSET-00185,Preventive,0,,000050000170
WO-2050897,ASSET-00185,Preventive,0,,000050000170
WO-2050898,ASSET-00185,Corrective,99,1975,000050000170
WO-2050899,ASSET-00185,Corrective,43,1411,000050000170
WO-2050900,ASSET-00185,Corrective,31,772,000050000170
WO-2050901,ASSET-00185,Emergency,477,428,000050000170
WO-2050902,ASSET-00185,Corrective,43,790,000050000170
WO-2050903,ASSET-00186,Corrective,107,1559,000050000171
WO-2050904,ASSET-00186,Corrective,187,572,000050000171
WO-2050905,ASSET-00186,Corrective,94,378,000050000171
WO-2050906,ASSET-00186,Corrective,32,567,000050000171
WO-2050907,ASSET-00186,Corrective,150,941,000050000171
WO-2050908,ASSET-00186,Corrective,163,1642,000050000171
WO-2050909,ASSET-00186,Corrective,198,703,000050000171
WO-2050910,ASSET-00187,Corrective,57,450,000050000172
WO-2050911,ASSET-00187,Emergency,446,344,000050000172
WO-2050912,ASSET-00187,Emergency,266,1109,000050000172
WO-2050913,ASSET-00187,Emergency,196,920,000050000172
WO-2050914,ASSET-00187,Preventive,0,,000050000172
WO-2050915,ASSET-00188,Corrective,168,1509,000050000173
WO-2050916,ASSET-00188,Corrective,117,297,000050000173
WO-2050917,ASSET-00188,Corrective,165,674,000050000173
WO-2050918,ASSET-00189,Preventive,0,,000050000174
WO-2050919,ASSET-00189,Corrective,234,1592,000050000174
WO-2050920,ASSET-00189,Preventive,0,,000050000174
WO-2050921,ASSET-00189,Preventive,0,,000050000174
WO-2050922,ASSET-00189,Emergency,444,1248,000050000174
WO-2050923,ASSET-00189,Preventive,0,,000050000174
WO-2050924,ASSET-00189,Corrective,59,1380,000050000174
WO-2050925,ASSET-00189,Corrective,108,379,000050000174
WO-2050926,ASSET-00190,Preventive,0,,000050000175
WO-2050927,ASSET-00190,Preventive,0,,000050000175
WO-2050928,ASSET-00190,Preventive,0,,000050000175
WO-2050929,ASSET-00190,Corrective,224,1140,000050000175
WO-2050930,ASSET-00190,Preventive,0,,000050000175
WO-2050931,ASSET-00190,Corrective,154,1620,000050000175
WO-2050932,ASSET-00191,Preventive,0,,000050000176
WO-2050933,ASSET-00191,Corrective,116,1185,000050000176
WO-2050934,ASSET-00191,Corrective,164,667,000050000176
WO-2050935,ASSET-00192,Emergency,352,609,000050000177
WO-2050936,ASSET-00192,Corrective,185,623,000050000177
WO-2050937,ASSET-00192,Preventive,0,,000050000177
WO-2050938,ASSET-00192,Corrective,158,1649,000050000177
WO-2050939,ASSET-00192,Preventive,0,,000050000177
WO-2050940,ASSET-00192,Preventive,0,,000050000177
WO-2050941,ASSET-00193,Corrective,176,1425,000050000178
WO-2050942,ASSET-00193,Preventive,0,,000050000178
WO-2050943,ASSET-00193,Preventive,0,,000050000178
WO-2050944,ASSET-00193,Preventive,0,,000050000178
WO-2050945,ASSET-00193,Emergency,397,612,000050000178
WO-2050946,ASSET-00193,Preventive,0,,000050000178
WO-2050947,ASSET-00194,Emergency,510,697,000050000179
WO-2050948,ASSET-00194,Corrective,237,847,000050000179
WO-2050949,ASSET-00194,Preventive,0,,000050000179
WO-2050950,ASSET-00195,Corrective,162,1854,000050000180
WO-2050951,ASSET-00195,Emergency,382,552,000050000180
WO-2050952,ASSET-00195,Preventive,0,,000050000180
WO-2050953,ASSET-00195,Preventive,0,,000050000180
WO-2050954,ASSET-00196,Corrective,105,1102,000050000181
WO-2050955,ASSET-00196,Preventive,0,,000050000181
WO-2050956,ASSET-00196,Emergency,251,1417,000050000181
WO-2050957,ASSET-00196,Preventive,0,,000050000181
WO-2050958,ASSET-00196,Emergency,550,1659,000050000181
WO-2050959,ASSET-00196,Preventive,0,,000050000181
WO-2050960,ASSET-00196,Corrective,216,1251,000050000181
WO-2050961,ASSET-00196,Preventive,0,,000050000181
WO-2050962,ASSET-00196,Preventive,0,,000050000181
WO-2050963,ASSET-00197,Preventive,0,,000050000182
WO-2050964,ASSET-00197,Preventive,0,,000050000182
WO-2050965,ASSET-00198,Preventive,0,,000050000183
WO-2050966,ASSET-00198,Preventive,0,,000050000183
WO-2050967,ASSET-00198,Corrective,114,308,000050000183
WO-2050968,ASSET-00198,Emergency,291,1816,000050000183
WO-2050969,ASSET-00198,Corrective,114,729,000050000183
WO-2050970,ASSET-00198,Preventive,0,,000050000183
WO-2050971,ASSET-00198,Preventive,0,,000050000183
WO-2050972,ASSET-00198,Preventive,0,,000050000183
WO-2050973,ASSET-00199,Emergency,332,1133,
WO-2050974,ASSET-00199,Preventive,0,,
WO-2050975,ASSET-00200,Preventive,0,,000050000184
WO-2050976,ASSET-00200,Preventive,0,,000050000184
WO-2050977,ASSET-00200,Preventive,0,,000050000184
WO-2050978,ASSET-00200,Preventive,0,,000050000184
WO-2050979,ASSET-00201,Corrective,226,1457,000050000185
WO-2050980,ASSET-00201,Preventive,0,,000050000185
WO-2050981,ASSET-00201,Preventive,0,,000050000185
WO-2050982,ASSET-00201,Preventive,0,,000050000185
WO-2050983,ASSET-00201,Preventive,0,,000050000185
WO-2050984,ASSET-00201,Preventive,0,,000050000185
WO-2050985,ASSET-00202,Preventive,0,,000050000186
WO-2050986,ASSET-00202,Corrective,100,1377,000050000186
WO-2050987,ASSET-00202,Preventive,0,,000050000186
WO-2050988,ASSET-00202,Corrective,58,521,000050000186
WO-2050989,ASSET-00202,Preventive,0,,000050000186
WO-2050990,ASSET-00203,Preventive,0,,000050000187
WO-2050991,ASSET-00203,Corrective,104,1494,000050000187
WO-2050992,ASSET-00203,Emergency,519,1932,000050000187
WO-2050993,ASSET-00203,Preventive,0,,000050000187
WO-2050994,ASSET-00203,Corrective,56,627,000050000187
WO-2050995,ASSET-00203,Corrective,126,772,000050000187
WO-2050996,ASSET-00204,Preventive,0,,000050000189
WO-2050997,ASSET-00204,Emergency,60,483,000050000189
WO-2050998,ASSET-00204,Preventive,0,,000050000189
WO-2050999,ASSET-00205,Emergency,502,789,000050000190
WO-2051000,ASSET-00205,Preventive,0,,000050000190
WO-2051001,ASSET-00205,Corrective,170,1453,000050000190
WO-2051002,ASSET-00205,Corrective,77,1356,000050000190
WO-2051003,ASSET-00205,Preventive,0,,000050000190
WO-2051004,ASSET-00205,Corrective,88,996,000050000190
WO-2051005,ASSET-00205,Preventive,0,,000050000190
WO-2051006,ASSET-00205,Corrective,41,327,000050000190
WO-2051007,ASSET-00205,Preventive,0,,000050000190
WO-2051008,ASSET-00205,Emergency,157,1525,000050000190
WO-2051009,ASSET-00206,Emergency,95,1000,000050000191
WO-2051010,ASSET-00206,Preventive,0,,000050000191
WO-2051011,ASSET-00206,Corrective,152,1934,000050000191
WO-2051012,ASSET-00206,Preventive,0,,000050000191
WO-2051013,ASSET-00206,Preventive,0,,000050000191
WO-2051014,ASSET-00206,Preventive,0,,000050000191
WO-2051015,ASSET-00206,Preventive,0,,000050000191
WO-2051016,ASSET-00207,Emergency,125,1327,000050000192
WO-2051017,ASSET-00207,Preventive,0,,000050000192
WO-2051018,ASSET-00207,Corrective,48,926,000050000192
WO-2051019,ASSET-00208,Corrective,126,1696,000050000193
WO-2051020,ASSET-00208,Preventive,0,,000050000193
WO-2051021,ASSET-00208,Corrective,148,1915,000050000193
WO-2051022,ASSET-00208,Corrective,36,341,000050000193
WO-2051023,ASSET-00208,Corrective,200,1898,000050000193
WO-2051024,ASSET-00209,Emergency,435,1563,000050000194
WO-2051025,ASSET-00209,Corrective,103,1833,000050000194
WO-2051026,ASSET-00209,Corrective,133,466,000050000194
WO-2051027,ASSET-00209,Preventive,0,,000050000194
WO-2051028,ASSET-00209,Preventive,0,,000050000194
WO-2051029,ASSET-00209,Corrective,205,661,000050000194
WO-2051030,ASSET-00209,Preventive,0,,000050000194
WO-2051031,ASSET-00209,Corrective,90,1862,000050000194
WO-2051032,ASSET-00210,Preventive,0,,000050000195
WO-2051033,ASSET-00210,Emergency,308,712,000050000195
WO-2051034,ASSET-00210,Corrective,176,1788,000050000195
WO-2051035,ASSET-00210,Corrective,65,1656,000050000195
WO-2051036,ASSET-00211,Preventive,0,,000050000196
WO-2051037,ASSET-00211,Emergency,79,408,000050000196
WO-2051038,ASSET-00211,Corrective,70,707,000050000196
WO-2051039,ASSET-00211,Preventive,0,,000050000196
WO-2051040,ASSET-00212,Preventive,0,,000050000197
WO-2051041,ASSET-00212,Corrective,66,440,000050000197
WO-2051042,ASSET-00212,Preventive,0,,000050000197
WO-2051043,ASSET-00212,Preventive,0,,000050000197
WO-2051044,ASSET-00212,Preventive,0,,000050000197
WO-2051045,ASSET-00213,Preventive,0,,000050000198
WO-2051046,ASSET-00213,Corrective,36,298,000050000198
WO-2051047,ASSET-00214,Emergency,521,944,000050000199
WO-2051048,ASSET-00214,Corrective,90,313,000050000199
WO-2051049,ASSET-00214,Preventive,0,,000050000199
WO-2051050,ASSET-00214,Preventive,0,,000050000199
WO-2051051,ASSET-00215,Corrective,49,1153,000050000200
WO-2051052,ASSET-00215,Preventive,0,,000050000200
WO-2051053,ASSET-00215,Corrective,222,1595,000050000200
WO-2051054,ASSET-00215,Corrective,231,367,000050000200
WO-2051055,ASSET-00215,Preventive,0,,000050000200
WO-2051056,ASSET-00215,Emergency,370,1932,000050000200
WO-2051057,ASSET-00216,Preventive,0,,000050000201
WO-2051058,ASSET-00216,Corrective,105,750,000050000201
WO-2051059,ASSET-00216,Corrective,103,378,000050000201
WO-2051060,ASSET-00216,Preventive,0,,000050000201
WO-2051061,ASSET-00216,Corrective,40,488,000050000201
WO-2051062,ASSET-00216,Preventive,0,,000050000201
WO-2051063,ASSET-00217,Corrective,213,388,000050000202
WO-2051064,ASSET-00217,Corrective,237,906,000050000202
WO-2051065,ASSET-00218,Corrective,211,1470,000050000204
WO-2051066,ASSET-00218,Preventive,0,,000050000204
WO-2051067,ASSET-00218,Emergency,494,1840,000050000204
WO-2051068,ASSET-00219,Preventive,0,,000050000205
WO-2051069,ASSET-00219,Emergency,531,1595,000050000205
WO-2051070,ASSET-00219,Emergency,234,496,000050000205
WO-2051071,ASSET-00220,Preventive,0,,
WO-2051072,ASSET-00220,Corrective,46,1329,
WO-2051073,ASSET-00220,Corrective,183,1045,
WO-2051074,ASSET-00220,Corrective,48,1462,
WO-2051075,ASSET-00220,Corrective,44,1198,
WO-2051076,ASSET-00221,Preventive,0,,000050000206
WO-2051077,ASSET-00221,Emergency,248,1889,000050000206
WO-2051078,ASSET-00221,Preventive,0,,000050000206
WO-2051079,ASSET-00221,Corrective,168,1061,000050000206
WO-2051080,ASSET-00221,Preventive,0,,000050000206
WO-2051081,ASSET-00222,Corrective,66,226,
WO-2051082,ASSET-00222,Corrective,65,1832,
WO-2051083,ASSET-00222,Preventive,0,,
WO-2051084,ASSET-00222,Preventive,0,,
WO-2051085,ASSET-00222,Corrective,122,1694,
WO-2051086,ASSET-00222,Preventive,0,,
WO-2051087,ASSET-00223,Preventive,0,,000050000207
WO-2051088,ASSET-00223,Corrective,179,314,000050000207
WO-2051089,ASSET-00223,Preventive,0,,000050000207
WO-2051090,ASSET-00223,Preventive,0,,000050000207
WO-2051091,ASSET-00223,Corrective,188,816,000050000207
WO-2051092,ASSET-00223,Corrective,51,1000,000050000207
WO-2051093,ASSET-00223,Corrective,131,1084,000050000207
WO-2051094,ASSET-00224,Corrective,89,484,000050000208
WO-2051095,ASSET-00225,Corrective,212,1377,000050000209
WO-2051096,ASSET-00225,Corrective,93,1719,000050000209
WO-2051097,ASSET-00225,Emergency,126,1247,000050000209
WO-2051098,ASSET-00226,Preventive,0,,000050000210
WO-2051099,ASSET-00226,Preventive,0,,000050000210
WO-2051100,ASSET-00226,Corrective,95,975,000050000210
WO-2051101,ASSET-00226,Emergency,462,217,000050000210
WO-2051102,ASSET-00226,Preventive,0,,000050000210
WO-2051103,ASSET-00226,Preventive,0,,000050000210
WO-2051104,ASSET-00226,Corrective,200,1046,000050000210
WO-2051105,ASSET-00226,Corrective,59,1859,000050000210
WO-2051106,ASSET-00227,Emergency,82,1852,000050000211
WO-2051107,ASSET-00227,Corrective,66,854,000050000211
WO-2051108,ASSET-00227,Preventive,0,,000050000211
WO-2051109,ASSET-00227,Corrective,107,739,000050000211
WO-2051110,ASSET-00227,Corrective,219,1530,000050000211
WO-2051111,ASSET-00227,Preventive,0,,000050000211
WO-2051112,ASSET-00228,Corrective,192,980,
WO-2051113,ASSET-00228,Corrective,192,1016,
WO-2051114,ASSET-00228,Corrective,160,903,
WO-2051115,ASSET-00228,Preventive,0,,
WO-2051116,ASSET-00228,Preventive,0,,
WO-2051117,ASSET-00229,Preventive,0,,000050000212
WO-2051118,ASSET-00229,Corrective,129,1171,000050000212
WO-2051119,ASSET-00229,Preventive,0,,000050000212
WO-2051120,ASSET-00230,Corrective,162,931,000050000213
WO-2051121,ASSET-00230,Preventive,0,,000050000213
WO-2051122,ASSET-00230,Corrective,42,1042,000050000213
WO-2051123,ASSET-00230,Corrective,215,1516,000050000213
WO-2051124,ASSET-00230,Corrective,88,637,000050000213
WO-2051125,ASSET-00230,Preventive,0,,000050000213
WO-2051126,ASSET-00230,Corrective,52,492,000050000213
WO-2051127,ASSET-00231,Preventive,0,,000050000214
WO-2051128,ASSET-00231,Emergency,578,1566,000050000214
WO-2051129,ASSET-00232,Emergency,164,201,000050000215
WO-2051130,ASSET-00232,Corrective,64,940,000050000215
WO-2051131,ASSET-00232,Preventive,0,,000050000215
WO-2051132,ASSET-00232,Preventive,0,,000050000215
WO-2051133,ASSET-00233,Preventive,0,,000050000216
WO-2051134,ASSET-00234,Corrective,155,1251,000050000217
WO-2051135,ASSET-00234,Preventive,0,,000050000217
WO-2051136,ASSET-00234,Preventive,0,,000050000217
WO-2051137,ASSET-00234,Corrective,48,1886,000050000217
WO-2051138,ASSET-00234,Preventive,0,,000050000217
WO-2051139,ASSET-00235,Corrective,90,1559,000050000218
WO-2051140,ASSET-00235,Preventive,0,,000050000218
WO-2051141,ASSET-00235,Preventive,0,,000050000218
WO-2051142,ASSET-00235,Emergency,592,1527,000050000218
WO-2051143,ASSET-00235,Corrective,161,404,000050000218
WO-2051144,ASSET-00235,Corrective,138,1709,000050000218
WO-2051145,ASSET-00235,Corrective,49,935,000050000218
WO-2051146,ASSET-00235,Emergency,172,1027,000050000218
WO-2051147,ASSET-00236,Preventive,0,,000050000219
WO-2051148,ASSET-00236,Emergency,79,753,000050000219
WO-2051149,ASSET-00236,Corrective,134,1631,000050000219
WO-2051150,ASSET-00236,Corrective,104,533,000050000219
WO-2051151,ASSET-00236,Preventive,0,,000050000219
WO-2051152,ASSET-00236,Preventive,0,,000050000219
WO-2051153,ASSET-00237,Preventive,0,,000050000220
WO-2051154,ASSET-00237,Preventive,0,,000050000220
WO-2051155,ASSET-00237,Preventive,0,,000050000220
WO-2051156,ASSET-00237,Corrective,41,589,000050000220
WO-2051157,ASSET-00237,Preventive,0,,000050000220
WO-2051158,ASSET-00237,Preventive,0,,000050000220
WO-2051159,ASSET-00237,Corrective,185,938,000050000220
WO-2051160,ASSET-00237,Corrective,99,1649,000050000220
WO-2051161,ASSET-00238,Corrective,137,1313,000050000221
WO-2051162,ASSET-00238,Preventive,0,,000050000221
WO-2051163,ASSET-00239,Preventive,0,,000050000222
WO-2051164,ASSET-00239,Corrective,238,974,000050000222
WO-2051165,ASSET-00239,Corrective,32,1674,000050000222
WO-2051166,ASSET-00239,Preventive,0,,000050000222
WO-2051167,ASSET-00240,Preventive,0,,000050000223
WO-2051168,ASSET-00240,Corrective,235,1340,000050000223
WO-2051169,ASSET-00240,Corrective,68,983,000050000223
WO-2051170,ASSET-00240,Corrective,49,318,000050000223
WO-2051171,ASSET-00240,Corrective,165,944,000050000223
WO-2051172,ASSET-00240,Preventive,0,,000050000223
WO-2051173,ASSET-00240,Preventive,0,,000050000223
WO-2051174,ASSET-00240,Preventive,0,,000050000223
WO-2051175,ASSET-00240,Corrective,116,1412,000050000223
WO-2051176,ASSET-00240,Corrective,189,1125,000050000223
WO-2051177,ASSET-00240,Preventive,0,,000050000223
WO-2051178,ASSET-00241,Emergency,414,772,000050000224
WO-2051179,ASSET-00241,Corrective,179,1402,000050000224
WO-2051180,ASSET-00241,Corrective,105,1182,000050000224
WO-2051181,ASSET-00241,Preventive,0,,000050000224
WO-2051182,ASSET-00241,Corrective,49,800,000050000224
WO-2051183,ASSET-00241,Corrective,166,294,000050000224
WO-2051184,ASSET-00242,Preventive,0,,000050000225
WO-2051185,ASSET-00242,Corrective,117,334,000050000225
WO-2051186,ASSET-00242,Corrective,165,1675,000050000225
WO-2051187,ASSET-00242,Emergency,217,1604,000050000225
WO-2051188,ASSET-00243,Corrective,82,327,000050000226
WO-2051189,ASSET-00243,Corrective,195,343,000050000226
WO-2051190,ASSET-00243,Preventive,0,,000050000226
WO-2051191,ASSET-00243,Preventive,0,,000050000226
WO-2051192,ASSET-00243,Emergency,421,1145,000050000226
WO-2051193,ASSET-00243,Preventive,0,,000050000226
WO-2051194,ASSET-00244,Corrective,216,477,000050000227
WO-2051195,ASSET-00244,Corrective,108,1505,000050000227
WO-2051196,ASSET-00244,Preventive,0,,000050000227
WO-2051197,ASSET-00244,Preventive,0,,000050000227
WO-2051198,ASSET-00244,Preventive,0,,000050000227
WO-2051199,ASSET-00244,Preventive,0,,000050000227
WO-2051200,ASSET-00245,Preventive,0,,000050000228
WO-2051201,ASSET-00245,Emergency,302,1308,000050000228
WO-2051202,ASSET-00245,Preventive,0,,000050000228
WO-2051203,ASSET-00245,Corrective,83,913,000050000228
WO-2051204,ASSET-00246,Preventive,0,,000050000229
WO-2051205,ASSET-00246,Preventive,0,,000050000229
WO-2051206,ASSET-00246,Preventive,0,,000050000229
WO-2051207,ASSET-00246,Corrective,140,844,000050000229
WO-2051208,ASSET-00247,Emergency,182,1198,000050000230
WO-2051209,ASSET-00247,Preventive,0,,000050000230
WO-2051210,ASSET-00247,Preventive,0,,000050000230
WO-2051211,ASSET-00248,Corrective,79,545,000050000231
WO-2051212,ASSET-00248,Preventive,0,,000050000231
WO-2051213,ASSET-00248,Preventive,0,,000050000231
WO-2051214,ASSET-00248,Emergency,482,1596,000050000231
WO-2051215,ASSET-00249,Corrective,177,709,
WO-2051216,ASSET-00249,Preventive,0,,
WO-2051217,ASSET-00249,Preventive,0,,
WO-2051218,ASSET-00249,Preventive,0,,
WO-2051219,ASSET-00250,Corrective,112,681,000050000232
WO-2051220,ASSET-00250,Corrective,103,638,000050000232
WO-2051221,ASSET-00250,Preventive,0,,000050000232
WO-2051222,ASSET-00250,Preventive,0,,000050000232
WO-2051223,ASSET-00251,Preventive,0,,000050000233
WO-2051224,ASSET-00251,Corrective,49,716,000050000233
WO-2051225,ASSET-00251,Preventive,0,,000050000233
WO-2051226,ASSET-00252,Corrective,172,1359,
WO-2051227,ASSET-00252,Preventive,0,,
WO-2051228,ASSET-00252,Preventive,0,,
WO-2051229,ASSET-00252,Emergency,380,454,
WO-2051230,ASSET-00252,Preventive,0,,
WO-2051231,ASSET-00252,Preventive,0,,
WO-2051232,ASSET-00253,Preventive,0,,000050000234
WO-2051233,ASSET-00253,Preventive,0,,000050000234
WO-2051234,ASSET-00253,Preventive,0,,000050000234
WO-2051235,ASSET-00253,Corrective,233,1200,000050000234
WO-2051236,ASSET-00253,Preventive,0,,000050000234
WO-2051237,ASSET-00253,Corrective,47,1940,000050000234
WO-2051238,ASSET-00254,Preventive,0,,000050000235
WO-2051239,ASSET-00254,Preventive,0,,000050000235
WO-2051240,ASSET-00254,Corrective,119,696,000050000235
WO-2051241,ASSET-00255,Preventive,0,,000050000236
WO-2051242,ASSET-00256,Corrective,118,1314,000050000237
WO-2051243,ASSET-00256,Emergency,404,1826,000050000237
WO-2051244,ASSET-00256,Preventive,0,,000050000237
WO-2051245,ASSET-00256,Corrective,117,687,000050000237
WO-2051246,ASSET-00256,Corrective,236,1761,000050000237
WO-2051247,ASSET-00256,Preventive,0,,000050000237
WO-2051248,ASSET-00256,Corrective,239,1468,000050000237
WO-2051249,ASSET-00257,Corrective,32,662,000050000238
WO-2051250,ASSET-00257,Preventive,0,,000050000238
WO-2051251,ASSET-00257,Corrective,54,1982,000050000238
WO-2051252,ASSET-00257,Preventive,0,,000050000238
WO-2051253,ASSET-00258,Preventive,0,,000050000239
WO-2051254,ASSET-00258,Preventive,0,,000050000239
WO-2051255,ASSET-00258,Preventive,0,,000050000239
WO-2051256,ASSET-00259,Emergency,175,1541,000050000240
WO-2051257,ASSET-00259,Corrective,168,1520,000050000240
WO-2051258,ASSET-00259,Corrective,53,1616,000050000240
WO-2051259,ASSET-00260,Preventive,0,,000050000241
WO-2051260,ASSET-00260,Preventive,0,,000050000241
WO-2051261,ASSET-00260,Corrective,230,1991,000050000241
WO-2051262,ASSET-00260,Corrective,185,213,000050000241
WO-2051263,ASSET-00260,Preventive,0,,000050000241
WO-2051264,ASSET-00260,Preventive,0,,000050000241
WO-2051265,ASSET-00260,Preventive,0,,000050000241
WO-2051266,ASSET-00260,Preventive,0,,000050000241
WO-2051267,ASSET-00261,Corrective,210,716,000050000242
WO-2051268,ASSET-00261,Corrective,143,1451,000050000242
WO-2051269,ASSET-00261,Preventive,0,,000050000242
WO-2051270,ASSET-00261,Preventive,0,,000050000242
WO-2051271,ASSET-00261,Corrective,182,234,000050000242
WO-2051272,ASSET-00261,Corrective,192,1067,000050000242
WO-2051273,ASSET-00262,Preventive,0,,000050000243
WO-2051274,ASSET-00262,Corrective,56,1514,000050000243
WO-2051275,ASSET-00262,Preventive,0,,000050000243
WO-2051276,ASSET-00262,Corrective,45,627,000050000243
WO-2051277,ASSET-00262,Preventive,0,,000050000243
WO-2051278,ASSET-00262,Corrective,188,877,000050000243
WO-2051279,ASSET-00262,Preventive,0,,000050000243
WO-2051280,ASSET-00262,Emergency,264,288,000050000243
WO-2051281,ASSET-00263,Preventive,0,,000050000244
WO-2051282,ASSET-00263,Preventive,0,,000050000244
WO-2051283,ASSET-00263,Emergency,555,811,000050000244
WO-2051284,ASSET-00263,Preventive,0,,000050000244
WO-2051285,ASSET-00264,Preventive,0,,000050000245
WO-2051286,ASSET-00264,Preventive,0,,000050000245
WO-2051287,ASSET-00264,Preventive,0,,000050000245
WO-2051288,ASSET-00264,Corrective,218,1345,000050000245
WO-2051289,ASSET-00264,Preventive,0,,000050000245
WO-2051290,ASSET-00265,Emergency,202,927,000050000246
WO-2051291,ASSET-00265,Emergency,500,1780,000050000246
WO-2051292,ASSET-00265,Corrective,117,290,000050000246
WO-2051293,ASSET-00265,Preventive,0,,000050000246
WO-2051294,ASSET-00265,Corrective,196,1131,000050000246
WO-2051295,ASSET-00265,Corrective,129,1828,000050000246
WO-2051296,ASSET-00266,Preventive,0,,000050000247
WO-2051297,ASSET-00266,Corrective,222,911,000050000247
WO-2051298,ASSET-00266,Corrective,95,461,000050000247
WO-2051299,ASSET-00266,Emergency,82,1155,000050000247
WO-2051300,ASSET-00267,Corrective,187,231,000050000248
WO-2051301,ASSET-00267,Emergency,530,1849,000050000248
WO-2051302,ASSET-00268,Preventive,0,,000050000249
WO-2051303,ASSET-00268,Corrective,212,632,000050000249
WO-2051304,ASSET-00268,Emergency,230,1697,000050000249
WO-2051305,ASSET-00268,Preventive,0,,000050000249
WO-2051306,ASSET-00268,Preventive,0,,000050000249
WO-2051307,ASSET-00268,Preventive,0,,000050000249
WO-2051308,ASSET-00268,Preventive,0,,000050000249
WO-2051309,ASSET-00269,Corrective,86,807,000050000250
WO-2051310,ASSET-00269,Corrective,101,1597,000050000250
WO-2051311,ASSET-00269,Corrective,210,1382,000050000250
WO-2051312,ASSET-00269,Preventive,0,,000050000250
WO-2051313,ASSET-00269,Preventive,0,,000050000250
WO-2051314,ASSET-00269,Preventive,0,,000050000250
WO-2051315,ASSET-00270,Corrective,157,537,000050000251
WO-2051316,ASSET-00270,Preventive,0,,000050000251
WO-2051317,ASSET-00270,Preventive,0,,000050000251
WO-2051318,ASSET-00270,Corrective,83,910,000050000251
WO-2051319,ASSET-00270,Emergency,326,931,000050000251
WO-2051320,ASSET-00271,Preventive,0,,000050000252
WO-2051321,ASSET-00271,Preventive,0,,000050000252
WO-2051322,ASSET-00272,Corrective,157,1424,000050000253
WO-2051323,ASSET-00272,Preventive,0,,000050000253
WO-2051324,ASSET-00272,Corrective,145,1505,000050000253
WO-2051325,ASSET-00272,Preventive,0,,000050000253
WO-2051326,ASSET-00272,Corrective,49,342,000050000253
WO-2051327,ASSET-00272,Corrective,167,809,000050000253
WO-2051328,ASSET-00273,Corrective,187,1269,000050000254
WO-2051329,ASSET-00273,Preventive,0,,000050000254
WO-2051330,ASSET-00273,Preventive,0,,000050000254
WO-2051331,ASSET-00273,Preventive,0,,000050000254
WO-2051332,ASSET-00273,Preventive,0,,000050000254
WO-2051333,ASSET-00273,Preventive,0,,000050000254
WO-2051334,ASSET-00273,Corrective,203,1724,000050000254
WO-2051335,ASSET-00274,Preventive,0,,000050000255
WO-2051336,ASSET-00274,Preventive,0,,000050000255
WO-2051337,ASSET-00274,Preventive,0,,000050000255
WO-2051338,ASSET-00275,Emergency,598,856,000050000256
WO-2051339,ASSET-00275,Preventive,0,,000050000256
WO-2051340,ASSET-00275,Preventive,0,,000050000256
WO-2051341,ASSET-00275,Preventive,0,,000050000256
WO-2051342,ASSET-00275,Corrective,68,489,000050000256
WO-2051343,ASSET-00275,Preventive,0,,000050000256
WO-2051344,ASSET-00275,Preventive,0,,000050000256
WO-2051345,ASSET-00276,Preventive,0,,000050000257
WO-2051346,ASSET-00276,Preventive,0,,000050000257
WO-2051347,ASSET-00276,Corrective,157,1874,000050000257
WO-2051348,ASSET-00276,Preventive,0,,000050000257
WO-2051349,ASSET-00276,Corrective,77,1389,000050000257
WO-2051350,ASSET-00276,Emergency,299,892,000050000257
WO-2051351,ASSET-00276,Corrective,112,1757,000050000257
WO-2051352,ASSET-00276,Corrective,207,1012,000050000257
WO-2051353,ASSET-00276,Corrective,101,1178,000050000257
WO-2051354,ASSET-00277,Corrective,121,755,000050000258
WO-2051355,ASSET-00277,Corrective,39,1930,000050000258
WO-2051356,ASSET-00277,Corrective,110,581,000050000258
WO-2051357,ASSET-00277,Preventive,0,,000050000258
WO-2051358,ASSET-00277,Preventive,0,,000050000258
WO-2051359,ASSET-00277,Corrective,173,833,000050000258
WO-2051360,ASSET-00278,Emergency,321,697,000050000259
WO-2051361,ASSET-00278,Preventive,0,,000050000259
WO-2051362,ASSET-00278,Corrective,129,1214,000050000259
WO-2051363,ASSET-00278,Corrective,36,1671,000050000259
WO-2051364,ASSET-00278,Preventive,0,,000050000259
WO-2051365,ASSET-00278,Preventive,0,,000050000259
WO-2051366,ASSET-00278,Corrective,177,436,000050000259
WO-2051367,ASSET-00278,Preventive,0,,000050000259
WO-2051368,ASSET-00278,Corrective,239,1323,000050000259
WO-2051369,ASSET-00278,Preventive,0,,000050000259
WO-2051370,ASSET-00278,Emergency,221,1908,000050000259
WO-2051371,ASSET-00279,Corrective,148,1799,000050000260
WO-2051372,ASSET-00279,Preventive,0,,000050000260
WO-2051373,ASSET-00280,Corrective,52,1946,000050000261
WO-2051374,ASSET-00280,Corrective,73,1238,000050000261
WO-2051375,ASSET-00280,Preventive,0,,000050000261
WO-2051376,ASSET-00280,Preventive,0,,000050000261
WO-2051377,ASSET-00280,Corrective,196,1185,000050000261
WO-2051378,ASSET-00281,Preventive,0,,000050000262
WO-2051379,ASSET-00281,Preventive,0,,000050000262
WO-2051380,ASSET-00281,Preventive,0,,000050000262
WO-2051381,ASSET-00281,Preventive,0,,000050000262
WO-2051382,ASSET-00281,Preventive,0,,000050000262
WO-2051383,ASSET-00281,Corrective,126,1028,000050000262
WO-2051384,ASSET-00281,Preventive,0,,000050000262
WO-2051385,ASSET-00281,Corrective,144,1009,000050000262
WO-2051386,ASSET-00281,Preventive,0,,000050000262
WO-2051387,ASSET-00281,Emergency,71,1591,000050000262
WO-2051388,ASSET-00281,Preventive,0,,000050000262
WO-2051389,ASSET-00282,Preventive,0,,000050000263
WO-2051390,ASSET-00282,Corrective,223,1755,000050000263
WO-2051391,ASSET-00282,Preventive,0,,000050000263
WO-2051392,ASSET-00282,Preventive,0,,000050000263
WO-2051393,ASSET-00282,Preventive,0,,000050000263
WO-2051394,ASSET-00282,Preventive,0,,000050000263
WO-2051395,ASSET-00283,Corrective,44,202,000050000264
WO-2051396,ASSET-00283,Preventive,0,,000050000264
WO-2051397,ASSET-00283,Emergency,62,1203,000050000264
WO-2051398,ASSET-00283,Corrective,187,1580,000050000264
WO-2051399,ASSET-00284,Corrective,225,1518,000050000265
WO-2051400,ASSET-00284,Corrective,216,406,000050000265
WO-2051401,ASSET-00284,Preventive,0,,000050000265
WO-2051402,ASSET-00284,Preventive,0,,000050000265
WO-2051403,ASSET-00284,Corrective,131,1493,000050000265
WO-2051404,ASSET-00284,Preventive,0,,000050000265
WO-2051405,ASSET-00284,Emergency,495,1753,000050000265
WO-2051406,ASSET-00284,Corrective,153,569,000050000265
WO-2051407,ASSET-00285,Corrective,145,618,000050000266
WO-2051408,ASSET-00286,Corrective,98,813,000050000267
WO-2051409,ASSET-00286,Preventive,0,,000050000267
WO-2051410,ASSET-00286,Preventive,0,,000050000267
WO-2051411,ASSET-00287,Preventive,0,,000050000268
WO-2051412,ASSET-00287,Preventive,0,,000050000268
WO-2051413,ASSET-00287,Corrective,174,924,000050000268
WO-2051414,ASSET-00288,Corrective,145,1623,000050000269
WO-2051415,ASSET-00288,Corrective,148,1903,000050000269
WO-2051416,ASSET-00288,Corrective,144,337,000050000269
WO-2051417,ASSET-00288,Emergency,109,1547,000050000269
WO-2051418,ASSET-00289,Preventive,0,,000050000270
WO-2051419,ASSET-00289,Emergency,369,338,000050000270
WO-2051420,ASSET-00289,Corrective,237,1628,000050000270
WO-2051421,ASSET-00289,Emergency,264,527,000050000270
WO-2051422,ASSET-00289,Corrective,75,337,000050000270
WO-2051423,ASSET-00290,Corrective,133,399,000050000271
WO-2051424,ASSET-00290,Corrective,209,1736,000050000271
WO-2051425,ASSET-00290,Preventive,0,,000050000271
WO-2051426,ASSET-00290,Corrective,226,628,000050000271
WO-2051427,ASSET-00291,Corrective,61,922,000050000272
WO-2051428,ASSET-00291,Preventive,0,,000050000272
WO-2051429,ASSET-00291,Preventive,0,,000050000272
WO-2051430,ASSET-00292,Emergency,421,1316,000050000273
WO-2051431,ASSET-00292,Preventive,0,,000050000273
WO-2051432,ASSET-00292,Corrective,79,254,000050000273
WO-2051433,ASSET-00292,Emergency,418,1375,000050000273
WO-2051434,ASSET-00293,Corrective,172,220,000050000274
WO-2051435,ASSET-00293,Emergency,194,1701,000050000274
WO-2051436,ASSET-00293,Preventive,0,,000050000274
WO-2051437,ASSET-00293,Preventive,0,,000050000274
WO-2051438,ASSET-00293,Preventive,0,,000050000274
WO-2051439,ASSET-00293,Corrective,63,1795,000050000274
WO-2051440,ASSET-00294,Preventive,0,,000050000275
WO-2051441,ASSET-00294,Emergency,522,1954,000050000275
WO-2051442,ASSET-00294,Corrective,232,1967,000050000275
WO-2051443,ASSET-00294,Corrective,47,1358,000050000275
WO-2051444,ASSET-00295,Corrective,59,1280,000050000276
WO-2051445,ASSET-00295,Preventive,0,,000050000276
WO-2051446,ASSET-00295,Preventive,0,,000050000276
WO-2051447,ASSET-00295,Preventive,0,,000050000276
WO-2051448,ASSET-00295,Preventive,0,,000050000276
WO-2051449,ASSET-00295,Preventive,0,,000050000276
WO-2051450,ASSET-00295,Preventive,0,,000050000276
WO-2051451,ASSET-00296,Preventive,0,,000050000277
WO-2051452,ASSET-00296,Corrective,214,1106,000050000277
WO-2051453,ASSET-00296,Emergency,121,1162,000050000277
WO-2051454,ASSET-00296,Corrective,150,1150,000050000277
WO-2051455,ASSET-00296,Preventive,0,,000050000277
WO-2051456,ASSET-00296,Corrective,222,1923,000050000277
WO-2051457,ASSET-00297,Corrective,172,1601,000050000278
WO-2051458,ASSET-00297,Corrective,84,1712,000050000278
WO-2051459,ASSET-00297,Preventive,0,,000050000278
WO-2051460,ASSET-00297,Preventive,0,,000050000278
WO-2051461,ASSET-00298,Emergency,404,697,000050000279
WO-2051462,ASSET-00298,Corrective,33,656,000050000279
WO-2051463,ASSET-00298,Preventive,0,,000050000279
WO-2051464,ASSET-00298,Corrective,90,1114,000050000279
WO-2051465,ASSET-00298,Corrective,149,1723,000050000279
WO-2051466,ASSET-00298,Preventive,0,,000050000279
WO-2051467,ASSET-00298,Preventive,0,,000050000279
WO-2051468,ASSET-00298,Preventive,0,,000050000279
WO-2051469,ASSET-00298,Preventive,0,,000050000279
WO-2051470,ASSET-00299,Preventive,0,,000050000280
WO-2051471,ASSET-00299,Corrective,205,962,000050000280
WO-2051472,ASSET-00300,Preventive,0,,000050000281
WO-2051473,ASSET-00300,Preventive,0,,000050000281
WO-2051474,ASSET-00301,Preventive,0,,000050000282
WO-2051475,ASSET-00301,Corrective,200,866,000050000282
WO-2051476,ASSET-00301,Preventive,0,,000050000282
WO-2051477,ASSET-00301,Emergency,146,364,000050000282
WO-2051478,ASSET-00301,Corrective,149,1452,000050000282
WO-2051479,ASSET-00301,Corrective,133,1390,000050000282
WO-2051480,ASSET-00301,Corrective,235,1048,000050000282
WO-2051481,ASSET-00301,Preventive,0,,000050000282
WO-2051482,ASSET-00301,Corrective,169,1583,000050000282
WO-2051483,ASSET-00301,Preventive,0,,000050000282
WO-2051484,ASSET-00301,Preventive,0,,000050000282
WO-2051485,ASSET-00302,Preventive,0,,000050000283
WO-2051486,ASSET-00302,Corrective,47,293,000050000283
WO-2051487,ASSET-00302,Preventive,0,,000050000283
WO-2051488,ASSET-00302,Emergency,186,366,000050000283
WO-2051489,ASSET-00303,Preventive,0,,000050000284
WO-2051490,ASSET-00303,Preventive,0,,000050000284
WO-2051491,ASSET-00303,Preventive,0,,000050000284
WO-2051492,ASSET-00303,Corrective,57,1867,000050000284
WO-2051493,ASSET-00303,Preventive,0,,000050000284
WO-2051494,ASSET-00303,Preventive,0,,000050000284
WO-2051495,ASSET-00303,Corrective,197,888,000050000284
WO-2051496,ASSET-00303,Preventive,0,,000050000284
WO-2051497,ASSET-00304,Preventive,0,,000050000285
WO-2051498,ASSET-00304,Corrective,151,1264,000050000285
WO-2051499,ASSET-00304,Preventive,0,,000050000285
WO-2051500,ASSET-00304,Preventive,0,,000050000285
WO-2051501,ASSET-00304,Preventive,0,,000050000285
WO-2051502,ASSET-00304,Preventive,0,,000050000285
WO-2051503,ASSET-00304,Preventive,0,,000050000285
WO-2051504,ASSET-00304,Preventive,0,,000050000285
WO-2051505,ASSET-00304,Corrective,79,1551,000050000285
WO-2051506,ASSET-00304,Preventive,0,,000050000285
WO-2051507,ASSET-00305,Emergency,383,328,000050000286
WO-2051508,ASSET-00305,Corrective,115,615,000050000286
WO-2051509,ASSET-00305,Corrective,164,1713,000050000286
WO-2051510,ASSET-00305,Corrective,206,525,000050000286
WO-2051511,ASSET-00305,Corrective,161,1460,000050000286
WO-2051512,ASSET-00305,Preventive,0,,000050000286
WO-2051513,ASSET-00305,Preventive,0,,000050000286
WO-2051514,ASSET-00305,Preventive,0,,000050000286
WO-2051515,ASSET-00305,Preventive,0,,000050000286
WO-2051516,ASSET-00305,Corrective,93,1612,000050000286
WO-2051517,ASSET-00306,Corrective,63,1350,000050000287
WO-2051518,ASSET-00306,Preventive,0,,000050000287
WO-2051519,ASSET-00306,Preventive,0,,000050000287
WO-2051520,ASSET-00306,Corrective,118,446,000050000287
WO-2051521,ASSET-00306,Corrective,122,906,000050000287
WO-2051522,ASSET-00306,Preventive,0,,000050000287
WO-2051523,ASSET-00307,Preventive,0,,000050000288
WO-2051524,ASSET-00307,Corrective,198,742,000050000288
WO-2051525,ASSET-00307,Preventive,0,,000050000288
WO-2051526,ASSET-00307,Preventive,0,,000050000288
WO-2051527,ASSET-00307,Preventive,0,,000050000288
WO-2051528,ASSET-00307,Emergency,136,1635,000050000288
WO-2051529,ASSET-00307,Preventive,0,,000050000288
WO-2051530,ASSET-00308,Preventive,0,,000050000289
WO-2051531,ASSET-00308,Emergency,496,640,000050000289
WO-2051532,ASSET-00308,Emergency,407,935,000050000289
WO-2051533,ASSET-00308,Emergency,134,1354,000050000289
WO-2051534,ASSET-00309,Preventive,0,,000050000290
WO-2051535,ASSET-00309,Corrective,43,1347,000050000290
WO-2051536,ASSET-00309,Preventive,0,,000050000290
WO-2051537,ASSET-00309,Preventive,0,,000050000290
WO-2051538,ASSET-00309,Preventive,0,,000050000290
WO-2051539,ASSET-00310,Corrective,196,1900,000050000291
WO-2051540,ASSET-00310,Corrective,227,1735,000050000291
WO-2051541,ASSET-00310,Preventive,0,,000050000291
WO-2051542,ASSET-00310,Corrective,221,1648,000050000291
WO-2051543,ASSET-00311,Preventive,0,,000050000292
WO-2051544,ASSET-00311,Corrective,174,1426,000050000292
WO-2051545,ASSET-00311,Preventive,0,,000050000292
WO-2051546,ASSET-00311,Emergency,152,1140,000050000292
WO-2051547,ASSET-00311,Emergency,572,1954,000050000292
WO-2051548,ASSET-00311,Preventive,0,,000050000292
WO-2051549,ASSET-00311,Corrective,185,1475,000050000292
WO-2051550,ASSET-00311,Preventive,0,,000050000292
WO-2051551,ASSET-00312,Emergency,412,1904,000050000293
WO-2051552,ASSET-00312,Corrective,101,845,000050000293
WO-2051553,ASSET-00312,Emergency,526,1566,000050000293
WO-2051554,ASSET-00312,Preventive,0,,000050000293
WO-2051555,ASSET-00312,Corrective,45,1380,000050000293
WO-2051556,ASSET-00312,Preventive,0,,000050000293
WO-2051557,ASSET-00312,Emergency,252,1560,000050000293
WO-2051558,ASSET-00312,Corrective,151,1205,000050000293
WO-2051559,ASSET-00312,Preventive,0,,000050000293
WO-2051560,ASSET-00313,Preventive,0,,000050000294
WO-2051561,ASSET-00313,Preventive,0,,000050000294
WO-2051562,ASSET-00313,Corrective,118,244,000050000294
WO-2051563,ASSET-00313,Preventive,0,,000050000294
WO-2051564,ASSET-00313,Preventive,0,,000050000294
WO-2051565,ASSET-00313,Corrective,131,258,000050000294
WO-2051566,ASSET-00313,Corrective,37,735,000050000294
WO-2051567,ASSET-00313,Corrective,131,428,000050000294
WO-2051568,ASSET-00314,Corrective,225,501,000050000295
WO-2051569,ASSET-00314,Corrective,197,1196,000050000295
WO-2051570,ASSET-00314,Preventive,0,,000050000295
WO-2051571,ASSET-00314,Emergency,548,1521,000050000295
WO-2051572,ASSET-00315,Corrective,57,1258,000050000296
WO-2051573,ASSET-00315,Preventive,0,,000050000296
WO-2051574,ASSET-00315,Preventive,0,,000050000296
WO-2051575,ASSET-00315,Preventive,0,,000050000296
WO-2051576,ASSET-00315,Preventive,0,,000050000296
WO-2051577,ASSET-00315,Preventive,0,,000050000296
WO-2051578,ASSET-00315,Corrective,231,1745,000050000296
WO-2051579,ASSET-00315,Preventive,0,,000050000296
WO-2051580,ASSET-00316,Corrective,39,781,000050000297
WO-2051581,ASSET-00316,Preventive,0,,000050000297
WO-2051582,ASSET-00316,Corrective,86,328,000050000297
WO-2051583,ASSET-00316,Preventive,0,,000050000297
WO-2051584,ASSET-00316,Preventive,0,,000050000297
WO-2051585,ASSET-00317,Preventive,0,,000050000298
WO-2051586,ASSET-00318,Preventive,0,,000050000299
WO-2051587,ASSET-00318,Preventive,0,,000050000299
WO-2051588,ASSET-00318,Corrective,197,1690,000050000299
WO-2051589,ASSET-00318,Preventive,0,,000050000299
WO-2051590,ASSET-00318,Corrective,193,710,000050000299
WO-2051591,ASSET-00318,Preventive,0,,000050000299
WO-2051592,ASSET-00318,Preventive,0,,000050000299
WO-2051593,ASSET-00318,Emergency,206,1222,000050000299
WO-2051594,ASSET-00319,Corrective,104,1277,000050000300
WO-2051595,ASSET-00319,Preventive,0,,000050000300
WO-2051596,ASSET-00319,Preventive,0,,000050000300
WO-2051597,ASSET-00319,Preventive,0,,000050000300
WO-2051598,ASSET-00319,Corrective,225,1614,000050000300
WO-2051599,ASSET-00319,Preventive,0,,000050000300
WO-2051600,ASSET-00320,Preventive,0,,000050000301
WO-2051601,ASSET-00320,Corrective,198,1782,000050000301
WO-2051602,ASSET-00320,Emergency,468,346,000050000301
WO-2051603,ASSET-00320,Corrective,142,253,000050000301
WO-2051604,ASSET-00320,Preventive,0,,000050000301
WO-2051605,ASSET-00320,Preventive,0,,000050000301
WO-2051606,ASSET-00321,Preventive,0,,000050000302
WO-2051607,ASSET-00321,Preventive,0,,000050000302
WO-2051608,ASSET-00321,Emergency,149,645,000050000302
WO-2051609,ASSET-00321,Preventive,0,,000050000302
WO-2051610,ASSET-00322,Corrective,32,1947,000050000303
WO-2051611,ASSET-00322,Preventive,0,,000050000303
WO-2051612,ASSET-00322,Corrective,179,1319,000050000303
WO-2051613,ASSET-00323,Preventive,0,,000050000304
WO-2051614,ASSET-00323,Preventive,0,,000050000304
WO-2051615,ASSET-00323,Corrective,89,423,000050000304
WO-2051616,ASSET-00323,Preventive,0,,000050000304
WO-2051617,ASSET-00323,Emergency,555,1247,000050000304
WO-2051618,ASSET-00323,Preventive,0,,000050000304
WO-2051619,ASSET-00323,Corrective,179,1847,000050000304
WO-2051620,ASSET-00323,Preventive,0,,000050000304
WO-2051621,ASSET-00323,Preventive,0,,000050000304
WO-2051622,ASSET-00324,Corrective,129,444,000050000305
WO-2051623,ASSET-00324,Preventive,0,,000050000305
WO-2051624,ASSET-00324,Preventive,0,,000050000305
WO-2051625,ASSET-00324,Preventive,0,,000050000305
WO-2051626,ASSET-00324,Corrective,158,1381,000050000305
WO-2051627,ASSET-00324,Emergency,399,376,000050000305
WO-2051628,ASSET-00324,Preventive,0,,000050000305
WO-2051629,ASSET-00324,Preventive,0,,000050000305
WO-2051630,ASSET-00325,Preventive,0,,000050000306
WO-2051631,ASSET-00325,Corrective,156,757,000050000306
WO-2051632,ASSET-00325,Preventive,0,,000050000306
WO-2051633,ASSET-00326,Preventive,0,,000050000307
WO-2051634,ASSET-00326,Corrective,186,1101,000050000307
WO-2051635,ASSET-00326,Preventive,0,,000050000307
WO-2051636,ASSET-00327,Preventive,0,,000050000308
WO-2051637,ASSET-00327,Corrective,213,513,000050000308
WO-2051638,ASSET-00327,Preventive,0,,000050000308
WO-2051639,ASSET-00327,Preventive,0,,000050000308
WO-2051640,ASSET-00327,Corrective,139,702,000050000308
WO-2051641,ASSET-00327,Corrective,31,568,000050000308
WO-2051642,ASSET-00327,Corrective,92,528,000050000308
WO-2051643,ASSET-00328,Preventive,0,,000050000309
WO-2051644,ASSET-00328,Corrective,115,1768,000050000309
WO-2051645,ASSET-00328,Preventive,0,,000050000309
WO-2051646,ASSET-00328,Preventive,0,,000050000309
WO-2051647,ASSET-00328,Corrective,137,749,000050000309
WO-2051648,ASSET-00328,Corrective,226,1849,000050000309
WO-2051649,ASSET-00328,Preventive,0,,000050000309
WO-2051650,ASSET-00328,Preventive,0,,000050000309
WO-2051651,ASSET-00329,Corrective,194,776,000050000310
WO-2051652,ASSET-00329,Emergency,201,1026,000050000310
WO-2051653,ASSET-00329,Corrective,146,872,000050000310
WO-2051654,ASSET-00329,Preventive,0,,000050000310
WO-2051655,ASSET-00329,Preventive,0,,000050000310
WO-2051656,ASSET-00330,Preventive,0,,000050000311
WO-2051657,ASSET-00330,Preventive,0,,000050000311
WO-2051658,ASSET-00330,Corrective,113,316,000050000311
WO-2051659,ASSET-00330,Preventive,0,,000050000311
WO-2051660,ASSET-00330,Preventive,0,,000050000311
WO-2051661,ASSET-00331,Preventive,0,,000050000312
WO-2051662,ASSET-00331,Preventive,0,,000050000312
WO-2051663,ASSET-00331,Preventive,0,,000050000312
WO-2051664,ASSET-00331,Emergency,600,897,000050000312
WO-2051665,ASSET-00332,Corrective,65,1957,000050000313
WO-2051666,ASSET-00332,Preventive,0,,000050000313
WO-2051667,ASSET-00332,Corrective,184,333,000050000313
WO-2051668,ASSET-00332,Emergency,143,522,000050000313
WO-2051669,ASSET-00332,Corrective,108,1964,000050000313
WO-2051670,ASSET-00332,Preventive,0,,000050000313
WO-2051671,ASSET-00333,Emergency,582,426,000050000314
WO-2051672,ASSET-00333,Preventive,0,,000050000314
WO-2051673,ASSET-00333,Preventive,0,,000050000314
WO-2051674,ASSET-00333,Preventive,0,,000050000314
WO-2051675,ASSET-00333,Preventive,0,,000050000314
WO-2051676,ASSET-00333,Corrective,207,836,000050000314
WO-2051677,ASSET-00334,Preventive,0,,000050000315
WO-2051678,ASSET-00334,Preventive,0,,000050000315
WO-2051679,ASSET-00334,Preventive,0,,000050000315
WO-2051680,ASSET-00334,Corrective,224,805,000050000315
WO-2051681,ASSET-00334,Emergency,279,1101,000050000315
WO-2051682,ASSET-00334,Corrective,162,900,000050000315
WO-2051683,ASSET-00334,Preventive,0,,000050000315
WO-2051684,ASSET-00335,Corrective,164,1435,000050000316
WO-2051685,ASSET-00335,Emergency,394,651,000050000316
WO-2051686,ASSET-00335,Preventive,0,,000050000316
WO-2051687,ASSET-00335,Preventive,0,,000050000316
WO-2051688,ASSET-00335,Corrective,63,1330,000050000316
WO-2051689,ASSET-00335,Corrective,31,1737,000050000316
WO-2051690,ASSET-00336,Corrective,149,308,000050000317
WO-2051691,ASSET-00336,Corrective,34,1793,000050000317
WO-2051692,ASSET-00336,Corrective,212,284,000050000317
WO-2051693,ASSET-00337,Preventive,0,,000050000318
WO-2051694,ASSET-00337,Corrective,211,675,000050000318
WO-2051695,ASSET-00337,Preventive,0,,000050000318
WO-2051696,ASSET-00337,Preventive,0,,000050000318
WO-2051697,ASSET-00337,Emergency,187,617,000050000318
WO-2051698,ASSET-00337,Corrective,183,1957,000050000318
WO-2051699,ASSET-00337,Preventive,0,,000050000318
WO-2051700,ASSET-00338,Corrective,230,449,000050000319
WO-2051701,ASSET-00338,Corrective,32,503,000050000319
WO-2051702,ASSET-00338,Emergency,204,1937,000050000319
WO-2051703,ASSET-00338,Corrective,218,338,000050000319
WO-2051704,ASSET-00338,Preventive,0,,000050000319
WO-2051705,ASSET-00338,Preventive,0,,000050000319
WO-2051706,ASSET-00338,Preventive,0,,000050000319
WO-2051707,ASSET-00339,Corrective,218,390,000050000320
WO-2051708,ASSET-00339,Emergency,324,1035,000050000320
WO-2051709,ASSET-00339,Emergency,152,872,000050000320
WO-2051710,ASSET-00340,Corrective,131,933,000050000321
WO-2051711,ASSET-00340,Corrective,58,612,000050000321
WO-2051712,ASSET-00340,Preventive,0,,000050000321
WO-2051713,ASSET-00340,Corrective,62,627,000050000321
WO-2051714,ASSET-00340,Preventive,0,,000050000321
WO-2051715,ASSET-00341,Corrective,114,1546,000050000322
WO-2051716,ASSET-00341,Preventive,0,,000050000322
WO-2051717,ASSET-00341,Emergency,261,822,000050000322
WO-2051718,ASSET-00342,Corrective,202,575,000050000323
WO-2051719,ASSET-00342,Corrective,168,1194,000050000323
WO-2051720,ASSET-00342,Corrective,77,1069,000050000323
WO-2051721,ASSET-00342,Corrective,205,817,000050000323
WO-2051722,ASSET-00343,Preventive,0,,000050000324
WO-2051723,ASSET-00343,Preventive,0,,000050000324
WO-2051724,ASSET-00343,Preventive,0,,000050000324
WO-2051725,ASSET-00343,Emergency,418,507,000050000324
WO-2051726,ASSET-00343,Corrective,64,1307,000050000324
WO-2051727,ASSET-00343,Preventive,0,,000050000324
WO-2051728,ASSET-00343,Corrective,51,715,000050000324
WO-2051729,ASSET-00343,Corrective,183,840,000050000324
WO-2051730,ASSET-00343,Preventive,0,,000050000324
WO-2051731,ASSET-00344,Preventive,0,,000050000325
WO-2051732,ASSET-00344,Emergency,366,1835,000050000325
WO-2051733,ASSET-00344,Corrective,105,992,000050000325
WO-2051734,ASSET-00344,Corrective,130,1984,000050000325
WO-2051735,ASSET-00344,Preventive,0,,000050000325
WO-2051736,ASSET-00344,Emergency,152,416,000050000325
WO-2051737,ASSET-00345,Preventive,0,,000050000326
WO-2051738,ASSET-00345,Corrective,220,780,000050000326
WO-2051739,ASSET-00346,Preventive,0,,000050000327
WO-2051740,ASSET-00346,Corrective,177,1937,000050000327
WO-2051741,ASSET-00346,Preventive,0,,000050000327
WO-2051742,ASSET-00346,Preventive,0,,000050000327
WO-2051743,ASSET-00346,Preventive,0,,000050000327
WO-2051744,ASSET-00346,Corrective,36,1364,000050000327
WO-2051745,ASSET-00346,Corrective,80,424,000050000327
WO-2051746,ASSET-00346,Corrective,65,970,000050000327
WO-2051747,ASSET-00347,Preventive,0,,000050000328
WO-2051748,ASSET-00347,Preventive,0,,000050000328
WO-2051749,ASSET-00347,Preventive,0,,000050000328
WO-2051750,ASSET-00347,Corrective,57,1665,000050000328
WO-2051751,ASSET-00347,Emergency,557,740,000050000328
WO-2051752,ASSET-00347,Corrective,78,1883,000050000328
WO-2051753,ASSET-00347,Corrective,191,1481,000050000328
WO-2051754,ASSET-00348,Preventive,0,,000050000329
WO-2051755,ASSET-00348,Preventive,0,,000050000329
WO-2051756,ASSET-00348,Preventive,0,,000050000329
WO-2051757,ASSET-00348,Preventive,0,,000050000329
WO-2051758,ASSET-00348,Preventive,0,,000050000329
WO-2051759,ASSET-00349,Corrective,125,1231,000050000330
WO-2051760,ASSET-00349,Corrective,128,1891,000050000330
WO-2051761,ASSET-00349,Preventive,0,,000050000330
WO-2051762,ASSET-00349,Preventive,0,,000050000330
WO-2051763,ASSET-00349,Preventive,0,,000050000330
WO-2051764,ASSET-00349,Preventive,0,,000050000330
WO-2051765,ASSET-00349,Preventive,0,,000050000330
WO-2051766,ASSET-00349,Preventive,0,,000050000330
WO-2051767,ASSET-00350,Emergency,215,1289,000050000331
WO-2051768,ASSET-00350,Preventive,0,,000050000331
WO-2051769,ASSET-00350,Preventive,0,,000050000331
WO-2051770,ASSET-00350,Preventive,0,,000050000331
WO-2051771,ASSET-00351,Corrective,84,1049,000050000332
WO-2051772,ASSET-00351,Preventive,0,,000050000332
WO-2051773,ASSET-00351,Preventive,0,,000050000332
WO-2051774,ASSET-00351,Corrective,237,1255,000050000332
WO-2051775,ASSET-00351,Preventive,0,,000050000332
WO-2051776,ASSET-00351,Corrective,88,1092,000050000332
WO-2051777,ASSET-00351,Preventive,0,,000050000332
WO-2051778,ASSET-00351,Corrective,181,1178,000050000332
WO-2051779,ASSET-00352,Preventive,0,,000050000333
WO-2051780,ASSET-00352,Emergency,430,1967,000050000333
WO-2051781,ASSET-00352,Preventive,0,,000050000333
WO-2051782,ASSET-00352,Corrective,71,619,000050000333
WO-2051783,ASSET-00352,Emergency,562,1384,000050000333
WO-2051784,ASSET-00352,Emergency,83,1237,000050000333
WO-2051785,ASSET-00353,Preventive,0,,000050000334
WO-2051786,ASSET-00353,Preventive,0,,000050000334
WO-2051787,ASSET-00353,Preventive,0,,000050000334
WO-2051788,ASSET-00353,Preventive,0,,000050000334
WO-2051789,ASSET-00353,Preventive,0,,000050000334
WO-2051790,ASSET-00354,Preventive,0,,000050000335
WO-2051791,ASSET-00354,Corrective,171,831,000050000335
WO-2051792,ASSET-00354,Corrective,239,1634,000050000335
WO-2051793,ASSET-00354,Preventive,0,,000050000335
WO-2051794,ASSET-00354,Corrective,137,1335,000050000335
WO-2051795,ASSET-00354,Preventive,0,,000050000335
WO-2051796,ASSET-00355,Corrective,188,1410,000050000336
WO-2051797,ASSET-00355,Corrective,75,538,000050000336
WO-2051798,ASSET-00355,Preventive,0,,000050000336
WO-2051799,ASSET-00355,Emergency,575,1429,000050000336
WO-2051800,ASSET-00355,Preventive,0,,000050000336
WO-2051801,ASSET-00355,Preventive,0,,000050000336
WO-2051802,ASSET-00355,Corrective,100,1447,000050000336
WO-2051803,ASSET-00356,Corrective,214,665,000050000337
WO-2051804,ASSET-00356,Preventive,0,,000050000337
WO-2051805,ASSET-00356,Corrective,159,717,000050000337
WO-2051806,ASSET-00357,Corrective,52,1046,000050000338
WO-2051807,ASSET-00357,Preventive,0,,000050000338
WO-2051808,ASSET-00357,Corrective,214,218,000050000338
WO-2051809,ASSET-00357,Emergency,154,1410,000050000338
WO-2051810,ASSET-00357,Preventive,0,,000050000338
WO-2051811,ASSET-00357,Preventive,0,,000050000338
WO-2051812,ASSET-00358,Emergency,549,566,000050000339
WO-2051813,ASSET-00358,Preventive,0,,000050000339
WO-2051814,ASSET-00358,Corrective,39,860,000050000339
WO-2051815,ASSET-00358,Preventive,0,,000050000339
WO-2051816,ASSET-00358,Emergency,117,1796,000050000339
WO-2051817,ASSET-00358,Preventive,0,,000050000339
WO-2051818,ASSET-00358,Preventive,0,,000050000339
WO-2051819,ASSET-00358,Corrective,202,872,000050000339
WO-2051820,ASSET-00358,Preventive,0,,000050000339
WO-2051821,ASSET-00359,Corrective,197,1865,000050000340
WO-2051822,ASSET-00359,Preventive,0,,000050000340
WO-2051823,ASSET-00359,Preventive,0,,000050000340
WO-2051824,ASSET-00359,Corrective,176,1307,000050000340
WO-2051825,ASSET-00359,Preventive,0,,000050000340
WO-2051826,ASSET-00359,Preventive,0,,000050000340
WO-2051827,ASSET-00360,Preventive,0,,000050000341
WO-2051828,ASSET-00360,Emergency,431,1246,000050000341
WO-2051829,ASSET-00360,Emergency,243,1326,000050000341
WO-2051830,ASSET-00360,Preventive,0,,000050000341
WO-2051831,ASSET-00360,Corrective,77,543,000050000341
WO-2051832,ASSET-00361,Corrective,102,1410,000050000342
WO-2051833,ASSET-00362,Preventive,0,,000050000343
WO-2051834,ASSET-00362,Preventive,0,,000050000343
WO-2051835,ASSET-00363,Preventive,0,,000050000344
WO-2051836,ASSET-00363,Corrective,35,482,000050000344
WO-2051837,ASSET-00364,Preventive,0,,000050000345
WO-2051838,ASSET-00364,Preventive,0,,000050000345
WO-2051839,ASSET-00364,Preventive,0,,000050000345
WO-2051840,ASSET-00364,Corrective,233,589,000050000345
WO-2051841,ASSET-00364,Corrective,131,450,000050000345
WO-2051842,ASSET-00365,Preventive,0,,000050000346
WO-2051843,ASSET-00365,Corrective,193,1608,000050000346
WO-2051844,ASSET-00365,Preventive,0,,000050000346
WO-2051845,ASSET-00365,Emergency,430,1417,000050000346
WO-2051846,ASSET-00365,Preventive,0,,000050000346
WO-2051847,ASSET-00365,Preventive,0,,000050000346
WO-2051848,ASSET-00365,Preventive,0,,000050000346
WO-2051849,ASSET-00366,Corrective,131,1124,000050000347
WO-2051850,ASSET-00366,Preventive,0,,000050000347
WO-2051851,ASSET-00367,Preventive,0,,000050000348
WO-2051852,ASSET-00367,Preventive,0,,000050000348
WO-2051853,ASSET-00367,Preventive,0,,000050000348
WO-2051854,ASSET-00367,Preventive,0,,000050000348
WO-2051855,ASSET-00367,Preventive,0,,000050000348
WO-2051856,ASSET-00368,Preventive,0,,000050000349
WO-2051857,ASSET-00369,Corrective,233,802,000050000350
WO-2051858,ASSET-00369,Corrective,51,1618,000050000350
WO-2051859,ASSET-00369,Corrective,116,848,000050000350
WO-2051860,ASSET-00369,Corrective,197,507,000050000350
WO-2051861,ASSET-00369,Preventive,0,,000050000350
WO-2051862,ASSET-00369,Preventive,0,,000050000350
WO-2051863,ASSET-00370,Preventive,0,,000050000351
WO-2051864,ASSET-00370,Preventive,0,,000050000351
WO-2051865,ASSET-00370,Corrective,197,1390,000050000351
WO-2051866,ASSET-00370,Preventive,0,,000050000351
WO-2051867,ASSET-00370,Emergency,312,1235,000050000351
WO-2051868,ASSET-00371,Corrective,65,1432,000050000352
WO-2051869,ASSET-00371,Preventive,0,,000050000352
WO-2051870,ASSET-00371,Corrective,125,1067,000050000352
WO-2051871,ASSET-00372,Preventive,0,,000050000353
WO-2051872,ASSET-00372,Preventive,0,,000050000353
WO-2051873,ASSET-00372,Corrective,118,745,000050000353
WO-2051874,ASSET-00372,Preventive,0,,000050000353
WO-2051875,ASSET-00373,Corrective,131,1899,000050000354
WO-2051876,ASSET-00373,Preventive,0,,000050000354
WO-2051877,ASSET-00373,Preventive,0,,000050000354
WO-2051878,ASSET-00373,Corrective,102,723,000050000354
WO-2051879,ASSET-00374,Emergency,167,1729,000050000355
WO-2051880,ASSET-00374,Preventive,0,,000050000355
WO-2051881,ASSET-00374,Corrective,96,1176,000050000355
WO-2051882,ASSET-00374,Preventive,0,,000050000355
WO-2051883,ASSET-00374,Emergency,218,1787,000050000355
WO-2051884,ASSET-00374,Preventive,0,,000050000355
WO-2051885,ASSET-00374,Preventive,0,,000050000355
WO-2051886,ASSET-00375,Corrective,52,1332,000050000356
WO-2051887,ASSET-00375,Preventive,0,,000050000356
WO-2051888,ASSET-00376,Preventive,0,,000050000357
WO-2051889,ASSET-00376,Preventive,0,,000050000357
WO-2051890,ASSET-00376,Preventive,0,,000050000357
WO-2051891,ASSET-00376,Preventive,0,,000050000357
WO-2051892,ASSET-00377,Corrective,210,1098,000050000358
WO-2051893,ASSET-00377,Corrective,227,1529,000050000358
WO-2051894,ASSET-00377,Preventive,0,,000050000358
WO-2051895,ASSET-00377,Preventive,0,,000050000358
WO-2051896,ASSET-00377,Corrective,162,1957,000050000358
WO-2051897,ASSET-00378,Corrective,93,265,000050000359
WO-2051898,ASSET-00378,Preventive,0,,000050000359
WO-2051899,ASSET-00378,Preventive,0,,000050000359
WO-2051900,ASSET-00378,Preventive,0,,000050000359
WO-2051901,ASSET-00378,Emergency,338,213,000050000359
WO-2051902,ASSET-00378,Preventive,0,,000050000359
WO-2051903,ASSET-00378,Preventive,0,,000050000359
WO-2051904,ASSET-00379,Emergency,351,1869,000050000360
WO-2051905,ASSET-00379,Preventive,0,,000050000360
WO-2051906,ASSET-00379,Corrective,184,1212,000050000360
WO-2051907,ASSET-00379,Preventive,0,,000050000360
WO-2051908,ASSET-00379,Preventive,0,,000050000360
WO-2051909,ASSET-00380,Preventive,0,,000050000361
WO-2051910,ASSET-00380,Corrective,47,1663,000050000361
WO-2051911,ASSET-00380,Corrective,209,915,000050000361
WO-2051912,ASSET-00380,Preventive,0,,000050000361
WO-2051913,ASSET-00380,Emergency,567,1779,000050000361
WO-2051914,ASSET-00380,Preventive,0,,000050000361
WO-2051915,ASSET-00381,Corrective,230,812,000050000362
WO-2051916,ASSET-00381,Preventive,0,,000050000362
WO-2051917,ASSET-00381,Preventive,0,,000050000362
WO-2051918,ASSET-00381,Preventive,0,,000050000362
WO-2051919,ASSET-00382,Preventive,0,,000050000363
WO-2051920,ASSET-00382,Emergency,226,995,000050000363
WO-2051921,ASSET-00382,Emergency,270,1138,000050000363
WO-2051922,ASSET-00382,Emergency,364,1329,000050000363
WO-2051923,ASSET-00382,Preventive,0,,000050000363
WO-2051924,ASSET-00382,Corrective,209,1916,000050000363
WO-2051925,ASSET-00383,Preventive,0,,000050000364
WO-2051926,ASSET-00383,Preventive,0,,000050000364
WO-2051927,ASSET-00383,Preventive,0,,000050000364
WO-2051928,ASSET-00384,Preventive,0,,000050000365
WO-2051929,ASSET-00384,Corrective,144,307,000050000365
WO-2051930,ASSET-00385,Corrective,84,1188,000050000366
WO-2051931,ASSET-00385,Preventive,0,,000050000366
WO-2051932,ASSET-00386,Preventive,0,,000050000367
WO-2051933,ASSET-00386,Preventive,0,,000050000367
WO-2051934,ASSET-00386,Corrective,166,1950,000050000367
WO-2051935,ASSET-00387,Preventive,0,,000050000368
WO-2051936,ASSET-00387,Corrective,166,1176,000050000368
WO-2051937,ASSET-00387,Corrective,46,660,000050000368
WO-2051938,ASSET-00387,Corrective,99,257,000050000368
WO-2051939,ASSET-00387,Preventive,0,,000050000368
WO-2051940,ASSET-00387,Preventive,0,,000050000368
WO-2051941,ASSET-00388,Corrective,171,219,000050000369
WO-2051942,ASSET-00388,Preventive,0,,000050000369
WO-2051943,ASSET-00388,Preventive,0,,000050000369
WO-2051944,ASSET-00388,Corrective,131,488,000050000369
WO-2051945,ASSET-00388,Corrective,212,1626,000050000369
WO-2051946,ASSET-00388,Preventive,0,,000050000369
WO-2051947,ASSET-00389,Preventive,0,,000050000370
WO-2051948,ASSET-00389,Preventive,0,,000050000370
WO-2051949,ASSET-00389,Preventive,0,,000050000370
WO-2051950,ASSET-00389,Preventive,0,,000050000370
WO-2051951,ASSET-00390,Preventive,0,,000050000371
WO-2051952,ASSET-00390,Corrective,102,1421,000050000371
WO-2051953,ASSET-00390,Preventive,0,,000050000371
WO-2051954,ASSET-00390,Corrective,173,694,000050000371
WO-2051955,ASSET-00391,Preventive,0,,000050000372
WO-2051956,ASSET-00391,Emergency,399,330,000050000372
WO-2051957,ASSET-00391,Preventive,0,,000050000372
WO-2051958,ASSET-00391,Preventive,0,,000050000372
WO-2051959,ASSET-00391,Corrective,128,1285,000050000372
WO-2051960,ASSET-00391,Corrective,184,1100,000050000372
WO-2051961,ASSET-00391,Preventive,0,,000050000372
WO-2051962,ASSET-00393,Corrective,109,1040,000050000374
WO-2051963,ASSET-00394,Preventive,0,,000050000376
WO-2051964,ASSET-00394,Preventive,0,,000050000376
WO-2051965,ASSET-00394,Corrective,58,636,000050000376
WO-2051966,ASSET-00395,Corrective,221,1693,000050000377
WO-2051967,ASSET-00395,Emergency,402,1407,000050000377
WO-2051968,ASSET-00396,Preventive,0,,000050000378
WO-2051969,ASSET-00396,Emergency,301,648,000050000378
WO-2051970,ASSET-00397,Preventive,0,,000050000379
WO-2051971,ASSET-00397,Corrective,199,1462,000050000379
WO-2051972,ASSET-00397,Preventive,0,,000050000379
WO-2051973,ASSET-00397,Preventive,0,,000050000379
WO-2051974,ASSET-00398,Preventive,0,,000050000380
WO-2051975,ASSET-00398,Preventive,0,,000050000380
WO-2051976,ASSET-00398,Preventive,0,,000050000380
WO-2051977,ASSET-00399,Preventive,0,,000050000381
WO-2051978,ASSET-00399,Preventive,0,,000050000381
WO-2051979,ASSET-00399,Corrective,212,730,000050000381
WO-2051980,ASSET-00399,Preventive,0,,000050000381
WO-2051981,ASSET-00400,Preventive,0,,000050000382
WO-2051982,ASSET-00400,Preventive,0,,000050000382
WO-2051983,ASSET-00400,Corrective,177,1071,000050000382
WO-2051984,ASSET-00400,Preventive,0,,000050000382
WO-2051985,ASSET-00400,Corrective,73,1466,000050000382
WO-2051986,ASSET-00400,Emergency,323,1907,000050000382
WO-2051987,ASSET-00400,Preventive,0,,000050000382
WO-2051988,ASSET-00400,Corrective,120,1565,000050000382
WO-2051989,ASSET-00401,Corrective,156,1597,000050000383
WO-2051990,ASSET-00401,Corrective,150,254,000050000383
WO-2051991,ASSET-00401,Preventive,0,,000050000383
WO-2051992,ASSET-00402,Corrective,127,1034,000050000384
WO-2051993,ASSET-00402,Corrective,173,1116,000050000384
WO-2051994,ASSET-00402,Preventive,0,,000050000384
WO-2051995,ASSET-00402,Corrective,99,586,000050000384
WO-2051996,ASSET-00402,Preventive,0,,000050000384
WO-2051997,ASSET-00402,Corrective,181,440,000050000384
WO-2051998,ASSET-00403,Emergency,436,294,000050000385
WO-2051999,ASSET-00403,Corrective,104,297,000050000385
WO-2052000,ASSET-00403,Corrective,38,1135,000050000385
WO-2052001,ASSET-00403,Emergency,274,961,000050000385
WO-2052002,ASSET-00403,Corrective,101,327,000050000385
WO-2052003,ASSET-00404,Preventive,0,,000050000386
WO-2052004,ASSET-00404,Corrective,117,1948,000050000386
WO-2052005,ASSET-00404,Corrective,157,1711,000050000386
WO-2052006,ASSET-00404,Corrective,165,1370,000050000386
WO-2052007,ASSET-00404,Preventive,0,,000050000386
WO-2052008,ASSET-00404,Preventive,0,,000050000386
WO-2052009,ASSET-00404,Preventive,0,,000050000386
WO-2052010,ASSET-00405,Preventive,0,,000050000387
WO-2052011,ASSET-00405,Corrective,165,1696,000050000387
WO-2052012,ASSET-00405,Corrective,231,1853,000050000387
WO-2052013,ASSET-00405,Corrective,52,1498,000050000387
WO-2052014,ASSET-00405,Corrective,122,244,000050000387
WO-2052015,ASSET-00405,Corrective,41,459,000050000387
WO-2052016,ASSET-00406,Corrective,81,1152,000050000388
WO-2052017,ASSET-00406,Corrective,236,367,000050000388
WO-2052018,ASSET-00406,Preventive,0,,000050000388
WO-2052019,ASSET-00407,Corrective,223,1279,000050000389
WO-2052020,ASSET-00407,Emergency,544,1647,000050000389
WO-2052021,ASSET-00407,Preventive,0,,000050000389
WO-2052022,ASSET-00407,Preventive,0,,000050000389
WO-2052023,ASSET-00407,Corrective,235,1294,000050000389
WO-2052024,ASSET-00407,Corrective,167,1118,000050000389
WO-2052025,ASSET-00408,Corrective,131,1492,000050000390
WO-2052026,ASSET-00408,Preventive,0,,000050000390
WO-2052027,ASSET-00408,Corrective,129,1322,000050000390
WO-2052028,ASSET-00408,Preventive,0,,000050000390
WO-2052029,ASSET-00408,Corrective,57,1648,000050000390
WO-2052030,ASSET-00409,Emergency,116,1166,000050000391
WO-2052031,ASSET-00410,Corrective,139,1393,000050000392
WO-2052032,ASSET-00411,Preventive,0,,000050000393
WO-2052033,ASSET-00411,Corrective,220,1012,000050000393
WO-2052034,ASSET-00411,Corrective,169,1184,000050000393
WO-2052035,ASSET-00411,Preventive,0,,000050000393
WO-2052036,ASSET-00412,Preventive,0,,000050000394
WO-2052037,ASSET-00413,Preventive,0,,000050000395
WO-2052038,ASSET-00413,Preventive,0,,000050000395
WO-2052039,ASSET-00414,Preventive,0,,000050000396
WO-2052040,ASSET-00414,Corrective,224,1385,000050000396
WO-2052041,ASSET-00414,Corrective,110,1458,000050000396
WO-2052042,ASSET-00414,Preventive,0,,000050000396
WO-2052043,ASSET-00415,Preventive,0,,000050000397
WO-2052044,ASSET-00415,Preventive,0,,000050000397
WO-2052045,ASSET-00416,Preventive,0,,000050000398
WO-2052046,ASSET-00416,Corrective,67,1789,000050000398
WO-2052047,ASSET-00416,Preventive,0,,000050000398
WO-2052048,ASSET-00417,Preventive,0,,000050000399
WO-2052049,ASSET-00418,Preventive,0,,000050000400
WO-2052050,ASSET-00418,Emergency,331,1117,000050000400
WO-2052051,ASSET-00418,Preventive,0,,000050000400
WO-2052052,ASSET-00418,Corrective,87,600,000050000400
WO-2052053,ASSET-00418,Corrective,137,1889,000050000400
WO-2052054,ASSET-00418,Corrective,103,589,000050000400
WO-2052055,ASSET-00418,Preventive,0,,000050000400
WO-2052056,ASSET-00419,Preventive,0,,000050000402
WO-2052057,ASSET-00419,Corrective,86,1835,000050000402
WO-2052058,ASSET-00419,Preventive,0,,000050000402
WO-2052059,ASSET-00419,Preventive,0,,000050000402
WO-2052060,ASSET-00419,Corrective,152,1864,000050000402
WO-2052061,ASSET-00419,Corrective,216,1051,000050000402
WO-2052062,ASSET-00420,Preventive,0,,000050000403
WO-2052063,ASSET-00420,Preventive,0,,000050000403
WO-2052064,ASSET-00420,Preventive,0,,000050000403
WO-2052065,ASSET-00420,Corrective,59,290,000050000403
WO-2052066,ASSET-00421,Corrective,81,1375,000050000404
WO-2052067,ASSET-00421,Corrective,136,1768,000050000404
WO-2052068,ASSET-00421,Preventive,0,,000050000404
WO-2052069,ASSET-00421,Preventive,0,,000050000404
WO-2052070,ASSET-00422,Preventive,0,,000050000405
WO-2052071,ASSET-00422,Preventive,0,,000050000405
WO-2052072,ASSET-00422,Preventive,0,,000050000405
WO-2052073,ASSET-00422,Preventive,0,,000050000405
WO-2052074,ASSET-00422,Corrective,221,226,000050000405
WO-2052075,ASSET-00422,Preventive,0,,000050000405
WO-2052076,ASSET-00423,Preventive,0,,000050000406
WO-2052077,ASSET-00423,Emergency,496,473,000050000406
WO-2052078,ASSET-00423,Preventive,0,,000050000406
WO-2052079,ASSET-00423,Corrective,218,1784,000050000406
WO-2052080,ASSET-00423,Preventive,0,,000050000406
WO-2052081,ASSET-00423,Preventive,0,,000050000406
WO-2052082,ASSET-00423,Preventive,0,,000050000406
WO-2052083,ASSET-00423,Emergency,323,1576,000050000406
WO-2052084,ASSET-00423,Corrective,67,1894,000050000406
WO-2052085,ASSET-00424,Corrective,177,1263,000050000407
WO-2052086,ASSET-00424,Preventive,0,,000050000407
WO-2052087,ASSET-00424,Corrective,147,938,000050000407
WO-2052088,ASSET-00425,Preventive,0,,000050000408
WO-2052089,ASSET-00425,Corrective,191,1844,000050000408
WO-2052090,ASSET-00425,Preventive,0,,000050000408
WO-2052091,ASSET-00425,Preventive,0,,000050000408
WO-2052092,ASSET-00425,Preventive,0,,000050000408
WO-2052093,ASSET-00425,Corrective,104,391,000050000408
WO-2052094,ASSET-00425,Corrective,43,543,000050000408
WO-2052095,ASSET-00426,Preventive,0,,000050000409
WO-2052096,ASSET-00426,Preventive,0,,000050000409
WO-2052097,ASSET-00426,Corrective,229,1637,000050000409
WO-2052098,ASSET-00426,Corrective,126,1651,000050000409
WO-2052099,ASSET-00427,Corrective,220,1073,000050000410
WO-2052100,ASSET-00427,Corrective,56,1878,000050000410
WO-2052101,ASSET-00427,Preventive,0,,000050000410
WO-2052102,ASSET-00427,Preventive,0,,000050000410
WO-2052103,ASSET-00427,Preventive,0,,000050000410
WO-2052104,ASSET-00428,Corrective,180,1764,000050000411
WO-2052105,ASSET-00428,Corrective,152,747,000050000411
WO-2052106,ASSET-00428,Corrective,113,1358,000050000411
WO-2052107,ASSET-00428,Emergency,592,1170,000050000411
WO-2052108,ASSET-00429,Corrective,121,599,000050000412
WO-2052109,ASSET-00429,Preventive,0,,000050000412
WO-2052110,ASSET-00430,Corrective,50,1206,000050000413
WO-2052111,ASSET-00430,Corrective,148,702,000050000413
WO-2052112,ASSET-00430,Preventive,0,,000050000413
WO-2052113,ASSET-00430,Preventive,0,,000050000413
WO-2052114,ASSET-00430,Preventive,0,,000050000413
WO-2052115,ASSET-00431,Corrective,173,382,000050000414
WO-2052116,ASSET-00431,Emergency,460,984,000050000414
WO-2052117,ASSET-00431,Preventive,0,,000050000414
WO-2052118,ASSET-00431,Corrective,207,848,000050000414
WO-2052119,ASSET-00431,Corrective,125,1380,000050000414
WO-2052120,ASSET-00431,Preventive,0,,000050000414
WO-2052121,ASSET-00432,Preventive,0,,000050000415
WO-2052122,ASSET-00432,Corrective,63,227,000050000415
WO-2052123,ASSET-00433,Preventive,0,,000050000416
WO-2052124,ASSET-00433,Preventive,0,,000050000416
WO-2052125,ASSET-00433,Preventive,0,,000050000416
WO-2052126,ASSET-00433,Corrective,180,1939,000050000416
WO-2052127,ASSET-00433,Emergency,193,795,000050000416
WO-2052128,ASSET-00433,Corrective,145,222,000050000416
WO-2052129,ASSET-00433,Preventive,0,,000050000416
WO-2052130,ASSET-00433,Corrective,119,1799,000050000416
WO-2052131,ASSET-00433,Preventive,0,,000050000416
WO-2052132,ASSET-00433,Preventive,0,,000050000416
WO-2052133,ASSET-00433,Corrective,149,1403,000050000416
WO-2052134,ASSET-00434,Preventive,0,,000050000417
WO-2052135,ASSET-00434,Corrective,146,1491,000050000417
WO-2052136,ASSET-00434,Preventive,0,,000050000417
WO-2052137,ASSET-00434,Corrective,57,1082,000050000417
WO-2052138,ASSET-00434,Corrective,144,952,000050000417
WO-2052139,ASSET-00434,Preventive,0,,000050000417
WO-2052140,ASSET-00435,Corrective,159,753,000050000418
WO-2052141,ASSET-00435,Preventive,0,,000050000418
WO-2052142,ASSET-00435,Corrective,115,1251,000050000418
WO-2052143,ASSET-00436,Corrective,46,1237,000050000419
WO-2052144,ASSET-00436,Preventive,0,,000050000419
WO-2052145,ASSET-00437,Corrective,57,1510,000050000420
WO-2052146,ASSET-00437,Preventive,0,,000050000420
WO-2052147,ASSET-00437,Corrective,204,1607,000050000420
WO-2052148,ASSET-00437,Corrective,74,390,000050000420
WO-2052149,ASSET-00438,Preventive,0,,000050000421
WO-2052150,ASSET-00438,Preventive,0,,000050000421
WO-2052151,ASSET-00438,Corrective,178,1053,000050000421
WO-2052152,ASSET-00438,Preventive,0,,000050000421
WO-2052153,ASSET-00438,Corrective,240,926,000050000421
WO-2052154,ASSET-00439,Preventive,0,,000050000422
WO-2052155,ASSET-00439,Corrective,234,884,000050000422
WO-2052156,ASSET-00439,Preventive,0,,000050000422
WO-2052157,ASSET-00439,Preventive,0,,000050000422
WO-2052158,ASSET-00440,Corrective,191,1925,000050000423
WO-2052159,ASSET-00440,Corrective,185,270,000050000423
WO-2052160,ASSET-00440,Corrective,30,1131,000050000423
WO-2052161,ASSET-00440,Corrective,188,963,000050000423
WO-2052162,ASSET-00440,Corrective,132,412,000050000423
WO-2052163,ASSET-00440,Preventive,0,,000050000423
WO-2052164,ASSET-00440,Preventive,0,,000050000423
WO-2052165,ASSET-00441,Corrective,64,1922,000050000424
WO-2052166,ASSET-00441,Corrective,186,219,000050000424
WO-2052167,ASSET-00441,Corrective,165,892,000050000424
WO-2052168,ASSET-00441,Corrective,141,1261,000050000424
WO-2052169,ASSET-00442,Preventive,0,,000050000425
WO-2052170,ASSET-00442,Emergency,313,1353,000050000425
WO-2052171,ASSET-00442,Corrective,176,1613,000050000425
WO-2052172,ASSET-00442,Preventive,0,,000050000425
WO-2052173,ASSET-00442,Corrective,117,257,000050000425
WO-2052174,ASSET-00442,Preventive,0,,000050000425
WO-2052175,ASSET-00443,Emergency,126,234,000050000426
WO-2052176,ASSET-00443,Corrective,207,434,000050000426
WO-2052177,ASSET-00443,Preventive,0,,000050000426
WO-2052178,ASSET-00443,Preventive,0,,000050000426
WO-2052179,ASSET-00444,Preventive,0,,000050000427
WO-2052180,ASSET-00444,Preventive,0,,000050000427
WO-2052181,ASSET-00444,Preventive,0,,000050000427
WO-2052182,ASSET-00445,Corrective,31,315,000050000428
WO-2052183,ASSET-00445,Emergency,238,1690,000050000428
WO-2052184,ASSET-00445,Preventive,0,,000050000428
WO-2052185,ASSET-00445,Emergency,251,1711,000050000428
WO-2052186,ASSET-00446,Corrective,202,430,000050000429
WO-2052187,ASSET-00446,Corrective,133,578,000050000429
WO-2052188,ASSET-00446,Preventive,0,,000050000429
WO-2052189,ASSET-00446,Corrective,176,1016,000050000429
WO-2052190,ASSET-00447,Corrective,213,797,000050000430
WO-2052191,ASSET-00447,Corrective,158,350,000050000430
WO-2052192,ASSET-00447,Preventive,0,,000050000430
WO-2052193,ASSET-00448,Preventive,0,,000050000431
WO-2052194,ASSET-00448,Corrective,40,1332,000050000431
WO-2052195,ASSET-00448,Preventive,0,,000050000431
WO-2052196,ASSET-00448,Preventive,0,,000050000431
WO-2052197,ASSET-00448,Emergency,347,1950,000050000431
WO-2052198,ASSET-00449,Corrective,151,1657,000050000432
WO-2052199,ASSET-00449,Corrective,126,802,000050000432
WO-2052200,ASSET-00450,Corrective,120,986,000050000433
WO-2052201,ASSET-00450,Preventive,0,,000050000433
WO-2052202,ASSET-00450,Preventive,0,,000050000433
WO-2052203,ASSET-00450,Preventive,0,,000050000433
WO-2052204,ASSET-00450,Corrective,108,1954,000050000433
WO-2052205,ASSET-00450,Preventive,0,,000050000433
WO-2052206,ASSET-00450,Emergency,505,248,000050000433
WO-2052207,ASSET-00451,Corrective,120,1003,000050000434
WO-2052208,ASSET-00451,Preventive,0,,000050000434
WO-2052209,ASSET-00451,Emergency,318,550,000050000434
WO-2052210,ASSET-00451,Preventive,0,,000050000434
WO-2052211,ASSET-00452,Preventive,0,,000050000435
WO-2052212,ASSET-00452,Emergency,518,353,000050000435
WO-2052213,ASSET-00452,Preventive,0,,000050000435
WO-2052214,ASSET-00452,Preventive,0,,000050000435
WO-2052215,ASSET-00452,Preventive,0,,000050000435
WO-2052216,ASSET-00453,Corrective,52,1475,000050000436
WO-2052217,ASSET-00453,Corrective,154,890,000050000436
WO-2052218,ASSET-00453,Emergency,565,643,000050000436
WO-2052219,ASSET-00453,Corrective,85,539,000050000436
WO-2052220,ASSET-00453,Preventive,0,,000050000436
WO-2052221,ASSET-00453,Corrective,69,1514,000050000436
WO-2052222,ASSET-00453,Emergency,318,409,000050000436
WO-2052223,ASSET-00454,Corrective,40,1575,000050000437
WO-2052224,ASSET-00454,Corrective,177,1807,000050000437
WO-2052225,ASSET-00454,Emergency,248,617,000050000437
WO-2052226,ASSET-00454,Emergency,179,1957,000050000437
WO-2052227,ASSET-00454,Preventive,0,,000050000437
WO-2052228,ASSET-00455,Preventive,0,,000050000438
WO-2052229,ASSET-00455,Preventive,0,,000050000438
WO-2052230,ASSET-00455,Preventive,0,,000050000438
WO-2052231,ASSET-00455,Preventive,0,,000050000438
WO-2052232,ASSET-00455,Preventive,0,,000050000438
WO-2052233,ASSET-00455,Preventive,0,,000050000438
WO-2052234,ASSET-00455,Corrective,222,507,000050000438
WO-2052235,ASSET-00455,Preventive,0,,000050000438
WO-2052236,ASSET-00456,Corrective,120,1143,000050000439
WO-2052237,ASSET-00456,Corrective,78,1632,000050000439
WO-2052238,ASSET-00456,Preventive,0,,000050000439
WO-2052239,ASSET-00456,Corrective,165,692,000050000439
WO-2052240,ASSET-00456,Corrective,133,274,000050000439
WO-2052241,ASSET-00456,Corrective,140,1136,000050000439
WO-2052242,ASSET-00457,Preventive,0,,000050000440
WO-2052243,ASSET-00457,Preventive,0,,000050000440
WO-2052244,ASSET-00457,Preventive,0,,000050000440
WO-2052245,ASSET-00457,Preventive,0,,000050000440
WO-2052246,ASSET-00458,Preventive,0,,000050000441
WO-2052247,ASSET-00458,Emergency,289,1119,000050000441
WO-2052248,ASSET-00458,Preventive,0,,000050000441
WO-2052249,ASSET-00458,Preventive,0,,000050000441
WO-2052250,ASSET-00458,Preventive,0,,000050000441
WO-2052251,ASSET-00459,Corrective,132,466,000050000442
WO-2052252,ASSET-00459,Preventive,0,,000050000442
WO-2052253,ASSET-00459,Corrective,172,1818,000050000442
WO-2052254,ASSET-00459,Corrective,121,1648,000050000442
WO-2052255,ASSET-00459,Preventive,0,,000050000442
WO-2052256,ASSET-00459,Preventive,0,,000050000442
WO-2052257,ASSET-00460,Emergency,589,1906,000050000443
WO-2052258,ASSET-00460,Corrective,197,736,000050000443
WO-2052259,ASSET-00460,Preventive,0,,000050000443
WO-2052260,ASSET-00460,Emergency,425,1613,000050000443
WO-2052261,ASSET-00460,Preventive,0,,000050000443
WO-2052262,ASSET-00460,Preventive,0,,000050000443
WO-2052263,ASSET-00460,Corrective,112,466,000050000443
WO-2052264,ASSET-00461,Emergency,230,1415,000050000444
WO-2052265,ASSET-00461,Emergency,522,484,000050000444
WO-2052266,ASSET-00461,Preventive,0,,000050000444
WO-2052267,ASSET-00461,Preventive,0,,000050000444
WO-2052268,ASSET-00461,Preventive,0,,000050000444
WO-2052269,ASSET-00462,Preventive,0,,000050000445
WO-2052270,ASSET-00462,Preventive,0,,000050000445
WO-2052271,ASSET-00462,Preventive,0,,000050000445
WO-2052272,ASSET-00462,Corrective,70,1919,000050000445
WO-2052273,ASSET-00463,Preventive,0,,000050000446
WO-2052274,ASSET-00463,Corrective,235,1801,000050000446
WO-2052275,ASSET-00463,Preventive,0,,000050000446
WO-2052276,ASSET-00463,Preventive,0,,000050000446
WO-2052277,ASSET-00463,Preventive,0,,000050000446
WO-2052278,ASSET-00464,Corrective,231,887,000050000447
WO-2052279,ASSET-00464,Preventive,0,,000050000447
WO-2052280,ASSET-00464,Preventive,0,,000050000447
WO-2052281,ASSET-00464,Corrective,61,1286,000050000447
WO-2052282,ASSET-00464,Preventive,0,,000050000447
WO-2052283,ASSET-00464,Preventive,0,,000050000447
WO-2052284,ASSET-00464,Preventive,0,,000050000447
WO-2052285,ASSET-00464,Preventive,0,,000050000447
WO-2052286,ASSET-00464,Corrective,57,1770,000050000447
WO-2052287,ASSET-00465,Preventive,0,,000050000448
WO-2052288,ASSET-00465,Preventive,0,,000050000448
WO-2052289,ASSET-00465,Corrective,145,429,000050000448
WO-2052290,ASSET-00465,Corrective,205,1657,000050000448
WO-2052291,ASSET-00465,Preventive,0,,000050000448
WO-2052292,ASSET-00466,Preventive,0,,000050000449
WO-2052293,ASSET-00466,Preventive,0,,000050000449
WO-2052294,ASSET-00467,Preventive,0,,000050000450
WO-2052295,ASSET-00467,Corrective,45,319,000050000450
WO-2052296,ASSET-00467,Corrective,131,1922,000050000450
WO-2052297,ASSET-00467,Preventive,0,,000050000450
WO-2052298,ASSET-00467,Preventive,0,,000050000450
WO-2052299,ASSET-00467,Preventive,0,,000050000450
WO-2052300,ASSET-00467,Corrective,137,1721,000050000450
WO-2052301,ASSET-00468,Preventive,0,,000050000451
WO-2052302,ASSET-00468,Preventive,0,,000050000451
WO-2052303,ASSET-00468,Preventive,0,,000050000451
WO-2052304,ASSET-00468,Preventive,0,,000050000451
WO-2052305,ASSET-00469,Preventive,0,,000050000452
WO-2052306,ASSET-00469,Emergency,69,1093,000050000452
WO-2052307,ASSET-00469,Emergency,242,1875,000050000452
WO-2052308,ASSET-00470,Preventive,0,,000050000453
WO-2052309,ASSET-00470,Preventive,0,,000050000453
WO-2052310,ASSET-00470,Preventive,0,,000050000453
WO-2052311,ASSET-00470,Corrective,172,620,000050000453
WO-2052312,ASSET-00470,Preventive,0,,000050000453
WO-2052313,ASSET-00470,Emergency,121,588,000050000453
WO-2052314,ASSET-00470,Corrective,132,437,000050000453
WO-2052315,ASSET-00470,Corrective,188,1318,000050000453
WO-2052316,ASSET-00471,Corrective,195,1499,000050000454
WO-2052317,ASSET-00471,Emergency,286,1753,000050000454
WO-2052318,ASSET-00471,Corrective,111,1555,000050000454
WO-2052319,ASSET-00471,Preventive,0,,000050000454
WO-2052320,ASSET-00472,Preventive,0,,000050000455
WO-2052321,ASSET-00472,Corrective,205,1277,000050000455
WO-2052322,ASSET-00472,Corrective,92,592,000050000455
WO-2052323,ASSET-00472,Emergency,591,563,000050000455
WO-2052324,ASSET-00473,Preventive,0,,000050000456
WO-2052325,ASSET-00473,Preventive,0,,000050000456
WO-2052326,ASSET-00473,Emergency,345,1653,000050000456
WO-2052327,ASSET-00473,Preventive,0,,000050000456
WO-2052328,ASSET-00473,Corrective,79,317,000050000456
WO-2052329,ASSET-00473,Corrective,30,1119,000050000456
WO-2052330,ASSET-00474,Preventive,0,,000050000457
WO-2052331,ASSET-00474,Preventive,0,,000050000457
WO-2052332,ASSET-00474,Emergency,360,862,000050000457
WO-2052333,ASSET-00474,Preventive,0,,000050000457
WO-2052334,ASSET-00474,Preventive,0,,000050000457
WO-2052335,ASSET-00474,Corrective,65,413,000050000457
WO-2052336,ASSET-00474,Preventive,0,,000050000457
WO-2052337,ASSET-00475,Preventive,0,,000050000458
WO-2052338,ASSET-00475,Emergency,347,1793,000050000458
WO-2052339,ASSET-00475,Preventive,0,,000050000458
WO-2052340,ASSET-00475,Preventive,0,,000050000458
WO-2052341,ASSET-00476,Corrective,161,807,000050000459
WO-2052342,ASSET-00476,Corrective,81,1241,000050000459
WO-2052343,ASSET-00476,Corrective,172,664,000050000459
WO-2052344,ASSET-00476,Corrective,155,1294,000050000459
WO-2052345,ASSET-00476,Preventive,0,,000050000459
WO-2052346,ASSET-00476,Preventive,0,,000050000459
WO-2052347,ASSET-00477,Preventive,0,,000050000460
WO-2052348,ASSET-00477,Corrective,89,1690,000050000460
WO-2052349,ASSET-00478,Corrective,95,1056,000050000461
WO-2052350,ASSET-00478,Emergency,500,346,000050000461
WO-2052351,ASSET-00478,Corrective,215,1473,000050000461
WO-2052352,ASSET-00478,Emergency,414,267,000050000461
WO-2052353,ASSET-00479,Preventive,0,,000050000462
WO-2052354,ASSET-00479,Preventive,0,,000050000462
WO-2052355,ASSET-00479,Corrective,195,1340,000050000462
WO-2052356,ASSET-00479,Corrective,85,1723,000050000462
WO-2052357,ASSET-00479,Emergency,64,1492,000050000462
WO-2052358,ASSET-00480,Emergency,592,422,000050000463
WO-2052359,ASSET-00480,Emergency,107,1775,000050000463
WO-2052360,ASSET-00480,Corrective,96,1471,000050000463
WO-2052361,ASSET-00480,Corrective,30,1524,000050000463
WO-2052362,ASSET-00480,Corrective,133,1277,000050000463
WO-2052363,ASSET-00480,Preventive,0,,000050000463
WO-2052364,ASSET-00480,Preventive,0,,000050000463
WO-2052365,ASSET-00480,Emergency,560,783,000050000463
WO-2052366,ASSET-00480,Corrective,108,642,000050000463
WO-2052367,ASSET-00480,Preventive,0,,000050000463
WO-2052368,ASSET-00481,Preventive,0,,000050000464
WO-2052369,ASSET-00481,Preventive,0,,000050000464
WO-2052370,ASSET-00481,Corrective,84,1732,000050000464
WO-2052371,ASSET-00481,Corrective,197,1812,000050000464
WO-2052372,ASSET-00482,Corrective,137,1709,000050000465
WO-2052373,ASSET-00482,Corrective,65,891,000050000465
WO-2052374,ASSET-00482,Preventive,0,,000050000465
WO-2052375,ASSET-00482,Preventive,0,,000050000465
WO-2052376,ASSET-00482,Preventive,0,,000050000465
WO-2052377,ASSET-00482,Preventive,0,,000050000465
WO-2052378,ASSET-00483,Preventive,0,,000050000466
WO-2052379,ASSET-00483,Preventive,0,,000050000466
WO-2052380,ASSET-00483,Preventive,0,,000050000466
WO-2052381,ASSET-00483,Corrective,52,885,000050000466
WO-2052382,ASSET-00483,Preventive,0,,000050000466
WO-2052383,ASSET-00483,Preventive,0,,000050000466
WO-2052384,ASSET-00484,Preventive,0,,000050000467
WO-2052385,ASSET-00484,Emergency,134,474,000050000467
WO-2052386,ASSET-00484,Preventive,0,,000050000467
WO-2052387,ASSET-00484,Preventive,0,,000050000467
WO-2052388,ASSET-00484,Preventive,0,,000050000467
WO-2052389,ASSET-00484,Emergency,70,848,000050000467
WO-2052390,ASSET-00484,Corrective,64,1708,000050000467
WO-2052391,ASSET-00484,Corrective,134,1720,000050000467
WO-2052392,ASSET-00484,Preventive,0,,000050000467
WO-2052393,ASSET-00484,Corrective,194,1100,000050000467
WO-2052394,ASSET-00485,Corrective,91,1769,000050000468
WO-2052395,ASSET-00485,Emergency,262,1901,000050000468
WO-2052396,ASSET-00485,Preventive,0,,000050000468
WO-2052397,ASSET-00485,Corrective,153,1761,000050000468
WO-2052398,ASSET-00486,Corrective,53,548,000050000469
WO-2052399,ASSET-00486,Corrective,202,1658,000050000469
WO-2052400,ASSET-00486,Emergency,91,1684,000050000469
WO-2052401,ASSET-00486,Corrective,65,1263,000050000469
WO-2052402,ASSET-00487,Preventive,0,,000050000470
WO-2052403,ASSET-00487,Preventive,0,,000050000470
WO-2052404,ASSET-00487,Preventive,0,,000050000470
WO-2052405,ASSET-00487,Corrective,226,391,000050000470
WO-2052406,ASSET-00487,Corrective,228,1437,000050000470
WO-2052407,ASSET-00487,Preventive,0,,000050000470
WO-2052408,ASSET-00487,Preventive,0,,000050000470
WO-2052409,ASSET-00487,Corrective,153,1013,000050000470
WO-2052410,ASSET-00487,Corrective,226,1898,000050000470
WO-2052411,ASSET-00488,Preventive,0,,000050000472
WO-2052412,ASSET-00488,Corrective,65,530,000050000472
WO-2052413,ASSET-00488,Preventive,0,,000050000472
WO-2052414,ASSET-00488,Preventive,0,,000050000472
WO-2052415,ASSET-00488,Preventive,0,,000050000472
WO-2052416,ASSET-00488,Preventive,0,,000050000472
WO-2052417,ASSET-00489,Preventive,0,,000050000473
WO-2052418,ASSET-00489,Corrective,232,614,000050000473
WO-2052419,ASSET-00489,Corrective,186,1909,000050000473
WO-2052420,ASSET-00489,Preventive,0,,000050000473
WO-2052421,ASSET-00490,Emergency,434,650,000050000474
WO-2052422,ASSET-00490,Preventive,0,,000050000474
WO-2052423,ASSET-00490,Preventive,0,,000050000474
WO-2052424,ASSET-00490,Preventive,0,,000050000474
WO-2052425,ASSET-00490,Preventive,0,,000050000474
WO-2052426,ASSET-00490,Preventive,0,,000050000474
WO-2052427,ASSET-00490,Preventive,0,,000050000474
WO-2052428,ASSET-00490,Preventive,0,,000050000474
WO-2052429,ASSET-00490,Preventive,0,,000050000474
WO-2052430,ASSET-00491,Preventive,0,,000050000475
WO-2052431,ASSET-00491,Preventive,0,,000050000475
WO-2052432,ASSET-00491,Corrective,232,1391,000050000475
WO-2052433,ASSET-00491,Corrective,126,1999,000050000475
WO-2052434,ASSET-00491,Preventive,0,,000050000475
WO-2052435,ASSET-00492,Corrective,115,1876,000050000476
WO-2052436,ASSET-00492,Emergency,478,887,000050000476
WO-2052437,ASSET-00492,Corrective,163,716,000050000476
WO-2052438,ASSET-00492,Corrective,113,1032,000050000476
WO-2052439,ASSET-00492,Preventive,0,,000050000476
WO-2052440,ASSET-00493,Emergency,409,1379,000050000477
WO-2052441,ASSET-00493,Preventive,0,,000050000477
WO-2052442,ASSET-00493,Preventive,0,,000050000477
WO-2052443,ASSET-00493,Preventive,0,,000050000477
WO-2052444,ASSET-00493,Preventive,0,,000050000477
WO-2052445,ASSET-00494,Preventive,0,,000050000478
WO-2052446,ASSET-00494,Preventive,0,,000050000478
WO-2052447,ASSET-00494,Corrective,53,1915,000050000478
WO-2052448,ASSET-00494,Preventive,0,,000050000478
WO-2052449,ASSET-00495,Preventive,0,,000050000479
WO-2052450,ASSET-00495,Preventive,0,,000050000479
WO-2052451,ASSET-00495,Corrective,196,770,000050000479
WO-2052452,ASSET-00496,Preventive,0,,000050000480
WO-2052453,ASSET-00496,Preventive,0,,000050000480
WO-2052454,ASSET-00496,Preventive,0,,000050000480
WO-2052455,ASSET-00496,Preventive,0,,000050000480
WO-2052456,ASSET-00497,Corrective,227,1494,000050000481
WO-2052457,ASSET-00497,Preventive,0,,000050000481
WO-2052458,ASSET-00497,Preventive,0,,000050000481
WO-2052459,ASSET-00498,Corrective,133,1969,000050000482
WO-2052460,ASSET-00498,Corrective,59,415,000050000482
WO-2052461,ASSET-00498,Preventive,0,,000050000482
WO-2052462,ASSET-00498,Corrective,132,1715,000050000482
WO-2052463,ASSET-00498,Corrective,188,449,000050000482
WO-2052464,ASSET-00498,Preventive,0,,000050000482
WO-2052465,ASSET-00499,Corrective,209,393,000050000483
WO-2052466,ASSET-00499,Preventive,0,,000050000483
WO-2052467,ASSET-00499,Corrective,200,1317,000050000483
WO-2052468,ASSET-00499,Corrective,142,1737,000050000483
WO-2052469,ASSET-00499,Preventive,0,,000050000483
WO-2052470,ASSET-00499,Corrective,189,1149,000050000483
WO-2052471,ASSET-00499,Preventive,0,,000050000483
WO-2052472,ASSET-00499,Corrective,141,1893,000050000483
WO-2052473,ASSET-00500,Preventive,0,,000050000484
WO-2052474,ASSET-00501,Corrective,146,1117,000050000485
WO-2052475,ASSET-00501,Preventive,0,,000050000485
WO-2052476,ASSET-00501,Preventive,0,,000050000485
WO-2052477,ASSET-00501,Preventive,0,,000050000485
WO-2052478,ASSET-00502,Preventive,0,,000050000486
WO-2052479,ASSET-00502,Emergency,101,1782,000050000486
WO-2052480,ASSET-00503,Corrective,133,1792,000050000487
WO-2052481,ASSET-00503,Corrective,158,1947,000050000487
WO-2052482,ASSET-00503,Corrective,133,238,000050000487
WO-2052483,ASSET-00504,Preventive,0,,000050000488
WO-2052484,ASSET-00504,Preventive,0,,000050000488
WO-2052485,ASSET-00504,Preventive,0,,000050000488
WO-2052486,ASSET-00504,Corrective,37,962,000050000488
WO-2052487,ASSET-00504,Corrective,233,971,000050000488
WO-2052488,ASSET-00504,Preventive,0,,000050000488
WO-2052489,ASSET-00505,Corrective,101,481,000050000489
WO-2052490,ASSET-00505,Preventive,0,,000050000489
WO-2052491,ASSET-00505,Corrective,112,886,000050000489
WO-2052492,ASSET-00505,Preventive,0,,000050000489
WO-2052493,ASSET-00505,Preventive,0,,000050000489
WO-2052494,ASSET-00506,Preventive,0,,000050000490
WO-2052495,ASSET-00507,Preventive,0,,000050000491
WO-2052496,ASSET-00507,Preventive,0,,000050000491
WO-2052497,ASSET-00507,Preventive,0,,000050000491
WO-2052498,ASSET-00507,Preventive,0,,000050000491
WO-2052499,ASSET-00508,Corrective,115,1723,000050000492
WO-2052500,ASSET-00508,Preventive,0,,000050000492
WO-2052501,ASSET-00509,Corrective,208,538,000050000493
WO-2052502,ASSET-00509,Corrective,90,720,000050000493
WO-2052503,ASSET-00509,Corrective,235,1014,000050000493
WO-2052504,ASSET-00509,Corrective,223,251,000050000493
WO-2052505,ASSET-00509,Preventive,0,,000050000493
WO-2052506,ASSET-00509,Preventive,0,,000050000493
WO-2052507,ASSET-00510,Corrective,59,1169,000050000494
WO-2052508,ASSET-00510,Preventive,0,,000050000494
WO-2052509,ASSET-00510,Preventive,0,,000050000494
WO-2052510,ASSET-00511,Preventive,0,,000050000495
WO-2052511,ASSET-00511,Preventive,0,,000050000495
WO-2052512,ASSET-00511,Corrective,216,1758,000050000495
WO-2052513,ASSET-00511,Preventive,0,,000050000495
WO-2052514,ASSET-00512,Preventive,0,,000050000496
WO-2052515,ASSET-00512,Emergency,87,500,000050000496
WO-2052516,ASSET-00512,Preventive,0,,000050000496
WO-2052517,ASSET-00512,Preventive,0,,000050000496
WO-2052518,ASSET-00513,Corrective,37,1859,000050000497
WO-2052519,ASSET-00513,Corrective,91,873,000050000497
WO-2052520,ASSET-00513,Preventive,0,,000050000497
WO-2052521,ASSET-00513,Preventive,0,,000050000497
WO-2052522,ASSET-00513,Preventive,0,,000050000497
WO-2052523,ASSET-00514,Preventive,0,,000050000498
WO-2052524,ASSET-00514,Corrective,192,703,000050000498
WO-2052525,ASSET-00515,Corrective,150,1064,000050000499
WO-2052526,ASSET-00515,Preventive,0,,000050000499
WO-2052527,ASSET-00516,Preventive,0,,000050000500
WO-2052528,ASSET-00516,Preventive,0,,000050000500
WO-2052529,ASSET-00516,Preventive,0,,000050000500
WO-2052530,ASSET-00516,Corrective,156,530,000050000500
WO-2052531,ASSET-00516,Preventive,0,,000050000500
WO-2052532,ASSET-00517,Preventive,0,,000050000501
WO-2052533,ASSET-00517,Corrective,185,913,000050000501
WO-2052534,ASSET-00518,Preventive,0,,000050000502
WO-2052535,ASSET-00518,Preventive,0,,000050000502
WO-2052536,ASSET-00518,Corrective,50,1370,000050000502
WO-2052537,ASSET-00518,Preventive,0,,000050000502
WO-2052538,ASSET-00518,Corrective,43,1476,000050000502
WO-2052539,ASSET-00519,Corrective,82,461,000050000503
WO-2052540,ASSET-00519,Corrective,41,1159,000050000503
WO-2052541,ASSET-00519,Preventive,0,,000050000503
WO-2052542,ASSET-00519,Corrective,184,1825,000050000503
WO-2052543,ASSET-00519,Corrective,188,1488,000050000503
WO-2052544,ASSET-00519,Emergency,544,1934,000050000503
WO-2052545,ASSET-00519,Corrective,115,1015,000050000503
WO-2052546,ASSET-00520,Corrective,119,1867,000050000504
WO-2052547,ASSET-00520,Corrective,150,1124,000050000504
WO-2052548,ASSET-00520,Preventive,0,,000050000504
WO-2052549,ASSET-00520,Corrective,67,1331,000050000504
WO-2052550,ASSET-00520,Preventive,0,,000050000504
WO-2052551,ASSET-00520,Preventive,0,,000050000504
WO-2052552,ASSET-00520,Preventive,0,,000050000504
WO-2052553,ASSET-00520,Preventive,0,,000050000504
WO-2052554,ASSET-00521,Corrective,98,1861,000050000505
WO-2052555,ASSET-00521,Emergency,354,1936,000050000505
WO-2052556,ASSET-00521,Preventive,0,,000050000505
WO-2052557,ASSET-00521,Corrective,89,303,000050000505
WO-2052558,ASSET-00521,Corrective,93,256,000050000505
WO-2052559,ASSET-00522,Preventive,0,,000050000506
WO-2052560,ASSET-00522,Preventive,0,,000050000506
WO-2052561,ASSET-00522,Emergency,462,1902,000050000506
WO-2052562,ASSET-00522,Corrective,57,408,000050000506
WO-2052563,ASSET-00522,Corrective,92,226,000050000506
WO-2052564,ASSET-00523,Preventive,0,,000050000507
WO-2052565,ASSET-00523,Preventive,0,,000050000507
WO-2052566,ASSET-00523,Corrective,145,1326,000050000507
WO-2052567,ASSET-00523,Corrective,178,904,000050000507
WO-2052568,ASSET-00523,Preventive,0,,000050000507
WO-2052569,ASSET-00523,Preventive,0,,000050000507
WO-2052570,ASSET-00523,Preventive,0,,000050000507
WO-2052571,ASSET-00524,Corrective,215,1679,000050000508
WO-2052572,ASSET-00524,Preventive,0,,000050000508
WO-2052573,ASSET-00524,Corrective,63,733,000050000508
WO-2052574,ASSET-00524,Preventive,0,,000050000508
WO-2052575,ASSET-00525,Corrective,65,1230,000050000509
WO-2052576,ASSET-00525,Emergency,280,366,000050000509
WO-2052577,ASSET-00525,Corrective,91,1600,000050000509
WO-2052578,ASSET-00525,Corrective,66,258,000050000509
WO-2052579,ASSET-00525,Corrective,157,349,000050000509
WO-2052580,ASSET-00525,Preventive,0,,000050000509
WO-2052581,ASSET-00525,Preventive,0,,000050000509
WO-2052582,ASSET-00526,Corrective,159,243,000050000510
WO-2052583,ASSET-00526,Preventive,0,,000050000510
WO-2052584,ASSET-00526,Preventive,0,,000050000510
WO-2052585,ASSET-00526,Preventive,0,,000050000510
WO-2052586,ASSET-00526,Preventive,0,,000050000510
WO-2052587,ASSET-00527,Corrective,129,1741,000050000511
WO-2052588,ASSET-00527,Preventive,0,,000050000511
WO-2052589,ASSET-00527,Preventive,0,,000050000511
