OrderRef,EquipID,Type,DowntimeMinutes,MTBFHours,LinkedAssetRef
WO-2060001,ASSET-00001,Preventive,0,,
WO-2060002,ASSET-00001,Preventive,0,,
WO-2060003,ASSET-00001,Preventive,0,,
WO-2060004,ASSET-00001,Corrective,64,568,
WO-2060005,ASSET-00001,Corrective,157,543,
WO-2060006,ASSET-00001,Preventive,0,,
WO-2060007,ASSET-00002,Corrective,215,1644,000060000001
WO-2060008,ASSET-00002,Preventive,0,,000060000001
WO-2060009,ASSET-00002,Preventive,0,,000060000001
WO-2060010,ASSET-00002,Preventive,0,,000060000001
WO-2060011,ASSET-00002,Preventive,0,,000060000001
WO-2060012,ASSET-00002,Corrective,214,715,000060000001
WO-2060013,ASSET-00003,Corrective,226,602,000060000002
WO-2060014,ASSET-00003,Preventive,0,,000060000002
WO-2060015,ASSET-00003,Corrective,138,1680,000060000002
WO-2060016,ASSET-00003,Emergency,319,200,000060000002
WO-2060017,ASSET-00003,Emergency,120,1996,000060000002
WO-2060018,ASSET-00003,Emergency,138,1810,000060000002
WO-2060019,ASSET-00004,Preventive,0,,000060000003
WO-2060020,ASSET-00004,Corrective,125,698,000060000003
WO-2060021,ASSET-00004,Preventive,0,,000060000003
WO-2060022,ASSET-00004,Corrective,212,201,000060000003
WO-2060023,ASSET-00004,Corrective,57,764,000060000003
WO-2060024,ASSET-00004,Emergency,161,1369,000060000003
WO-2060025,ASSET-00004,Preventive,0,,000060000003
WO-2060026,ASSET-00004,Preventive,0,,000060000003
WO-2060027,ASSET-00005,Preventive,0,,000060000004
WO-2060028,ASSET-00005,Preventive,0,,000060000004
WO-2060029,ASSET-00005,Emergency,536,662,000060000004
WO-2060030,ASSET-00005,Corrective,57,538,000060000004
WO-2060031,ASSET-00005,Emergency,581,675,000060000004
WO-2060032,ASSET-00005,Preventive,0,,000060000004
WO-2060033,ASSET-00006,Preventive,0,,000060000005
WO-2060034,ASSET-00006,Preventive,0,,000060000005
WO-2060035,ASSET-00006,Corrective,106,673,000060000005
WO-2060036,ASSET-00006,Preventive,0,,000060000005
WO-2060037,ASSET-00007,Corrective,171,297,000060000006
WO-2060038,ASSET-00007,Corrective,152,1160,000060000006
WO-2060039,ASSET-00007,Preventive,0,,000060000006
WO-2060040,ASSET-00007,Preventive,0,,000060000006
WO-2060041,ASSET-00008,Emergency,300,850,000060000007
WO-2060042,ASSET-00008,Preventive,0,,000060000007
WO-2060043,ASSET-00008,Preventive,0,,000060000007
WO-2060044,ASSET-00008,Corrective,239,661,000060000007
WO-2060045,ASSET-00009,Preventive,0,,000060000008
WO-2060046,ASSET-00009,Corrective,174,356,000060000008
WO-2060047,ASSET-00009,Preventive,0,,000060000008
WO-2060048,ASSET-00010,Preventive,0,,000060000009
WO-2060049,ASSET-00010,Corrective,47,1796,000060000009
WO-2060050,ASSET-00010,Preventive,0,,000060000009
WO-2060051,ASSET-00010,Preventive,0,,000060000009
WO-2060052,ASSET-00010,Preventive,0,,000060000009
WO-2060053,ASSET-00010,Preventive,0,,000060000009
WO-2060054,ASSET-00011,Corrective,30,565,000060000010
WO-2060055,ASSET-00011,Preventive,0,,000060000010
WO-2060056,ASSET-00011,Preventive,0,,000060000010
WO-2060057,ASSET-00011,Preventive,0,,000060000010
WO-2060058,ASSET-00011,Corrective,219,1409,000060000010
WO-2060059,ASSET-00011,Corrective,108,1577,000060000010
WO-2060060,ASSET-00012,Preventive,0,,000060000011
WO-2060061,ASSET-00012,Emergency,91,405,000060000011
WO-2060062,ASSET-00012,Corrective,77,644,000060000011
WO-2060063,ASSET-00012,Preventive,0,,000060000011
WO-2060064,ASSET-00012,Preventive,0,,000060000011
WO-2060065,ASSET-00012,Preventive,0,,000060000011
WO-2060066,ASSET-00013,Corrective,164,1117,000060000012
WO-2060067,ASSET-00013,Preventive,0,,000060000012
WO-2060068,ASSET-00013,Corrective,89,1418,000060000012
WO-2060069,ASSET-00013,Corrective,57,872,000060000012
WO-2060070,ASSET-00014,Corrective,88,445,000060000013
WO-2060071,ASSET-00014,Emergency,234,1492,000060000013
WO-2060072,ASSET-00015,Emergency,236,958,000060000014
WO-2060073,ASSET-00015,Emergency,386,1622,000060000014
WO-2060074,ASSET-00016,Preventive,0,,
WO-2060075,ASSET-00016,Corrective,207,264,
WO-2060076,ASSET-00016,Corrective,167,497,
WO-2060077,ASSET-00016,Preventive,0,,
WO-2060078,ASSET-00016,Emergency,474,1188,
WO-2060079,ASSET-00016,Preventive,0,,
WO-2060080,ASSET-00017,Preventive,0,,000060000015
WO-2060081,ASSET-00017,Corrective,107,1128,000060000015
WO-2060082,ASSET-00017,Preventive,0,,000060000015
WO-2060083,ASSET-00018,Preventive,0,,000060000016
WO-2060084,ASSET-00018,Preventive,0,,000060000016
WO-2060085,ASSET-00018,Preventive,0,,000060000016
WO-2060086,ASSET-00018,Emergency,223,1716,000060000016
WO-2060087,ASSET-00018,Preventive,0,,000060000016
WO-2060088,ASSET-00018,Corrective,160,526,000060000016
WO-2060089,ASSET-00019,Corrective,217,1678,000060000017
WO-2060090,ASSET-00019,Corrective,211,553,000060000017
WO-2060091,ASSET-00019,Corrective,203,356,000060000017
WO-2060092,ASSET-00019,Preventive,0,,000060000017
WO-2060093,ASSET-00019,Preventive,0,,000060000017
WO-2060094,ASSET-00020,Corrective,75,1401,000060000018
WO-2060095,ASSET-00020,Corrective,144,1690,000060000018
WO-2060096,ASSET-00020,Corrective,152,1241,000060000018
WO-2060097,ASSET-00020,Preventive,0,,000060000018
WO-2060098,ASSET-00021,Corrective,209,1702,000060000019
WO-2060099,ASSET-00021,Preventive,0,,000060000019
WO-2060100,ASSET-00021,Preventive,0,,000060000019
WO-2060101,ASSET-00021,Corrective,142,1951,000060000019
WO-2060102,ASSET-00021,Emergency,487,1467,000060000019
WO-2060103,ASSET-00022,Preventive,0,,
WO-2060104,ASSET-00022,Corrective,98,1764,
WO-2060105,ASSET-00022,Emergency,553,631,
WO-2060106,ASSET-00022,Corrective,31,1831,
WO-2060107,ASSET-00023,Preventive,0,,000060000020
WO-2060108,ASSET-00023,Corrective,199,970,000060000020
WO-2060109,ASSET-00024,Corrective,102,1653,000060000021
WO-2060110,ASSET-00024,Preventive,0,,000060000021
WO-2060111,ASSET-00024,Emergency,419,1929,000060000021
WO-2060112,ASSET-00024,Preventive,0,,000060000021
WO-2060113,ASSET-00024,Corrective,171,1781,000060000021
WO-2060114,ASSET-00024,Corrective,118,1993,000060000021
WO-2060115,ASSET-00025,Preventive,0,,000060000022
WO-2060116,ASSET-00025,Emergency,352,1684,000060000022
WO-2060117,ASSET-00025,Preventive,0,,000060000022
WO-2060118,ASSET-00025,Corrective,114,1910,000060000022
WO-2060119,ASSET-00025,Preventive,0,,000060000022
WO-2060120,ASSET-00025,Preventive,0,,000060000022
WO-2060121,ASSET-00025,Corrective,195,1811,000060000022
WO-2060122,ASSET-00025,Preventive,0,,000060000022
WO-2060123,ASSET-00025,Preventive,0,,000060000022
WO-2060124,ASSET-00026,Emergency,269,398,000060000023
WO-2060125,ASSET-00026,Preventive,0,,000060000023
WO-2060126,ASSET-00026,Preventive,0,,000060000023
WO-2060127,ASSET-00026,Preventive,0,,000060000023
WO-2060128,ASSET-00026,Corrective,127,341,000060000023
WO-2060129,ASSET-00027,Corrective,154,274,
WO-2060130,ASSET-00027,Corrective,118,1710,
WO-2060131,ASSET-00027,Preventive,0,,
WO-2060132,ASSET-00028,Preventive,0,,000060000024
WO-2060133,ASSET-00028,Preventive,0,,000060000024
WO-2060134,ASSET-00028,Preventive,0,,000060000024
WO-2060135,ASSET-00028,Preventive,0,,000060000024
WO-2060136,ASSET-00028,Corrective,127,1544,000060000024
WO-2060137,ASSET-00028,Emergency,253,1891,000060000024
WO-2060138,ASSET-00029,Emergency,476,1763,000060000025
WO-2060139,ASSET-00029,Preventive,0,,000060000025
WO-2060140,ASSET-00029,Corrective,169,755,000060000025
WO-2060141,ASSET-00030,Preventive,0,,000060000026
WO-2060142,ASSET-00030,Preventive,0,,000060000026
WO-2060143,ASSET-00030,Preventive,0,,000060000026
WO-2060144,ASSET-00030,Corrective,118,1162,000060000026
WO-2060145,ASSET-00030,Preventive,0,,000060000026
WO-2060146,ASSET-00030,Preventive,0,,000060000026
WO-2060147,ASSET-00031,Preventive,0,,000060000027
WO-2060148,ASSET-00031,Emergency,243,426,000060000027
WO-2060149,ASSET-00031,Preventive,0,,000060000027
WO-2060150,ASSET-00031,Corrective,148,1678,000060000027
WO-2060151,ASSET-00031,Corrective,143,295,000060000027
WO-2060152,ASSET-00031,Preventive,0,,000060000027
WO-2060153,ASSET-00032,Corrective,103,1250,000060000028
WO-2060154,ASSET-00032,Emergency,184,903,000060000028
WO-2060155,ASSET-00032,Emergency,273,1881,000060000028
WO-2060156,ASSET-00032,Preventive,0,,000060000028
WO-2060157,ASSET-00032,Corrective,128,1439,000060000028
WO-2060158,ASSET-00032,Corrective,85,1391,000060000028
WO-2060159,ASSET-00032,Corrective,118,439,000060000028
WO-2060160,ASSET-00032,Corrective,125,1212,000060000028
WO-2060161,ASSET-00032,Preventive,0,,000060000028
WO-2060162,ASSET-00033,Preventive,0,,000060000029
WO-2060163,ASSET-00033,Preventive,0,,000060000029
WO-2060164,ASSET-00033,Preventive,0,,000060000029
WO-2060165,ASSET-00033,Corrective,221,1302,000060000029
WO-2060166,ASSET-00033,Corrective,69,1918,000060000029
WO-2060167,ASSET-00033,Corrective,172,923,000060000029
WO-2060168,ASSET-00033,Corrective,153,971,000060000029
WO-2060169,ASSET-00033,Preventive,0,,000060000029
WO-2060170,ASSET-00034,Corrective,87,1591,000060000030
WO-2060171,ASSET-00034,Corrective,139,1271,000060000030
WO-2060172,ASSET-00034,Corrective,220,1589,000060000030
WO-2060173,ASSET-00035,Preventive,0,,000060000031
WO-2060174,ASSET-00035,Preventive,0,,000060000031
WO-2060175,ASSET-00035,Corrective,205,310,000060000031
WO-2060176,ASSET-00035,Corrective,124,639,000060000031
WO-2060177,ASSET-00036,Preventive,0,,
WO-2060178,ASSET-00036,Preventive,0,,
WO-2060179,ASSET-00037,Preventive,0,,000060000032
WO-2060180,ASSET-00037,Corrective,212,247,000060000032
WO-2060181,ASSET-00037,Preventive,0,,000060000032
WO-2060182,ASSET-00037,Corrective,42,1007,000060000032
WO-2060183,ASSET-00037,Preventive,0,,000060000032
WO-2060184,ASSET-00038,Emergency,90,1416,
WO-2060185,ASSET-00038,Preventive,0,,
WO-2060186,ASSET-00039,Preventive,0,,000060000033
WO-2060187,ASSET-00039,Preventive,0,,000060000033
WO-2060188,ASSET-00039,Preventive,0,,000060000033
WO-2060189,ASSET-00039,Emergency,349,599,000060000033
WO-2060190,ASSET-00040,Preventive,0,,000060000034
WO-2060191,ASSET-00040,Preventive,0,,000060000034
WO-2060192,ASSET-00040,Preventive,0,,000060000034
WO-2060193,ASSET-00040,Preventive,0,,000060000034
WO-2060194,ASSET-00040,Preventive,0,,000060000034
WO-2060195,ASSET-00040,Corrective,66,1428,000060000034
WO-2060196,ASSET-00041,Corrective,173,1351,000060000035
WO-2060197,ASSET-00041,Preventive,0,,000060000035
WO-2060198,ASSET-00041,Preventive,0,,000060000035
WO-2060199,ASSET-00041,Preventive,0,,000060000035
WO-2060200,ASSET-00041,Corrective,144,1055,000060000035
WO-2060201,ASSET-00041,Corrective,186,267,000060000035
WO-2060202,ASSET-00041,Preventive,0,,000060000035
WO-2060203,ASSET-00041,Preventive,0,,000060000035
WO-2060204,ASSET-00042,Corrective,58,1310,000060000036
WO-2060205,ASSET-00042,Preventive,0,,000060000036
WO-2060206,ASSET-00042,Emergency,519,990,000060000036
WO-2060207,ASSET-00042,Preventive,0,,000060000036
WO-2060208,ASSET-00043,Corrective,165,777,
WO-2060209,ASSET-00043,Preventive,0,,
WO-2060210,ASSET-00043,Preventive,0,,
WO-2060211,ASSET-00043,Preventive,0,,
WO-2060212,ASSET-00043,Preventive,0,,
WO-2060213,ASSET-00043,Preventive,0,,
WO-2060214,ASSET-00044,Preventive,0,,000060000037
WO-2060215,ASSET-00044,Preventive,0,,000060000037
WO-2060216,ASSET-00044,Preventive,0,,000060000037
WO-2060217,ASSET-00044,Preventive,0,,000060000037
WO-2060218,ASSET-00044,Emergency,449,738,000060000037
WO-2060219,ASSET-00044,Emergency,183,829,000060000037
WO-2060220,ASSET-00044,Preventive,0,,000060000037
WO-2060221,ASSET-00045,Preventive,0,,000060000038
WO-2060222,ASSET-00045,Corrective,85,1520,000060000038
WO-2060223,ASSET-00045,Preventive,0,,000060000038
WO-2060224,ASSET-00045,Preventive,0,,000060000038
WO-2060225,ASSET-00046,Preventive,0,,000060000039
WO-2060226,ASSET-00046,Corrective,161,1962,000060000039
WO-2060227,ASSET-00046,Corrective,190,1450,000060000039
WO-2060228,ASSET-00046,Corrective,55,1377,000060000039
WO-2060229,ASSET-00046,Preventive,0,,000060000039
WO-2060230,ASSET-00046,Preventive,0,,000060000039
WO-2060231,ASSET-00046,Preventive,0,,000060000039
WO-2060232,ASSET-00046,Preventive,0,,000060000039
WO-2060233,ASSET-00047,Preventive,0,,000060000040
WO-2060234,ASSET-00047,Corrective,79,790,000060000040
WO-2060235,ASSET-00047,Preventive,0,,000060000040
WO-2060236,ASSET-00047,Preventive,0,,000060000040
WO-2060237,ASSET-00047,Preventive,0,,000060000040
WO-2060238,ASSET-00047,Corrective,211,1086,000060000040
WO-2060239,ASSET-00047,Corrective,61,835,000060000040
WO-2060240,ASSET-00048,Preventive,0,,000060000041
WO-2060241,ASSET-00048,Preventive,0,,000060000041
WO-2060242,ASSET-00049,Corrective,189,450,000060000042
WO-2060243,ASSET-00049,Corrective,111,1860,000060000042
WO-2060244,ASSET-00049,Corrective,93,1990,000060000042
WO-2060245,ASSET-00049,Preventive,0,,000060000042
WO-2060246,ASSET-00050,Corrective,169,1580,000060000043
WO-2060247,ASSET-00050,Corrective,30,805,000060000043
WO-2060248,ASSET-00051,Corrective,156,1680,000060000044
WO-2060249,ASSET-00051,Preventive,0,,000060000044
WO-2060250,ASSET-00051,Corrective,191,378,000060000044
WO-2060251,ASSET-00051,Preventive,0,,000060000044
WO-2060252,ASSET-00051,Emergency,135,1472,000060000044
WO-2060253,ASSET-00051,Corrective,38,1213,000060000044
WO-2060254,ASSET-00051,Preventive,0,,000060000044
WO-2060255,ASSET-00051,Preventive,0,,000060000044
WO-2060256,ASSET-00052,Preventive,0,,000060000045
WO-2060257,ASSET-00052,Corrective,136,883,000060000045
WO-2060258,ASSET-00052,Preventive,0,,000060000045
WO-2060259,ASSET-00052,Corrective,90,1105,000060000045
WO-2060260,ASSET-00053,Preventive,0,,000060000046
WO-2060261,ASSET-00053,Corrective,96,910,000060000046
WO-2060262,ASSET-00053,Preventive,0,,000060000046
WO-2060263,ASSET-00054,Corrective,153,1532,000060000047
WO-2060264,ASSET-00054,Corrective,181,288,000060000047
WO-2060265,ASSET-00054,Corrective,112,340,000060000047
WO-2060266,ASSET-00054,Preventive,0,,000060000047
WO-2060267,ASSET-00054,Emergency,398,331,000060000047
WO-2060268,ASSET-00055,Corrective,214,1164,000060000048
WO-2060269,ASSET-00055,Preventive,0,,000060000048
WO-2060270,ASSET-00055,Preventive,0,,000060000048
WO-2060271,ASSET-00055,Corrective,69,1604,000060000048
WO-2060272,ASSET-00056,Corrective,82,1075,000060000049
WO-2060273,ASSET-00056,Preventive,0,,000060000049
WO-2060274,ASSET-00056,Preventive,0,,000060000049
WO-2060275,ASSET-00057,Preventive,0,,000060000050
WO-2060276,ASSET-00057,Preventive,0,,000060000050
WO-2060277,ASSET-00057,Corrective,193,1441,000060000050
WO-2060278,ASSET-00057,Emergency,325,1476,000060000050
WO-2060279,ASSET-00057,Preventive,0,,000060000050
WO-2060280,ASSET-00058,Preventive,0,,000060000051
WO-2060281,ASSET-00058,Emergency,338,1206,000060000051
WO-2060282,ASSET-00058,Preventive,0,,000060000051
WO-2060283,ASSET-00058,Preventive,0,,000060000051
WO-2060284,ASSET-00059,Corrective,58,1282,000060000052
WO-2060285,ASSET-00059,Preventive,0,,000060000052
WO-2060286,ASSET-00060,Preventive,0,,000060000053
WO-2060287,ASSET-00060,Preventive,0,,000060000053
WO-2060288,ASSET-00060,Preventive,0,,000060000053
WO-2060289,ASSET-00060,Preventive,0,,000060000053
WO-2060290,ASSET-00060,Preventive,0,,000060000053
WO-2060291,ASSET-00061,Preventive,0,,000060000054
WO-2060292,ASSET-00061,Preventive,0,,000060000054
WO-2060293,ASSET-00061,Corrective,73,864,000060000054
WO-2060294,ASSET-00061,Emergency,75,347,000060000054
WO-2060295,ASSET-00062,Corrective,64,676,000060000055
WO-2060296,ASSET-00062,Preventive,0,,000060000055
WO-2060297,ASSET-00062,Preventive,0,,000060000055
WO-2060298,ASSET-00063,Preventive,0,,000060000056
WO-2060299,ASSET-00063,Preventive,0,,000060000056
WO-2060300,ASSET-00064,Preventive,0,,000060000057
WO-2060301,ASSET-00064,Preventive,0,,000060000057
WO-2060302,ASSET-00064,Emergency,315,1185,000060000057
WO-2060303,ASSET-00064,Corrective,177,1972,000060000057
WO-2060304,ASSET-00064,Corrective,96,1458,000060000057
WO-2060305,ASSET-00064,Emergency,570,257,000060000057
WO-2060306,ASSET-00064,Preventive,0,,000060000057
WO-2060307,ASSET-00065,Preventive,0,,000060000058
WO-2060308,ASSET-00065,Preventive,0,,000060000058
WO-2060309,ASSET-00065,Preventive,0,,000060000058
WO-2060310,ASSET-00065,Preventive,0,,000060000058
WO-2060311,ASSET-00065,Preventive,0,,000060000058
WO-2060312,ASSET-00066,Corrective,240,1776,000060000059
WO-2060313,ASSET-00066,Preventive,0,,000060000059
WO-2060314,ASSET-00066,Corrective,101,1345,000060000059
WO-2060315,ASSET-00066,Emergency,107,1123,000060000059
WO-2060316,ASSET-00066,Preventive,0,,000060000059
WO-2060317,ASSET-00066,Corrective,30,868,000060000059
WO-2060318,ASSET-00066,Preventive,0,,000060000059
WO-2060319,ASSET-00067,Preventive,0,,000060000060
WO-2060320,ASSET-00067,Corrective,218,257,000060000060
WO-2060321,ASSET-00067,Corrective,152,789,000060000060
WO-2060322,ASSET-00068,Corrective,90,527,000060000061
WO-2060323,ASSET-00069,Corrective,120,943,000060000062
WO-2060324,ASSET-00069,Corrective,39,1367,000060000062
WO-2060325,ASSET-00069,Corrective,30,809,000060000062
WO-2060326,ASSET-00069,Preventive,0,,000060000062
WO-2060327,ASSET-00070,Emergency,275,1478,000060000063
WO-2060328,ASSET-00070,Emergency,278,1027,000060000063
WO-2060329,ASSET-00070,Preventive,0,,000060000063
WO-2060330,ASSET-00070,Preventive,0,,000060000063
WO-2060331,ASSET-00071,Preventive,0,,000060000064
WO-2060332,ASSET-00071,Emergency,184,1830,000060000064
WO-2060333,ASSET-00071,Preventive,0,,000060000064
WO-2060334,ASSET-00071,Corrective,47,364,000060000064
WO-2060335,ASSET-00072,Preventive,0,,000060000065
WO-2060336,ASSET-00072,Preventive,0,,000060000065
WO-2060337,ASSET-00072,Preventive,0,,000060000065
WO-2060338,ASSET-00073,Preventive,0,,
WO-2060339,ASSET-00073,Emergency,82,930,
WO-2060340,ASSET-00073,Preventive,0,,
WO-2060341,ASSET-00073,Preventive,0,,
WO-2060342,ASSET-00073,Preventive,0,,
WO-2060343,ASSET-00074,Preventive,0,,000060000066
WO-2060344,ASSET-00074,Preventive,0,,000060000066
WO-2060345,ASSET-00074,Corrective,79,202,000060000066
WO-2060346,ASSET-00074,Corrective,164,1260,000060000066
WO-2060347,ASSET-00074,Preventive,0,,000060000066
WO-2060348,ASSET-00074,Preventive,0,,000060000066
WO-2060349,ASSET-00074,Corrective,52,1672,000060000066
WO-2060350,ASSET-00074,Preventive,0,,000060000066
WO-2060351,ASSET-00074,Preventive,0,,000060000066
WO-2060352,ASSET-00075,Corrective,228,1629,
WO-2060353,ASSET-00075,Preventive,0,,
WO-2060354,ASSET-00075,Preventive,0,,
WO-2060355,ASSET-00075,Corrective,77,470,
WO-2060356,ASSET-00075,Corrective,180,1203,
WO-2060357,ASSET-00076,Preventive,0,,
WO-2060358,ASSET-00076,Preventive,0,,
WO-2060359,ASSET-00076,Corrective,84,1203,
WO-2060360,ASSET-00076,Preventive,0,,
WO-2060361,ASSET-00076,Preventive,0,,
WO-2060362,ASSET-00077,Corrective,74,789,000060000067
WO-2060363,ASSET-00077,Preventive,0,,000060000067
WO-2060364,ASSET-00077,Preventive,0,,000060000067
WO-2060365,ASSET-00077,Corrective,32,1792,000060000067
WO-2060366,ASSET-00077,Corrective,166,1413,000060000067
WO-2060367,ASSET-00078,Corrective,51,1691,000060000068
WO-2060368,ASSET-00078,Preventive,0,,000060000068
WO-2060369,ASSET-00078,Preventive,0,,000060000068
WO-2060370,ASSET-00078,Corrective,95,722,000060000068
WO-2060371,ASSET-00079,Corrective,99,1857,000060000069
WO-2060372,ASSET-00079,Corrective,64,1786,000060000069
WO-2060373,ASSET-00079,Corrective,228,424,000060000069
WO-2060374,ASSET-00079,Preventive,0,,000060000069
WO-2060375,ASSET-00079,Preventive,0,,000060000069
WO-2060376,ASSET-00080,Emergency,198,1949,000060000070
WO-2060377,ASSET-00080,Corrective,180,835,000060000070
WO-2060378,ASSET-00080,Preventive,0,,000060000070
WO-2060379,ASSET-00080,Corrective,151,1094,000060000070
WO-2060380,ASSET-00081,Preventive,0,,000060000071
WO-2060381,ASSET-00081,Preventive,0,,000060000071
WO-2060382,ASSET-00081,Preventive,0,,000060000071
WO-2060383,ASSET-00081,Corrective,172,638,000060000071
WO-2060384,ASSET-00081,Preventive,0,,000060000071
WO-2060385,ASSET-00081,Preventive,0,,000060000071
WO-2060386,ASSET-00081,Corrective,98,1582,000060000071
WO-2060387,ASSET-00081,Preventive,0,,000060000071
WO-2060388,ASSET-00081,Corrective,225,255,000060000071
WO-2060389,ASSET-00082,Preventive,0,,000060000072
WO-2060390,ASSET-00082,Preventive,0,,000060000072
WO-2060391,ASSET-00082,Preventive,0,,000060000072
WO-2060392,ASSET-00082,Preventive,0,,000060000072
WO-2060393,ASSET-00083,Preventive,0,,000060000073
WO-2060394,ASSET-00083,Emergency,452,762,000060000073
WO-2060395,ASSET-00083,Preventive,0,,000060000073
WO-2060396,ASSET-00083,Corrective,130,392,000060000073
WO-2060397,ASSET-00084,Corrective,240,1617,000060000074
WO-2060398,ASSET-00084,Corrective,117,1350,000060000074
WO-2060399,ASSET-00085,Preventive,0,,000060000075
WO-2060400,ASSET-00085,Preventive,0,,000060000075
WO-2060401,ASSET-00085,Emergency,215,1968,000060000075
WO-2060402,ASSET-00085,Preventive,0,,000060000075
WO-2060403,ASSET-00085,Preventive,0,,000060000075
WO-2060404,ASSET-00085,Corrective,206,823,000060000075
WO-2060405,ASSET-00085,Emergency,260,788,000060000075
WO-2060406,ASSET-00086,Preventive,0,,000060000076
WO-2060407,ASSET-00086,Corrective,175,569,000060000076
WO-2060408,ASSET-00086,Preventive,0,,000060000076
WO-2060409,ASSET-00086,Preventive,0,,000060000076
WO-2060410,ASSET-00087,Preventive,0,,000060000077
WO-2060411,ASSET-00087,Corrective,187,920,000060000077
WO-2060412,ASSET-00087,Corrective,185,984,000060000077
WO-2060413,ASSET-00088,Preventive,0,,
WO-2060414,ASSET-00088,Preventive,0,,
WO-2060415,ASSET-00088,Preventive,0,,
WO-2060416,ASSET-00088,Emergency,573,1921,
WO-2060417,ASSET-00088,Preventive,0,,
WO-2060418,ASSET-00089,Corrective,57,1223,000060000078
WO-2060419,ASSET-00089,Preventive,0,,000060000078
WO-2060420,ASSET-00089,Preventive,0,,000060000078
WO-2060421,ASSET-00089,Preventive,0,,000060000078
WO-2060422,ASSET-00089,Preventive,0,,000060000078
WO-2060423,ASSET-00089,Preventive,0,,000060000078
WO-2060424,ASSET-00089,Preventive,0,,000060000078
WO-2060425,ASSET-00089,Preventive,0,,000060000078
WO-2060426,ASSET-00089,Preventive,0,,000060000078
WO-2060427,ASSET-00089,Corrective,197,1144,000060000078
WO-2060428,ASSET-00089,Preventive,0,,000060000078
WO-2060429,ASSET-00090,Preventive,0,,000060000079
WO-2060430,ASSET-00090,Preventive,0,,000060000079
WO-2060431,ASSET-00090,Preventive,0,,000060000079
WO-2060432,ASSET-00090,Corrective,133,1783,000060000079
WO-2060433,ASSET-00090,Corrective,134,1902,000060000079
WO-2060434,ASSET-00091,Corrective,130,1512,000060000080
WO-2060435,ASSET-00091,Preventive,0,,000060000080
WO-2060436,ASSET-00091,Preventive,0,,000060000080
WO-2060437,ASSET-00091,Emergency,319,1252,000060000080
WO-2060438,ASSET-00091,Corrective,58,391,000060000080
WO-2060439,ASSET-00091,Preventive,0,,000060000080
WO-2060440,ASSET-00091,Preventive,0,,000060000080
WO-2060441,ASSET-00091,Emergency,383,622,000060000080
WO-2060442,ASSET-00092,Corrective,166,507,000060000081
WO-2060443,ASSET-00092,Preventive,0,,000060000081
WO-2060444,ASSET-00093,Corrective,202,1594,000060000082
WO-2060445,ASSET-00093,Preventive,0,,000060000082
WO-2060446,ASSET-00093,Corrective,189,438,000060000082
WO-2060447,ASSET-00093,Preventive,0,,000060000082
WO-2060448,ASSET-00094,Corrective,30,1517,000060000083
WO-2060449,ASSET-00094,Emergency,236,1553,000060000083
WO-2060450,ASSET-00094,Preventive,0,,000060000083
WO-2060451,ASSET-00094,Corrective,63,786,000060000083
WO-2060452,ASSET-00094,Emergency,89,718,000060000083
WO-2060453,ASSET-00095,Corrective,98,883,000060000084
WO-2060454,ASSET-00095,Preventive,0,,000060000084
WO-2060455,ASSET-00095,Corrective,130,446,000060000084
WO-2060456,ASSET-00095,Preventive,0,,000060000084
WO-2060457,ASSET-00096,Emergency,323,395,000060000085
WO-2060458,ASSET-00096,Corrective,100,1877,000060000085
WO-2060459,ASSET-00096,Preventive,0,,000060000085
WO-2060460,ASSET-00096,Preventive,0,,000060000085
WO-2060461,ASSET-00097,Corrective,211,1520,000060000086
WO-2060462,ASSET-00097,Preventive,0,,000060000086
WO-2060463,ASSET-00097,Corrective,68,1155,000060000086
WO-2060464,ASSET-00097,Corrective,141,545,000060000086
WO-2060465,ASSET-00097,Preventive,0,,000060000086
WO-2060466,ASSET-00098,Corrective,231,469,000060000087
WO-2060467,ASSET-00098,Corrective,123,1669,000060000087
WO-2060468,ASSET-00098,Emergency,479,1949,000060000087
WO-2060469,ASSET-00098,Preventive,0,,000060000087
WO-2060470,ASSET-00099,Preventive,0,,000060000088
WO-2060471,ASSET-00099,Preventive,0,,000060000088
WO-2060472,ASSET-00099,Preventive,0,,000060000088
WO-2060473,ASSET-00099,Preventive,0,,000060000088
WO-2060474,ASSET-00100,Corrective,122,1285,
WO-2060475,ASSET-00100,Preventive,0,,
WO-2060476,ASSET-00100,Preventive,0,,
WO-2060477,ASSET-00100,Emergency,429,1554,
WO-2060478,ASSET-00100,Preventive,0,,
WO-2060479,ASSET-00100,Corrective,90,1040,
WO-2060480,ASSET-00101,Corrective,193,1935,000060000090
WO-2060481,ASSET-00101,Preventive,0,,000060000090
WO-2060482,ASSET-00101,Preventive,0,,000060000090
WO-2060483,ASSET-00101,Preventive,0,,000060000090
WO-2060484,ASSET-00102,Preventive,0,,000060000091
WO-2060485,ASSET-00102,Corrective,196,1806,000060000091
WO-2060486,ASSET-00102,Corrective,192,869,000060000091
WO-2060487,ASSET-00102,Corrective,114,1433,000060000091
WO-2060488,ASSET-00102,Corrective,212,1039,000060000091
WO-2060489,ASSET-00102,Corrective,197,1021,000060000091
WO-2060490,ASSET-00102,Preventive,0,,000060000091
WO-2060491,ASSET-00102,Preventive,0,,000060000091
WO-2060492,ASSET-00103,Preventive,0,,000060000092
WO-2060493,ASSET-00103,Emergency,251,1382,000060000092
WO-2060494,ASSET-00103,Preventive,0,,000060000092
WO-2060495,ASSET-00103,Preventive,0,,000060000092
WO-2060496,ASSET-00103,Corrective,134,868,000060000092
WO-2060497,ASSET-00104,Preventive,0,,000060000093
WO-2060498,ASSET-00104,Corrective,174,1810,000060000093
WO-2060499,ASSET-00105,Corrective,176,1688,000060000094
WO-2060500,ASSET-00105,Preventive,0,,000060000094
WO-2060501,ASSET-00105,Preventive,0,,000060000094
WO-2060502,ASSET-00106,Corrective,86,1427,000060000095
WO-2060503,ASSET-00106,Preventive,0,,000060000095
WO-2060504,ASSET-00106,Corrective,193,578,000060000095
WO-2060505,ASSET-00106,Preventive,0,,000060000095
WO-2060506,ASSET-00106,Preventive,0,,000060000095
WO-2060507,ASSET-00107,Preventive,0,,000060000096
WO-2060508,ASSET-00107,Emergency,531,435,000060000096
WO-2060509,ASSET-00107,Corrective,238,737,000060000096
WO-2060510,ASSET-00107,Preventive,0,,000060000096
WO-2060511,ASSET-00107,Emergency,459,1662,000060000096
WO-2060512,ASSET-00107,Preventive,0,,000060000096
WO-2060513,ASSET-00107,Preventive,0,,000060000096
WO-2060514,ASSET-00108,Preventive,0,,000060000097
WO-2060515,ASSET-00108,Preventive,0,,000060000097
WO-2060516,ASSET-00108,Preventive,0,,000060000097
WO-2060517,ASSET-00108,Preventive,0,,000060000097
WO-2060518,ASSET-00108,Preventive,0,,000060000097
WO-2060519,ASSET-00108,Corrective,138,1107,000060000097
WO-2060520,ASSET-00108,Corrective,47,1791,000060000097
WO-2060521,ASSET-00108,Preventive,0,,000060000097
WO-2060522,ASSET-00109,Preventive,0,,000060000098
WO-2060523,ASSET-00109,Preventive,0,,000060000098
WO-2060524,ASSET-00109,Preventive,0,,000060000098
WO-2060525,ASSET-00109,Corrective,93,1757,000060000098
WO-2060526,ASSET-00109,Preventive,0,,000060000098
WO-2060527,ASSET-00109,Corrective,208,679,000060000098
WO-2060528,ASSET-00109,Preventive,0,,000060000098
WO-2060529,ASSET-00110,Corrective,34,1060,000060000099
WO-2060530,ASSET-00110,Corrective,53,1125,000060000099
WO-2060531,ASSET-00110,Preventive,0,,000060000099
WO-2060532,ASSET-00110,Preventive,0,,000060000099
WO-2060533,ASSET-00111,Preventive,0,,000060000100
WO-2060534,ASSET-00111,Preventive,0,,000060000100
WO-2060535,ASSET-00111,Emergency,598,289,000060000100
WO-2060536,ASSET-00111,Preventive,0,,000060000100
WO-2060537,ASSET-00112,Preventive,0,,000060000101
WO-2060538,ASSET-00112,Corrective,101,771,000060000101
WO-2060539,ASSET-00112,Preventive,0,,000060000101
WO-2060540,ASSET-00113,Preventive,0,,000060000102
WO-2060541,ASSET-00113,Emergency,469,602,000060000102
WO-2060542,ASSET-00113,Corrective,233,1640,000060000102
WO-2060543,ASSET-00114,Preventive,0,,000060000103
WO-2060544,ASSET-00114,Preventive,0,,000060000103
WO-2060545,ASSET-00114,Preventive,0,,000060000103
WO-2060546,ASSET-00114,Corrective,113,302,000060000103
WO-2060547,ASSET-00114,Preventive,0,,000060000103
WO-2060548,ASSET-00114,Corrective,237,1334,000060000103
WO-2060549,ASSET-00115,Corrective,94,576,000060000104
WO-2060550,ASSET-00115,Preventive,0,,000060000104
WO-2060551,ASSET-00115,Corrective,194,1716,000060000104
WO-2060552,ASSET-00115,Corrective,156,232,000060000104
WO-2060553,ASSET-00116,Preventive,0,,
WO-2060554,ASSET-00116,Preventive,0,,
WO-2060555,ASSET-00116,Preventive,0,,
WO-2060556,ASSET-00117,Preventive,0,,000060000105
WO-2060557,ASSET-00117,Corrective,84,1748,000060000105
WO-2060558,ASSET-00117,Corrective,87,934,000060000105
WO-2060559,ASSET-00118,Preventive,0,,000060000106
WO-2060560,ASSET-00118,Corrective,235,851,000060000106
WO-2060561,ASSET-00118,Corrective,75,882,000060000106
WO-2060562,ASSET-00118,Preventive,0,,000060000106
WO-2060563,ASSET-00118,Preventive,0,,000060000106
WO-2060564,ASSET-00118,Preventive,0,,000060000106
WO-2060565,ASSET-00119,Preventive,0,,000060000107
WO-2060566,ASSET-00119,Preventive,0,,000060000107
WO-2060567,ASSET-00119,Preventive,0,,000060000107
WO-2060568,ASSET-00120,Preventive,0,,000060000108
WO-2060569,ASSET-00120,Corrective,99,452,000060000108
WO-2060570,ASSET-00120,Preventive,0,,000060000108
WO-2060571,ASSET-00120,Corrective,129,207,000060000108
WO-2060572,ASSET-00120,Corrective,105,735,000060000108
WO-2060573,ASSET-00120,Preventive,0,,000060000108
WO-2060574,ASSET-00120,Emergency,439,428,000060000108
WO-2060575,ASSET-00120,Corrective,154,1685,000060000108
WO-2060576,ASSET-00121,Preventive,0,,000060000109
WO-2060577,ASSET-00121,Corrective,115,476,000060000109
WO-2060578,ASSET-00121,Corrective,212,423,000060000109
WO-2060579,ASSET-00121,Preventive,0,,000060000109
WO-2060580,ASSET-00121,Emergency,69,1740,000060000109
WO-2060581,ASSET-00122,Corrective,136,1361,000060000110
WO-2060582,ASSET-00122,Preventive,0,,000060000110
WO-2060583,ASSET-00122,Corrective,71,1231,000060000110
WO-2060584,ASSET-00122,Emergency,573,951,000060000110
WO-2060585,ASSET-00122,Corrective,81,734,000060000110
WO-2060586,ASSET-00122,Preventive,0,,000060000110
WO-2060587,ASSET-00123,Preventive,0,,000060000111
WO-2060588,ASSET-00123,Corrective,218,1435,000060000111
WO-2060589,ASSET-00124,Preventive,0,,000060000112
WO-2060590,ASSET-00124,Preventive,0,,000060000112
WO-2060591,ASSET-00124,Emergency,597,1358,000060000112
WO-2060592,ASSET-00124,Preventive,0,,000060000112
WO-2060593,ASSET-00125,Emergency,455,1184,000060000113
WO-2060594,ASSET-00125,Preventive,0,,000060000113
WO-2060595,ASSET-00125,Corrective,116,664,000060000113
WO-2060596,ASSET-00125,Preventive,0,,000060000113
WO-2060597,ASSET-00126,Preventive,0,,
WO-2060598,ASSET-00126,Preventive,0,,
WO-2060599,ASSET-00126,Preventive,0,,
WO-2060600,ASSET-00126,Corrective,199,271,
WO-2060601,ASSET-00127,Preventive,0,,000060000114
WO-2060602,ASSET-00127,Corrective,47,1270,000060000114
WO-2060603,ASSET-00127,Corrective,67,1652,000060000114
WO-2060604,ASSET-00127,Corrective,195,1851,000060000114
WO-2060605,ASSET-00127,Preventive,0,,000060000114
WO-2060606,ASSET-00127,Preventive,0,,000060000114
WO-2060607,ASSET-00128,Preventive,0,,000060000115
WO-2060608,ASSET-00128,Preventive,0,,000060000115
WO-2060609,ASSET-00128,Preventive,0,,000060000115
WO-2060610,ASSET-00128,Preventive,0,,000060000115
WO-2060611,ASSET-00128,Preventive,0,,000060000115
WO-2060612,ASSET-00128,Emergency,287,1143,000060000115
WO-2060613,ASSET-00128,Corrective,41,259,000060000115
WO-2060614,ASSET-00129,Corrective,53,612,000060000116
WO-2060615,ASSET-00129,Preventive,0,,000060000116
WO-2060616,ASSET-00129,Corrective,159,1291,000060000116
WO-2060617,ASSET-00129,Corrective,236,690,000060000116
WO-2060618,ASSET-00129,Corrective,139,1940,000060000116
WO-2060619,ASSET-00129,Corrective,95,1033,000060000116
WO-2060620,ASSET-00129,Corrective,33,1184,000060000116
WO-2060621,ASSET-00130,Preventive,0,,000060000117
WO-2060622,ASSET-00131,Corrective,101,1171,
WO-2060623,ASSET-00131,Emergency,532,1771,
WO-2060624,ASSET-00131,Preventive,0,,
WO-2060625,ASSET-00132,Preventive,0,,000060000118
WO-2060626,ASSET-00132,Corrective,110,1805,000060000118
WO-2060627,ASSET-00132,Corrective,85,518,000060000118
WO-2060628,ASSET-00132,Corrective,163,694,000060000118
WO-2060629,ASSET-00132,Corrective,40,1178,000060000118
WO-2060630,ASSET-00132,Emergency,242,1682,000060000118
WO-2060631,ASSET-00132,Preventive,0,,000060000118
WO-2060632,ASSET-00132,Corrective,185,1482,000060000118
WO-2060633,ASSET-00133,Preventive,0,,000060000119
WO-2060634,ASSET-00133,Preventive,0,,000060000119
WO-2060635,ASSET-00134,Corrective,55,390,000060000120
WO-2060636,ASSET-00134,Preventive,0,,000060000120
WO-2060637,ASSET-00134,Preventive,0,,000060000120
WO-2060638,ASSET-00135,Emergency,557,1729,000060000121
WO-2060639,ASSET-00135,Preventive,0,,000060000121
WO-2060640,ASSET-00135,Emergency,182,313,000060000121
WO-2060641,ASSET-00135,Preventive,0,,000060000121
WO-2060642,ASSET-00136,Preventive,0,,000060000122
WO-2060643,ASSET-00136,Preventive,0,,000060000122
WO-2060644,ASSET-00137,Preventive,0,,000060000123
WO-2060645,ASSET-00137,Corrective,113,1333,000060000123
WO-2060646,ASSET-00137,Preventive,0,,000060000123
WO-2060647,ASSET-00138,Preventive,0,,000060000124
WO-2060648,ASSET-00138,Corrective,133,1652,000060000124
WO-2060649,ASSET-00138,Corrective,184,662,000060000124
WO-2060650,ASSET-00138,Corrective,210,847,000060000124
WO-2060651,ASSET-00139,Preventive,0,,000060000125
WO-2060652,ASSET-00139,Preventive,0,,000060000125
WO-2060653,ASSET-00139,Preventive,0,,000060000125
WO-2060654,ASSET-00139,Preventive,0,,000060000125
WO-2060655,ASSET-00139,Emergency,159,474,000060000125
WO-2060656,ASSET-00139,Preventive,0,,000060000125
WO-2060657,ASSET-00139,Corrective,199,1101,000060000125
WO-2060658,ASSET-00140,Emergency,471,938,000060000126
WO-2060659,ASSET-00140,Preventive,0,,000060000126
WO-2060660,ASSET-00140,Preventive,0,,000060000126
WO-2060661,ASSET-00140,Preventive,0,,000060000126
WO-2060662,ASSET-00141,Preventive,0,,000060000127
WO-2060663,ASSET-00141,Corrective,62,985,000060000127
WO-2060664,ASSET-00141,Preventive,0,,000060000127
WO-2060665,ASSET-00141,Preventive,0,,000060000127
WO-2060666,ASSET-00141,Corrective,200,721,000060000127
WO-2060667,ASSET-00141,Preventive,0,,000060000127
WO-2060668,ASSET-00142,Preventive,0,,000060000128
WO-2060669,ASSET-00142,Corrective,157,1313,000060000128
WO-2060670,ASSET-00142,Preventive,0,,000060000128
WO-2060671,ASSET-00142,Preventive,0,,000060000128
WO-2060672,ASSET-00142,Corrective,232,1786,000060000128
WO-2060673,ASSET-00142,Emergency,302,1238,000060000128
WO-2060674,ASSET-00143,Preventive,0,,000060000129
WO-2060675,ASSET-00143,Preventive,0,,000060000129
WO-2060676,ASSET-00143,Corrective,177,573,000060000129
WO-2060677,ASSET-00143,Corrective,87,810,000060000129
WO-2060678,ASSET-00143,Preventive,0,,000060000129
WO-2060679,ASSET-00143,Emergency,291,1222,000060000129
WO-2060680,ASSET-00143,Corrective,235,1196,000060000129
WO-2060681,ASSET-00143,Corrective,232,1031,000060000129
WO-2060682,ASSET-00144,Corrective,163,528,000060000130
WO-2060683,ASSET-00144,Corrective,167,1016,000060000130
WO-2060684,ASSET-00144,Preventive,0,,000060000130
WO-2060685,ASSET-00145,Preventive,0,,000060000131
WO-2060686,ASSET-00145,Preventive,0,,000060000131
WO-2060687,ASSET-00145,Corrective,37,837,000060000131
WO-2060688,ASSET-00145,Preventive,0,,000060000131
WO-2060689,ASSET-00146,Corrective,99,1189,000060000132
WO-2060690,ASSET-00146,Corrective,122,787,000060000132
WO-2060691,ASSET-00146,Corrective,198,1313,000060000132
WO-2060692,ASSET-00146,Preventive,0,,000060000132
WO-2060693,ASSET-00147,Preventive,0,,000060000133
WO-2060694,ASSET-00147,Preventive,0,,000060000133
WO-2060695,ASSET-00147,Preventive,0,,000060000133
WO-2060696,ASSET-00147,Corrective,134,262,000060000133
WO-2060697,ASSET-00147,Preventive,0,,000060000133
WO-2060698,ASSET-00147,Corrective,171,1569,000060000133
WO-2060699,ASSET-00148,Corrective,100,729,000060000134
WO-2060700,ASSET-00148,Emergency,189,1131,000060000134
WO-2060701,ASSET-00148,Preventive,0,,000060000134
WO-2060702,ASSET-00149,Corrective,49,1998,000060000135
WO-2060703,ASSET-00149,Corrective,231,334,000060000135
WO-2060704,ASSET-00149,Corrective,126,469,000060000135
WO-2060705,ASSET-00150,Preventive,0,,000060000136
WO-2060706,ASSET-00150,Emergency,423,1885,000060000136
WO-2060707,ASSET-00150,Preventive,0,,000060000136
WO-2060708,ASSET-00151,Preventive,0,,000060000137
WO-2060709,ASSET-00151,Preventive,0,,000060000137
WO-2060710,ASSET-00151,Preventive,0,,000060000137
WO-2060711,ASSET-00151,Corrective,103,1146,000060000137
WO-2060712,ASSET-00152,Corrective,202,1310,000060000138
WO-2060713,ASSET-00152,Emergency,155,931,000060000138
WO-2060714,ASSET-00152,Preventive,0,,000060000138
WO-2060715,ASSET-00153,Corrective,107,295,000060000139
WO-2060716,ASSET-00153,Preventive,0,,000060000139
WO-2060717,ASSET-00153,Preventive,0,,000060000139
WO-2060718,ASSET-00153,Corrective,153,1866,000060000139
WO-2060719,ASSET-00153,Corrective,66,634,000060000139
WO-2060720,ASSET-00153,Preventive,0,,000060000139
WO-2060721,ASSET-00153,Preventive,0,,000060000139
WO-2060722,ASSET-00154,Corrective,48,1184,000060000140
WO-2060723,ASSET-00154,Corrective,37,593,000060000140
WO-2060724,ASSET-00154,Preventive,0,,000060000140
WO-2060725,ASSET-00154,Preventive,0,,000060000140
WO-2060726,ASSET-00154,Corrective,41,1402,000060000140
WO-2060727,ASSET-00154,Preventive,0,,000060000140
WO-2060728,ASSET-00154,Preventive,0,,000060000140
WO-2060729,ASSET-00154,Preventive,0,,000060000140
WO-2060730,ASSET-00154,Preventive,0,,000060000140
WO-2060731,ASSET-00155,Corrective,218,1160,000060000141
WO-2060732,ASSET-00155,Preventive,0,,000060000141
WO-2060733,ASSET-00155,Preventive,0,,000060000141
WO-2060734,ASSET-00155,Preventive,0,,000060000141
WO-2060735,ASSET-00155,Preventive,0,,000060000141
WO-2060736,ASSET-00155,Preventive,0,,000060000141
WO-2060737,ASSET-00156,Preventive,0,,000060000142
WO-2060738,ASSET-00156,Emergency,139,1737,000060000142
WO-2060739,ASSET-00156,Preventive,0,,000060000142
WO-2060740,ASSET-00157,Preventive,0,,000060000143
WO-2060741,ASSET-00157,Preventive,0,,000060000143
WO-2060742,ASSET-00157,Corrective,142,207,000060000143
WO-2060743,ASSET-00157,Corrective,230,1160,000060000143
WO-2060744,ASSET-00157,Corrective,212,1657,000060000143
WO-2060745,ASSET-00157,Corrective,185,786,000060000143
WO-2060746,ASSET-00157,Emergency,217,597,000060000143
WO-2060747,ASSET-00158,Preventive,0,,000060000144
WO-2060748,ASSET-00158,Preventive,0,,000060000144
WO-2060749,ASSET-00158,Preventive,0,,000060000144
WO-2060750,ASSET-00158,Emergency,278,697,000060000144
WO-2060751,ASSET-00158,Preventive,0,,000060000144
WO-2060752,ASSET-00158,Preventive,0,,000060000144
WO-2060753,ASSET-00159,Emergency,69,1036,000060000145
WO-2060754,ASSET-00159,Corrective,58,1842,000060000145
WO-2060755,ASSET-00159,Corrective,70,818,000060000145
WO-2060756,ASSET-00159,Preventive,0,,000060000145
WO-2060757,ASSET-00159,Corrective,93,467,000060000145
WO-2060758,ASSET-00159,Corrective,131,1578,000060000145
WO-2060759,ASSET-00160,Preventive,0,,000060000146
WO-2060760,ASSET-00160,Preventive,0,,000060000146
WO-2060761,ASSET-00161,Corrective,196,502,000060000147
WO-2060762,ASSET-00161,Corrective,233,1134,000060000147
WO-2060763,ASSET-00161,Preventive,0,,000060000147
WO-2060764,ASSET-00161,Preventive,0,,000060000147
WO-2060765,ASSET-00161,Corrective,235,1514,000060000147
WO-2060766,ASSET-00161,Preventive,0,,000060000147
WO-2060767,ASSET-00161,Preventive,0,,000060000147
WO-2060768,ASSET-00162,Preventive,0,,000060000148
WO-2060769,ASSET-00162,Corrective,100,491,000060000148
WO-2060770,ASSET-00162,Preventive,0,,000060000148
WO-2060771,ASSET-00162,Preventive,0,,000060000148
WO-2060772,ASSET-00162,Preventive,0,,000060000148
WO-2060773,ASSET-00162,Corrective,159,1798,000060000148
WO-2060774,ASSET-00162,Corrective,127,1645,000060000148
WO-2060775,ASSET-00163,Preventive,0,,000060000149
WO-2060776,ASSET-00163,Preventive,0,,000060000149
WO-2060777,ASSET-00163,Corrective,34,1380,000060000149
WO-2060778,ASSET-00163,Preventive,0,,000060000149
WO-2060779,ASSET-00163,Corrective,34,323,000060000149
WO-2060780,ASSET-00164,Preventive,0,,000060000150
WO-2060781,ASSET-00164,Preventive,0,,000060000150
WO-2060782,ASSET-00164,Emergency,558,1782,000060000150
WO-2060783,ASSET-00164,Corrective,30,1435,000060000150
WO-2060784,ASSET-00164,Corrective,94,1713,000060000150
WO-2060785,ASSET-00164,Emergency,124,1440,000060000150
WO-2060786,ASSET-00165,Preventive,0,,000060000152
WO-2060787,ASSET-00165,Preventive,0,,000060000152
WO-2060788,ASSET-00165,Corrective,104,1960,000060000152
WO-2060789,ASSET-00165,Preventive,0,,000060000152
WO-2060790,ASSET-00165,Preventive,0,,000060000152
WO-2060791,ASSET-00165,Preventive,0,,000060000152
WO-2060792,ASSET-00165,Corrective,201,1970,000060000152
WO-2060793,ASSET-00166,Corrective,197,660,000060000153
WO-2060794,ASSET-00166,Preventive,0,,000060000153
WO-2060795,ASSET-00166,Corrective,152,1980,000060000153
WO-2060796,ASSET-00167,Preventive,0,,000060000154
WO-2060797,ASSET-00167,Preventive,0,,000060000154
WO-2060798,ASSET-00167,Emergency,93,381,000060000154
WO-2060799,ASSET-00167,Corrective,210,1368,000060000154
WO-2060800,ASSET-00167,Corrective,104,1306,000060000154
WO-2060801,ASSET-00167,Corrective,62,1051,000060000154
WO-2060802,ASSET-00167,Preventive,0,,000060000154
WO-2060803,ASSET-00167,Corrective,198,1196,000060000154
WO-2060804,ASSET-00167,Preventive,0,,000060000154
WO-2060805,ASSET-00168,Preventive,0,,000060000155
WO-2060806,ASSET-00168,Preventive,0,,000060000155
WO-2060807,ASSET-00168,Preventive,0,,000060000155
WO-2060808,ASSET-00168,Preventive,0,,000060000155
WO-2060809,ASSET-00168,Corrective,74,1124,000060000155
WO-2060810,ASSET-00168,Preventive,0,,000060000155
WO-2060811,ASSET-00168,Corrective,196,322,000060000155
WO-2060812,ASSET-00168,Corrective,212,464,000060000155
WO-2060813,ASSET-00169,Preventive,0,,000060000156
WO-2060814,ASSET-00169,Corrective,115,1194,000060000156
WO-2060815,ASSET-00169,Preventive,0,,000060000156
WO-2060816,ASSET-00169,Preventive,0,,000060000156
WO-2060817,ASSET-00169,Preventive,0,,000060000156
WO-2060818,ASSET-00169,Preventive,0,,000060000156
WO-2060819,ASSET-00169,Emergency,253,1933,000060000156
WO-2060820,ASSET-00170,Corrective,66,1662,
WO-2060821,ASSET-00170,Preventive,0,,
WO-2060822,ASSET-00171,Preventive,0,,000060000157
WO-2060823,ASSET-00171,Preventive,0,,000060000157
WO-2060824,ASSET-00171,Preventive,0,,000060000157
WO-2060825,ASSET-00171,Emergency,144,1587,000060000157
WO-2060826,ASSET-00171,Preventive,0,,000060000157
WO-2060827,ASSET-00171,Corrective,218,741,000060000157
WO-2060828,ASSET-00171,Preventive,0,,000060000157
WO-2060829,ASSET-00172,Corrective,78,866,000060000158
WO-2060830,ASSET-00172,Emergency,347,1046,000060000158
WO-2060831,ASSET-00172,Corrective,175,547,000060000158
WO-2060832,ASSET-00172,Preventive,0,,000060000158
WO-2060833,ASSET-00173,Preventive,0,,000060000159
WO-2060834,ASSET-00173,Corrective,183,829,000060000159
WO-2060835,ASSET-00173,Preventive,0,,000060000159
WO-2060836,ASSET-00173,Preventive,0,,000060000159
WO-2060837,ASSET-00173,Corrective,113,690,000060000159
WO-2060838,ASSET-00173,Emergency,336,206,000060000159
WO-2060839,ASSET-00173,Preventive,0,,000060000159
WO-2060840,ASSET-00174,Preventive,0,,000060000160
WO-2060841,ASSET-00174,Preventive,0,,000060000160
WO-2060842,ASSET-00174,Corrective,45,1249,000060000160
WO-2060843,ASSET-00174,Corrective,147,1211,000060000160
WO-2060844,ASSET-00175,Preventive,0,,000060000161
WO-2060845,ASSET-00175,Corrective,48,1037,000060000161
WO-2060846,ASSET-00175,Emergency,363,438,000060000161
WO-2060847,ASSET-00175,Preventive,0,,000060000161
WO-2060848,ASSET-00176,Corrective,135,1765,000060000162
WO-2060849,ASSET-00176,Preventive,0,,000060000162
WO-2060850,ASSET-00176,Preventive,0,,000060000162
WO-2060851,ASSET-00176,Corrective,237,795,000060000162
WO-2060852,ASSET-00176,Emergency,61,831,000060000162
WO-2060853,ASSET-00176,Preventive,0,,000060000162
WO-2060854,ASSET-00176,Corrective,112,1495,000060000162
WO-2060855,ASSET-00176,Corrective,115,941,000060000162
WO-2060856,ASSET-00177,Preventive,0,,000060000163
WO-2060857,ASSET-00177,Emergency,330,460,000060000163
WO-2060858,ASSET-00177,Corrective,36,701,000060000163
WO-2060859,ASSET-00177,Preventive,0,,000060000163
WO-2060860,ASSET-00177,Preventive,0,,000060000163
WO-2060861,ASSET-00177,Preventive,0,,000060000163
WO-2060862,ASSET-00178,Preventive,0,,000060000164
WO-2060863,ASSET-00178,Preventive,0,,000060000164
WO-2060864,ASSET-00178,Preventive,0,,000060000164
WO-2060865,ASSET-00179,Preventive,0,,000060000165
WO-2060866,ASSET-00179,Preventive,0,,000060000165
WO-2060867,ASSET-00179,Corrective,58,1139,000060000165
WO-2060868,ASSET-00179,Corrective,135,358,000060000165
WO-2060869,ASSET-00179,Emergency,207,1277,000060000165
WO-2060870,ASSET-00180,Preventive,0,,000060000166
WO-2060871,ASSET-00180,Corrective,34,1616,000060000166
WO-2060872,ASSET-00180,Preventive,0,,000060000166
WO-2060873,ASSET-00180,Preventive,0,,000060000166
WO-2060874,ASSET-00181,Preventive,0,,000060000167
WO-2060875,ASSET-00181,Emergency,396,1675,000060000167
WO-2060876,ASSET-00181,Preventive,0,,000060000167
WO-2060877,ASSET-00181,Corrective,37,1050,000060000167
WO-2060878,ASSET-00181,Preventive,0,,000060000167
WO-2060879,ASSET-00182,Corrective,31,1685,000060000168
WO-2060880,ASSET-00182,Preventive,0,,000060000168
WO-2060881,ASSET-00182,Corrective,31,1320,000060000168
WO-2060882,ASSET-00182,Corrective,233,833,000060000168
WO-2060883,ASSET-00182,Corrective,66,1572,000060000168
WO-2060884,ASSET-00182,Preventive,0,,000060000168
WO-2060885,ASSET-00182,Preventive,0,,000060000168
WO-2060886,ASSET-00183,Preventive,0,,000060000169
WO-2060887,ASSET-00183,Preventive,0,,000060000169
WO-2060888,ASSET-00183,Preventive,0,,000060000169
WO-2060889,ASSET-00183,Preventive,0,,000060000169
WO-2060890,ASSET-00184,Emergency,540,1725,000060000170
WO-2060891,ASSET-00184,Corrective,83,1513,000060000170
WO-2060892,ASSET-00184,Corrective,102,1124,000060000170
WO-2060893,ASSET-00185,Corrective,189,1902,000060000171
WO-2060894,ASSET-00186,Preventive,0,,000060000172
WO-2060895,ASSET-00186,Corrective,116,1125,000060000172
WO-2060896,ASSET-00186,Preventive,0,,000060000172
WO-2060897,ASSET-00186,Preventive,0,,000060000172
WO-2060898,ASSET-00187,Preventive,0,,000060000173
WO-2060899,ASSET-00187,Preventive,0,,000060000173
WO-2060900,ASSET-00187,Corrective,60,1495,000060000173
WO-2060901,ASSET-00187,Corrective,36,1278,000060000173
WO-2060902,ASSET-00188,Emergency,85,1129,000060000174
WO-2060903,ASSET-00188,Emergency,461,331,000060000174
WO-2060904,ASSET-00188,Corrective,133,1049,000060000174
WO-2060905,ASSET-00188,Emergency,91,672,000060000174
WO-2060906,ASSET-00188,Preventive,0,,000060000174
WO-2060907,ASSET-00189,Preventive,0,,000060000175
WO-2060908,ASSET-00189,Corrective,129,1587,000060000175
WO-2060909,ASSET-00189,Emergency,94,1560,000060000175
WO-2060910,ASSET-00189,Preventive,0,,000060000175
WO-2060911,ASSET-00190,Preventive,0,,000060000176
WO-2060912,ASSET-00190,Preventive,0,,000060000176
WO-2060913,ASSET-00190,Preventive,0,,000060000176
WO-2060914,ASSET-00191,Preventive,0,,
WO-2060915,ASSET-00191,Corrective,129,568,
WO-2060916,ASSET-00191,Corrective,76,323,
WO-2060917,ASSET-00191,Corrective,78,815,
WO-2060918,ASSET-00192,Preventive,0,,000060000177
WO-2060919,ASSET-00192,Preventive,0,,000060000177
WO-2060920,ASSET-00192,Preventive,0,,000060000177
WO-2060921,ASSET-00192,Preventive,0,,000060000177
WO-2060922,ASSET-00193,Preventive,0,,000060000178
WO-2060923,ASSET-00193,Preventive,0,,000060000178
WO-2060924,ASSET-00194,Preventive,0,,
WO-2060925,ASSET-00194,Preventive,0,,
WO-2060926,ASSET-00194,Preventive,0,,
WO-2060927,ASSET-00194,Preventive,0,,
WO-2060928,ASSET-00194,Preventive,0,,
WO-2060929,ASSET-00194,Preventive,0,,
WO-2060930,ASSET-00194,Preventive,0,,
WO-2060931,ASSET-00194,Emergency,99,1949,
WO-2060932,ASSET-00194,Preventive,0,,
WO-2060933,ASSET-00195,Corrective,227,1942,000060000179
WO-2060934,ASSET-00195,Preventive,0,,000060000179
WO-2060935,ASSET-00196,Preventive,0,,000060000180
WO-2060936,ASSET-00196,Emergency,338,1720,000060000180
WO-2060937,ASSET-00196,Emergency,324,1654,000060000180
WO-2060938,ASSET-00196,Corrective,147,1745,000060000180
WO-2060939,ASSET-00196,Preventive,0,,000060000180
WO-2060940,ASSET-00196,Preventive,0,,000060000180
WO-2060941,ASSET-00196,Preventive,0,,000060000180
WO-2060942,ASSET-00196,Preventive,0,,000060000180
WO-2060943,ASSET-00196,Corrective,146,206,000060000180
WO-2060944,ASSET-00196,Corrective,84,1734,000060000180
WO-2060945,ASSET-00197,Corrective,67,1394,000060000181
WO-2060946,ASSET-00197,Preventive,0,,000060000181
WO-2060947,ASSET-00197,Preventive,0,,000060000181
WO-2060948,ASSET-00197,Emergency,581,539,000060000181
WO-2060949,ASSET-00197,Corrective,71,1310,000060000181
WO-2060950,ASSET-00197,Preventive,0,,000060000181
WO-2060951,ASSET-00197,Corrective,176,1134,000060000181
WO-2060952,ASSET-00197,Preventive,0,,000060000181
WO-2060953,ASSET-00198,Corrective,183,1614,000060000182
WO-2060954,ASSET-00198,Corrective,75,261,000060000182
WO-2060955,ASSET-00198,Corrective,196,1649,000060000182
WO-2060956,ASSET-00198,Preventive,0,,000060000182
WO-2060957,ASSET-00199,Preventive,0,,000060000183
WO-2060958,ASSET-00199,Preventive,0,,000060000183
WO-2060959,ASSET-00199,Corrective,75,1513,000060000183
WO-2060960,ASSET-00199,Preventive,0,,000060000183
WO-2060961,ASSET-00199,Corrective,214,1011,000060000183
WO-2060962,ASSET-00199,Preventive,0,,000060000183
WO-2060963,ASSET-00199,Corrective,115,1397,000060000183
WO-2060964,ASSET-00200,Preventive,0,,000060000184
WO-2060965,ASSET-00200,Preventive,0,,000060000184
WO-2060966,ASSET-00200,Emergency,597,1400,000060000184
WO-2060967,ASSET-00200,Corrective,184,1261,000060000184
WO-2060968,ASSET-00200,Preventive,0,,000060000184
WO-2060969,ASSET-00200,Preventive,0,,000060000184
WO-2060970,ASSET-00200,Preventive,0,,000060000184
WO-2060971,ASSET-00200,Corrective,128,1865,000060000184
WO-2060972,ASSET-00200,Corrective,65,982,000060000184
WO-2060973,ASSET-00200,Preventive,0,,000060000184
WO-2060974,ASSET-00201,Preventive,0,,000060000185
WO-2060975,ASSET-00201,Preventive,0,,000060000185
WO-2060976,ASSET-00201,Corrective,190,1516,000060000185
WO-2060977,ASSET-00201,Corrective,231,1937,000060000185
WO-2060978,ASSET-00202,Preventive,0,,000060000186
WO-2060979,ASSET-00202,Preventive,0,,000060000186
WO-2060980,ASSET-00202,Preventive,0,,000060000186
WO-2060981,ASSET-00202,Corrective,127,265,000060000186
WO-2060982,ASSET-00203,Preventive,0,,000060000187
WO-2060983,ASSET-00203,Preventive,0,,000060000187
WO-2060984,ASSET-00203,Preventive,0,,000060000187
WO-2060985,ASSET-00204,Corrective,198,1966,000060000188
WO-2060986,ASSET-00204,Preventive,0,,000060000188
WO-2060987,ASSET-00204,Preventive,0,,000060000188
WO-2060988,ASSET-00204,Corrective,194,1426,000060000188
WO-2060989,ASSET-00204,Preventive,0,,000060000188
WO-2060990,ASSET-00205,Corrective,208,299,000060000189
WO-2060991,ASSET-00205,Corrective,213,486,000060000189
WO-2060992,ASSET-00205,Corrective,190,648,000060000189
WO-2060993,ASSET-00205,Preventive,0,,000060000189
WO-2060994,ASSET-00206,Corrective,185,1659,000060000190
WO-2060995,ASSET-00206,Corrective,225,1602,000060000190
WO-2060996,ASSET-00207,Preventive,0,,000060000191
WO-2060997,ASSET-00207,Corrective,131,514,000060000191
WO-2060998,ASSET-00207,Corrective,239,380,000060000191
WO-2060999,ASSET-00207,Corrective,240,1861,000060000191
WO-2061000,ASSET-00207,Preventive,0,,000060000191
WO-2061001,ASSET-00207,Preventive,0,,000060000191
WO-2061002,ASSET-00207,Emergency,575,278,000060000191
WO-2061003,ASSET-00207,Preventive,0,,000060000191
WO-2061004,ASSET-00207,Emergency,196,377,000060000191
WO-2061005,ASSET-00208,Preventive,0,,000060000192
WO-2061006,ASSET-00208,Preventive,0,,000060000192
WO-2061007,ASSET-00208,Corrective,95,211,000060000192
WO-2061008,ASSET-00208,Emergency,489,1438,000060000192
WO-2061009,ASSET-00209,Emergency,209,444,000060000193
WO-2061010,ASSET-00209,Preventive,0,,000060000193
WO-2061011,ASSET-00209,Preventive,0,,000060000193
WO-2061012,ASSET-00210,Preventive,0,,000060000194
WO-2061013,ASSET-00210,Preventive,0,,000060000194
WO-2061014,ASSET-00210,Corrective,148,654,000060000194
WO-2061015,ASSET-00210,Preventive,0,,000060000194
WO-2061016,ASSET-00210,Emergency,244,1454,000060000194
WO-2061017,ASSET-00210,Preventive,0,,000060000194
WO-2061018,ASSET-00210,Corrective,231,1853,000060000194
WO-2061019,ASSET-00210,Preventive,0,,000060000194
WO-2061020,ASSET-00210,Corrective,123,1244,000060000194
WO-2061021,ASSET-00211,Preventive,0,,000060000195
WO-2061022,ASSET-00211,Emergency,439,418,000060000195
WO-2061023,ASSET-00211,Preventive,0,,000060000195
WO-2061024,ASSET-00211,Preventive,0,,000060000195
WO-2061025,ASSET-00211,Preventive,0,,000060000195
WO-2061026,ASSET-00211,Preventive,0,,000060000195
WO-2061027,ASSET-00211,Preventive,0,,000060000195
WO-2061028,ASSET-00211,Preventive,0,,000060000195
WO-2061029,ASSET-00211,Corrective,113,1244,000060000195
WO-2061030,ASSET-00212,Preventive,0,,000060000196
WO-2061031,ASSET-00212,Preventive,0,,000060000196
WO-2061032,ASSET-00212,Preventive,0,,000060000196
WO-2061033,ASSET-00212,Corrective,98,627,000060000196
WO-2061034,ASSET-00213,Emergency,284,1163,000060000197
WO-2061035,ASSET-00213,Corrective,163,1131,000060000197
WO-2061036,ASSET-00213,Corrective,128,1434,000060000197
WO-2061037,ASSET-00214,Corrective,227,1567,000060000198
WO-2061038,ASSET-00214,Preventive,0,,000060000198
WO-2061039,ASSET-00214,Corrective,201,375,000060000198
WO-2061040,ASSET-00214,Corrective,206,1043,000060000198
WO-2061041,ASSET-00214,Preventive,0,,000060000198
WO-2061042,ASSET-00214,Preventive,0,,000060000198
WO-2061043,ASSET-00214,Preventive,0,,000060000198
WO-2061044,ASSET-00214,Preventive,0,,000060000198
WO-2061045,ASSET-00214,Emergency,568,1679,000060000198
WO-2061046,ASSET-00215,Preventive,0,,000060000199
WO-2061047,ASSET-00215,Preventive,0,,000060000199
WO-2061048,ASSET-00215,Corrective,82,1480,000060000199
WO-2061049,ASSET-00215,Preventive,0,,000060000199
WO-2061050,ASSET-00215,Corrective,57,1828,000060000199
WO-2061051,ASSET-00215,Preventive,0,,000060000199
WO-2061052,ASSET-00216,Preventive,0,,000060000200
WO-2061053,ASSET-00216,Emergency,484,260,000060000200
WO-2061054,ASSET-00216,Preventive,0,,000060000200
WO-2061055,ASSET-00216,Preventive,0,,000060000200
WO-2061056,ASSET-00216,Preventive,0,,000060000200
WO-2061057,ASSET-00216,Preventive,0,,000060000200
WO-2061058,ASSET-00217,Preventive,0,,000060000201
WO-2061059,ASSET-00217,Preventive,0,,000060000201
WO-2061060,ASSET-00217,Preventive,0,,000060000201
WO-2061061,ASSET-00217,Corrective,131,392,000060000201
WO-2061062,ASSET-00217,Emergency,517,1628,000060000201
WO-2061063,ASSET-00218,Preventive,0,,000060000202
WO-2061064,ASSET-00218,Corrective,142,368,000060000202
WO-2061065,ASSET-00218,Corrective,226,976,000060000202
WO-2061066,ASSET-00218,Preventive,0,,000060000202
WO-2061067,ASSET-00218,Corrective,131,1421,000060000202
WO-2061068,ASSET-00218,Preventive,0,,000060000202
WO-2061069,ASSET-00219,Preventive,0,,000060000203
WO-2061070,ASSET-00219,Preventive,0,,000060000203
WO-2061071,ASSET-00219,Corrective,148,1543,000060000203
WO-2061072,ASSET-00219,Preventive,0,,000060000203
WO-2061073,ASSET-00219,Preventive,0,,000060000203
WO-2061074,ASSET-00219,Corrective,88,1269,000060000203
WO-2061075,ASSET-00220,Corrective,203,1968,000060000204
WO-2061076,ASSET-00220,Corrective,157,843,000060000204
WO-2061077,ASSET-00220,Corrective,187,1741,000060000204
WO-2061078,ASSET-00221,Corrective,88,1516,000060000205
WO-2061079,ASSET-00221,Corrective,236,1275,000060000205
WO-2061080,ASSET-00222,Preventive,0,,000060000206
WO-2061081,ASSET-00222,Preventive,0,,000060000206
WO-2061082,ASSET-00222,Corrective,233,1191,000060000206
WO-2061083,ASSET-00222,Corrective,131,1285,000060000206
WO-2061084,ASSET-00223,Preventive,0,,000060000207
WO-2061085,ASSET-00223,Preventive,0,,000060000207
WO-2061086,ASSET-00223,Preventive,0,,000060000207
WO-2061087,ASSET-00223,Preventive,0,,000060000207
WO-2061088,ASSET-00223,Preventive,0,,000060000207
WO-2061089,ASSET-00224,Corrective,199,1283,000060000208
WO-2061090,ASSET-00224,Emergency,386,635,000060000208
WO-2061091,ASSET-00224,Preventive,0,,000060000208
WO-2061092,ASSET-00225,Corrective,134,356,000060000209
WO-2061093,ASSET-00225,Preventive,0,,000060000209
WO-2061094,ASSET-00225,Preventive,0,,000060000209
WO-2061095,ASSET-00225,Corrective,208,1085,000060000209
WO-2061096,ASSET-00225,Preventive,0,,000060000209
WO-2061097,ASSET-00225,Preventive,0,,000060000209
WO-2061098,ASSET-00225,Preventive,0,,000060000209
WO-2061099,ASSET-00225,Corrective,47,1438,000060000209
WO-2061100,ASSET-00225,Preventive,0,,000060000209
WO-2061101,ASSET-00226,Corrective,37,482,000060000210
WO-2061102,ASSET-00226,Preventive,0,,000060000210
WO-2061103,ASSET-00226,Corrective,148,280,000060000210
WO-2061104,ASSET-00226,Preventive,0,,000060000210
WO-2061105,ASSET-00226,Corrective,221,1936,000060000210
WO-2061106,ASSET-00226,Preventive,0,,000060000210
WO-2061107,ASSET-00226,Preventive,0,,000060000210
WO-2061108,ASSET-00227,Corrective,85,1915,000060000211
WO-2061109,ASSET-00227,Corrective,123,1199,000060000211
WO-2061110,ASSET-00227,Corrective,191,1778,000060000211
WO-2061111,ASSET-00227,Preventive,0,,000060000211
WO-2061112,ASSET-00227,Preventive,0,,000060000211
WO-2061113,ASSET-00228,Corrective,84,1211,000060000212
WO-2061114,ASSET-00228,Preventive,0,,000060000212
WO-2061115,ASSET-00228,Preventive,0,,000060000212
WO-2061116,ASSET-00228,Preventive,0,,000060000212
WO-2061117,ASSET-00228,Preventive,0,,000060000212
WO-2061118,ASSET-00229,Preventive,0,,000060000213
WO-2061119,ASSET-00229,Preventive,0,,000060000213
WO-2061120,ASSET-00230,Preventive,0,,000060000214
WO-2061121,ASSET-00230,Corrective,108,949,000060000214
WO-2061122,ASSET-00230,Preventive,0,,000060000214
WO-2061123,ASSET-00230,Preventive,0,,000060000214
WO-2061124,ASSET-00230,Preventive,0,,000060000214
WO-2061125,ASSET-00230,Corrective,71,302,000060000214
WO-2061126,ASSET-00230,Preventive,0,,000060000214
WO-2061127,ASSET-00230,Preventive,0,,000060000214
WO-2061128,ASSET-00231,Preventive,0,,000060000215
WO-2061129,ASSET-00231,Corrective,233,448,000060000215
WO-2061130,ASSET-00232,Preventive,0,,000060000216
WO-2061131,ASSET-00232,Corrective,107,880,000060000216
WO-2061132,ASSET-00232,Preventive,0,,000060000216
WO-2061133,ASSET-00232,Preventive,0,,000060000216
WO-2061134,ASSET-00232,Corrective,93,1329,000060000216
WO-2061135,ASSET-00232,Preventive,0,,000060000216
WO-2061136,ASSET-00233,Preventive,0,,000060000217
WO-2061137,ASSET-00233,Corrective,115,1914,000060000217
WO-2061138,ASSET-00233,Preventive,0,,000060000217
WO-2061139,ASSET-00233,Corrective,203,1915,000060000217
WO-2061140,ASSET-00234,Preventive,0,,000060000218
WO-2061141,ASSET-00234,Corrective,38,729,000060000218
WO-2061142,ASSET-00235,Emergency,574,877,000060000219
WO-2061143,ASSET-00235,Preventive,0,,000060000219
WO-2061144,ASSET-00235,Preventive,0,,000060000219
WO-2061145,ASSET-00235,Preventive,0,,000060000219
WO-2061146,ASSET-00236,Corrective,203,420,000060000220
WO-2061147,ASSET-00236,Preventive,0,,000060000220
WO-2061148,ASSET-00237,Preventive,0,,000060000221
WO-2061149,ASSET-00237,Corrective,77,1416,000060000221
WO-2061150,ASSET-00237,Corrective,87,840,000060000221
WO-2061151,ASSET-00237,Preventive,0,,000060000221
WO-2061152,ASSET-00238,Preventive,0,,000060000222
WO-2061153,ASSET-00238,Preventive,0,,000060000222
WO-2061154,ASSET-00239,Preventive,0,,000060000223
WO-2061155,ASSET-00239,Corrective,68,791,000060000223
WO-2061156,ASSET-00239,Corrective,60,882,000060000223
WO-2061157,ASSET-00239,Corrective,123,1937,000060000223
WO-2061158,ASSET-00239,Preventive,0,,000060000223
WO-2061159,ASSET-00240,Preventive,0,,000060000224
WO-2061160,ASSET-00240,Preventive,0,,000060000224
WO-2061161,ASSET-00240,Corrective,35,1216,000060000224
WO-2061162,ASSET-00240,Corrective,175,1832,000060000224
WO-2061163,ASSET-00240,Corrective,36,1159,000060000224
WO-2061164,ASSET-00240,Preventive,0,,000060000224
WO-2061165,ASSET-00240,Corrective,57,925,000060000224
WO-2061166,ASSET-00241,Corrective,66,1653,000060000225
WO-2061167,ASSET-00241,Preventive,0,,000060000225
WO-2061168,ASSET-00241,Preventive,0,,000060000225
WO-2061169,ASSET-00241,Preventive,0,,000060000225
WO-2061170,ASSET-00242,Preventive,0,,000060000226
WO-2061171,ASSET-00242,Corrective,94,1456,000060000226
WO-2061172,ASSET-00242,Preventive,0,,000060000226
WO-2061173,ASSET-00243,Corrective,58,357,000060000227
WO-2061174,ASSET-00243,Preventive,0,,000060000227
WO-2061175,ASSET-00243,Preventive,0,,000060000227
WO-2061176,ASSET-00243,Preventive,0,,000060000227
WO-2061177,ASSET-00243,Emergency,275,1855,000060000227
WO-2061178,ASSET-00244,Corrective,43,1102,000060000228
WO-2061179,ASSET-00244,Preventive,0,,000060000228
WO-2061180,ASSET-00244,Corrective,185,234,000060000228
WO-2061181,ASSET-00244,Preventive,0,,000060000228
WO-2061182,ASSET-00244,Corrective,113,215,000060000228
WO-2061183,ASSET-00244,Corrective,133,1296,000060000228
WO-2061184,ASSET-00244,Preventive,0,,000060000228
WO-2061185,ASSET-00244,Preventive,0,,000060000228
WO-2061186,ASSET-00244,Preventive,0,,000060000228
WO-2061187,ASSET-00245,Preventive,0,,000060000229
WO-2061188,ASSET-00245,Preventive,0,,000060000229
WO-2061189,ASSET-00245,Preventive,0,,000060000229
WO-2061190,ASSET-00245,Preventive,0,,000060000229
WO-2061191,ASSET-00246,Preventive,0,,000060000230
WO-2061192,ASSET-00246,Preventive,0,,000060000230
WO-2061193,ASSET-00246,Preventive,0,,000060000230
WO-2061194,ASSET-00246,Preventive,0,,000060000230
WO-2061195,ASSET-00246,Preventive,0,,000060000230
WO-2061196,ASSET-00247,Preventive,0,,000060000231
WO-2061197,ASSET-00247,Corrective,37,632,000060000231
WO-2061198,ASSET-00247,Preventive,0,,000060000231
WO-2061199,ASSET-00248,Preventive,0,,000060000232
WO-2061200,ASSET-00248,Preventive,0,,000060000232
WO-2061201,ASSET-00248,Preventive,0,,000060000232
WO-2061202,ASSET-00248,Preventive,0,,000060000232
WO-2061203,ASSET-00248,Preventive,0,,000060000232
WO-2061204,ASSET-00248,Emergency,303,784,000060000232
WO-2061205,ASSET-00248,Emergency,252,1181,000060000232
WO-2061206,ASSET-00248,Preventive,0,,000060000232
WO-2061207,ASSET-00249,Preventive,0,,000060000233
WO-2061208,ASSET-00249,Preventive,0,,000060000233
WO-2061209,ASSET-00249,Preventive,0,,000060000233
WO-2061210,ASSET-00249,Emergency,343,1833,000060000233
WO-2061211,ASSET-00249,Preventive,0,,000060000233
WO-2061212,ASSET-00250,Preventive,0,,000060000234
WO-2061213,ASSET-00251,Preventive,0,,000060000235
WO-2061214,ASSET-00251,Emergency,234,664,000060000235
WO-2061215,ASSET-00251,Preventive,0,,000060000235
WO-2061216,ASSET-00251,Corrective,124,772,000060000235
WO-2061217,ASSET-00251,Preventive,0,,000060000235
WO-2061218,ASSET-00252,Preventive,0,,000060000236
WO-2061219,ASSET-00252,Preventive,0,,000060000236
WO-2061220,ASSET-00253,Preventive,0,,000060000237
WO-2061221,ASSET-00253,Emergency,351,1734,000060000237
WO-2061222,ASSET-00253,Corrective,82,859,000060000237
WO-2061223,ASSET-00253,Corrective,113,1407,000060000237
WO-2061224,ASSET-00254,Corrective,127,1966,000060000238
WO-2061225,ASSET-00254,Preventive,0,,000060000238
WO-2061226,ASSET-00254,Corrective,160,222,000060000238
WO-2061227,ASSET-00254,Preventive,0,,000060000238
WO-2061228,ASSET-00255,Preventive,0,,000060000239
WO-2061229,ASSET-00255,Corrective,50,1646,000060000239
WO-2061230,ASSET-00255,Preventive,0,,000060000239
WO-2061231,ASSET-00256,Corrective,52,665,000060000240
WO-2061232,ASSET-00256,Corrective,92,720,000060000240
WO-2061233,ASSET-00256,Preventive,0,,000060000240
WO-2061234,ASSET-00256,Corrective,34,1209,000060000240
WO-2061235,ASSET-00256,Preventive,0,,000060000240
WO-2061236,ASSET-00256,Preventive,0,,000060000240
WO-2061237,ASSET-00256,Preventive,0,,000060000240
WO-2061238,ASSET-00256,Preventive,0,,000060000240
WO-2061239,ASSET-00257,Preventive,0,,000060000241
WO-2061240,ASSET-00257,Corrective,179,201,000060000241
WO-2061241,ASSET-00257,Preventive,0,,000060000241
WO-2061242,ASSET-00258,Preventive,0,,000060000242
WO-2061243,ASSET-00258,Preventive,0,,000060000242
WO-2061244,ASSET-00258,Preventive,0,,000060000242
WO-2061245,ASSET-00258,Corrective,144,1926,000060000242
WO-2061246,ASSET-00258,Preventive,0,,000060000242
WO-2061247,ASSET-00258,Corrective,44,514,000060000242
WO-2061248,ASSET-00258,Preventive,0,,000060000242
WO-2061249,ASSET-00258,Preventive,0,,000060000242
WO-2061250,ASSET-00258,Preventive,0,,000060000242
WO-2061251,ASSET-00259,Preventive,0,,000060000243
WO-2061252,ASSET-00259,Corrective,43,914,000060000243
WO-2061253,ASSET-00259,Corrective,216,1189,000060000243
WO-2061254,ASSET-00259,Preventive,0,,000060000243
WO-2061255,ASSET-00259,Preventive,0,,000060000243
WO-2061256,ASSET-00260,Preventive,0,,000060000244
WO-2061257,ASSET-00260,Preventive,0,,000060000244
WO-2061258,ASSET-00260,Preventive,0,,000060000244
WO-2061259,ASSET-00261,Preventive,0,,000060000245
WO-2061260,ASSET-00261,Preventive,0,,000060000245
WO-2061261,ASSET-00261,Preventive,0,,000060000245
WO-2061262,ASSET-00261,Preventive,0,,000060000245
WO-2061263,ASSET-00261,Corrective,237,640,000060000245
WO-2061264,ASSET-00262,Corrective,98,1549,000060000246
WO-2061265,ASSET-00262,Preventive,0,,000060000246
WO-2061266,ASSET-00262,Preventive,0,,000060000246
WO-2061267,ASSET-00262,Corrective,71,1105,000060000246
WO-2061268,ASSET-00262,Preventive,0,,000060000246
WO-2061269,ASSET-00262,Preventive,0,,000060000246
WO-2061270,ASSET-00263,Preventive,0,,000060000247
WO-2061271,ASSET-00263,Preventive,0,,000060000247
WO-2061272,ASSET-00263,Corrective,44,934,000060000247
WO-2061273,ASSET-00264,Preventive,0,,000060000248
WO-2061274,ASSET-00264,Preventive,0,,000060000248
WO-2061275,ASSET-00264,Preventive,0,,000060000248
WO-2061276,ASSET-00264,Corrective,83,1835,000060000248
WO-2061277,ASSET-00264,Corrective,64,1636,000060000248
WO-2061278,ASSET-00265,Preventive,0,,000060000249
WO-2061279,ASSET-00265,Corrective,183,1665,000060000249
WO-2061280,ASSET-00265,Preventive,0,,000060000249
WO-2061281,ASSET-00265,Preventive,0,,000060000249
WO-2061282,ASSET-00265,Corrective,227,473,000060000249
WO-2061283,ASSET-00265,Preventive,0,,000060000249
WO-2061284,ASSET-00265,Preventive,0,,000060000249
WO-2061285,ASSET-00266,Preventive,0,,000060000250
WO-2061286,ASSET-00266,Emergency,81,317,000060000250
WO-2061287,ASSET-00267,Corrective,181,1645,000060000251
WO-2061288,ASSET-00267,Emergency,568,1058,000060000251
WO-2061289,ASSET-00267,Corrective,112,401,000060000251
WO-2061290,ASSET-00267,Corrective,33,624,000060000251
WO-2061291,ASSET-00267,Preventive,0,,000060000251
WO-2061292,ASSET-00267,Corrective,153,978,000060000251
WO-2061293,ASSET-00267,Emergency,520,1022,000060000251
WO-2061294,ASSET-00267,Preventive,0,,000060000251
WO-2061295,ASSET-00268,Preventive,0,,000060000252
WO-2061296,ASSET-00268,Preventive,0,,000060000252
WO-2061297,ASSET-00268,Corrective,133,612,000060000252
WO-2061298,ASSET-00268,Preventive,0,,000060000252
WO-2061299,ASSET-00268,Preventive,0,,000060000252
WO-2061300,ASSET-00269,Emergency,478,722,000060000253
WO-2061301,ASSET-00269,Corrective,232,1959,000060000253
WO-2061302,ASSET-00269,Corrective,222,954,000060000253
WO-2061303,ASSET-00269,Preventive,0,,000060000253
WO-2061304,ASSET-00270,Preventive,0,,000060000254
WO-2061305,ASSET-00270,Corrective,193,436,000060000254
WO-2061306,ASSET-00270,Preventive,0,,000060000254
WO-2061307,ASSET-00271,Preventive,0,,000060000255
WO-2061308,ASSET-00271,Preventive,0,,000060000255
WO-2061309,ASSET-00271,Preventive,0,,000060000255
WO-2061310,ASSET-00271,Preventive,0,,000060000255
WO-2061311,ASSET-00271,Corrective,167,842,000060000255
WO-2061312,ASSET-00271,Preventive,0,,000060000255
WO-2061313,ASSET-00272,Preventive,0,,000060000256
WO-2061314,ASSET-00272,Corrective,174,549,000060000256
WO-2061315,ASSET-00272,Corrective,181,1961,000060000256
WO-2061316,ASSET-00272,Preventive,0,,000060000256
WO-2061317,ASSET-00272,Preventive,0,,000060000256
WO-2061318,ASSET-00272,Corrective,151,980,000060000256
WO-2061319,ASSET-00273,Preventive,0,,000060000257
WO-2061320,ASSET-00273,Corrective,171,802,000060000257
WO-2061321,ASSET-00273,Corrective,70,521,000060000257
WO-2061322,ASSET-00273,Preventive,0,,000060000257
WO-2061323,ASSET-00273,Corrective,79,1750,000060000257
WO-2061324,ASSET-00274,Preventive,0,,000060000258
WO-2061325,ASSET-00274,Preventive,0,,000060000258
WO-2061326,ASSET-00275,Corrective,200,1402,000060000259
WO-2061327,ASSET-00275,Preventive,0,,000060000259
WO-2061328,ASSET-00276,Preventive,0,,000060000261
WO-2061329,ASSET-00276,Preventive,0,,000060000261
WO-2061330,ASSET-00276,Preventive,0,,000060000261
WO-2061331,ASSET-00276,Corrective,117,819,000060000261
WO-2061332,ASSET-00277,Preventive,0,,000060000262
WO-2061333,ASSET-00277,Preventive,0,,000060000262
WO-2061334,ASSET-00277,Preventive,0,,000060000262
WO-2061335,ASSET-00277,Preventive,0,,000060000262
WO-2061336,ASSET-00277,Corrective,119,969,000060000262
WO-2061337,ASSET-00278,Preventive,0,,000060000263
WO-2061338,ASSET-00278,Preventive,0,,000060000263
WO-2061339,ASSET-00278,Corrective,53,211,000060000263
WO-2061340,ASSET-00278,Preventive,0,,000060000263
WO-2061341,ASSET-00279,Corrective,115,1525,000060000264
WO-2061342,ASSET-00279,Preventive,0,,000060000264
WO-2061343,ASSET-00279,Preventive,0,,000060000264
WO-2061344,ASSET-00280,Preventive,0,,000060000265
WO-2061345,ASSET-00280,Preventive,0,,000060000265
WO-2061346,ASSET-00280,Preventive,0,,000060000265
WO-2061347,ASSET-00280,Preventive,0,,000060000265
WO-2061348,ASSET-00280,Preventive,0,,000060000265
WO-2061349,ASSET-00280,Preventive,0,,000060000265
WO-2061350,ASSET-00280,Preventive,0,,000060000265
WO-2061351,ASSET-00280,Corrective,61,829,000060000265
WO-2061352,ASSET-00281,Preventive,0,,000060000266
WO-2061353,ASSET-00281,Preventive,0,,000060000266
WO-2061354,ASSET-00281,Preventive,0,,000060000266
WO-2061355,ASSET-00281,Preventive,0,,000060000266
WO-2061356,ASSET-00282,Preventive,0,,000060000267
WO-2061357,ASSET-00282,Preventive,0,,000060000267
WO-2061358,ASSET-00282,Preventive,0,,000060000267
WO-2061359,ASSET-00282,Corrective,171,782,000060000267
WO-2061360,ASSET-00282,Preventive,0,,000060000267
WO-2061361,ASSET-00282,Corrective,79,337,000060000267
WO-2061362,ASSET-00283,Preventive,0,,000060000268
WO-2061363,ASSET-00283,Corrective,181,1611,000060000268
WO-2061364,ASSET-00284,Emergency,244,673,000060000269
WO-2061365,ASSET-00284,Corrective,199,452,000060000269
WO-2061366,ASSET-00284,Corrective,142,1984,000060000269
WO-2061367,ASSET-00284,Preventive,0,,000060000269
WO-2061368,ASSET-00284,Corrective,124,1052,000060000269
WO-2061369,ASSET-00284,Preventive,0,,000060000269
WO-2061370,ASSET-00284,Corrective,37,1880,000060000269
WO-2061371,ASSET-00284,Corrective,168,324,000060000269
WO-2061372,ASSET-00284,Emergency,121,892,000060000269
WO-2061373,ASSET-00285,Preventive,0,,000060000270
WO-2061374,ASSET-00285,Preventive,0,,000060000270
WO-2061375,ASSET-00285,Emergency,143,1733,000060000270
WO-2061376,ASSET-00285,Preventive,0,,000060000270
WO-2061377,ASSET-00285,Preventive,0,,000060000270
WO-2061378,ASSET-00285,Preventive,0,,000060000270
WO-2061379,ASSET-00286,Corrective,176,267,000060000271
WO-2061380,ASSET-00286,Preventive,0,,000060000271
WO-2061381,ASSET-00286,Corrective,132,1478,000060000271
WO-2061382,ASSET-00286,Emergency,206,431,000060000271
WO-2061383,ASSET-00287,Corrective,149,1775,000060000272
WO-2061384,ASSET-00287,Corrective,40,1703,000060000272
WO-2061385,ASSET-00287,Preventive,0,,000060000272
WO-2061386,ASSET-00287,Corrective,166,477,000060000272
WO-2061387,ASSET-00288,Preventive,0,,000060000273
WO-2061388,ASSET-00288,Corrective,224,943,000060000273
WO-2061389,ASSET-00288,Preventive,0,,000060000273
WO-2061390,ASSET-00288,Preventive,0,,000060000273
WO-2061391,ASSET-00288,Corrective,163,307,000060000273
WO-2061392,ASSET-00289,Corrective,163,302,000060000274
WO-2061393,ASSET-00289,Corrective,228,846,000060000274
WO-2061394,ASSET-00289,Corrective,78,660,000060000274
WO-2061395,ASSET-00289,Preventive,0,,000060000274
WO-2061396,ASSET-00289,Preventive,0,,000060000274
WO-2061397,ASSET-00289,Preventive,0,,000060000274
WO-2061398,ASSET-00290,Corrective,139,305,000060000275
WO-2061399,ASSET-00290,Preventive,0,,000060000275
WO-2061400,ASSET-00290,Preventive,0,,000060000275
WO-2061401,ASSET-00290,Preventive,0,,000060000275
WO-2061402,ASSET-00290,Preventive,0,,000060000275
WO-2061403,ASSET-00290,Emergency,339,1875,000060000275
WO-2061404,ASSET-00290,Preventive,0,,000060000275
WO-2061405,ASSET-00290,Corrective,104,1945,000060000275
WO-2061406,ASSET-00291,Preventive,0,,000060000276
WO-2061407,ASSET-00291,Preventive,0,,000060000276
WO-2061408,ASSET-00292,Preventive,0,,000060000277
WO-2061409,ASSET-00292,Preventive,0,,000060000277
WO-2061410,ASSET-00292,Preventive,0,,000060000277
WO-2061411,ASSET-00292,Corrective,135,1356,000060000277
WO-2061412,ASSET-00292,Preventive,0,,000060000277
WO-2061413,ASSET-00292,Preventive,0,,000060000277
WO-2061414,ASSET-00292,Preventive,0,,000060000277
WO-2061415,ASSET-00293,Preventive,0,,000060000278
WO-2061416,ASSET-00293,Corrective,63,714,000060000278
WO-2061417,ASSET-00293,Emergency,270,1936,000060000278
WO-2061418,ASSET-00293,Emergency,279,1979,000060000278
WO-2061419,ASSET-00293,Preventive,0,,000060000278
WO-2061420,ASSET-00293,Preventive,0,,000060000278
WO-2061421,ASSET-00293,Emergency,538,392,000060000278
WO-2061422,ASSET-00294,Preventive,0,,000060000279
WO-2061423,ASSET-00294,Corrective,196,1407,000060000279
WO-2061424,ASSET-00294,Corrective,97,1238,000060000279
WO-2061425,ASSET-00294,Preventive,0,,000060000279
WO-2061426,ASSET-00294,Preventive,0,,000060000279
WO-2061427,ASSET-00294,Preventive,0,,000060000279
WO-2061428,ASSET-00295,Preventive,0,,000060000280
WO-2061429,ASSET-00295,Preventive,0,,000060000280
WO-2061430,ASSET-00295,Corrective,206,1032,000060000280
WO-2061431,ASSET-00296,Corrective,34,320,000060000281
WO-2061432,ASSET-00296,Preventive,0,,000060000281
WO-2061433,ASSET-00296,Preventive,0,,000060000281
WO-2061434,ASSET-00296,Preventive,0,,000060000281
WO-2061435,ASSET-00296,Emergency,531,379,000060000281
WO-2061436,ASSET-00296,Corrective,90,632,000060000281
WO-2061437,ASSET-00296,Preventive,0,,000060000281
WO-2061438,ASSET-00297,Preventive,0,,000060000282
WO-2061439,ASSET-00297,Preventive,0,,000060000282
WO-2061440,ASSET-00297,Preventive,0,,000060000282
WO-2061441,ASSET-00297,Corrective,75,1127,000060000282
WO-2061442,ASSET-00297,Preventive,0,,000060000282
WO-2061443,ASSET-00298,Corrective,129,416,000060000283
WO-2061444,ASSET-00298,Corrective,160,1846,000060000283
WO-2061445,ASSET-00298,Preventive,0,,000060000283
WO-2061446,ASSET-00298,Emergency,520,1954,000060000283
WO-2061447,ASSET-00298,Emergency,502,262,000060000283
WO-2061448,ASSET-00298,Preventive,0,,000060000283
WO-2061449,ASSET-00298,Corrective,151,1351,000060000283
WO-2061450,ASSET-00298,Preventive,0,,000060000283
WO-2061451,ASSET-00299,Corrective,176,1957,000060000284
WO-2061452,ASSET-00299,Emergency,411,852,000060000284
WO-2061453,ASSET-00299,Preventive,0,,000060000284
WO-2061454,ASSET-00299,Corrective,53,463,000060000284
WO-2061455,ASSET-00300,Preventive,0,,000060000285
WO-2061456,ASSET-00301,Preventive,0,,000060000286
WO-2061457,ASSET-00301,Emergency,377,507,000060000286
WO-2061458,ASSET-00301,Preventive,0,,000060000286
WO-2061459,ASSET-00301,Corrective,200,1202,000060000286
WO-2061460,ASSET-00301,Preventive,0,,000060000286
WO-2061461,ASSET-00301,Corrective,113,638,000060000286
WO-2061462,ASSET-00301,Corrective,46,221,000060000286
WO-2061463,ASSET-00301,Corrective,107,1430,000060000286
WO-2061464,ASSET-00302,Emergency,533,1457,000060000287
WO-2061465,ASSET-00302,Preventive,0,,000060000287
WO-2061466,ASSET-00302,Corrective,125,1626,000060000287
WO-2061467,ASSET-00302,Preventive,0,,000060000287
WO-2061468,ASSET-00302,Preventive,0,,000060000287
WO-2061469,ASSET-00302,Preventive,0,,000060000287
WO-2061470,ASSET-00303,Corrective,110,1040,000060000288
WO-2061471,ASSET-00303,Corrective,162,1410,000060000288
WO-2061472,ASSET-00303,Corrective,190,1797,000060000288
WO-2061473,ASSET-00303,Corrective,52,737,000060000288
WO-2061474,ASSET-00303,Emergency,228,1201,000060000288
WO-2061475,ASSET-00303,Corrective,140,533,000060000288
WO-2061476,ASSET-00304,Preventive,0,,000060000289
WO-2061477,ASSET-00304,Corrective,172,239,000060000289
WO-2061478,ASSET-00304,Emergency,352,1102,000060000289
WO-2061479,ASSET-00304,Preventive,0,,000060000289
WO-2061480,ASSET-00304,Corrective,50,709,000060000289
WO-2061481,ASSET-00304,Preventive,0,,000060000289
WO-2061482,ASSET-00304,Preventive,0,,000060000289
WO-2061483,ASSET-00304,Preventive,0,,000060000289
WO-2061484,ASSET-00305,Preventive,0,,000060000290
WO-2061485,ASSET-00305,Preventive,0,,000060000290
WO-2061486,ASSET-00305,Preventive,0,,000060000290
WO-2061487,ASSET-00305,Preventive,0,,000060000290
WO-2061488,ASSET-00305,Preventive,0,,000060000290
WO-2061489,ASSET-00306,Emergency,108,1742,000060000291
WO-2061490,ASSET-00306,Corrective,188,1774,000060000291
WO-2061491,ASSET-00306,Corrective,213,1192,000060000291
WO-2061492,ASSET-00306,Emergency,311,470,000060000291
WO-2061493,ASSET-00307,Preventive,0,,000060000292
WO-2061494,ASSET-00307,Preventive,0,,000060000292
WO-2061495,ASSET-00307,Preventive,0,,000060000292
WO-2061496,ASSET-00308,Corrective,233,1806,000060000293
WO-2061497,ASSET-00308,Corrective,175,1222,000060000293
WO-2061498,ASSET-00308,Corrective,51,268,000060000293
WO-2061499,ASSET-00308,Corrective,164,1435,000060000293
WO-2061500,ASSET-00308,Preventive,0,,000060000293
WO-2061501,ASSET-00309,Preventive,0,,000060000294
WO-2061502,ASSET-00309,Preventive,0,,000060000294
WO-2061503,ASSET-00309,Preventive,0,,000060000294
WO-2061504,ASSET-00310,Preventive,0,,000060000295
WO-2061505,ASSET-00310,Preventive,0,,000060000295
WO-2061506,ASSET-00310,Preventive,0,,000060000295
WO-2061507,ASSET-00311,Preventive,0,,000060000296
WO-2061508,ASSET-00311,Corrective,97,1630,000060000296
WO-2061509,ASSET-00312,Corrective,82,925,000060000297
WO-2061510,ASSET-00312,Preventive,0,,000060000297
WO-2061511,ASSET-00312,Corrective,36,1973,000060000297
WO-2061512,ASSET-00312,Corrective,30,1435,000060000297
WO-2061513,ASSET-00312,Preventive,0,,000060000297
WO-2061514,ASSET-00312,Preventive,0,,000060000297
WO-2061515,ASSET-00312,Preventive,0,,000060000297
WO-2061516,ASSET-00312,Preventive,0,,000060000297
WO-2061517,ASSET-00313,Preventive,0,,000060000298
WO-2061518,ASSET-00313,Preventive,0,,000060000298
WO-2061519,ASSET-00313,Corrective,168,875,000060000298
WO-2061520,ASSET-00313,Corrective,224,924,000060000298
WO-2061521,ASSET-00314,Corrective,71,619,000060000299
WO-2061522,ASSET-00315,Preventive,0,,000060000300
WO-2061523,ASSET-00315,Emergency,251,298,000060000300
WO-2061524,ASSET-00315,Corrective,155,638,000060000300
WO-2061525,ASSET-00316,Preventive,0,,000060000301
WO-2061526,ASSET-00316,Preventive,0,,000060000301
WO-2061527,ASSET-00316,Preventive,0,,000060000301
WO-2061528,ASSET-00316,Corrective,88,783,000060000301
WO-2061529,ASSET-00316,Preventive,0,,000060000301
WO-2061530,ASSET-00316,Corrective,206,412,000060000301
WO-2061531,ASSET-00316,Corrective,199,824,000060000301
WO-2061532,ASSET-00317,Corrective,173,1990,000060000302
WO-2061533,ASSET-00317,Preventive,0,,000060000302
WO-2061534,ASSET-00317,Corrective,196,765,000060000302
WO-2061535,ASSET-00317,Corrective,51,1853,000060000302
WO-2061536,ASSET-00317,Preventive,0,,000060000302
WO-2061537,ASSET-00317,Preventive,0,,000060000302
WO-2061538,ASSET-00318,Preventive,0,,000060000303
WO-2061539,ASSET-00318,Corrective,162,850,000060000303
WO-2061540,ASSET-00318,Preventive,0,,000060000303
WO-2061541,ASSET-00318,Preventive,0,,000060000303
WO-2061542,ASSET-00318,Preventive,0,,000060000303
WO-2061543,ASSET-00318,Preventive,0,,000060000303
WO-2061544,ASSET-00319,Preventive,0,,000060000304
WO-2061545,ASSET-00319,Preventive,0,,000060000304
WO-2061546,ASSET-00319,Preventive,0,,000060000304
WO-2061547,ASSET-00319,Corrective,36,986,000060000304
WO-2061548,ASSET-00319,Corrective,123,281,000060000304
WO-2061549,ASSET-00320,Preventive,0,,000060000305
WO-2061550,ASSET-00320,Preventive,0,,000060000305
WO-2061551,ASSET-00320,Preventive,0,,000060000305
WO-2061552,ASSET-00320,Emergency,309,1109,000060000305
WO-2061553,ASSET-00321,Preventive,0,,000060000306
WO-2061554,ASSET-00321,Corrective,123,1096,000060000306
WO-2061555,ASSET-00321,Preventive,0,,000060000306
WO-2061556,ASSET-00321,Emergency,425,498,000060000306
WO-2061557,ASSET-00321,Preventive,0,,000060000306
WO-2061558,ASSET-00321,Preventive,0,,000060000306
WO-2061559,ASSET-00322,Preventive,0,,000060000307
WO-2061560,ASSET-00322,Preventive,0,,000060000307
WO-2061561,ASSET-00322,Preventive,0,,000060000307
WO-2061562,ASSET-00323,Preventive,0,,000060000308
WO-2061563,ASSET-00323,Preventive,0,,000060000308
WO-2061564,ASSET-00323,Preventive,0,,000060000308
WO-2061565,ASSET-00323,Preventive,0,,000060000308
WO-2061566,ASSET-00323,Preventive,0,,000060000308
WO-2061567,ASSET-00323,Preventive,0,,000060000308
WO-2061568,ASSET-00323,Preventive,0,,000060000308
WO-2061569,ASSET-00324,Preventive,0,,000060000309
WO-2061570,ASSET-00324,Corrective,205,558,000060000309
WO-2061571,ASSET-00324,Corrective,115,1730,000060000309
WO-2061572,ASSET-00324,Corrective,70,1301,000060000309
WO-2061573,ASSET-00324,Preventive,0,,000060000309
WO-2061574,ASSET-00324,Corrective,185,1880,000060000309
WO-2061575,ASSET-00324,Corrective,57,204,000060000309
WO-2061576,ASSET-00324,Preventive,0,,000060000309
WO-2061577,ASSET-00325,Preventive,0,,000060000310
WO-2061578,ASSET-00325,Preventive,0,,000060000310
WO-2061579,ASSET-00325,Preventive,0,,000060000310
WO-2061580,ASSET-00325,Corrective,134,1309,000060000310
WO-2061581,ASSET-00325,Preventive,0,,000060000310
WO-2061582,ASSET-00325,Emergency,74,1610,000060000310
WO-2061583,ASSET-00325,Preventive,0,,000060000310
WO-2061584,ASSET-00325,Corrective,83,288,000060000310
WO-2061585,ASSET-00325,Corrective,115,1356,000060000310
WO-2061586,ASSET-00326,Preventive,0,,000060000311
WO-2061587,ASSET-00326,Preventive,0,,000060000311
WO-2061588,ASSET-00326,Corrective,53,1440,000060000311
WO-2061589,ASSET-00327,Preventive,0,,000060000312
WO-2061590,ASSET-00327,Preventive,0,,000060000312
WO-2061591,ASSET-00327,Preventive,0,,000060000312
WO-2061592,ASSET-00327,Preventive,0,,000060000312
WO-2061593,ASSET-00327,Corrective,136,1035,000060000312
WO-2061594,ASSET-00327,Corrective,203,293,000060000312
WO-2061595,ASSET-00327,Corrective,202,940,000060000312
WO-2061596,ASSET-00327,Preventive,0,,000060000312
WO-2061597,ASSET-00327,Preventive,0,,000060000312
WO-2061598,ASSET-00328,Preventive,0,,000060000313
WO-2061599,ASSET-00328,Corrective,131,1344,000060000313
WO-2061600,ASSET-00328,Preventive,0,,000060000313
WO-2061601,ASSET-00328,Corrective,116,1175,000060000313
WO-2061602,ASSET-00328,Corrective,37,819,000060000313
WO-2061603,ASSET-00328,Corrective,49,829,000060000313
WO-2061604,ASSET-00329,Corrective,180,1757,000060000314
WO-2061605,ASSET-00329,Preventive,0,,000060000314
WO-2061606,ASSET-00329,Preventive,0,,000060000314
WO-2061607,ASSET-00329,Corrective,187,1802,000060000314
WO-2061608,ASSET-00329,Preventive,0,,000060000314
WO-2061609,ASSET-00330,Emergency,469,1270,000060000315
WO-2061610,ASSET-00330,Emergency,348,1499,000060000315
WO-2061611,ASSET-00330,Preventive,0,,000060000315
WO-2061612,ASSET-00331,Preventive,0,,000060000316
WO-2061613,ASSET-00331,Corrective,118,818,000060000316
WO-2061614,ASSET-00331,Corrective,150,1874,000060000316
WO-2061615,ASSET-00331,Preventive,0,,000060000316
WO-2061616,ASSET-00332,Corrective,218,1269,000060000317
WO-2061617,ASSET-00332,Corrective,34,404,000060000317
WO-2061618,ASSET-00332,Preventive,0,,000060000317
WO-2061619,ASSET-00332,Corrective,168,767,000060000317
WO-2061620,ASSET-00332,Preventive,0,,000060000317
WO-2061621,ASSET-00332,Emergency,451,1717,000060000317
WO-2061622,ASSET-00332,Preventive,0,,000060000317
WO-2061623,ASSET-00333,Corrective,103,1492,000060000318
WO-2061624,ASSET-00333,Corrective,56,1412,000060000318
WO-2061625,ASSET-00333,Emergency,63,1491,000060000318
WO-2061626,ASSET-00333,Preventive,0,,000060000318
WO-2061627,ASSET-00333,Corrective,160,1171,000060000318
WO-2061628,ASSET-00334,Preventive,0,,000060000319
WO-2061629,ASSET-00334,Preventive,0,,000060000319
WO-2061630,ASSET-00334,Preventive,0,,000060000319
WO-2061631,ASSET-00334,Corrective,104,1761,000060000319
WO-2061632,ASSET-00335,Corrective,74,982,000060000320
WO-2061633,ASSET-00335,Corrective,60,796,000060000320
WO-2061634,ASSET-00335,Corrective,145,1680,000060000320
WO-2061635,ASSET-00336,Emergency,331,1733,000060000321
WO-2061636,ASSET-00336,Emergency,272,1768,000060000321
WO-2061637,ASSET-00336,Corrective,181,1824,000060000321
WO-2061638,ASSET-00336,Preventive,0,,000060000321
WO-2061639,ASSET-00336,Preventive,0,,000060000321
WO-2061640,ASSET-00336,Preventive,0,,000060000321
WO-2061641,ASSET-00337,Preventive,0,,000060000323
WO-2061642,ASSET-00337,Preventive,0,,000060000323
WO-2061643,ASSET-00337,Preventive,0,,000060000323
WO-2061644,ASSET-00337,Preventive,0,,000060000323
WO-2061645,ASSET-00337,Preventive,0,,000060000323
WO-2061646,ASSET-00338,Emergency,208,1780,000060000324
WO-2061647,ASSET-00338,Corrective,235,993,000060000324
WO-2061648,ASSET-00338,Preventive,0,,000060000324
WO-2061649,ASSET-00338,Corrective,165,1165,000060000324
WO-2061650,ASSET-00338,Preventive,0,,000060000324
WO-2061651,ASSET-00338,Preventive,0,,000060000324
WO-2061652,ASSET-00339,Preventive,0,,000060000325
WO-2061653,ASSET-00339,Corrective,111,1151,000060000325
WO-2061654,ASSET-00339,Preventive,0,,000060000325
WO-2061655,ASSET-00339,Corrective,94,762,000060000325
WO-2061656,ASSET-00340,Corrective,202,575,000060000326
WO-2061657,ASSET-00340,Preventive,0,,000060000326
WO-2061658,ASSET-00340,Corrective,164,702,000060000326
WO-2061659,ASSET-00340,Corrective,120,1746,000060000326
WO-2061660,ASSET-00341,Corrective,70,1954,000060000327
WO-2061661,ASSET-00341,Preventive,0,,000060000327
WO-2061662,ASSET-00341,Preventive,0,,000060000327
WO-2061663,ASSET-00341,Emergency,229,325,000060000327
WO-2061664,ASSET-00341,Corrective,220,1914,000060000327
WO-2061665,ASSET-00342,Corrective,76,1823,000060000328
WO-2061666,ASSET-00342,Preventive,0,,000060000328
WO-2061667,ASSET-00342,Corrective,62,1077,000060000328
WO-2061668,ASSET-00342,Emergency,337,1160,000060000328
WO-2061669,ASSET-00343,Corrective,42,995,000060000329
WO-2061670,ASSET-00344,Corrective,98,1717,000060000330
WO-2061671,ASSET-00344,Preventive,0,,000060000330
WO-2061672,ASSET-00344,Preventive,0,,000060000330
WO-2061673,ASSET-00344,Preventive,0,,000060000330
WO-2061674,ASSET-00344,Corrective,61,721,000060000330
WO-2061675,ASSET-00344,Corrective,141,1036,000060000330
WO-2061676,ASSET-00344,Preventive,0,,000060000330
WO-2061677,ASSET-00344,Corrective,175,1067,000060000330
WO-2061678,ASSET-00345,Preventive,0,,000060000331
WO-2061679,ASSET-00345,Corrective,216,1087,000060000331
WO-2061680,ASSET-00345,Preventive,0,,000060000331
WO-2061681,ASSET-00345,Preventive,0,,000060000331
WO-2061682,ASSET-00346,Preventive,0,,000060000332
WO-2061683,ASSET-00346,Preventive,0,,000060000332
WO-2061684,ASSET-00346,Preventive,0,,000060000332
WO-2061685,ASSET-00346,Preventive,0,,000060000332
WO-2061686,ASSET-00346,Corrective,173,441,000060000332
WO-2061687,ASSET-00346,Emergency,501,548,000060000332
WO-2061688,ASSET-00346,Preventive,0,,000060000332
WO-2061689,ASSET-00347,Preventive,0,,000060000333
WO-2061690,ASSET-00347,Corrective,113,254,000060000333
WO-2061691,ASSET-00347,Corrective,47,598,000060000333
WO-2061692,ASSET-00348,Preventive,0,,000060000334
WO-2061693,ASSET-00348,Corrective,65,1087,000060000334
WO-2061694,ASSET-00348,Preventive,0,,000060000334
WO-2061695,ASSET-00348,Corrective,70,455,000060000334
WO-2061696,ASSET-00348,Preventive,0,,000060000334
WO-2061697,ASSET-00349,Corrective,56,1609,000060000335
WO-2061698,ASSET-00349,Corrective,187,586,000060000335
WO-2061699,ASSET-00349,Preventive,0,,000060000335
WO-2061700,ASSET-00349,Preventive,0,,000060000335
WO-2061701,ASSET-00349,Corrective,45,1951,000060000335
WO-2061702,ASSET-00350,Preventive,0,,000060000336
WO-2061703,ASSET-00350,Preventive,0,,000060000336
WO-2061704,ASSET-00350,Preventive,0,,000060000336
WO-2061705,ASSET-00350,Preventive,0,,000060000336
WO-2061706,ASSET-00350,Emergency,386,390,000060000336
WO-2061707,ASSET-00350,Emergency,444,1066,000060000336
WO-2061708,ASSET-00350,Emergency,95,1593,000060000336
WO-2061709,ASSET-00351,Corrective,103,1725,000060000337
WO-2061710,ASSET-00351,Corrective,31,647,000060000337
WO-2061711,ASSET-00351,Corrective,87,1500,000060000337
WO-2061712,ASSET-00351,Corrective,167,664,000060000337
WO-2061713,ASSET-00351,Corrective,88,1469,000060000337
WO-2061714,ASSET-00351,Preventive,0,,000060000337
WO-2061715,ASSET-00351,Preventive,0,,000060000337
WO-2061716,ASSET-00351,Corrective,56,1717,000060000337
WO-2061717,ASSET-00351,Preventive,0,,000060000337
WO-2061718,ASSET-00352,Emergency,554,999,000060000338
WO-2061719,ASSET-00352,Emergency,400,844,000060000338
WO-2061720,ASSET-00352,Preventive,0,,000060000338
WO-2061721,ASSET-00352,Corrective,224,719,000060000338
WO-2061722,ASSET-00353,Corrective,127,514,000060000339
WO-2061723,ASSET-00353,Corrective,220,276,000060000339
WO-2061724,ASSET-00353,Corrective,204,1550,000060000339
WO-2061725,ASSET-00354,Emergency,61,801,000060000340
WO-2061726,ASSET-00354,Corrective,35,1032,000060000340
WO-2061727,ASSET-00355,Corrective,30,1144,000060000341
WO-2061728,ASSET-00355,Preventive,0,,000060000341
WO-2061729,ASSET-00355,Preventive,0,,000060000341
WO-2061730,ASSET-00356,Preventive,0,,000060000342
WO-2061731,ASSET-00356,Corrective,110,1217,000060000342
WO-2061732,ASSET-00356,Preventive,0,,000060000342
WO-2061733,ASSET-00356,Preventive,0,,000060000342
WO-2061734,ASSET-00357,Preventive,0,,000060000343
WO-2061735,ASSET-00357,Preventive,0,,000060000343
WO-2061736,ASSET-00358,Preventive,0,,000060000344
WO-2061737,ASSET-00358,Corrective,203,625,000060000344
WO-2061738,ASSET-00358,Preventive,0,,000060000344
WO-2061739,ASSET-00358,Preventive,0,,000060000344
WO-2061740,ASSET-00358,Corrective,116,954,000060000344
WO-2061741,ASSET-00358,Corrective,129,1667,000060000344
WO-2061742,ASSET-00359,Corrective,133,1898,000060000345
WO-2061743,ASSET-00359,Preventive,0,,000060000345
WO-2061744,ASSET-00359,Preventive,0,,000060000345
WO-2061745,ASSET-00359,Preventive,0,,000060000345
WO-2061746,ASSET-00359,Corrective,233,841,000060000345
WO-2061747,ASSET-00359,Preventive,0,,000060000345
WO-2061748,ASSET-00360,Emergency,486,1353,000060000346
WO-2061749,ASSET-00360,Preventive,0,,000060000346
WO-2061750,ASSET-00360,Preventive,0,,000060000346
WO-2061751,ASSET-00360,Emergency,423,1958,000060000346
WO-2061752,ASSET-00360,Preventive,0,,000060000346
WO-2061753,ASSET-00360,Preventive,0,,000060000346
WO-2061754,ASSET-00361,Preventive,0,,000060000347
WO-2061755,ASSET-00361,Preventive,0,,000060000347
WO-2061756,ASSET-00361,Preventive,0,,000060000347
WO-2061757,ASSET-00362,Corrective,226,1677,000060000348
WO-2061758,ASSET-00362,Preventive,0,,000060000348
WO-2061759,ASSET-00362,Preventive,0,,000060000348
WO-2061760,ASSET-00362,Preventive,0,,000060000348
WO-2061761,ASSET-00362,Corrective,171,407,000060000348
WO-2061762,ASSET-00362,Preventive,0,,000060000348
WO-2061763,ASSET-00363,Preventive,0,,000060000349
WO-2061764,ASSET-00363,Preventive,0,,000060000349
WO-2061765,ASSET-00363,Preventive,0,,000060000349
WO-2061766,ASSET-00364,Preventive,0,,000060000350
WO-2061767,ASSET-00364,Preventive,0,,000060000350
WO-2061768,ASSET-00364,Preventive,0,,000060000350
WO-2061769,ASSET-00364,Preventive,0,,000060000350
WO-2061770,ASSET-00365,Corrective,191,1254,000060000351
WO-2061771,ASSET-00365,Preventive,0,,000060000351
WO-2061772,ASSET-00365,Preventive,0,,000060000351
WO-2061773,ASSET-00365,Preventive,0,,000060000351
WO-2061774,ASSET-00365,Emergency,94,1965,000060000351
WO-2061775,ASSET-00365,Preventive,0,,000060000351
WO-2061776,ASSET-00365,Preventive,0,,000060000351
WO-2061777,ASSET-00366,Corrective,122,731,000060000352
WO-2061778,ASSET-00366,Preventive,0,,000060000352
WO-2061779,ASSET-00366,Preventive,0,,000060000352
WO-2061780,ASSET-00366,Corrective,208,776,000060000352
WO-2061781,ASSET-00366,Preventive,0,,000060000352
WO-2061782,ASSET-00366,Corrective,218,1584,000060000352
WO-2061783,ASSET-00366,Preventive,0,,000060000352
WO-2061784,ASSET-00367,Preventive,0,,000060000353
WO-2061785,ASSET-00367,Corrective,58,1511,000060000353
WO-2061786,ASSET-00367,Corrective,153,1810,000060000353
WO-2061787,ASSET-00367,Preventive,0,,000060000353
WO-2061788,ASSET-00368,Corrective,118,1372,000060000354
WO-2061789,ASSET-00368,Preventive,0,,000060000354
WO-2061790,ASSET-00368,Corrective,193,574,000060000354
WO-2061791,ASSET-00368,Emergency,463,879,000060000354
WO-2061792,ASSET-00369,Emergency,586,397,000060000355
WO-2061793,ASSET-00369,Corrective,80,964,000060000355
WO-2061794,ASSET-00369,Preventive,0,,000060000355
WO-2061795,ASSET-00369,Preventive,0,,000060000355
WO-2061796,ASSET-00369,Preventive,0,,000060000355
WO-2061797,ASSET-00370,Emergency,255,1035,000060000356
WO-2061798,ASSET-00370,Preventive,0,,000060000356
WO-2061799,ASSET-00370,Preventive,0,,000060000356
WO-2061800,ASSET-00370,Corrective,108,1690,000060000356
WO-2061801,ASSET-00370,Corrective,46,1396,000060000356
WO-2061802,ASSET-00371,Preventive,0,,000060000357
WO-2061803,ASSET-00371,Preventive,0,,000060000357
WO-2061804,ASSET-00371,Corrective,211,1743,000060000357
WO-2061805,ASSET-00372,Preventive,0,,000060000358
WO-2061806,ASSET-00372,Corrective,128,894,000060000358
WO-2061807,ASSET-00372,Preventive,0,,000060000358
WO-2061808,ASSET-00372,Preventive,0,,000060000358
WO-2061809,ASSET-00373,Corrective,70,1742,000060000359
WO-2061810,ASSET-00373,Preventive,0,,000060000359
WO-2061811,ASSET-00373,Corrective,121,733,000060000359
WO-2061812,ASSET-00373,Preventive,0,,000060000359
WO-2061813,ASSET-00373,Corrective,146,1086,000060000359
WO-2061814,ASSET-00373,Corrective,82,629,000060000359
WO-2061815,ASSET-00373,Corrective,107,1633,000060000359
WO-2061816,ASSET-00373,Corrective,205,604,000060000359
WO-2061817,ASSET-00374,Corrective,234,356,000060000360
WO-2061818,ASSET-00374,Corrective,220,1839,000060000360
WO-2061819,ASSET-00374,Corrective,42,752,000060000360
WO-2061820,ASSET-00374,Preventive,0,,000060000360
WO-2061821,ASSET-00374,Emergency,461,901,000060000360
WO-2061822,ASSET-00374,Preventive,0,,000060000360
WO-2061823,ASSET-00375,Corrective,56,899,000060000361
WO-2061824,ASSET-00375,Corrective,50,585,000060000361
WO-2061825,ASSET-00375,Preventive,0,,000060000361
WO-2061826,ASSET-00375,Corrective,119,1817,000060000361
WO-2061827,ASSET-00376,Preventive,0,,000060000362
WO-2061828,ASSET-00376,Preventive,0,,000060000362
WO-2061829,ASSET-00376,Preventive,0,,000060000362
WO-2061830,ASSET-00376,Preventive,0,,000060000362
WO-2061831,ASSET-00377,Preventive,0,,000060000363
WO-2061832,ASSET-00377,Corrective,105,593,000060000363
WO-2061833,ASSET-00377,Corrective,163,1271,000060000363
WO-2061834,ASSET-00377,Preventive,0,,000060000363
WO-2061835,ASSET-00377,Corrective,130,507,000060000363
WO-2061836,ASSET-00378,Corrective,69,609,000060000364
WO-2061837,ASSET-00378,Preventive,0,,000060000364
WO-2061838,ASSET-00378,Preventive,0,,000060000364
WO-2061839,ASSET-00379,Preventive,0,,000060000365
WO-2061840,ASSET-00379,Emergency,281,433,000060000365
WO-2061841,ASSET-00379,Corrective,237,1367,000060000365
WO-2061842,ASSET-00379,Corrective,114,268,000060000365
WO-2061843,ASSET-00380,Preventive,0,,000060000366
WO-2061844,ASSET-00380,Corrective,190,1482,000060000366
WO-2061845,ASSET-00380,Preventive,0,,000060000366
WO-2061846,ASSET-00380,Corrective,53,1989,000060000366
WO-2061847,ASSET-00380,Preventive,0,,000060000366
WO-2061848,ASSET-00380,Preventive,0,,000060000366
WO-2061849,ASSET-00381,Preventive,0,,000060000367
WO-2061850,ASSET-00381,Emergency,440,360,000060000367
WO-2061851,ASSET-00381,Preventive,0,,000060000367
WO-2061852,ASSET-00381,Preventive,0,,000060000367
WO-2061853,ASSET-00382,Corrective,104,1099,000060000368
WO-2061854,ASSET-00382,Preventive,0,,000060000368
WO-2061855,ASSET-00383,Preventive,0,,000060000369
WO-2061856,ASSET-00383,Corrective,170,1937,000060000369
WO-2061857,ASSET-00383,Preventive,0,,000060000369
WO-2061858,ASSET-00383,Preventive,0,,000060000369
WO-2061859,ASSET-00383,Preventive,0,,000060000369
WO-2061860,ASSET-00383,Corrective,160,1808,000060000369
WO-2061861,ASSET-00383,Corrective,149,479,000060000369
WO-2061862,ASSET-00383,Corrective,164,1699,000060000369
WO-2061863,ASSET-00383,Preventive,0,,000060000369
WO-2061864,ASSET-00383,Emergency,394,1169,000060000369
WO-2061865,ASSET-00384,Preventive,0,,000060000370
WO-2061866,ASSET-00384,Emergency,552,513,000060000370
WO-2061867,ASSET-00384,Corrective,138,1805,000060000370
WO-2061868,ASSET-00384,Preventive,0,,000060000370
WO-2061869,ASSET-00384,Preventive,0,,000060000370
WO-2061870,ASSET-00384,Corrective,41,1110,000060000370
WO-2061871,ASSET-00384,Corrective,46,832,000060000370
WO-2061872,ASSET-00384,Corrective,92,200,000060000370
WO-2061873,ASSET-00384,Corrective,203,1915,000060000370
WO-2061874,ASSET-00385,Corrective,53,1187,000060000371
WO-2061875,ASSET-00385,Preventive,0,,000060000371
WO-2061876,ASSET-00385,Preventive,0,,000060000371
WO-2061877,ASSET-00385,Preventive,0,,000060000371
WO-2061878,ASSET-00385,Corrective,104,1398,000060000371
WO-2061879,ASSET-00386,Corrective,213,577,000060000372
WO-2061880,ASSET-00386,Preventive,0,,000060000372
WO-2061881,ASSET-00386,Emergency,576,581,000060000372
WO-2061882,ASSET-00386,Preventive,0,,000060000372
WO-2061883,ASSET-00386,Corrective,158,1992,000060000372
WO-2061884,ASSET-00386,Corrective,65,1632,000060000372
WO-2061885,ASSET-00386,Preventive,0,,000060000372
WO-2061886,ASSET-00386,Corrective,106,1614,000060000372
WO-2061887,ASSET-00387,Corrective,236,1109,000060000373
WO-2061888,ASSET-00387,Corrective,134,1420,000060000373
WO-2061889,ASSET-00387,Corrective,115,727,000060000373
WO-2061890,ASSET-00388,Corrective,39,1441,000060000374
WO-2061891,ASSET-00388,Corrective,76,486,000060000374
WO-2061892,ASSET-00388,Corrective,137,1119,000060000374
WO-2061893,ASSET-00389,Corrective,34,694,000060000375
WO-2061894,ASSET-00389,Preventive,0,,000060000375
WO-2061895,ASSET-00390,Corrective,78,1747,000060000376
WO-2061896,ASSET-00390,Corrective,70,1734,000060000376
WO-2061897,ASSET-00390,Preventive,0,,000060000376
WO-2061898,ASSET-00390,Preventive,0,,000060000376
WO-2061899,ASSET-00390,Preventive,0,,000060000376
WO-2061900,ASSET-00390,Corrective,97,487,000060000376
WO-2061901,ASSET-00391,Emergency,298,266,000060000377
WO-2061902,ASSET-00391,Emergency,325,593,000060000377
WO-2061903,ASSET-00391,Preventive,0,,000060000377
WO-2061904,ASSET-00391,Preventive,0,,000060000377
WO-2061905,ASSET-00391,Corrective,140,557,000060000377
WO-2061906,ASSET-00391,Preventive,0,,000060000377
WO-2061907,ASSET-00392,Preventive,0,,000060000378
WO-2061908,ASSET-00392,Corrective,56,1330,000060000378
WO-2061909,ASSET-00392,Preventive,0,,000060000378
WO-2061910,ASSET-00392,Preventive,0,,000060000378
WO-2061911,ASSET-00392,Preventive,0,,000060000378
WO-2061912,ASSET-00392,Preventive,0,,000060000378
WO-2061913,ASSET-00392,Preventive,0,,000060000378
WO-2061914,ASSET-00393,Preventive,0,,000060000379
WO-2061915,ASSET-00393,Emergency,515,268,000060000379
WO-2061916,ASSET-00393,Preventive,0,,000060000379
WO-2061917,ASSET-00393,Preventive,0,,000060000379
WO-2061918,ASSET-00394,Preventive,0,,000060000380
WO-2061919,ASSET-00394,Corrective,121,927,000060000380
WO-2061920,ASSET-00394,Preventive,0,,000060000380
WO-2061921,ASSET-00394,Preventive,0,,000060000380
WO-2061922,ASSET-00394,Emergency,193,1162,000060000380
WO-2061923,ASSET-00394,Emergency,457,378,000060000380
WO-2061924,ASSET-00395,Corrective,128,718,000060000381
WO-2061925,ASSET-00395,Preventive,0,,000060000381
WO-2061926,ASSET-00395,Preventive,0,,000060000381
WO-2061927,ASSET-00395,Preventive,0,,000060000381
WO-2061928,ASSET-00395,Preventive,0,,000060000381
WO-2061929,ASSET-00395,Preventive,0,,000060000381
WO-2061930,ASSET-00395,Preventive,0,,000060000381
WO-2061931,ASSET-00395,Preventive,0,,000060000381
WO-2061932,ASSET-00395,Preventive,0,,000060000381
WO-2061933,ASSET-00395,Preventive,0,,000060000381
WO-2061934,ASSET-00396,Emergency,576,268,000060000382
WO-2061935,ASSET-00396,Preventive,0,,000060000382
WO-2061936,ASSET-00396,Corrective,102,1941,000060000382
WO-2061937,ASSET-00396,Corrective,46,1382,000060000382
WO-2061938,ASSET-00396,Preventive,0,,000060000382
WO-2061939,ASSET-00397,Preventive,0,,000060000383
WO-2061940,ASSET-00397,Preventive,0,,000060000383
WO-2061941,ASSET-00397,Corrective,200,1955,000060000383
WO-2061942,ASSET-00397,Corrective,144,584,000060000383
WO-2061943,ASSET-00397,Preventive,0,,000060000383
WO-2061944,ASSET-00397,Emergency,485,802,000060000383
WO-2061945,ASSET-00398,Corrective,110,649,000060000384
WO-2061946,ASSET-00398,Preventive,0,,000060000384
WO-2061947,ASSET-00398,Corrective,92,299,000060000384
WO-2061948,ASSET-00398,Preventive,0,,000060000384
WO-2061949,ASSET-00398,Corrective,97,408,000060000384
WO-2061950,ASSET-00399,Preventive,0,,000060000385
WO-2061951,ASSET-00399,Corrective,207,914,000060000385
WO-2061952,ASSET-00399,Corrective,129,1598,000060000385
WO-2061953,ASSET-00399,Corrective,82,1657,000060000385
WO-2061954,ASSET-00399,Corrective,195,1063,000060000385
WO-2061955,ASSET-00399,Preventive,0,,000060000385
WO-2061956,ASSET-00400,Emergency,401,665,000060000386
WO-2061957,ASSET-00400,Preventive,0,,000060000386
WO-2061958,ASSET-00400,Corrective,188,1298,000060000386
WO-2061959,ASSET-00400,Corrective,39,724,000060000386
WO-2061960,ASSET-00400,Corrective,65,855,000060000386
WO-2061961,ASSET-00400,Preventive,0,,000060000386
WO-2061962,ASSET-00401,Corrective,33,1744,000060000387
WO-2061963,ASSET-00401,Corrective,211,368,000060000387
WO-2061964,ASSET-00401,Preventive,0,,000060000387
WO-2061965,ASSET-00402,Corrective,105,1995,000060000388
WO-2061966,ASSET-00402,Preventive,0,,000060000388
WO-2061967,ASSET-00402,Preventive,0,,000060000388
WO-2061968,ASSET-00403,Preventive,0,,000060000389
WO-2061969,ASSET-00403,Corrective,238,1281,000060000389
WO-2061970,ASSET-00403,Corrective,145,1169,000060000389
WO-2061971,ASSET-00403,Emergency,201,1302,000060000389
WO-2061972,ASSET-00403,Corrective,149,386,000060000389
WO-2061973,ASSET-00403,Preventive,0,,000060000389
WO-2061974,ASSET-00404,Corrective,85,1008,000060000390
WO-2061975,ASSET-00404,Preventive,0,,000060000390
WO-2061976,ASSET-00405,Corrective,116,1587,000060000391
WO-2061977,ASSET-00405,Corrective,70,1164,000060000391
WO-2061978,ASSET-00405,Preventive,0,,000060000391
WO-2061979,ASSET-00406,Corrective,50,1223,000060000392
WO-2061980,ASSET-00406,Corrective,66,1511,000060000392
WO-2061981,ASSET-00406,Emergency,73,1674,000060000392
WO-2061982,ASSET-00406,Preventive,0,,000060000392
WO-2061983,ASSET-00406,Preventive,0,,000060000392
WO-2061984,ASSET-00406,Preventive,0,,000060000392
WO-2061985,ASSET-00406,Corrective,171,862,000060000392
WO-2061986,ASSET-00407,Preventive,0,,000060000394
WO-2061987,ASSET-00407,Corrective,172,214,000060000394
WO-2061988,ASSET-00407,Preventive,0,,000060000394
WO-2061989,ASSET-00407,Preventive,0,,000060000394
WO-2061990,ASSET-00407,Corrective,155,993,000060000394
WO-2061991,ASSET-00407,Corrective,39,548,000060000394
WO-2061992,ASSET-00407,Preventive,0,,000060000394
WO-2061993,ASSET-00408,Preventive,0,,000060000395
WO-2061994,ASSET-00408,Corrective,107,1744,000060000395
WO-2061995,ASSET-00408,Preventive,0,,000060000395
WO-2061996,ASSET-00408,Preventive,0,,000060000395
WO-2061997,ASSET-00409,Corrective,65,1101,000060000396
WO-2061998,ASSET-00409,Preventive,0,,000060000396
WO-2061999,ASSET-00409,Preventive,0,,000060000396
WO-2062000,ASSET-00409,Corrective,77,1421,000060000396
WO-2062001,ASSET-00409,Emergency,475,1616,000060000396
WO-2062002,ASSET-00410,Preventive,0,,000060000397
WO-2062003,ASSET-00410,Preventive,0,,000060000397
WO-2062004,ASSET-00410,Corrective,209,561,000060000397
WO-2062005,ASSET-00410,Preventive,0,,000060000397
WO-2062006,ASSET-00410,Preventive,0,,000060000397
WO-2062007,ASSET-00410,Preventive,0,,000060000397
WO-2062008,ASSET-00410,Preventive,0,,000060000397
WO-2062009,ASSET-00411,Corrective,84,365,000060000398
WO-2062010,ASSET-00411,Corrective,229,416,000060000398
WO-2062011,ASSET-00411,Corrective,51,470,000060000398
WO-2062012,ASSET-00411,Preventive,0,,000060000398
WO-2062013,ASSET-00412,Preventive,0,,000060000399
WO-2062014,ASSET-00412,Preventive,0,,000060000399
WO-2062015,ASSET-00412,Emergency,123,983,000060000399
WO-2062016,ASSET-00412,Preventive,0,,000060000399
WO-2062017,ASSET-00412,Preventive,0,,000060000399
WO-2062018,ASSET-00412,Preventive,0,,000060000399
WO-2062019,ASSET-00412,Preventive,0,,000060000399
WO-2062020,ASSET-00412,Preventive,0,,000060000399
WO-2062021,ASSET-00412,Corrective,35,271,000060000399
WO-2062022,ASSET-00413,Preventive,0,,000060000400
WO-2062023,ASSET-00413,Corrective,139,1429,000060000400
WO-2062024,ASSET-00413,Preventive,0,,000060000400
WO-2062025,ASSET-00413,Preventive,0,,000060000400
WO-2062026,ASSET-00414,Preventive,0,,000060000401
WO-2062027,ASSET-00414,Preventive,0,,000060000401
WO-2062028,ASSET-00414,Emergency,340,1896,000060000401
WO-2062029,ASSET-00414,Emergency,77,537,000060000401
WO-2062030,ASSET-00414,Emergency,116,1000,000060000401
WO-2062031,ASSET-00414,Preventive,0,,000060000401
WO-2062032,ASSET-00415,Preventive,0,,000060000402
WO-2062033,ASSET-00415,Preventive,0,,000060000402
WO-2062034,ASSET-00415,Preventive,0,,000060000402
WO-2062035,ASSET-00415,Preventive,0,,000060000402
WO-2062036,ASSET-00415,Preventive,0,,000060000402
WO-2062037,ASSET-00415,Corrective,227,1588,000060000402
WO-2062038,ASSET-00416,Emergency,413,1646,000060000403
WO-2062039,ASSET-00416,Preventive,0,,000060000403
WO-2062040,ASSET-00416,Preventive,0,,000060000403
WO-2062041,ASSET-00417,Preventive,0,,000060000404
WO-2062042,ASSET-00417,Corrective,217,474,000060000404
WO-2062043,ASSET-00418,Preventive,0,,000060000405
WO-2062044,ASSET-00418,Emergency,303,510,000060000405
WO-2062045,ASSET-00418,Preventive,0,,000060000405
WO-2062046,ASSET-00419,Preventive,0,,000060000406
WO-2062047,ASSET-00419,Preventive,0,,000060000406
WO-2062048,ASSET-00419,Corrective,51,1602,000060000406
WO-2062049,ASSET-00420,Preventive,0,,000060000407
WO-2062050,ASSET-00420,Preventive,0,,000060000407
WO-2062051,ASSET-00420,Preventive,0,,000060000407
WO-2062052,ASSET-00420,Preventive,0,,000060000407
WO-2062053,ASSET-00420,Preventive,0,,000060000407
WO-2062054,ASSET-00420,Corrective,55,544,000060000407
WO-2062055,ASSET-00420,Preventive,0,,000060000407
WO-2062056,ASSET-00420,Preventive,0,,000060000407
WO-2062057,ASSET-00421,Preventive,0,,000060000408
WO-2062058,ASSET-00421,Preventive,0,,000060000408
WO-2062059,ASSET-00421,Corrective,98,298,000060000408
WO-2062060,ASSET-00421,Corrective,211,1437,000060000408
WO-2062061,ASSET-00422,Corrective,51,1640,000060000409
WO-2062062,ASSET-00422,Corrective,87,389,000060000409
WO-2062063,ASSET-00422,Corrective,166,1334,000060000409
WO-2062064,ASSET-00423,Preventive,0,,000060000410
WO-2062065,ASSET-00423,Preventive,0,,000060000410
WO-2062066,ASSET-00423,Corrective,96,805,000060000410
WO-2062067,ASSET-00423,Corrective,68,340,000060000410
WO-2062068,ASSET-00423,Preventive,0,,000060000410
WO-2062069,ASSET-00424,Corrective,155,1545,000060000411
WO-2062070,ASSET-00424,Corrective,197,1197,000060000411
WO-2062071,ASSET-00424,Preventive,0,,000060000411
WO-2062072,ASSET-00424,Corrective,193,859,000060000411
WO-2062073,ASSET-00424,Emergency,469,555,000060000411
WO-2062074,ASSET-00424,Corrective,30,1032,000060000411
WO-2062075,ASSET-00424,Preventive,0,,000060000411
WO-2062076,ASSET-00424,Preventive,0,,000060000411
WO-2062077,ASSET-00425,Preventive,0,,000060000412
WO-2062078,ASSET-00425,Preventive,0,,000060000412
WO-2062079,ASSET-00425,Emergency,412,1515,000060000412
WO-2062080,ASSET-00425,Corrective,116,1944,000060000412
WO-2062081,ASSET-00425,Corrective,137,1079,000060000412
WO-2062082,ASSET-00426,Preventive,0,,000060000413
WO-2062083,ASSET-00426,Corrective,121,1996,000060000413
WO-2062084,ASSET-00426,Preventive,0,,000060000413
WO-2062085,ASSET-00426,Preventive,0,,000060000413
WO-2062086,ASSET-00427,Preventive,0,,000060000414
WO-2062087,ASSET-00427,Corrective,215,1900,000060000414
WO-2062088,ASSET-00427,Preventive,0,,000060000414
WO-2062089,ASSET-00427,Corrective,204,867,000060000414
WO-2062090,ASSET-00427,Corrective,89,1341,000060000414
WO-2062091,ASSET-00427,Preventive,0,,000060000414
WO-2062092,ASSET-00427,Preventive,0,,000060000414
WO-2062093,ASSET-00427,Emergency,239,1435,000060000414
WO-2062094,ASSET-00427,Corrective,34,389,000060000414
WO-2062095,ASSET-00428,Emergency,263,1669,000060000415
WO-2062096,ASSET-00429,Corrective,192,1854,000060000416
WO-2062097,ASSET-00429,Preventive,0,,000060000416
WO-2062098,ASSET-00429,Preventive,0,,000060000416
WO-2062099,ASSET-00430,Preventive,0,,000060000417
WO-2062100,ASSET-00430,Preventive,0,,000060000417
WO-2062101,ASSET-00430,Corrective,57,784,000060000417
WO-2062102,ASSET-00430,Corrective,169,1547,000060000417
WO-2062103,ASSET-00430,Corrective,68,725,000060000417
WO-2062104,ASSET-00430,Corrective,219,1561,000060000417
WO-2062105,ASSET-00431,Preventive,0,,000060000418
WO-2062106,ASSET-00431,Preventive,0,,000060000418
WO-2062107,ASSET-00432,Preventive,0,,000060000419
WO-2062108,ASSET-00432,Preventive,0,,000060000419
WO-2062109,ASSET-00433,Corrective,179,500,000060000420
WO-2062110,ASSET-00433,Corrective,39,935,000060000420
WO-2062111,ASSET-00433,Emergency,387,825,000060000420
WO-2062112,ASSET-00433,Corrective,119,761,000060000420
WO-2062113,ASSET-00433,Preventive,0,,000060000420
WO-2062114,ASSET-00433,Preventive,0,,000060000420
WO-2062115,ASSET-00433,Preventive,0,,000060000420
WO-2062116,ASSET-00434,Corrective,35,450,000060000421
WO-2062117,ASSET-00434,Corrective,191,808,000060000421
WO-2062118,ASSET-00434,Preventive,0,,000060000421
WO-2062119,ASSET-00434,Emergency,307,1132,000060000421
WO-2062120,ASSET-00435,Preventive,0,,000060000422
WO-2062121,ASSET-00435,Preventive,0,,000060000422
WO-2062122,ASSET-00435,Corrective,205,1893,000060000422
WO-2062123,ASSET-00436,Preventive,0,,000060000423
WO-2062124,ASSET-00436,Preventive,0,,000060000423
WO-2062125,ASSET-00436,Corrective,55,611,000060000423
WO-2062126,ASSET-00436,Corrective,81,984,000060000423
WO-2062127,ASSET-00436,Emergency,234,1396,000060000423
WO-2062128,ASSET-00437,Preventive,0,,000060000424
WO-2062129,ASSET-00437,Preventive,0,,000060000424
WO-2062130,ASSET-00437,Corrective,173,1005,000060000424
WO-2062131,ASSET-00437,Preventive,0,,000060000424
WO-2062132,ASSET-00437,Preventive,0,,000060000424
WO-2062133,ASSET-00438,Emergency,240,313,000060000425
WO-2062134,ASSET-00438,Preventive,0,,000060000425
WO-2062135,ASSET-00438,Corrective,127,1525,000060000425
WO-2062136,ASSET-00439,Emergency,389,1862,000060000426
WO-2062137,ASSET-00439,Preventive,0,,000060000426
WO-2062138,ASSET-00439,Corrective,167,323,000060000426
WO-2062139,ASSET-00440,Corrective,160,1902,000060000427
WO-2062140,ASSET-00440,Preventive,0,,000060000427
WO-2062141,ASSET-00441,Corrective,59,1869,000060000428
WO-2062142,ASSET-00442,Preventive,0,,000060000429
WO-2062143,ASSET-00442,Preventive,0,,000060000429
WO-2062144,ASSET-00442,Preventive,0,,000060000429
WO-2062145,ASSET-00442,Preventive,0,,000060000429
WO-2062146,ASSET-00442,Preventive,0,,000060000429
WO-2062147,ASSET-00443,Preventive,0,,000060000430
WO-2062148,ASSET-00443,Corrective,189,1434,000060000430
WO-2062149,ASSET-00443,Corrective,110,1919,000060000430
WO-2062150,ASSET-00443,Corrective,49,1765,000060000430
WO-2062151,ASSET-00444,Preventive,0,,000060000431
WO-2062152,ASSET-00444,Preventive,0,,000060000431
WO-2062153,ASSET-00444,Preventive,0,,000060000431
WO-2062154,ASSET-00444,Corrective,164,1918,000060000431
WO-2062155,ASSET-00444,Corrective,186,1036,000060000431
WO-2062156,ASSET-00444,Preventive,0,,000060000431
WO-2062157,ASSET-00445,Preventive,0,,000060000432
WO-2062158,ASSET-00445,Corrective,187,932,000060000432
WO-2062159,ASSET-00445,Preventive,0,,000060000432
WO-2062160,ASSET-00446,Preventive,0,,000060000433
WO-2062161,ASSET-00446,Preventive,0,,000060000433
WO-2062162,ASSET-00446,Emergency,261,657,000060000433
WO-2062163,ASSET-00446,Corrective,43,781,000060000433
WO-2062164,ASSET-00446,Preventive,0,,000060000433
WO-2062165,ASSET-00447,Preventive,0,,000060000434
WO-2062166,ASSET-00447,Preventive,0,,000060000434
WO-2062167,ASSET-00447,Corrective,74,959,000060000434
WO-2062168,ASSET-00447,Corrective,42,1826,000060000434
WO-2062169,ASSET-00447,Preventive,0,,000060000434
WO-2062170,ASSET-00447,Preventive,0,,000060000434
WO-2062171,ASSET-00448,Corrective,226,333,000060000435
WO-2062172,ASSET-00448,Preventive,0,,000060000435
WO-2062173,ASSET-00448,Preventive,0,,000060000435
WO-2062174,ASSET-00448,Emergency,582,1319,000060000435
WO-2062175,ASSET-00448,Corrective,194,955,000060000435
WO-2062176,ASSET-00448,Preventive,0,,000060000435
WO-2062177,ASSET-00448,Preventive,0,,000060000435
WO-2062178,ASSET-00449,Corrective,144,1516,000060000436
WO-2062179,ASSET-00449,Preventive,0,,000060000436
WO-2062180,ASSET-00449,Corrective,31,807,000060000436
WO-2062181,ASSET-00449,Corrective,49,1103,000060000436
WO-2062182,ASSET-00450,Preventive,0,,000060000437
WO-2062183,ASSET-00450,Corrective,39,330,000060000437
WO-2062184,ASSET-00450,Preventive,0,,000060000437
WO-2062185,ASSET-00450,Corrective,74,1605,000060000437
WO-2062186,ASSET-00450,Preventive,0,,000060000437
WO-2062187,ASSET-00450,Preventive,0,,000060000437
WO-2062188,ASSET-00451,Preventive,0,,000060000438
WO-2062189,ASSET-00451,Preventive,0,,000060000438
WO-2062190,ASSET-00451,Emergency,339,291,000060000438
WO-2062191,ASSET-00451,Preventive,0,,000060000438
WO-2062192,ASSET-00451,Corrective,134,1682,000060000438
WO-2062193,ASSET-00451,Preventive,0,,000060000438
WO-2062194,ASSET-00451,Emergency,131,876,000060000438
WO-2062195,ASSET-00452,Corrective,197,854,000060000439
WO-2062196,ASSET-00452,Corrective,185,1753,000060000439
WO-2062197,ASSET-00452,Emergency,248,1189,000060000439
WO-2062198,ASSET-00452,Corrective,197,592,000060000439
WO-2062199,ASSET-00453,Preventive,0,,000060000440
WO-2062200,ASSET-00453,Preventive,0,,000060000440
WO-2062201,ASSET-00453,Corrective,139,902,000060000440
WO-2062202,ASSET-00453,Preventive,0,,000060000440
WO-2062203,ASSET-00453,Corrective,143,799,000060000440
WO-2062204,ASSET-00453,Corrective,86,587,000060000440
WO-2062205,ASSET-00453,Corrective,103,916,000060000440
WO-2062206,ASSET-00453,Corrective,198,412,000060000440
WO-2062207,ASSET-00454,Preventive,0,,000060000441
WO-2062208,ASSET-00454,Corrective,172,686,000060000441
WO-2062209,ASSET-00455,Corrective,229,467,000060000442
WO-2062210,ASSET-00455,Corrective,102,879,000060000442
WO-2062211,ASSET-00455,Corrective,41,228,000060000442
WO-2062212,ASSET-00456,Preventive,0,,000060000443
WO-2062213,ASSET-00456,Preventive,0,,000060000443
WO-2062214,ASSET-00456,Corrective,127,797,000060000443
WO-2062215,ASSET-00456,Preventive,0,,000060000443
WO-2062216,ASSET-00457,Preventive,0,,000060000444
WO-2062217,ASSET-00457,Preventive,0,,000060000444
WO-2062218,ASSET-00457,Corrective,221,1712,000060000444
WO-2062219,ASSET-00457,Corrective,83,1058,000060000444
WO-2062220,ASSET-00457,Preventive,0,,000060000444
WO-2062221,ASSET-00458,Corrective,201,590,000060000445
WO-2062222,ASSET-00458,Preventive,0,,000060000445
WO-2062223,ASSET-00458,Preventive,0,,000060000445
WO-2062224,ASSET-00458,Preventive,0,,000060000445
WO-2062225,ASSET-00459,Corrective,216,205,000060000446
WO-2062226,ASSET-00459,Preventive,0,,000060000446
WO-2062227,ASSET-00459,Corrective,90,1446,000060000446
WO-2062228,ASSET-00459,Preventive,0,,000060000446
WO-2062229,ASSET-00459,Preventive,0,,000060000446
WO-2062230,ASSET-00459,Corrective,100,842,000060000446
WO-2062231,ASSET-00459,Preventive,0,,000060000446
WO-2062232,ASSET-00460,Preventive,0,,000060000447
WO-2062233,ASSET-00460,Preventive,0,,000060000447
WO-2062234,ASSET-00460,Preventive,0,,000060000447
WO-2062235,ASSET-00460,Corrective,228,1828,000060000447
WO-2062236,ASSET-00461,Preventive,0,,000060000448
WO-2062237,ASSET-00462,Emergency,337,1421,000060000449
WO-2062238,ASSET-00462,Corrective,159,279,000060000449
WO-2062239,ASSET-00462,Emergency,387,549,000060000449
WO-2062240,ASSET-00462,Corrective,148,1496,000060000449
WO-2062241,ASSET-00462,Preventive,0,,000060000449
WO-2062242,ASSET-00463,Corrective,34,1130,000060000450
WO-2062243,ASSET-00463,Corrective,86,1981,000060000450
WO-2062244,ASSET-00463,Preventive,0,,000060000450
WO-2062245,ASSET-00463,Preventive,0,,000060000450
WO-2062246,ASSET-00463,Preventive,0,,000060000450
WO-2062247,ASSET-00463,Preventive,0,,000060000450
WO-2062248,ASSET-00464,Preventive,0,,000060000451
WO-2062249,ASSET-00464,Preventive,0,,000060000451
WO-2062250,ASSET-00464,Preventive,0,,000060000451
WO-2062251,ASSET-00464,Preventive,0,,000060000451
WO-2062252,ASSET-00464,Corrective,149,1754,000060000451
WO-2062253,ASSET-00464,Emergency,177,1651,000060000451
WO-2062254,ASSET-00464,Emergency,158,479,000060000451
WO-2062255,ASSET-00464,Preventive,0,,000060000451
WO-2062256,ASSET-00465,Corrective,115,1902,000060000452
WO-2062257,ASSET-00465,Corrective,135,1188,000060000452
WO-2062258,ASSET-00465,Corrective,229,1323,000060000452
WO-2062259,ASSET-00465,Emergency,146,372,000060000452
WO-2062260,ASSET-00465,Preventive,0,,000060000452
WO-2062261,ASSET-00465,Preventive,0,,000060000452
WO-2062262,ASSET-00465,Preventive,0,,000060000452
WO-2062263,ASSET-00465,Emergency,73,1715,000060000452
WO-2062264,ASSET-00465,Preventive,0,,000060000452
WO-2062265,ASSET-00466,Preventive,0,,000060000453
WO-2062266,ASSET-00466,Corrective,129,231,000060000453
WO-2062267,ASSET-00466,Preventive,0,,000060000453
WO-2062268,ASSET-00466,Corrective,95,1785,000060000453
WO-2062269,ASSET-00467,Emergency,361,1020,000060000454
WO-2062270,ASSET-00467,Preventive,0,,000060000454
WO-2062271,ASSET-00467,Emergency,389,1401,000060000454
WO-2062272,ASSET-00467,Corrective,95,1997,000060000454
WO-2062273,ASSET-00467,Preventive,0,,000060000454
WO-2062274,ASSET-00468,Corrective,127,1095,000060000455
WO-2062275,ASSET-00468,Corrective,166,488,000060000455
WO-2062276,ASSET-00468,Emergency,306,819,000060000455
WO-2062277,ASSET-00468,Preventive,0,,000060000455
WO-2062278,ASSET-00468,Emergency,84,782,000060000455
WO-2062279,ASSET-00469,Preventive,0,,000060000456
WO-2062280,ASSET-00469,Emergency,379,496,000060000456
WO-2062281,ASSET-00470,Corrective,224,1020,000060000457
WO-2062282,ASSET-00470,Preventive,0,,000060000457
WO-2062283,ASSET-00470,Preventive,0,,000060000457
WO-2062284,ASSET-00470,Preventive,0,,000060000457
WO-2062285,ASSET-00470,Corrective,152,1211,000060000457
WO-2062286,ASSET-00470,Corrective,59,1528,000060000457
WO-2062287,ASSET-00470,Preventive,0,,000060000457
WO-2062288,ASSET-00471,Corrective,59,1498,000060000458
WO-2062289,ASSET-00471,Corrective,55,1867,000060000458
WO-2062290,ASSET-00472,Corrective,85,1318,000060000459
WO-2062291,ASSET-00472,Preventive,0,,000060000459
WO-2062292,ASSET-00472,Emergency,501,696,000060000459
WO-2062293,ASSET-00473,Emergency,308,624,000060000460
WO-2062294,ASSET-00473,Preventive,0,,000060000460
WO-2062295,ASSET-00473,Preventive,0,,000060000460
WO-2062296,ASSET-00474,Corrective,67,845,000060000461
WO-2062297,ASSET-00474,Preventive,0,,000060000461
WO-2062298,ASSET-00474,Corrective,209,690,000060000461
WO-2062299,ASSET-00474,Corrective,102,1662,000060000461
WO-2062300,ASSET-00474,Preventive,0,,000060000461
WO-2062301,ASSET-00474,Corrective,214,1696,000060000461
WO-2062302,ASSET-00475,Preventive,0,,000060000462
WO-2062303,ASSET-00475,Preventive,0,,000060000462
WO-2062304,ASSET-00475,Preventive,0,,000060000462
WO-2062305,ASSET-00475,Corrective,173,590,000060000462
WO-2062306,ASSET-00475,Emergency,141,1434,000060000462
WO-2062307,ASSET-00475,Preventive,0,,000060000462
WO-2062308,ASSET-00476,Corrective,147,1608,000060000463
WO-2062309,ASSET-00476,Preventive,0,,000060000463
WO-2062310,ASSET-00476,Corrective,40,1121,000060000463
WO-2062311,ASSET-00476,Preventive,0,,000060000463
WO-2062312,ASSET-00476,Corrective,210,1239,000060000463
WO-2062313,ASSET-00477,Emergency,475,586,000060000464
WO-2062314,ASSET-00477,Corrective,232,347,000060000464
WO-2062315,ASSET-00477,Corrective,140,1844,000060000464
WO-2062316,ASSET-00477,Preventive,0,,000060000464
WO-2062317,ASSET-00478,Preventive,0,,000060000465
WO-2062318,ASSET-00478,Corrective,57,1753,000060000465
WO-2062319,ASSET-00478,Corrective,99,1503,000060000465
WO-2062320,ASSET-00478,Preventive,0,,000060000465
WO-2062321,ASSET-00478,Preventive,0,,000060000465
WO-2062322,ASSET-00478,Corrective,222,1042,000060000465
WO-2062323,ASSET-00479,Preventive,0,,000060000466
WO-2062324,ASSET-00479,Preventive,0,,000060000466
WO-2062325,ASSET-00479,Preventive,0,,000060000466
WO-2062326,ASSET-00479,Corrective,97,606,000060000466
WO-2062327,ASSET-00479,Emergency,273,322,000060000466
WO-2062328,ASSET-00480,Corrective,70,1121,000060000467
WO-2062329,ASSET-00480,Preventive,0,,000060000467
WO-2062330,ASSET-00480,Preventive,0,,000060000467
WO-2062331,ASSET-00480,Corrective,47,276,000060000467
WO-2062332,ASSET-00480,Preventive,0,,000060000467
