OrderRef,EquipID,Type,DowntimeMinutes,MTBFHours,LinkedAssetRef
WO-2130001,ASSET-00001,Emergency,515,1007,000130000001
WO-2130002,ASSET-00001,Preventive,0,,000130000001
WO-2130003,ASSET-00001,Corrective,224,915,000130000001
WO-2130004,ASSET-00001,Preventive,0,,000130000001
WO-2130005,ASSET-00002,Preventive,0,,000130000002
WO-2130006,ASSET-00002,Preventive,0,,000130000002
WO-2130007,ASSET-00002,Preventive,0,,000130000002
WO-2130008,ASSET-00002,Corrective,77,1850,000130000002
WO-2130009,ASSET-00003,Preventive,0,,000130000003
WO-2130010,ASSET-00003,Preventive,0,,000130000003
WO-2130011,ASSET-00003,Preventive,0,,000130000003
WO-2130012,ASSET-00004,Preventive,0,,000130000004
WO-2130013,ASSET-00004,Corrective,228,1419,000130000004
WO-2130014,ASSET-00004,Preventive,0,,000130000004
WO-2130015,ASSET-00005,Preventive,0,,000130000005
WO-2130016,ASSET-00005,Corrective,183,1749,000130000005
WO-2130017,ASSET-00005,Preventive,0,,000130000005
WO-2130018,ASSET-00005,Corrective,102,1222,000130000005
WO-2130019,ASSET-00005,Preventive,0,,000130000005
WO-2130020,ASSET-00005,Preventive,0,,000130000005
WO-2130021,ASSET-00005,Preventive,0,,000130000005
WO-2130022,ASSET-00005,Preventive,0,,000130000005
WO-2130023,ASSET-00005,Preventive,0,,000130000005
WO-2130024,ASSET-00005,Corrective,125,1354,000130000005
WO-2130025,ASSET-00006,Preventive,0,,000130000006
WO-2130026,ASSET-00006,Preventive,0,,000130000006
WO-2130027,ASSET-00006,Preventive,0,,000130000006
WO-2130028,ASSET-00006,Preventive,0,,000130000006
WO-2130029,ASSET-00006,Preventive,0,,000130000006
WO-2130030,ASSET-00007,Emergency,307,926,000130000007
WO-2130031,ASSET-00007,Corrective,53,1515,000130000007
WO-2130032,ASSET-00007,Corrective,136,752,000130000007
WO-2130033,ASSET-00007,Corrective,159,504,000130000007
WO-2130034,ASSET-00007,Corrective,172,320,000130000007
WO-2130035,ASSET-00007,Preventive,0,,000130000007
WO-2130036,ASSET-00007,Preventive,0,,000130000007
WO-2130037,ASSET-00008,Preventive,0,,000130000008
WO-2130038,ASSET-00008,Corrective,112,1388,000130000008
WO-2130039,ASSET-00008,Preventive,0,,000130000008
WO-2130040,ASSET-00008,Corrective,147,1876,000130000008
WO-2130041,ASSET-00008,Corrective,178,1558,000130000008
WO-2130042,ASSET-00008,Preventive,0,,000130000008
WO-2130043,ASSET-00008,Preventive,0,,000130000008
WO-2130044,ASSET-00009,Preventive,0,,000130000009
WO-2130045,ASSET-00009,Corrective,59,1663,000130000009
WO-2130046,ASSET-00009,Preventive,0,,000130000009
WO-2130047,ASSET-00009,Preventive,0,,000130000009
WO-2130048,ASSET-00009,Emergency,502,234,000130000009
WO-2130049,ASSET-00009,Preventive,0,,000130000009
WO-2130050,ASSET-00009,Corrective,235,267,000130000009
WO-2130051,ASSET-00010,Preventive,0,,000130000010
WO-2130052,ASSET-00010,Corrective,34,696,000130000010
WO-2130053,ASSET-00010,Preventive,0,,000130000010
WO-2130054,ASSET-00010,Corrective,40,1926,000130000010
WO-2130055,ASSET-00011,Preventive,0,,000130000011
WO-2130056,ASSET-00011,Corrective,155,1006,000130000011
WO-2130057,ASSET-00011,Corrective,69,1140,000130000011
WO-2130058,ASSET-00011,Preventive,0,,000130000011
WO-2130059,ASSET-00011,Corrective,76,1767,000130000011
WO-2130060,ASSET-00012,Preventive,0,,000130000012
WO-2130061,ASSET-00012,Preventive,0,,000130000012
WO-2130062,ASSET-00012,Preventive,0,,000130000012
WO-2130063,ASSET-00012,Preventive,0,,000130000012
WO-2130064,ASSET-00012,Corrective,41,689,000130000012
WO-2130065,ASSET-00012,Corrective,76,410,000130000012
WO-2130066,ASSET-00013,Preventive,0,,000130000013
WO-2130067,ASSET-00013,Corrective,44,787,000130000013
WO-2130068,ASSET-00013,Preventive,0,,000130000013
WO-2130069,ASSET-00013,Preventive,0,,000130000013
WO-2130070,ASSET-00013,Corrective,45,693,000130000013
WO-2130071,ASSET-00013,Corrective,207,1830,000130000013
WO-2130072,ASSET-00013,Corrective,198,512,000130000013
WO-2130073,ASSET-00014,Preventive,0,,000130000014
WO-2130074,ASSET-00014,Corrective,70,525,000130000014
WO-2130075,ASSET-00015,Preventive,0,,000130000015
WO-2130076,ASSET-00015,Preventive,0,,000130000015
WO-2130077,ASSET-00015,Preventive,0,,000130000015
WO-2130078,ASSET-00015,Corrective,89,1703,000130000015
WO-2130079,ASSET-00015,Preventive,0,,000130000015
WO-2130080,ASSET-00015,Corrective,137,769,000130000015
WO-2130081,ASSET-00016,Preventive,0,,000130000016
WO-2130082,ASSET-00016,Preventive,0,,000130000016
WO-2130083,ASSET-00016,Corrective,38,727,000130000016
WO-2130084,ASSET-00016,Corrective,123,1726,000130000016
WO-2130085,ASSET-00016,Preventive,0,,000130000016
WO-2130086,ASSET-00016,Corrective,188,1061,000130000016
WO-2130087,ASSET-00016,Preventive,0,,000130000016
WO-2130088,ASSET-00017,Corrective,158,1949,000130000017
WO-2130089,ASSET-00017,Preventive,0,,000130000017
WO-2130090,ASSET-00017,Corrective,172,776,000130000017
WO-2130091,ASSET-00018,Corrective,40,1729,
WO-2130092,ASSET-00018,Preventive,0,,
WO-2130093,ASSET-00018,Emergency,89,1022,
WO-2130094,ASSET-00018,Corrective,57,1523,
WO-2130095,ASSET-00018,Emergency,89,1698,
WO-2130096,ASSET-00018,Corrective,211,710,
WO-2130097,ASSET-00018,Emergency,190,1636,
WO-2130098,ASSET-00018,Corrective,190,1699,
WO-2130099,ASSET-00019,Preventive,0,,000130000018
WO-2130100,ASSET-00019,Preventive,0,,000130000018
WO-2130101,ASSET-00019,Preventive,0,,000130000018
WO-2130102,ASSET-00019,Preventive,0,,000130000018
WO-2130103,ASSET-00019,Corrective,136,1956,000130000018
WO-2130104,ASSET-00019,Corrective,160,1148,000130000018
WO-2130105,ASSET-00019,Corrective,206,1438,000130000018
WO-2130106,ASSET-00020,Corrective,74,1752,000130000019
WO-2130107,ASSET-00020,Preventive,0,,000130000019
WO-2130108,ASSET-00020,Corrective,59,623,000130000019
WO-2130109,ASSET-00020,Preventive,0,,000130000019
WO-2130110,ASSET-00020,Corrective,154,522,000130000019
WO-2130111,ASSET-00021,Preventive,0,,000130000020
WO-2130112,ASSET-00021,Preventive,0,,000130000020
WO-2130113,ASSET-00021,Preventive,0,,000130000020
WO-2130114,ASSET-00021,Preventive,0,,000130000020
WO-2130115,ASSET-00021,Emergency,137,1141,000130000020
WO-2130116,ASSET-00021,Corrective,228,601,000130000020
WO-2130117,ASSET-00022,Preventive,0,,000130000021
WO-2130118,ASSET-00022,Preventive,0,,000130000021
WO-2130119,ASSET-00022,Preventive,0,,000130000021
WO-2130120,ASSET-00023,Corrective,227,573,000130000022
WO-2130121,ASSET-00023,Preventive,0,,000130000022
WO-2130122,ASSET-00024,Preventive,0,,000130000023
WO-2130123,ASSET-00024,Preventive,0,,000130000023
WO-2130124,ASSET-00024,Preventive,0,,000130000023
WO-2130125,ASSET-00025,Preventive,0,,000130000024
WO-2130126,ASSET-00025,Preventive,0,,000130000024
WO-2130127,ASSET-00025,Preventive,0,,000130000024
WO-2130128,ASSET-00025,Corrective,209,1266,000130000024
WO-2130129,ASSET-00025,Preventive,0,,000130000024
WO-2130130,ASSET-00025,Preventive,0,,000130000024
WO-2130131,ASSET-00026,Corrective,84,395,000130000025
WO-2130132,ASSET-00026,Preventive,0,,000130000025
WO-2130133,ASSET-00026,Preventive,0,,000130000025
WO-2130134,ASSET-00026,Preventive,0,,000130000025
WO-2130135,ASSET-00027,Preventive,0,,000130000026
WO-2130136,ASSET-00027,Corrective,145,484,000130000026
WO-2130137,ASSET-00027,Preventive,0,,000130000026
WO-2130138,ASSET-00027,Preventive,0,,000130000026
WO-2130139,ASSET-00027,Preventive,0,,000130000026
WO-2130140,ASSET-00028,Preventive,0,,000130000027
WO-2130141,ASSET-00028,Corrective,109,1837,000130000027
WO-2130142,ASSET-00029,Corrective,84,645,000130000028
WO-2130143,ASSET-00029,Preventive,0,,000130000028
WO-2130144,ASSET-00029,Preventive,0,,000130000028
WO-2130145,ASSET-00029,Corrective,148,1563,000130000028
WO-2130146,ASSET-00029,Corrective,229,1237,000130000028
WO-2130147,ASSET-00030,Preventive,0,,000130000029
WO-2130148,ASSET-00030,Corrective,69,1594,000130000029
WO-2130149,ASSET-00031,Preventive,0,,000130000030
WO-2130150,ASSET-00031,Corrective,232,1727,000130000030
WO-2130151,ASSET-00031,Preventive,0,,000130000030
WO-2130152,ASSET-00031,Emergency,222,1408,000130000030
WO-2130153,ASSET-00032,Corrective,225,618,000130000031
WO-2130154,ASSET-00032,Corrective,225,1539,000130000031
WO-2130155,ASSET-00032,Corrective,127,317,000130000031
WO-2130156,ASSET-00032,Preventive,0,,000130000031
WO-2130157,ASSET-00032,Corrective,80,1309,000130000031
WO-2130158,ASSET-00033,Emergency,65,922,000130000032
WO-2130159,ASSET-00033,Corrective,160,1404,000130000032
WO-2130160,ASSET-00033,Preventive,0,,000130000032
WO-2130161,ASSET-00033,Corrective,118,236,000130000032
WO-2130162,ASSET-00034,Corrective,185,1690,000130000033
WO-2130163,ASSET-00034,Corrective,37,1629,000130000033
WO-2130164,ASSET-00034,Preventive,0,,000130000033
WO-2130165,ASSET-00034,Preventive,0,,000130000033
WO-2130166,ASSET-00034,Preventive,0,,000130000033
WO-2130167,ASSET-00034,Preventive,0,,000130000033
WO-2130168,ASSET-00034,Corrective,175,1340,000130000033
WO-2130169,ASSET-00035,Preventive,0,,000130000034
WO-2130170,ASSET-00035,Preventive,0,,000130000034
WO-2130171,ASSET-00035,Emergency,160,502,000130000034
WO-2130172,ASSET-00035,Corrective,104,660,000130000034
WO-2130173,ASSET-00035,Preventive,0,,000130000034
WO-2130174,ASSET-00036,Corrective,130,827,000130000035
WO-2130175,ASSET-00036,Corrective,156,713,000130000035
WO-2130176,ASSET-00036,Preventive,0,,000130000035
WO-2130177,ASSET-00036,Corrective,86,465,000130000035
WO-2130178,ASSET-00036,Corrective,69,959,000130000035
WO-2130179,ASSET-00037,Emergency,109,1452,000130000036
WO-2130180,ASSET-00037,Corrective,144,1339,000130000036
WO-2130181,ASSET-00037,Preventive,0,,000130000036
WO-2130182,ASSET-00037,Corrective,69,1512,000130000036
WO-2130183,ASSET-00037,Corrective,156,1013,000130000036
WO-2130184,ASSET-00037,Preventive,0,,000130000036
WO-2130185,ASSET-00037,Preventive,0,,000130000036
WO-2130186,ASSET-00038,Corrective,70,1668,000130000037
WO-2130187,ASSET-00038,Corrective,164,473,000130000037
WO-2130188,ASSET-00038,Preventive,0,,000130000037
WO-2130189,ASSET-00038,Corrective,213,1521,000130000037
WO-2130190,ASSET-00038,Corrective,134,1601,000130000037
WO-2130191,ASSET-00038,Corrective,202,1904,000130000037
WO-2130192,ASSET-00039,Preventive,0,,000130000038
WO-2130193,ASSET-00039,Corrective,188,1477,000130000038
WO-2130194,ASSET-00040,Preventive,0,,000130000039
WO-2130195,ASSET-00040,Preventive,0,,000130000039
WO-2130196,ASSET-00040,Preventive,0,,000130000039
WO-2130197,ASSET-00040,Preventive,0,,000130000039
WO-2130198,ASSET-00040,Preventive,0,,000130000039
WO-2130199,ASSET-00041,Emergency,258,1608,000130000040
WO-2130200,ASSET-00041,Corrective,68,959,000130000040
WO-2130201,ASSET-00041,Corrective,116,856,000130000040
WO-2130202,ASSET-00041,Corrective,164,1535,000130000040
WO-2130203,ASSET-00041,Preventive,0,,000130000040
WO-2130204,ASSET-00041,Preventive,0,,000130000040
WO-2130205,ASSET-00041,Preventive,0,,000130000040
WO-2130206,ASSET-00042,Preventive,0,,000130000041
WO-2130207,ASSET-00042,Preventive,0,,000130000041
WO-2130208,ASSET-00042,Preventive,0,,000130000041
WO-2130209,ASSET-00042,Preventive,0,,000130000041
WO-2130210,ASSET-00042,Preventive,0,,000130000041
WO-2130211,ASSET-00042,Corrective,55,1868,000130000041
WO-2130212,ASSET-00042,Preventive,0,,000130000041
WO-2130213,ASSET-00043,Emergency,555,1727,000130000042
WO-2130214,ASSET-00043,Corrective,209,850,000130000042
WO-2130215,ASSET-00043,Preventive,0,,000130000042
WO-2130216,ASSET-00043,Preventive,0,,000130000042
WO-2130217,ASSET-00043,Preventive,0,,000130000042
WO-2130218,ASSET-00044,Preventive,0,,000130000043
WO-2130219,ASSET-00044,Corrective,176,646,000130000043
WO-2130220,ASSET-00044,Preventive,0,,000130000043
WO-2130221,ASSET-00044,Preventive,0,,000130000043
WO-2130222,ASSET-00045,Corrective,195,1817,
WO-2130223,ASSET-00045,Preventive,0,,
WO-2130224,ASSET-00045,Corrective,78,1217,
WO-2130225,ASSET-00046,Preventive,0,,000130000044
WO-2130226,ASSET-00046,Preventive,0,,000130000044
WO-2130227,ASSET-00046,Preventive,0,,000130000044
WO-2130228,ASSET-00047,Corrective,49,472,000130000045
WO-2130229,ASSET-00047,Preventive,0,,000130000045
WO-2130230,ASSET-00047,Preventive,0,,000130000045
WO-2130231,ASSET-00047,Corrective,114,884,000130000045
WO-2130232,ASSET-00047,Corrective,199,1651,000130000045
WO-2130233,ASSET-00047,Preventive,0,,000130000045
WO-2130234,ASSET-00047,Preventive,0,,000130000045
WO-2130235,ASSET-00047,Corrective,36,1634,000130000045
WO-2130236,ASSET-00047,Corrective,45,1590,000130000045
WO-2130237,ASSET-00047,Corrective,67,473,000130000045
WO-2130238,ASSET-00048,Preventive,0,,000130000046
WO-2130239,ASSET-00048,Corrective,64,1149,000130000046
WO-2130240,ASSET-00048,Preventive,0,,000130000046
WO-2130241,ASSET-00048,Corrective,44,1010,000130000046
WO-2130242,ASSET-00048,Emergency,275,842,000130000046
WO-2130243,ASSET-00049,Corrective,95,472,000130000047
WO-2130244,ASSET-00049,Preventive,0,,000130000047
WO-2130245,ASSET-00049,Preventive,0,,000130000047
WO-2130246,ASSET-00050,Preventive,0,,000130000048
WO-2130247,ASSET-00050,Corrective,144,1016,000130000048
WO-2130248,ASSET-00050,Emergency,249,1111,000130000048
WO-2130249,ASSET-00050,Preventive,0,,000130000048
WO-2130250,ASSET-00050,Corrective,236,621,000130000048
WO-2130251,ASSET-00051,Corrective,175,1189,
WO-2130252,ASSET-00051,Preventive,0,,
WO-2130253,ASSET-00051,Corrective,35,1793,
WO-2130254,ASSET-00051,Preventive,0,,
WO-2130255,ASSET-00051,Preventive,0,,
WO-2130256,ASSET-00051,Preventive,0,,
WO-2130257,ASSET-00052,Corrective,166,1192,000130000049
WO-2130258,ASSET-00052,Preventive,0,,000130000049
WO-2130259,ASSET-00052,Preventive,0,,000130000049
WO-2130260,ASSET-00052,Corrective,206,1219,000130000049
WO-2130261,ASSET-00052,Preventive,0,,000130000049
WO-2130262,ASSET-00053,Corrective,168,592,000130000050
WO-2130263,ASSET-00053,Preventive,0,,000130000050
WO-2130264,ASSET-00054,Emergency,313,589,000130000051
WO-2130265,ASSET-00054,Corrective,134,599,000130000051
WO-2130266,ASSET-00054,Emergency,163,788,000130000051
WO-2130267,ASSET-00054,Preventive,0,,000130000051
WO-2130268,ASSET-00055,Preventive,0,,000130000052
WO-2130269,ASSET-00055,Corrective,180,596,000130000052
WO-2130270,ASSET-00055,Preventive,0,,000130000052
WO-2130271,ASSET-00055,Corrective,115,1568,000130000052
WO-2130272,ASSET-00055,Preventive,0,,000130000052
WO-2130273,ASSET-00055,Preventive,0,,000130000052
WO-2130274,ASSET-00055,Preventive,0,,000130000052
WO-2130275,ASSET-00056,Preventive,0,,000130000053
WO-2130276,ASSET-00056,Corrective,151,1158,000130000053
WO-2130277,ASSET-00056,Corrective,121,902,000130000053
WO-2130278,ASSET-00057,Preventive,0,,000130000054
WO-2130279,ASSET-00057,Emergency,124,724,000130000054
WO-2130280,ASSET-00057,Preventive,0,,000130000054
WO-2130281,ASSET-00057,Preventive,0,,000130000054
WO-2130282,ASSET-00057,Emergency,573,1837,000130000054
WO-2130283,ASSET-00058,Corrective,66,272,
WO-2130284,ASSET-00058,Emergency,230,1277,
WO-2130285,ASSET-00058,Preventive,0,,
WO-2130286,ASSET-00058,Preventive,0,,
WO-2130287,ASSET-00058,Preventive,0,,
WO-2130288,ASSET-00059,Emergency,163,1136,000130000055
WO-2130289,ASSET-00059,Emergency,498,688,000130000055
WO-2130290,ASSET-00059,Preventive,0,,000130000055
WO-2130291,ASSET-00059,Corrective,36,1014,000130000055
WO-2130292,ASSET-00059,Preventive,0,,000130000055
WO-2130293,ASSET-00059,Corrective,56,598,000130000055
WO-2130294,ASSET-00060,Corrective,155,1399,000130000056
WO-2130295,ASSET-00060,Corrective,108,638,000130000056
WO-2130296,ASSET-00060,Emergency,276,1779,000130000056
WO-2130297,ASSET-00060,Corrective,186,1911,000130000056
WO-2130298,ASSET-00060,Corrective,70,1679,000130000056
WO-2130299,ASSET-00061,Preventive,0,,000130000057
WO-2130300,ASSET-00061,Preventive,0,,000130000057
WO-2130301,ASSET-00061,Preventive,0,,000130000057
WO-2130302,ASSET-00061,Preventive,0,,000130000057
WO-2130303,ASSET-00061,Preventive,0,,000130000057
WO-2130304,ASSET-00062,Corrective,78,217,000130000058
WO-2130305,ASSET-00062,Preventive,0,,000130000058
WO-2130306,ASSET-00063,Preventive,0,,000130000059
WO-2130307,ASSET-00063,Corrective,171,628,000130000059
WO-2130308,ASSET-00063,Preventive,0,,000130000059
WO-2130309,ASSET-00063,Corrective,233,1555,000130000059
WO-2130310,ASSET-00064,Preventive,0,,000130000060
WO-2130311,ASSET-00064,Preventive,0,,000130000060
WO-2130312,ASSET-00064,Corrective,182,396,000130000060
WO-2130313,ASSET-00064,Corrective,154,855,000130000060
WO-2130314,ASSET-00064,Corrective,148,1691,000130000060
WO-2130315,ASSET-00065,Preventive,0,,000130000061
WO-2130316,ASSET-00065,Corrective,162,725,000130000061
WO-2130317,ASSET-00065,Corrective,83,1995,000130000061
WO-2130318,ASSET-00065,Preventive,0,,000130000061
WO-2130319,ASSET-00065,Preventive,0,,000130000061
WO-2130320,ASSET-00066,Emergency,150,1822,000130000062
WO-2130321,ASSET-00066,Corrective,209,555,000130000062
WO-2130322,ASSET-00066,Emergency,372,1281,000130000062
WO-2130323,ASSET-00067,Corrective,214,847,000130000063
WO-2130324,ASSET-00067,Corrective,223,327,000130000063
WO-2130325,ASSET-00067,Preventive,0,,000130000063
WO-2130326,ASSET-00067,Preventive,0,,000130000063
WO-2130327,ASSET-00068,Emergency,86,1136,000130000064
WO-2130328,ASSET-00068,Preventive,0,,000130000064
WO-2130329,ASSET-00068,Preventive,0,,000130000064
WO-2130330,ASSET-00069,Corrective,39,375,000130000065
WO-2130331,ASSET-00069,Preventive,0,,000130000065
WO-2130332,ASSET-00069,Preventive,0,,000130000065
WO-2130333,ASSET-00070,Preventive,0,,000130000066
WO-2130334,ASSET-00070,Preventive,0,,000130000066
WO-2130335,ASSET-00070,Corrective,34,314,000130000066
WO-2130336,ASSET-00070,Preventive,0,,000130000066
WO-2130337,ASSET-00070,Preventive,0,,000130000066
WO-2130338,ASSET-00070,Preventive,0,,000130000066
WO-2130339,ASSET-00071,Preventive,0,,000130000067
WO-2130340,ASSET-00071,Preventive,0,,000130000067
WO-2130341,ASSET-00071,Preventive,0,,000130000067
WO-2130342,ASSET-00071,Corrective,191,1778,000130000067
WO-2130343,ASSET-00071,Preventive,0,,000130000067
WO-2130344,ASSET-00072,Preventive,0,,000130000068
WO-2130345,ASSET-00072,Preventive,0,,000130000068
WO-2130346,ASSET-00073,Preventive,0,,
WO-2130347,ASSET-00073,Emergency,597,1843,
WO-2130348,ASSET-00073,Preventive,0,,
WO-2130349,ASSET-00074,Preventive,0,,000130000069
WO-2130350,ASSET-00074,Preventive,0,,000130000069
WO-2130351,ASSET-00074,Corrective,121,618,000130000069
WO-2130352,ASSET-00074,Corrective,58,512,000130000069
WO-2130353,ASSET-00074,Corrective,85,282,000130000069
WO-2130354,ASSET-00075,Preventive,0,,000130000070
WO-2130355,ASSET-00075,Corrective,122,457,000130000070
WO-2130356,ASSET-00075,Preventive,0,,000130000070
WO-2130357,ASSET-00076,Preventive,0,,000130000071
WO-2130358,ASSET-00076,Preventive,0,,000130000071
WO-2130359,ASSET-00076,Corrective,96,837,000130000071
WO-2130360,ASSET-00076,Preventive,0,,000130000071
WO-2130361,ASSET-00076,Preventive,0,,000130000071
WO-2130362,ASSET-00076,Corrective,106,1830,000130000071
WO-2130363,ASSET-00076,Corrective,33,1741,000130000071
WO-2130364,ASSET-00076,Preventive,0,,000130000071
WO-2130365,ASSET-00077,Corrective,118,1490,000130000072
WO-2130366,ASSET-00077,Preventive,0,,000130000072
WO-2130367,ASSET-00077,Corrective,215,1289,000130000072
WO-2130368,ASSET-00078,Corrective,186,1069,000130000073
WO-2130369,ASSET-00078,Preventive,0,,000130000073
WO-2130370,ASSET-00078,Corrective,65,228,000130000073
WO-2130371,ASSET-00078,Preventive,0,,000130000073
WO-2130372,ASSET-00079,Corrective,134,665,000130000074
WO-2130373,ASSET-00079,Corrective,30,1121,000130000074
WO-2130374,ASSET-00079,Preventive,0,,000130000074
WO-2130375,ASSET-00079,Preventive,0,,000130000074
WO-2130376,ASSET-00080,Corrective,98,969,
WO-2130377,ASSET-00080,Preventive,0,,
WO-2130378,ASSET-00080,Preventive,0,,
WO-2130379,ASSET-00081,Corrective,87,1601,000130000075
WO-2130380,ASSET-00081,Preventive,0,,000130000075
WO-2130381,ASSET-00081,Emergency,419,1942,000130000075
WO-2130382,ASSET-00081,Preventive,0,,000130000075
WO-2130383,ASSET-00081,Preventive,0,,000130000075
WO-2130384,ASSET-00081,Corrective,210,1537,000130000075
WO-2130385,ASSET-00081,Preventive,0,,000130000075
WO-2130386,ASSET-00081,Preventive,0,,000130000075
WO-2130387,ASSET-00082,Preventive,0,,000130000076
WO-2130388,ASSET-00082,Preventive,0,,000130000076
WO-2130389,ASSET-00082,Corrective,149,1103,000130000076
WO-2130390,ASSET-00082,Emergency,245,1006,000130000076
WO-2130391,ASSET-00082,Preventive,0,,000130000076
WO-2130392,ASSET-00082,Corrective,50,534,000130000076
WO-2130393,ASSET-00083,Preventive,0,,000130000077
WO-2130394,ASSET-00083,Preventive,0,,000130000077
WO-2130395,ASSET-00083,Preventive,0,,000130000077
WO-2130396,ASSET-00084,Preventive,0,,000130000078
WO-2130397,ASSET-00084,Preventive,0,,000130000078
WO-2130398,ASSET-00084,Corrective,103,1586,000130000078
WO-2130399,ASSET-00084,Preventive,0,,000130000078
WO-2130400,ASSET-00084,Preventive,0,,000130000078
WO-2130401,ASSET-00085,Preventive,0,,000130000079
WO-2130402,ASSET-00085,Preventive,0,,000130000079
WO-2130403,ASSET-00085,Corrective,69,1764,000130000079
WO-2130404,ASSET-00085,Preventive,0,,000130000079
WO-2130405,ASSET-00085,Preventive,0,,000130000079
WO-2130406,ASSET-00086,Corrective,172,946,000130000080
WO-2130407,ASSET-00086,Emergency,384,1139,000130000080
WO-2130408,ASSET-00086,Corrective,117,1221,000130000080
WO-2130409,ASSET-00086,Corrective,36,1677,000130000080
WO-2130410,ASSET-00087,Emergency,401,1947,000130000081
WO-2130411,ASSET-00087,Preventive,0,,000130000081
WO-2130412,ASSET-00087,Emergency,506,1921,000130000081
WO-2130413,ASSET-00087,Preventive,0,,000130000081
WO-2130414,ASSET-00087,Corrective,52,1604,000130000081
WO-2130415,ASSET-00087,Preventive,0,,000130000081
WO-2130416,ASSET-00087,Preventive,0,,000130000081
WO-2130417,ASSET-00087,Corrective,200,1026,000130000081
WO-2130418,ASSET-00088,Corrective,229,836,000130000082
WO-2130419,ASSET-00088,Corrective,239,1251,000130000082
WO-2130420,ASSET-00088,Corrective,53,1162,000130000082
WO-2130421,ASSET-00088,Preventive,0,,000130000082
WO-2130422,ASSET-00088,Corrective,89,655,000130000082
WO-2130423,ASSET-00088,Corrective,127,336,000130000082
WO-2130424,ASSET-00089,Preventive,0,,000130000083
WO-2130425,ASSET-00089,Corrective,172,695,000130000083
WO-2130426,ASSET-00089,Preventive,0,,000130000083
WO-2130427,ASSET-00089,Corrective,102,1204,000130000083
WO-2130428,ASSET-00089,Preventive,0,,000130000083
WO-2130429,ASSET-00090,Preventive,0,,000130000084
WO-2130430,ASSET-00090,Preventive,0,,000130000084
WO-2130431,ASSET-00090,Corrective,43,1509,000130000084
WO-2130432,ASSET-00090,Corrective,139,521,000130000084
WO-2130433,ASSET-00090,Preventive,0,,000130000084
WO-2130434,ASSET-00090,Corrective,164,653,000130000084
WO-2130435,ASSET-00091,Preventive,0,,000130000086
WO-2130436,ASSET-00091,Corrective,235,1749,000130000086
WO-2130437,ASSET-00091,Preventive,0,,000130000086
WO-2130438,ASSET-00091,Preventive,0,,000130000086
WO-2130439,ASSET-00091,Preventive,0,,000130000086
WO-2130440,ASSET-00091,Preventive,0,,000130000086
WO-2130441,ASSET-00092,Preventive,0,,000130000087
WO-2130442,ASSET-00092,Preventive,0,,000130000087
WO-2130443,ASSET-00092,Emergency,117,214,000130000087
WO-2130444,ASSET-00092,Corrective,114,929,000130000087
WO-2130445,ASSET-00092,Corrective,150,1120,000130000087
WO-2130446,ASSET-00092,Preventive,0,,000130000087
WO-2130447,ASSET-00092,Preventive,0,,000130000087
WO-2130448,ASSET-00093,Corrective,55,1472,000130000088
WO-2130449,ASSET-00093,Preventive,0,,000130000088
WO-2130450,ASSET-00093,Preventive,0,,000130000088
WO-2130451,ASSET-00093,Preventive,0,,000130000088
WO-2130452,ASSET-00093,Preventive,0,,000130000088
WO-2130453,ASSET-00093,Corrective,153,1593,000130000088
WO-2130454,ASSET-00093,Corrective,148,1348,000130000088
WO-2130455,ASSET-00094,Corrective,145,1385,000130000089
WO-2130456,ASSET-00094,Corrective,234,523,000130000089
WO-2130457,ASSET-00094,Corrective,142,1662,000130000089
WO-2130458,ASSET-00094,Preventive,0,,000130000089
WO-2130459,ASSET-00094,Corrective,95,1880,000130000089
WO-2130460,ASSET-00094,Emergency,430,1838,000130000089
WO-2130461,ASSET-00094,Preventive,0,,000130000089
WO-2130462,ASSET-00095,Preventive,0,,000130000090
WO-2130463,ASSET-00095,Corrective,193,1614,000130000090
WO-2130464,ASSET-00095,Emergency,265,345,000130000090
WO-2130465,ASSET-00095,Corrective,78,1630,000130000090
WO-2130466,ASSET-00096,Preventive,0,,000130000091
WO-2130467,ASSET-00096,Preventive,0,,000130000091
WO-2130468,ASSET-00096,Emergency,162,620,000130000091
WO-2130469,ASSET-00096,Corrective,83,1947,000130000091
WO-2130470,ASSET-00096,Preventive,0,,000130000091
WO-2130471,ASSET-00096,Preventive,0,,000130000091
WO-2130472,ASSET-00096,Preventive,0,,000130000091
WO-2130473,ASSET-00097,Corrective,36,1002,000130000092
WO-2130474,ASSET-00097,Corrective,173,760,000130000092
WO-2130475,ASSET-00097,Preventive,0,,000130000092
WO-2130476,ASSET-00097,Corrective,85,1463,000130000092
WO-2130477,ASSET-00098,Corrective,69,1338,000130000093
WO-2130478,ASSET-00098,Preventive,0,,000130000093
WO-2130479,ASSET-00098,Preventive,0,,000130000093
WO-2130480,ASSET-00098,Corrective,76,1042,000130000093
WO-2130481,ASSET-00099,Preventive,0,,000130000094
WO-2130482,ASSET-00099,Emergency,336,1251,000130000094
WO-2130483,ASSET-00099,Preventive,0,,000130000094
WO-2130484,ASSET-00099,Preventive,0,,000130000094
WO-2130485,ASSET-00100,Corrective,110,313,000130000095
WO-2130486,ASSET-00100,Corrective,98,1186,000130000095
WO-2130487,ASSET-00100,Preventive,0,,000130000095
WO-2130488,ASSET-00100,Corrective,187,1049,000130000095
WO-2130489,ASSET-00101,Preventive,0,,
WO-2130490,ASSET-00101,Corrective,122,654,
WO-2130491,ASSET-00101,Preventive,0,,
WO-2130492,ASSET-00101,Preventive,0,,
WO-2130493,ASSET-00101,Preventive,0,,
WO-2130494,ASSET-00101,Corrective,124,318,
WO-2130495,ASSET-00102,Preventive,0,,
WO-2130496,ASSET-00102,Corrective,39,1588,
WO-2130497,ASSET-00102,Preventive,0,,
WO-2130498,ASSET-00102,Preventive,0,,
WO-2130499,ASSET-00102,Corrective,181,720,
WO-2130500,ASSET-00103,Preventive,0,,000130000096
WO-2130501,ASSET-00103,Preventive,0,,000130000096
WO-2130502,ASSET-00103,Preventive,0,,000130000096
WO-2130503,ASSET-00103,Preventive,0,,000130000096
WO-2130504,ASSET-00103,Preventive,0,,000130000096
WO-2130505,ASSET-00104,Preventive,0,,000130000097
WO-2130506,ASSET-00104,Corrective,237,1046,000130000097
WO-2130507,ASSET-00104,Corrective,99,1110,000130000097
WO-2130508,ASSET-00105,Corrective,73,1473,000130000098
WO-2130509,ASSET-00105,Corrective,84,1104,000130000098
WO-2130510,ASSET-00105,Preventive,0,,000130000098
WO-2130511,ASSET-00105,Preventive,0,,000130000098
WO-2130512,ASSET-00105,Preventive,0,,000130000098
WO-2130513,ASSET-00105,Corrective,108,783,000130000098
WO-2130514,ASSET-00105,Preventive,0,,000130000098
WO-2130515,ASSET-00106,Preventive,0,,000130000099
WO-2130516,ASSET-00106,Corrective,80,809,000130000099
WO-2130517,ASSET-00106,Preventive,0,,000130000099
WO-2130518,ASSET-00106,Preventive,0,,000130000099
WO-2130519,ASSET-00106,Corrective,178,1294,000130000099
WO-2130520,ASSET-00106,Corrective,35,965,000130000099
WO-2130521,ASSET-00106,Preventive,0,,000130000099
WO-2130522,ASSET-00106,Preventive,0,,000130000099
WO-2130523,ASSET-00107,Corrective,123,837,000130000100
WO-2130524,ASSET-00107,Corrective,108,1960,000130000100
WO-2130525,ASSET-00107,Emergency,171,326,000130000100
WO-2130526,ASSET-00107,Corrective,122,829,000130000100
WO-2130527,ASSET-00107,Preventive,0,,000130000100
WO-2130528,ASSET-00107,Preventive,0,,000130000100
WO-2130529,ASSET-00107,Corrective,107,1443,000130000100
WO-2130530,ASSET-00107,Preventive,0,,000130000100
WO-2130531,ASSET-00107,Preventive,0,,000130000100
WO-2130532,ASSET-00108,Corrective,146,1481,000130000101
WO-2130533,ASSET-00108,Corrective,118,601,000130000101
WO-2130534,ASSET-00108,Corrective,236,563,000130000101
WO-2130535,ASSET-00109,Preventive,0,,000130000102
WO-2130536,ASSET-00109,Preventive,0,,000130000102
WO-2130537,ASSET-00109,Corrective,159,1398,000130000102
WO-2130538,ASSET-00109,Corrective,115,709,000130000102
WO-2130539,ASSET-00109,Preventive,0,,000130000102
WO-2130540,ASSET-00109,Corrective,107,1811,000130000102
WO-2130541,ASSET-00109,Preventive,0,,000130000102
WO-2130542,ASSET-00109,Preventive,0,,000130000102
WO-2130543,ASSET-00110,Preventive,0,,000130000103
WO-2130544,ASSET-00110,Preventive,0,,000130000103
WO-2130545,ASSET-00110,Emergency,527,1334,000130000103
WO-2130546,ASSET-00110,Preventive,0,,000130000103
WO-2130547,ASSET-00111,Corrective,186,802,000130000104
WO-2130548,ASSET-00111,Preventive,0,,000130000104
WO-2130549,ASSET-00112,Preventive,0,,000130000105
WO-2130550,ASSET-00112,Preventive,0,,000130000105
WO-2130551,ASSET-00112,Corrective,30,254,000130000105
WO-2130552,ASSET-00112,Preventive,0,,000130000105
WO-2130553,ASSET-00112,Preventive,0,,000130000105
WO-2130554,ASSET-00112,Preventive,0,,000130000105
WO-2130555,ASSET-00112,Preventive,0,,000130000105
WO-2130556,ASSET-00113,Preventive,0,,000130000106
WO-2130557,ASSET-00113,Preventive,0,,000130000106
WO-2130558,ASSET-00113,Preventive,0,,000130000106
WO-2130559,ASSET-00113,Preventive,0,,000130000106
WO-2130560,ASSET-00114,Emergency,524,1467,
WO-2130561,ASSET-00114,Corrective,216,1446,
WO-2130562,ASSET-00114,Preventive,0,,
WO-2130563,ASSET-00114,Preventive,0,,
WO-2130564,ASSET-00115,Corrective,155,1897,000130000107
WO-2130565,ASSET-00115,Corrective,88,942,000130000107
WO-2130566,ASSET-00115,Corrective,203,605,000130000107
WO-2130567,ASSET-00115,Corrective,61,1843,000130000107
WO-2130568,ASSET-00115,Preventive,0,,000130000107
WO-2130569,ASSET-00115,Preventive,0,,000130000107
WO-2130570,ASSET-00115,Preventive,0,,000130000107
WO-2130571,ASSET-00115,Corrective,66,1636,000130000107
WO-2130572,ASSET-00116,Preventive,0,,000130000108
WO-2130573,ASSET-00116,Preventive,0,,000130000108
WO-2130574,ASSET-00116,Corrective,144,550,000130000108
WO-2130575,ASSET-00116,Corrective,58,873,000130000108
WO-2130576,ASSET-00117,Preventive,0,,000130000109
WO-2130577,ASSET-00117,Corrective,240,1520,000130000109
WO-2130578,ASSET-00117,Corrective,222,207,000130000109
WO-2130579,ASSET-00117,Preventive,0,,000130000109
WO-2130580,ASSET-00117,Preventive,0,,000130000109
WO-2130581,ASSET-00117,Emergency,446,404,000130000109
WO-2130582,ASSET-00117,Preventive,0,,000130000109
WO-2130583,ASSET-00118,Preventive,0,,000130000110
WO-2130584,ASSET-00118,Preventive,0,,000130000110
WO-2130585,ASSET-00118,Preventive,0,,000130000110
WO-2130586,ASSET-00119,Corrective,113,1427,000130000111
WO-2130587,ASSET-00119,Preventive,0,,000130000111
WO-2130588,ASSET-00119,Preventive,0,,000130000111
WO-2130589,ASSET-00120,Corrective,34,599,000130000112
WO-2130590,ASSET-00120,Corrective,173,1500,000130000112
WO-2130591,ASSET-00120,Preventive,0,,000130000112
WO-2130592,ASSET-00120,Preventive,0,,000130000112
WO-2130593,ASSET-00120,Preventive,0,,000130000112
WO-2130594,ASSET-00120,Preventive,0,,000130000112
WO-2130595,ASSET-00120,Preventive,0,,000130000112
WO-2130596,ASSET-00121,Emergency,285,1234,000130000113
WO-2130597,ASSET-00121,Preventive,0,,000130000113
WO-2130598,ASSET-00121,Corrective,149,1267,000130000113
WO-2130599,ASSET-00121,Preventive,0,,000130000113
WO-2130600,ASSET-00121,Preventive,0,,000130000113
WO-2130601,ASSET-00121,Corrective,154,1771,000130000113
WO-2130602,ASSET-00122,Corrective,214,940,000130000114
WO-2130603,ASSET-00122,Preventive,0,,000130000114
WO-2130604,ASSET-00122,Emergency,154,530,000130000114
WO-2130605,ASSET-00122,Corrective,184,328,000130000114
WO-2130606,ASSET-00122,Preventive,0,,000130000114
WO-2130607,ASSET-00122,Preventive,0,,000130000114
WO-2130608,ASSET-00123,Corrective,146,791,000130000115
WO-2130609,ASSET-00124,Preventive,0,,000130000116
WO-2130610,ASSET-00124,Corrective,141,1761,000130000116
WO-2130611,ASSET-00124,Corrective,178,593,000130000116
WO-2130612,ASSET-00124,Preventive,0,,000130000116
WO-2130613,ASSET-00124,Emergency,599,555,000130000116
WO-2130614,ASSET-00125,Emergency,578,1644,000130000117
WO-2130615,ASSET-00125,Preventive,0,,000130000117
WO-2130616,ASSET-00125,Corrective,149,447,000130000117
WO-2130617,ASSET-00125,Corrective,79,1629,000130000117
WO-2130618,ASSET-00125,Preventive,0,,000130000117
WO-2130619,ASSET-00126,Preventive,0,,000130000118
WO-2130620,ASSET-00126,Preventive,0,,000130000118
WO-2130621,ASSET-00126,Preventive,0,,000130000118
WO-2130622,ASSET-00126,Corrective,155,558,000130000118
WO-2130623,ASSET-00127,Emergency,248,589,000130000119
WO-2130624,ASSET-00127,Preventive,0,,000130000119
WO-2130625,ASSET-00127,Corrective,164,1789,000130000119
WO-2130626,ASSET-00128,Preventive,0,,000130000120
WO-2130627,ASSET-00128,Corrective,191,590,000130000120
WO-2130628,ASSET-00128,Preventive,0,,000130000120
WO-2130629,ASSET-00128,Preventive,0,,000130000120
WO-2130630,ASSET-00128,Preventive,0,,000130000120
WO-2130631,ASSET-00128,Preventive,0,,000130000120
WO-2130632,ASSET-00128,Preventive,0,,000130000120
WO-2130633,ASSET-00129,Corrective,86,1733,000130000121
WO-2130634,ASSET-00129,Corrective,175,1852,000130000121
WO-2130635,ASSET-00129,Corrective,179,960,000130000121
WO-2130636,ASSET-00129,Preventive,0,,000130000121
WO-2130637,ASSET-00129,Preventive,0,,000130000121
WO-2130638,ASSET-00130,Corrective,54,949,000130000122
WO-2130639,ASSET-00130,Corrective,207,859,000130000122
WO-2130640,ASSET-00130,Preventive,0,,000130000122
WO-2130641,ASSET-00130,Corrective,45,1971,000130000122
WO-2130642,ASSET-00130,Preventive,0,,000130000122
WO-2130643,ASSET-00130,Preventive,0,,000130000122
WO-2130644,ASSET-00130,Corrective,140,465,000130000122
WO-2130645,ASSET-00131,Preventive,0,,000130000123
WO-2130646,ASSET-00131,Corrective,178,1749,000130000123
WO-2130647,ASSET-00131,Preventive,0,,000130000123
WO-2130648,ASSET-00131,Preventive,0,,000130000123
WO-2130649,ASSET-00132,Corrective,202,476,000130000124
WO-2130650,ASSET-00132,Corrective,156,1735,000130000124
WO-2130651,ASSET-00132,Preventive,0,,000130000124
WO-2130652,ASSET-00132,Emergency,425,1980,000130000124
WO-2130653,ASSET-00132,Corrective,79,1407,000130000124
WO-2130654,ASSET-00132,Preventive,0,,000130000124
WO-2130655,ASSET-00132,Emergency,488,364,000130000124
WO-2130656,ASSET-00132,Preventive,0,,000130000124
WO-2130657,ASSET-00133,Preventive,0,,000130000125
WO-2130658,ASSET-00133,Preventive,0,,000130000125
WO-2130659,ASSET-00133,Preventive,0,,000130000125
WO-2130660,ASSET-00133,Corrective,195,1306,000130000125
WO-2130661,ASSET-00133,Corrective,99,1740,000130000125
WO-2130662,ASSET-00134,Emergency,298,211,000130000126
WO-2130663,ASSET-00134,Preventive,0,,000130000126
WO-2130664,ASSET-00134,Preventive,0,,000130000126
WO-2130665,ASSET-00134,Preventive,0,,000130000126
WO-2130666,ASSET-00134,Corrective,89,647,000130000126
WO-2130667,ASSET-00134,Preventive,0,,000130000126
WO-2130668,ASSET-00135,Corrective,111,816,000130000127
WO-2130669,ASSET-00135,Corrective,68,1351,000130000127
WO-2130670,ASSET-00135,Preventive,0,,000130000127
WO-2130671,ASSET-00135,Preventive,0,,000130000127
WO-2130672,ASSET-00135,Corrective,214,1863,000130000127
WO-2130673,ASSET-00135,Preventive,0,,000130000127
WO-2130674,ASSET-00135,Preventive,0,,000130000127
WO-2130675,ASSET-00136,Emergency,317,791,000130000128
WO-2130676,ASSET-00136,Corrective,195,365,000130000128
WO-2130677,ASSET-00136,Emergency,455,1009,000130000128
WO-2130678,ASSET-00136,Preventive,0,,000130000128
WO-2130679,ASSET-00136,Preventive,0,,000130000128
WO-2130680,ASSET-00136,Corrective,173,1772,000130000128
WO-2130681,ASSET-00136,Preventive,0,,000130000128
WO-2130682,ASSET-00136,Emergency,508,418,000130000128
WO-2130683,ASSET-00136,Preventive,0,,000130000128
WO-2130684,ASSET-00137,Corrective,188,1611,000130000129
WO-2130685,ASSET-00137,Corrective,196,1275,000130000129
WO-2130686,ASSET-00137,Preventive,0,,000130000129
WO-2130687,ASSET-00137,Preventive,0,,000130000129
WO-2130688,ASSET-00138,Preventive,0,,000130000130
WO-2130689,ASSET-00138,Corrective,236,1136,000130000130
WO-2130690,ASSET-00138,Preventive,0,,000130000130
WO-2130691,ASSET-00138,Preventive,0,,000130000130
WO-2130692,ASSET-00138,Emergency,214,1539,000130000130
WO-2130693,ASSET-00138,Corrective,192,688,000130000130
WO-2130694,ASSET-00138,Corrective,141,213,000130000130
WO-2130695,ASSET-00139,Corrective,168,416,000130000131
WO-2130696,ASSET-00139,Preventive,0,,000130000131
WO-2130697,ASSET-00139,Corrective,118,1815,000130000131
WO-2130698,ASSET-00139,Corrective,102,304,000130000131
WO-2130699,ASSET-00139,Emergency,583,1785,000130000131
WO-2130700,ASSET-00139,Preventive,0,,000130000131
WO-2130701,ASSET-00140,Preventive,0,,000130000132
WO-2130702,ASSET-00140,Preventive,0,,000130000132
WO-2130703,ASSET-00140,Preventive,0,,000130000132
WO-2130704,ASSET-00140,Corrective,171,1454,000130000132
WO-2130705,ASSET-00140,Preventive,0,,000130000132
WO-2130706,ASSET-00140,Corrective,60,468,000130000132
WO-2130707,ASSET-00141,Preventive,0,,000130000133
WO-2130708,ASSET-00141,Preventive,0,,000130000133
WO-2130709,ASSET-00141,Emergency,501,984,000130000133
WO-2130710,ASSET-00141,Preventive,0,,000130000133
WO-2130711,ASSET-00141,Preventive,0,,000130000133
WO-2130712,ASSET-00141,Emergency,544,554,000130000133
WO-2130713,ASSET-00141,Preventive,0,,000130000133
WO-2130714,ASSET-00141,Preventive,0,,000130000133
WO-2130715,ASSET-00142,Corrective,191,653,000130000134
WO-2130716,ASSET-00142,Preventive,0,,000130000134
WO-2130717,ASSET-00142,Corrective,195,341,000130000134
WO-2130718,ASSET-00142,Preventive,0,,000130000134
WO-2130719,ASSET-00142,Emergency,96,397,000130000134
WO-2130720,ASSET-00143,Corrective,115,1235,000130000135
WO-2130721,ASSET-00143,Corrective,230,839,000130000135
WO-2130722,ASSET-00143,Corrective,58,1076,000130000135
WO-2130723,ASSET-00143,Corrective,76,424,000130000135
WO-2130724,ASSET-00143,Corrective,42,389,000130000135
WO-2130725,ASSET-00143,Preventive,0,,000130000135
WO-2130726,ASSET-00143,Preventive,0,,000130000135
WO-2130727,ASSET-00143,Preventive,0,,000130000135
WO-2130728,ASSET-00144,Preventive,0,,000130000136
WO-2130729,ASSET-00144,Corrective,33,1134,000130000136
WO-2130730,ASSET-00144,Preventive,0,,000130000136
WO-2130731,ASSET-00144,Preventive,0,,000130000136
WO-2130732,ASSET-00145,Preventive,0,,000130000137
WO-2130733,ASSET-00145,Corrective,65,1612,000130000137
WO-2130734,ASSET-00145,Corrective,91,1739,000130000137
WO-2130735,ASSET-00145,Corrective,181,1976,000130000137
WO-2130736,ASSET-00146,Preventive,0,,000130000138
WO-2130737,ASSET-00146,Preventive,0,,000130000138
WO-2130738,ASSET-00146,Preventive,0,,000130000138
WO-2130739,ASSET-00146,Preventive,0,,000130000138
WO-2130740,ASSET-00146,Preventive,0,,000130000138
WO-2130741,ASSET-00146,Corrective,165,925,000130000138
WO-2130742,ASSET-00146,Preventive,0,,000130000138
WO-2130743,ASSET-00146,Preventive,0,,000130000138
WO-2130744,ASSET-00146,Emergency,142,1867,000130000138
WO-2130745,ASSET-00147,Preventive,0,,000130000140
WO-2130746,ASSET-00147,Corrective,123,1604,000130000140
WO-2130747,ASSET-00147,Corrective,115,1828,000130000140
WO-2130748,ASSET-00147,Corrective,40,1767,000130000140
WO-2130749,ASSET-00147,Emergency,394,1809,000130000140
WO-2130750,ASSET-00147,Preventive,0,,000130000140
WO-2130751,ASSET-00148,Preventive,0,,000130000141
WO-2130752,ASSET-00148,Preventive,0,,000130000141
WO-2130753,ASSET-00148,Preventive,0,,000130000141
WO-2130754,ASSET-00148,Preventive,0,,000130000141
WO-2130755,ASSET-00148,Preventive,0,,000130000141
WO-2130756,ASSET-00149,Preventive,0,,000130000142
WO-2130757,ASSET-00149,Preventive,0,,000130000142
WO-2130758,ASSET-00149,Preventive,0,,000130000142
WO-2130759,ASSET-00149,Corrective,222,1976,000130000142
WO-2130760,ASSET-00149,Preventive,0,,000130000142
WO-2130761,ASSET-00150,Preventive,0,,000130000143
WO-2130762,ASSET-00150,Corrective,148,481,000130000143
WO-2130763,ASSET-00150,Preventive,0,,000130000143
WO-2130764,ASSET-00150,Preventive,0,,000130000143
WO-2130765,ASSET-00150,Preventive,0,,000130000143
WO-2130766,ASSET-00151,Preventive,0,,000130000144
WO-2130767,ASSET-00151,Preventive,0,,000130000144
WO-2130768,ASSET-00151,Preventive,0,,000130000144
WO-2130769,ASSET-00152,Corrective,124,1407,000130000145
WO-2130770,ASSET-00152,Preventive,0,,000130000145
WO-2130771,ASSET-00152,Emergency,511,1095,000130000145
WO-2130772,ASSET-00152,Preventive,0,,000130000145
WO-2130773,ASSET-00153,Emergency,305,1777,
WO-2130774,ASSET-00153,Emergency,366,615,
WO-2130775,ASSET-00153,Corrective,47,1422,
WO-2130776,ASSET-00153,Preventive,0,,
WO-2130777,ASSET-00153,Corrective,87,1915,
WO-2130778,ASSET-00153,Corrective,147,270,
WO-2130779,ASSET-00154,Preventive,0,,000130000146
WO-2130780,ASSET-00154,Preventive,0,,000130000146
WO-2130781,ASSET-00154,Corrective,196,718,000130000146
WO-2130782,ASSET-00154,Corrective,160,460,000130000146
WO-2130783,ASSET-00154,Preventive,0,,000130000146
WO-2130784,ASSET-00155,Preventive,0,,000130000147
WO-2130785,ASSET-00155,Preventive,0,,000130000147
WO-2130786,ASSET-00155,Preventive,0,,000130000147
WO-2130787,ASSET-00155,Preventive,0,,000130000147
WO-2130788,ASSET-00155,Preventive,0,,000130000147
WO-2130789,ASSET-00155,Preventive,0,,000130000147
WO-2130790,ASSET-00155,Corrective,59,1287,000130000147
WO-2130791,ASSET-00155,Preventive,0,,000130000147
WO-2130792,ASSET-00156,Corrective,131,249,000130000148
WO-2130793,ASSET-00156,Preventive,0,,000130000148
WO-2130794,ASSET-00156,Preventive,0,,000130000148
WO-2130795,ASSET-00156,Corrective,134,528,000130000148
WO-2130796,ASSET-00156,Preventive,0,,000130000148
WO-2130797,ASSET-00156,Emergency,577,385,000130000148
WO-2130798,ASSET-00157,Corrective,113,293,000130000149
WO-2130799,ASSET-00157,Corrective,134,1835,000130000149
WO-2130800,ASSET-00157,Corrective,141,483,000130000149
WO-2130801,ASSET-00157,Preventive,0,,000130000149
WO-2130802,ASSET-00157,Corrective,54,1640,000130000149
WO-2130803,ASSET-00157,Emergency,263,338,000130000149
WO-2130804,ASSET-00157,Preventive,0,,000130000149
WO-2130805,ASSET-00157,Preventive,0,,000130000149
WO-2130806,ASSET-00158,Preventive,0,,000130000150
WO-2130807,ASSET-00158,Preventive,0,,000130000150
WO-2130808,ASSET-00158,Emergency,271,1995,000130000150
WO-2130809,ASSET-00159,Preventive,0,,000130000151
WO-2130810,ASSET-00159,Preventive,0,,000130000151
WO-2130811,ASSET-00159,Preventive,0,,000130000151
WO-2130812,ASSET-00159,Preventive,0,,000130000151
WO-2130813,ASSET-00159,Emergency,528,440,000130000151
WO-2130814,ASSET-00159,Corrective,149,544,000130000151
WO-2130815,ASSET-00159,Corrective,30,1181,000130000151
WO-2130816,ASSET-00160,Preventive,0,,000130000152
WO-2130817,ASSET-00160,Preventive,0,,000130000152
WO-2130818,ASSET-00160,Preventive,0,,000130000152
WO-2130819,ASSET-00160,Preventive,0,,000130000152
WO-2130820,ASSET-00160,Corrective,206,1548,000130000152
WO-2130821,ASSET-00160,Emergency,63,1738,000130000152
WO-2130822,ASSET-00161,Emergency,420,641,000130000153
WO-2130823,ASSET-00161,Preventive,0,,000130000153
WO-2130824,ASSET-00161,Preventive,0,,000130000153
WO-2130825,ASSET-00161,Emergency,384,1971,000130000153
WO-2130826,ASSET-00161,Emergency,373,603,000130000153
WO-2130827,ASSET-00162,Preventive,0,,000130000154
WO-2130828,ASSET-00162,Preventive,0,,000130000154
WO-2130829,ASSET-00162,Preventive,0,,000130000154
WO-2130830,ASSET-00162,Preventive,0,,000130000154
WO-2130831,ASSET-00163,Corrective,196,1231,000130000155
WO-2130832,ASSET-00163,Emergency,557,968,000130000155
WO-2130833,ASSET-00163,Preventive,0,,000130000155
WO-2130834,ASSET-00164,Preventive,0,,000130000156
WO-2130835,ASSET-00164,Preventive,0,,000130000156
WO-2130836,ASSET-00164,Preventive,0,,000130000156
WO-2130837,ASSET-00164,Preventive,0,,000130000156
WO-2130838,ASSET-00164,Corrective,213,845,000130000156
WO-2130839,ASSET-00164,Preventive,0,,000130000156
WO-2130840,ASSET-00164,Preventive,0,,000130000156
WO-2130841,ASSET-00164,Preventive,0,,000130000156
WO-2130842,ASSET-00165,Preventive,0,,000130000157
WO-2130843,ASSET-00165,Preventive,0,,000130000157
WO-2130844,ASSET-00165,Preventive,0,,000130000157
WO-2130845,ASSET-00165,Emergency,246,526,000130000157
WO-2130846,ASSET-00165,Preventive,0,,000130000157
WO-2130847,ASSET-00165,Corrective,37,1437,000130000157
WO-2130848,ASSET-00166,Preventive,0,,
WO-2130849,ASSET-00166,Corrective,233,393,
WO-2130850,ASSET-00167,Preventive,0,,000130000158
WO-2130851,ASSET-00167,Preventive,0,,000130000158
WO-2130852,ASSET-00167,Preventive,0,,000130000158
WO-2130853,ASSET-00167,Corrective,49,618,000130000158
WO-2130854,ASSET-00167,Preventive,0,,000130000158
WO-2130855,ASSET-00167,Corrective,223,1232,000130000158
WO-2130856,ASSET-00167,Corrective,177,1476,000130000158
WO-2130857,ASSET-00167,Corrective,157,211,000130000158
WO-2130858,ASSET-00167,Corrective,51,1816,000130000158
WO-2130859,ASSET-00168,Preventive,0,,000130000159
WO-2130860,ASSET-00168,Preventive,0,,000130000159
WO-2130861,ASSET-00168,Preventive,0,,000130000159
WO-2130862,ASSET-00168,Preventive,0,,000130000159
WO-2130863,ASSET-00169,Corrective,82,1197,000130000160
WO-2130864,ASSET-00169,Corrective,178,441,000130000160
WO-2130865,ASSET-00169,Preventive,0,,000130000160
WO-2130866,ASSET-00169,Preventive,0,,000130000160
WO-2130867,ASSET-00169,Corrective,160,1576,000130000160
WO-2130868,ASSET-00170,Corrective,124,1085,
WO-2130869,ASSET-00170,Preventive,0,,
WO-2130870,ASSET-00170,Corrective,192,1237,
WO-2130871,ASSET-00171,Preventive,0,,000130000161
WO-2130872,ASSET-00171,Preventive,0,,000130000161
WO-2130873,ASSET-00171,Corrective,75,1524,000130000161
WO-2130874,ASSET-00171,Preventive,0,,000130000161
WO-2130875,ASSET-00171,Corrective,68,1180,000130000161
WO-2130876,ASSET-00172,Corrective,38,1984,
WO-2130877,ASSET-00172,Corrective,167,446,
WO-2130878,ASSET-00172,Corrective,204,1753,
WO-2130879,ASSET-00172,Preventive,0,,
WO-2130880,ASSET-00172,Corrective,123,1033,
WO-2130881,ASSET-00172,Preventive,0,,
WO-2130882,ASSET-00172,Preventive,0,,
WO-2130883,ASSET-00172,Preventive,0,,
WO-2130884,ASSET-00172,Preventive,0,,
WO-2130885,ASSET-00173,Corrective,34,867,000130000162
WO-2130886,ASSET-00173,Corrective,71,1739,000130000162
WO-2130887,ASSET-00173,Preventive,0,,000130000162
WO-2130888,ASSET-00173,Corrective,70,682,000130000162
WO-2130889,ASSET-00174,Corrective,39,1018,000130000163
WO-2130890,ASSET-00174,Preventive,0,,000130000163
WO-2130891,ASSET-00174,Preventive,0,,000130000163
WO-2130892,ASSET-00174,Preventive,0,,000130000163
WO-2130893,ASSET-00174,Emergency,138,799,000130000163
WO-2130894,ASSET-00175,Corrective,194,1466,000130000164
WO-2130895,ASSET-00175,Corrective,129,1226,000130000164
WO-2130896,ASSET-00175,Corrective,237,1512,000130000164
WO-2130897,ASSET-00176,Corrective,117,956,000130000165
WO-2130898,ASSET-00176,Preventive,0,,000130000165
WO-2130899,ASSET-00177,Preventive,0,,000130000166
WO-2130900,ASSET-00177,Corrective,227,348,000130000166
WO-2130901,ASSET-00177,Preventive,0,,000130000166
WO-2130902,ASSET-00177,Corrective,198,1708,000130000166
WO-2130903,ASSET-00178,Preventive,0,,000130000167
WO-2130904,ASSET-00178,Preventive,0,,000130000167
WO-2130905,ASSET-00178,Preventive,0,,000130000167
WO-2130906,ASSET-00178,Corrective,35,1099,000130000167
WO-2130907,ASSET-00178,Preventive,0,,000130000167
WO-2130908,ASSET-00178,Preventive,0,,000130000167
WO-2130909,ASSET-00179,Corrective,146,687,000130000168
WO-2130910,ASSET-00179,Preventive,0,,000130000168
WO-2130911,ASSET-00179,Corrective,115,1049,000130000168
WO-2130912,ASSET-00179,Preventive,0,,000130000168
WO-2130913,ASSET-00180,Preventive,0,,000130000169
WO-2130914,ASSET-00180,Emergency,183,1883,000130000169
WO-2130915,ASSET-00180,Preventive,0,,000130000169
WO-2130916,ASSET-00180,Corrective,84,1717,000130000169
WO-2130917,ASSET-00180,Preventive,0,,000130000169
WO-2130918,ASSET-00181,Preventive,0,,000130000170
WO-2130919,ASSET-00181,Preventive,0,,000130000170
WO-2130920,ASSET-00181,Corrective,237,671,000130000170
WO-2130921,ASSET-00181,Corrective,146,1133,000130000170
WO-2130922,ASSET-00181,Preventive,0,,000130000170
WO-2130923,ASSET-00182,Preventive,0,,000130000171
WO-2130924,ASSET-00182,Preventive,0,,000130000171
WO-2130925,ASSET-00182,Preventive,0,,000130000171
WO-2130926,ASSET-00182,Corrective,45,1299,000130000171
WO-2130927,ASSET-00182,Preventive,0,,000130000171
WO-2130928,ASSET-00183,Preventive,0,,000130000172
WO-2130929,ASSET-00183,Preventive,0,,000130000172
WO-2130930,ASSET-00183,Preventive,0,,000130000172
WO-2130931,ASSET-00183,Corrective,196,1278,000130000172
WO-2130932,ASSET-00184,Preventive,0,,000130000173
WO-2130933,ASSET-00184,Preventive,0,,000130000173
WO-2130934,ASSET-00184,Corrective,89,1291,000130000173
WO-2130935,ASSET-00184,Corrective,35,1853,000130000173
WO-2130936,ASSET-00184,Corrective,68,749,000130000173
WO-2130937,ASSET-00185,Corrective,133,1088,000130000174
WO-2130938,ASSET-00185,Preventive,0,,000130000174
WO-2130939,ASSET-00185,Corrective,194,1814,000130000174
WO-2130940,ASSET-00185,Corrective,185,1591,000130000174
WO-2130941,ASSET-00185,Preventive,0,,000130000174
WO-2130942,ASSET-00186,Preventive,0,,000130000175
WO-2130943,ASSET-00186,Corrective,155,406,000130000175
WO-2130944,ASSET-00186,Corrective,90,378,000130000175
WO-2130945,ASSET-00186,Preventive,0,,000130000175
WO-2130946,ASSET-00186,Preventive,0,,000130000175
WO-2130947,ASSET-00186,Corrective,220,753,000130000175
WO-2130948,ASSET-00186,Emergency,457,842,000130000175
WO-2130949,ASSET-00187,Corrective,213,1014,000130000176
WO-2130950,ASSET-00187,Corrective,109,1484,000130000176
WO-2130951,ASSET-00187,Corrective,167,321,000130000176
WO-2130952,ASSET-00187,Corrective,53,1011,000130000176
WO-2130953,ASSET-00187,Emergency,314,308,000130000176
WO-2130954,ASSET-00188,Corrective,218,740,000130000177
WO-2130955,ASSET-00188,Preventive,0,,000130000177
WO-2130956,ASSET-00188,Preventive,0,,000130000177
WO-2130957,ASSET-00188,Corrective,203,577,000130000177
WO-2130958,ASSET-00188,Corrective,49,1780,000130000177
WO-2130959,ASSET-00188,Preventive,0,,000130000177
WO-2130960,ASSET-00188,Preventive,0,,000130000177
WO-2130961,ASSET-00188,Corrective,235,1090,000130000177
WO-2130962,ASSET-00188,Preventive,0,,000130000177
WO-2130963,ASSET-00188,Preventive,0,,000130000177
WO-2130964,ASSET-00188,Preventive,0,,000130000177
WO-2130965,ASSET-00188,Corrective,184,1814,000130000177
WO-2130966,ASSET-00188,Corrective,134,679,000130000177
WO-2130967,ASSET-00189,Corrective,209,422,000130000178
WO-2130968,ASSET-00189,Preventive,0,,000130000178
WO-2130969,ASSET-00189,Preventive,0,,000130000178
WO-2130970,ASSET-00189,Preventive,0,,000130000178
WO-2130971,ASSET-00189,Corrective,128,1163,000130000178
WO-2130972,ASSET-00190,Preventive,0,,000130000179
WO-2130973,ASSET-00190,Corrective,233,617,000130000179
WO-2130974,ASSET-00190,Preventive,0,,000130000179
WO-2130975,ASSET-00190,Preventive,0,,000130000179
WO-2130976,ASSET-00190,Emergency,210,1883,000130000179
WO-2130977,ASSET-00190,Corrective,30,977,000130000179
WO-2130978,ASSET-00190,Corrective,150,1339,000130000179
WO-2130979,ASSET-00191,Preventive,0,,000130000180
WO-2130980,ASSET-00191,Corrective,63,270,000130000180
WO-2130981,ASSET-00191,Corrective,221,1877,000130000180
WO-2130982,ASSET-00191,Preventive,0,,000130000180
WO-2130983,ASSET-00192,Corrective,46,1729,000130000181
WO-2130984,ASSET-00192,Preventive,0,,000130000181
WO-2130985,ASSET-00192,Emergency,294,1493,000130000181
WO-2130986,ASSET-00192,Preventive,0,,000130000181
WO-2130987,ASSET-00192,Preventive,0,,000130000181
WO-2130988,ASSET-00192,Corrective,168,1791,000130000181
WO-2130989,ASSET-00193,Preventive,0,,000130000182
WO-2130990,ASSET-00193,Preventive,0,,000130000182
WO-2130991,ASSET-00194,Preventive,0,,000130000183
WO-2130992,ASSET-00194,Preventive,0,,000130000183
WO-2130993,ASSET-00194,Preventive,0,,000130000183
WO-2130994,ASSET-00194,Corrective,199,253,000130000183
WO-2130995,ASSET-00195,Emergency,149,1769,000130000184
WO-2130996,ASSET-00195,Preventive,0,,000130000184
WO-2130997,ASSET-00195,Preventive,0,,000130000184
WO-2130998,ASSET-00195,Preventive,0,,000130000184
WO-2130999,ASSET-00196,Corrective,99,495,
WO-2131000,ASSET-00196,Emergency,287,1033,
WO-2131001,ASSET-00196,Corrective,40,744,
WO-2131002,ASSET-00196,Corrective,125,462,
WO-2131003,ASSET-00196,Preventive,0,,
WO-2131004,ASSET-00196,Preventive,0,,
WO-2131005,ASSET-00196,Preventive,0,,
WO-2131006,ASSET-00196,Preventive,0,,
WO-2131007,ASSET-00197,Corrective,60,200,000130000185
WO-2131008,ASSET-00197,Preventive,0,,000130000185
WO-2131009,ASSET-00197,Preventive,0,,000130000185
WO-2131010,ASSET-00197,Corrective,129,216,000130000185
WO-2131011,ASSET-00197,Corrective,48,246,000130000185
WO-2131012,ASSET-00197,Preventive,0,,000130000185
WO-2131013,ASSET-00198,Preventive,0,,000130000186
WO-2131014,ASSET-00198,Corrective,93,358,000130000186
WO-2131015,ASSET-00198,Preventive,0,,000130000186
WO-2131016,ASSET-00198,Preventive,0,,000130000186
WO-2131017,ASSET-00198,Corrective,177,1983,000130000186
WO-2131018,ASSET-00198,Preventive,0,,000130000186
WO-2131019,ASSET-00199,Corrective,210,1913,000130000187
WO-2131020,ASSET-00199,Corrective,226,1176,000130000187
WO-2131021,ASSET-00199,Preventive,0,,000130000187
WO-2131022,ASSET-00200,Preventive,0,,000130000188
WO-2131023,ASSET-00200,Preventive,0,,000130000188
WO-2131024,ASSET-00200,Corrective,86,645,000130000188
WO-2131025,ASSET-00200,Corrective,119,893,000130000188
WO-2131026,ASSET-00200,Preventive,0,,000130000188
WO-2131027,ASSET-00201,Corrective,92,1594,
WO-2131028,ASSET-00201,Corrective,76,1792,
WO-2131029,ASSET-00201,Preventive,0,,
WO-2131030,ASSET-00201,Emergency,493,703,
WO-2131031,ASSET-00201,Corrective,38,1288,
WO-2131032,ASSET-00201,Preventive,0,,
WO-2131033,ASSET-00201,Preventive,0,,
WO-2131034,ASSET-00201,Corrective,208,979,
WO-2131035,ASSET-00202,Emergency,416,1017,000130000189
WO-2131036,ASSET-00202,Corrective,197,711,000130000189
WO-2131037,ASSET-00202,Preventive,0,,000130000189
WO-2131038,ASSET-00203,Corrective,101,1858,000130000190
WO-2131039,ASSET-00203,Preventive,0,,000130000190
WO-2131040,ASSET-00203,Corrective,87,468,000130000190
WO-2131041,ASSET-00203,Corrective,230,601,000130000190
WO-2131042,ASSET-00203,Preventive,0,,000130000190
WO-2131043,ASSET-00204,Preventive,0,,000130000191
WO-2131044,ASSET-00204,Corrective,63,1261,000130000191
WO-2131045,ASSET-00204,Emergency,332,835,000130000191
WO-2131046,ASSET-00204,Preventive,0,,000130000191
WO-2131047,ASSET-00205,Preventive,0,,000130000192
WO-2131048,ASSET-00205,Preventive,0,,000130000192
WO-2131049,ASSET-00205,Preventive,0,,000130000192
WO-2131050,ASSET-00205,Corrective,35,1231,000130000192
WO-2131051,ASSET-00205,Preventive,0,,000130000192
WO-2131052,ASSET-00205,Corrective,161,597,000130000192
WO-2131053,ASSET-00206,Preventive,0,,000130000193
WO-2131054,ASSET-00206,Corrective,178,215,000130000193
WO-2131055,ASSET-00206,Corrective,143,666,000130000193
WO-2131056,ASSET-00206,Preventive,0,,000130000193
WO-2131057,ASSET-00207,Preventive,0,,000130000194
WO-2131058,ASSET-00207,Corrective,231,1484,000130000194
WO-2131059,ASSET-00207,Corrective,34,1241,000130000194
WO-2131060,ASSET-00207,Emergency,225,1804,000130000194
WO-2131061,ASSET-00207,Corrective,238,1036,000130000194
WO-2131062,ASSET-00207,Preventive,0,,000130000194
WO-2131063,ASSET-00207,Preventive,0,,000130000194
WO-2131064,ASSET-00208,Preventive,0,,000130000195
WO-2131065,ASSET-00208,Preventive,0,,000130000195
WO-2131066,ASSET-00208,Preventive,0,,000130000195
WO-2131067,ASSET-00208,Corrective,207,263,000130000195
WO-2131068,ASSET-00208,Preventive,0,,000130000195
WO-2131069,ASSET-00209,Preventive,0,,000130000196
WO-2131070,ASSET-00209,Preventive,0,,000130000196
WO-2131071,ASSET-00209,Emergency,571,833,000130000196
WO-2131072,ASSET-00209,Corrective,35,1223,000130000196
WO-2131073,ASSET-00210,Preventive,0,,000130000197
WO-2131074,ASSET-00210,Preventive,0,,000130000197
WO-2131075,ASSET-00210,Preventive,0,,000130000197
WO-2131076,ASSET-00210,Emergency,525,916,000130000197
WO-2131077,ASSET-00211,Corrective,215,334,000130000198
WO-2131078,ASSET-00211,Corrective,214,1371,000130000198
WO-2131079,ASSET-00211,Preventive,0,,000130000198
WO-2131080,ASSET-00211,Preventive,0,,000130000198
WO-2131081,ASSET-00211,Corrective,35,870,000130000198
WO-2131082,ASSET-00211,Preventive,0,,000130000198
WO-2131083,ASSET-00212,Corrective,200,1966,000130000199
WO-2131084,ASSET-00212,Preventive,0,,000130000199
WO-2131085,ASSET-00212,Corrective,181,504,000130000199
WO-2131086,ASSET-00212,Preventive,0,,000130000199
WO-2131087,ASSET-00213,Preventive,0,,000130000200
WO-2131088,ASSET-00213,Preventive,0,,000130000200
WO-2131089,ASSET-00213,Corrective,193,695,000130000200
WO-2131090,ASSET-00213,Preventive,0,,000130000200
WO-2131091,ASSET-00213,Corrective,198,388,000130000200
WO-2131092,ASSET-00213,Preventive,0,,000130000200
WO-2131093,ASSET-00213,Preventive,0,,000130000200
WO-2131094,ASSET-00213,Corrective,169,639,000130000200
WO-2131095,ASSET-00214,Preventive,0,,000130000201
WO-2131096,ASSET-00214,Preventive,0,,000130000201
WO-2131097,ASSET-00214,Corrective,53,1769,000130000201
WO-2131098,ASSET-00214,Emergency,417,1928,000130000201
WO-2131099,ASSET-00214,Corrective,227,1023,000130000201
WO-2131100,ASSET-00214,Corrective,229,1356,000130000201
WO-2131101,ASSET-00214,Preventive,0,,000130000201
WO-2131102,ASSET-00214,Corrective,91,1643,000130000201
WO-2131103,ASSET-00214,Corrective,63,1229,000130000201
WO-2131104,ASSET-00215,Emergency,221,1324,000130000203
WO-2131105,ASSET-00215,Emergency,64,1405,000130000203
WO-2131106,ASSET-00215,Corrective,87,1322,000130000203
WO-2131107,ASSET-00215,Preventive,0,,000130000203
WO-2131108,ASSET-00215,Preventive,0,,000130000203
WO-2131109,ASSET-00215,Corrective,231,292,000130000203
WO-2131110,ASSET-00215,Preventive,0,,000130000203
WO-2131111,ASSET-00215,Emergency,390,1537,000130000203
WO-2131112,ASSET-00216,Preventive,0,,000130000204
WO-2131113,ASSET-00216,Preventive,0,,000130000204
WO-2131114,ASSET-00216,Emergency,66,1630,000130000204
WO-2131115,ASSET-00216,Corrective,91,1089,000130000204
WO-2131116,ASSET-00216,Corrective,51,850,000130000204
WO-2131117,ASSET-00216,Emergency,350,1172,000130000204
WO-2131118,ASSET-00216,Corrective,45,1961,000130000204
WO-2131119,ASSET-00217,Preventive,0,,000130000205
WO-2131120,ASSET-00217,Emergency,517,1961,000130000205
WO-2131121,ASSET-00217,Corrective,234,1074,000130000205
WO-2131122,ASSET-00217,Preventive,0,,000130000205
WO-2131123,ASSET-00217,Preventive,0,,000130000205
WO-2131124,ASSET-00217,Corrective,154,1607,000130000205
WO-2131125,ASSET-00218,Corrective,37,947,000130000206
WO-2131126,ASSET-00218,Preventive,0,,000130000206
WO-2131127,ASSET-00218,Preventive,0,,000130000206
WO-2131128,ASSET-00218,Preventive,0,,000130000206
WO-2131129,ASSET-00218,Corrective,79,733,000130000206
WO-2131130,ASSET-00219,Preventive,0,,000130000207
WO-2131131,ASSET-00219,Emergency,542,1657,000130000207
WO-2131132,ASSET-00219,Preventive,0,,000130000207
WO-2131133,ASSET-00220,Corrective,57,834,000130000208
WO-2131134,ASSET-00220,Preventive,0,,000130000208
WO-2131135,ASSET-00220,Preventive,0,,000130000208
WO-2131136,ASSET-00220,Preventive,0,,000130000208
WO-2131137,ASSET-00220,Preventive,0,,000130000208
WO-2131138,ASSET-00220,Preventive,0,,000130000208
WO-2131139,ASSET-00220,Preventive,0,,000130000208
WO-2131140,ASSET-00221,Corrective,144,1701,000130000209
WO-2131141,ASSET-00221,Preventive,0,,000130000209
WO-2131142,ASSET-00221,Preventive,0,,000130000209
WO-2131143,ASSET-00221,Corrective,60,1427,000130000209
WO-2131144,ASSET-00221,Preventive,0,,000130000209
WO-2131145,ASSET-00222,Preventive,0,,000130000210
WO-2131146,ASSET-00222,Preventive,0,,000130000210
WO-2131147,ASSET-00222,Preventive,0,,000130000210
WO-2131148,ASSET-00222,Corrective,212,1101,000130000210
WO-2131149,ASSET-00222,Corrective,193,1005,000130000210
WO-2131150,ASSET-00222,Preventive,0,,000130000210
WO-2131151,ASSET-00222,Corrective,238,1864,000130000210
WO-2131152,ASSET-00222,Preventive,0,,000130000210
WO-2131153,ASSET-00223,Preventive,0,,000130000211
WO-2131154,ASSET-00223,Corrective,80,1419,000130000211
WO-2131155,ASSET-00223,Preventive,0,,000130000211
WO-2131156,ASSET-00223,Preventive,0,,000130000211
WO-2131157,ASSET-00224,Corrective,35,1866,000130000212
WO-2131158,ASSET-00224,Emergency,284,1488,000130000212
WO-2131159,ASSET-00224,Preventive,0,,000130000212
WO-2131160,ASSET-00225,Corrective,226,585,000130000213
WO-2131161,ASSET-00225,Corrective,176,962,000130000213
WO-2131162,ASSET-00225,Preventive,0,,000130000213
WO-2131163,ASSET-00225,Corrective,171,1727,000130000213
WO-2131164,ASSET-00226,Preventive,0,,000130000214
WO-2131165,ASSET-00226,Preventive,0,,000130000214
WO-2131166,ASSET-00226,Corrective,42,850,000130000214
WO-2131167,ASSET-00226,Preventive,0,,000130000214
WO-2131168,ASSET-00226,Preventive,0,,000130000214
WO-2131169,ASSET-00226,Preventive,0,,000130000214
WO-2131170,ASSET-00227,Preventive,0,,000130000215
WO-2131171,ASSET-00227,Preventive,0,,000130000215
WO-2131172,ASSET-00227,Preventive,0,,000130000215
WO-2131173,ASSET-00227,Corrective,206,268,000130000215
WO-2131174,ASSET-00227,Preventive,0,,000130000215
WO-2131175,ASSET-00227,Preventive,0,,000130000215
WO-2131176,ASSET-00228,Corrective,98,1794,000130000216
WO-2131177,ASSET-00228,Preventive,0,,000130000216
WO-2131178,ASSET-00228,Preventive,0,,000130000216
WO-2131179,ASSET-00228,Preventive,0,,000130000216
WO-2131180,ASSET-00229,Corrective,127,1288,000130000217
WO-2131181,ASSET-00229,Preventive,0,,000130000217
WO-2131182,ASSET-00229,Preventive,0,,000130000217
WO-2131183,ASSET-00230,Corrective,206,1937,
WO-2131184,ASSET-00230,Preventive,0,,
WO-2131185,ASSET-00230,Corrective,78,1728,
WO-2131186,ASSET-00230,Preventive,0,,
WO-2131187,ASSET-00230,Corrective,83,987,
WO-2131188,ASSET-00230,Corrective,112,762,
WO-2131189,ASSET-00231,Corrective,55,370,000130000218
WO-2131190,ASSET-00231,Corrective,186,1682,000130000218
WO-2131191,ASSET-00231,Preventive,0,,000130000218
WO-2131192,ASSET-00231,Corrective,225,1789,000130000218
WO-2131193,ASSET-00232,Preventive,0,,000130000220
WO-2131194,ASSET-00232,Emergency,184,1430,000130000220
WO-2131195,ASSET-00232,Corrective,236,1770,000130000220
WO-2131196,ASSET-00232,Preventive,0,,000130000220
WO-2131197,ASSET-00232,Preventive,0,,000130000220
WO-2131198,ASSET-00232,Preventive,0,,000130000220
WO-2131199,ASSET-00232,Preventive,0,,000130000220
WO-2131200,ASSET-00233,Preventive,0,,000130000221
WO-2131201,ASSET-00233,Corrective,146,394,000130000221
WO-2131202,ASSET-00233,Preventive,0,,000130000221
WO-2131203,ASSET-00233,Corrective,46,654,000130000221
WO-2131204,ASSET-00233,Corrective,73,1594,000130000221
WO-2131205,ASSET-00233,Emergency,203,812,000130000221
WO-2131206,ASSET-00234,Preventive,0,,
WO-2131207,ASSET-00234,Preventive,0,,
WO-2131208,ASSET-00234,Preventive,0,,
WO-2131209,ASSET-00234,Corrective,90,1408,
WO-2131210,ASSET-00234,Emergency,336,461,
WO-2131211,ASSET-00234,Preventive,0,,
WO-2131212,ASSET-00235,Emergency,196,624,000130000222
WO-2131213,ASSET-00235,Preventive,0,,000130000222
WO-2131214,ASSET-00235,Preventive,0,,000130000222
WO-2131215,ASSET-00235,Preventive,0,,000130000222
WO-2131216,ASSET-00235,Preventive,0,,000130000222
WO-2131217,ASSET-00235,Preventive,0,,000130000222
WO-2131218,ASSET-00235,Corrective,171,691,000130000222
WO-2131219,ASSET-00237,Preventive,0,,
WO-2131220,ASSET-00237,Preventive,0,,
WO-2131221,ASSET-00238,Corrective,125,1087,000130000224
WO-2131222,ASSET-00238,Preventive,0,,000130000224
WO-2131223,ASSET-00238,Corrective,183,1515,000130000224
WO-2131224,ASSET-00239,Corrective,58,1378,000130000225
WO-2131225,ASSET-00239,Corrective,127,879,000130000225
WO-2131226,ASSET-00239,Corrective,84,1756,000130000225
WO-2131227,ASSET-00239,Corrective,71,1101,000130000225
WO-2131228,ASSET-00239,Corrective,177,780,000130000225
WO-2131229,ASSET-00239,Preventive,0,,000130000225
WO-2131230,ASSET-00239,Preventive,0,,000130000225
WO-2131231,ASSET-00240,Preventive,0,,000130000226
WO-2131232,ASSET-00240,Corrective,223,597,000130000226
WO-2131233,ASSET-00240,Corrective,217,1135,000130000226
WO-2131234,ASSET-00240,Emergency,101,1128,000130000226
WO-2131235,ASSET-00240,Preventive,0,,000130000226
WO-2131236,ASSET-00240,Preventive,0,,000130000226
WO-2131237,ASSET-00241,Corrective,38,1879,000130000227
WO-2131238,ASSET-00241,Corrective,97,417,000130000227
WO-2131239,ASSET-00241,Corrective,44,394,000130000227
WO-2131240,ASSET-00241,Preventive,0,,000130000227
WO-2131241,ASSET-00241,Corrective,131,1969,000130000227
WO-2131242,ASSET-00241,Preventive,0,,000130000227
WO-2131243,ASSET-00242,Preventive,0,,000130000228
WO-2131244,ASSET-00242,Preventive,0,,000130000228
WO-2131245,ASSET-00242,Corrective,167,453,000130000228
WO-2131246,ASSET-00242,Preventive,0,,000130000228
WO-2131247,ASSET-00242,Corrective,70,680,000130000228
WO-2131248,ASSET-00242,Corrective,54,991,000130000228
WO-2131249,ASSET-00242,Preventive,0,,000130000228
WO-2131250,ASSET-00242,Preventive,0,,000130000228
WO-2131251,ASSET-00242,Corrective,119,1374,000130000228
WO-2131252,ASSET-00243,Corrective,145,777,000130000229
WO-2131253,ASSET-00243,Emergency,186,517,000130000229
WO-2131254,ASSET-00243,Corrective,238,202,000130000229
WO-2131255,ASSET-00243,Preventive,0,,000130000229
WO-2131256,ASSET-00243,Preventive,0,,000130000229
WO-2131257,ASSET-00244,Emergency,474,611,
WO-2131258,ASSET-00244,Preventive,0,,
WO-2131259,ASSET-00244,Corrective,214,376,
WO-2131260,ASSET-00244,Preventive,0,,
WO-2131261,ASSET-00245,Preventive,0,,000130000230
WO-2131262,ASSET-00245,Corrective,46,1755,000130000230
WO-2131263,ASSET-00245,Corrective,44,907,000130000230
WO-2131264,ASSET-00246,Corrective,85,1937,000130000231
WO-2131265,ASSET-00246,Preventive,0,,000130000231
WO-2131266,ASSET-00246,Corrective,97,1011,000130000231
WO-2131267,ASSET-00246,Corrective,200,914,000130000231
WO-2131268,ASSET-00246,Corrective,81,1285,000130000231
WO-2131269,ASSET-00247,Emergency,87,1612,000130000232
WO-2131270,ASSET-00247,Preventive,0,,000130000232
WO-2131271,ASSET-00247,Emergency,337,1333,000130000232
WO-2131272,ASSET-00247,Preventive,0,,000130000232
WO-2131273,ASSET-00247,Preventive,0,,000130000232
WO-2131274,ASSET-00247,Corrective,125,1919,000130000232
WO-2131275,ASSET-00247,Corrective,87,732,000130000232
WO-2131276,ASSET-00248,Emergency,199,1119,000130000233
WO-2131277,ASSET-00248,Corrective,41,485,000130000233
WO-2131278,ASSET-00248,Preventive,0,,000130000233
WO-2131279,ASSET-00249,Corrective,83,642,000130000234
WO-2131280,ASSET-00249,Preventive,0,,000130000234
WO-2131281,ASSET-00249,Emergency,368,672,000130000234
WO-2131282,ASSET-00249,Corrective,163,1286,000130000234
WO-2131283,ASSET-00249,Emergency,328,950,000130000234
WO-2131284,ASSET-00249,Corrective,216,1255,000130000234
WO-2131285,ASSET-00249,Preventive,0,,000130000234
WO-2131286,ASSET-00249,Corrective,75,229,000130000234
WO-2131287,ASSET-00250,Emergency,538,560,000130000235
WO-2131288,ASSET-00251,Emergency,497,800,000130000236
WO-2131289,ASSET-00251,Preventive,0,,000130000236
WO-2131290,ASSET-00252,Corrective,192,1722,000130000237
WO-2131291,ASSET-00252,Preventive,0,,000130000237
WO-2131292,ASSET-00252,Corrective,181,921,000130000237
WO-2131293,ASSET-00252,Preventive,0,,000130000237
WO-2131294,ASSET-00252,Emergency,381,1467,000130000237
WO-2131295,ASSET-00252,Preventive,0,,000130000237
WO-2131296,ASSET-00253,Preventive,0,,
WO-2131297,ASSET-00253,Corrective,204,1691,
WO-2131298,ASSET-00253,Corrective,189,1941,
WO-2131299,ASSET-00253,Preventive,0,,
WO-2131300,ASSET-00253,Preventive,0,,
WO-2131301,ASSET-00253,Preventive,0,,
WO-2131302,ASSET-00253,Corrective,174,1141,
WO-2131303,ASSET-00254,Corrective,103,227,000130000238
WO-2131304,ASSET-00254,Preventive,0,,000130000238
WO-2131305,ASSET-00254,Preventive,0,,000130000238
WO-2131306,ASSET-00254,Corrective,126,1646,000130000238
WO-2131307,ASSET-00255,Preventive,0,,000130000239
WO-2131308,ASSET-00255,Preventive,0,,000130000239
WO-2131309,ASSET-00255,Corrective,84,297,000130000239
WO-2131310,ASSET-00255,Corrective,134,1172,000130000239
WO-2131311,ASSET-00256,Corrective,160,1089,000130000240
WO-2131312,ASSET-00256,Corrective,212,1155,000130000240
WO-2131313,ASSET-00256,Preventive,0,,000130000240
WO-2131314,ASSET-00256,Corrective,142,945,000130000240
WO-2131315,ASSET-00256,Preventive,0,,000130000240
WO-2131316,ASSET-00257,Corrective,216,272,
WO-2131317,ASSET-00257,Corrective,40,646,
WO-2131318,ASSET-00257,Preventive,0,,
WO-2131319,ASSET-00257,Emergency,79,1359,
WO-2131320,ASSET-00258,Preventive,0,,000130000241
WO-2131321,ASSET-00258,Preventive,0,,000130000241
WO-2131322,ASSET-00258,Emergency,584,838,000130000241
WO-2131323,ASSET-00258,Preventive,0,,000130000241
WO-2131324,ASSET-00258,Corrective,130,620,000130000241
WO-2131325,ASSET-00258,Corrective,78,1379,000130000241
WO-2131326,ASSET-00259,Corrective,157,1330,000130000242
WO-2131327,ASSET-00259,Emergency,599,1497,000130000242
WO-2131328,ASSET-00259,Preventive,0,,000130000242
WO-2131329,ASSET-00260,Emergency,78,1891,000130000243
WO-2131330,ASSET-00260,Preventive,0,,000130000243
WO-2131331,ASSET-00260,Preventive,0,,000130000243
WO-2131332,ASSET-00260,Preventive,0,,000130000243
WO-2131333,ASSET-00260,Corrective,101,487,000130000243
WO-2131334,ASSET-00260,Corrective,100,1371,000130000243
WO-2131335,ASSET-00260,Preventive,0,,000130000243
WO-2131336,ASSET-00261,Corrective,149,532,000130000244
WO-2131337,ASSET-00261,Preventive,0,,000130000244
WO-2131338,ASSET-00261,Preventive,0,,000130000244
WO-2131339,ASSET-00261,Emergency,477,1124,000130000244
WO-2131340,ASSET-00261,Preventive,0,,000130000244
WO-2131341,ASSET-00261,Preventive,0,,000130000244
WO-2131342,ASSET-00261,Preventive,0,,000130000244
WO-2131343,ASSET-00261,Corrective,87,1103,000130000244
WO-2131344,ASSET-00262,Preventive,0,,000130000245
WO-2131345,ASSET-00262,Corrective,170,1619,000130000245
WO-2131346,ASSET-00262,Preventive,0,,000130000245
WO-2131347,ASSET-00262,Emergency,290,1764,000130000245
WO-2131348,ASSET-00262,Preventive,0,,000130000245
WO-2131349,ASSET-00263,Preventive,0,,000130000246
WO-2131350,ASSET-00263,Preventive,0,,000130000246
WO-2131351,ASSET-00263,Preventive,0,,000130000246
WO-2131352,ASSET-00263,Preventive,0,,000130000246
WO-2131353,ASSET-00263,Preventive,0,,000130000246
WO-2131354,ASSET-00263,Corrective,114,237,000130000246
WO-2131355,ASSET-00264,Emergency,445,1655,000130000247
WO-2131356,ASSET-00264,Preventive,0,,000130000247
WO-2131357,ASSET-00264,Preventive,0,,000130000247
WO-2131358,ASSET-00264,Preventive,0,,000130000247
WO-2131359,ASSET-00264,Corrective,215,1353,000130000247
WO-2131360,ASSET-00264,Preventive,0,,000130000247
WO-2131361,ASSET-00265,Preventive,0,,000130000248
WO-2131362,ASSET-00265,Preventive,0,,000130000248
WO-2131363,ASSET-00265,Corrective,107,898,000130000248
WO-2131364,ASSET-00265,Corrective,202,518,000130000248
WO-2131365,ASSET-00266,Emergency,572,276,000130000249
WO-2131366,ASSET-00266,Preventive,0,,000130000249
WO-2131367,ASSET-00266,Preventive,0,,000130000249
WO-2131368,ASSET-00267,Emergency,483,1312,000130000250
WO-2131369,ASSET-00267,Preventive,0,,000130000250
WO-2131370,ASSET-00267,Preventive,0,,000130000250
WO-2131371,ASSET-00267,Corrective,208,1971,000130000250
WO-2131372,ASSET-00268,Preventive,0,,000130000251
WO-2131373,ASSET-00268,Preventive,0,,000130000251
WO-2131374,ASSET-00268,Corrective,54,487,000130000251
WO-2131375,ASSET-00268,Preventive,0,,000130000251
WO-2131376,ASSET-00268,Preventive,0,,000130000251
WO-2131377,ASSET-00268,Preventive,0,,000130000251
WO-2131378,ASSET-00268,Preventive,0,,000130000251
WO-2131379,ASSET-00269,Emergency,215,1346,000130000252
WO-2131380,ASSET-00269,Preventive,0,,000130000252
WO-2131381,ASSET-00269,Preventive,0,,000130000252
WO-2131382,ASSET-00270,Emergency,197,1132,000130000253
WO-2131383,ASSET-00270,Preventive,0,,000130000253
WO-2131384,ASSET-00270,Corrective,41,1168,000130000253
WO-2131385,ASSET-00271,Preventive,0,,000130000254
WO-2131386,ASSET-00271,Preventive,0,,000130000254
WO-2131387,ASSET-00271,Preventive,0,,000130000254
WO-2131388,ASSET-00271,Preventive,0,,000130000254
WO-2131389,ASSET-00271,Corrective,69,1205,000130000254
WO-2131390,ASSET-00272,Preventive,0,,000130000255
WO-2131391,ASSET-00272,Corrective,92,933,000130000255
WO-2131392,ASSET-00272,Emergency,280,1327,000130000255
WO-2131393,ASSET-00272,Preventive,0,,000130000255
WO-2131394,ASSET-00272,Preventive,0,,000130000255
WO-2131395,ASSET-00272,Corrective,73,1578,000130000255
WO-2131396,ASSET-00273,Corrective,117,1451,000130000256
WO-2131397,ASSET-00273,Preventive,0,,000130000256
WO-2131398,ASSET-00274,Preventive,0,,000130000257
WO-2131399,ASSET-00274,Corrective,141,1362,000130000257
WO-2131400,ASSET-00274,Corrective,230,686,000130000257
WO-2131401,ASSET-00275,Preventive,0,,000130000258
WO-2131402,ASSET-00275,Preventive,0,,000130000258
WO-2131403,ASSET-00275,Corrective,187,1525,000130000258
WO-2131404,ASSET-00275,Corrective,173,692,000130000258
WO-2131405,ASSET-00275,Preventive,0,,000130000258
WO-2131406,ASSET-00276,Preventive,0,,000130000259
WO-2131407,ASSET-00276,Preventive,0,,000130000259
WO-2131408,ASSET-00276,Corrective,49,1632,000130000259
WO-2131409,ASSET-00276,Preventive,0,,000130000259
WO-2131410,ASSET-00277,Preventive,0,,000130000260
WO-2131411,ASSET-00277,Preventive,0,,000130000260
WO-2131412,ASSET-00277,Preventive,0,,000130000260
WO-2131413,ASSET-00277,Emergency,62,934,000130000260
WO-2131414,ASSET-00277,Corrective,58,1345,000130000260
WO-2131415,ASSET-00277,Preventive,0,,000130000260
WO-2131416,ASSET-00277,Preventive,0,,000130000260
WO-2131417,ASSET-00277,Preventive,0,,000130000260
WO-2131418,ASSET-00277,Corrective,91,1004,000130000260
WO-2131419,ASSET-00277,Corrective,239,1507,000130000260
WO-2131420,ASSET-00278,Preventive,0,,000130000261
WO-2131421,ASSET-00278,Corrective,127,273,000130000261
WO-2131422,ASSET-00278,Preventive,0,,000130000261
WO-2131423,ASSET-00278,Preventive,0,,000130000261
WO-2131424,ASSET-00278,Preventive,0,,000130000261
WO-2131425,ASSET-00278,Preventive,0,,000130000261
WO-2131426,ASSET-00279,Corrective,230,1657,000130000262
WO-2131427,ASSET-00279,Corrective,202,1638,000130000262
WO-2131428,ASSET-00279,Preventive,0,,000130000262
WO-2131429,ASSET-00279,Emergency,248,1525,000130000262
WO-2131430,ASSET-00279,Corrective,162,991,000130000262
WO-2131431,ASSET-00280,Preventive,0,,000130000263
WO-2131432,ASSET-00280,Emergency,220,963,000130000263
WO-2131433,ASSET-00280,Corrective,196,1162,000130000263
WO-2131434,ASSET-00280,Corrective,239,708,000130000263
WO-2131435,ASSET-00280,Corrective,189,1124,000130000263
WO-2131436,ASSET-00281,Corrective,230,468,
WO-2131437,ASSET-00281,Corrective,207,1200,
WO-2131438,ASSET-00281,Preventive,0,,
WO-2131439,ASSET-00281,Corrective,96,695,
WO-2131440,ASSET-00281,Preventive,0,,
WO-2131441,ASSET-00281,Preventive,0,,
WO-2131442,ASSET-00282,Preventive,0,,000130000264
WO-2131443,ASSET-00282,Preventive,0,,000130000264
WO-2131444,ASSET-00282,Emergency,76,1183,000130000264
WO-2131445,ASSET-00282,Corrective,171,1608,000130000264
WO-2131446,ASSET-00282,Preventive,0,,000130000264
WO-2131447,ASSET-00282,Preventive,0,,000130000264
WO-2131448,ASSET-00283,Preventive,0,,000130000265
WO-2131449,ASSET-00283,Preventive,0,,000130000265
WO-2131450,ASSET-00283,Preventive,0,,000130000265
WO-2131451,ASSET-00283,Preventive,0,,000130000265
WO-2131452,ASSET-00283,Corrective,165,1115,000130000265
WO-2131453,ASSET-00283,Corrective,148,1426,000130000265
WO-2131454,ASSET-00284,Emergency,297,915,000130000266
WO-2131455,ASSET-00285,Preventive,0,,
WO-2131456,ASSET-00285,Preventive,0,,
WO-2131457,ASSET-00285,Emergency,568,1564,
WO-2131458,ASSET-00285,Corrective,35,1139,
WO-2131459,ASSET-00285,Corrective,223,1840,
WO-2131460,ASSET-00285,Corrective,143,1843,
WO-2131461,ASSET-00285,Corrective,166,1557,
WO-2131462,ASSET-00286,Preventive,0,,000130000267
WO-2131463,ASSET-00286,Preventive,0,,000130000267
WO-2131464,ASSET-00286,Preventive,0,,000130000267
WO-2131465,ASSET-00286,Preventive,0,,000130000267
WO-2131466,ASSET-00287,Preventive,0,,000130000268
WO-2131467,ASSET-00287,Preventive,0,,000130000268
WO-2131468,ASSET-00287,Corrective,32,259,000130000268
WO-2131469,ASSET-00288,Preventive,0,,000130000269
WO-2131470,ASSET-00288,Emergency,114,1533,000130000269
WO-2131471,ASSET-00288,Preventive,0,,000130000269
WO-2131472,ASSET-00288,Preventive,0,,000130000269
WO-2131473,ASSET-00288,Preventive,0,,000130000269
WO-2131474,ASSET-00289,Preventive,0,,000130000270
WO-2131475,ASSET-00289,Emergency,428,1357,000130000270
WO-2131476,ASSET-00289,Emergency,152,441,000130000270
WO-2131477,ASSET-00289,Corrective,57,436,000130000270
WO-2131478,ASSET-00289,Corrective,115,1812,000130000270
WO-2131479,ASSET-00289,Preventive,0,,000130000270
WO-2131480,ASSET-00290,Preventive,0,,000130000271
WO-2131481,ASSET-00290,Preventive,0,,000130000271
WO-2131482,ASSET-00290,Corrective,200,334,000130000271
WO-2131483,ASSET-00290,Preventive,0,,000130000271
WO-2131484,ASSET-00290,Preventive,0,,000130000271
WO-2131485,ASSET-00290,Preventive,0,,000130000271
WO-2131486,ASSET-00290,Preventive,0,,000130000271
WO-2131487,ASSET-00291,Corrective,201,735,000130000272
WO-2131488,ASSET-00291,Preventive,0,,000130000272
WO-2131489,ASSET-00291,Corrective,102,1603,000130000272
WO-2131490,ASSET-00291,Preventive,0,,000130000272
WO-2131491,ASSET-00292,Corrective,155,1030,000130000273
WO-2131492,ASSET-00292,Preventive,0,,000130000273
WO-2131493,ASSET-00292,Corrective,171,1087,000130000273
WO-2131494,ASSET-00292,Preventive,0,,000130000273
WO-2131495,ASSET-00292,Preventive,0,,000130000273
WO-2131496,ASSET-00292,Preventive,0,,000130000273
WO-2131497,ASSET-00292,Corrective,146,825,000130000273
WO-2131498,ASSET-00292,Preventive,0,,000130000273
WO-2131499,ASSET-00293,Corrective,213,1994,000130000274
WO-2131500,ASSET-00293,Preventive,0,,000130000274
WO-2131501,ASSET-00293,Preventive,0,,000130000274
WO-2131502,ASSET-00293,Preventive,0,,000130000274
WO-2131503,ASSET-00293,Preventive,0,,000130000274
WO-2131504,ASSET-00294,Preventive,0,,000130000275
WO-2131505,ASSET-00294,Corrective,85,947,000130000275
WO-2131506,ASSET-00294,Preventive,0,,000130000275
WO-2131507,ASSET-00294,Preventive,0,,000130000275
WO-2131508,ASSET-00294,Preventive,0,,000130000275
WO-2131509,ASSET-00294,Corrective,42,1257,000130000275
WO-2131510,ASSET-00294,Preventive,0,,000130000275
WO-2131511,ASSET-00294,Preventive,0,,000130000275
WO-2131512,ASSET-00294,Preventive,0,,000130000275
WO-2131513,ASSET-00295,Preventive,0,,000130000276
WO-2131514,ASSET-00295,Corrective,238,1498,000130000276
WO-2131515,ASSET-00295,Corrective,194,365,000130000276
WO-2131516,ASSET-00296,Preventive,0,,000130000277
WO-2131517,ASSET-00296,Corrective,104,402,000130000277
WO-2131518,ASSET-00296,Preventive,0,,000130000277
WO-2131519,ASSET-00297,Preventive,0,,000130000278
WO-2131520,ASSET-00297,Preventive,0,,000130000278
WO-2131521,ASSET-00297,Preventive,0,,000130000278
WO-2131522,ASSET-00297,Preventive,0,,000130000278
WO-2131523,ASSET-00297,Corrective,237,634,000130000278
WO-2131524,ASSET-00297,Preventive,0,,000130000278
WO-2131525,ASSET-00298,Corrective,235,877,000130000279
WO-2131526,ASSET-00298,Corrective,99,1008,000130000279
WO-2131527,ASSET-00299,Preventive,0,,000130000280
WO-2131528,ASSET-00299,Corrective,79,1376,000130000280
WO-2131529,ASSET-00299,Preventive,0,,000130000280
WO-2131530,ASSET-00299,Preventive,0,,000130000280
WO-2131531,ASSET-00300,Corrective,104,1373,000130000281
WO-2131532,ASSET-00300,Emergency,337,1229,000130000281
WO-2131533,ASSET-00301,Emergency,426,1723,000130000282
WO-2131534,ASSET-00301,Corrective,74,1577,000130000282
WO-2131535,ASSET-00301,Corrective,231,1091,000130000282
WO-2131536,ASSET-00301,Emergency,229,1548,000130000282
WO-2131537,ASSET-00302,Preventive,0,,000130000283
WO-2131538,ASSET-00302,Corrective,232,744,000130000283
WO-2131539,ASSET-00303,Preventive,0,,000130000284
WO-2131540,ASSET-00303,Corrective,68,1470,000130000284
WO-2131541,ASSET-00303,Preventive,0,,000130000284
WO-2131542,ASSET-00303,Preventive,0,,000130000284
WO-2131543,ASSET-00303,Corrective,46,785,000130000284
WO-2131544,ASSET-00304,Preventive,0,,000130000285
WO-2131545,ASSET-00305,Preventive,0,,000130000286
WO-2131546,ASSET-00305,Corrective,124,1832,000130000286
WO-2131547,ASSET-00305,Preventive,0,,000130000286
WO-2131548,ASSET-00306,Corrective,73,236,
WO-2131549,ASSET-00306,Corrective,190,1425,
WO-2131550,ASSET-00306,Corrective,128,1381,
WO-2131551,ASSET-00306,Corrective,173,1275,
WO-2131552,ASSET-00306,Preventive,0,,
WO-2131553,ASSET-00306,Preventive,0,,
WO-2131554,ASSET-00306,Emergency,505,619,
WO-2131555,ASSET-00307,Corrective,169,1904,000130000287
WO-2131556,ASSET-00307,Preventive,0,,000130000287
WO-2131557,ASSET-00307,Preventive,0,,000130000287
WO-2131558,ASSET-00308,Preventive,0,,000130000288
WO-2131559,ASSET-00308,Corrective,43,798,000130000288
WO-2131560,ASSET-00308,Preventive,0,,000130000288
WO-2131561,ASSET-00308,Emergency,217,1875,000130000288
WO-2131562,ASSET-00308,Corrective,168,504,000130000288
WO-2131563,ASSET-00308,Preventive,0,,000130000288
WO-2131564,ASSET-00309,Corrective,202,1784,000130000289
WO-2131565,ASSET-00309,Preventive,0,,000130000289
WO-2131566,ASSET-00309,Corrective,60,1274,000130000289
WO-2131567,ASSET-00309,Preventive,0,,000130000289
WO-2131568,ASSET-00309,Preventive,0,,000130000289
WO-2131569,ASSET-00309,Emergency,160,1715,000130000289
WO-2131570,ASSET-00309,Preventive,0,,000130000289
WO-2131571,ASSET-00310,Corrective,134,1505,000130000290
WO-2131572,ASSET-00310,Preventive,0,,000130000290
WO-2131573,ASSET-00310,Preventive,0,,000130000290
WO-2131574,ASSET-00310,Preventive,0,,000130000290
WO-2131575,ASSET-00311,Corrective,148,764,000130000291
WO-2131576,ASSET-00311,Preventive,0,,000130000291
WO-2131577,ASSET-00311,Preventive,0,,000130000291
WO-2131578,ASSET-00311,Corrective,38,1138,000130000291
WO-2131579,ASSET-00311,Preventive,0,,000130000291
WO-2131580,ASSET-00312,Corrective,131,339,000130000292
WO-2131581,ASSET-00312,Preventive,0,,000130000292
WO-2131582,ASSET-00312,Corrective,85,1654,000130000292
WO-2131583,ASSET-00312,Preventive,0,,000130000292
WO-2131584,ASSET-00312,Preventive,0,,000130000292
WO-2131585,ASSET-00313,Corrective,191,601,000130000293
WO-2131586,ASSET-00313,Preventive,0,,000130000293
WO-2131587,ASSET-00313,Corrective,81,259,000130000293
WO-2131588,ASSET-00313,Emergency,170,1779,000130000293
WO-2131589,ASSET-00313,Corrective,221,1010,000130000293
WO-2131590,ASSET-00314,Preventive,0,,000130000294
WO-2131591,ASSET-00314,Emergency,141,1735,000130000294
WO-2131592,ASSET-00314,Corrective,225,1091,000130000294
WO-2131593,ASSET-00314,Corrective,225,1614,000130000294
WO-2131594,ASSET-00315,Preventive,0,,000130000295
WO-2131595,ASSET-00315,Corrective,86,1136,000130000295
WO-2131596,ASSET-00316,Corrective,167,559,000130000296
WO-2131597,ASSET-00316,Preventive,0,,000130000296
WO-2131598,ASSET-00316,Corrective,72,1847,000130000296
WO-2131599,ASSET-00316,Preventive,0,,000130000296
WO-2131600,ASSET-00316,Corrective,139,1376,000130000296
WO-2131601,ASSET-00317,Corrective,35,1238,000130000297
WO-2131602,ASSET-00317,Corrective,32,210,000130000297
WO-2131603,ASSET-00317,Preventive,0,,000130000297
WO-2131604,ASSET-00317,Emergency,331,593,000130000297
WO-2131605,ASSET-00318,Preventive,0,,
WO-2131606,ASSET-00318,Preventive,0,,
WO-2131607,ASSET-00318,Corrective,65,446,
WO-2131608,ASSET-00319,Preventive,0,,000130000298
WO-2131609,ASSET-00319,Preventive,0,,000130000298
WO-2131610,ASSET-00319,Emergency,495,1801,000130000298
WO-2131611,ASSET-00319,Corrective,55,1139,000130000298
WO-2131612,ASSET-00319,Corrective,187,1337,000130000298
WO-2131613,ASSET-00319,Preventive,0,,000130000298
WO-2131614,ASSET-00320,Corrective,201,232,000130000299
WO-2131615,ASSET-00320,Preventive,0,,000130000299
WO-2131616,ASSET-00320,Preventive,0,,000130000299
WO-2131617,ASSET-00320,Corrective,112,1023,000130000299
WO-2131618,ASSET-00320,Preventive,0,,000130000299
WO-2131619,ASSET-00320,Corrective,55,675,000130000299
WO-2131620,ASSET-00320,Preventive,0,,000130000299
WO-2131621,ASSET-00320,Preventive,0,,000130000299
WO-2131622,ASSET-00320,Emergency,199,1690,000130000299
WO-2131623,ASSET-00321,Preventive,0,,000130000300
WO-2131624,ASSET-00321,Corrective,229,1972,000130000300
WO-2131625,ASSET-00321,Corrective,233,952,000130000300
WO-2131626,ASSET-00321,Preventive,0,,000130000300
WO-2131627,ASSET-00321,Preventive,0,,000130000300
WO-2131628,ASSET-00321,Preventive,0,,000130000300
WO-2131629,ASSET-00321,Emergency,245,1391,000130000300
WO-2131630,ASSET-00322,Preventive,0,,000130000301
WO-2131631,ASSET-00322,Emergency,453,1241,000130000301
WO-2131632,ASSET-00322,Preventive,0,,000130000301
WO-2131633,ASSET-00322,Preventive,0,,000130000301
WO-2131634,ASSET-00323,Preventive,0,,000130000302
WO-2131635,ASSET-00323,Preventive,0,,000130000302
WO-2131636,ASSET-00323,Corrective,179,1576,000130000302
WO-2131637,ASSET-00323,Preventive,0,,000130000302
WO-2131638,ASSET-00323,Preventive,0,,000130000302
WO-2131639,ASSET-00324,Emergency,374,686,000130000303
WO-2131640,ASSET-00324,Preventive,0,,000130000303
WO-2131641,ASSET-00324,Preventive,0,,000130000303
WO-2131642,ASSET-00324,Preventive,0,,000130000303
WO-2131643,ASSET-00325,Preventive,0,,000130000304
WO-2131644,ASSET-00325,Preventive,0,,000130000304
WO-2131645,ASSET-00325,Preventive,0,,000130000304
WO-2131646,ASSET-00325,Emergency,594,1544,000130000304
WO-2131647,ASSET-00325,Corrective,91,290,000130000304
WO-2131648,ASSET-00326,Emergency,354,1428,000130000305
WO-2131649,ASSET-00326,Preventive,0,,000130000305
WO-2131650,ASSET-00327,Preventive,0,,000130000306
WO-2131651,ASSET-00327,Corrective,229,950,000130000306
WO-2131652,ASSET-00327,Preventive,0,,000130000306
WO-2131653,ASSET-00327,Preventive,0,,000130000306
WO-2131654,ASSET-00327,Corrective,55,1260,000130000306
WO-2131655,ASSET-00328,Corrective,180,987,000130000307
WO-2131656,ASSET-00328,Preventive,0,,000130000307
WO-2131657,ASSET-00328,Corrective,84,798,000130000307
WO-2131658,ASSET-00329,Preventive,0,,000130000308
WO-2131659,ASSET-00329,Corrective,38,1542,000130000308
WO-2131660,ASSET-00329,Corrective,40,393,000130000308
WO-2131661,ASSET-00329,Preventive,0,,000130000308
WO-2131662,ASSET-00329,Corrective,224,803,000130000308
WO-2131663,ASSET-00329,Preventive,0,,000130000308
WO-2131664,ASSET-00330,Corrective,199,715,000130000309
WO-2131665,ASSET-00330,Preventive,0,,000130000309
WO-2131666,ASSET-00330,Corrective,228,1460,000130000309
WO-2131667,ASSET-00331,Preventive,0,,000130000310
WO-2131668,ASSET-00331,Emergency,295,1320,000130000310
WO-2131669,ASSET-00331,Preventive,0,,000130000310
WO-2131670,ASSET-00332,Emergency,579,471,000130000311
WO-2131671,ASSET-00332,Emergency,208,682,000130000311
WO-2131672,ASSET-00332,Preventive,0,,000130000311
WO-2131673,ASSET-00332,Preventive,0,,000130000311
WO-2131674,ASSET-00332,Corrective,218,1549,000130000311
WO-2131675,ASSET-00332,Emergency,180,1889,000130000311
WO-2131676,ASSET-00332,Corrective,196,1920,000130000311
WO-2131677,ASSET-00333,Emergency,224,805,000130000312
WO-2131678,ASSET-00333,Corrective,74,1435,000130000312
WO-2131679,ASSET-00333,Preventive,0,,000130000312
WO-2131680,ASSET-00333,Preventive,0,,000130000312
WO-2131681,ASSET-00333,Preventive,0,,000130000312
WO-2131682,ASSET-00333,Preventive,0,,000130000312
WO-2131683,ASSET-00333,Corrective,124,401,000130000312
WO-2131684,ASSET-00333,Corrective,238,1649,000130000312
WO-2131685,ASSET-00333,Corrective,114,426,000130000312
WO-2131686,ASSET-00333,Corrective,210,309,000130000312
WO-2131687,ASSET-00333,Preventive,0,,000130000312
WO-2131688,ASSET-00334,Preventive,0,,000130000314
WO-2131689,ASSET-00334,Corrective,194,970,000130000314
WO-2131690,ASSET-00334,Preventive,0,,000130000314
WO-2131691,ASSET-00334,Preventive,0,,000130000314
WO-2131692,ASSET-00334,Preventive,0,,000130000314
WO-2131693,ASSET-00335,Preventive,0,,000130000315
WO-2131694,ASSET-00335,Preventive,0,,000130000315
WO-2131695,ASSET-00335,Corrective,229,521,000130000315
WO-2131696,ASSET-00335,Corrective,218,222,000130000315
WO-2131697,ASSET-00335,Corrective,46,672,000130000315
WO-2131698,ASSET-00335,Corrective,170,1241,000130000315
WO-2131699,ASSET-00336,Emergency,442,1526,000130000316
WO-2131700,ASSET-00336,Corrective,182,1125,000130000316
WO-2131701,ASSET-00336,Corrective,181,1631,000130000316
WO-2131702,ASSET-00336,Preventive,0,,000130000316
WO-2131703,ASSET-00336,Preventive,0,,000130000316
WO-2131704,ASSET-00336,Emergency,369,534,000130000316
WO-2131705,ASSET-00337,Preventive,0,,000130000317
WO-2131706,ASSET-00337,Corrective,188,252,000130000317
WO-2131707,ASSET-00337,Corrective,122,921,000130000317
WO-2131708,ASSET-00337,Preventive,0,,000130000317
WO-2131709,ASSET-00337,Preventive,0,,000130000317
WO-2131710,ASSET-00337,Preventive,0,,000130000317
WO-2131711,ASSET-00338,Emergency,555,539,000130000318
WO-2131712,ASSET-00338,Preventive,0,,000130000318
WO-2131713,ASSET-00339,Corrective,46,955,
WO-2131714,ASSET-00339,Preventive,0,,
WO-2131715,ASSET-00339,Corrective,159,1405,
WO-2131716,ASSET-00339,Emergency,453,1668,
WO-2131717,ASSET-00340,Corrective,97,839,000130000319
WO-2131718,ASSET-00340,Preventive,0,,000130000319
WO-2131719,ASSET-00340,Preventive,0,,000130000319
WO-2131720,ASSET-00340,Preventive,0,,000130000319
WO-2131721,ASSET-00341,Preventive,0,,000130000320
WO-2131722,ASSET-00341,Preventive,0,,000130000320
WO-2131723,ASSET-00341,Corrective,155,238,000130000320
WO-2131724,ASSET-00342,Preventive,0,,000130000321
WO-2131725,ASSET-00342,Preventive,0,,000130000321
WO-2131726,ASSET-00342,Corrective,202,907,000130000321
WO-2131727,ASSET-00342,Corrective,134,1099,000130000321
WO-2131728,ASSET-00342,Preventive,0,,000130000321
WO-2131729,ASSET-00343,Corrective,160,529,000130000322
WO-2131730,ASSET-00343,Emergency,117,1890,000130000322
WO-2131731,ASSET-00343,Emergency,435,739,000130000322
WO-2131732,ASSET-00343,Preventive,0,,000130000322
WO-2131733,ASSET-00343,Preventive,0,,000130000322
WO-2131734,ASSET-00343,Corrective,67,729,000130000322
WO-2131735,ASSET-00343,Corrective,147,1767,000130000322
WO-2131736,ASSET-00344,Preventive,0,,000130000323
WO-2131737,ASSET-00344,Preventive,0,,000130000323
WO-2131738,ASSET-00344,Preventive,0,,000130000323
WO-2131739,ASSET-00344,Preventive,0,,000130000323
WO-2131740,ASSET-00344,Preventive,0,,000130000323
WO-2131741,ASSET-00344,Corrective,238,1072,000130000323
WO-2131742,ASSET-00344,Preventive,0,,000130000323
WO-2131743,ASSET-00344,Emergency,150,574,000130000323
WO-2131744,ASSET-00344,Corrective,103,529,000130000323
WO-2131745,ASSET-00344,Preventive,0,,000130000323
WO-2131746,ASSET-00345,Corrective,75,1299,000130000325
WO-2131747,ASSET-00345,Emergency,80,685,000130000325
WO-2131748,ASSET-00345,Preventive,0,,000130000325
WO-2131749,ASSET-00345,Preventive,0,,000130000325
WO-2131750,ASSET-00345,Corrective,49,491,000130000325
WO-2131751,ASSET-00346,Corrective,195,1256,000130000326
WO-2131752,ASSET-00346,Corrective,50,828,000130000326
WO-2131753,ASSET-00346,Preventive,0,,000130000326
WO-2131754,ASSET-00347,Corrective,76,1549,000130000327
WO-2131755,ASSET-00347,Preventive,0,,000130000327
WO-2131756,ASSET-00347,Preventive,0,,000130000327
WO-2131757,ASSET-00347,Corrective,133,900,000130000327
WO-2131758,ASSET-00348,Corrective,170,667,000130000328
WO-2131759,ASSET-00348,Corrective,152,1718,000130000328
WO-2131760,ASSET-00348,Preventive,0,,000130000328
WO-2131761,ASSET-00348,Preventive,0,,000130000328
WO-2131762,ASSET-00348,Preventive,0,,000130000328
WO-2131763,ASSET-00349,Corrective,53,1878,000130000329
WO-2131764,ASSET-00349,Preventive,0,,000130000329
WO-2131765,ASSET-00349,Corrective,52,1434,000130000329
WO-2131766,ASSET-00349,Preventive,0,,000130000329
WO-2131767,ASSET-00350,Corrective,187,1241,000130000330
WO-2131768,ASSET-00350,Corrective,76,1106,000130000330
WO-2131769,ASSET-00350,Corrective,196,1719,000130000330
WO-2131770,ASSET-00350,Preventive,0,,000130000330
WO-2131771,ASSET-00351,Preventive,0,,000130000331
WO-2131772,ASSET-00351,Corrective,195,1589,000130000331
WO-2131773,ASSET-00351,Preventive,0,,000130000331
WO-2131774,ASSET-00351,Corrective,198,820,000130000331
WO-2131775,ASSET-00352,Preventive,0,,000130000332
WO-2131776,ASSET-00352,Preventive,0,,000130000332
WO-2131777,ASSET-00352,Corrective,222,1008,000130000332
WO-2131778,ASSET-00352,Corrective,99,670,000130000332
WO-2131779,ASSET-00353,Preventive,0,,000130000333
WO-2131780,ASSET-00353,Emergency,598,930,000130000333
WO-2131781,ASSET-00353,Preventive,0,,000130000333
WO-2131782,ASSET-00353,Preventive,0,,000130000333
WO-2131783,ASSET-00353,Preventive,0,,000130000333
WO-2131784,ASSET-00354,Preventive,0,,000130000334
WO-2131785,ASSET-00354,Preventive,0,,000130000334
WO-2131786,ASSET-00354,Preventive,0,,000130000334
WO-2131787,ASSET-00354,Emergency,533,1671,000130000334
WO-2131788,ASSET-00354,Corrective,52,1842,000130000334
WO-2131789,ASSET-00354,Corrective,110,1686,000130000334
WO-2131790,ASSET-00355,Preventive,0,,000130000335
WO-2131791,ASSET-00355,Preventive,0,,000130000335
WO-2131792,ASSET-00355,Corrective,65,1338,000130000335
WO-2131793,ASSET-00355,Preventive,0,,000130000335
WO-2131794,ASSET-00356,Emergency,597,1478,
WO-2131795,ASSET-00356,Corrective,107,774,
WO-2131796,ASSET-00356,Corrective,65,1773,
WO-2131797,ASSET-00356,Emergency,241,1956,
WO-2131798,ASSET-00356,Corrective,148,1019,
WO-2131799,ASSET-00357,Preventive,0,,000130000336
WO-2131800,ASSET-00357,Emergency,241,1384,000130000336
WO-2131801,ASSET-00357,Preventive,0,,000130000336
WO-2131802,ASSET-00357,Preventive,0,,000130000336
WO-2131803,ASSET-00357,Preventive,0,,000130000336
WO-2131804,ASSET-00357,Corrective,138,530,000130000336
WO-2131805,ASSET-00357,Preventive,0,,000130000336
WO-2131806,ASSET-00357,Preventive,0,,000130000336
WO-2131807,ASSET-00358,Preventive,0,,000130000337
WO-2131808,ASSET-00358,Preventive,0,,000130000337
WO-2131809,ASSET-00358,Corrective,94,1537,000130000337
WO-2131810,ASSET-00358,Preventive,0,,000130000337
WO-2131811,ASSET-00358,Preventive,0,,000130000337
WO-2131812,ASSET-00358,Preventive,0,,000130000337
WO-2131813,ASSET-00359,Corrective,72,859,
WO-2131814,ASSET-00359,Corrective,55,1325,
WO-2131815,ASSET-00359,Preventive,0,,
WO-2131816,ASSET-00359,Preventive,0,,
WO-2131817,ASSET-00359,Preventive,0,,
WO-2131818,ASSET-00359,Preventive,0,,
WO-2131819,ASSET-00359,Emergency,319,864,
WO-2131820,ASSET-00360,Emergency,394,561,000130000338
WO-2131821,ASSET-00360,Preventive,0,,000130000338
WO-2131822,ASSET-00360,Emergency,72,1338,000130000338
WO-2131823,ASSET-00360,Preventive,0,,000130000338
WO-2131824,ASSET-00361,Preventive,0,,000130000339
WO-2131825,ASSET-00361,Preventive,0,,000130000339
WO-2131826,ASSET-00361,Preventive,0,,000130000339
WO-2131827,ASSET-00361,Preventive,0,,000130000339
WO-2131828,ASSET-00361,Preventive,0,,000130000339
WO-2131829,ASSET-00361,Preventive,0,,000130000339
WO-2131830,ASSET-00361,Preventive,0,,000130000339
WO-2131831,ASSET-00361,Preventive,0,,000130000339
WO-2131832,ASSET-00362,Corrective,64,230,000130000340
WO-2131833,ASSET-00362,Corrective,135,1731,000130000340
WO-2131834,ASSET-00362,Preventive,0,,000130000340
WO-2131835,ASSET-00362,Corrective,146,1226,000130000340
WO-2131836,ASSET-00362,Preventive,0,,000130000340
WO-2131837,ASSET-00362,Preventive,0,,000130000340
WO-2131838,ASSET-00362,Emergency,147,575,000130000340
WO-2131839,ASSET-00362,Preventive,0,,000130000340
WO-2131840,ASSET-00363,Preventive,0,,000130000341
WO-2131841,ASSET-00363,Preventive,0,,000130000341
WO-2131842,ASSET-00363,Emergency,509,1417,000130000341
WO-2131843,ASSET-00363,Preventive,0,,000130000341
WO-2131844,ASSET-00363,Preventive,0,,000130000341
WO-2131845,ASSET-00363,Emergency,499,1818,000130000341
WO-2131846,ASSET-00363,Preventive,0,,000130000341
WO-2131847,ASSET-00364,Corrective,59,296,000130000342
WO-2131848,ASSET-00364,Preventive,0,,000130000342
WO-2131849,ASSET-00364,Corrective,62,677,000130000342
WO-2131850,ASSET-00364,Corrective,58,1489,000130000342
WO-2131851,ASSET-00364,Preventive,0,,000130000342
WO-2131852,ASSET-00364,Preventive,0,,000130000342
WO-2131853,ASSET-00364,Preventive,0,,000130000342
WO-2131854,ASSET-00364,Corrective,65,1678,000130000342
WO-2131855,ASSET-00365,Corrective,140,1294,000130000343
WO-2131856,ASSET-00366,Preventive,0,,000130000344
WO-2131857,ASSET-00366,Preventive,0,,000130000344
WO-2131858,ASSET-00366,Emergency,165,472,000130000344
WO-2131859,ASSET-00367,Preventive,0,,000130000345
WO-2131860,ASSET-00367,Preventive,0,,000130000345
WO-2131861,ASSET-00367,Preventive,0,,000130000345
WO-2131862,ASSET-00367,Preventive,0,,000130000345
WO-2131863,ASSET-00368,Emergency,438,1512,
WO-2131864,ASSET-00368,Preventive,0,,
WO-2131865,ASSET-00368,Corrective,49,644,
WO-2131866,ASSET-00368,Preventive,0,,
WO-2131867,ASSET-00368,Corrective,118,274,
WO-2131868,ASSET-00368,Preventive,0,,
WO-2131869,ASSET-00369,Corrective,158,1959,000130000346
WO-2131870,ASSET-00369,Preventive,0,,000130000346
WO-2131871,ASSET-00369,Preventive,0,,000130000346
WO-2131872,ASSET-00370,Corrective,57,472,000130000347
WO-2131873,ASSET-00370,Preventive,0,,000130000347
WO-2131874,ASSET-00370,Emergency,246,1218,000130000347
WO-2131875,ASSET-00370,Preventive,0,,000130000347
WO-2131876,ASSET-00370,Corrective,90,1380,000130000347
WO-2131877,ASSET-00370,Preventive,0,,000130000347
WO-2131878,ASSET-00370,Preventive,0,,000130000347
WO-2131879,ASSET-00371,Corrective,191,1998,000130000348
WO-2131880,ASSET-00371,Corrective,178,1490,000130000348
WO-2131881,ASSET-00371,Corrective,233,733,000130000348
WO-2131882,ASSET-00371,Preventive,0,,000130000348
WO-2131883,ASSET-00371,Preventive,0,,000130000348
WO-2131884,ASSET-00372,Emergency,457,749,
WO-2131885,ASSET-00372,Corrective,41,291,
WO-2131886,ASSET-00372,Preventive,0,,
WO-2131887,ASSET-00372,Corrective,166,1335,
WO-2131888,ASSET-00373,Preventive,0,,000130000349
WO-2131889,ASSET-00373,Preventive,0,,000130000349
WO-2131890,ASSET-00373,Corrective,198,1034,000130000349
WO-2131891,ASSET-00373,Preventive,0,,000130000349
WO-2131892,ASSET-00373,Preventive,0,,000130000349
WO-2131893,ASSET-00373,Preventive,0,,000130000349
WO-2131894,ASSET-00374,Preventive,0,,000130000350
WO-2131895,ASSET-00374,Preventive,0,,000130000350
WO-2131896,ASSET-00374,Emergency,419,1561,000130000350
WO-2131897,ASSET-00374,Preventive,0,,000130000350
WO-2131898,ASSET-00374,Corrective,49,1642,000130000350
WO-2131899,ASSET-00374,Corrective,31,1146,000130000350
WO-2131900,ASSET-00374,Corrective,155,703,000130000350
WO-2131901,ASSET-00375,Preventive,0,,000130000351
WO-2131902,ASSET-00375,Preventive,0,,000130000351
WO-2131903,ASSET-00375,Corrective,183,979,000130000351
WO-2131904,ASSET-00375,Corrective,163,1753,000130000351
WO-2131905,ASSET-00375,Corrective,54,204,000130000351
WO-2131906,ASSET-00375,Preventive,0,,000130000351
WO-2131907,ASSET-00376,Corrective,169,914,000130000352
WO-2131908,ASSET-00376,Corrective,144,1116,000130000352
WO-2131909,ASSET-00376,Preventive,0,,000130000352
WO-2131910,ASSET-00376,Emergency,340,1346,000130000352
WO-2131911,ASSET-00376,Emergency,71,326,000130000352
WO-2131912,ASSET-00376,Emergency,332,1090,000130000352
WO-2131913,ASSET-00377,Preventive,0,,000130000353
WO-2131914,ASSET-00377,Preventive,0,,000130000353
WO-2131915,ASSET-00377,Preventive,0,,000130000353
WO-2131916,ASSET-00377,Preventive,0,,000130000353
WO-2131917,ASSET-00378,Corrective,49,1702,000130000354
WO-2131918,ASSET-00378,Preventive,0,,000130000354
WO-2131919,ASSET-00378,Preventive,0,,000130000354
WO-2131920,ASSET-00378,Preventive,0,,000130000354
WO-2131921,ASSET-00378,Corrective,229,287,000130000354
WO-2131922,ASSET-00379,Corrective,191,1817,000130000355
WO-2131923,ASSET-00379,Emergency,179,559,000130000355
WO-2131924,ASSET-00379,Preventive,0,,000130000355
WO-2131925,ASSET-00380,Corrective,129,430,000130000356
WO-2131926,ASSET-00380,Emergency,425,387,000130000356
WO-2131927,ASSET-00380,Preventive,0,,000130000356
WO-2131928,ASSET-00380,Preventive,0,,000130000356
WO-2131929,ASSET-00381,Preventive,0,,000130000357
WO-2131930,ASSET-00381,Corrective,107,407,000130000357
WO-2131931,ASSET-00381,Preventive,0,,000130000357
WO-2131932,ASSET-00381,Preventive,0,,000130000357
WO-2131933,ASSET-00381,Corrective,217,1817,000130000357
WO-2131934,ASSET-00381,Preventive,0,,000130000357
WO-2131935,ASSET-00381,Corrective,72,342,000130000357
WO-2131936,ASSET-00381,Preventive,0,,000130000357
WO-2131937,ASSET-00381,Corrective,92,1908,000130000357
WO-2131938,ASSET-00382,Preventive,0,,
WO-2131939,ASSET-00382,Emergency,362,221,
WO-2131940,ASSET-00382,Corrective,146,1581,
WO-2131941,ASSET-00383,Corrective,107,698,000130000358
WO-2131942,ASSET-00383,Preventive,0,,000130000358
WO-2131943,ASSET-00383,Emergency,73,1073,000130000358
WO-2131944,ASSET-00383,Preventive,0,,000130000358
WO-2131945,ASSET-00384,Corrective,189,742,000130000359
WO-2131946,ASSET-00384,Preventive,0,,000130000359
WO-2131947,ASSET-00384,Preventive,0,,000130000359
WO-2131948,ASSET-00385,Corrective,68,1734,000130000360
WO-2131949,ASSET-00385,Preventive,0,,000130000360
WO-2131950,ASSET-00385,Preventive,0,,000130000360
WO-2131951,ASSET-00385,Corrective,200,347,000130000360
WO-2131952,ASSET-00385,Preventive,0,,000130000360
WO-2131953,ASSET-00385,Preventive,0,,000130000360
WO-2131954,ASSET-00385,Preventive,0,,000130000360
WO-2131955,ASSET-00385,Preventive,0,,000130000360
WO-2131956,ASSET-00386,Corrective,226,1505,000130000361
WO-2131957,ASSET-00386,Preventive,0,,000130000361
WO-2131958,ASSET-00387,Preventive,0,,
WO-2131959,ASSET-00387,Corrective,199,1034,
WO-2131960,ASSET-00387,Preventive,0,,
WO-2131961,ASSET-00387,Emergency,240,794,
WO-2131962,ASSET-00387,Corrective,190,1405,
WO-2131963,ASSET-00388,Corrective,105,1721,000130000362
WO-2131964,ASSET-00388,Corrective,121,1210,000130000362
WO-2131965,ASSET-00388,Preventive,0,,000130000362
WO-2131966,ASSET-00388,Preventive,0,,000130000362
WO-2131967,ASSET-00388,Corrective,125,1920,000130000362
WO-2131968,ASSET-00389,Preventive,0,,000130000363
WO-2131969,ASSET-00389,Emergency,127,1591,000130000363
WO-2131970,ASSET-00389,Emergency,104,1887,000130000363
WO-2131971,ASSET-00390,Emergency,365,1041,000130000364
WO-2131972,ASSET-00390,Corrective,166,498,000130000364
WO-2131973,ASSET-00390,Corrective,233,1759,000130000364
WO-2131974,ASSET-00391,Emergency,530,614,000130000365
WO-2131975,ASSET-00391,Preventive,0,,000130000365
WO-2131976,ASSET-00391,Preventive,0,,000130000365
WO-2131977,ASSET-00392,Emergency,404,1074,000130000367
WO-2131978,ASSET-00392,Preventive,0,,000130000367
WO-2131979,ASSET-00392,Preventive,0,,000130000367
WO-2131980,ASSET-00392,Emergency,96,1843,000130000367
WO-2131981,ASSET-00392,Corrective,145,1624,000130000367
WO-2131982,ASSET-00393,Preventive,0,,000130000368
WO-2131983,ASSET-00393,Preventive,0,,000130000368
WO-2131984,ASSET-00393,Preventive,0,,000130000368
WO-2131985,ASSET-00393,Corrective,77,224,000130000368
WO-2131986,ASSET-00393,Corrective,139,753,000130000368
WO-2131987,ASSET-00394,Corrective,155,1056,000130000369
WO-2131988,ASSET-00394,Corrective,72,1206,000130000369
WO-2131989,ASSET-00394,Emergency,289,1974,000130000369
WO-2131990,ASSET-00394,Preventive,0,,000130000369
WO-2131991,ASSET-00394,Corrective,221,533,000130000369
WO-2131992,ASSET-00394,Preventive,0,,000130000369
WO-2131993,ASSET-00394,Corrective,151,1674,000130000369
WO-2131994,ASSET-00394,Preventive,0,,000130000369
WO-2131995,ASSET-00395,Preventive,0,,000130000370
WO-2131996,ASSET-00395,Corrective,141,527,000130000370
WO-2131997,ASSET-00395,Emergency,81,1496,000130000370
WO-2131998,ASSET-00395,Emergency,343,1188,000130000370
WO-2131999,ASSET-00395,Preventive,0,,000130000370
WO-2132000,ASSET-00396,Corrective,145,991,000130000371
WO-2132001,ASSET-00396,Preventive,0,,000130000371
WO-2132002,ASSET-00396,Preventive,0,,000130000371
WO-2132003,ASSET-00396,Emergency,405,1623,000130000371
WO-2132004,ASSET-00397,Corrective,41,882,000130000372
WO-2132005,ASSET-00397,Emergency,216,1513,000130000372
WO-2132006,ASSET-00397,Preventive,0,,000130000372
WO-2132007,ASSET-00397,Preventive,0,,000130000372
WO-2132008,ASSET-00397,Preventive,0,,000130000372
WO-2132009,ASSET-00398,Preventive,0,,000130000373
WO-2132010,ASSET-00398,Preventive,0,,000130000373
WO-2132011,ASSET-00398,Preventive,0,,000130000373
WO-2132012,ASSET-00398,Corrective,58,1500,000130000373
WO-2132013,ASSET-00398,Preventive,0,,000130000373
WO-2132014,ASSET-00398,Preventive,0,,000130000373
WO-2132015,ASSET-00398,Corrective,113,356,000130000373
WO-2132016,ASSET-00399,Preventive,0,,000130000374
WO-2132017,ASSET-00399,Corrective,89,532,000130000374
WO-2132018,ASSET-00399,Preventive,0,,000130000374
WO-2132019,ASSET-00399,Preventive,0,,000130000374
WO-2132020,ASSET-00399,Emergency,293,1484,000130000374
WO-2132021,ASSET-00399,Preventive,0,,000130000374
WO-2132022,ASSET-00400,Preventive,0,,000130000375
WO-2132023,ASSET-00400,Preventive,0,,000130000375
WO-2132024,ASSET-00400,Corrective,193,1538,000130000375
WO-2132025,ASSET-00400,Preventive,0,,000130000375
WO-2132026,ASSET-00400,Corrective,33,916,000130000375
WO-2132027,ASSET-00401,Preventive,0,,000130000376
WO-2132028,ASSET-00401,Preventive,0,,000130000376
WO-2132029,ASSET-00401,Preventive,0,,000130000376
WO-2132030,ASSET-00401,Corrective,33,624,000130000376
WO-2132031,ASSET-00402,Preventive,0,,
WO-2132032,ASSET-00402,Emergency,228,538,
WO-2132033,ASSET-00402,Corrective,35,1713,
WO-2132034,ASSET-00402,Preventive,0,,
WO-2132035,ASSET-00402,Preventive,0,,
WO-2132036,ASSET-00402,Corrective,154,937,
WO-2132037,ASSET-00403,Preventive,0,,000130000377
WO-2132038,ASSET-00403,Preventive,0,,000130000377
WO-2132039,ASSET-00403,Corrective,228,1469,000130000377
WO-2132040,ASSET-00403,Preventive,0,,000130000377
WO-2132041,ASSET-00403,Preventive,0,,000130000377
WO-2132042,ASSET-00403,Preventive,0,,000130000377
WO-2132043,ASSET-00403,Preventive,0,,000130000377
WO-2132044,ASSET-00403,Corrective,238,1939,000130000377
WO-2132045,ASSET-00404,Preventive,0,,
WO-2132046,ASSET-00404,Preventive,0,,
WO-2132047,ASSET-00404,Corrective,126,331,
WO-2132048,ASSET-00404,Preventive,0,,
WO-2132049,ASSET-00404,Emergency,292,1268,
WO-2132050,ASSET-00405,Emergency,513,1287,000130000378
WO-2132051,ASSET-00405,Emergency,374,1951,000130000378
WO-2132052,ASSET-00405,Preventive,0,,000130000378
WO-2132053,ASSET-00405,Preventive,0,,000130000378
WO-2132054,ASSET-00405,Preventive,0,,000130000378
WO-2132055,ASSET-00405,Preventive,0,,000130000378
WO-2132056,ASSET-00406,Preventive,0,,000130000379
WO-2132057,ASSET-00406,Corrective,157,1593,000130000379
WO-2132058,ASSET-00406,Preventive,0,,000130000379
WO-2132059,ASSET-00406,Preventive,0,,000130000379
WO-2132060,ASSET-00406,Corrective,121,372,000130000379
WO-2132061,ASSET-00407,Preventive,0,,000130000380
WO-2132062,ASSET-00407,Corrective,233,474,000130000380
WO-2132063,ASSET-00407,Corrective,61,424,000130000380
WO-2132064,ASSET-00407,Preventive,0,,000130000380
WO-2132065,ASSET-00407,Corrective,95,1958,000130000380
WO-2132066,ASSET-00407,Preventive,0,,000130000380
WO-2132067,ASSET-00408,Emergency,103,1763,000130000381
WO-2132068,ASSET-00408,Preventive,0,,000130000381
WO-2132069,ASSET-00408,Corrective,91,311,000130000381
WO-2132070,ASSET-00408,Preventive,0,,000130000381
WO-2132071,ASSET-00409,Preventive,0,,000130000382
WO-2132072,ASSET-00409,Preventive,0,,000130000382
WO-2132073,ASSET-00409,Preventive,0,,000130000382
WO-2132074,ASSET-00409,Corrective,147,918,000130000382
WO-2132075,ASSET-00409,Preventive,0,,000130000382
WO-2132076,ASSET-00409,Corrective,169,476,000130000382
WO-2132077,ASSET-00410,Preventive,0,,
WO-2132078,ASSET-00410,Preventive,0,,
WO-2132079,ASSET-00410,Corrective,48,1807,
WO-2132080,ASSET-00410,Preventive,0,,
WO-2132081,ASSET-00410,Corrective,102,1924,
WO-2132082,ASSET-00410,Corrective,59,1651,
WO-2132083,ASSET-00410,Preventive,0,,
WO-2132084,ASSET-00411,Preventive,0,,000130000383
WO-2132085,ASSET-00411,Preventive,0,,000130000383
WO-2132086,ASSET-00411,Emergency,485,566,000130000383
WO-2132087,ASSET-00411,Emergency,349,700,000130000383
WO-2132088,ASSET-00411,Preventive,0,,000130000383
WO-2132089,ASSET-00411,Preventive,0,,000130000383
WO-2132090,ASSET-00411,Preventive,0,,000130000383
WO-2132091,ASSET-00411,Emergency,382,1288,000130000383
WO-2132092,ASSET-00412,Preventive,0,,000130000384
WO-2132093,ASSET-00412,Preventive,0,,000130000384
WO-2132094,ASSET-00412,Corrective,58,201,000130000384
WO-2132095,ASSET-00412,Preventive,0,,000130000384
WO-2132096,ASSET-00412,Preventive,0,,000130000384
WO-2132097,ASSET-00413,Emergency,523,1122,000130000385
WO-2132098,ASSET-00413,Preventive,0,,000130000385
WO-2132099,ASSET-00413,Preventive,0,,000130000385
WO-2132100,ASSET-00413,Preventive,0,,000130000385
WO-2132101,ASSET-00413,Preventive,0,,000130000385
WO-2132102,ASSET-00413,Corrective,183,1860,000130000385
WO-2132103,ASSET-00414,Corrective,236,208,000130000386
WO-2132104,ASSET-00414,Preventive,0,,000130000386
WO-2132105,ASSET-00414,Corrective,153,1374,000130000386
WO-2132106,ASSET-00414,Preventive,0,,000130000386
WO-2132107,ASSET-00414,Emergency,346,1646,000130000386
WO-2132108,ASSET-00415,Preventive,0,,000130000387
WO-2132109,ASSET-00415,Preventive,0,,000130000387
WO-2132110,ASSET-00415,Preventive,0,,000130000387
WO-2132111,ASSET-00415,Preventive,0,,000130000387
WO-2132112,ASSET-00416,Corrective,140,1350,000130000388
WO-2132113,ASSET-00416,Corrective,173,425,000130000388
WO-2132114,ASSET-00416,Preventive,0,,000130000388
WO-2132115,ASSET-00417,Emergency,480,828,
WO-2132116,ASSET-00417,Preventive,0,,
WO-2132117,ASSET-00417,Preventive,0,,
WO-2132118,ASSET-00418,Preventive,0,,000130000389
WO-2132119,ASSET-00418,Preventive,0,,000130000389
WO-2132120,ASSET-00418,Preventive,0,,000130000389
WO-2132121,ASSET-00418,Preventive,0,,000130000389
WO-2132122,ASSET-00418,Preventive,0,,000130000389
WO-2132123,ASSET-00418,Preventive,0,,000130000389
WO-2132124,ASSET-00419,Preventive,0,,000130000390
WO-2132125,ASSET-00419,Preventive,0,,000130000390
WO-2132126,ASSET-00419,Preventive,0,,000130000390
WO-2132127,ASSET-00419,Preventive,0,,000130000390
WO-2132128,ASSET-00419,Corrective,189,622,000130000390
WO-2132129,ASSET-00420,Preventive,0,,000130000391
WO-2132130,ASSET-00420,Corrective,167,1947,000130000391
WO-2132131,ASSET-00420,Preventive,0,,000130000391
WO-2132132,ASSET-00421,Preventive,0,,000130000392
WO-2132133,ASSET-00421,Preventive,0,,000130000392
WO-2132134,ASSET-00421,Preventive,0,,000130000392
WO-2132135,ASSET-00421,Preventive,0,,000130000392
WO-2132136,ASSET-00422,Preventive,0,,000130000393
WO-2132137,ASSET-00422,Preventive,0,,000130000393
WO-2132138,ASSET-00422,Corrective,208,1166,000130000393
WO-2132139,ASSET-00422,Corrective,84,348,000130000393
WO-2132140,ASSET-00423,Corrective,154,813,000130000394
WO-2132141,ASSET-00423,Emergency,491,1324,000130000394
WO-2132142,ASSET-00423,Preventive,0,,000130000394
WO-2132143,ASSET-00423,Preventive,0,,000130000394
WO-2132144,ASSET-00423,Preventive,0,,000130000394
WO-2132145,ASSET-00423,Preventive,0,,000130000394
WO-2132146,ASSET-00423,Corrective,202,857,000130000394
WO-2132147,ASSET-00423,Corrective,124,1878,000130000394
WO-2132148,ASSET-00423,Corrective,167,969,000130000394
WO-2132149,ASSET-00424,Preventive,0,,000130000395
WO-2132150,ASSET-00424,Corrective,73,1203,000130000395
WO-2132151,ASSET-00424,Corrective,135,590,000130000395
WO-2132152,ASSET-00424,Preventive,0,,000130000395
WO-2132153,ASSET-00424,Preventive,0,,000130000395
WO-2132154,ASSET-00424,Corrective,161,560,000130000395
WO-2132155,ASSET-00424,Preventive,0,,000130000395
WO-2132156,ASSET-00424,Preventive,0,,000130000395
WO-2132157,ASSET-00425,Corrective,110,1596,000130000396
WO-2132158,ASSET-00425,Preventive,0,,000130000396
WO-2132159,ASSET-00426,Preventive,0,,000130000397
WO-2132160,ASSET-00426,Preventive,0,,000130000397
WO-2132161,ASSET-00427,Corrective,210,509,000130000398
WO-2132162,ASSET-00427,Preventive,0,,000130000398
WO-2132163,ASSET-00427,Corrective,87,1999,000130000398
WO-2132164,ASSET-00427,Preventive,0,,000130000398
WO-2132165,ASSET-00428,Preventive,0,,000130000399
WO-2132166,ASSET-00428,Preventive,0,,000130000399
WO-2132167,ASSET-00428,Corrective,159,405,000130000399
WO-2132168,ASSET-00428,Preventive,0,,000130000399
WO-2132169,ASSET-00429,Preventive,0,,000130000400
WO-2132170,ASSET-00429,Preventive,0,,000130000400
WO-2132171,ASSET-00429,Preventive,0,,000130000400
WO-2132172,ASSET-00430,Preventive,0,,000130000401
WO-2132173,ASSET-00430,Corrective,188,963,000130000401
WO-2132174,ASSET-00430,Preventive,0,,000130000401
WO-2132175,ASSET-00430,Preventive,0,,000130000401
WO-2132176,ASSET-00430,Preventive,0,,000130000401
WO-2132177,ASSET-00430,Preventive,0,,000130000401
WO-2132178,ASSET-00430,Corrective,204,1139,000130000401
WO-2132179,ASSET-00430,Preventive,0,,000130000401
WO-2132180,ASSET-00430,Preventive,0,,000130000401
WO-2132181,ASSET-00430,Preventive,0,,000130000401
WO-2132182,ASSET-00430,Emergency,247,913,000130000401
WO-2132183,ASSET-00431,Preventive,0,,000130000402
WO-2132184,ASSET-00431,Corrective,240,401,000130000402
WO-2132185,ASSET-00431,Preventive,0,,000130000402
WO-2132186,ASSET-00431,Emergency,406,1757,000130000402
WO-2132187,ASSET-00431,Emergency,442,474,000130000402
WO-2132188,ASSET-00431,Preventive,0,,000130000402
WO-2132189,ASSET-00431,Preventive,0,,000130000402
WO-2132190,ASSET-00431,Corrective,111,397,000130000402
WO-2132191,ASSET-00431,Emergency,137,419,000130000402
WO-2132192,ASSET-00431,Preventive,0,,000130000402
WO-2132193,ASSET-00431,Preventive,0,,000130000402
WO-2132194,ASSET-00432,Preventive,0,,000130000403
WO-2132195,ASSET-00432,Preventive,0,,000130000403
WO-2132196,ASSET-00432,Preventive,0,,000130000403
WO-2132197,ASSET-00432,Corrective,147,1505,000130000403
WO-2132198,ASSET-00432,Preventive,0,,000130000403
WO-2132199,ASSET-00432,Corrective,240,1777,000130000403
WO-2132200,ASSET-00432,Emergency,150,639,000130000403
WO-2132201,ASSET-00432,Preventive,0,,000130000403
WO-2132202,ASSET-00432,Corrective,47,1964,000130000403
WO-2132203,ASSET-00432,Corrective,215,217,000130000403
WO-2132204,ASSET-00432,Emergency,274,1209,000130000403
WO-2132205,ASSET-00433,Preventive,0,,000130000404
WO-2132206,ASSET-00433,Preventive,0,,000130000404
WO-2132207,ASSET-00433,Preventive,0,,000130000404
WO-2132208,ASSET-00433,Corrective,233,1460,000130000404
WO-2132209,ASSET-00433,Preventive,0,,000130000404
WO-2132210,ASSET-00433,Emergency,114,708,000130000404
WO-2132211,ASSET-00434,Emergency,218,1205,000130000405
WO-2132212,ASSET-00434,Corrective,199,1030,000130000405
WO-2132213,ASSET-00434,Corrective,101,1555,000130000405
WO-2132214,ASSET-00434,Preventive,0,,000130000405
WO-2132215,ASSET-00435,Corrective,73,972,000130000406
WO-2132216,ASSET-00435,Preventive,0,,000130000406
WO-2132217,ASSET-00435,Emergency,151,468,000130000406
WO-2132218,ASSET-00435,Corrective,65,1556,000130000406
WO-2132219,ASSET-00435,Preventive,0,,000130000406
WO-2132220,ASSET-00435,Preventive,0,,000130000406
WO-2132221,ASSET-00435,Corrective,39,1709,000130000406
WO-2132222,ASSET-00436,Preventive,0,,000130000407
WO-2132223,ASSET-00436,Preventive,0,,000130000407
WO-2132224,ASSET-00436,Corrective,160,1622,000130000407
WO-2132225,ASSET-00436,Corrective,144,1809,000130000407
WO-2132226,ASSET-00436,Corrective,95,688,000130000407
WO-2132227,ASSET-00436,Corrective,67,686,000130000407
WO-2132228,ASSET-00436,Preventive,0,,000130000407
WO-2132229,ASSET-00437,Preventive,0,,000130000408
WO-2132230,ASSET-00437,Preventive,0,,000130000408
WO-2132231,ASSET-00437,Preventive,0,,000130000408
WO-2132232,ASSET-00437,Preventive,0,,000130000408
WO-2132233,ASSET-00437,Preventive,0,,000130000408
WO-2132234,ASSET-00438,Corrective,105,1127,000130000409
WO-2132235,ASSET-00438,Preventive,0,,000130000409
WO-2132236,ASSET-00438,Preventive,0,,000130000409
WO-2132237,ASSET-00439,Preventive,0,,000130000410
WO-2132238,ASSET-00439,Preventive,0,,000130000410
WO-2132239,ASSET-00439,Corrective,212,1476,000130000410
WO-2132240,ASSET-00439,Corrective,66,1985,000130000410
WO-2132241,ASSET-00439,Preventive,0,,000130000410
WO-2132242,ASSET-00439,Preventive,0,,000130000410
WO-2132243,ASSET-00439,Corrective,30,1200,000130000410
WO-2132244,ASSET-00439,Emergency,428,1780,000130000410
WO-2132245,ASSET-00440,Corrective,125,674,000130000411
WO-2132246,ASSET-00440,Corrective,145,345,000130000411
WO-2132247,ASSET-00440,Preventive,0,,000130000411
WO-2132248,ASSET-00440,Corrective,63,1525,000130000411
WO-2132249,ASSET-00440,Corrective,124,1695,000130000411
WO-2132250,ASSET-00441,Preventive,0,,000130000412
WO-2132251,ASSET-00441,Preventive,0,,000130000412
WO-2132252,ASSET-00441,Corrective,157,1948,000130000412
WO-2132253,ASSET-00441,Preventive,0,,000130000412
WO-2132254,ASSET-00441,Preventive,0,,000130000412
WO-2132255,ASSET-00441,Corrective,155,1964,000130000412
WO-2132256,ASSET-00441,Corrective,231,1086,000130000412
WO-2132257,ASSET-00441,Corrective,178,1332,000130000412
WO-2132258,ASSET-00442,Preventive,0,,000130000413
WO-2132259,ASSET-00442,Corrective,211,264,000130000413
WO-2132260,ASSET-00442,Preventive,0,,000130000413
WO-2132261,ASSET-00442,Preventive,0,,000130000413
WO-2132262,ASSET-00443,Preventive,0,,000130000414
WO-2132263,ASSET-00443,Corrective,85,1192,000130000414
WO-2132264,ASSET-00443,Preventive,0,,000130000414
WO-2132265,ASSET-00443,Preventive,0,,000130000414
WO-2132266,ASSET-00443,Corrective,176,615,000130000414
WO-2132267,ASSET-00443,Corrective,41,342,000130000414
WO-2132268,ASSET-00444,Corrective,99,1712,000130000415
WO-2132269,ASSET-00444,Preventive,0,,000130000415
WO-2132270,ASSET-00444,Corrective,99,566,000130000415
WO-2132271,ASSET-00445,Preventive,0,,000130000416
WO-2132272,ASSET-00445,Preventive,0,,000130000416
WO-2132273,ASSET-00445,Preventive,0,,000130000416
WO-2132274,ASSET-00445,Emergency,145,540,000130000416
WO-2132275,ASSET-00445,Preventive,0,,000130000416
WO-2132276,ASSET-00445,Emergency,217,1574,000130000416
WO-2132277,ASSET-00445,Preventive,0,,000130000416
WO-2132278,ASSET-00446,Emergency,494,1784,000130000417
WO-2132279,ASSET-00446,Emergency,290,1175,000130000417
WO-2132280,ASSET-00447,Preventive,0,,000130000418
WO-2132281,ASSET-00447,Corrective,221,1910,000130000418
WO-2132282,ASSET-00447,Preventive,0,,000130000418
WO-2132283,ASSET-00447,Preventive,0,,000130000418
WO-2132284,ASSET-00447,Corrective,190,1942,000130000418
WO-2132285,ASSET-00448,Preventive,0,,000130000419
WO-2132286,ASSET-00448,Preventive,0,,000130000419
WO-2132287,ASSET-00448,Emergency,258,1404,000130000419
WO-2132288,ASSET-00448,Corrective,216,1593,000130000419
WO-2132289,ASSET-00449,Preventive,0,,000130000420
WO-2132290,ASSET-00449,Preventive,0,,000130000420
WO-2132291,ASSET-00449,Preventive,0,,000130000420
WO-2132292,ASSET-00449,Corrective,106,1916,000130000420
WO-2132293,ASSET-00449,Preventive,0,,000130000420
WO-2132294,ASSET-00449,Preventive,0,,000130000420
WO-2132295,ASSET-00450,Preventive,0,,000130000421
WO-2132296,ASSET-00450,Preventive,0,,000130000421
WO-2132297,ASSET-00450,Corrective,107,624,000130000421
WO-2132298,ASSET-00450,Emergency,176,329,000130000421
WO-2132299,ASSET-00451,Preventive,0,,000130000422
WO-2132300,ASSET-00451,Preventive,0,,000130000422
WO-2132301,ASSET-00451,Preventive,0,,000130000422
WO-2132302,ASSET-00452,Preventive,0,,000130000423
WO-2132303,ASSET-00452,Corrective,87,1588,000130000423
WO-2132304,ASSET-00452,Preventive,0,,000130000423
WO-2132305,ASSET-00452,Corrective,222,1339,000130000423
WO-2132306,ASSET-00452,Corrective,198,1773,000130000423
WO-2132307,ASSET-00452,Preventive,0,,000130000423
WO-2132308,ASSET-00453,Preventive,0,,000130000424
WO-2132309,ASSET-00453,Preventive,0,,000130000424
WO-2132310,ASSET-00453,Corrective,120,1512,000130000424
WO-2132311,ASSET-00453,Preventive,0,,000130000424
WO-2132312,ASSET-00453,Preventive,0,,000130000424
WO-2132313,ASSET-00453,Preventive,0,,000130000424
WO-2132314,ASSET-00453,Preventive,0,,000130000424
WO-2132315,ASSET-00454,Preventive,0,,000130000425
WO-2132316,ASSET-00455,Preventive,0,,000130000426
WO-2132317,ASSET-00455,Preventive,0,,000130000426
WO-2132318,ASSET-00455,Corrective,150,1764,000130000426
WO-2132319,ASSET-00455,Corrective,206,558,000130000426
WO-2132320,ASSET-00455,Preventive,0,,000130000426
WO-2132321,ASSET-00456,Preventive,0,,000130000427
WO-2132322,ASSET-00456,Corrective,197,616,000130000427
WO-2132323,ASSET-00456,Corrective,69,1878,000130000427
WO-2132324,ASSET-00456,Preventive,0,,000130000427
WO-2132325,ASSET-00457,Preventive,0,,000130000428
WO-2132326,ASSET-00457,Corrective,128,543,000130000428
WO-2132327,ASSET-00457,Preventive,0,,000130000428
WO-2132328,ASSET-00458,Preventive,0,,000130000429
WO-2132329,ASSET-00458,Preventive,0,,000130000429
WO-2132330,ASSET-00458,Preventive,0,,000130000429
WO-2132331,ASSET-00458,Preventive,0,,000130000429
WO-2132332,ASSET-00458,Preventive,0,,000130000429
WO-2132333,ASSET-00459,Preventive,0,,
WO-2132334,ASSET-00459,Preventive,0,,
WO-2132335,ASSET-00459,Emergency,184,1576,
WO-2132336,ASSET-00459,Preventive,0,,
WO-2132337,ASSET-00459,Preventive,0,,
WO-2132338,ASSET-00459,Preventive,0,,
WO-2132339,ASSET-00459,Preventive,0,,
WO-2132340,ASSET-00460,Preventive,0,,000130000430
WO-2132341,ASSET-00460,Preventive,0,,000130000430
WO-2132342,ASSET-00460,Preventive,0,,000130000430
WO-2132343,ASSET-00460,Corrective,184,1918,000130000430
WO-2132344,ASSET-00461,Emergency,348,1285,000130000431
WO-2132345,ASSET-00461,Corrective,85,335,000130000431
WO-2132346,ASSET-00462,Corrective,41,1300,000130000432
WO-2132347,ASSET-00462,Corrective,145,1697,000130000432
WO-2132348,ASSET-00462,Preventive,0,,000130000432
WO-2132349,ASSET-00462,Preventive,0,,000130000432
WO-2132350,ASSET-00463,Preventive,0,,000130000433
WO-2132351,ASSET-00463,Preventive,0,,000130000433
WO-2132352,ASSET-00463,Emergency,478,564,000130000433
WO-2132353,ASSET-00463,Preventive,0,,000130000433
WO-2132354,ASSET-00463,Emergency,523,1756,000130000433
WO-2132355,ASSET-00463,Corrective,129,1531,000130000433
WO-2132356,ASSET-00464,Preventive,0,,000130000434
WO-2132357,ASSET-00464,Preventive,0,,000130000434
WO-2132358,ASSET-00464,Preventive,0,,000130000434
WO-2132359,ASSET-00464,Preventive,0,,000130000434
WO-2132360,ASSET-00464,Corrective,73,1687,000130000434
WO-2132361,ASSET-00465,Emergency,156,710,
WO-2132362,ASSET-00465,Corrective,126,1566,
WO-2132363,ASSET-00465,Preventive,0,,
WO-2132364,ASSET-00465,Corrective,238,660,
WO-2132365,ASSET-00465,Preventive,0,,
WO-2132366,ASSET-00465,Preventive,0,,
WO-2132367,ASSET-00466,Corrective,205,1167,000130000435
WO-2132368,ASSET-00466,Emergency,253,1435,000130000435
WO-2132369,ASSET-00467,Preventive,0,,000130000436
WO-2132370,ASSET-00467,Preventive,0,,000130000436
WO-2132371,ASSET-00467,Preventive,0,,000130000436
WO-2132372,ASSET-00468,Corrective,136,1220,000130000437
WO-2132373,ASSET-00468,Emergency,521,1341,000130000437
WO-2132374,ASSET-00468,Corrective,210,1571,000130000437
WO-2132375,ASSET-00468,Emergency,121,1509,000130000437
WO-2132376,ASSET-00468,Preventive,0,,000130000437
WO-2132377,ASSET-00468,Preventive,0,,000130000437
WO-2132378,ASSET-00468,Corrective,66,317,000130000437
WO-2132379,ASSET-00469,Corrective,31,1112,000130000438
WO-2132380,ASSET-00469,Emergency,336,1167,000130000438
WO-2132381,ASSET-00469,Corrective,235,1263,000130000438
WO-2132382,ASSET-00469,Corrective,121,1164,000130000438
WO-2132383,ASSET-00469,Preventive,0,,000130000438
WO-2132384,ASSET-00469,Preventive,0,,000130000438
WO-2132385,ASSET-00470,Corrective,105,722,000130000439
WO-2132386,ASSET-00470,Corrective,145,897,000130000439
WO-2132387,ASSET-00470,Corrective,157,1268,000130000439
WO-2132388,ASSET-00470,Emergency,364,894,000130000439
WO-2132389,ASSET-00470,Corrective,117,778,000130000439
WO-2132390,ASSET-00470,Preventive,0,,000130000439
WO-2132391,ASSET-00470,Preventive,0,,000130000439
WO-2132392,ASSET-00471,Preventive,0,,000130000440
WO-2132393,ASSET-00471,Corrective,172,553,000130000440
WO-2132394,ASSET-00471,Corrective,201,1706,000130000440
WO-2132395,ASSET-00471,Preventive,0,,000130000440
WO-2132396,ASSET-00471,Corrective,179,592,000130000440
WO-2132397,ASSET-00472,Preventive,0,,000130000441
WO-2132398,ASSET-00472,Corrective,215,1298,000130000441
WO-2132399,ASSET-00472,Preventive,0,,000130000441
WO-2132400,ASSET-00472,Preventive,0,,000130000441
WO-2132401,ASSET-00472,Corrective,152,1385,000130000441
WO-2132402,ASSET-00472,Preventive,0,,000130000441
WO-2132403,ASSET-00472,Preventive,0,,000130000441
WO-2132404,ASSET-00472,Preventive,0,,000130000441
WO-2132405,ASSET-00473,Corrective,46,299,000130000442
WO-2132406,ASSET-00473,Corrective,65,1482,000130000442
WO-2132407,ASSET-00473,Corrective,155,1574,000130000442
WO-2132408,ASSET-00474,Preventive,0,,000130000443
WO-2132409,ASSET-00474,Preventive,0,,000130000443
WO-2132410,ASSET-00474,Emergency,158,1512,000130000443
WO-2132411,ASSET-00474,Preventive,0,,000130000443
WO-2132412,ASSET-00474,Corrective,38,725,000130000443
WO-2132413,ASSET-00475,Preventive,0,,
WO-2132414,ASSET-00475,Preventive,0,,
WO-2132415,ASSET-00475,Preventive,0,,
WO-2132416,ASSET-00475,Corrective,126,1212,
WO-2132417,ASSET-00475,Corrective,141,1756,
WO-2132418,ASSET-00475,Preventive,0,,
WO-2132419,ASSET-00476,Corrective,150,1198,000130000445
WO-2132420,ASSET-00476,Preventive,0,,000130000445
WO-2132421,ASSET-00477,Preventive,0,,000130000446
WO-2132422,ASSET-00477,Corrective,31,333,000130000446
WO-2132423,ASSET-00477,Preventive,0,,000130000446
WO-2132424,ASSET-00478,Preventive,0,,000130000447
WO-2132425,ASSET-00478,Corrective,200,1955,000130000447
WO-2132426,ASSET-00478,Preventive,0,,000130000447
WO-2132427,ASSET-00478,Preventive,0,,000130000447
WO-2132428,ASSET-00479,Preventive,0,,000130000448
WO-2132429,ASSET-00479,Preventive,0,,000130000448
WO-2132430,ASSET-00479,Corrective,155,768,000130000448
WO-2132431,ASSET-00479,Preventive,0,,000130000448
WO-2132432,ASSET-00479,Preventive,0,,000130000448
WO-2132433,ASSET-00479,Preventive,0,,000130000448
WO-2132434,ASSET-00479,Corrective,130,780,000130000448
WO-2132435,ASSET-00479,Corrective,227,947,000130000448
WO-2132436,ASSET-00479,Corrective,84,1447,000130000448
WO-2132437,ASSET-00480,Corrective,178,1080,000130000449
WO-2132438,ASSET-00480,Preventive,0,,000130000449
WO-2132439,ASSET-00480,Preventive,0,,000130000449
WO-2132440,ASSET-00480,Corrective,183,412,000130000449
WO-2132441,ASSET-00480,Preventive,0,,000130000449
WO-2132442,ASSET-00480,Preventive,0,,000130000449
WO-2132443,ASSET-00480,Corrective,44,1707,000130000449
WO-2132444,ASSET-00481,Corrective,220,510,000130000450
WO-2132445,ASSET-00481,Corrective,76,522,000130000450
WO-2132446,ASSET-00481,Corrective,219,1686,000130000450
WO-2132447,ASSET-00481,Corrective,186,1575,000130000450
WO-2132448,ASSET-00481,Corrective,180,1838,000130000450
WO-2132449,ASSET-00481,Corrective,136,446,000130000450
WO-2132450,ASSET-00481,Emergency,417,1493,000130000450
WO-2132451,ASSET-00482,Corrective,173,547,000130000451
WO-2132452,ASSET-00482,Preventive,0,,000130000451
WO-2132453,ASSET-00482,Corrective,68,1008,000130000451
WO-2132454,ASSET-00483,Preventive,0,,000130000452
WO-2132455,ASSET-00484,Corrective,185,941,000130000453
WO-2132456,ASSET-00484,Preventive,0,,000130000453
WO-2132457,ASSET-00484,Preventive,0,,000130000453
WO-2132458,ASSET-00484,Corrective,67,411,000130000453
WO-2132459,ASSET-00484,Preventive,0,,000130000453
WO-2132460,ASSET-00484,Corrective,218,1867,000130000453
WO-2132461,ASSET-00484,Corrective,132,1707,000130000453
WO-2132462,ASSET-00484,Emergency,541,1498,000130000453
WO-2132463,ASSET-00485,Corrective,97,1574,000130000454
WO-2132464,ASSET-00485,Preventive,0,,000130000454
WO-2132465,ASSET-00485,Preventive,0,,000130000454
WO-2132466,ASSET-00485,Preventive,0,,000130000454
WO-2132467,ASSET-00485,Preventive,0,,000130000454
WO-2132468,ASSET-00485,Corrective,226,1020,000130000454
WO-2132469,ASSET-00485,Preventive,0,,000130000454
WO-2132470,ASSET-00486,Preventive,0,,000130000455
WO-2132471,ASSET-00486,Corrective,173,1124,000130000455
WO-2132472,ASSET-00486,Corrective,48,1079,000130000455
WO-2132473,ASSET-00486,Preventive,0,,000130000455
WO-2132474,ASSET-00487,Corrective,74,781,
WO-2132475,ASSET-00487,Preventive,0,,
WO-2132476,ASSET-00487,Corrective,63,1075,
WO-2132477,ASSET-00487,Preventive,0,,
WO-2132478,ASSET-00487,Preventive,0,,
WO-2132479,ASSET-00487,Corrective,108,710,
WO-2132480,ASSET-00488,Emergency,451,1945,000130000456
WO-2132481,ASSET-00488,Preventive,0,,000130000456
WO-2132482,ASSET-00489,Preventive,0,,000130000457
WO-2132483,ASSET-00489,Corrective,106,710,000130000457
WO-2132484,ASSET-00489,Corrective,205,1808,000130000457
WO-2132485,ASSET-00489,Preventive,0,,000130000457
WO-2132486,ASSET-00489,Emergency,359,355,000130000457
WO-2132487,ASSET-00489,Preventive,0,,000130000457
WO-2132488,ASSET-00490,Preventive,0,,000130000458
WO-2132489,ASSET-00490,Corrective,138,1998,000130000458
WO-2132490,ASSET-00490,Corrective,82,442,000130000458
WO-2132491,ASSET-00490,Preventive,0,,000130000458
WO-2132492,ASSET-00490,Corrective,155,1056,000130000458
WO-2132493,ASSET-00491,Preventive,0,,000130000459
WO-2132494,ASSET-00491,Corrective,167,1530,000130000459
WO-2132495,ASSET-00491,Preventive,0,,000130000459
WO-2132496,ASSET-00491,Preventive,0,,000130000459
WO-2132497,ASSET-00491,Corrective,77,898,000130000459
WO-2132498,ASSET-00492,Preventive,0,,000130000460
WO-2132499,ASSET-00492,Preventive,0,,000130000460
WO-2132500,ASSET-00492,Corrective,199,606,000130000460
WO-2132501,ASSET-00493,Corrective,37,964,000130000461
WO-2132502,ASSET-00493,Preventive,0,,000130000461
WO-2132503,ASSET-00493,Emergency,292,206,000130000461
WO-2132504,ASSET-00493,Corrective,77,443,000130000461
WO-2132505,ASSET-00493,Preventive,0,,000130000461
WO-2132506,ASSET-00493,Corrective,176,749,000130000461
WO-2132507,ASSET-00494,Corrective,159,429,000130000462
WO-2132508,ASSET-00494,Corrective,104,849,000130000462
WO-2132509,ASSET-00494,Preventive,0,,000130000462
WO-2132510,ASSET-00494,Preventive,0,,000130000462
WO-2132511,ASSET-00494,Emergency,376,687,000130000462
WO-2132512,ASSET-00494,Preventive,0,,000130000462
WO-2132513,ASSET-00495,Corrective,148,502,000130000463
WO-2132514,ASSET-00495,Corrective,235,1545,000130000463
WO-2132515,ASSET-00495,Preventive,0,,000130000463
WO-2132516,ASSET-00495,Emergency,129,1411,000130000463
WO-2132517,ASSET-00495,Preventive,0,,000130000463
WO-2132518,ASSET-00495,Preventive,0,,000130000463
WO-2132519,ASSET-00495,Corrective,214,534,000130000463
WO-2132520,ASSET-00495,Corrective,213,1125,000130000463
WO-2132521,ASSET-00496,Preventive,0,,000130000464
WO-2132522,ASSET-00496,Preventive,0,,000130000464
WO-2132523,ASSET-00496,Corrective,60,209,000130000464
WO-2132524,ASSET-00496,Preventive,0,,000130000464
WO-2132525,ASSET-00496,Emergency,587,1823,000130000464
WO-2132526,ASSET-00496,Preventive,0,,000130000464
WO-2132527,ASSET-00497,Corrective,41,694,000130000465
WO-2132528,ASSET-00497,Preventive,0,,000130000465
WO-2132529,ASSET-00497,Preventive,0,,000130000465
WO-2132530,ASSET-00498,Corrective,202,777,000130000466
WO-2132531,ASSET-00498,Preventive,0,,000130000466
WO-2132532,ASSET-00498,Preventive,0,,000130000466
WO-2132533,ASSET-00499,Corrective,69,1289,000130000467
WO-2132534,ASSET-00499,Preventive,0,,000130000467
WO-2132535,ASSET-00499,Corrective,36,720,000130000467
WO-2132536,ASSET-00499,Corrective,205,1600,000130000467
WO-2132537,ASSET-00499,Preventive,0,,000130000467
WO-2132538,ASSET-00499,Preventive,0,,000130000467
WO-2132539,ASSET-00500,Preventive,0,,000130000468
WO-2132540,ASSET-00500,Preventive,0,,000130000468
WO-2132541,ASSET-00500,Preventive,0,,000130000468
WO-2132542,ASSET-00500,Corrective,190,1592,000130000468
WO-2132543,ASSET-00500,Emergency,477,1218,000130000468
WO-2132544,ASSET-00500,Preventive,0,,000130000468
WO-2132545,ASSET-00500,Preventive,0,,000130000468
WO-2132546,ASSET-00500,Corrective,129,1792,000130000468
WO-2132547,ASSET-00501,Corrective,52,559,000130000469
WO-2132548,ASSET-00501,Preventive,0,,000130000469
WO-2132549,ASSET-00501,Corrective,81,1201,000130000469
WO-2132550,ASSET-00501,Corrective,194,1099,000130000469
WO-2132551,ASSET-00501,Emergency,361,858,000130000469
WO-2132552,ASSET-00502,Preventive,0,,000130000470
WO-2132553,ASSET-00502,Preventive,0,,000130000470
WO-2132554,ASSET-00502,Preventive,0,,000130000470
WO-2132555,ASSET-00502,Preventive,0,,000130000470
WO-2132556,ASSET-00502,Preventive,0,,000130000470
WO-2132557,ASSET-00502,Corrective,193,782,000130000470
WO-2132558,ASSET-00502,Preventive,0,,000130000470
WO-2132559,ASSET-00502,Corrective,87,557,000130000470
WO-2132560,ASSET-00503,Preventive,0,,000130000471
WO-2132561,ASSET-00503,Preventive,0,,000130000471
WO-2132562,ASSET-00503,Preventive,0,,000130000471
WO-2132563,ASSET-00503,Corrective,95,264,000130000471
WO-2132564,ASSET-00503,Emergency,477,749,000130000471
WO-2132565,ASSET-00503,Emergency,475,756,000130000471
WO-2132566,ASSET-00503,Emergency,520,1120,000130000471
WO-2132567,ASSET-00503,Corrective,184,730,000130000471
WO-2132568,ASSET-00504,Emergency,150,1252,000130000472
WO-2132569,ASSET-00504,Preventive,0,,000130000472
WO-2132570,ASSET-00504,Preventive,0,,000130000472
WO-2132571,ASSET-00504,Corrective,106,595,000130000472
WO-2132572,ASSET-00504,Corrective,162,1948,000130000472
WO-2132573,ASSET-00505,Preventive,0,,000130000473
WO-2132574,ASSET-00505,Corrective,63,1837,000130000473
WO-2132575,ASSET-00505,Corrective,193,700,000130000473
WO-2132576,ASSET-00505,Corrective,128,926,000130000473
WO-2132577,ASSET-00505,Emergency,285,1811,000130000473
WO-2132578,ASSET-00505,Preventive,0,,000130000473
WO-2132579,ASSET-00505,Corrective,237,724,000130000473
WO-2132580,ASSET-00506,Corrective,194,744,000130000474
WO-2132581,ASSET-00506,Corrective,106,1954,000130000474
WO-2132582,ASSET-00506,Preventive,0,,000130000474
WO-2132583,ASSET-00507,Corrective,44,982,000130000475
WO-2132584,ASSET-00507,Corrective,179,1284,000130000475
WO-2132585,ASSET-00507,Corrective,78,895,000130000475
WO-2132586,ASSET-00507,Preventive,0,,000130000475
WO-2132587,ASSET-00508,Corrective,105,550,000130000476
WO-2132588,ASSET-00508,Preventive,0,,000130000476
WO-2132589,ASSET-00508,Corrective,186,512,000130000476
WO-2132590,ASSET-00509,Corrective,234,373,000130000477
WO-2132591,ASSET-00509,Emergency,285,1120,000130000477
WO-2132592,ASSET-00509,Preventive,0,,000130000477
WO-2132593,ASSET-00509,Preventive,0,,000130000477
WO-2132594,ASSET-00509,Preventive,0,,000130000477
WO-2132595,ASSET-00509,Preventive,0,,000130000477
WO-2132596,ASSET-00509,Preventive,0,,000130000477
WO-2132597,ASSET-00509,Preventive,0,,000130000477
WO-2132598,ASSET-00509,Emergency,407,603,000130000477
WO-2132599,ASSET-00509,Preventive,0,,000130000477
WO-2132600,ASSET-00510,Preventive,0,,000130000478
WO-2132601,ASSET-00510,Preventive,0,,000130000478
WO-2132602,ASSET-00510,Preventive,0,,000130000478
WO-2132603,ASSET-00511,Preventive,0,,000130000479
WO-2132604,ASSET-00511,Preventive,0,,000130000479
WO-2132605,ASSET-00511,Corrective,221,1215,000130000479
WO-2132606,ASSET-00511,Preventive,0,,000130000479
WO-2132607,ASSET-00511,Preventive,0,,000130000479
WO-2132608,ASSET-00511,Preventive,0,,000130000479
WO-2132609,ASSET-00511,Preventive,0,,000130000479
WO-2132610,ASSET-00511,Preventive,0,,000130000479
WO-2132611,ASSET-00512,Preventive,0,,000130000480
WO-2132612,ASSET-00512,Corrective,180,1852,000130000480
WO-2132613,ASSET-00512,Emergency,557,1144,000130000480
WO-2132614,ASSET-00512,Corrective,93,1806,000130000480
WO-2132615,ASSET-00513,Preventive,0,,000130000481
WO-2132616,ASSET-00513,Preventive,0,,000130000481
WO-2132617,ASSET-00513,Corrective,39,1700,000130000481
WO-2132618,ASSET-00513,Corrective,85,1192,000130000481
WO-2132619,ASSET-00513,Corrective,174,968,000130000481
WO-2132620,ASSET-00513,Preventive,0,,000130000481
WO-2132621,ASSET-00514,Emergency,595,746,000130000482
WO-2132622,ASSET-00514,Corrective,159,1339,000130000482
WO-2132623,ASSET-00514,Corrective,31,1075,000130000482
WO-2132624,ASSET-00514,Preventive,0,,000130000482
WO-2132625,ASSET-00514,Preventive,0,,000130000482
WO-2132626,ASSET-00514,Corrective,196,203,000130000482
WO-2132627,ASSET-00514,Corrective,215,657,000130000482
WO-2132628,ASSET-00515,Corrective,196,1426,000130000483
WO-2132629,ASSET-00515,Preventive,0,,000130000483
WO-2132630,ASSET-00515,Preventive,0,,000130000483
WO-2132631,ASSET-00515,Preventive,0,,000130000483
WO-2132632,ASSET-00515,Corrective,121,1218,000130000483
WO-2132633,ASSET-00515,Preventive,0,,000130000483
WO-2132634,ASSET-00515,Corrective,183,1526,000130000483
WO-2132635,ASSET-00516,Preventive,0,,000130000484
WO-2132636,ASSET-00516,Preventive,0,,000130000484
WO-2132637,ASSET-00516,Preventive,0,,000130000484
WO-2132638,ASSET-00516,Preventive,0,,000130000484
WO-2132639,ASSET-00516,Corrective,205,492,000130000484
WO-2132640,ASSET-00516,Corrective,31,1047,000130000484
WO-2132641,ASSET-00517,Preventive,0,,000130000485
WO-2132642,ASSET-00517,Emergency,479,1994,000130000485
WO-2132643,ASSET-00517,Preventive,0,,000130000485
WO-2132644,ASSET-00518,Preventive,0,,000130000486
WO-2132645,ASSET-00518,Preventive,0,,000130000486
WO-2132646,ASSET-00518,Corrective,151,1370,000130000486
WO-2132647,ASSET-00518,Preventive,0,,000130000486
WO-2132648,ASSET-00518,Preventive,0,,000130000486
WO-2132649,ASSET-00518,Preventive,0,,000130000486
WO-2132650,ASSET-00518,Emergency,354,1214,000130000486
WO-2132651,ASSET-00519,Emergency,549,431,000130000487
WO-2132652,ASSET-00519,Corrective,51,1070,000130000487
WO-2132653,ASSET-00519,Corrective,230,1687,000130000487
WO-2132654,ASSET-00519,Preventive,0,,000130000487
WO-2132655,ASSET-00519,Preventive,0,,000130000487
WO-2132656,ASSET-00519,Preventive,0,,000130000487
WO-2132657,ASSET-00519,Corrective,48,865,000130000487
WO-2132658,ASSET-00519,Corrective,144,780,000130000487
WO-2132659,ASSET-00519,Preventive,0,,000130000487
WO-2132660,ASSET-00520,Corrective,215,1538,000130000488
WO-2132661,ASSET-00520,Preventive,0,,000130000488
WO-2132662,ASSET-00520,Corrective,93,536,000130000488
WO-2132663,ASSET-00521,Preventive,0,,000130000489
WO-2132664,ASSET-00521,Preventive,0,,000130000489
WO-2132665,ASSET-00522,Corrective,102,1598,000130000490
WO-2132666,ASSET-00522,Preventive,0,,000130000490
WO-2132667,ASSET-00522,Preventive,0,,000130000490
WO-2132668,ASSET-00522,Preventive,0,,000130000490
WO-2132669,ASSET-00522,Preventive,0,,000130000490
WO-2132670,ASSET-00522,Corrective,126,1027,000130000490
WO-2132671,ASSET-00523,Corrective,235,886,000130000491
WO-2132672,ASSET-00523,Preventive,0,,000130000491
WO-2132673,ASSET-00523,Preventive,0,,000130000491
WO-2132674,ASSET-00523,Corrective,43,1875,000130000491
WO-2132675,ASSET-00524,Preventive,0,,000130000492
WO-2132676,ASSET-00524,Corrective,73,1414,000130000492
WO-2132677,ASSET-00524,Corrective,112,300,000130000492
WO-2132678,ASSET-00524,Preventive,0,,000130000492
WO-2132679,ASSET-00525,Preventive,0,,000130000493
WO-2132680,ASSET-00525,Corrective,191,1396,000130000493
WO-2132681,ASSET-00525,Emergency,221,310,000130000493
WO-2132682,ASSET-00525,Preventive,0,,000130000493
WO-2132683,ASSET-00525,Corrective,65,666,000130000493
WO-2132684,ASSET-00525,Preventive,0,,000130000493
WO-2132685,ASSET-00526,Preventive,0,,000130000494
WO-2132686,ASSET-00526,Preventive,0,,000130000494
WO-2132687,ASSET-00527,Preventive,0,,000130000495
WO-2132688,ASSET-00527,Corrective,129,474,000130000495
WO-2132689,ASSET-00527,Corrective,130,626,000130000495
WO-2132690,ASSET-00527,Corrective,50,246,000130000495
WO-2132691,ASSET-00527,Emergency,398,747,000130000495
WO-2132692,ASSET-00527,Corrective,228,1014,000130000495
WO-2132693,ASSET-00527,Corrective,205,1332,000130000495
WO-2132694,ASSET-00527,Preventive,0,,000130000495
WO-2132695,ASSET-00527,Preventive,0,,000130000495
WO-2132696,ASSET-00528,Corrective,65,1052,000130000496
WO-2132697,ASSET-00528,Preventive,0,,000130000496
WO-2132698,ASSET-00528,Preventive,0,,000130000496
WO-2132699,ASSET-00528,Corrective,145,1485,000130000496
WO-2132700,ASSET-00528,Corrective,216,240,000130000496
WO-2132701,ASSET-00529,Preventive,0,,000130000497
WO-2132702,ASSET-00529,Preventive,0,,000130000497
WO-2132703,ASSET-00529,Preventive,0,,000130000497
WO-2132704,ASSET-00529,Preventive,0,,000130000497
WO-2132705,ASSET-00529,Corrective,68,592,000130000497
WO-2132706,ASSET-00529,Preventive,0,,000130000497
WO-2132707,ASSET-00529,Preventive,0,,000130000497
WO-2132708,ASSET-00529,Corrective,134,1796,000130000497
WO-2132709,ASSET-00529,Preventive,0,,000130000497
WO-2132710,ASSET-00530,Corrective,141,1930,000130000498
WO-2132711,ASSET-00530,Preventive,0,,000130000498
WO-2132712,ASSET-00530,Preventive,0,,000130000498
WO-2132713,ASSET-00531,Preventive,0,,000130000499
WO-2132714,ASSET-00531,Preventive,0,,000130000499
WO-2132715,ASSET-00531,Corrective,53,773,000130000499
WO-2132716,ASSET-00531,Preventive,0,,000130000499
WO-2132717,ASSET-00532,Preventive,0,,000130000500
WO-2132718,ASSET-00532,Preventive,0,,000130000500
WO-2132719,ASSET-00532,Preventive,0,,000130000500
WO-2132720,ASSET-00532,Corrective,63,677,000130000500
WO-2132721,ASSET-00533,Corrective,124,328,000130000501
WO-2132722,ASSET-00533,Preventive,0,,000130000501
WO-2132723,ASSET-00533,Preventive,0,,000130000501
WO-2132724,ASSET-00533,Preventive,0,,000130000501
WO-2132725,ASSET-00533,Corrective,47,1748,000130000501
WO-2132726,ASSET-00533,Corrective,226,1988,000130000501
WO-2132727,ASSET-00533,Corrective,221,1833,000130000501
WO-2132728,ASSET-00534,Emergency,144,566,000130000502
WO-2132729,ASSET-00534,Preventive,0,,000130000502
WO-2132730,ASSET-00534,Preventive,0,,000130000502
WO-2132731,ASSET-00534,Preventive,0,,000130000502
WO-2132732,ASSET-00534,Corrective,155,1960,000130000502
WO-2132733,ASSET-00534,Preventive,0,,000130000502
WO-2132734,ASSET-00534,Preventive,0,,000130000502
WO-2132735,ASSET-00535,Preventive,0,,000130000503
WO-2132736,ASSET-00535,Emergency,159,615,000130000503
WO-2132737,ASSET-00535,Preventive,0,,000130000503
WO-2132738,ASSET-00535,Emergency,356,294,000130000503
WO-2132739,ASSET-00535,Preventive,0,,000130000503
WO-2132740,ASSET-00535,Corrective,187,426,000130000503
WO-2132741,ASSET-00536,Preventive,0,,000130000504
WO-2132742,ASSET-00536,Corrective,188,1886,000130000504
WO-2132743,ASSET-00537,Preventive,0,,000130000505
WO-2132744,ASSET-00537,Preventive,0,,000130000505
WO-2132745,ASSET-00537,Emergency,242,1953,000130000505
WO-2132746,ASSET-00537,Corrective,187,1927,000130000505
WO-2132747,ASSET-00537,Corrective,231,1610,000130000505
WO-2132748,ASSET-00537,Preventive,0,,000130000505
WO-2132749,ASSET-00538,Preventive,0,,000130000506
WO-2132750,ASSET-00538,Corrective,55,894,000130000506
WO-2132751,ASSET-00539,Corrective,143,1945,000130000507
WO-2132752,ASSET-00539,Corrective,56,611,000130000507
WO-2132753,ASSET-00539,Corrective,144,586,000130000507
WO-2132754,ASSET-00539,Corrective,192,321,000130000507
WO-2132755,ASSET-00539,Preventive,0,,000130000507
WO-2132756,ASSET-00539,Corrective,176,1169,000130000507
WO-2132757,ASSET-00540,Corrective,110,286,000130000508
WO-2132758,ASSET-00540,Preventive,0,,000130000508
WO-2132759,ASSET-00540,Preventive,0,,000130000508
WO-2132760,ASSET-00540,Preventive,0,,000130000508
WO-2132761,ASSET-00541,Emergency,138,560,000130000510
WO-2132762,ASSET-00541,Preventive,0,,000130000510
WO-2132763,ASSET-00541,Preventive,0,,000130000510
WO-2132764,ASSET-00542,Corrective,167,1541,000130000511
WO-2132765,ASSET-00542,Corrective,220,1959,000130000511
WO-2132766,ASSET-00542,Corrective,171,1131,000130000511
WO-2132767,ASSET-00543,Preventive,0,,000130000512
WO-2132768,ASSET-00543,Corrective,61,701,000130000512
WO-2132769,ASSET-00543,Preventive,0,,000130000512
WO-2132770,ASSET-00544,Preventive,0,,000130000513
WO-2132771,ASSET-00544,Preventive,0,,000130000513
WO-2132772,ASSET-00544,Preventive,0,,000130000513
WO-2132773,ASSET-00545,Preventive,0,,000130000514
WO-2132774,ASSET-00545,Corrective,144,754,000130000514
WO-2132775,ASSET-00545,Preventive,0,,000130000514
WO-2132776,ASSET-00545,Corrective,164,806,000130000514
WO-2132777,ASSET-00546,Emergency,134,879,000130000515
WO-2132778,ASSET-00546,Preventive,0,,000130000515
WO-2132779,ASSET-00546,Preventive,0,,000130000515
WO-2132780,ASSET-00546,Preventive,0,,000130000515
WO-2132781,ASSET-00546,Preventive,0,,000130000515
WO-2132782,ASSET-00546,Preventive,0,,000130000515
WO-2132783,ASSET-00547,Preventive,0,,000130000516
WO-2132784,ASSET-00547,Preventive,0,,000130000516
WO-2132785,ASSET-00547,Preventive,0,,000130000516
WO-2132786,ASSET-00547,Corrective,203,838,000130000516
WO-2132787,ASSET-00547,Corrective,155,954,000130000516
WO-2132788,ASSET-00548,Preventive,0,,000130000517
WO-2132789,ASSET-00548,Corrective,53,1834,000130000517
WO-2132790,ASSET-00548,Preventive,0,,000130000517
WO-2132791,ASSET-00548,Preventive,0,,000130000517
WO-2132792,ASSET-00548,Preventive,0,,000130000517
WO-2132793,ASSET-00548,Preventive,0,,000130000517
WO-2132794,ASSET-00548,Preventive,0,,000130000517
WO-2132795,ASSET-00548,Preventive,0,,000130000517
WO-2132796,ASSET-00549,Preventive,0,,000130000518
WO-2132797,ASSET-00549,Preventive,0,,000130000518
WO-2132798,ASSET-00549,Preventive,0,,000130000518
WO-2132799,ASSET-00550,Preventive,0,,000130000519
WO-2132800,ASSET-00550,Preventive,0,,000130000519
WO-2132801,ASSET-00550,Preventive,0,,000130000519
WO-2132802,ASSET-00550,Emergency,246,228,000130000519
WO-2132803,ASSET-00551,Corrective,214,813,000130000520
WO-2132804,ASSET-00551,Preventive,0,,000130000520
WO-2132805,ASSET-00551,Corrective,82,1338,000130000520
WO-2132806,ASSET-00552,Preventive,0,,000130000521
WO-2132807,ASSET-00552,Corrective,145,318,000130000521
WO-2132808,ASSET-00552,Preventive,0,,000130000521
WO-2132809,ASSET-00552,Corrective,121,349,000130000521
WO-2132810,ASSET-00553,Corrective,176,231,000130000522
WO-2132811,ASSET-00553,Preventive,0,,000130000522
WO-2132812,ASSET-00554,Preventive,0,,000130000523
WO-2132813,ASSET-00554,Corrective,92,1033,000130000523
WO-2132814,ASSET-00554,Preventive,0,,000130000523
WO-2132815,ASSET-00554,Corrective,210,1533,000130000523
WO-2132816,ASSET-00554,Preventive,0,,000130000523
WO-2132817,ASSET-00555,Preventive,0,,000130000524
WO-2132818,ASSET-00555,Corrective,115,1502,000130000524
WO-2132819,ASSET-00555,Preventive,0,,000130000524
WO-2132820,ASSET-00555,Preventive,0,,000130000524
WO-2132821,ASSET-00555,Preventive,0,,000130000524
WO-2132822,ASSET-00556,Preventive,0,,000130000525
WO-2132823,ASSET-00556,Corrective,171,1515,000130000525
WO-2132824,ASSET-00556,Corrective,84,811,000130000525
WO-2132825,ASSET-00556,Emergency,210,908,000130000525
WO-2132826,ASSET-00556,Corrective,45,1848,000130000525
WO-2132827,ASSET-00557,Emergency,508,970,000130000526
WO-2132828,ASSET-00557,Preventive,0,,000130000526
WO-2132829,ASSET-00557,Preventive,0,,000130000526
WO-2132830,ASSET-00558,Preventive,0,,000130000527
WO-2132831,ASSET-00558,Preventive,0,,000130000527
WO-2132832,ASSET-00558,Corrective,114,313,000130000527
WO-2132833,ASSET-00558,Preventive,0,,000130000527
WO-2132834,ASSET-00559,Corrective,72,1576,000130000528
WO-2132835,ASSET-00559,Preventive,0,,000130000528
WO-2132836,ASSET-00559,Corrective,82,1196,000130000528
WO-2132837,ASSET-00559,Preventive,0,,000130000528
WO-2132838,ASSET-00560,Preventive,0,,000130000529
WO-2132839,ASSET-00560,Preventive,0,,000130000529
WO-2132840,ASSET-00560,Preventive,0,,000130000529
WO-2132841,ASSET-00560,Preventive,0,,000130000529
WO-2132842,ASSET-00560,Corrective,147,385,000130000529
WO-2132843,ASSET-00560,Preventive,0,,000130000529
WO-2132844,ASSET-00560,Preventive,0,,000130000529
WO-2132845,ASSET-00561,Corrective,133,1262,000130000530
WO-2132846,ASSET-00561,Preventive,0,,000130000530
WO-2132847,ASSET-00561,Preventive,0,,000130000530
WO-2132848,ASSET-00561,Corrective,194,815,000130000530
WO-2132849,ASSET-00562,Preventive,0,,000130000531
WO-2132850,ASSET-00562,Emergency,358,727,000130000531
WO-2132851,ASSET-00562,Corrective,151,1659,000130000531
WO-2132852,ASSET-00562,Preventive,0,,000130000531
WO-2132853,ASSET-00562,Preventive,0,,000130000531
WO-2132854,ASSET-00562,Preventive,0,,000130000531
WO-2132855,ASSET-00563,Preventive,0,,000130000532
WO-2132856,ASSET-00563,Corrective,172,1720,000130000532
WO-2132857,ASSET-00563,Preventive,0,,000130000532
WO-2132858,ASSET-00563,Preventive,0,,000130000532
WO-2132859,ASSET-00564,Preventive,0,,000130000533
WO-2132860,ASSET-00564,Preventive,0,,000130000533
WO-2132861,ASSET-00564,Corrective,193,839,000130000533
WO-2132862,ASSET-00564,Preventive,0,,000130000533
WO-2132863,ASSET-00565,Corrective,199,601,000130000534
WO-2132864,ASSET-00565,Preventive,0,,000130000534
WO-2132865,ASSET-00565,Emergency,448,1846,000130000534
WO-2132866,ASSET-00565,Corrective,69,1896,000130000534
WO-2132867,ASSET-00565,Corrective,30,624,000130000534
WO-2132868,ASSET-00566,Corrective,193,1726,000130000535
WO-2132869,ASSET-00566,Corrective,177,405,000130000535
WO-2132870,ASSET-00566,Preventive,0,,000130000535
WO-2132871,ASSET-00567,Preventive,0,,000130000536
WO-2132872,ASSET-00567,Emergency,277,1707,000130000536
WO-2132873,ASSET-00568,Preventive,0,,000130000537
WO-2132874,ASSET-00568,Preventive,0,,000130000537
WO-2132875,ASSET-00568,Corrective,183,717,000130000537
WO-2132876,ASSET-00568,Preventive,0,,000130000537
WO-2132877,ASSET-00568,Preventive,0,,000130000537
WO-2132878,ASSET-00569,Preventive,0,,000130000538
WO-2132879,ASSET-00569,Preventive,0,,000130000538
WO-2132880,ASSET-00569,Emergency,145,1471,000130000538
WO-2132881,ASSET-00570,Preventive,0,,000130000539
WO-2132882,ASSET-00570,Preventive,0,,000130000539
WO-2132883,ASSET-00570,Preventive,0,,000130000539
WO-2132884,ASSET-00570,Preventive,0,,000130000539
WO-2132885,ASSET-00571,Corrective,229,971,000130000540
WO-2132886,ASSET-00571,Corrective,100,735,000130000540
WO-2132887,ASSET-00571,Corrective,220,1120,000130000540
WO-2132888,ASSET-00571,Preventive,0,,000130000540
WO-2132889,ASSET-00572,Preventive,0,,000130000541
WO-2132890,ASSET-00572,Preventive,0,,000130000541
WO-2132891,ASSET-00572,Corrective,70,679,000130000541
WO-2132892,ASSET-00573,Corrective,143,375,000130000542
WO-2132893,ASSET-00573,Preventive,0,,000130000542
WO-2132894,ASSET-00573,Corrective,224,1922,000130000542
WO-2132895,ASSET-00573,Preventive,0,,000130000542
WO-2132896,ASSET-00574,Preventive,0,,000130000543
WO-2132897,ASSET-00574,Preventive,0,,000130000543
WO-2132898,ASSET-00574,Preventive,0,,000130000543
WO-2132899,ASSET-00574,Corrective,217,1340,000130000543
WO-2132900,ASSET-00574,Corrective,118,679,000130000543
WO-2132901,ASSET-00574,Preventive,0,,000130000543
WO-2132902,ASSET-00575,Preventive,0,,000130000544
WO-2132903,ASSET-00575,Corrective,236,538,000130000544
WO-2132904,ASSET-00575,Preventive,0,,000130000544
WO-2132905,ASSET-00575,Preventive,0,,000130000544
WO-2132906,ASSET-00575,Corrective,196,1545,000130000544
WO-2132907,ASSET-00575,Preventive,0,,000130000544
WO-2132908,ASSET-00575,Corrective,193,1587,000130000544
WO-2132909,ASSET-00575,Preventive,0,,000130000544
WO-2132910,ASSET-00576,Emergency,562,851,000130000545
WO-2132911,ASSET-00576,Preventive,0,,000130000545
WO-2132912,ASSET-00576,Preventive,0,,000130000545
WO-2132913,ASSET-00576,Corrective,138,1383,000130000545
WO-2132914,ASSET-00576,Preventive,0,,000130000545
WO-2132915,ASSET-00576,Preventive,0,,000130000545
WO-2132916,ASSET-00576,Corrective,239,581,000130000545
WO-2132917,ASSET-00576,Corrective,182,1251,000130000545
WO-2132918,ASSET-00577,Preventive,0,,000130000546
WO-2132919,ASSET-00577,Preventive,0,,000130000546
WO-2132920,ASSET-00577,Corrective,75,487,000130000546
WO-2132921,ASSET-00577,Preventive,0,,000130000546
WO-2132922,ASSET-00577,Preventive,0,,000130000546
WO-2132923,ASSET-00577,Corrective,237,589,000130000546
WO-2132924,ASSET-00578,Preventive,0,,000130000547
WO-2132925,ASSET-00578,Preventive,0,,000130000547
WO-2132926,ASSET-00578,Preventive,0,,000130000547
WO-2132927,ASSET-00578,Preventive,0,,000130000547
WO-2132928,ASSET-00578,Emergency,80,969,000130000547
WO-2132929,ASSET-00579,Preventive,0,,000130000548
WO-2132930,ASSET-00579,Preventive,0,,000130000548
WO-2132931,ASSET-00579,Preventive,0,,000130000548
WO-2132932,ASSET-00579,Preventive,0,,000130000548
WO-2132933,ASSET-00579,Corrective,178,1322,000130000548
WO-2132934,ASSET-00579,Preventive,0,,000130000548
WO-2132935,ASSET-00579,Preventive,0,,000130000548
WO-2132936,ASSET-00579,Corrective,216,1836,000130000548
WO-2132937,ASSET-00581,Preventive,0,,000130000550
WO-2132938,ASSET-00582,Preventive,0,,000130000551
WO-2132939,ASSET-00582,Preventive,0,,000130000551
WO-2132940,ASSET-00582,Preventive,0,,000130000551
WO-2132941,ASSET-00582,Corrective,142,819,000130000551
WO-2132942,ASSET-00582,Corrective,220,1298,000130000551
WO-2132943,ASSET-00582,Preventive,0,,000130000551
WO-2132944,ASSET-00583,Preventive,0,,000130000552
WO-2132945,ASSET-00583,Preventive,0,,000130000552
WO-2132946,ASSET-00583,Corrective,227,324,000130000552
WO-2132947,ASSET-00583,Preventive,0,,000130000552
WO-2132948,ASSET-00583,Corrective,58,430,000130000552
WO-2132949,ASSET-00584,Emergency,549,338,000130000553
WO-2132950,ASSET-00584,Corrective,112,1382,000130000553
WO-2132951,ASSET-00584,Preventive,0,,000130000553
WO-2132952,ASSET-00584,Preventive,0,,000130000553
WO-2132953,ASSET-00585,Emergency,242,1705,000130000554
WO-2132954,ASSET-00585,Corrective,100,747,000130000554
WO-2132955,ASSET-00585,Preventive,0,,000130000554
WO-2132956,ASSET-00586,Corrective,51,1270,000130000555
WO-2132957,ASSET-00586,Preventive,0,,000130000555
WO-2132958,ASSET-00586,Corrective,76,1677,000130000555
WO-2132959,ASSET-00586,Preventive,0,,000130000555
WO-2132960,ASSET-00586,Corrective,119,1187,000130000555
WO-2132961,ASSET-00587,Preventive,0,,000130000556
WO-2132962,ASSET-00587,Preventive,0,,000130000556
WO-2132963,ASSET-00587,Corrective,165,829,000130000556
WO-2132964,ASSET-00587,Corrective,59,1892,000130000556
WO-2132965,ASSET-00587,Preventive,0,,000130000556
WO-2132966,ASSET-00587,Preventive,0,,000130000556
WO-2132967,ASSET-00587,Corrective,75,603,000130000556
WO-2132968,ASSET-00588,Preventive,0,,000130000557
WO-2132969,ASSET-00588,Preventive,0,,000130000557
WO-2132970,ASSET-00588,Corrective,110,1352,000130000557
WO-2132971,ASSET-00588,Preventive,0,,000130000557
WO-2132972,ASSET-00588,Corrective,209,1862,000130000557
WO-2132973,ASSET-00588,Corrective,238,1668,000130000557
WO-2132974,ASSET-00588,Emergency,475,913,000130000557
WO-2132975,ASSET-00589,Corrective,31,286,000130000558
WO-2132976,ASSET-00589,Emergency,513,1276,000130000558
WO-2132977,ASSET-00589,Preventive,0,,000130000558
WO-2132978,ASSET-00589,Preventive,0,,000130000558
WO-2132979,ASSET-00590,Preventive,0,,000130000559
WO-2132980,ASSET-00590,Corrective,194,1806,000130000559
WO-2132981,ASSET-00590,Preventive,0,,000130000559
WO-2132982,ASSET-00590,Preventive,0,,000130000559
WO-2132983,ASSET-00590,Preventive,0,,000130000559
WO-2132984,ASSET-00590,Emergency,476,1203,000130000559
WO-2132985,ASSET-00590,Preventive,0,,000130000559
WO-2132986,ASSET-00590,Corrective,230,1964,000130000559
WO-2132987,ASSET-00591,Corrective,52,1446,000130000560
WO-2132988,ASSET-00591,Preventive,0,,000130000560
WO-2132989,ASSET-00591,Corrective,155,1122,000130000560
WO-2132990,ASSET-00591,Preventive,0,,000130000560
WO-2132991,ASSET-00591,Preventive,0,,000130000560
WO-2132992,ASSET-00592,Preventive,0,,000130000561
WO-2132993,ASSET-00592,Emergency,279,997,000130000561
WO-2132994,ASSET-00592,Preventive,0,,000130000561
WO-2132995,ASSET-00592,Preventive,0,,000130000561
WO-2132996,ASSET-00593,Preventive,0,,000130000562
WO-2132997,ASSET-00593,Preventive,0,,000130000562
WO-2132998,ASSET-00593,Preventive,0,,000130000562
WO-2132999,ASSET-00594,Corrective,180,1533,000130000563
WO-2133000,ASSET-00594,Corrective,209,1102,000130000563
WO-2133001,ASSET-00595,Corrective,217,1803,000130000564
WO-2133002,ASSET-00595,Preventive,0,,000130000564
WO-2133003,ASSET-00595,Preventive,0,,000130000564
WO-2133004,ASSET-00595,Corrective,131,1599,000130000564
WO-2133005,ASSET-00596,Preventive,0,,000130000565
WO-2133006,ASSET-00596,Preventive,0,,000130000565
WO-2133007,ASSET-00596,Corrective,189,1277,000130000565
WO-2133008,ASSET-00596,Preventive,0,,000130000565
WO-2133009,ASSET-00596,Preventive,0,,000130000565
WO-2133010,ASSET-00596,Corrective,135,1662,000130000565
WO-2133011,ASSET-00596,Corrective,143,1321,000130000565
WO-2133012,ASSET-00597,Preventive,0,,000130000566
WO-2133013,ASSET-00597,Corrective,90,1123,000130000566
WO-2133014,ASSET-00597,Corrective,81,930,000130000566
WO-2133015,ASSET-00597,Preventive,0,,000130000566
WO-2133016,ASSET-00597,Preventive,0,,000130000566
WO-2133017,ASSET-00597,Preventive,0,,000130000566
WO-2133018,ASSET-00597,Preventive,0,,000130000566
WO-2133019,ASSET-00598,Preventive,0,,000130000567
WO-2133020,ASSET-00598,Corrective,65,480,000130000567
WO-2133021,ASSET-00598,Preventive,0,,000130000567
WO-2133022,ASSET-00598,Preventive,0,,000130000567
WO-2133023,ASSET-00598,Corrective,235,1759,000130000567
WO-2133024,ASSET-00598,Corrective,40,761,000130000567
WO-2133025,ASSET-00598,Preventive,0,,000130000567
WO-2133026,ASSET-00598,Corrective,90,272,000130000567
WO-2133027,ASSET-00598,Preventive,0,,000130000567
WO-2133028,ASSET-00598,Corrective,177,1301,000130000567
WO-2133029,ASSET-00599,Corrective,147,1746,000130000568
WO-2133030,ASSET-00599,Preventive,0,,000130000568
WO-2133031,ASSET-00599,Preventive,0,,000130000568
WO-2133032,ASSET-00599,Preventive,0,,000130000568
WO-2133033,ASSET-00600,Corrective,66,1183,000130000569
WO-2133034,ASSET-00600,Corrective,44,957,000130000569
WO-2133035,ASSET-00600,Emergency,222,1852,000130000569
WO-2133036,ASSET-00600,Corrective,237,304,000130000569
WO-2133037,ASSET-00600,Preventive,0,,000130000569
WO-2133038,ASSET-00600,Emergency,447,1464,000130000569
WO-2133039,ASSET-00600,Preventive,0,,000130000569
WO-2133040,ASSET-00600,Emergency,142,1581,000130000569
WO-2133041,ASSET-00601,Corrective,235,478,000130000570
WO-2133042,ASSET-00601,Corrective,42,504,000130000570
WO-2133043,ASSET-00601,Corrective,198,571,000130000570
WO-2133044,ASSET-00601,Corrective,189,1453,000130000570
WO-2133045,ASSET-00602,Emergency,192,1328,000130000572
WO-2133046,ASSET-00602,Corrective,36,299,000130000572
WO-2133047,ASSET-00602,Corrective,238,1532,000130000572
WO-2133048,ASSET-00603,Preventive,0,,000130000573
WO-2133049,ASSET-00603,Emergency,462,1682,000130000573
WO-2133050,ASSET-00603,Corrective,166,620,000130000573
WO-2133051,ASSET-00603,Preventive,0,,000130000573
WO-2133052,ASSET-00603,Corrective,114,1213,000130000573
WO-2133053,ASSET-00603,Corrective,128,1618,000130000573
WO-2133054,ASSET-00603,Preventive,0,,000130000573
WO-2133055,ASSET-00604,Corrective,65,491,000130000574
WO-2133056,ASSET-00604,Preventive,0,,000130000574
WO-2133057,ASSET-00604,Emergency,454,685,000130000574
WO-2133058,ASSET-00604,Corrective,191,1485,000130000574
WO-2133059,ASSET-00604,Preventive,0,,000130000574
WO-2133060,ASSET-00604,Corrective,52,222,000130000574
WO-2133061,ASSET-00604,Preventive,0,,000130000574
WO-2133062,ASSET-00605,Preventive,0,,000130000575
WO-2133063,ASSET-00605,Preventive,0,,000130000575
WO-2133064,ASSET-00605,Corrective,206,1892,000130000575
WO-2133065,ASSET-00605,Preventive,0,,000130000575
WO-2133066,ASSET-00605,Corrective,73,1766,000130000575
WO-2133067,ASSET-00605,Preventive,0,,000130000575
WO-2133068,ASSET-00605,Preventive,0,,000130000575
WO-2133069,ASSET-00605,Corrective,190,1381,000130000575
WO-2133070,ASSET-00605,Preventive,0,,000130000575
WO-2133071,ASSET-00605,Emergency,64,1155,000130000575
WO-2133072,ASSET-00606,Preventive,0,,000130000576
WO-2133073,ASSET-00606,Emergency,453,1812,000130000576
WO-2133074,ASSET-00606,Corrective,170,1396,000130000576
WO-2133075,ASSET-00607,Preventive,0,,000130000577
WO-2133076,ASSET-00607,Preventive,0,,000130000577
WO-2133077,ASSET-00607,Corrective,234,257,000130000577
WO-2133078,ASSET-00607,Corrective,98,461,000130000577
WO-2133079,ASSET-00607,Preventive,0,,000130000577
WO-2133080,ASSET-00607,Preventive,0,,000130000577
WO-2133081,ASSET-00608,Corrective,57,511,000130000578
WO-2133082,ASSET-00608,Corrective,217,820,000130000578
WO-2133083,ASSET-00608,Corrective,196,1152,000130000578
WO-2133084,ASSET-00608,Preventive,0,,000130000578
WO-2133085,ASSET-00608,Preventive,0,,000130000578
WO-2133086,ASSET-00609,Preventive,0,,000130000579
WO-2133087,ASSET-00609,Corrective,133,438,000130000579
WO-2133088,ASSET-00609,Corrective,65,1569,000130000579
WO-2133089,ASSET-00609,Preventive,0,,000130000579
WO-2133090,ASSET-00609,Corrective,103,636,000130000579
WO-2133091,ASSET-00609,Corrective,49,1491,000130000579
WO-2133092,ASSET-00609,Emergency,487,771,000130000579
WO-2133093,ASSET-00609,Preventive,0,,000130000579
WO-2133094,ASSET-00609,Preventive,0,,000130000579
WO-2133095,ASSET-00609,Preventive,0,,000130000579
WO-2133096,ASSET-00610,Preventive,0,,000130000580
WO-2133097,ASSET-00610,Preventive,0,,000130000580
WO-2133098,ASSET-00610,Emergency,542,387,000130000580
WO-2133099,ASSET-00610,Corrective,140,1378,000130000580
WO-2133100,ASSET-00610,Emergency,333,1989,000130000580
WO-2133101,ASSET-00610,Preventive,0,,000130000580
WO-2133102,ASSET-00610,Corrective,57,785,000130000580
WO-2133103,ASSET-00611,Preventive,0,,000130000581
WO-2133104,ASSET-00611,Emergency,295,1247,000130000581
WO-2133105,ASSET-00611,Emergency,324,1179,000130000581
WO-2133106,ASSET-00611,Preventive,0,,000130000581
WO-2133107,ASSET-00611,Preventive,0,,000130000581
WO-2133108,ASSET-00611,Preventive,0,,000130000581
WO-2133109,ASSET-00611,Corrective,172,1864,000130000581
WO-2133110,ASSET-00612,Preventive,0,,000130000582
WO-2133111,ASSET-00612,Emergency,475,731,000130000582
WO-2133112,ASSET-00612,Corrective,78,1954,000130000582
WO-2133113,ASSET-00612,Emergency,279,1539,000130000582
WO-2133114,ASSET-00612,Preventive,0,,000130000582
WO-2133115,ASSET-00612,Preventive,0,,000130000582
WO-2133116,ASSET-00612,Preventive,0,,000130000582
WO-2133117,ASSET-00613,Corrective,88,1680,000130000583
WO-2133118,ASSET-00613,Preventive,0,,000130000583
WO-2133119,ASSET-00613,Preventive,0,,000130000583
WO-2133120,ASSET-00613,Preventive,0,,000130000583
WO-2133121,ASSET-00613,Emergency,289,1620,000130000583
WO-2133122,ASSET-00614,Corrective,145,1536,000130000584
WO-2133123,ASSET-00614,Corrective,184,470,000130000584
WO-2133124,ASSET-00614,Corrective,82,607,000130000584
WO-2133125,ASSET-00614,Preventive,0,,000130000584
WO-2133126,ASSET-00614,Corrective,78,1970,000130000584
WO-2133127,ASSET-00614,Preventive,0,,000130000584
WO-2133128,ASSET-00615,Corrective,118,1928,000130000585
WO-2133129,ASSET-00615,Preventive,0,,000130000585
WO-2133130,ASSET-00615,Preventive,0,,000130000585
WO-2133131,ASSET-00616,Preventive,0,,000130000586
WO-2133132,ASSET-00616,Preventive,0,,000130000586
WO-2133133,ASSET-00616,Preventive,0,,000130000586
WO-2133134,ASSET-00617,Preventive,0,,000130000587
WO-2133135,ASSET-00617,Corrective,161,1873,000130000587
WO-2133136,ASSET-00617,Corrective,178,1443,000130000587
WO-2133137,ASSET-00617,Preventive,0,,000130000587
WO-2133138,ASSET-00618,Corrective,117,1543,000130000588
WO-2133139,ASSET-00618,Corrective,228,1696,000130000588
WO-2133140,ASSET-00618,Preventive,0,,000130000588
WO-2133141,ASSET-00618,Preventive,0,,000130000588
WO-2133142,ASSET-00618,Preventive,0,,000130000588
WO-2133143,ASSET-00618,Preventive,0,,000130000588
WO-2133144,ASSET-00618,Corrective,201,895,000130000588
WO-2133145,ASSET-00618,Corrective,219,610,000130000588
WO-2133146,ASSET-00619,Emergency,541,1622,000130000589
WO-2133147,ASSET-00619,Emergency,453,1686,000130000589
WO-2133148,ASSET-00619,Preventive,0,,000130000589
WO-2133149,ASSET-00619,Corrective,100,410,000130000589
WO-2133150,ASSET-00619,Corrective,193,1814,000130000589
WO-2133151,ASSET-00619,Preventive,0,,000130000589
WO-2133152,ASSET-00620,Preventive,0,,000130000590
WO-2133153,ASSET-00620,Emergency,440,1951,000130000590
WO-2133154,ASSET-00620,Emergency,81,1993,000130000590
WO-2133155,ASSET-00620,Preventive,0,,000130000590
WO-2133156,ASSET-00620,Corrective,33,874,000130000590
WO-2133157,ASSET-00620,Preventive,0,,000130000590
WO-2133158,ASSET-00621,Corrective,219,1354,000130000591
WO-2133159,ASSET-00621,Corrective,178,1148,000130000591
WO-2133160,ASSET-00622,Corrective,115,1391,000130000592
WO-2133161,ASSET-00622,Preventive,0,,000130000592
WO-2133162,ASSET-00622,Corrective,35,739,000130000592
WO-2133163,ASSET-00622,Corrective,233,1471,000130000592
WO-2133164,ASSET-00622,Preventive,0,,000130000592
WO-2133165,ASSET-00622,Corrective,142,279,000130000592
WO-2133166,ASSET-00622,Corrective,177,534,000130000592
WO-2133167,ASSET-00623,Corrective,59,862,000130000593
WO-2133168,ASSET-00623,Corrective,183,1014,000130000593
WO-2133169,ASSET-00623,Preventive,0,,000130000593
WO-2133170,ASSET-00624,Emergency,518,1247,000130000594
WO-2133171,ASSET-00624,Corrective,206,1727,000130000594
WO-2133172,ASSET-00624,Corrective,158,1356,000130000594
WO-2133173,ASSET-00625,Preventive,0,,000130000595
WO-2133174,ASSET-00625,Preventive,0,,000130000595
WO-2133175,ASSET-00625,Preventive,0,,000130000595
WO-2133176,ASSET-00625,Preventive,0,,000130000595
WO-2133177,ASSET-00625,Preventive,0,,000130000595
WO-2133178,ASSET-00626,Corrective,146,1237,000130000596
WO-2133179,ASSET-00626,Corrective,106,656,000130000596
WO-2133180,ASSET-00626,Preventive,0,,000130000596
WO-2133181,ASSET-00626,Corrective,152,1857,000130000596
WO-2133182,ASSET-00627,Preventive,0,,000130000597
WO-2133183,ASSET-00627,Corrective,229,1858,000130000597
WO-2133184,ASSET-00627,Emergency,417,1065,000130000597
WO-2133185,ASSET-00627,Preventive,0,,000130000597
WO-2133186,ASSET-00628,Corrective,213,1510,000130000598
WO-2133187,ASSET-00628,Preventive,0,,000130000598
WO-2133188,ASSET-00628,Preventive,0,,000130000598
WO-2133189,ASSET-00628,Corrective,228,1523,000130000598
WO-2133190,ASSET-00628,Preventive,0,,000130000598
WO-2133191,ASSET-00628,Emergency,214,960,000130000598
WO-2133192,ASSET-00629,Corrective,140,941,000130000599
WO-2133193,ASSET-00629,Corrective,207,870,000130000599
WO-2133194,ASSET-00629,Preventive,0,,000130000599
WO-2133195,ASSET-00629,Corrective,149,942,000130000599
WO-2133196,ASSET-00629,Preventive,0,,000130000599
WO-2133197,ASSET-00630,Preventive,0,,000130000600
WO-2133198,ASSET-00630,Corrective,118,225,000130000600
WO-2133199,ASSET-00630,Preventive,0,,000130000600
WO-2133200,ASSET-00630,Corrective,93,1588,000130000600
WO-2133201,ASSET-00630,Emergency,481,1998,000130000600
WO-2133202,ASSET-00631,Preventive,0,,000130000601
WO-2133203,ASSET-00631,Preventive,0,,000130000601
WO-2133204,ASSET-00631,Preventive,0,,000130000601
WO-2133205,ASSET-00631,Preventive,0,,000130000601
WO-2133206,ASSET-00631,Preventive,0,,000130000601
WO-2133207,ASSET-00631,Preventive,0,,000130000601
WO-2133208,ASSET-00631,Preventive,0,,000130000601
WO-2133209,ASSET-00631,Preventive,0,,000130000601
WO-2133210,ASSET-00631,Preventive,0,,000130000601
WO-2133211,ASSET-00632,Corrective,55,1795,000130000602
WO-2133212,ASSET-00632,Corrective,111,477,000130000602
WO-2133213,ASSET-00632,Emergency,253,1249,000130000602
WO-2133214,ASSET-00632,Preventive,0,,000130000602
WO-2133215,ASSET-00632,Preventive,0,,000130000602
WO-2133216,ASSET-00632,Corrective,136,202,000130000602
WO-2133217,ASSET-00632,Preventive,0,,000130000602
WO-2133218,ASSET-00632,Preventive,0,,000130000602
WO-2133219,ASSET-00633,Preventive,0,,000130000603
WO-2133220,ASSET-00633,Preventive,0,,000130000603
WO-2133221,ASSET-00633,Preventive,0,,000130000603
WO-2133222,ASSET-00633,Corrective,211,971,000130000603
WO-2133223,ASSET-00633,Preventive,0,,000130000603
WO-2133224,ASSET-00633,Preventive,0,,000130000603
WO-2133225,ASSET-00633,Preventive,0,,000130000603
WO-2133226,ASSET-00634,Preventive,0,,000130000604
WO-2133227,ASSET-00634,Preventive,0,,000130000604
WO-2133228,ASSET-00634,Corrective,175,429,000130000604
WO-2133229,ASSET-00634,Preventive,0,,000130000604
WO-2133230,ASSET-00635,Preventive,0,,000130000605
WO-2133231,ASSET-00635,Corrective,168,650,000130000605
WO-2133232,ASSET-00635,Corrective,133,1499,000130000605
WO-2133233,ASSET-00635,Corrective,225,842,000130000605
WO-2133234,ASSET-00636,Preventive,0,,000130000606
WO-2133235,ASSET-00636,Preventive,0,,000130000606
WO-2133236,ASSET-00637,Emergency,106,462,000130000607
WO-2133237,ASSET-00637,Corrective,31,1140,000130000607
WO-2133238,ASSET-00637,Corrective,167,995,000130000607
WO-2133239,ASSET-00637,Corrective,233,1878,000130000607
WO-2133240,ASSET-00637,Corrective,210,1725,000130000607
WO-2133241,ASSET-00638,Corrective,112,626,000130000608
WO-2133242,ASSET-00638,Preventive,0,,000130000608
WO-2133243,ASSET-00638,Preventive,0,,000130000608
WO-2133244,ASSET-00638,Corrective,32,1276,000130000608
WO-2133245,ASSET-00638,Preventive,0,,000130000608
WO-2133246,ASSET-00638,Preventive,0,,000130000608
WO-2133247,ASSET-00638,Preventive,0,,000130000608
WO-2133248,ASSET-00638,Corrective,192,1438,000130000608
WO-2133249,ASSET-00639,Preventive,0,,000130000609
WO-2133250,ASSET-00639,Corrective,118,1122,000130000609
WO-2133251,ASSET-00639,Corrective,101,1456,000130000609
WO-2133252,ASSET-00640,Preventive,0,,000130000610
WO-2133253,ASSET-00640,Corrective,151,1317,000130000610
WO-2133254,ASSET-00640,Corrective,157,1669,000130000610
WO-2133255,ASSET-00640,Preventive,0,,000130000610
WO-2133256,ASSET-00641,Preventive,0,,000130000611
WO-2133257,ASSET-00641,Corrective,39,368,000130000611
WO-2133258,ASSET-00641,Preventive,0,,000130000611
WO-2133259,ASSET-00642,Preventive,0,,000130000612
WO-2133260,ASSET-00642,Preventive,0,,000130000612
WO-2133261,ASSET-00642,Preventive,0,,000130000612
WO-2133262,ASSET-00642,Corrective,190,1780,000130000612
WO-2133263,ASSET-00643,Corrective,177,1632,000130000613
WO-2133264,ASSET-00643,Corrective,136,608,000130000613
WO-2133265,ASSET-00643,Preventive,0,,000130000613
WO-2133266,ASSET-00643,Preventive,0,,000130000613
WO-2133267,ASSET-00643,Preventive,0,,000130000613
WO-2133268,ASSET-00643,Corrective,83,486,000130000613
WO-2133269,ASSET-00644,Corrective,121,234,000130000614
WO-2133270,ASSET-00644,Preventive,0,,000130000614
WO-2133271,ASSET-00644,Preventive,0,,000130000614
WO-2133272,ASSET-00644,Corrective,193,472,000130000614
WO-2133273,ASSET-00645,Emergency,146,1672,000130000615
WO-2133274,ASSET-00645,Corrective,31,783,000130000615
WO-2133275,ASSET-00645,Emergency,143,503,000130000615
WO-2133276,ASSET-00645,Corrective,218,1968,000130000615
WO-2133277,ASSET-00645,Preventive,0,,000130000615
WO-2133278,ASSET-00645,Preventive,0,,000130000615
WO-2133279,ASSET-00645,Corrective,152,838,000130000615
WO-2133280,ASSET-00645,Corrective,167,262,000130000615
WO-2133281,ASSET-00646,Emergency,296,993,000130000616
WO-2133282,ASSET-00646,Corrective,228,1359,000130000616
WO-2133283,ASSET-00646,Emergency,154,553,000130000616
WO-2133284,ASSET-00647,Preventive,0,,000130000617
WO-2133285,ASSET-00647,Corrective,194,906,000130000617
WO-2133286,ASSET-00647,Corrective,64,1976,000130000617
WO-2133287,ASSET-00647,Corrective,185,1503,000130000617
WO-2133288,ASSET-00647,Preventive,0,,000130000617
WO-2133289,ASSET-00648,Preventive,0,,000130000618
WO-2133290,ASSET-00648,Preventive,0,,000130000618
WO-2133291,ASSET-00648,Preventive,0,,000130000618
WO-2133292,ASSET-00648,Preventive,0,,000130000618
WO-2133293,ASSET-00648,Preventive,0,,000130000618
WO-2133294,ASSET-00648,Preventive,0,,000130000618
WO-2133295,ASSET-00649,Preventive,0,,000130000619
WO-2133296,ASSET-00649,Preventive,0,,000130000619
WO-2133297,ASSET-00649,Corrective,77,1871,000130000619
WO-2133298,ASSET-00649,Preventive,0,,000130000619
WO-2133299,ASSET-00649,Corrective,53,418,000130000619
WO-2133300,ASSET-00649,Emergency,467,538,000130000619
WO-2133301,ASSET-00649,Corrective,174,1960,000130000619
WO-2133302,ASSET-00650,Corrective,50,1171,000130000620
WO-2133303,ASSET-00650,Preventive,0,,000130000620
WO-2133304,ASSET-00650,Corrective,76,1741,000130000620
WO-2133305,ASSET-00650,Corrective,152,894,000130000620
WO-2133306,ASSET-00650,Preventive,0,,000130000620
WO-2133307,ASSET-00650,Preventive,0,,000130000620
WO-2133308,ASSET-00650,Corrective,106,910,000130000620
WO-2133309,ASSET-00651,Preventive,0,,000130000622
WO-2133310,ASSET-00651,Preventive,0,,000130000622
WO-2133311,ASSET-00651,Preventive,0,,000130000622
WO-2133312,ASSET-00651,Corrective,98,906,000130000622
WO-2133313,ASSET-00652,Preventive,0,,000130000623
WO-2133314,ASSET-00652,Preventive,0,,000130000623
WO-2133315,ASSET-00652,Preventive,0,,000130000623
WO-2133316,ASSET-00652,Corrective,144,1279,000130000623
WO-2133317,ASSET-00653,Preventive,0,,000130000624
WO-2133318,ASSET-00653,Corrective,159,603,000130000624
WO-2133319,ASSET-00653,Emergency,426,716,000130000624
WO-2133320,ASSET-00653,Preventive,0,,000130000624
WO-2133321,ASSET-00654,Preventive,0,,000130000625
WO-2133322,ASSET-00654,Preventive,0,,000130000625
WO-2133323,ASSET-00654,Emergency,130,1183,000130000625
WO-2133324,ASSET-00654,Emergency,97,493,000130000625
WO-2133325,ASSET-00654,Preventive,0,,000130000625
WO-2133326,ASSET-00654,Corrective,117,1067,000130000625
WO-2133327,ASSET-00654,Preventive,0,,000130000625
WO-2133328,ASSET-00654,Preventive,0,,000130000625
WO-2133329,ASSET-00655,Corrective,157,1135,000130000626
WO-2133330,ASSET-00655,Preventive,0,,000130000626
WO-2133331,ASSET-00655,Corrective,237,1355,000130000626
WO-2133332,ASSET-00656,Corrective,195,925,000130000627
WO-2133333,ASSET-00656,Corrective,108,1785,000130000627
WO-2133334,ASSET-00656,Corrective,202,1053,000130000627
WO-2133335,ASSET-00656,Preventive,0,,000130000627
WO-2133336,ASSET-00656,Corrective,43,1120,000130000627
WO-2133337,ASSET-00656,Preventive,0,,000130000627
WO-2133338,ASSET-00656,Corrective,108,1636,000130000627
WO-2133339,ASSET-00657,Preventive,0,,000130000628
WO-2133340,ASSET-00657,Corrective,152,1183,000130000628
WO-2133341,ASSET-00658,Corrective,181,540,000130000629
WO-2133342,ASSET-00658,Corrective,192,1205,000130000629
WO-2133343,ASSET-00658,Preventive,0,,000130000629
WO-2133344,ASSET-00658,Preventive,0,,000130000629
WO-2133345,ASSET-00658,Corrective,109,1134,000130000629
WO-2133346,ASSET-00658,Corrective,204,1263,000130000629
WO-2133347,ASSET-00659,Preventive,0,,000130000630
WO-2133348,ASSET-00659,Emergency,300,1667,000130000630
WO-2133349,ASSET-00660,Preventive,0,,000130000631
WO-2133350,ASSET-00660,Emergency,94,1341,000130000631
WO-2133351,ASSET-00660,Preventive,0,,000130000631
WO-2133352,ASSET-00660,Preventive,0,,000130000631
WO-2133353,ASSET-00660,Emergency,536,656,000130000631
WO-2133354,ASSET-00660,Corrective,209,1908,000130000631
WO-2133355,ASSET-00661,Preventive,0,,000130000632
WO-2133356,ASSET-00661,Corrective,91,508,000130000632
WO-2133357,ASSET-00661,Preventive,0,,000130000632
WO-2133358,ASSET-00661,Preventive,0,,000130000632
WO-2133359,ASSET-00661,Corrective,142,281,000130000632
WO-2133360,ASSET-00661,Corrective,41,1263,000130000632
WO-2133361,ASSET-00662,Preventive,0,,000130000633
WO-2133362,ASSET-00662,Preventive,0,,000130000633
WO-2133363,ASSET-00663,Preventive,0,,000130000634
WO-2133364,ASSET-00663,Corrective,213,868,000130000634
WO-2133365,ASSET-00663,Preventive,0,,000130000634
WO-2133366,ASSET-00664,Preventive,0,,000130000635
WO-2133367,ASSET-00664,Corrective,202,1198,000130000635
WO-2133368,ASSET-00664,Emergency,553,1416,000130000635
WO-2133369,ASSET-00664,Preventive,0,,000130000635
WO-2133370,ASSET-00664,Corrective,102,518,000130000635
WO-2133371,ASSET-00664,Preventive,0,,000130000635
WO-2133372,ASSET-00665,Corrective,171,1637,000130000636
WO-2133373,ASSET-00665,Emergency,292,1657,000130000636
WO-2133374,ASSET-00665,Preventive,0,,000130000636
WO-2133375,ASSET-00665,Corrective,235,1601,000130000636
WO-2133376,ASSET-00666,Preventive,0,,000130000637
WO-2133377,ASSET-00666,Preventive,0,,000130000637
WO-2133378,ASSET-00666,Preventive,0,,000130000637
WO-2133379,ASSET-00666,Corrective,106,1675,000130000637
WO-2133380,ASSET-00667,Corrective,178,566,000130000638
WO-2133381,ASSET-00667,Preventive,0,,000130000638
WO-2133382,ASSET-00667,Preventive,0,,000130000638
WO-2133383,ASSET-00667,Corrective,118,1683,000130000638
WO-2133384,ASSET-00667,Preventive,0,,000130000638
WO-2133385,ASSET-00667,Emergency,240,204,000130000638
WO-2133386,ASSET-00667,Preventive,0,,000130000638
WO-2133387,ASSET-00667,Preventive,0,,000130000638
WO-2133388,ASSET-00667,Preventive,0,,000130000638
WO-2133389,ASSET-00668,Corrective,190,816,000130000639
WO-2133390,ASSET-00668,Preventive,0,,000130000639
WO-2133391,ASSET-00668,Corrective,144,1890,000130000639
WO-2133392,ASSET-00668,Corrective,177,1666,000130000639
WO-2133393,ASSET-00668,Corrective,168,1815,000130000639
WO-2133394,ASSET-00668,Preventive,0,,000130000639
WO-2133395,ASSET-00668,Preventive,0,,000130000639
WO-2133396,ASSET-00668,Preventive,0,,000130000639
WO-2133397,ASSET-00668,Preventive,0,,000130000639
WO-2133398,ASSET-00669,Emergency,490,552,000130000640
WO-2133399,ASSET-00669,Corrective,101,1263,000130000640
WO-2133400,ASSET-00669,Corrective,149,984,000130000640
WO-2133401,ASSET-00670,Preventive,0,,000130000641
WO-2133402,ASSET-00670,Corrective,56,1066,000130000641
WO-2133403,ASSET-00671,Preventive,0,,000130000642
WO-2133404,ASSET-00671,Corrective,147,1935,000130000642
WO-2133405,ASSET-00671,Preventive,0,,000130000642
WO-2133406,ASSET-00671,Preventive,0,,000130000642
WO-2133407,ASSET-00671,Preventive,0,,000130000642
WO-2133408,ASSET-00671,Preventive,0,,000130000642
WO-2133409,ASSET-00671,Preventive,0,,000130000642
WO-2133410,ASSET-00672,Preventive,0,,000130000643
WO-2133411,ASSET-00672,Corrective,181,1057,000130000643
WO-2133412,ASSET-00673,Preventive,0,,000130000644
WO-2133413,ASSET-00673,Corrective,52,1979,000130000644
WO-2133414,ASSET-00673,Preventive,0,,000130000644
WO-2133415,ASSET-00674,Preventive,0,,000130000645
WO-2133416,ASSET-00674,Corrective,42,750,000130000645
WO-2133417,ASSET-00674,Preventive,0,,000130000645
WO-2133418,ASSET-00674,Corrective,133,229,000130000645
WO-2133419,ASSET-00674,Preventive,0,,000130000645
WO-2133420,ASSET-00675,Corrective,34,1662,000130000646
WO-2133421,ASSET-00675,Corrective,225,1669,000130000646
WO-2133422,ASSET-00675,Emergency,288,1105,000130000646
WO-2133423,ASSET-00675,Corrective,238,1275,000130000646
WO-2133424,ASSET-00675,Preventive,0,,000130000646
WO-2133425,ASSET-00675,Preventive,0,,000130000646
WO-2133426,ASSET-00675,Preventive,0,,000130000646
WO-2133427,ASSET-00676,Corrective,78,792,000130000647
WO-2133428,ASSET-00676,Corrective,198,1821,000130000647
WO-2133429,ASSET-00676,Preventive,0,,000130000647
WO-2133430,ASSET-00677,Preventive,0,,000130000648
WO-2133431,ASSET-00677,Corrective,215,1447,000130000648
WO-2133432,ASSET-00677,Corrective,114,1287,000130000648
WO-2133433,ASSET-00677,Preventive,0,,000130000648
WO-2133434,ASSET-00677,Corrective,238,308,000130000648
WO-2133435,ASSET-00677,Corrective,222,905,000130000648
WO-2133436,ASSET-00678,Emergency,272,1132,000130000649
WO-2133437,ASSET-00678,Preventive,0,,000130000649
WO-2133438,ASSET-00678,Preventive,0,,000130000649
WO-2133439,ASSET-00678,Corrective,234,951,000130000649
WO-2133440,ASSET-00679,Preventive,0,,000130000650
WO-2133441,ASSET-00679,Corrective,186,757,000130000650
WO-2133442,ASSET-00679,Preventive,0,,000130000650
WO-2133443,ASSET-00679,Preventive,0,,000130000650
WO-2133444,ASSET-00680,Preventive,0,,000130000651
WO-2133445,ASSET-00680,Emergency,163,1876,000130000651
WO-2133446,ASSET-00680,Preventive,0,,000130000651
WO-2133447,ASSET-00680,Preventive,0,,000130000651
WO-2133448,ASSET-00680,Corrective,59,1564,000130000651
WO-2133449,ASSET-00680,Preventive,0,,000130000651
WO-2133450,ASSET-00680,Preventive,0,,000130000651
WO-2133451,ASSET-00680,Preventive,0,,000130000651
WO-2133452,ASSET-00680,Emergency,269,816,000130000651
WO-2133453,ASSET-00680,Corrective,37,477,000130000651
WO-2133454,ASSET-00681,Preventive,0,,000130000652
WO-2133455,ASSET-00681,Corrective,117,1947,000130000652
WO-2133456,ASSET-00681,Preventive,0,,000130000652
WO-2133457,ASSET-00681,Corrective,99,1310,000130000652
WO-2133458,ASSET-00682,Preventive,0,,000130000653
WO-2133459,ASSET-00682,Preventive,0,,000130000653
WO-2133460,ASSET-00682,Corrective,57,1646,000130000653
WO-2133461,ASSET-00682,Preventive,0,,000130000653
WO-2133462,ASSET-00683,Preventive,0,,000130000654
WO-2133463,ASSET-00683,Preventive,0,,000130000654
WO-2133464,ASSET-00683,Preventive,0,,000130000654
WO-2133465,ASSET-00683,Corrective,106,1143,000130000654
WO-2133466,ASSET-00683,Preventive,0,,000130000654
WO-2133467,ASSET-00684,Preventive,0,,000130000655
WO-2133468,ASSET-00684,Preventive,0,,000130000655
WO-2133469,ASSET-00684,Preventive,0,,000130000655
WO-2133470,ASSET-00684,Corrective,92,1742,000130000655
WO-2133471,ASSET-00685,Preventive,0,,000130000656
WO-2133472,ASSET-00685,Preventive,0,,000130000656
WO-2133473,ASSET-00686,Corrective,36,1614,000130000657
WO-2133474,ASSET-00686,Preventive,0,,000130000657
WO-2133475,ASSET-00686,Preventive,0,,000130000657
WO-2133476,ASSET-00686,Corrective,108,791,000130000657
WO-2133477,ASSET-00686,Preventive,0,,000130000657
WO-2133478,ASSET-00687,Preventive,0,,000130000658
WO-2133479,ASSET-00687,Preventive,0,,000130000658
WO-2133480,ASSET-00687,Corrective,177,1573,000130000658
WO-2133481,ASSET-00687,Preventive,0,,000130000658
WO-2133482,ASSET-00687,Emergency,126,301,000130000658
WO-2133483,ASSET-00688,Corrective,112,207,000130000659
WO-2133484,ASSET-00688,Preventive,0,,000130000659
WO-2133485,ASSET-00688,Preventive,0,,000130000659
WO-2133486,ASSET-00688,Preventive,0,,000130000659
WO-2133487,ASSET-00689,Preventive,0,,000130000660
WO-2133488,ASSET-00689,Corrective,66,383,000130000660
WO-2133489,ASSET-00689,Preventive,0,,000130000660
WO-2133490,ASSET-00689,Preventive,0,,000130000660
WO-2133491,ASSET-00690,Emergency,400,1919,000130000661
WO-2133492,ASSET-00690,Corrective,228,1190,000130000661
WO-2133493,ASSET-00690,Emergency,320,1772,000130000661
WO-2133494,ASSET-00690,Preventive,0,,000130000661
WO-2133495,ASSET-00690,Emergency,592,1847,000130000661
WO-2133496,ASSET-00690,Corrective,122,1625,000130000661
WO-2133497,ASSET-00691,Preventive,0,,000130000662
WO-2133498,ASSET-00691,Preventive,0,,000130000662
WO-2133499,ASSET-00691,Preventive,0,,000130000662
WO-2133500,ASSET-00692,Preventive,0,,000130000663
WO-2133501,ASSET-00692,Preventive,0,,000130000663
WO-2133502,ASSET-00693,Corrective,227,1195,000130000664
WO-2133503,ASSET-00693,Preventive,0,,000130000664
WO-2133504,ASSET-00694,Corrective,209,235,000130000665
WO-2133505,ASSET-00694,Corrective,207,449,000130000665
WO-2133506,ASSET-00694,Emergency,430,1788,000130000665
WO-2133507,ASSET-00694,Preventive,0,,000130000665
WO-2133508,ASSET-00694,Preventive,0,,000130000665
WO-2133509,ASSET-00694,Preventive,0,,000130000665
WO-2133510,ASSET-00694,Preventive,0,,000130000665
WO-2133511,ASSET-00694,Corrective,64,1433,000130000665
WO-2133512,ASSET-00695,Preventive,0,,000130000666
WO-2133513,ASSET-00695,Emergency,131,512,000130000666
WO-2133514,ASSET-00695,Emergency,483,1224,000130000666
WO-2133515,ASSET-00696,Corrective,123,1113,000130000667
WO-2133516,ASSET-00696,Preventive,0,,000130000667
WO-2133517,ASSET-00696,Preventive,0,,000130000667
WO-2133518,ASSET-00696,Corrective,227,612,000130000667
WO-2133519,ASSET-00696,Corrective,68,1271,000130000667
WO-2133520,ASSET-00697,Preventive,0,,000130000668
WO-2133521,ASSET-00697,Preventive,0,,000130000668
WO-2133522,ASSET-00697,Preventive,0,,000130000668
WO-2133523,ASSET-00697,Corrective,129,1094,000130000668
WO-2133524,ASSET-00697,Corrective,167,1360,000130000668
WO-2133525,ASSET-00697,Preventive,0,,000130000668
WO-2133526,ASSET-00698,Corrective,72,1450,000130000669
WO-2133527,ASSET-00698,Preventive,0,,000130000669
WO-2133528,ASSET-00698,Corrective,219,1834,000130000669
WO-2133529,ASSET-00698,Emergency,516,1805,000130000669
WO-2133530,ASSET-00698,Corrective,46,436,000130000669
WO-2133531,ASSET-00698,Preventive,0,,000130000669
WO-2133532,ASSET-00699,Corrective,60,1336,000130000670
WO-2133533,ASSET-00699,Preventive,0,,000130000670
WO-2133534,ASSET-00699,Corrective,96,677,000130000670
WO-2133535,ASSET-00700,Corrective,102,1528,000130000671
WO-2133536,ASSET-00700,Emergency,508,1909,000130000671
WO-2133537,ASSET-00700,Preventive,0,,000130000671
WO-2133538,ASSET-00700,Preventive,0,,000130000671
WO-2133539,ASSET-00700,Preventive,0,,000130000671
WO-2133540,ASSET-00700,Corrective,179,1989,000130000671
WO-2133541,ASSET-00700,Preventive,0,,000130000671
WO-2133542,ASSET-00701,Preventive,0,,000130000672
WO-2133543,ASSET-00701,Corrective,185,673,000130000672
WO-2133544,ASSET-00701,Preventive,0,,000130000672
WO-2133545,ASSET-00701,Preventive,0,,000130000672
WO-2133546,ASSET-00701,Preventive,0,,000130000672
WO-2133547,ASSET-00701,Emergency,473,303,000130000672
WO-2133548,ASSET-00701,Corrective,228,1750,000130000672
WO-2133549,ASSET-00702,Preventive,0,,000130000673
WO-2133550,ASSET-00702,Preventive,0,,000130000673
WO-2133551,ASSET-00702,Corrective,221,910,000130000673
WO-2133552,ASSET-00702,Corrective,147,1235,000130000673
WO-2133553,ASSET-00702,Preventive,0,,000130000673
WO-2133554,ASSET-00702,Preventive,0,,000130000673
WO-2133555,ASSET-00702,Preventive,0,,000130000673
WO-2133556,ASSET-00703,Emergency,526,509,000130000674
WO-2133557,ASSET-00703,Corrective,181,1978,000130000674
WO-2133558,ASSET-00703,Preventive,0,,000130000674
WO-2133559,ASSET-00703,Preventive,0,,000130000674
WO-2133560,ASSET-00703,Preventive,0,,000130000674
WO-2133561,ASSET-00703,Preventive,0,,000130000674
WO-2133562,ASSET-00703,Preventive,0,,000130000674
WO-2133563,ASSET-00703,Corrective,192,1722,000130000674
WO-2133564,ASSET-00704,Preventive,0,,000130000675
WO-2133565,ASSET-00704,Preventive,0,,000130000675
WO-2133566,ASSET-00704,Corrective,187,981,000130000675
WO-2133567,ASSET-00704,Preventive,0,,000130000675
WO-2133568,ASSET-00704,Corrective,191,1821,000130000675
WO-2133569,ASSET-00704,Corrective,236,257,000130000675
WO-2133570,ASSET-00704,Preventive,0,,000130000675
WO-2133571,ASSET-00704,Corrective,81,732,000130000675
WO-2133572,ASSET-00704,Preventive,0,,000130000675
WO-2133573,ASSET-00705,Preventive,0,,000130000676
WO-2133574,ASSET-00705,Preventive,0,,000130000676
WO-2133575,ASSET-00705,Preventive,0,,000130000676
WO-2133576,ASSET-00705,Preventive,0,,000130000676
WO-2133577,ASSET-00705,Preventive,0,,000130000676
WO-2133578,ASSET-00706,Emergency,226,1066,000130000677
WO-2133579,ASSET-00706,Preventive,0,,000130000677
WO-2133580,ASSET-00706,Preventive,0,,000130000677
WO-2133581,ASSET-00706,Corrective,62,1060,000130000677
WO-2133582,ASSET-00706,Emergency,471,709,000130000677
WO-2133583,ASSET-00707,Preventive,0,,000130000678
WO-2133584,ASSET-00707,Preventive,0,,000130000678
WO-2133585,ASSET-00707,Preventive,0,,000130000678
WO-2133586,ASSET-00707,Corrective,146,754,000130000678
WO-2133587,ASSET-00708,Preventive,0,,000130000679
WO-2133588,ASSET-00708,Preventive,0,,000130000679
WO-2133589,ASSET-00708,Preventive,0,,000130000679
WO-2133590,ASSET-00708,Preventive,0,,000130000679
WO-2133591,ASSET-00709,Preventive,0,,000130000680
WO-2133592,ASSET-00709,Corrective,188,393,000130000680
WO-2133593,ASSET-00709,Preventive,0,,000130000680
WO-2133594,ASSET-00710,Corrective,86,250,000130000681
WO-2133595,ASSET-00710,Corrective,145,872,000130000681
WO-2133596,ASSET-00710,Preventive,0,,000130000681
WO-2133597,ASSET-00710,Preventive,0,,000130000681
WO-2133598,ASSET-00710,Preventive,0,,000130000681
WO-2133599,ASSET-00710,Preventive,0,,000130000681
WO-2133600,ASSET-00710,Corrective,197,1865,000130000681
WO-2133601,ASSET-00711,Preventive,0,,000130000682
WO-2133602,ASSET-00711,Corrective,74,494,000130000682
WO-2133603,ASSET-00711,Preventive,0,,000130000682
WO-2133604,ASSET-00711,Emergency,240,1859,000130000682
WO-2133605,ASSET-00711,Corrective,81,513,000130000682
WO-2133606,ASSET-00711,Emergency,318,581,000130000682
WO-2133607,ASSET-00711,Preventive,0,,000130000682
WO-2133608,ASSET-00712,Emergency,414,766,000130000683
WO-2133609,ASSET-00712,Emergency,93,1007,000130000683
WO-2133610,ASSET-00712,Preventive,0,,000130000683
WO-2133611,ASSET-00713,Preventive,0,,000130000684
WO-2133612,ASSET-00713,Preventive,0,,000130000684
WO-2133613,ASSET-00713,Corrective,99,501,000130000684
WO-2133614,ASSET-00713,Corrective,38,494,000130000684
WO-2133615,ASSET-00713,Preventive,0,,000130000684
WO-2133616,ASSET-00713,Emergency,336,877,000130000684
WO-2133617,ASSET-00713,Corrective,70,1551,000130000684
WO-2133618,ASSET-00713,Preventive,0,,000130000684
WO-2133619,ASSET-00713,Preventive,0,,000130000684
WO-2133620,ASSET-00714,Preventive,0,,000130000685
WO-2133621,ASSET-00714,Corrective,233,1851,000130000685
WO-2133622,ASSET-00714,Corrective,73,1497,000130000685
WO-2133623,ASSET-00714,Corrective,74,1152,000130000685
WO-2133624,ASSET-00714,Corrective,87,646,000130000685
WO-2133625,ASSET-00714,Preventive,0,,000130000685
WO-2133626,ASSET-00714,Preventive,0,,000130000685
WO-2133627,ASSET-00715,Corrective,141,1210,000130000686
WO-2133628,ASSET-00715,Corrective,155,799,000130000686
WO-2133629,ASSET-00715,Preventive,0,,000130000686
WO-2133630,ASSET-00716,Preventive,0,,000130000687
WO-2133631,ASSET-00716,Preventive,0,,000130000687
WO-2133632,ASSET-00716,Preventive,0,,000130000687
WO-2133633,ASSET-00717,Emergency,237,1533,000130000688
WO-2133634,ASSET-00717,Corrective,39,941,000130000688
WO-2133635,ASSET-00717,Preventive,0,,000130000688
WO-2133636,ASSET-00717,Corrective,65,1534,000130000688
WO-2133637,ASSET-00717,Corrective,76,1745,000130000688
WO-2133638,ASSET-00717,Corrective,235,590,000130000688
WO-2133639,ASSET-00717,Corrective,170,1915,000130000688
WO-2133640,ASSET-00718,Preventive,0,,000130000689
WO-2133641,ASSET-00718,Emergency,268,720,000130000689
WO-2133642,ASSET-00718,Preventive,0,,000130000689
WO-2133643,ASSET-00718,Preventive,0,,000130000689
WO-2133644,ASSET-00718,Preventive,0,,000130000689
WO-2133645,ASSET-00718,Preventive,0,,000130000689
WO-2133646,ASSET-00718,Emergency,563,1783,000130000689
WO-2133647,ASSET-00719,Preventive,0,,000130000690
WO-2133648,ASSET-00719,Preventive,0,,000130000690
WO-2133649,ASSET-00719,Preventive,0,,000130000690
WO-2133650,ASSET-00719,Preventive,0,,000130000690
WO-2133651,ASSET-00719,Preventive,0,,000130000690
WO-2133652,ASSET-00719,Corrective,85,389,000130000690
WO-2133653,ASSET-00720,Preventive,0,,000130000691
WO-2133654,ASSET-00720,Corrective,121,657,000130000691
WO-2133655,ASSET-00720,Preventive,0,,000130000691
WO-2133656,ASSET-00720,Emergency,561,755,000130000691
WO-2133657,ASSET-00720,Preventive,0,,000130000691
WO-2133658,ASSET-00720,Preventive,0,,000130000691
WO-2133659,ASSET-00721,Preventive,0,,000130000692
WO-2133660,ASSET-00721,Preventive,0,,000130000692
WO-2133661,ASSET-00721,Preventive,0,,000130000692
WO-2133662,ASSET-00721,Corrective,68,803,000130000692
WO-2133663,ASSET-00721,Corrective,99,242,000130000692
WO-2133664,ASSET-00721,Preventive,0,,000130000692
WO-2133665,ASSET-00722,Preventive,0,,000130000693
WO-2133666,ASSET-00722,Preventive,0,,000130000693
WO-2133667,ASSET-00722,Emergency,269,993,000130000693
WO-2133668,ASSET-00722,Corrective,224,1241,000130000693
WO-2133669,ASSET-00722,Corrective,104,1873,000130000693
WO-2133670,ASSET-00722,Corrective,117,888,000130000693
WO-2133671,ASSET-00722,Preventive,0,,000130000693
WO-2133672,ASSET-00722,Corrective,110,1695,000130000693
WO-2133673,ASSET-00722,Preventive,0,,000130000693
WO-2133674,ASSET-00722,Preventive,0,,000130000693
WO-2133675,ASSET-00722,Preventive,0,,000130000693
WO-2133676,ASSET-00722,Preventive,0,,000130000693
WO-2133677,ASSET-00722,Preventive,0,,000130000693
WO-2133678,ASSET-00723,Emergency,558,450,000130000694
WO-2133679,ASSET-00723,Corrective,208,298,000130000694
WO-2133680,ASSET-00723,Emergency,400,715,000130000694
WO-2133681,ASSET-00723,Preventive,0,,000130000694
WO-2133682,ASSET-00723,Preventive,0,,000130000694
WO-2133683,ASSET-00723,Preventive,0,,000130000694
WO-2133684,ASSET-00724,Corrective,139,1860,000130000695
WO-2133685,ASSET-00724,Corrective,211,1617,000130000695
WO-2133686,ASSET-00724,Emergency,146,1932,000130000695
WO-2133687,ASSET-00724,Corrective,171,363,000130000695
WO-2133688,ASSET-00725,Preventive,0,,000130000696
WO-2133689,ASSET-00725,Corrective,153,309,000130000696
WO-2133690,ASSET-00725,Preventive,0,,000130000696
WO-2133691,ASSET-00725,Preventive,0,,000130000696
WO-2133692,ASSET-00725,Preventive,0,,000130000696
WO-2133693,ASSET-00725,Preventive,0,,000130000696
WO-2133694,ASSET-00726,Corrective,216,1462,000130000697
WO-2133695,ASSET-00726,Corrective,60,259,000130000697
WO-2133696,ASSET-00726,Preventive,0,,000130000697
WO-2133697,ASSET-00726,Corrective,194,1500,000130000697
WO-2133698,ASSET-00727,Preventive,0,,000130000698
WO-2133699,ASSET-00727,Preventive,0,,000130000698
WO-2133700,ASSET-00727,Corrective,96,482,000130000698
WO-2133701,ASSET-00727,Preventive,0,,000130000698
WO-2133702,ASSET-00728,Preventive,0,,000130000699
WO-2133703,ASSET-00728,Emergency,298,729,000130000699
WO-2133704,ASSET-00728,Preventive,0,,000130000699
WO-2133705,ASSET-00728,Corrective,147,639,000130000699
WO-2133706,ASSET-00728,Preventive,0,,000130000699
WO-2133707,ASSET-00729,Preventive,0,,000130000700
WO-2133708,ASSET-00729,Preventive,0,,000130000700
WO-2133709,ASSET-00729,Preventive,0,,000130000700
WO-2133710,ASSET-00729,Preventive,0,,000130000700
WO-2133711,ASSET-00729,Preventive,0,,000130000700
WO-2133712,ASSET-00729,Corrective,150,1835,000130000700
WO-2133713,ASSET-00730,Corrective,180,741,000130000701
WO-2133714,ASSET-00730,Preventive,0,,000130000701
WO-2133715,ASSET-00730,Preventive,0,,000130000701
WO-2133716,ASSET-00730,Preventive,0,,000130000701
WO-2133717,ASSET-00730,Preventive,0,,000130000701
WO-2133718,ASSET-00730,Corrective,213,1755,000130000701
WO-2133719,ASSET-00731,Corrective,240,1384,000130000702
WO-2133720,ASSET-00731,Corrective,94,568,000130000702
WO-2133721,ASSET-00731,Preventive,0,,000130000702
WO-2133722,ASSET-00731,Emergency,76,428,000130000702
WO-2133723,ASSET-00731,Preventive,0,,000130000702
WO-2133724,ASSET-00731,Preventive,0,,000130000702
WO-2133725,ASSET-00732,Preventive,0,,000130000703
WO-2133726,ASSET-00732,Preventive,0,,000130000703
WO-2133727,ASSET-00732,Corrective,121,1012,000130000703
WO-2133728,ASSET-00732,Emergency,129,1475,000130000703
WO-2133729,ASSET-00732,Corrective,182,1067,000130000703
WO-2133730,ASSET-00732,Corrective,185,381,000130000703
WO-2133731,ASSET-00732,Preventive,0,,000130000703
WO-2133732,ASSET-00732,Preventive,0,,000130000703
WO-2133733,ASSET-00733,Corrective,152,543,000130000704
WO-2133734,ASSET-00733,Corrective,51,891,000130000704
WO-2133735,ASSET-00733,Corrective,35,516,000130000704
WO-2133736,ASSET-00733,Preventive,0,,000130000704
WO-2133737,ASSET-00733,Preventive,0,,000130000704
WO-2133738,ASSET-00733,Corrective,102,379,000130000704
WO-2133739,ASSET-00733,Emergency,515,935,000130000704
WO-2133740,ASSET-00734,Preventive,0,,000130000706
WO-2133741,ASSET-00734,Preventive,0,,000130000706
WO-2133742,ASSET-00734,Preventive,0,,000130000706
WO-2133743,ASSET-00734,Preventive,0,,000130000706
WO-2133744,ASSET-00734,Emergency,91,654,000130000706
WO-2133745,ASSET-00734,Corrective,148,629,000130000706
WO-2133746,ASSET-00735,Preventive,0,,000130000707
WO-2133747,ASSET-00735,Preventive,0,,000130000707
WO-2133748,ASSET-00735,Corrective,46,1785,000130000707
WO-2133749,ASSET-00735,Preventive,0,,000130000707
WO-2133750,ASSET-00735,Preventive,0,,000130000707
WO-2133751,ASSET-00735,Preventive,0,,000130000707
WO-2133752,ASSET-00735,Preventive,0,,000130000707
WO-2133753,ASSET-00736,Corrective,144,1307,000130000708
WO-2133754,ASSET-00736,Corrective,77,395,000130000708
WO-2133755,ASSET-00736,Emergency,585,931,000130000708
WO-2133756,ASSET-00737,Corrective,208,1006,000130000709
WO-2133757,ASSET-00737,Preventive,0,,000130000709
WO-2133758,ASSET-00737,Corrective,136,998,000130000709
WO-2133759,ASSET-00737,Corrective,100,885,000130000709
WO-2133760,ASSET-00738,Preventive,0,,000130000710
WO-2133761,ASSET-00738,Corrective,133,1914,000130000710
WO-2133762,ASSET-00738,Preventive,0,,000130000710
WO-2133763,ASSET-00738,Preventive,0,,000130000710
WO-2133764,ASSET-00738,Preventive,0,,000130000710
WO-2133765,ASSET-00738,Corrective,125,1196,000130000710
WO-2133766,ASSET-00738,Preventive,0,,000130000710
WO-2133767,ASSET-00739,Preventive,0,,000130000711
WO-2133768,ASSET-00739,Preventive,0,,000130000711
WO-2133769,ASSET-00739,Preventive,0,,000130000711
WO-2133770,ASSET-00740,Emergency,138,382,000130000712
WO-2133771,ASSET-00740,Preventive,0,,000130000712
WO-2133772,ASSET-00740,Preventive,0,,000130000712
WO-2133773,ASSET-00741,Corrective,77,1080,000130000713
WO-2133774,ASSET-00741,Corrective,68,1382,000130000713
WO-2133775,ASSET-00741,Corrective,168,1369,000130000713
WO-2133776,ASSET-00741,Corrective,190,1052,000130000713
WO-2133777,ASSET-00741,Preventive,0,,000130000713
WO-2133778,ASSET-00742,Preventive,0,,000130000714
WO-2133779,ASSET-00742,Preventive,0,,000130000714
WO-2133780,ASSET-00742,Preventive,0,,000130000714
WO-2133781,ASSET-00742,Corrective,70,324,000130000714
WO-2133782,ASSET-00742,Corrective,174,449,000130000714
WO-2133783,ASSET-00742,Preventive,0,,000130000714
WO-2133784,ASSET-00743,Corrective,202,562,000130000715
WO-2133785,ASSET-00743,Emergency,71,512,000130000715
WO-2133786,ASSET-00743,Corrective,187,389,000130000715
WO-2133787,ASSET-00743,Preventive,0,,000130000715
WO-2133788,ASSET-00744,Preventive,0,,000130000716
WO-2133789,ASSET-00744,Preventive,0,,000130000716
WO-2133790,ASSET-00744,Preventive,0,,000130000716
WO-2133791,ASSET-00744,Preventive,0,,000130000716
WO-2133792,ASSET-00745,Corrective,103,1664,000130000717
WO-2133793,ASSET-00745,Preventive,0,,000130000717
WO-2133794,ASSET-00745,Preventive,0,,000130000717
WO-2133795,ASSET-00746,Corrective,195,712,000130000718
WO-2133796,ASSET-00746,Preventive,0,,000130000718
WO-2133797,ASSET-00746,Corrective,37,1903,000130000718
WO-2133798,ASSET-00746,Corrective,177,1094,000130000718
WO-2133799,ASSET-00746,Preventive,0,,000130000718
WO-2133800,ASSET-00747,Corrective,133,1107,000130000719
WO-2133801,ASSET-00747,Corrective,128,1997,000130000719
WO-2133802,ASSET-00747,Preventive,0,,000130000719
WO-2133803,ASSET-00747,Preventive,0,,000130000719
WO-2133804,ASSET-00747,Preventive,0,,000130000719
WO-2133805,ASSET-00748,Corrective,176,620,000130000720
WO-2133806,ASSET-00748,Corrective,152,1764,000130000720
WO-2133807,ASSET-00748,Preventive,0,,000130000720
WO-2133808,ASSET-00748,Corrective,57,1937,000130000720
WO-2133809,ASSET-00748,Preventive,0,,000130000720
WO-2133810,ASSET-00748,Corrective,212,1625,000130000720
WO-2133811,ASSET-00749,Preventive,0,,000130000721
WO-2133812,ASSET-00749,Preventive,0,,000130000721
WO-2133813,ASSET-00749,Corrective,122,1016,000130000721
WO-2133814,ASSET-00749,Emergency,128,1096,000130000721
WO-2133815,ASSET-00749,Preventive,0,,000130000721
WO-2133816,ASSET-00749,Emergency,193,1211,000130000721
WO-2133817,ASSET-00749,Preventive,0,,000130000721
WO-2133818,ASSET-00750,Preventive,0,,000130000722
WO-2133819,ASSET-00750,Emergency,578,1172,000130000722
WO-2133820,ASSET-00750,Corrective,101,397,000130000722
WO-2133821,ASSET-00750,Preventive,0,,000130000722
WO-2133822,ASSET-00750,Corrective,133,278,000130000722
WO-2133823,ASSET-00750,Preventive,0,,000130000722
WO-2133824,ASSET-00751,Preventive,0,,000130000723
WO-2133825,ASSET-00751,Preventive,0,,000130000723
WO-2133826,ASSET-00751,Corrective,189,1740,000130000723
WO-2133827,ASSET-00751,Preventive,0,,000130000723
WO-2133828,ASSET-00751,Preventive,0,,000130000723
WO-2133829,ASSET-00751,Preventive,0,,000130000723
WO-2133830,ASSET-00751,Corrective,236,563,000130000723
WO-2133831,ASSET-00752,Preventive,0,,000130000724
WO-2133832,ASSET-00752,Corrective,101,848,000130000724
WO-2133833,ASSET-00752,Preventive,0,,000130000724
WO-2133834,ASSET-00752,Preventive,0,,000130000724
WO-2133835,ASSET-00752,Preventive,0,,000130000724
WO-2133836,ASSET-00752,Emergency,339,1154,000130000724
WO-2133837,ASSET-00752,Corrective,233,1046,000130000724
WO-2133838,ASSET-00752,Preventive,0,,000130000724
WO-2133839,ASSET-00753,Corrective,180,662,000130000725
WO-2133840,ASSET-00753,Preventive,0,,000130000725
WO-2133841,ASSET-00753,Emergency,598,1709,000130000725
WO-2133842,ASSET-00753,Preventive,0,,000130000725
WO-2133843,ASSET-00755,Corrective,227,1399,000130000727
WO-2133844,ASSET-00755,Preventive,0,,000130000727
WO-2133845,ASSET-00755,Corrective,55,817,000130000727
WO-2133846,ASSET-00755,Emergency,409,1074,000130000727
WO-2133847,ASSET-00755,Preventive,0,,000130000727
WO-2133848,ASSET-00755,Emergency,521,287,000130000727
WO-2133849,ASSET-00756,Corrective,118,1152,000130000728
WO-2133850,ASSET-00756,Corrective,124,1031,000130000728
WO-2133851,ASSET-00756,Preventive,0,,000130000728
WO-2133852,ASSET-00756,Corrective,90,1217,000130000728
WO-2133853,ASSET-00756,Emergency,94,1552,000130000728
WO-2133854,ASSET-00756,Preventive,0,,000130000728
WO-2133855,ASSET-00756,Preventive,0,,000130000728
WO-2133856,ASSET-00756,Corrective,171,973,000130000728
WO-2133857,ASSET-00757,Emergency,284,622,000130000729
WO-2133858,ASSET-00757,Corrective,224,1965,000130000729
WO-2133859,ASSET-00757,Corrective,104,646,000130000729
WO-2133860,ASSET-00757,Preventive,0,,000130000729
WO-2133861,ASSET-00758,Emergency,506,402,000130000730
WO-2133862,ASSET-00758,Corrective,210,1197,000130000730
WO-2133863,ASSET-00759,Corrective,204,909,000130000731
WO-2133864,ASSET-00759,Emergency,490,1226,000130000731
WO-2133865,ASSET-00759,Corrective,119,1635,000130000731
WO-2133866,ASSET-00759,Corrective,221,216,000130000731
WO-2133867,ASSET-00759,Corrective,108,1949,000130000731
WO-2133868,ASSET-00759,Preventive,0,,000130000731
WO-2133869,ASSET-00759,Preventive,0,,000130000731
WO-2133870,ASSET-00760,Preventive,0,,000130000733
WO-2133871,ASSET-00760,Corrective,202,463,000130000733
WO-2133872,ASSET-00760,Emergency,345,969,000130000733
WO-2133873,ASSET-00760,Corrective,97,563,000130000733
WO-2133874,ASSET-00760,Preventive,0,,000130000733
WO-2133875,ASSET-00760,Emergency,344,1678,000130000733
WO-2133876,ASSET-00760,Corrective,206,249,000130000733
WO-2133877,ASSET-00761,Preventive,0,,000130000734
WO-2133878,ASSET-00761,Emergency,221,666,000130000734
WO-2133879,ASSET-00761,Preventive,0,,000130000734
WO-2133880,ASSET-00761,Corrective,116,711,000130000734
WO-2133881,ASSET-00761,Corrective,178,1246,000130000734
WO-2133882,ASSET-00761,Corrective,40,416,000130000734
WO-2133883,ASSET-00761,Preventive,0,,000130000734
WO-2133884,ASSET-00762,Corrective,216,1510,000130000735
WO-2133885,ASSET-00762,Preventive,0,,000130000735
WO-2133886,ASSET-00762,Preventive,0,,000130000735
WO-2133887,ASSET-00762,Preventive,0,,000130000735
WO-2133888,ASSET-00762,Corrective,165,1221,000130000735
WO-2133889,ASSET-00762,Corrective,173,1155,000130000735
WO-2133890,ASSET-00762,Preventive,0,,000130000735
WO-2133891,ASSET-00763,Preventive,0,,000130000736
WO-2133892,ASSET-00763,Emergency,242,1635,000130000736
WO-2133893,ASSET-00763,Corrective,93,244,000130000736
WO-2133894,ASSET-00763,Corrective,196,1598,000130000736
WO-2133895,ASSET-00764,Emergency,587,1331,000130000737
WO-2133896,ASSET-00764,Preventive,0,,000130000737
WO-2133897,ASSET-00764,Preventive,0,,000130000737
WO-2133898,ASSET-00765,Emergency,366,424,000130000739
WO-2133899,ASSET-00765,Corrective,77,693,000130000739
WO-2133900,ASSET-00765,Corrective,136,406,000130000739
WO-2133901,ASSET-00766,Preventive,0,,000130000740
WO-2133902,ASSET-00766,Emergency,85,1125,000130000740
WO-2133903,ASSET-00766,Corrective,200,1898,000130000740
WO-2133904,ASSET-00767,Preventive,0,,000130000741
WO-2133905,ASSET-00767,Preventive,0,,000130000741
WO-2133906,ASSET-00767,Emergency,244,300,000130000741
WO-2133907,ASSET-00767,Preventive,0,,000130000741
WO-2133908,ASSET-00767,Preventive,0,,000130000741
WO-2133909,ASSET-00767,Preventive,0,,000130000741
WO-2133910,ASSET-00768,Preventive,0,,000130000742
WO-2133911,ASSET-00768,Corrective,175,605,000130000742
WO-2133912,ASSET-00768,Preventive,0,,000130000742
WO-2133913,ASSET-00768,Preventive,0,,000130000742
WO-2133914,ASSET-00769,Emergency,175,337,000130000743
WO-2133915,ASSET-00769,Corrective,135,1523,000130000743
WO-2133916,ASSET-00769,Emergency,481,671,000130000743
WO-2133917,ASSET-00769,Preventive,0,,000130000743
WO-2133918,ASSET-00769,Corrective,187,1391,000130000743
WO-2133919,ASSET-00770,Preventive,0,,000130000744
WO-2133920,ASSET-00770,Preventive,0,,000130000744
WO-2133921,ASSET-00770,Emergency,332,922,000130000744
WO-2133922,ASSET-00770,Preventive,0,,000130000744
WO-2133923,ASSET-00770,Emergency,400,673,000130000744
WO-2133924,ASSET-00770,Corrective,188,485,000130000744
WO-2133925,ASSET-00770,Preventive,0,,000130000744
WO-2133926,ASSET-00771,Preventive,0,,000130000745
WO-2133927,ASSET-00771,Preventive,0,,000130000745
WO-2133928,ASSET-00771,Preventive,0,,000130000745
WO-2133929,ASSET-00771,Preventive,0,,000130000745
WO-2133930,ASSET-00771,Corrective,149,208,000130000745
WO-2133931,ASSET-00772,Preventive,0,,000130000746
WO-2133932,ASSET-00772,Corrective,112,679,000130000746
WO-2133933,ASSET-00772,Preventive,0,,000130000746
WO-2133934,ASSET-00772,Emergency,170,672,000130000746
WO-2133935,ASSET-00772,Emergency,490,1610,000130000746
WO-2133936,ASSET-00773,Preventive,0,,000130000747
WO-2133937,ASSET-00773,Corrective,238,1058,000130000747
WO-2133938,ASSET-00773,Emergency,116,351,000130000747
WO-2133939,ASSET-00773,Preventive,0,,000130000747
WO-2133940,ASSET-00773,Preventive,0,,000130000747
WO-2133941,ASSET-00773,Preventive,0,,000130000747
WO-2133942,ASSET-00773,Preventive,0,,000130000747
WO-2133943,ASSET-00773,Corrective,151,1531,000130000747
WO-2133944,ASSET-00773,Corrective,152,599,000130000747
WO-2133945,ASSET-00773,Corrective,43,1946,000130000747
WO-2133946,ASSET-00774,Emergency,175,283,000130000748
WO-2133947,ASSET-00774,Preventive,0,,000130000748
WO-2133948,ASSET-00774,Preventive,0,,000130000748
WO-2133949,ASSET-00774,Preventive,0,,000130000748
WO-2133950,ASSET-00774,Corrective,182,667,000130000748
WO-2133951,ASSET-00775,Preventive,0,,000130000749
WO-2133952,ASSET-00775,Corrective,202,1725,000130000749
WO-2133953,ASSET-00775,Preventive,0,,000130000749
WO-2133954,ASSET-00775,Emergency,543,1252,000130000749
WO-2133955,ASSET-00775,Corrective,95,1333,000130000749
WO-2133956,ASSET-00775,Preventive,0,,000130000749
WO-2133957,ASSET-00776,Emergency,274,1495,000130000750
WO-2133958,ASSET-00776,Preventive,0,,000130000750
WO-2133959,ASSET-00776,Corrective,217,1904,000130000750
WO-2133960,ASSET-00777,Preventive,0,,000130000751
WO-2133961,ASSET-00777,Preventive,0,,000130000751
WO-2133962,ASSET-00777,Preventive,0,,000130000751
WO-2133963,ASSET-00778,Corrective,53,1325,000130000752
WO-2133964,ASSET-00778,Preventive,0,,000130000752
WO-2133965,ASSET-00778,Preventive,0,,000130000752
WO-2133966,ASSET-00778,Preventive,0,,000130000752
WO-2133967,ASSET-00778,Preventive,0,,000130000752
WO-2133968,ASSET-00779,Preventive,0,,000130000753
WO-2133969,ASSET-00779,Preventive,0,,000130000753
WO-2133970,ASSET-00779,Preventive,0,,000130000753
WO-2133971,ASSET-00779,Preventive,0,,000130000753
WO-2133972,ASSET-00779,Preventive,0,,000130000753
WO-2133973,ASSET-00779,Preventive,0,,000130000753
WO-2133974,ASSET-00779,Corrective,102,852,000130000753
WO-2133975,ASSET-00779,Corrective,45,555,000130000753
WO-2133976,ASSET-00780,Preventive,0,,000130000754
WO-2133977,ASSET-00780,Preventive,0,,000130000754
WO-2133978,ASSET-00780,Preventive,0,,000130000754
WO-2133979,ASSET-00780,Corrective,131,1559,000130000754
WO-2133980,ASSET-00780,Preventive,0,,000130000754
WO-2133981,ASSET-00781,Emergency,473,1007,000130000755
WO-2133982,ASSET-00781,Corrective,99,1257,000130000755
WO-2133983,ASSET-00781,Corrective,189,1519,000130000755
WO-2133984,ASSET-00781,Emergency,352,302,000130000755
WO-2133985,ASSET-00781,Preventive,0,,000130000755
WO-2133986,ASSET-00782,Preventive,0,,000130000756
WO-2133987,ASSET-00782,Preventive,0,,000130000756
WO-2133988,ASSET-00782,Corrective,94,1291,000130000756
WO-2133989,ASSET-00783,Preventive,0,,000130000757
WO-2133990,ASSET-00783,Corrective,225,1665,000130000757
WO-2133991,ASSET-00783,Preventive,0,,000130000757
WO-2133992,ASSET-00783,Emergency,302,319,000130000757
WO-2133993,ASSET-00783,Preventive,0,,000130000757
WO-2133994,ASSET-00783,Preventive,0,,000130000757
WO-2133995,ASSET-00783,Preventive,0,,000130000757
WO-2133996,ASSET-00784,Preventive,0,,000130000758
WO-2133997,ASSET-00784,Preventive,0,,000130000758
WO-2133998,ASSET-00784,Corrective,175,1638,000130000758
WO-2133999,ASSET-00784,Corrective,146,579,000130000758
WO-2134000,ASSET-00785,Preventive,0,,000130000759
WO-2134001,ASSET-00785,Corrective,172,1697,000130000759
WO-2134002,ASSET-00785,Preventive,0,,000130000759
WO-2134003,ASSET-00785,Emergency,222,1792,000130000759
WO-2134004,ASSET-00785,Corrective,85,359,000130000759
WO-2134005,ASSET-00786,Preventive,0,,000130000760
WO-2134006,ASSET-00786,Preventive,0,,000130000760
WO-2134007,ASSET-00786,Preventive,0,,000130000760
WO-2134008,ASSET-00786,Preventive,0,,000130000760
WO-2134009,ASSET-00786,Emergency,192,1445,000130000760
WO-2134010,ASSET-00786,Corrective,149,753,000130000760
WO-2134011,ASSET-00787,Corrective,47,558,000130000761
WO-2134012,ASSET-00787,Preventive,0,,000130000761
WO-2134013,ASSET-00787,Preventive,0,,000130000761
WO-2134014,ASSET-00787,Corrective,179,1172,000130000761
WO-2134015,ASSET-00787,Preventive,0,,000130000761
WO-2134016,ASSET-00787,Preventive,0,,000130000761
WO-2134017,ASSET-00787,Corrective,67,1807,000130000761
WO-2134018,ASSET-00788,Preventive,0,,000130000762
WO-2134019,ASSET-00788,Corrective,61,1619,000130000762
WO-2134020,ASSET-00788,Corrective,109,791,000130000762
WO-2134021,ASSET-00788,Corrective,197,1674,000130000762
WO-2134022,ASSET-00789,Corrective,95,932,000130000763
WO-2134023,ASSET-00789,Corrective,87,653,000130000763
WO-2134024,ASSET-00789,Corrective,203,1496,000130000763
WO-2134025,ASSET-00789,Corrective,154,1949,000130000763
WO-2134026,ASSET-00789,Preventive,0,,000130000763
WO-2134027,ASSET-00789,Preventive,0,,000130000763
WO-2134028,ASSET-00789,Preventive,0,,000130000763
WO-2134029,ASSET-00790,Emergency,208,1225,000130000764
WO-2134030,ASSET-00790,Preventive,0,,000130000764
WO-2134031,ASSET-00791,Preventive,0,,000130000765
WO-2134032,ASSET-00791,Preventive,0,,000130000765
WO-2134033,ASSET-00791,Corrective,178,830,000130000765
WO-2134034,ASSET-00791,Preventive,0,,000130000765
WO-2134035,ASSET-00791,Corrective,229,1557,000130000765
WO-2134036,ASSET-00792,Preventive,0,,000130000766
WO-2134037,ASSET-00792,Corrective,192,254,000130000766
WO-2134038,ASSET-00792,Preventive,0,,000130000766
WO-2134039,ASSET-00792,Preventive,0,,000130000766
WO-2134040,ASSET-00792,Preventive,0,,000130000766
WO-2134041,ASSET-00792,Preventive,0,,000130000766
WO-2134042,ASSET-00792,Corrective,118,1006,000130000766
WO-2134043,ASSET-00792,Preventive,0,,000130000766
WO-2134044,ASSET-00793,Corrective,165,1081,000130000767
WO-2134045,ASSET-00793,Preventive,0,,000130000767
WO-2134046,ASSET-00793,Corrective,180,874,000130000767
WO-2134047,ASSET-00793,Corrective,232,1147,000130000767
WO-2134048,ASSET-00794,Preventive,0,,000130000768
WO-2134049,ASSET-00794,Preventive,0,,000130000768
WO-2134050,ASSET-00794,Emergency,345,1858,000130000768
WO-2134051,ASSET-00794,Preventive,0,,000130000768
WO-2134052,ASSET-00794,Preventive,0,,000130000768
WO-2134053,ASSET-00794,Preventive,0,,000130000768
WO-2134054,ASSET-00794,Preventive,0,,000130000768
WO-2134055,ASSET-00794,Emergency,430,247,000130000768
WO-2134056,ASSET-00794,Emergency,311,1451,000130000768
WO-2134057,ASSET-00795,Corrective,144,1880,000130000769
WO-2134058,ASSET-00795,Corrective,109,1810,000130000769
WO-2134059,ASSET-00795,Preventive,0,,000130000769
WO-2134060,ASSET-00795,Preventive,0,,000130000769
WO-2134061,ASSET-00795,Emergency,155,1111,000130000769
WO-2134062,ASSET-00795,Preventive,0,,000130000769
WO-2134063,ASSET-00795,Emergency,356,1975,000130000769
WO-2134064,ASSET-00795,Preventive,0,,000130000769
WO-2134065,ASSET-00795,Preventive,0,,000130000769
WO-2134066,ASSET-00796,Corrective,143,1170,000130000770
WO-2134067,ASSET-00796,Preventive,0,,000130000770
WO-2134068,ASSET-00796,Preventive,0,,000130000770
WO-2134069,ASSET-00796,Corrective,115,1208,000130000770
WO-2134070,ASSET-00796,Corrective,74,677,000130000770
WO-2134071,ASSET-00796,Corrective,111,301,000130000770
WO-2134072,ASSET-00796,Preventive,0,,000130000770
WO-2134073,ASSET-00796,Preventive,0,,000130000770
WO-2134074,ASSET-00796,Preventive,0,,000130000770
WO-2134075,ASSET-00797,Preventive,0,,000130000771
WO-2134076,ASSET-00797,Preventive,0,,000130000771
WO-2134077,ASSET-00797,Preventive,0,,000130000771
WO-2134078,ASSET-00797,Preventive,0,,000130000771
WO-2134079,ASSET-00797,Corrective,120,393,000130000771
WO-2134080,ASSET-00797,Preventive,0,,000130000771
WO-2134081,ASSET-00798,Corrective,196,1620,000130000772
WO-2134082,ASSET-00798,Preventive,0,,000130000772
WO-2134083,ASSET-00798,Preventive,0,,000130000772
WO-2134084,ASSET-00798,Preventive,0,,000130000772
WO-2134085,ASSET-00798,Preventive,0,,000130000772
WO-2134086,ASSET-00799,Preventive,0,,000130000773
WO-2134087,ASSET-00799,Corrective,229,1488,000130000773
WO-2134088,ASSET-00800,Preventive,0,,000130000774
WO-2134089,ASSET-00800,Corrective,71,771,000130000774
WO-2134090,ASSET-00800,Preventive,0,,000130000774
WO-2134091,ASSET-00800,Preventive,0,,000130000774
WO-2134092,ASSET-00800,Corrective,108,1086,000130000774
WO-2134093,ASSET-00800,Emergency,530,1250,000130000774
WO-2134094,ASSET-00801,Emergency,169,383,000130000775
WO-2134095,ASSET-00801,Corrective,34,1265,000130000775
WO-2134096,ASSET-00801,Emergency,264,1585,000130000775
WO-2134097,ASSET-00801,Emergency,207,1339,000130000775
WO-2134098,ASSET-00801,Preventive,0,,000130000775
WO-2134099,ASSET-00802,Corrective,109,927,000130000777
WO-2134100,ASSET-00802,Preventive,0,,000130000777
WO-2134101,ASSET-00803,Preventive,0,,000130000778
WO-2134102,ASSET-00803,Preventive,0,,000130000778
WO-2134103,ASSET-00803,Corrective,202,866,000130000778
WO-2134104,ASSET-00803,Preventive,0,,000130000778
WO-2134105,ASSET-00803,Corrective,89,1659,000130000778
WO-2134106,ASSET-00803,Corrective,64,1009,000130000778
WO-2134107,ASSET-00803,Preventive,0,,000130000778
WO-2134108,ASSET-00803,Preventive,0,,000130000778
WO-2134109,ASSET-00803,Preventive,0,,000130000778
WO-2134110,ASSET-00804,Corrective,220,779,000130000779
WO-2134111,ASSET-00804,Preventive,0,,000130000779
WO-2134112,ASSET-00804,Preventive,0,,000130000779
WO-2134113,ASSET-00805,Emergency,151,598,000130000780
WO-2134114,ASSET-00805,Corrective,89,551,000130000780
WO-2134115,ASSET-00805,Preventive,0,,000130000780
WO-2134116,ASSET-00806,Corrective,162,521,000130000781
WO-2134117,ASSET-00807,Preventive,0,,000130000782
WO-2134118,ASSET-00807,Corrective,46,673,000130000782
WO-2134119,ASSET-00807,Corrective,86,507,000130000782
WO-2134120,ASSET-00807,Preventive,0,,000130000782
WO-2134121,ASSET-00808,Preventive,0,,000130000783
WO-2134122,ASSET-00808,Emergency,296,437,000130000783
WO-2134123,ASSET-00808,Preventive,0,,000130000783
WO-2134124,ASSET-00808,Corrective,237,1901,000130000783
WO-2134125,ASSET-00808,Preventive,0,,000130000783
WO-2134126,ASSET-00809,Preventive,0,,000130000784
WO-2134127,ASSET-00809,Preventive,0,,000130000784
WO-2134128,ASSET-00809,Emergency,549,906,000130000784
WO-2134129,ASSET-00809,Corrective,235,696,000130000784
WO-2134130,ASSET-00809,Corrective,56,762,000130000784
WO-2134131,ASSET-00809,Preventive,0,,000130000784
WO-2134132,ASSET-00809,Preventive,0,,000130000784
WO-2134133,ASSET-00809,Corrective,58,1113,000130000784
WO-2134134,ASSET-00809,Preventive,0,,000130000784
WO-2134135,ASSET-00810,Preventive,0,,000130000785
WO-2134136,ASSET-00810,Corrective,229,1733,000130000785
WO-2134137,ASSET-00810,Corrective,80,1962,000130000785
WO-2134138,ASSET-00810,Corrective,225,1182,000130000785
WO-2134139,ASSET-00810,Preventive,0,,000130000785
WO-2134140,ASSET-00810,Preventive,0,,000130000785
WO-2134141,ASSET-00810,Preventive,0,,000130000785
WO-2134142,ASSET-00810,Preventive,0,,000130000785
WO-2134143,ASSET-00810,Emergency,355,1572,000130000785
WO-2134144,ASSET-00811,Preventive,0,,000130000786
WO-2134145,ASSET-00811,Preventive,0,,000130000786
WO-2134146,ASSET-00811,Preventive,0,,000130000786
WO-2134147,ASSET-00811,Preventive,0,,000130000786
WO-2134148,ASSET-00812,Preventive,0,,000130000787
WO-2134149,ASSET-00812,Emergency,118,438,000130000787
WO-2134150,ASSET-00812,Emergency,432,1112,000130000787
WO-2134151,ASSET-00812,Corrective,136,1224,000130000787
WO-2134152,ASSET-00812,Corrective,43,1866,000130000787
WO-2134153,ASSET-00813,Preventive,0,,000130000788
WO-2134154,ASSET-00813,Preventive,0,,000130000788
WO-2134155,ASSET-00813,Emergency,158,1086,000130000788
WO-2134156,ASSET-00814,Corrective,181,1353,000130000789
WO-2134157,ASSET-00814,Corrective,70,1811,000130000789
WO-2134158,ASSET-00814,Preventive,0,,000130000789
WO-2134159,ASSET-00814,Preventive,0,,000130000789
WO-2134160,ASSET-00815,Preventive,0,,000130000790
WO-2134161,ASSET-00816,Preventive,0,,000130000791
WO-2134162,ASSET-00816,Preventive,0,,000130000791
WO-2134163,ASSET-00816,Preventive,0,,000130000791
WO-2134164,ASSET-00816,Corrective,130,1297,000130000791
WO-2134165,ASSET-00817,Corrective,68,1766,000130000792
WO-2134166,ASSET-00817,Preventive,0,,000130000792
WO-2134167,ASSET-00817,Emergency,546,1632,000130000792
WO-2134168,ASSET-00817,Preventive,0,,000130000792
WO-2134169,ASSET-00817,Preventive,0,,000130000792
WO-2134170,ASSET-00818,Preventive,0,,000130000793
WO-2134171,ASSET-00818,Preventive,0,,000130000793
WO-2134172,ASSET-00819,Corrective,58,660,000130000794
WO-2134173,ASSET-00819,Preventive,0,,000130000794
WO-2134174,ASSET-00819,Preventive,0,,000130000794
WO-2134175,ASSET-00819,Emergency,571,1781,000130000794
WO-2134176,ASSET-00819,Corrective,78,1426,000130000794
WO-2134177,ASSET-00820,Preventive,0,,000130000795
WO-2134178,ASSET-00820,Corrective,125,1361,000130000795
WO-2134179,ASSET-00820,Emergency,520,898,000130000795
WO-2134180,ASSET-00820,Preventive,0,,000130000795
WO-2134181,ASSET-00821,Preventive,0,,000130000796
WO-2134182,ASSET-00821,Preventive,0,,000130000796
WO-2134183,ASSET-00821,Corrective,42,1924,000130000796
WO-2134184,ASSET-00821,Preventive,0,,000130000796
WO-2134185,ASSET-00822,Preventive,0,,000130000797
WO-2134186,ASSET-00822,Preventive,0,,000130000797
WO-2134187,ASSET-00822,Preventive,0,,000130000797
WO-2134188,ASSET-00822,Corrective,140,1433,000130000797
WO-2134189,ASSET-00822,Preventive,0,,000130000797
WO-2134190,ASSET-00823,Corrective,236,1597,000130000798
WO-2134191,ASSET-00823,Emergency,160,1434,000130000798
WO-2134192,ASSET-00823,Preventive,0,,000130000798
WO-2134193,ASSET-00823,Preventive,0,,000130000798
WO-2134194,ASSET-00824,Preventive,0,,000130000799
WO-2134195,ASSET-00824,Preventive,0,,000130000799
WO-2134196,ASSET-00825,Corrective,36,1704,000130000800
WO-2134197,ASSET-00825,Emergency,472,1622,000130000800
WO-2134198,ASSET-00825,Preventive,0,,000130000800
WO-2134199,ASSET-00825,Preventive,0,,000130000800
WO-2134200,ASSET-00825,Corrective,162,675,000130000800
WO-2134201,ASSET-00825,Preventive,0,,000130000800
WO-2134202,ASSET-00826,Preventive,0,,000130000801
WO-2134203,ASSET-00826,Preventive,0,,000130000801
WO-2134204,ASSET-00826,Corrective,81,1341,000130000801
WO-2134205,ASSET-00826,Preventive,0,,000130000801
WO-2134206,ASSET-00827,Preventive,0,,000130000802
WO-2134207,ASSET-00827,Emergency,145,1509,000130000802
WO-2134208,ASSET-00827,Preventive,0,,000130000802
WO-2134209,ASSET-00827,Corrective,171,796,000130000802
WO-2134210,ASSET-00827,Preventive,0,,000130000802
WO-2134211,ASSET-00827,Corrective,145,1310,000130000802
WO-2134212,ASSET-00827,Corrective,216,499,000130000802
WO-2134213,ASSET-00828,Corrective,87,1238,000130000803
WO-2134214,ASSET-00828,Preventive,0,,000130000803
WO-2134215,ASSET-00828,Corrective,65,426,000130000803
WO-2134216,ASSET-00828,Preventive,0,,000130000803
WO-2134217,ASSET-00828,Corrective,49,1491,000130000803
WO-2134218,ASSET-00828,Preventive,0,,000130000803
WO-2134219,ASSET-00828,Preventive,0,,000130000803
WO-2134220,ASSET-00828,Preventive,0,,000130000803
WO-2134221,ASSET-00829,Preventive,0,,000130000804
WO-2134222,ASSET-00829,Corrective,38,439,000130000804
WO-2134223,ASSET-00829,Preventive,0,,000130000804
WO-2134224,ASSET-00829,Corrective,81,1740,000130000804
WO-2134225,ASSET-00829,Preventive,0,,000130000804
WO-2134226,ASSET-00829,Corrective,151,679,000130000804
WO-2134227,ASSET-00829,Corrective,233,1639,000130000804
WO-2134228,ASSET-00830,Preventive,0,,000130000805
WO-2134229,ASSET-00830,Corrective,56,1609,000130000805
WO-2134230,ASSET-00830,Emergency,544,1573,000130000805
WO-2134231,ASSET-00830,Corrective,124,1406,000130000805
WO-2134232,ASSET-00831,Preventive,0,,000130000806
WO-2134233,ASSET-00831,Emergency,326,1149,000130000806
WO-2134234,ASSET-00831,Corrective,132,284,000130000806
WO-2134235,ASSET-00832,Preventive,0,,000130000807
WO-2134236,ASSET-00832,Preventive,0,,000130000807
WO-2134237,ASSET-00832,Preventive,0,,000130000807
WO-2134238,ASSET-00832,Preventive,0,,000130000807
WO-2134239,ASSET-00833,Corrective,222,1142,000130000808
WO-2134240,ASSET-00833,Corrective,105,911,000130000808
WO-2134241,ASSET-00833,Preventive,0,,000130000808
WO-2134242,ASSET-00833,Emergency,83,1695,000130000808
WO-2134243,ASSET-00833,Corrective,84,962,000130000808
WO-2134244,ASSET-00833,Preventive,0,,000130000808
WO-2134245,ASSET-00834,Preventive,0,,000130000809
WO-2134246,ASSET-00834,Preventive,0,,000130000809
WO-2134247,ASSET-00835,Preventive,0,,000130000810
WO-2134248,ASSET-00835,Preventive,0,,000130000810
WO-2134249,ASSET-00835,Preventive,0,,000130000810
WO-2134250,ASSET-00835,Corrective,71,1678,000130000810
WO-2134251,ASSET-00835,Preventive,0,,000130000810
WO-2134252,ASSET-00835,Preventive,0,,000130000810
WO-2134253,ASSET-00835,Corrective,111,1882,000130000810
WO-2134254,ASSET-00836,Preventive,0,,000130000811
WO-2134255,ASSET-00836,Corrective,135,779,000130000811
WO-2134256,ASSET-00836,Preventive,0,,000130000811
WO-2134257,ASSET-00836,Preventive,0,,000130000811
WO-2134258,ASSET-00836,Corrective,134,583,000130000811
WO-2134259,ASSET-00837,Corrective,220,1542,000130000812
WO-2134260,ASSET-00837,Emergency,62,766,000130000812
WO-2134261,ASSET-00837,Corrective,238,1312,000130000812
WO-2134262,ASSET-00837,Preventive,0,,000130000812
WO-2134263,ASSET-00837,Preventive,0,,000130000812
WO-2134264,ASSET-00837,Corrective,186,1547,000130000812
WO-2134265,ASSET-00837,Corrective,147,657,000130000812
WO-2134266,ASSET-00838,Corrective,62,614,000130000813
WO-2134267,ASSET-00838,Corrective,151,1874,000130000813
WO-2134268,ASSET-00838,Preventive,0,,000130000813
WO-2134269,ASSET-00838,Corrective,207,1832,000130000813
WO-2134270,ASSET-00838,Preventive,0,,000130000813
WO-2134271,ASSET-00839,Corrective,152,342,000130000814
WO-2134272,ASSET-00839,Corrective,219,1216,000130000814
WO-2134273,ASSET-00839,Corrective,212,1135,000130000814
WO-2134274,ASSET-00839,Corrective,58,1310,000130000814
WO-2134275,ASSET-00839,Preventive,0,,000130000814
WO-2134276,ASSET-00840,Preventive,0,,000130000815
WO-2134277,ASSET-00840,Preventive,0,,000130000815
WO-2134278,ASSET-00840,Emergency,350,711,000130000815
WO-2134279,ASSET-00841,Preventive,0,,000130000816
WO-2134280,ASSET-00841,Corrective,160,1925,000130000816
WO-2134281,ASSET-00841,Emergency,308,1260,000130000816
WO-2134282,ASSET-00841,Corrective,85,1697,000130000816
WO-2134283,ASSET-00841,Preventive,0,,000130000816
WO-2134284,ASSET-00841,Corrective,30,1574,000130000816
WO-2134285,ASSET-00841,Emergency,154,1005,000130000816
WO-2134286,ASSET-00842,Preventive,0,,000130000817
WO-2134287,ASSET-00842,Corrective,57,961,000130000817
WO-2134288,ASSET-00842,Preventive,0,,000130000817
WO-2134289,ASSET-00842,Corrective,193,366,000130000817
WO-2134290,ASSET-00842,Preventive,0,,000130000817
WO-2134291,ASSET-00842,Emergency,430,1992,000130000817
WO-2134292,ASSET-00842,Corrective,215,406,000130000817
WO-2134293,ASSET-00843,Preventive,0,,000130000818
WO-2134294,ASSET-00843,Corrective,49,1230,000130000818
WO-2134295,ASSET-00843,Preventive,0,,000130000818
WO-2134296,ASSET-00843,Corrective,223,286,000130000818
WO-2134297,ASSET-00843,Preventive,0,,000130000818
WO-2134298,ASSET-00843,Preventive,0,,000130000818
WO-2134299,ASSET-00844,Preventive,0,,000130000819
WO-2134300,ASSET-00844,Preventive,0,,000130000819
WO-2134301,ASSET-00844,Preventive,0,,000130000819
WO-2134302,ASSET-00844,Preventive,0,,000130000819
WO-2134303,ASSET-00844,Preventive,0,,000130000819
WO-2134304,ASSET-00845,Emergency,193,1929,000130000820
WO-2134305,ASSET-00845,Preventive,0,,000130000820
WO-2134306,ASSET-00845,Corrective,127,1198,000130000820
WO-2134307,ASSET-00845,Corrective,188,413,000130000820
WO-2134308,ASSET-00846,Corrective,172,1447,000130000821
WO-2134309,ASSET-00846,Preventive,0,,000130000821
WO-2134310,ASSET-00846,Preventive,0,,000130000821
WO-2134311,ASSET-00846,Corrective,199,1294,000130000821
WO-2134312,ASSET-00846,Corrective,186,888,000130000821
WO-2134313,ASSET-00847,Corrective,54,877,000130000823
WO-2134314,ASSET-00847,Preventive,0,,000130000823
WO-2134315,ASSET-00847,Corrective,233,1918,000130000823
WO-2134316,ASSET-00847,Corrective,80,1137,000130000823
WO-2134317,ASSET-00847,Preventive,0,,000130000823
WO-2134318,ASSET-00847,Preventive,0,,000130000823
WO-2134319,ASSET-00847,Preventive,0,,000130000823
WO-2134320,ASSET-00848,Emergency,367,1093,000130000824
WO-2134321,ASSET-00848,Corrective,148,1441,000130000824
WO-2134322,ASSET-00848,Preventive,0,,000130000824
WO-2134323,ASSET-00848,Preventive,0,,000130000824
WO-2134324,ASSET-00848,Corrective,77,1431,000130000824
WO-2134325,ASSET-00848,Corrective,33,870,000130000824
WO-2134326,ASSET-00848,Preventive,0,,000130000824
WO-2134327,ASSET-00849,Corrective,235,1542,000130000825
WO-2134328,ASSET-00849,Preventive,0,,000130000825
WO-2134329,ASSET-00849,Emergency,286,1716,000130000825
WO-2134330,ASSET-00849,Preventive,0,,000130000825
WO-2134331,ASSET-00850,Preventive,0,,000130000826
WO-2134332,ASSET-00850,Corrective,143,818,000130000826
WO-2134333,ASSET-00850,Corrective,212,1534,000130000826
WO-2134334,ASSET-00850,Emergency,348,1804,000130000826
WO-2134335,ASSET-00851,Corrective,30,1542,000130000827
WO-2134336,ASSET-00851,Preventive,0,,000130000827
WO-2134337,ASSET-00851,Emergency,408,1360,000130000827
WO-2134338,ASSET-00851,Corrective,103,369,000130000827
WO-2134339,ASSET-00851,Preventive,0,,000130000827
WO-2134340,ASSET-00851,Emergency,400,298,000130000827
WO-2134341,ASSET-00851,Preventive,0,,000130000827
WO-2134342,ASSET-00852,Preventive,0,,000130000828
WO-2134343,ASSET-00852,Preventive,0,,000130000828
WO-2134344,ASSET-00852,Emergency,130,308,000130000828
WO-2134345,ASSET-00852,Corrective,148,411,000130000828
WO-2134346,ASSET-00852,Preventive,0,,000130000828
WO-2134347,ASSET-00852,Preventive,0,,000130000828
WO-2134348,ASSET-00853,Preventive,0,,000130000829
WO-2134349,ASSET-00853,Preventive,0,,000130000829
WO-2134350,ASSET-00853,Corrective,216,992,000130000829
WO-2134351,ASSET-00853,Corrective,91,323,000130000829
WO-2134352,ASSET-00853,Preventive,0,,000130000829
WO-2134353,ASSET-00853,Preventive,0,,000130000829
WO-2134354,ASSET-00853,Preventive,0,,000130000829
WO-2134355,ASSET-00853,Corrective,37,1175,000130000829
WO-2134356,ASSET-00853,Corrective,192,1259,000130000829
WO-2134357,ASSET-00854,Preventive,0,,000130000830
WO-2134358,ASSET-00854,Preventive,0,,000130000830
WO-2134359,ASSET-00854,Preventive,0,,000130000830
WO-2134360,ASSET-00854,Preventive,0,,000130000830
WO-2134361,ASSET-00854,Preventive,0,,000130000830
WO-2134362,ASSET-00855,Preventive,0,,000130000831
WO-2134363,ASSET-00855,Preventive,0,,000130000831
WO-2134364,ASSET-00855,Preventive,0,,000130000831
WO-2134365,ASSET-00856,Preventive,0,,000130000832
WO-2134366,ASSET-00856,Preventive,0,,000130000832
WO-2134367,ASSET-00856,Preventive,0,,000130000832
WO-2134368,ASSET-00856,Corrective,51,1254,000130000832
WO-2134369,ASSET-00857,Corrective,152,1816,000130000833
WO-2134370,ASSET-00857,Corrective,110,1393,000130000833
WO-2134371,ASSET-00857,Corrective,45,874,000130000833
WO-2134372,ASSET-00857,Emergency,472,1937,000130000833
WO-2134373,ASSET-00857,Preventive,0,,000130000833
WO-2134374,ASSET-00857,Preventive,0,,000130000833
WO-2134375,ASSET-00858,Preventive,0,,000130000834
WO-2134376,ASSET-00858,Emergency,556,640,000130000834
WO-2134377,ASSET-00858,Corrective,44,536,000130000834
WO-2134378,ASSET-00858,Preventive,0,,000130000834
WO-2134379,ASSET-00858,Preventive,0,,000130000834
WO-2134380,ASSET-00858,Corrective,222,1558,000130000834
WO-2134381,ASSET-00858,Preventive,0,,000130000834
WO-2134382,ASSET-00858,Preventive,0,,000130000834
WO-2134383,ASSET-00859,Preventive,0,,000130000835
WO-2134384,ASSET-00859,Corrective,202,1865,000130000835
WO-2134385,ASSET-00859,Preventive,0,,000130000835
WO-2134386,ASSET-00860,Preventive,0,,000130000836
WO-2134387,ASSET-00860,Preventive,0,,000130000836
WO-2134388,ASSET-00860,Corrective,110,1953,000130000836
WO-2134389,ASSET-00861,Emergency,423,1154,000130000837
WO-2134390,ASSET-00861,Preventive,0,,000130000837
WO-2134391,ASSET-00861,Preventive,0,,000130000837
WO-2134392,ASSET-00861,Corrective,39,1443,000130000837
WO-2134393,ASSET-00861,Corrective,126,1350,000130000837
WO-2134394,ASSET-00861,Preventive,0,,000130000837
WO-2134395,ASSET-00861,Preventive,0,,000130000837
WO-2134396,ASSET-00862,Emergency,80,1696,000130000838
WO-2134397,ASSET-00862,Corrective,161,1860,000130000838
WO-2134398,ASSET-00862,Corrective,144,1932,000130000838
WO-2134399,ASSET-00862,Corrective,174,1523,000130000838
WO-2134400,ASSET-00863,Corrective,181,364,000130000839
WO-2134401,ASSET-00863,Preventive,0,,000130000839
WO-2134402,ASSET-00863,Emergency,441,1190,000130000839
WO-2134403,ASSET-00863,Corrective,68,1364,000130000839
WO-2134404,ASSET-00863,Emergency,214,1791,000130000839
WO-2134405,ASSET-00863,Corrective,80,1408,000130000839
WO-2134406,ASSET-00863,Corrective,210,1295,000130000839
WO-2134407,ASSET-00863,Corrective,35,796,000130000839
WO-2134408,ASSET-00864,Preventive,0,,000130000840
WO-2134409,ASSET-00864,Emergency,69,467,000130000840
WO-2134410,ASSET-00864,Emergency,308,702,000130000840
WO-2134411,ASSET-00864,Preventive,0,,000130000840
WO-2134412,ASSET-00864,Corrective,152,212,000130000840
WO-2134413,ASSET-00865,Preventive,0,,000130000841
WO-2134414,ASSET-00865,Preventive,0,,000130000841
WO-2134415,ASSET-00865,Preventive,0,,000130000841
WO-2134416,ASSET-00865,Corrective,202,1088,000130000841
WO-2134417,ASSET-00865,Preventive,0,,000130000841
WO-2134418,ASSET-00865,Preventive,0,,000130000841
WO-2134419,ASSET-00866,Corrective,79,1895,000130000842
WO-2134420,ASSET-00866,Preventive,0,,000130000842
WO-2134421,ASSET-00866,Preventive,0,,000130000842
WO-2134422,ASSET-00866,Corrective,63,382,000130000842
WO-2134423,ASSET-00866,Preventive,0,,000130000842
WO-2134424,ASSET-00866,Preventive,0,,000130000842
WO-2134425,ASSET-00867,Emergency,480,311,000130000843
WO-2134426,ASSET-00867,Corrective,45,231,000130000843
WO-2134427,ASSET-00867,Preventive,0,,000130000843
WO-2134428,ASSET-00867,Preventive,0,,000130000843
WO-2134429,ASSET-00867,Preventive,0,,000130000843
WO-2134430,ASSET-00867,Preventive,0,,000130000843
WO-2134431,ASSET-00867,Emergency,260,938,000130000843
WO-2134432,ASSET-00868,Corrective,105,1132,000130000844
WO-2134433,ASSET-00868,Preventive,0,,000130000844
WO-2134434,ASSET-00868,Preventive,0,,000130000844
WO-2134435,ASSET-00868,Corrective,109,786,000130000844
WO-2134436,ASSET-00868,Corrective,198,492,000130000844
WO-2134437,ASSET-00868,Preventive,0,,000130000844
WO-2134438,ASSET-00868,Preventive,0,,000130000844
WO-2134439,ASSET-00868,Corrective,123,1594,000130000844
WO-2134440,ASSET-00869,Preventive,0,,000130000845
WO-2134441,ASSET-00869,Corrective,47,1437,000130000845
WO-2134442,ASSET-00869,Preventive,0,,000130000845
WO-2134443,ASSET-00869,Preventive,0,,000130000845
WO-2134444,ASSET-00870,Corrective,181,1634,000130000846
WO-2134445,ASSET-00870,Preventive,0,,000130000846
WO-2134446,ASSET-00870,Preventive,0,,000130000846
WO-2134447,ASSET-00870,Preventive,0,,000130000846
WO-2134448,ASSET-00870,Preventive,0,,000130000846
WO-2134449,ASSET-00870,Preventive,0,,000130000846
WO-2134450,ASSET-00871,Corrective,229,712,000130000848
WO-2134451,ASSET-00871,Corrective,177,245,000130000848
WO-2134452,ASSET-00871,Preventive,0,,000130000848
WO-2134453,ASSET-00871,Preventive,0,,000130000848
WO-2134454,ASSET-00872,Corrective,58,336,000130000849
WO-2134455,ASSET-00872,Preventive,0,,000130000849
WO-2134456,ASSET-00872,Emergency,286,342,000130000849
WO-2134457,ASSET-00872,Preventive,0,,000130000849
WO-2134458,ASSET-00872,Corrective,224,1234,000130000849
WO-2134459,ASSET-00873,Corrective,123,1572,000130000850
WO-2134460,ASSET-00873,Corrective,173,1253,000130000850
WO-2134461,ASSET-00873,Preventive,0,,000130000850
WO-2134462,ASSET-00873,Preventive,0,,000130000850
WO-2134463,ASSET-00873,Preventive,0,,000130000850
WO-2134464,ASSET-00874,Preventive,0,,000130000851
WO-2134465,ASSET-00874,Corrective,229,1518,000130000851
WO-2134466,ASSET-00874,Emergency,580,1462,000130000851
WO-2134467,ASSET-00874,Corrective,53,1679,000130000851
WO-2134468,ASSET-00874,Preventive,0,,000130000851
WO-2134469,ASSET-00874,Corrective,103,1538,000130000851
WO-2134470,ASSET-00875,Corrective,76,380,000130000852
WO-2134471,ASSET-00875,Emergency,475,685,000130000852
WO-2134472,ASSET-00875,Corrective,190,1138,000130000852
WO-2134473,ASSET-00875,Corrective,152,1140,000130000852
WO-2134474,ASSET-00875,Preventive,0,,000130000852
WO-2134475,ASSET-00875,Preventive,0,,000130000852
WO-2134476,ASSET-00875,Emergency,210,593,000130000852
WO-2134477,ASSET-00875,Emergency,508,706,000130000852
WO-2134478,ASSET-00875,Preventive,0,,000130000852
WO-2134479,ASSET-00875,Preventive,0,,000130000852
WO-2134480,ASSET-00876,Preventive,0,,000130000853
WO-2134481,ASSET-00876,Preventive,0,,000130000853
WO-2134482,ASSET-00876,Corrective,109,295,000130000853
WO-2134483,ASSET-00876,Preventive,0,,000130000853
WO-2134484,ASSET-00876,Preventive,0,,000130000853
WO-2134485,ASSET-00876,Preventive,0,,000130000853
WO-2134486,ASSET-00876,Preventive,0,,000130000853
WO-2134487,ASSET-00877,Preventive,0,,000130000854
WO-2134488,ASSET-00877,Corrective,31,1587,000130000854
WO-2134489,ASSET-00877,Emergency,217,806,000130000854
WO-2134490,ASSET-00877,Corrective,80,599,000130000854
WO-2134491,ASSET-00878,Preventive,0,,000130000855
WO-2134492,ASSET-00878,Corrective,160,1074,000130000855
WO-2134493,ASSET-00878,Preventive,0,,000130000855
WO-2134494,ASSET-00878,Corrective,38,1146,000130000855
WO-2134495,ASSET-00878,Preventive,0,,000130000855
WO-2134496,ASSET-00878,Corrective,167,322,000130000855
WO-2134497,ASSET-00878,Preventive,0,,000130000855
WO-2134498,ASSET-00879,Preventive,0,,000130000856
WO-2134499,ASSET-00879,Preventive,0,,000130000856
WO-2134500,ASSET-00879,Corrective,211,1082,000130000856
WO-2134501,ASSET-00879,Preventive,0,,000130000856
WO-2134502,ASSET-00880,Corrective,183,1803,000130000857
WO-2134503,ASSET-00880,Preventive,0,,000130000857
WO-2134504,ASSET-00880,Corrective,98,1268,000130000857
WO-2134505,ASSET-00880,Corrective,35,1490,000130000857
WO-2134506,ASSET-00880,Corrective,235,364,000130000857
WO-2134507,ASSET-00880,Preventive,0,,000130000857
WO-2134508,ASSET-00880,Preventive,0,,000130000857
WO-2134509,ASSET-00880,Preventive,0,,000130000857
WO-2134510,ASSET-00880,Preventive,0,,000130000857
WO-2134511,ASSET-00880,Corrective,181,1316,000130000857
WO-2134512,ASSET-00881,Corrective,40,1679,000130000858
WO-2134513,ASSET-00881,Corrective,222,925,000130000858
WO-2134514,ASSET-00881,Corrective,109,1923,000130000858
WO-2134515,ASSET-00881,Preventive,0,,000130000858
WO-2134516,ASSET-00881,Preventive,0,,000130000858
WO-2134517,ASSET-00882,Preventive,0,,000130000859
WO-2134518,ASSET-00882,Preventive,0,,000130000859
WO-2134519,ASSET-00882,Preventive,0,,000130000859
WO-2134520,ASSET-00882,Preventive,0,,000130000859
WO-2134521,ASSET-00882,Preventive,0,,000130000859
WO-2134522,ASSET-00883,Preventive,0,,000130000860
WO-2134523,ASSET-00883,Preventive,0,,000130000860
WO-2134524,ASSET-00883,Preventive,0,,000130000860
WO-2134525,ASSET-00883,Preventive,0,,000130000860
WO-2134526,ASSET-00883,Preventive,0,,000130000860
WO-2134527,ASSET-00883,Preventive,0,,000130000860
WO-2134528,ASSET-00884,Corrective,184,1063,000130000861
WO-2134529,ASSET-00884,Preventive,0,,000130000861
WO-2134530,ASSET-00884,Preventive,0,,000130000861
WO-2134531,ASSET-00884,Preventive,0,,000130000861
WO-2134532,ASSET-00884,Preventive,0,,000130000861
WO-2134533,ASSET-00885,Corrective,32,259,000130000862
WO-2134534,ASSET-00885,Preventive,0,,000130000862
WO-2134535,ASSET-00885,Preventive,0,,000130000862
WO-2134536,ASSET-00885,Corrective,116,826,000130000862
WO-2134537,ASSET-00885,Corrective,232,404,000130000862
WO-2134538,ASSET-00885,Preventive,0,,000130000862
WO-2134539,ASSET-00885,Preventive,0,,000130000862
WO-2134540,ASSET-00885,Preventive,0,,000130000862
WO-2134541,ASSET-00886,Preventive,0,,000130000863
WO-2134542,ASSET-00886,Preventive,0,,000130000863
WO-2134543,ASSET-00886,Preventive,0,,000130000863
WO-2134544,ASSET-00886,Preventive,0,,000130000863
WO-2134545,ASSET-00886,Preventive,0,,000130000863
WO-2134546,ASSET-00886,Emergency,335,1268,000130000863
WO-2134547,ASSET-00886,Corrective,211,1821,000130000863
WO-2134548,ASSET-00886,Preventive,0,,000130000863
WO-2134549,ASSET-00886,Corrective,172,845,000130000863
WO-2134550,ASSET-00887,Corrective,59,1921,000130000864
WO-2134551,ASSET-00887,Preventive,0,,000130000864
WO-2134552,ASSET-00887,Preventive,0,,000130000864
WO-2134553,ASSET-00888,Preventive,0,,000130000865
WO-2134554,ASSET-00888,Preventive,0,,000130000865
WO-2134555,ASSET-00888,Preventive,0,,000130000865
WO-2134556,ASSET-00888,Preventive,0,,000130000865
WO-2134557,ASSET-00889,Emergency,325,1828,000130000866
WO-2134558,ASSET-00889,Preventive,0,,000130000866
WO-2134559,ASSET-00889,Preventive,0,,000130000866
WO-2134560,ASSET-00889,Preventive,0,,000130000866
WO-2134561,ASSET-00889,Corrective,43,311,000130000866
WO-2134562,ASSET-00889,Corrective,132,578,000130000866
WO-2134563,ASSET-00890,Corrective,202,928,000130000867
WO-2134564,ASSET-00890,Corrective,88,1437,000130000867
WO-2134565,ASSET-00890,Corrective,77,936,000130000867
WO-2134566,ASSET-00890,Corrective,55,365,000130000867
WO-2134567,ASSET-00891,Corrective,115,829,000130000868
WO-2134568,ASSET-00891,Preventive,0,,000130000868
WO-2134569,ASSET-00891,Corrective,225,1854,000130000868
WO-2134570,ASSET-00891,Preventive,0,,000130000868
WO-2134571,ASSET-00891,Preventive,0,,000130000868
WO-2134572,ASSET-00891,Preventive,0,,000130000868
WO-2134573,ASSET-00891,Emergency,474,607,000130000868
WO-2134574,ASSET-00891,Emergency,95,444,000130000868
WO-2134575,ASSET-00891,Preventive,0,,000130000868
WO-2134576,ASSET-00892,Preventive,0,,000130000869
WO-2134577,ASSET-00892,Preventive,0,,000130000869
WO-2134578,ASSET-00892,Emergency,361,420,000130000869
WO-2134579,ASSET-00892,Corrective,30,1105,000130000869
WO-2134580,ASSET-00892,Preventive,0,,000130000869
WO-2134581,ASSET-00892,Preventive,0,,000130000869
WO-2134582,ASSET-00892,Emergency,343,862,000130000869
WO-2134583,ASSET-00893,Corrective,155,1149,000130000870
WO-2134584,ASSET-00893,Corrective,57,335,000130000870
WO-2134585,ASSET-00893,Preventive,0,,000130000870
WO-2134586,ASSET-00893,Preventive,0,,000130000870
WO-2134587,ASSET-00893,Corrective,219,1948,000130000870
WO-2134588,ASSET-00893,Preventive,0,,000130000870
WO-2134589,ASSET-00894,Preventive,0,,000130000871
WO-2134590,ASSET-00894,Preventive,0,,000130000871
WO-2134591,ASSET-00894,Preventive,0,,000130000871
WO-2134592,ASSET-00894,Emergency,583,884,000130000871
WO-2134593,ASSET-00895,Preventive,0,,000130000872
WO-2134594,ASSET-00895,Corrective,145,1636,000130000872
WO-2134595,ASSET-00895,Preventive,0,,000130000872
WO-2134596,ASSET-00896,Preventive,0,,000130000873
WO-2134597,ASSET-00896,Emergency,353,310,000130000873
WO-2134598,ASSET-00896,Preventive,0,,000130000873
WO-2134599,ASSET-00896,Corrective,229,1852,000130000873
WO-2134600,ASSET-00896,Corrective,194,1332,000130000873
WO-2134601,ASSET-00896,Preventive,0,,000130000873
WO-2134602,ASSET-00897,Preventive,0,,000130000874
WO-2134603,ASSET-00897,Emergency,100,1715,000130000874
WO-2134604,ASSET-00897,Preventive,0,,000130000874
WO-2134605,ASSET-00898,Corrective,112,337,000130000875
WO-2134606,ASSET-00898,Preventive,0,,000130000875
WO-2134607,ASSET-00898,Preventive,0,,000130000875
WO-2134608,ASSET-00898,Corrective,127,1139,000130000875
WO-2134609,ASSET-00898,Preventive,0,,000130000875
WO-2134610,ASSET-00899,Preventive,0,,000130000876
WO-2134611,ASSET-00899,Preventive,0,,000130000876
WO-2134612,ASSET-00899,Corrective,134,446,000130000876
WO-2134613,ASSET-00899,Emergency,332,1957,000130000876
WO-2134614,ASSET-00899,Preventive,0,,000130000876
WO-2134615,ASSET-00899,Preventive,0,,000130000876
WO-2134616,ASSET-00900,Preventive,0,,000130000877
WO-2134617,ASSET-00900,Emergency,367,1834,000130000877
WO-2134618,ASSET-00901,Preventive,0,,000130000878
WO-2134619,ASSET-00901,Preventive,0,,000130000878
WO-2134620,ASSET-00901,Emergency,93,1243,000130000878
WO-2134621,ASSET-00901,Corrective,128,760,000130000878
WO-2134622,ASSET-00901,Preventive,0,,000130000878
WO-2134623,ASSET-00901,Preventive,0,,000130000878
WO-2134624,ASSET-00901,Preventive,0,,000130000878
WO-2134625,ASSET-00901,Preventive,0,,000130000878
WO-2134626,ASSET-00902,Preventive,0,,000130000879
WO-2134627,ASSET-00902,Preventive,0,,000130000879
WO-2134628,ASSET-00902,Preventive,0,,000130000879
WO-2134629,ASSET-00902,Preventive,0,,000130000879
WO-2134630,ASSET-00902,Emergency,538,1150,000130000879
WO-2134631,ASSET-00902,Preventive,0,,000130000879
WO-2134632,ASSET-00903,Preventive,0,,000130000880
WO-2134633,ASSET-00903,Preventive,0,,000130000880
WO-2134634,ASSET-00903,Corrective,96,1918,000130000880
WO-2134635,ASSET-00903,Corrective,33,1363,000130000880
WO-2134636,ASSET-00903,Corrective,162,1698,000130000880
WO-2134637,ASSET-00903,Corrective,189,1600,000130000880
WO-2134638,ASSET-00903,Preventive,0,,000130000880
WO-2134639,ASSET-00904,Corrective,124,1551,000130000881
WO-2134640,ASSET-00904,Preventive,0,,000130000881
WO-2134641,ASSET-00904,Emergency,568,1840,000130000881
WO-2134642,ASSET-00904,Preventive,0,,000130000881
WO-2134643,ASSET-00904,Preventive,0,,000130000881
WO-2134644,ASSET-00905,Preventive,0,,000130000882
WO-2134645,ASSET-00905,Corrective,156,853,000130000882
WO-2134646,ASSET-00905,Corrective,124,718,000130000882
WO-2134647,ASSET-00905,Preventive,0,,000130000882
WO-2134648,ASSET-00905,Preventive,0,,000130000882
WO-2134649,ASSET-00905,Corrective,32,1051,000130000882
WO-2134650,ASSET-00905,Corrective,85,241,000130000882
WO-2134651,ASSET-00905,Preventive,0,,000130000882
WO-2134652,ASSET-00905,Corrective,237,1752,000130000882
WO-2134653,ASSET-00906,Corrective,131,279,000130000883
WO-2134654,ASSET-00906,Preventive,0,,000130000883
WO-2134655,ASSET-00906,Preventive,0,,000130000883
WO-2134656,ASSET-00906,Preventive,0,,000130000883
WO-2134657,ASSET-00906,Emergency,423,495,000130000883
WO-2134658,ASSET-00907,Preventive,0,,000130000884
WO-2134659,ASSET-00907,Corrective,46,1089,000130000884
WO-2134660,ASSET-00907,Preventive,0,,000130000884
WO-2134661,ASSET-00908,Preventive,0,,000130000885
WO-2134662,ASSET-00908,Corrective,81,248,000130000885
WO-2134663,ASSET-00908,Corrective,65,1112,000130000885
WO-2134664,ASSET-00908,Preventive,0,,000130000885
WO-2134665,ASSET-00908,Preventive,0,,000130000885
WO-2134666,ASSET-00908,Preventive,0,,000130000885
WO-2134667,ASSET-00909,Preventive,0,,000130000886
WO-2134668,ASSET-00909,Preventive,0,,000130000886
WO-2134669,ASSET-00910,Preventive,0,,000130000887
WO-2134670,ASSET-00910,Preventive,0,,000130000887
WO-2134671,ASSET-00910,Corrective,194,433,000130000887
WO-2134672,ASSET-00910,Preventive,0,,000130000887
WO-2134673,ASSET-00911,Preventive,0,,000130000888
WO-2134674,ASSET-00911,Preventive,0,,000130000888
WO-2134675,ASSET-00911,Preventive,0,,000130000888
WO-2134676,ASSET-00911,Preventive,0,,000130000888
WO-2134677,ASSET-00911,Corrective,79,1660,000130000888
WO-2134678,ASSET-00911,Corrective,137,1553,000130000888
WO-2134679,ASSET-00912,Preventive,0,,000130000889
WO-2134680,ASSET-00912,Emergency,85,1556,000130000889
WO-2134681,ASSET-00913,Corrective,30,381,000130000890
WO-2134682,ASSET-00913,Preventive,0,,000130000890
WO-2134683,ASSET-00913,Preventive,0,,000130000890
WO-2134684,ASSET-00913,Corrective,213,945,000130000890
WO-2134685,ASSET-00913,Corrective,120,509,000130000890
WO-2134686,ASSET-00914,Preventive,0,,000130000891
WO-2134687,ASSET-00914,Preventive,0,,000130000891
WO-2134688,ASSET-00914,Corrective,153,1322,000130000891
WO-2134689,ASSET-00915,Corrective,149,277,000130000892
WO-2134690,ASSET-00915,Corrective,104,728,000130000892
WO-2134691,ASSET-00915,Preventive,0,,000130000892
WO-2134692,ASSET-00915,Corrective,190,1749,000130000892
WO-2134693,ASSET-00915,Preventive,0,,000130000892
WO-2134694,ASSET-00915,Corrective,96,1739,000130000892
WO-2134695,ASSET-00915,Preventive,0,,000130000892
WO-2134696,ASSET-00915,Corrective,51,837,000130000892
WO-2134697,ASSET-00916,Preventive,0,,000130000893
WO-2134698,ASSET-00916,Preventive,0,,000130000893
WO-2134699,ASSET-00916,Corrective,78,1472,000130000893
WO-2134700,ASSET-00916,Preventive,0,,000130000893
WO-2134701,ASSET-00916,Corrective,115,865,000130000893
WO-2134702,ASSET-00916,Preventive,0,,000130000893
WO-2134703,ASSET-00916,Preventive,0,,000130000893
WO-2134704,ASSET-00917,Preventive,0,,000130000894
WO-2134705,ASSET-00917,Preventive,0,,000130000894
WO-2134706,ASSET-00917,Emergency,256,1768,000130000894
WO-2134707,ASSET-00917,Corrective,176,490,000130000894
WO-2134708,ASSET-00917,Corrective,153,1940,000130000894
WO-2134709,ASSET-00917,Corrective,146,1616,000130000894
WO-2134710,ASSET-00918,Preventive,0,,000130000895
WO-2134711,ASSET-00918,Emergency,321,574,000130000895
WO-2134712,ASSET-00918,Preventive,0,,000130000895
WO-2134713,ASSET-00918,Preventive,0,,000130000895
WO-2134714,ASSET-00919,Corrective,155,1068,000130000896
WO-2134715,ASSET-00919,Corrective,237,380,000130000896
WO-2134716,ASSET-00919,Emergency,129,739,000130000896
WO-2134717,ASSET-00919,Preventive,0,,000130000896
WO-2134718,ASSET-00919,Preventive,0,,000130000896
WO-2134719,ASSET-00919,Preventive,0,,000130000896
WO-2134720,ASSET-00919,Corrective,150,1002,000130000896
WO-2134721,ASSET-00919,Corrective,239,1123,000130000896
WO-2134722,ASSET-00919,Preventive,0,,000130000896
WO-2134723,ASSET-00920,Corrective,175,1807,000130000897
WO-2134724,ASSET-00920,Preventive,0,,000130000897
WO-2134725,ASSET-00920,Corrective,220,1053,000130000897
WO-2134726,ASSET-00921,Preventive,0,,000130000898
WO-2134727,ASSET-00921,Preventive,0,,000130000898
WO-2134728,ASSET-00921,Preventive,0,,000130000898
WO-2134729,ASSET-00921,Corrective,57,1958,000130000898
WO-2134730,ASSET-00921,Corrective,207,1032,000130000898
WO-2134731,ASSET-00922,Preventive,0,,000130000899
WO-2134732,ASSET-00922,Preventive,0,,000130000899
WO-2134733,ASSET-00922,Preventive,0,,000130000899
WO-2134734,ASSET-00923,Preventive,0,,000130000900
WO-2134735,ASSET-00923,Corrective,118,348,000130000900
WO-2134736,ASSET-00923,Preventive,0,,000130000900
WO-2134737,ASSET-00923,Preventive,0,,000130000900
WO-2134738,ASSET-00923,Emergency,555,1323,000130000900
WO-2134739,ASSET-00923,Preventive,0,,000130000900
WO-2134740,ASSET-00923,Emergency,397,1974,000130000900
WO-2134741,ASSET-00923,Corrective,165,466,000130000900
WO-2134742,ASSET-00924,Preventive,0,,000130000901
WO-2134743,ASSET-00924,Preventive,0,,000130000901
WO-2134744,ASSET-00924,Preventive,0,,000130000901
WO-2134745,ASSET-00924,Corrective,126,1016,000130000901
WO-2134746,ASSET-00924,Corrective,238,1519,000130000901
WO-2134747,ASSET-00924,Corrective,62,1763,000130000901
WO-2134748,ASSET-00925,Preventive,0,,000130000902
WO-2134749,ASSET-00925,Preventive,0,,000130000902
WO-2134750,ASSET-00925,Corrective,37,1294,000130000902
WO-2134751,ASSET-00925,Preventive,0,,000130000902
WO-2134752,ASSET-00926,Emergency,596,1857,000130000903
WO-2134753,ASSET-00926,Corrective,95,503,000130000903
WO-2134754,ASSET-00926,Corrective,150,249,000130000903
WO-2134755,ASSET-00926,Preventive,0,,000130000903
WO-2134756,ASSET-00926,Preventive,0,,000130000903
WO-2134757,ASSET-00926,Corrective,59,1030,000130000903
WO-2134758,ASSET-00926,Corrective,102,1485,000130000903
WO-2134759,ASSET-00926,Corrective,30,1615,000130000903
WO-2134760,ASSET-00927,Emergency,120,465,000130000904
WO-2134761,ASSET-00927,Preventive,0,,000130000904
WO-2134762,ASSET-00927,Preventive,0,,000130000904
WO-2134763,ASSET-00927,Preventive,0,,000130000904
WO-2134764,ASSET-00928,Corrective,205,1441,000130000905
WO-2134765,ASSET-00928,Corrective,140,1395,000130000905
WO-2134766,ASSET-00928,Corrective,86,916,000130000905
WO-2134767,ASSET-00928,Preventive,0,,000130000905
WO-2134768,ASSET-00928,Emergency,476,1245,000130000905
WO-2134769,ASSET-00929,Preventive,0,,000130000906
WO-2134770,ASSET-00929,Preventive,0,,000130000906
WO-2134771,ASSET-00929,Preventive,0,,000130000906
WO-2134772,ASSET-00929,Preventive,0,,000130000906
WO-2134773,ASSET-00929,Corrective,31,1961,000130000906
WO-2134774,ASSET-00929,Preventive,0,,000130000906
WO-2134775,ASSET-00929,Preventive,0,,000130000906
WO-2134776,ASSET-00929,Preventive,0,,000130000906
WO-2134777,ASSET-00930,Preventive,0,,000130000907
WO-2134778,ASSET-00930,Corrective,222,1864,000130000907
WO-2134779,ASSET-00930,Corrective,33,1531,000130000907
WO-2134780,ASSET-00931,Corrective,240,448,000130000908
WO-2134781,ASSET-00931,Preventive,0,,000130000908
WO-2134782,ASSET-00931,Preventive,0,,000130000908
WO-2134783,ASSET-00932,Preventive,0,,000130000909
WO-2134784,ASSET-00932,Emergency,146,505,000130000909
WO-2134785,ASSET-00932,Corrective,40,1429,000130000909
WO-2134786,ASSET-00932,Preventive,0,,000130000909
WO-2134787,ASSET-00933,Preventive,0,,000130000910
WO-2134788,ASSET-00933,Preventive,0,,000130000910
WO-2134789,ASSET-00934,Preventive,0,,000130000911
WO-2134790,ASSET-00934,Corrective,199,1061,000130000911
WO-2134791,ASSET-00934,Emergency,161,1196,000130000911
WO-2134792,ASSET-00934,Preventive,0,,000130000911
WO-2134793,ASSET-00934,Emergency,306,728,000130000911
WO-2134794,ASSET-00935,Preventive,0,,000130000912
WO-2134795,ASSET-00935,Preventive,0,,000130000912
WO-2134796,ASSET-00935,Corrective,82,420,000130000912
WO-2134797,ASSET-00936,Preventive,0,,000130000913
WO-2134798,ASSET-00936,Preventive,0,,000130000913
WO-2134799,ASSET-00936,Preventive,0,,000130000913
WO-2134800,ASSET-00937,Preventive,0,,000130000914
WO-2134801,ASSET-00937,Preventive,0,,000130000914
WO-2134802,ASSET-00937,Preventive,0,,000130000914
WO-2134803,ASSET-00937,Preventive,0,,000130000914
WO-2134804,ASSET-00938,Preventive,0,,000130000915
WO-2134805,ASSET-00938,Preventive,0,,000130000915
WO-2134806,ASSET-00938,Preventive,0,,000130000915
WO-2134807,ASSET-00938,Emergency,335,1933,000130000915
WO-2134808,ASSET-00938,Preventive,0,,000130000915
WO-2134809,ASSET-00938,Corrective,121,926,000130000915
WO-2134810,ASSET-00938,Preventive,0,,000130000915
WO-2134811,ASSET-00939,Emergency,342,1128,000130000916
WO-2134812,ASSET-00939,Preventive,0,,000130000916
WO-2134813,ASSET-00939,Preventive,0,,000130000916
WO-2134814,ASSET-00939,Corrective,178,1429,000130000916
WO-2134815,ASSET-00940,Preventive,0,,000130000917
WO-2134816,ASSET-00940,Preventive,0,,000130000917
WO-2134817,ASSET-00940,Corrective,224,1169,000130000917
WO-2134818,ASSET-00940,Corrective,70,443,000130000917
WO-2134819,ASSET-00940,Corrective,191,1978,000130000917
WO-2134820,ASSET-00940,Preventive,0,,000130000917
WO-2134821,ASSET-00940,Preventive,0,,000130000917
WO-2134822,ASSET-00941,Corrective,191,1630,000130000918
WO-2134823,ASSET-00941,Corrective,40,635,000130000918
WO-2134824,ASSET-00941,Corrective,172,1405,000130000918
WO-2134825,ASSET-00941,Emergency,590,1881,000130000918
WO-2134826,ASSET-00941,Emergency,486,1091,000130000918
WO-2134827,ASSET-00942,Emergency,157,1981,000130000919
WO-2134828,ASSET-00942,Preventive,0,,000130000919
WO-2134829,ASSET-00942,Corrective,145,303,000130000919
WO-2134830,ASSET-00942,Emergency,510,1129,000130000919
WO-2134831,ASSET-00942,Preventive,0,,000130000919
WO-2134832,ASSET-00942,Preventive,0,,000130000919
WO-2134833,ASSET-00943,Preventive,0,,000130000920
WO-2134834,ASSET-00943,Emergency,272,882,000130000920
WO-2134835,ASSET-00943,Preventive,0,,000130000920
WO-2134836,ASSET-00944,Emergency,326,711,000130000921
WO-2134837,ASSET-00944,Corrective,46,979,000130000921
WO-2134838,ASSET-00945,Preventive,0,,000130000922
WO-2134839,ASSET-00945,Preventive,0,,000130000922
WO-2134840,ASSET-00945,Preventive,0,,000130000922
WO-2134841,ASSET-00945,Preventive,0,,000130000922
WO-2134842,ASSET-00946,Corrective,68,1557,000130000923
WO-2134843,ASSET-00946,Corrective,104,1409,000130000923
WO-2134844,ASSET-00946,Preventive,0,,000130000923
WO-2134845,ASSET-00946,Corrective,141,1076,000130000923
WO-2134846,ASSET-00947,Preventive,0,,000130000924
WO-2134847,ASSET-00947,Corrective,57,1067,000130000924
WO-2134848,ASSET-00947,Preventive,0,,000130000924
WO-2134849,ASSET-00947,Corrective,201,1273,000130000924
WO-2134850,ASSET-00947,Corrective,114,1122,000130000924
WO-2134851,ASSET-00947,Corrective,114,655,000130000924
WO-2134852,ASSET-00947,Preventive,0,,000130000924
WO-2134853,ASSET-00948,Corrective,180,829,000130000925
WO-2134854,ASSET-00948,Emergency,371,1769,000130000925
WO-2134855,ASSET-00948,Preventive,0,,000130000925
WO-2134856,ASSET-00948,Preventive,0,,000130000925
WO-2134857,ASSET-00948,Emergency,549,1062,000130000925
WO-2134858,ASSET-00949,Preventive,0,,000130000926
WO-2134859,ASSET-00949,Preventive,0,,000130000926
WO-2134860,ASSET-00949,Corrective,220,289,000130000926
WO-2134861,ASSET-00949,Corrective,167,1344,000130000926
WO-2134862,ASSET-00949,Preventive,0,,000130000926
WO-2134863,ASSET-00950,Emergency,78,1012,000130000927
WO-2134864,ASSET-00950,Preventive,0,,000130000927
WO-2134865,ASSET-00950,Preventive,0,,000130000927
WO-2134866,ASSET-00950,Preventive,0,,000130000927
WO-2134867,ASSET-00950,Emergency,138,392,000130000927
WO-2134868,ASSET-00951,Preventive,0,,000130000928
WO-2134869,ASSET-00951,Preventive,0,,000130000928
WO-2134870,ASSET-00951,Preventive,0,,000130000928
WO-2134871,ASSET-00951,Corrective,39,1302,000130000928
WO-2134872,ASSET-00952,Corrective,230,1111,000130000929
WO-2134873,ASSET-00952,Corrective,230,1413,000130000929
WO-2134874,ASSET-00952,Preventive,0,,000130000929
WO-2134875,ASSET-00952,Preventive,0,,000130000929
WO-2134876,ASSET-00952,Preventive,0,,000130000929
WO-2134877,ASSET-00952,Preventive,0,,000130000929
WO-2134878,ASSET-00953,Preventive,0,,000130000930
WO-2134879,ASSET-00953,Preventive,0,,000130000930
WO-2134880,ASSET-00953,Preventive,0,,000130000930
WO-2134881,ASSET-00954,Corrective,125,702,000130000932
WO-2134882,ASSET-00954,Preventive,0,,000130000932
WO-2134883,ASSET-00954,Corrective,114,896,000130000932
WO-2134884,ASSET-00954,Emergency,249,1250,000130000932
WO-2134885,ASSET-00954,Emergency,336,1136,000130000932
WO-2134886,ASSET-00955,Emergency,394,927,000130000934
WO-2134887,ASSET-00955,Preventive,0,,000130000934
WO-2134888,ASSET-00955,Corrective,180,1973,000130000934
WO-2134889,ASSET-00956,Corrective,208,1184,000130000935
WO-2134890,ASSET-00956,Preventive,0,,000130000935
WO-2134891,ASSET-00957,Corrective,199,596,000130000936
WO-2134892,ASSET-00957,Corrective,141,1798,000130000936
WO-2134893,ASSET-00957,Corrective,72,1394,000130000936
WO-2134894,ASSET-00957,Preventive,0,,000130000936
WO-2134895,ASSET-00957,Preventive,0,,000130000936
WO-2134896,ASSET-00957,Emergency,146,1564,000130000936
WO-2134897,ASSET-00957,Corrective,44,1036,000130000936
WO-2134898,ASSET-00957,Corrective,38,336,000130000936
WO-2134899,ASSET-00957,Preventive,0,,000130000936
WO-2134900,ASSET-00957,Corrective,105,260,000130000936
WO-2134901,ASSET-00958,Emergency,344,1052,000130000937
WO-2134902,ASSET-00958,Preventive,0,,000130000937
WO-2134903,ASSET-00959,Corrective,140,458,000130000938
WO-2134904,ASSET-00959,Preventive,0,,000130000938
WO-2134905,ASSET-00959,Preventive,0,,000130000938
WO-2134906,ASSET-00959,Corrective,109,1713,000130000938
WO-2134907,ASSET-00960,Preventive,0,,000130000939
WO-2134908,ASSET-00960,Preventive,0,,000130000939
WO-2134909,ASSET-00960,Preventive,0,,000130000939
WO-2134910,ASSET-00961,Preventive,0,,000130000940
WO-2134911,ASSET-00961,Emergency,559,526,000130000940
WO-2134912,ASSET-00961,Preventive,0,,000130000940
WO-2134913,ASSET-00961,Emergency,170,673,000130000940
WO-2134914,ASSET-00961,Preventive,0,,000130000940
WO-2134915,ASSET-00961,Corrective,171,1715,000130000940
WO-2134916,ASSET-00961,Corrective,111,229,000130000940
WO-2134917,ASSET-00961,Preventive,0,,000130000940
WO-2134918,ASSET-00961,Corrective,161,852,000130000940
WO-2134919,ASSET-00962,Corrective,38,1632,000130000941
WO-2134920,ASSET-00962,Preventive,0,,000130000941
WO-2134921,ASSET-00962,Preventive,0,,000130000941
WO-2134922,ASSET-00962,Preventive,0,,000130000941
WO-2134923,ASSET-00962,Corrective,219,277,000130000941
WO-2134924,ASSET-00962,Preventive,0,,000130000941
WO-2134925,ASSET-00962,Corrective,165,1527,000130000941
WO-2134926,ASSET-00962,Emergency,315,1563,000130000941
WO-2134927,ASSET-00962,Corrective,225,1548,000130000941
WO-2134928,ASSET-00963,Preventive,0,,000130000942
WO-2134929,ASSET-00963,Corrective,121,744,000130000942
WO-2134930,ASSET-00963,Corrective,39,1817,000130000942
WO-2134931,ASSET-00963,Preventive,0,,000130000942
WO-2134932,ASSET-00964,Emergency,287,1418,000130000943
WO-2134933,ASSET-00964,Preventive,0,,000130000943
WO-2134934,ASSET-00964,Preventive,0,,000130000943
WO-2134935,ASSET-00964,Corrective,32,1466,000130000943
WO-2134936,ASSET-00964,Preventive,0,,000130000943
WO-2134937,ASSET-00964,Emergency,453,361,000130000943
WO-2134938,ASSET-00965,Preventive,0,,000130000944
WO-2134939,ASSET-00965,Corrective,150,641,000130000944
WO-2134940,ASSET-00965,Corrective,80,1235,000130000944
WO-2134941,ASSET-00965,Preventive,0,,000130000944
WO-2134942,ASSET-00966,Preventive,0,,000130000945
WO-2134943,ASSET-00966,Preventive,0,,000130000945
WO-2134944,ASSET-00966,Preventive,0,,000130000945
WO-2134945,ASSET-00966,Preventive,0,,000130000945
WO-2134946,ASSET-00967,Preventive,0,,000130000946
WO-2134947,ASSET-00968,Corrective,193,1430,000130000948
WO-2134948,ASSET-00968,Preventive,0,,000130000948
WO-2134949,ASSET-00968,Preventive,0,,000130000948
WO-2134950,ASSET-00968,Preventive,0,,000130000948
WO-2134951,ASSET-00969,Preventive,0,,000130000949
WO-2134952,ASSET-00969,Preventive,0,,000130000949
WO-2134953,ASSET-00969,Corrective,195,1129,000130000949
WO-2134954,ASSET-00970,Preventive,0,,000130000950
WO-2134955,ASSET-00970,Preventive,0,,000130000950
WO-2134956,ASSET-00971,Corrective,135,1202,000130000951
WO-2134957,ASSET-00971,Preventive,0,,000130000951
WO-2134958,ASSET-00971,Corrective,37,1892,000130000951
WO-2134959,ASSET-00971,Emergency,167,780,000130000951
WO-2134960,ASSET-00972,Corrective,187,1838,000130000952
WO-2134961,ASSET-00973,Preventive,0,,000130000953
WO-2134962,ASSET-00973,Corrective,121,430,000130000953
WO-2134963,ASSET-00973,Corrective,190,680,000130000953
WO-2134964,ASSET-00973,Preventive,0,,000130000953
WO-2134965,ASSET-00973,Preventive,0,,000130000953
WO-2134966,ASSET-00974,Corrective,138,1536,000130000954
WO-2134967,ASSET-00974,Corrective,112,1162,000130000954
WO-2134968,ASSET-00974,Corrective,46,1565,000130000954
WO-2134969,ASSET-00974,Preventive,0,,000130000954
WO-2134970,ASSET-00974,Emergency,310,1329,000130000954
WO-2134971,ASSET-00975,Preventive,0,,000130000955
WO-2134972,ASSET-00975,Preventive,0,,000130000955
WO-2134973,ASSET-00975,Corrective,150,1770,000130000955
WO-2134974,ASSET-00975,Emergency,314,1073,000130000955
WO-2134975,ASSET-00975,Preventive,0,,000130000955
WO-2134976,ASSET-00975,Emergency,131,1513,000130000955
WO-2134977,ASSET-00975,Corrective,79,675,000130000955
WO-2134978,ASSET-00975,Corrective,201,1234,000130000955
WO-2134979,ASSET-00976,Preventive,0,,000130000956
WO-2134980,ASSET-00976,Preventive,0,,000130000956
WO-2134981,ASSET-00976,Preventive,0,,000130000956
WO-2134982,ASSET-00976,Corrective,92,1172,000130000956
WO-2134983,ASSET-00976,Corrective,203,1421,000130000956
WO-2134984,ASSET-00976,Emergency,134,1609,000130000956
WO-2134985,ASSET-00977,Preventive,0,,000130000957
WO-2134986,ASSET-00977,Corrective,118,737,000130000957
WO-2134987,ASSET-00977,Corrective,221,1467,000130000957
WO-2134988,ASSET-00978,Preventive,0,,000130000958
WO-2134989,ASSET-00978,Corrective,176,1068,000130000958
WO-2134990,ASSET-00978,Preventive,0,,000130000958
WO-2134991,ASSET-00978,Preventive,0,,000130000958
WO-2134992,ASSET-00979,Preventive,0,,000130000959
WO-2134993,ASSET-00979,Preventive,0,,000130000959
WO-2134994,ASSET-00979,Preventive,0,,000130000959
WO-2134995,ASSET-00979,Corrective,34,271,000130000959
WO-2134996,ASSET-00979,Preventive,0,,000130000959
WO-2134997,ASSET-00979,Preventive,0,,000130000959
WO-2134998,ASSET-00980,Emergency,189,951,000130000960
WO-2134999,ASSET-00980,Corrective,140,450,000130000960
WO-2135000,ASSET-00980,Emergency,448,1244,000130000960
WO-2135001,ASSET-00980,Corrective,164,1204,000130000960
WO-2135002,ASSET-00980,Preventive,0,,000130000960
WO-2135003,ASSET-00980,Corrective,177,500,000130000960
WO-2135004,ASSET-00981,Corrective,103,1813,000130000961
WO-2135005,ASSET-00981,Corrective,239,1058,000130000961
WO-2135006,ASSET-00981,Preventive,0,,000130000961
WO-2135007,ASSET-00981,Preventive,0,,000130000961
WO-2135008,ASSET-00981,Corrective,146,873,000130000961
WO-2135009,ASSET-00981,Preventive,0,,000130000961
WO-2135010,ASSET-00982,Preventive,0,,000130000962
WO-2135011,ASSET-00982,Corrective,219,1691,000130000962
WO-2135012,ASSET-00982,Preventive,0,,000130000962
WO-2135013,ASSET-00982,Preventive,0,,000130000962
WO-2135014,ASSET-00982,Preventive,0,,000130000962
WO-2135015,ASSET-00982,Preventive,0,,000130000962
WO-2135016,ASSET-00983,Corrective,68,1420,000130000963
WO-2135017,ASSET-00983,Corrective,232,1820,000130000963
WO-2135018,ASSET-00983,Preventive,0,,000130000963
WO-2135019,ASSET-00983,Preventive,0,,000130000963
WO-2135020,ASSET-00983,Corrective,72,947,000130000963
WO-2135021,ASSET-00984,Corrective,206,1100,000130000964
WO-2135022,ASSET-00984,Preventive,0,,000130000964
WO-2135023,ASSET-00984,Preventive,0,,000130000964
WO-2135024,ASSET-00984,Emergency,277,501,000130000964
WO-2135025,ASSET-00984,Corrective,41,1744,000130000964
WO-2135026,ASSET-00984,Corrective,76,620,000130000964
WO-2135027,ASSET-00985,Corrective,184,1227,000130000965
WO-2135028,ASSET-00985,Preventive,0,,000130000965
WO-2135029,ASSET-00985,Preventive,0,,000130000965
WO-2135030,ASSET-00985,Preventive,0,,000130000965
WO-2135031,ASSET-00985,Preventive,0,,000130000965
WO-2135032,ASSET-00986,Preventive,0,,000130000966
WO-2135033,ASSET-00986,Preventive,0,,000130000966
WO-2135034,ASSET-00987,Corrective,235,727,000130000967
WO-2135035,ASSET-00987,Corrective,193,820,000130000967
WO-2135036,ASSET-00987,Corrective,102,434,000130000967
WO-2135037,ASSET-00987,Preventive,0,,000130000967
WO-2135038,ASSET-00987,Preventive,0,,000130000967
WO-2135039,ASSET-00988,Corrective,143,1868,000130000968
WO-2135040,ASSET-00988,Preventive,0,,000130000968
WO-2135041,ASSET-00988,Corrective,169,426,000130000968
WO-2135042,ASSET-00988,Preventive,0,,000130000968
WO-2135043,ASSET-00988,Preventive,0,,000130000968
WO-2135044,ASSET-00989,Preventive,0,,000130000969
WO-2135045,ASSET-00989,Preventive,0,,000130000969
WO-2135046,ASSET-00989,Emergency,298,1404,000130000969
WO-2135047,ASSET-00989,Corrective,93,1903,000130000969
WO-2135048,ASSET-00989,Preventive,0,,000130000969
WO-2135049,ASSET-00989,Corrective,209,1089,000130000969
WO-2135050,ASSET-00990,Preventive,0,,000130000970
WO-2135051,ASSET-00990,Preventive,0,,000130000970
WO-2135052,ASSET-00990,Preventive,0,,000130000970
WO-2135053,ASSET-00991,Emergency,130,1177,000130000971
WO-2135054,ASSET-00991,Preventive,0,,000130000971
WO-2135055,ASSET-00991,Preventive,0,,000130000971
WO-2135056,ASSET-00991,Emergency,437,1961,000130000971
WO-2135057,ASSET-00991,Corrective,61,1845,000130000971
WO-2135058,ASSET-00992,Corrective,195,1452,000130000972
WO-2135059,ASSET-00992,Preventive,0,,000130000972
WO-2135060,ASSET-00992,Corrective,101,599,000130000972
WO-2135061,ASSET-00993,Corrective,31,453,000130000973
WO-2135062,ASSET-00993,Preventive,0,,000130000973
WO-2135063,ASSET-00993,Preventive,0,,000130000973
WO-2135064,ASSET-00993,Corrective,168,1105,000130000973
WO-2135065,ASSET-00993,Preventive,0,,000130000973
WO-2135066,ASSET-00994,Corrective,151,1171,000130000974
WO-2135067,ASSET-00994,Preventive,0,,000130000974
WO-2135068,ASSET-00994,Preventive,0,,000130000974
WO-2135069,ASSET-00994,Corrective,118,796,000130000974
WO-2135070,ASSET-00994,Preventive,0,,000130000974
WO-2135071,ASSET-00994,Corrective,110,594,000130000974
WO-2135072,ASSET-00995,Preventive,0,,000130000975
WO-2135073,ASSET-00995,Preventive,0,,000130000975
WO-2135074,ASSET-00995,Preventive,0,,000130000975
WO-2135075,ASSET-00995,Preventive,0,,000130000975
WO-2135076,ASSET-00996,Preventive,0,,000130000976
WO-2135077,ASSET-00996,Emergency,339,1313,000130000976
WO-2135078,ASSET-00996,Preventive,0,,000130000976
WO-2135079,ASSET-00996,Corrective,219,1991,000130000976
WO-2135080,ASSET-00997,Preventive,0,,000130000977
WO-2135081,ASSET-00997,Preventive,0,,000130000977
WO-2135082,ASSET-00998,Preventive,0,,000130000978
WO-2135083,ASSET-00998,Corrective,142,725,000130000978
WO-2135084,ASSET-00998,Preventive,0,,000130000978
WO-2135085,ASSET-00998,Corrective,144,641,000130000978
WO-2135086,ASSET-00998,Preventive,0,,000130000978
WO-2135087,ASSET-00999,Preventive,0,,000130000979
WO-2135088,ASSET-00999,Corrective,106,1382,000130000979
WO-2135089,ASSET-00999,Corrective,142,1892,000130000979
WO-2135090,ASSET-00999,Preventive,0,,000130000979
WO-2135091,ASSET-00999,Preventive,0,,000130000979
WO-2135092,ASSET-01000,Preventive,0,,000130000980
WO-2135093,ASSET-01000,Preventive,0,,000130000980
WO-2135094,ASSET-01000,Corrective,159,1771,000130000980
WO-2135095,ASSET-01000,Emergency,195,303,000130000980
WO-2135096,ASSET-01000,Emergency,265,797,000130000980
WO-2135097,ASSET-01001,Preventive,0,,000130000981
WO-2135098,ASSET-01001,Preventive,0,,000130000981
WO-2135099,ASSET-01001,Emergency,204,234,000130000981
WO-2135100,ASSET-01001,Corrective,55,1344,000130000981
WO-2135101,ASSET-01001,Corrective,206,1274,000130000981
WO-2135102,ASSET-01001,Preventive,0,,000130000981
WO-2135103,ASSET-01002,Preventive,0,,000130000982
WO-2135104,ASSET-01002,Corrective,149,999,000130000982
WO-2135105,ASSET-01002,Preventive,0,,000130000982
WO-2135106,ASSET-01002,Emergency,292,203,000130000982
WO-2135107,ASSET-01002,Corrective,122,1821,000130000982
WO-2135108,ASSET-01002,Corrective,174,265,000130000982
WO-2135109,ASSET-01003,Corrective,140,1833,000130000983
WO-2135110,ASSET-01003,Preventive,0,,000130000983
WO-2135111,ASSET-01003,Emergency,496,1292,000130000983
WO-2135112,ASSET-01003,Preventive,0,,000130000983
WO-2135113,ASSET-01004,Corrective,41,1661,000130000984
WO-2135114,ASSET-01004,Corrective,57,1979,000130000984
WO-2135115,ASSET-01004,Preventive,0,,000130000984
WO-2135116,ASSET-01004,Corrective,195,1542,000130000984
WO-2135117,ASSET-01005,Preventive,0,,000130000985
WO-2135118,ASSET-01005,Corrective,223,244,000130000985
WO-2135119,ASSET-01005,Corrective,128,1289,000130000985
WO-2135120,ASSET-01006,Preventive,0,,000130000986
WO-2135121,ASSET-01006,Corrective,221,842,000130000986
WO-2135122,ASSET-01006,Preventive,0,,000130000986
WO-2135123,ASSET-01006,Preventive,0,,000130000986
WO-2135124,ASSET-01006,Corrective,108,789,000130000986
WO-2135125,ASSET-01007,Corrective,41,1012,000130000987
WO-2135126,ASSET-01007,Preventive,0,,000130000987
WO-2135127,ASSET-01007,Corrective,170,1086,000130000987
WO-2135128,ASSET-01007,Corrective,200,1697,000130000987
WO-2135129,ASSET-01007,Corrective,152,1350,000130000987
WO-2135130,ASSET-01007,Preventive,0,,000130000987
WO-2135131,ASSET-01008,Corrective,42,878,000130000988
WO-2135132,ASSET-01008,Preventive,0,,000130000988
WO-2135133,ASSET-01008,Emergency,493,1856,000130000988
WO-2135134,ASSET-01008,Corrective,65,1199,000130000988
WO-2135135,ASSET-01008,Corrective,209,894,000130000988
WO-2135136,ASSET-01008,Corrective,109,851,000130000988
WO-2135137,ASSET-01009,Corrective,162,1192,000130000989
WO-2135138,ASSET-01009,Preventive,0,,000130000989
WO-2135139,ASSET-01009,Preventive,0,,000130000989
WO-2135140,ASSET-01010,Preventive,0,,000130000990
WO-2135141,ASSET-01010,Preventive,0,,000130000990
WO-2135142,ASSET-01010,Preventive,0,,000130000990
WO-2135143,ASSET-01010,Emergency,241,1500,000130000990
WO-2135144,ASSET-01010,Emergency,585,1053,000130000990
WO-2135145,ASSET-01010,Preventive,0,,000130000990
WO-2135146,ASSET-01010,Preventive,0,,000130000990
WO-2135147,ASSET-01011,Corrective,208,336,000130000991
WO-2135148,ASSET-01011,Emergency,220,1604,000130000991
WO-2135149,ASSET-01011,Corrective,113,1344,000130000991
WO-2135150,ASSET-01011,Corrective,70,455,000130000991
WO-2135151,ASSET-01011,Preventive,0,,000130000991
WO-2135152,ASSET-01011,Corrective,39,1250,000130000991
WO-2135153,ASSET-01012,Preventive,0,,000130000992
WO-2135154,ASSET-01012,Emergency,281,1620,000130000992
WO-2135155,ASSET-01012,Preventive,0,,000130000992
WO-2135156,ASSET-01012,Corrective,40,1823,000130000992
WO-2135157,ASSET-01012,Corrective,152,1936,000130000992
WO-2135158,ASSET-01012,Corrective,228,1694,000130000992
WO-2135159,ASSET-01012,Preventive,0,,000130000992
WO-2135160,ASSET-01013,Preventive,0,,000130000993
WO-2135161,ASSET-01013,Corrective,104,852,000130000993
WO-2135162,ASSET-01013,Corrective,161,697,000130000993
WO-2135163,ASSET-01013,Emergency,492,1120,000130000993
WO-2135164,ASSET-01013,Corrective,171,967,000130000993
WO-2135165,ASSET-01014,Preventive,0,,000130000994
WO-2135166,ASSET-01014,Emergency,133,747,000130000994
WO-2135167,ASSET-01014,Corrective,225,996,000130000994
WO-2135168,ASSET-01014,Corrective,94,1582,000130000994
WO-2135169,ASSET-01014,Corrective,149,347,000130000994
WO-2135170,ASSET-01014,Preventive,0,,000130000994
WO-2135171,ASSET-01015,Preventive,0,,000130000995
WO-2135172,ASSET-01015,Preventive,0,,000130000995
WO-2135173,ASSET-01015,Preventive,0,,000130000995
WO-2135174,ASSET-01015,Preventive,0,,000130000995
WO-2135175,ASSET-01015,Corrective,48,1175,000130000995
WO-2135176,ASSET-01016,Preventive,0,,000130000996
WO-2135177,ASSET-01016,Emergency,220,1758,000130000996
WO-2135178,ASSET-01016,Preventive,0,,000130000996
WO-2135179,ASSET-01017,Emergency,472,1852,000130000997
WO-2135180,ASSET-01017,Preventive,0,,000130000997
WO-2135181,ASSET-01017,Preventive,0,,000130000997
WO-2135182,ASSET-01018,Corrective,226,1885,000130000998
WO-2135183,ASSET-01018,Preventive,0,,000130000998
WO-2135184,ASSET-01018,Corrective,44,1696,000130000998
WO-2135185,ASSET-01019,Corrective,207,431,000130000999
WO-2135186,ASSET-01019,Preventive,0,,000130000999
WO-2135187,ASSET-01019,Corrective,195,867,000130000999
WO-2135188,ASSET-01020,Preventive,0,,000130001000
WO-2135189,ASSET-01020,Preventive,0,,000130001000
WO-2135190,ASSET-01020,Corrective,60,235,000130001000
WO-2135191,ASSET-01020,Preventive,0,,000130001000
WO-2135192,ASSET-01020,Preventive,0,,000130001000
WO-2135193,ASSET-01020,Preventive,0,,000130001000
WO-2135194,ASSET-01021,Corrective,93,1129,000130001001
WO-2135195,ASSET-01021,Preventive,0,,000130001001
WO-2135196,ASSET-01021,Corrective,44,1312,000130001001
WO-2135197,ASSET-01021,Preventive,0,,000130001001
WO-2135198,ASSET-01021,Preventive,0,,000130001001
WO-2135199,ASSET-01021,Preventive,0,,000130001001
WO-2135200,ASSET-01021,Preventive,0,,000130001001
WO-2135201,ASSET-01022,Corrective,240,662,000130001002
WO-2135202,ASSET-01022,Emergency,502,696,000130001002
WO-2135203,ASSET-01022,Preventive,0,,000130001002
WO-2135204,ASSET-01022,Preventive,0,,000130001002
WO-2135205,ASSET-01022,Corrective,70,1238,000130001002
WO-2135206,ASSET-01023,Corrective,122,1112,000130001003
WO-2135207,ASSET-01023,Corrective,165,400,000130001003
WO-2135208,ASSET-01024,Corrective,134,1366,000130001004
WO-2135209,ASSET-01024,Preventive,0,,000130001004
WO-2135210,ASSET-01025,Emergency,126,280,000130001005
WO-2135211,ASSET-01025,Preventive,0,,000130001005
WO-2135212,ASSET-01025,Preventive,0,,000130001005
WO-2135213,ASSET-01025,Preventive,0,,000130001005
WO-2135214,ASSET-01026,Preventive,0,,000130001006
WO-2135215,ASSET-01026,Preventive,0,,000130001006
WO-2135216,ASSET-01026,Corrective,109,796,000130001006
WO-2135217,ASSET-01026,Preventive,0,,000130001006
WO-2135218,ASSET-01026,Corrective,45,1174,000130001006
WO-2135219,ASSET-01026,Corrective,208,459,000130001006
WO-2135220,ASSET-01026,Corrective,162,1254,000130001006
WO-2135221,ASSET-01026,Corrective,158,1590,000130001006
WO-2135222,ASSET-01027,Emergency,510,433,000130001007
WO-2135223,ASSET-01027,Preventive,0,,000130001007
WO-2135224,ASSET-01027,Preventive,0,,000130001007
WO-2135225,ASSET-01027,Corrective,142,1310,000130001007
WO-2135226,ASSET-01027,Preventive,0,,000130001007
WO-2135227,ASSET-01027,Preventive,0,,000130001007
WO-2135228,ASSET-01028,Preventive,0,,000130001008
WO-2135229,ASSET-01028,Preventive,0,,000130001008
WO-2135230,ASSET-01029,Corrective,75,1011,000130001009
WO-2135231,ASSET-01029,Preventive,0,,000130001009
WO-2135232,ASSET-01029,Preventive,0,,000130001009
WO-2135233,ASSET-01029,Preventive,0,,000130001009
WO-2135234,ASSET-01030,Preventive,0,,000130001010
WO-2135235,ASSET-01030,Corrective,224,1563,000130001010
WO-2135236,ASSET-01030,Corrective,84,1326,000130001010
WO-2135237,ASSET-01031,Preventive,0,,000130001011
WO-2135238,ASSET-01031,Emergency,594,320,000130001011
WO-2135239,ASSET-01031,Preventive,0,,000130001011
WO-2135240,ASSET-01031,Preventive,0,,000130001011
WO-2135241,ASSET-01031,Corrective,230,1926,000130001011
WO-2135242,ASSET-01031,Corrective,100,1168,000130001011
WO-2135243,ASSET-01032,Preventive,0,,000130001012
WO-2135244,ASSET-01032,Emergency,560,431,000130001012
WO-2135245,ASSET-01032,Preventive,0,,000130001012
WO-2135246,ASSET-01033,Corrective,71,1800,000130001013
WO-2135247,ASSET-01033,Corrective,45,1438,000130001013
WO-2135248,ASSET-01034,Preventive,0,,000130001014
WO-2135249,ASSET-01034,Preventive,0,,000130001014
WO-2135250,ASSET-01034,Emergency,209,614,000130001014
WO-2135251,ASSET-01034,Preventive,0,,000130001014
WO-2135252,ASSET-01034,Preventive,0,,000130001014
WO-2135253,ASSET-01034,Preventive,0,,000130001014
WO-2135254,ASSET-01035,Corrective,69,1945,000130001015
WO-2135255,ASSET-01035,Corrective,142,232,000130001015
WO-2135256,ASSET-01035,Preventive,0,,000130001015
WO-2135257,ASSET-01035,Preventive,0,,000130001015
WO-2135258,ASSET-01035,Preventive,0,,000130001015
WO-2135259,ASSET-01036,Corrective,129,1739,000130001016
WO-2135260,ASSET-01036,Preventive,0,,000130001016
WO-2135261,ASSET-01036,Emergency,405,1933,000130001016
WO-2135262,ASSET-01036,Preventive,0,,000130001016
WO-2135263,ASSET-01036,Preventive,0,,000130001016
WO-2135264,ASSET-01036,Corrective,71,862,000130001016
WO-2135265,ASSET-01036,Preventive,0,,000130001016
WO-2135266,ASSET-01037,Corrective,150,1204,000130001017
WO-2135267,ASSET-01037,Emergency,422,1995,000130001017
WO-2135268,ASSET-01037,Preventive,0,,000130001017
WO-2135269,ASSET-01037,Corrective,78,1403,000130001017
WO-2135270,ASSET-01037,Corrective,117,207,000130001017
WO-2135271,ASSET-01038,Corrective,42,370,000130001018
WO-2135272,ASSET-01038,Preventive,0,,000130001018
WO-2135273,ASSET-01038,Corrective,198,1734,000130001018
WO-2135274,ASSET-01039,Corrective,214,1646,000130001019
WO-2135275,ASSET-01039,Preventive,0,,000130001019
WO-2135276,ASSET-01039,Emergency,432,1530,000130001019
WO-2135277,ASSET-01039,Preventive,0,,000130001019
WO-2135278,ASSET-01040,Corrective,92,475,000130001020
WO-2135279,ASSET-01040,Preventive,0,,000130001020
WO-2135280,ASSET-01040,Preventive,0,,000130001020
WO-2135281,ASSET-01040,Corrective,59,1641,000130001020
WO-2135282,ASSET-01040,Corrective,164,576,000130001020
WO-2135283,ASSET-01041,Emergency,522,1149,000130001021
WO-2135284,ASSET-01041,Corrective,171,1423,000130001021
WO-2135285,ASSET-01041,Preventive,0,,000130001021
WO-2135286,ASSET-01041,Preventive,0,,000130001021
WO-2135287,ASSET-01041,Preventive,0,,000130001021
WO-2135288,ASSET-01042,Corrective,63,590,000130001022
WO-2135289,ASSET-01042,Corrective,104,1892,000130001022
WO-2135290,ASSET-01042,Preventive,0,,000130001022
WO-2135291,ASSET-01042,Emergency,366,1991,000130001022
WO-2135292,ASSET-01043,Corrective,125,1448,000130001023
WO-2135293,ASSET-01043,Preventive,0,,000130001023
WO-2135294,ASSET-01043,Preventive,0,,000130001023
WO-2135295,ASSET-01043,Preventive,0,,000130001023
WO-2135296,ASSET-01043,Emergency,511,637,000130001023
WO-2135297,ASSET-01043,Preventive,0,,000130001023
WO-2135298,ASSET-01044,Preventive,0,,000130001024
WO-2135299,ASSET-01044,Preventive,0,,000130001024
WO-2135300,ASSET-01044,Corrective,182,540,000130001024
WO-2135301,ASSET-01044,Preventive,0,,000130001024
WO-2135302,ASSET-01044,Corrective,213,809,000130001024
WO-2135303,ASSET-01044,Preventive,0,,000130001024
WO-2135304,ASSET-01044,Preventive,0,,000130001024
WO-2135305,ASSET-01044,Corrective,45,1355,000130001024
WO-2135306,ASSET-01044,Corrective,64,1871,000130001024
WO-2135307,ASSET-01044,Corrective,98,1100,000130001024
WO-2135308,ASSET-01045,Preventive,0,,000130001025
WO-2135309,ASSET-01046,Preventive,0,,000130001026
WO-2135310,ASSET-01046,Preventive,0,,000130001026
WO-2135311,ASSET-01046,Preventive,0,,000130001026
WO-2135312,ASSET-01046,Emergency,64,629,000130001026
WO-2135313,ASSET-01047,Preventive,0,,000130001027
WO-2135314,ASSET-01047,Preventive,0,,000130001027
WO-2135315,ASSET-01047,Corrective,71,735,000130001027
WO-2135316,ASSET-01047,Corrective,160,902,000130001027
WO-2135317,ASSET-01047,Corrective,71,666,000130001027
WO-2135318,ASSET-01047,Corrective,227,623,000130001027
WO-2135319,ASSET-01047,Preventive,0,,000130001027
WO-2135320,ASSET-01048,Emergency,301,205,000130001028
WO-2135321,ASSET-01048,Corrective,46,1089,000130001028
WO-2135322,ASSET-01048,Preventive,0,,000130001028
WO-2135323,ASSET-01048,Emergency,247,894,000130001028
WO-2135324,ASSET-01049,Corrective,56,1019,000130001029
WO-2135325,ASSET-01049,Emergency,211,1458,000130001029
WO-2135326,ASSET-01049,Corrective,120,1215,000130001029
WO-2135327,ASSET-01049,Preventive,0,,000130001029
WO-2135328,ASSET-01049,Preventive,0,,000130001029
WO-2135329,ASSET-01049,Corrective,33,335,000130001029
WO-2135330,ASSET-01049,Emergency,163,601,000130001029
WO-2135331,ASSET-01049,Preventive,0,,000130001029
WO-2135332,ASSET-01050,Corrective,174,1707,000130001030
WO-2135333,ASSET-01050,Preventive,0,,000130001030
WO-2135334,ASSET-01050,Emergency,314,1430,000130001030
WO-2135335,ASSET-01050,Emergency,69,1557,000130001030
WO-2135336,ASSET-01051,Corrective,64,1456,000130001031
WO-2135337,ASSET-01051,Preventive,0,,000130001031
WO-2135338,ASSET-01051,Emergency,148,1293,000130001031
WO-2135339,ASSET-01051,Corrective,141,1512,000130001031
WO-2135340,ASSET-01051,Preventive,0,,000130001031
WO-2135341,ASSET-01051,Preventive,0,,000130001031
WO-2135342,ASSET-01052,Preventive,0,,000130001032
WO-2135343,ASSET-01052,Preventive,0,,000130001032
WO-2135344,ASSET-01052,Preventive,0,,000130001032
WO-2135345,ASSET-01052,Preventive,0,,000130001032
WO-2135346,ASSET-01053,Preventive,0,,000130001033
WO-2135347,ASSET-01053,Corrective,154,536,000130001033
WO-2135348,ASSET-01053,Preventive,0,,000130001033
WO-2135349,ASSET-01053,Preventive,0,,000130001033
WO-2135350,ASSET-01053,Preventive,0,,000130001033
WO-2135351,ASSET-01053,Preventive,0,,000130001033
WO-2135352,ASSET-01053,Emergency,321,943,000130001033
WO-2135353,ASSET-01054,Corrective,70,874,000130001034
WO-2135354,ASSET-01054,Preventive,0,,000130001034
WO-2135355,ASSET-01054,Preventive,0,,000130001034
WO-2135356,ASSET-01054,Emergency,287,826,000130001034
WO-2135357,ASSET-01054,Preventive,0,,000130001034
WO-2135358,ASSET-01055,Preventive,0,,000130001035
WO-2135359,ASSET-01055,Preventive,0,,000130001035
WO-2135360,ASSET-01055,Corrective,142,1797,000130001035
WO-2135361,ASSET-01055,Preventive,0,,000130001035
WO-2135362,ASSET-01056,Corrective,88,1902,000130001036
WO-2135363,ASSET-01056,Preventive,0,,000130001036
WO-2135364,ASSET-01056,Preventive,0,,000130001036
WO-2135365,ASSET-01056,Preventive,0,,000130001036
WO-2135366,ASSET-01056,Preventive,0,,000130001036
WO-2135367,ASSET-01056,Preventive,0,,000130001036
WO-2135368,ASSET-01057,Preventive,0,,000130001037
WO-2135369,ASSET-01057,Emergency,239,1833,000130001037
WO-2135370,ASSET-01057,Corrective,157,259,000130001037
WO-2135371,ASSET-01057,Corrective,124,330,000130001037
WO-2135372,ASSET-01057,Emergency,530,984,000130001037
WO-2135373,ASSET-01057,Emergency,84,1983,000130001037
WO-2135374,ASSET-01057,Preventive,0,,000130001037
WO-2135375,ASSET-01057,Corrective,219,1728,000130001037
WO-2135376,ASSET-01058,Preventive,0,,000130001038
WO-2135377,ASSET-01058,Corrective,170,1404,000130001038
WO-2135378,ASSET-01058,Preventive,0,,000130001038
WO-2135379,ASSET-01059,Preventive,0,,000130001039
WO-2135380,ASSET-01059,Corrective,186,1001,000130001039
WO-2135381,ASSET-01059,Preventive,0,,000130001039
WO-2135382,ASSET-01059,Preventive,0,,000130001039
WO-2135383,ASSET-01059,Corrective,152,1227,000130001039
WO-2135384,ASSET-01060,Corrective,55,506,000130001040
WO-2135385,ASSET-01060,Preventive,0,,000130001040
WO-2135386,ASSET-01060,Preventive,0,,000130001040
WO-2135387,ASSET-01060,Corrective,172,568,000130001040
WO-2135388,ASSET-01060,Corrective,225,702,000130001040
WO-2135389,ASSET-01060,Corrective,236,1291,000130001040
WO-2135390,ASSET-01061,Emergency,530,1203,000130001041
WO-2135391,ASSET-01061,Corrective,145,592,000130001041
WO-2135392,ASSET-01061,Preventive,0,,000130001041
WO-2135393,ASSET-01061,Preventive,0,,000130001041
WO-2135394,ASSET-01061,Preventive,0,,000130001041
WO-2135395,ASSET-01061,Corrective,203,443,000130001041
WO-2135396,ASSET-01061,Preventive,0,,000130001041
WO-2135397,ASSET-01061,Corrective,121,753,000130001041
WO-2135398,ASSET-01061,Preventive,0,,000130001041
WO-2135399,ASSET-01061,Emergency,336,1056,000130001041
WO-2135400,ASSET-01062,Corrective,54,1373,000130001042
WO-2135401,ASSET-01062,Preventive,0,,000130001042
WO-2135402,ASSET-01062,Corrective,159,1143,000130001042
WO-2135403,ASSET-01062,Preventive,0,,000130001042
WO-2135404,ASSET-01062,Corrective,191,345,000130001042
WO-2135405,ASSET-01063,Corrective,163,1591,000130001043
WO-2135406,ASSET-01063,Corrective,158,1171,000130001043
WO-2135407,ASSET-01063,Corrective,229,1677,000130001043
WO-2135408,ASSET-01063,Corrective,114,1755,000130001043
WO-2135409,ASSET-01064,Corrective,86,1667,000130001044
WO-2135410,ASSET-01064,Corrective,203,1690,000130001044
WO-2135411,ASSET-01064,Corrective,162,884,000130001044
WO-2135412,ASSET-01064,Preventive,0,,000130001044
WO-2135413,ASSET-01064,Preventive,0,,000130001044
WO-2135414,ASSET-01065,Corrective,231,1489,000130001045
WO-2135415,ASSET-01065,Preventive,0,,000130001045
WO-2135416,ASSET-01065,Preventive,0,,000130001045
WO-2135417,ASSET-01065,Corrective,59,959,000130001045
WO-2135418,ASSET-01065,Corrective,191,1485,000130001045
WO-2135419,ASSET-01066,Corrective,50,525,000130001046
WO-2135420,ASSET-01066,Emergency,77,1865,000130001046
WO-2135421,ASSET-01066,Preventive,0,,000130001046
WO-2135422,ASSET-01066,Preventive,0,,000130001046
WO-2135423,ASSET-01066,Corrective,141,1990,000130001046
WO-2135424,ASSET-01066,Corrective,186,620,000130001046
WO-2135425,ASSET-01066,Preventive,0,,000130001046
WO-2135426,ASSET-01067,Corrective,90,292,000130001047
WO-2135427,ASSET-01067,Corrective,101,739,000130001047
WO-2135428,ASSET-01067,Preventive,0,,000130001047
WO-2135429,ASSET-01067,Emergency,478,1389,000130001047
WO-2135430,ASSET-01067,Corrective,168,667,000130001047
WO-2135431,ASSET-01067,Preventive,0,,000130001047
WO-2135432,ASSET-01068,Preventive,0,,000130001048
WO-2135433,ASSET-01068,Corrective,142,1325,000130001048
WO-2135434,ASSET-01068,Preventive,0,,000130001048
WO-2135435,ASSET-01068,Preventive,0,,000130001048
WO-2135436,ASSET-01068,Preventive,0,,000130001048
WO-2135437,ASSET-01068,Preventive,0,,000130001048
WO-2135438,ASSET-01068,Preventive,0,,000130001048
WO-2135439,ASSET-01069,Preventive,0,,000130001049
WO-2135440,ASSET-01069,Emergency,108,1018,000130001049
WO-2135441,ASSET-01069,Preventive,0,,000130001049
WO-2135442,ASSET-01069,Preventive,0,,000130001049
WO-2135443,ASSET-01069,Corrective,216,1341,000130001049
WO-2135444,ASSET-01069,Corrective,87,521,000130001049
WO-2135445,ASSET-01069,Preventive,0,,000130001049
WO-2135446,ASSET-01069,Emergency,167,295,000130001049
WO-2135447,ASSET-01070,Corrective,191,1344,000130001050
WO-2135448,ASSET-01070,Preventive,0,,000130001050
WO-2135449,ASSET-01070,Corrective,132,923,000130001050
WO-2135450,ASSET-01070,Preventive,0,,000130001050
WO-2135451,ASSET-01071,Preventive,0,,000130001051
WO-2135452,ASSET-01071,Emergency,73,391,000130001051
WO-2135453,ASSET-01071,Preventive,0,,000130001051
WO-2135454,ASSET-01071,Preventive,0,,000130001051
WO-2135455,ASSET-01071,Preventive,0,,000130001051
WO-2135456,ASSET-01072,Preventive,0,,000130001052
WO-2135457,ASSET-01072,Corrective,196,1931,000130001052
WO-2135458,ASSET-01072,Corrective,240,593,000130001052
WO-2135459,ASSET-01072,Emergency,199,327,000130001052
WO-2135460,ASSET-01073,Preventive,0,,000130001053
WO-2135461,ASSET-01073,Corrective,77,1996,000130001053
WO-2135462,ASSET-01073,Corrective,113,1742,000130001053
WO-2135463,ASSET-01074,Emergency,476,678,000130001054
WO-2135464,ASSET-01074,Emergency,561,1499,000130001054
WO-2135465,ASSET-01074,Preventive,0,,000130001054
WO-2135466,ASSET-01074,Preventive,0,,000130001054
WO-2135467,ASSET-01075,Corrective,199,788,000130001055
WO-2135468,ASSET-01075,Preventive,0,,000130001055
WO-2135469,ASSET-01075,Preventive,0,,000130001055
WO-2135470,ASSET-01075,Preventive,0,,000130001055
WO-2135471,ASSET-01075,Preventive,0,,000130001055
WO-2135472,ASSET-01075,Preventive,0,,000130001055
WO-2135473,ASSET-01075,Preventive,0,,000130001055
WO-2135474,ASSET-01076,Preventive,0,,000130001056
WO-2135475,ASSET-01076,Emergency,224,423,000130001056
WO-2135476,ASSET-01076,Preventive,0,,000130001056
WO-2135477,ASSET-01076,Preventive,0,,000130001056
WO-2135478,ASSET-01076,Preventive,0,,000130001056
WO-2135479,ASSET-01076,Corrective,147,636,000130001056
WO-2135480,ASSET-01076,Preventive,0,,000130001056
WO-2135481,ASSET-01077,Corrective,137,1543,000130001057
WO-2135482,ASSET-01077,Preventive,0,,000130001057
WO-2135483,ASSET-01077,Corrective,74,1613,000130001057
WO-2135484,ASSET-01077,Preventive,0,,000130001057
WO-2135485,ASSET-01077,Preventive,0,,000130001057
WO-2135486,ASSET-01077,Corrective,212,1133,000130001057
WO-2135487,ASSET-01077,Preventive,0,,000130001057
WO-2135488,ASSET-01078,Corrective,50,1868,000130001058
WO-2135489,ASSET-01078,Preventive,0,,000130001058
WO-2135490,ASSET-01078,Preventive,0,,000130001058
WO-2135491,ASSET-01078,Corrective,58,1228,000130001058
WO-2135492,ASSET-01079,Corrective,181,679,000130001059
WO-2135493,ASSET-01079,Corrective,99,1791,000130001059
WO-2135494,ASSET-01079,Preventive,0,,000130001059
WO-2135495,ASSET-01079,Corrective,157,201,000130001059
WO-2135496,ASSET-01080,Preventive,0,,000130001060
WO-2135497,ASSET-01080,Preventive,0,,000130001060
WO-2135498,ASSET-01080,Preventive,0,,000130001060
WO-2135499,ASSET-01080,Corrective,80,1296,000130001060
WO-2135500,ASSET-01080,Preventive,0,,000130001060
WO-2135501,ASSET-01080,Corrective,48,1067,000130001060
WO-2135502,ASSET-01081,Corrective,221,428,000130001061
WO-2135503,ASSET-01081,Emergency,527,830,000130001061
WO-2135504,ASSET-01081,Preventive,0,,000130001061
WO-2135505,ASSET-01081,Corrective,226,1821,000130001061
WO-2135506,ASSET-01081,Preventive,0,,000130001061
WO-2135507,ASSET-01081,Preventive,0,,000130001061
WO-2135508,ASSET-01081,Corrective,100,1811,000130001061
WO-2135509,ASSET-01082,Preventive,0,,000130001062
WO-2135510,ASSET-01082,Emergency,450,1413,000130001062
WO-2135511,ASSET-01082,Emergency,549,1914,000130001062
WO-2135512,ASSET-01082,Corrective,120,1948,000130001062
WO-2135513,ASSET-01082,Preventive,0,,000130001062
WO-2135514,ASSET-01083,Preventive,0,,000130001063
WO-2135515,ASSET-01083,Preventive,0,,000130001063
WO-2135516,ASSET-01083,Preventive,0,,000130001063
WO-2135517,ASSET-01084,Emergency,550,871,000130001064
WO-2135518,ASSET-01084,Preventive,0,,000130001064
WO-2135519,ASSET-01084,Preventive,0,,000130001064
WO-2135520,ASSET-01084,Preventive,0,,000130001064
WO-2135521,ASSET-01085,Emergency,175,1978,000130001065
WO-2135522,ASSET-01085,Preventive,0,,000130001065
WO-2135523,ASSET-01085,Corrective,214,1557,000130001065
WO-2135524,ASSET-01085,Emergency,251,1750,000130001065
WO-2135525,ASSET-01086,Corrective,172,1847,000130001066
WO-2135526,ASSET-01086,Preventive,0,,000130001066
WO-2135527,ASSET-01086,Corrective,191,1481,000130001066
WO-2135528,ASSET-01087,Emergency,197,945,000130001067
WO-2135529,ASSET-01087,Corrective,181,1377,000130001067
WO-2135530,ASSET-01087,Preventive,0,,000130001067
WO-2135531,ASSET-01087,Preventive,0,,000130001067
WO-2135532,ASSET-01087,Preventive,0,,000130001067
WO-2135533,ASSET-01087,Corrective,99,1880,000130001067
WO-2135534,ASSET-01087,Corrective,123,472,000130001067
WO-2135535,ASSET-01087,Preventive,0,,000130001067
WO-2135536,ASSET-01088,Emergency,403,591,000130001068
WO-2135537,ASSET-01088,Preventive,0,,000130001068
WO-2135538,ASSET-01088,Preventive,0,,000130001068
WO-2135539,ASSET-01088,Emergency,598,595,000130001068
WO-2135540,ASSET-01089,Preventive,0,,000130001069
WO-2135541,ASSET-01089,Corrective,125,1708,000130001069
WO-2135542,ASSET-01089,Corrective,116,375,000130001069
WO-2135543,ASSET-01089,Corrective,99,1788,000130001069
WO-2135544,ASSET-01089,Corrective,195,1633,000130001069
WO-2135545,ASSET-01090,Preventive,0,,000130001070
WO-2135546,ASSET-01090,Preventive,0,,000130001070
WO-2135547,ASSET-01090,Corrective,169,219,000130001070
WO-2135548,ASSET-01090,Preventive,0,,000130001070
WO-2135549,ASSET-01091,Corrective,150,228,000130001071
WO-2135550,ASSET-01091,Preventive,0,,000130001071
WO-2135551,ASSET-01091,Corrective,229,1311,000130001071
WO-2135552,ASSET-01091,Preventive,0,,000130001071
WO-2135553,ASSET-01091,Preventive,0,,000130001071
WO-2135554,ASSET-01091,Preventive,0,,000130001071
WO-2135555,ASSET-01091,Preventive,0,,000130001071
WO-2135556,ASSET-01091,Preventive,0,,000130001071
WO-2135557,ASSET-01091,Corrective,153,942,000130001071
WO-2135558,ASSET-01092,Preventive,0,,000130001072
WO-2135559,ASSET-01092,Preventive,0,,000130001072
WO-2135560,ASSET-01092,Preventive,0,,000130001072
WO-2135561,ASSET-01093,Preventive,0,,000130001073
WO-2135562,ASSET-01093,Corrective,183,1461,000130001073
WO-2135563,ASSET-01093,Corrective,218,1763,000130001073
WO-2135564,ASSET-01093,Preventive,0,,000130001073
WO-2135565,ASSET-01093,Preventive,0,,000130001073
WO-2135566,ASSET-01093,Preventive,0,,000130001073
WO-2135567,ASSET-01093,Corrective,90,1023,000130001073
WO-2135568,ASSET-01093,Preventive,0,,000130001073
WO-2135569,ASSET-01094,Preventive,0,,000130001074
WO-2135570,ASSET-01094,Corrective,63,1102,000130001074
WO-2135571,ASSET-01094,Corrective,206,1447,000130001074
WO-2135572,ASSET-01094,Preventive,0,,000130001074
WO-2135573,ASSET-01094,Preventive,0,,000130001074
WO-2135574,ASSET-01094,Emergency,588,1923,000130001074
WO-2135575,ASSET-01095,Corrective,80,1732,000130001075
WO-2135576,ASSET-01095,Preventive,0,,000130001075
WO-2135577,ASSET-01095,Corrective,40,522,000130001075
WO-2135578,ASSET-01096,Preventive,0,,000130001076
WO-2135579,ASSET-01096,Preventive,0,,000130001076
WO-2135580,ASSET-01096,Preventive,0,,000130001076
WO-2135581,ASSET-01096,Corrective,57,487,000130001076
WO-2135582,ASSET-01096,Preventive,0,,000130001076
WO-2135583,ASSET-01097,Emergency,473,1872,000130001077
WO-2135584,ASSET-01097,Corrective,224,1268,000130001077
WO-2135585,ASSET-01097,Preventive,0,,000130001077
WO-2135586,ASSET-01097,Preventive,0,,000130001077
WO-2135587,ASSET-01097,Preventive,0,,000130001077
WO-2135588,ASSET-01098,Emergency,236,218,000130001078
WO-2135589,ASSET-01098,Preventive,0,,000130001078
WO-2135590,ASSET-01098,Preventive,0,,000130001078
WO-2135591,ASSET-01098,Emergency,246,509,000130001078
WO-2135592,ASSET-01098,Corrective,238,1659,000130001078
WO-2135593,ASSET-01098,Preventive,0,,000130001078
WO-2135594,ASSET-01098,Preventive,0,,000130001078
WO-2135595,ASSET-01098,Corrective,168,300,000130001078
WO-2135596,ASSET-01098,Preventive,0,,000130001078
WO-2135597,ASSET-01099,Preventive,0,,000130001080
WO-2135598,ASSET-01099,Preventive,0,,000130001080
WO-2135599,ASSET-01099,Corrective,89,1698,000130001080
WO-2135600,ASSET-01099,Preventive,0,,000130001080
WO-2135601,ASSET-01099,Corrective,101,1933,000130001080
WO-2135602,ASSET-01100,Preventive,0,,000130001081
WO-2135603,ASSET-01100,Corrective,208,346,000130001081
WO-2135604,ASSET-01100,Corrective,67,1101,000130001081
WO-2135605,ASSET-01100,Emergency,441,1078,000130001081
WO-2135606,ASSET-01100,Preventive,0,,000130001081
WO-2135607,ASSET-01101,Preventive,0,,000130001082
WO-2135608,ASSET-01101,Preventive,0,,000130001082
WO-2135609,ASSET-01101,Corrective,173,611,000130001082
WO-2135610,ASSET-01101,Preventive,0,,000130001082
WO-2135611,ASSET-01102,Preventive,0,,000130001083
WO-2135612,ASSET-01102,Preventive,0,,000130001083
WO-2135613,ASSET-01102,Preventive,0,,000130001083
WO-2135614,ASSET-01102,Emergency,541,759,000130001083
WO-2135615,ASSET-01102,Emergency,349,1734,000130001083
WO-2135616,ASSET-01102,Preventive,0,,000130001083
WO-2135617,ASSET-01103,Preventive,0,,000130001084
WO-2135618,ASSET-01103,Preventive,0,,000130001084
WO-2135619,ASSET-01103,Preventive,0,,000130001084
WO-2135620,ASSET-01103,Corrective,165,854,000130001084
WO-2135621,ASSET-01103,Preventive,0,,000130001084
WO-2135622,ASSET-01104,Corrective,30,1697,000130001085
WO-2135623,ASSET-01105,Corrective,94,1542,000130001086
WO-2135624,ASSET-01105,Emergency,456,1291,000130001086
WO-2135625,ASSET-01105,Preventive,0,,000130001086
WO-2135626,ASSET-01105,Corrective,118,410,000130001086
WO-2135627,ASSET-01106,Emergency,203,986,000130001087
WO-2135628,ASSET-01106,Preventive,0,,000130001087
WO-2135629,ASSET-01106,Preventive,0,,000130001087
WO-2135630,ASSET-01106,Corrective,87,1592,000130001087
WO-2135631,ASSET-01106,Preventive,0,,000130001087
WO-2135632,ASSET-01106,Preventive,0,,000130001087
WO-2135633,ASSET-01106,Preventive,0,,000130001087
WO-2135634,ASSET-01106,Emergency,474,460,000130001087
WO-2135635,ASSET-01107,Corrective,63,1893,000130001088
WO-2135636,ASSET-01107,Corrective,231,298,000130001088
WO-2135637,ASSET-01107,Corrective,202,622,000130001088
WO-2135638,ASSET-01107,Preventive,0,,000130001088
WO-2135639,ASSET-01108,Corrective,204,671,000130001089
WO-2135640,ASSET-01108,Preventive,0,,000130001089
WO-2135641,ASSET-01108,Corrective,48,1750,000130001089
WO-2135642,ASSET-01108,Preventive,0,,000130001089
WO-2135643,ASSET-01109,Preventive,0,,000130001090
WO-2135644,ASSET-01109,Preventive,0,,000130001090
WO-2135645,ASSET-01109,Corrective,224,635,000130001090
WO-2135646,ASSET-01109,Corrective,156,1849,000130001090
WO-2135647,ASSET-01109,Emergency,108,1340,000130001090
WO-2135648,ASSET-01109,Preventive,0,,000130001090
WO-2135649,ASSET-01109,Corrective,81,447,000130001090
WO-2135650,ASSET-01110,Preventive,0,,000130001091
WO-2135651,ASSET-01110,Preventive,0,,000130001091
WO-2135652,ASSET-01110,Emergency,262,460,000130001091
WO-2135653,ASSET-01110,Preventive,0,,000130001091
WO-2135654,ASSET-01111,Corrective,134,344,000130001092
WO-2135655,ASSET-01111,Preventive,0,,000130001092
WO-2135656,ASSET-01112,Preventive,0,,000130001093
WO-2135657,ASSET-01112,Preventive,0,,000130001093
WO-2135658,ASSET-01112,Preventive,0,,000130001093
WO-2135659,ASSET-01112,Preventive,0,,000130001093
WO-2135660,ASSET-01112,Preventive,0,,000130001093
WO-2135661,ASSET-01112,Emergency,425,401,000130001093
WO-2135662,ASSET-01112,Preventive,0,,000130001093
WO-2135663,ASSET-01113,Preventive,0,,000130001094
WO-2135664,ASSET-01113,Preventive,0,,000130001094
WO-2135665,ASSET-01113,Preventive,0,,000130001094
WO-2135666,ASSET-01113,Preventive,0,,000130001094
WO-2135667,ASSET-01113,Corrective,33,638,000130001094
WO-2135668,ASSET-01113,Preventive,0,,000130001094
WO-2135669,ASSET-01113,Corrective,209,1639,000130001094
WO-2135670,ASSET-01113,Preventive,0,,000130001094
WO-2135671,ASSET-01113,Preventive,0,,000130001094
WO-2135672,ASSET-01114,Corrective,74,879,000130001095
WO-2135673,ASSET-01114,Preventive,0,,000130001095
WO-2135674,ASSET-01114,Preventive,0,,000130001095
WO-2135675,ASSET-01114,Preventive,0,,000130001095
WO-2135676,ASSET-01114,Preventive,0,,000130001095
WO-2135677,ASSET-01114,Preventive,0,,000130001095
WO-2135678,ASSET-01115,Corrective,141,399,000130001096
WO-2135679,ASSET-01115,Corrective,199,485,000130001096
WO-2135680,ASSET-01115,Preventive,0,,000130001096
WO-2135681,ASSET-01115,Preventive,0,,000130001096
WO-2135682,ASSET-01115,Preventive,0,,000130001096
WO-2135683,ASSET-01117,Preventive,0,,000130001098
WO-2135684,ASSET-01117,Preventive,0,,000130001098
WO-2135685,ASSET-01117,Preventive,0,,000130001098
WO-2135686,ASSET-01117,Corrective,38,841,000130001098
WO-2135687,ASSET-01117,Preventive,0,,000130001098
WO-2135688,ASSET-01117,Preventive,0,,000130001098
WO-2135689,ASSET-01118,Emergency,82,1280,000130001099
WO-2135690,ASSET-01118,Emergency,242,1132,000130001099
WO-2135691,ASSET-01118,Preventive,0,,000130001099
WO-2135692,ASSET-01118,Preventive,0,,000130001099
WO-2135693,ASSET-01118,Corrective,237,369,000130001099
WO-2135694,ASSET-01118,Preventive,0,,000130001099
WO-2135695,ASSET-01118,Preventive,0,,000130001099
WO-2135696,ASSET-01118,Corrective,110,1372,000130001099
WO-2135697,ASSET-01119,Preventive,0,,000130001100
WO-2135698,ASSET-01119,Corrective,211,358,000130001100
WO-2135699,ASSET-01119,Corrective,169,1476,000130001100
WO-2135700,ASSET-01119,Corrective,82,374,000130001100
WO-2135701,ASSET-01120,Preventive,0,,000130001101
WO-2135702,ASSET-01120,Corrective,225,1156,000130001101
WO-2135703,ASSET-01120,Preventive,0,,000130001101
WO-2135704,ASSET-01120,Preventive,0,,000130001101
WO-2135705,ASSET-01121,Corrective,211,1602,000130001102
WO-2135706,ASSET-01121,Preventive,0,,000130001102
WO-2135707,ASSET-01121,Preventive,0,,000130001102
WO-2135708,ASSET-01121,Corrective,119,1437,000130001102
WO-2135709,ASSET-01121,Corrective,149,1254,000130001102
WO-2135710,ASSET-01121,Corrective,124,1744,000130001102
WO-2135711,ASSET-01121,Preventive,0,,000130001102
WO-2135712,ASSET-01122,Preventive,0,,000130001103
WO-2135713,ASSET-01122,Preventive,0,,000130001103
WO-2135714,ASSET-01122,Corrective,107,1408,000130001103
WO-2135715,ASSET-01122,Corrective,161,1330,000130001103
WO-2135716,ASSET-01122,Preventive,0,,000130001103
WO-2135717,ASSET-01123,Corrective,61,1912,000130001104
WO-2135718,ASSET-01123,Preventive,0,,000130001104
WO-2135719,ASSET-01123,Preventive,0,,000130001104
WO-2135720,ASSET-01123,Preventive,0,,000130001104
WO-2135721,ASSET-01124,Corrective,72,1936,000130001105
WO-2135722,ASSET-01124,Preventive,0,,000130001105
WO-2135723,ASSET-01124,Preventive,0,,000130001105
WO-2135724,ASSET-01124,Emergency,120,1588,000130001105
WO-2135725,ASSET-01124,Corrective,41,1033,000130001105
WO-2135726,ASSET-01124,Preventive,0,,000130001105
WO-2135727,ASSET-01124,Preventive,0,,000130001105
WO-2135728,ASSET-01124,Corrective,70,539,000130001105
WO-2135729,ASSET-01125,Preventive,0,,000130001106
WO-2135730,ASSET-01125,Preventive,0,,000130001106
WO-2135731,ASSET-01125,Corrective,145,695,000130001106
WO-2135732,ASSET-01126,Corrective,137,295,000130001107
WO-2135733,ASSET-01126,Corrective,82,1050,000130001107
WO-2135734,ASSET-01126,Preventive,0,,000130001107
WO-2135735,ASSET-01126,Preventive,0,,000130001107
WO-2135736,ASSET-01126,Preventive,0,,000130001107
WO-2135737,ASSET-01126,Preventive,0,,000130001107
WO-2135738,ASSET-01126,Emergency,598,415,000130001107
WO-2135739,ASSET-01127,Corrective,40,1916,000130001108
WO-2135740,ASSET-01127,Preventive,0,,000130001108
WO-2135741,ASSET-01127,Emergency,431,979,000130001108
WO-2135742,ASSET-01127,Preventive,0,,000130001108
WO-2135743,ASSET-01128,Preventive,0,,000130001109
WO-2135744,ASSET-01128,Corrective,120,1315,000130001109
WO-2135745,ASSET-01128,Corrective,180,1141,000130001109
WO-2135746,ASSET-01128,Preventive,0,,000130001109
WO-2135747,ASSET-01130,Corrective,86,623,000130001111
WO-2135748,ASSET-01130,Preventive,0,,000130001111
WO-2135749,ASSET-01131,Emergency,113,795,000130001112
WO-2135750,ASSET-01131,Corrective,235,466,000130001112
WO-2135751,ASSET-01131,Preventive,0,,000130001112
WO-2135752,ASSET-01131,Preventive,0,,000130001112
WO-2135753,ASSET-01131,Preventive,0,,000130001112
WO-2135754,ASSET-01131,Corrective,109,1472,000130001112
WO-2135755,ASSET-01132,Corrective,120,420,000130001113
WO-2135756,ASSET-01132,Preventive,0,,000130001113
WO-2135757,ASSET-01132,Corrective,158,1570,000130001113
WO-2135758,ASSET-01132,Preventive,0,,000130001113
WO-2135759,ASSET-01132,Preventive,0,,000130001113
WO-2135760,ASSET-01132,Preventive,0,,000130001113
WO-2135761,ASSET-01132,Preventive,0,,000130001113
WO-2135762,ASSET-01133,Preventive,0,,000130001114
WO-2135763,ASSET-01133,Corrective,189,1604,000130001114
WO-2135764,ASSET-01133,Emergency,556,1269,000130001114
WO-2135765,ASSET-01133,Corrective,195,844,000130001114
WO-2135766,ASSET-01133,Corrective,180,980,000130001114
WO-2135767,ASSET-01134,Preventive,0,,000130001115
WO-2135768,ASSET-01134,Preventive,0,,000130001115
WO-2135769,ASSET-01134,Corrective,191,982,000130001115
WO-2135770,ASSET-01134,Preventive,0,,000130001115
WO-2135771,ASSET-01134,Corrective,30,921,000130001115
WO-2135772,ASSET-01134,Corrective,114,374,000130001115
WO-2135773,ASSET-01135,Preventive,0,,000130001116
WO-2135774,ASSET-01135,Preventive,0,,000130001116
WO-2135775,ASSET-01135,Corrective,195,1065,000130001116
WO-2135776,ASSET-01135,Preventive,0,,000130001116
WO-2135777,ASSET-01135,Corrective,76,1033,000130001116
WO-2135778,ASSET-01135,Preventive,0,,000130001116
WO-2135779,ASSET-01136,Corrective,210,1568,000130001117
WO-2135780,ASSET-01136,Preventive,0,,000130001117
WO-2135781,ASSET-01136,Preventive,0,,000130001117
WO-2135782,ASSET-01136,Preventive,0,,000130001117
WO-2135783,ASSET-01137,Preventive,0,,000130001118
WO-2135784,ASSET-01137,Corrective,31,899,000130001118
WO-2135785,ASSET-01137,Preventive,0,,000130001118
WO-2135786,ASSET-01137,Emergency,374,1622,000130001118
WO-2135787,ASSET-01138,Emergency,543,1271,000130001119
WO-2135788,ASSET-01138,Corrective,124,453,000130001119
WO-2135789,ASSET-01138,Corrective,80,1038,000130001119
WO-2135790,ASSET-01138,Corrective,114,289,000130001119
WO-2135791,ASSET-01138,Corrective,101,1078,000130001119
WO-2135792,ASSET-01139,Preventive,0,,000130001120
WO-2135793,ASSET-01139,Corrective,131,1828,000130001120
WO-2135794,ASSET-01139,Preventive,0,,000130001120
WO-2135795,ASSET-01139,Corrective,165,834,000130001120
WO-2135796,ASSET-01139,Preventive,0,,000130001120
WO-2135797,ASSET-01139,Preventive,0,,000130001120
WO-2135798,ASSET-01139,Preventive,0,,000130001120
WO-2135799,ASSET-01140,Preventive,0,,000130001121
WO-2135800,ASSET-01140,Preventive,0,,000130001121
WO-2135801,ASSET-01140,Emergency,221,897,000130001121
WO-2135802,ASSET-01140,Corrective,195,1923,000130001121
WO-2135803,ASSET-01141,Corrective,236,1738,000130001122
WO-2135804,ASSET-01141,Preventive,0,,000130001122
WO-2135805,ASSET-01141,Preventive,0,,000130001122
WO-2135806,ASSET-01141,Preventive,0,,000130001122
WO-2135807,ASSET-01141,Preventive,0,,000130001122
WO-2135808,ASSET-01142,Preventive,0,,000130001123
WO-2135809,ASSET-01143,Preventive,0,,000130001124
WO-2135810,ASSET-01143,Preventive,0,,000130001124
WO-2135811,ASSET-01143,Preventive,0,,000130001124
WO-2135812,ASSET-01144,Preventive,0,,000130001125
WO-2135813,ASSET-01144,Preventive,0,,000130001125
WO-2135814,ASSET-01144,Corrective,50,1069,000130001125
WO-2135815,ASSET-01145,Emergency,376,1464,000130001126
WO-2135816,ASSET-01145,Corrective,74,859,000130001126
WO-2135817,ASSET-01145,Corrective,93,314,000130001126
WO-2135818,ASSET-01145,Preventive,0,,000130001126
WO-2135819,ASSET-01146,Preventive,0,,000130001127
WO-2135820,ASSET-01146,Preventive,0,,000130001127
WO-2135821,ASSET-01146,Corrective,217,345,000130001127
WO-2135822,ASSET-01146,Preventive,0,,000130001127
WO-2135823,ASSET-01146,Corrective,77,1847,000130001127
WO-2135824,ASSET-01146,Preventive,0,,000130001127
WO-2135825,ASSET-01147,Corrective,130,464,000130001128
WO-2135826,ASSET-01147,Preventive,0,,000130001128
WO-2135827,ASSET-01147,Preventive,0,,000130001128
WO-2135828,ASSET-01148,Corrective,64,509,000130001129
WO-2135829,ASSET-01148,Preventive,0,,000130001129
WO-2135830,ASSET-01148,Preventive,0,,000130001129
WO-2135831,ASSET-01148,Preventive,0,,000130001129
WO-2135832,ASSET-01148,Preventive,0,,000130001129
WO-2135833,ASSET-01149,Preventive,0,,000130001130
WO-2135834,ASSET-01149,Emergency,333,1250,000130001130
WO-2135835,ASSET-01149,Preventive,0,,000130001130
WO-2135836,ASSET-01150,Corrective,125,1360,000130001131
WO-2135837,ASSET-01150,Preventive,0,,000130001131
WO-2135838,ASSET-01151,Preventive,0,,000130001132
WO-2135839,ASSET-01151,Preventive,0,,000130001132
WO-2135840,ASSET-01151,Preventive,0,,000130001132
WO-2135841,ASSET-01151,Corrective,67,921,000130001132
WO-2135842,ASSET-01151,Corrective,226,717,000130001132
WO-2135843,ASSET-01152,Corrective,41,1977,000130001133
WO-2135844,ASSET-01152,Preventive,0,,000130001133
WO-2135845,ASSET-01152,Preventive,0,,000130001133
WO-2135846,ASSET-01152,Preventive,0,,000130001133
WO-2135847,ASSET-01152,Preventive,0,,000130001133
WO-2135848,ASSET-01152,Preventive,0,,000130001133
WO-2135849,ASSET-01152,Preventive,0,,000130001133
WO-2135850,ASSET-01152,Preventive,0,,000130001133
WO-2135851,ASSET-01152,Preventive,0,,000130001133
WO-2135852,ASSET-01153,Preventive,0,,000130001134
WO-2135853,ASSET-01153,Preventive,0,,000130001134
WO-2135854,ASSET-01153,Preventive,0,,000130001134
WO-2135855,ASSET-01154,Emergency,501,595,000130001135
WO-2135856,ASSET-01154,Preventive,0,,000130001135
WO-2135857,ASSET-01154,Preventive,0,,000130001135
WO-2135858,ASSET-01154,Preventive,0,,000130001135
WO-2135859,ASSET-01154,Emergency,164,422,000130001135
WO-2135860,ASSET-01154,Preventive,0,,000130001135
WO-2135861,ASSET-01154,Preventive,0,,000130001135
WO-2135862,ASSET-01154,Preventive,0,,000130001135
WO-2135863,ASSET-01155,Emergency,243,326,000130001136
WO-2135864,ASSET-01155,Corrective,62,1791,000130001136
WO-2135865,ASSET-01155,Preventive,0,,000130001136
WO-2135866,ASSET-01155,Corrective,63,1253,000130001136
WO-2135867,ASSET-01155,Preventive,0,,000130001136
WO-2135868,ASSET-01155,Corrective,53,450,000130001136
WO-2135869,ASSET-01156,Corrective,235,1123,000130001137
WO-2135870,ASSET-01156,Preventive,0,,000130001137
WO-2135871,ASSET-01156,Corrective,206,323,000130001137
WO-2135872,ASSET-01156,Corrective,100,933,000130001137
WO-2135873,ASSET-01156,Preventive,0,,000130001137
WO-2135874,ASSET-01156,Preventive,0,,000130001137
WO-2135875,ASSET-01156,Preventive,0,,000130001137
WO-2135876,ASSET-01156,Corrective,99,962,000130001137
WO-2135877,ASSET-01157,Preventive,0,,000130001138
WO-2135878,ASSET-01157,Corrective,75,766,000130001138
WO-2135879,ASSET-01157,Corrective,115,1637,000130001138
WO-2135880,ASSET-01157,Preventive,0,,000130001138
WO-2135881,ASSET-01157,Preventive,0,,000130001138
WO-2135882,ASSET-01158,Preventive,0,,000130001139
WO-2135883,ASSET-01158,Corrective,209,743,000130001139
WO-2135884,ASSET-01158,Preventive,0,,000130001139
WO-2135885,ASSET-01158,Preventive,0,,000130001139
WO-2135886,ASSET-01159,Corrective,42,1356,000130001140
WO-2135887,ASSET-01159,Preventive,0,,000130001140
WO-2135888,ASSET-01159,Preventive,0,,000130001140
WO-2135889,ASSET-01160,Corrective,41,1905,000130001141
WO-2135890,ASSET-01160,Preventive,0,,000130001141
WO-2135891,ASSET-01160,Preventive,0,,000130001141
WO-2135892,ASSET-01160,Preventive,0,,000130001141
WO-2135893,ASSET-01160,Corrective,233,1637,000130001141
WO-2135894,ASSET-01160,Preventive,0,,000130001141
WO-2135895,ASSET-01161,Preventive,0,,000130001142
WO-2135896,ASSET-01161,Preventive,0,,000130001142
WO-2135897,ASSET-01161,Preventive,0,,000130001142
WO-2135898,ASSET-01161,Corrective,59,538,000130001142
WO-2135899,ASSET-01161,Preventive,0,,000130001142
WO-2135900,ASSET-01161,Preventive,0,,000130001142
WO-2135901,ASSET-01161,Preventive,0,,000130001142
WO-2135902,ASSET-01161,Preventive,0,,000130001142
WO-2135903,ASSET-01161,Corrective,181,1190,000130001142
WO-2135904,ASSET-01162,Preventive,0,,000130001143
WO-2135905,ASSET-01162,Preventive,0,,000130001143
WO-2135906,ASSET-01162,Preventive,0,,000130001143
WO-2135907,ASSET-01162,Emergency,218,1271,000130001143
WO-2135908,ASSET-01163,Corrective,178,1387,000130001144
WO-2135909,ASSET-01163,Preventive,0,,000130001144
WO-2135910,ASSET-01163,Preventive,0,,000130001144
WO-2135911,ASSET-01163,Corrective,183,563,000130001144
WO-2135912,ASSET-01163,Preventive,0,,000130001144
WO-2135913,ASSET-01163,Preventive,0,,000130001144
WO-2135914,ASSET-01164,Preventive,0,,000130001145
WO-2135915,ASSET-01164,Preventive,0,,000130001145
WO-2135916,ASSET-01164,Preventive,0,,000130001145
WO-2135917,ASSET-01164,Preventive,0,,000130001145
WO-2135918,ASSET-01165,Preventive,0,,000130001146
WO-2135919,ASSET-01165,Preventive,0,,000130001146
WO-2135920,ASSET-01165,Emergency,516,1230,000130001146
WO-2135921,ASSET-01165,Corrective,108,475,000130001146
WO-2135922,ASSET-01165,Preventive,0,,000130001146
WO-2135923,ASSET-01165,Corrective,179,1762,000130001146
WO-2135924,ASSET-01165,Corrective,57,528,000130001146
WO-2135925,ASSET-01166,Emergency,579,968,000130001147
WO-2135926,ASSET-01166,Corrective,199,659,000130001147
WO-2135927,ASSET-01166,Preventive,0,,000130001147
WO-2135928,ASSET-01166,Preventive,0,,000130001147
WO-2135929,ASSET-01166,Preventive,0,,000130001147
WO-2135930,ASSET-01166,Corrective,65,375,000130001147
WO-2135931,ASSET-01166,Preventive,0,,000130001147
WO-2135932,ASSET-01166,Preventive,0,,000130001147
WO-2135933,ASSET-01167,Corrective,96,1151,000130001148
WO-2135934,ASSET-01167,Preventive,0,,000130001148
WO-2135935,ASSET-01167,Preventive,0,,000130001148
WO-2135936,ASSET-01167,Preventive,0,,000130001148
WO-2135937,ASSET-01167,Preventive,0,,000130001148
WO-2135938,ASSET-01168,Corrective,199,1829,000130001149
WO-2135939,ASSET-01168,Preventive,0,,000130001149
WO-2135940,ASSET-01168,Corrective,93,937,000130001149
WO-2135941,ASSET-01168,Corrective,185,820,000130001149
WO-2135942,ASSET-01168,Preventive,0,,000130001149
WO-2135943,ASSET-01169,Preventive,0,,000130001150
WO-2135944,ASSET-01170,Preventive,0,,000130001151
WO-2135945,ASSET-01170,Corrective,31,711,000130001151
WO-2135946,ASSET-01170,Preventive,0,,000130001151
WO-2135947,ASSET-01170,Preventive,0,,000130001151
WO-2135948,ASSET-01170,Preventive,0,,000130001151
WO-2135949,ASSET-01170,Preventive,0,,000130001151
WO-2135950,ASSET-01171,Preventive,0,,000130001152
WO-2135951,ASSET-01171,Preventive,0,,000130001152
WO-2135952,ASSET-01171,Corrective,90,1263,000130001152
WO-2135953,ASSET-01171,Emergency,402,1059,000130001152
WO-2135954,ASSET-01171,Preventive,0,,000130001152
WO-2135955,ASSET-01171,Corrective,213,1989,000130001152
WO-2135956,ASSET-01171,Preventive,0,,000130001152
WO-2135957,ASSET-01171,Preventive,0,,000130001152
WO-2135958,ASSET-01172,Preventive,0,,000130001153
WO-2135959,ASSET-01172,Preventive,0,,000130001153
WO-2135960,ASSET-01172,Preventive,0,,000130001153
WO-2135961,ASSET-01173,Preventive,0,,000130001154
WO-2135962,ASSET-01173,Corrective,149,1929,000130001154
WO-2135963,ASSET-01173,Preventive,0,,000130001154
WO-2135964,ASSET-01174,Preventive,0,,000130001155
WO-2135965,ASSET-01174,Preventive,0,,000130001155
WO-2135966,ASSET-01174,Corrective,82,1432,000130001155
WO-2135967,ASSET-01174,Emergency,547,1679,000130001155
WO-2135968,ASSET-01175,Preventive,0,,000130001156
WO-2135969,ASSET-01175,Preventive,0,,000130001156
WO-2135970,ASSET-01175,Corrective,77,897,000130001156
WO-2135971,ASSET-01175,Preventive,0,,000130001156
WO-2135972,ASSET-01175,Preventive,0,,000130001156
WO-2135973,ASSET-01175,Corrective,124,367,000130001156
WO-2135974,ASSET-01175,Corrective,125,1963,000130001156
WO-2135975,ASSET-01175,Preventive,0,,000130001156
WO-2135976,ASSET-01175,Preventive,0,,000130001156
WO-2135977,ASSET-01176,Corrective,215,1448,000130001157
WO-2135978,ASSET-01176,Corrective,196,746,000130001157
WO-2135979,ASSET-01176,Corrective,222,1417,000130001157
WO-2135980,ASSET-01176,Preventive,0,,000130001157
WO-2135981,ASSET-01176,Preventive,0,,000130001157
WO-2135982,ASSET-01176,Corrective,69,1369,000130001157
WO-2135983,ASSET-01176,Preventive,0,,000130001157
WO-2135984,ASSET-01176,Corrective,144,1912,000130001157
WO-2135985,ASSET-01177,Corrective,218,1956,000130001158
WO-2135986,ASSET-01177,Preventive,0,,000130001158
WO-2135987,ASSET-01177,Corrective,171,1993,000130001158
WO-2135988,ASSET-01177,Emergency,421,1591,000130001158
WO-2135989,ASSET-01177,Preventive,0,,000130001158
WO-2135990,ASSET-01178,Preventive,0,,000130001159
WO-2135991,ASSET-01178,Corrective,229,1154,000130001159
WO-2135992,ASSET-01178,Corrective,232,520,000130001159
WO-2135993,ASSET-01178,Emergency,183,1685,000130001159
WO-2135994,ASSET-01178,Preventive,0,,000130001159
WO-2135995,ASSET-01178,Emergency,290,436,000130001159
WO-2135996,ASSET-01178,Preventive,0,,000130001159
WO-2135997,ASSET-01179,Preventive,0,,000130001160
WO-2135998,ASSET-01179,Preventive,0,,000130001160
WO-2135999,ASSET-01179,Preventive,0,,000130001160
WO-2136000,ASSET-01179,Emergency,392,823,000130001160
WO-2136001,ASSET-01179,Corrective,59,395,000130001160
WO-2136002,ASSET-01180,Preventive,0,,000130001161
WO-2136003,ASSET-01180,Preventive,0,,000130001161
WO-2136004,ASSET-01181,Emergency,592,1723,000130001162
WO-2136005,ASSET-01181,Preventive,0,,000130001162
WO-2136006,ASSET-01181,Corrective,222,817,000130001162
WO-2136007,ASSET-01181,Emergency,75,1580,000130001162
WO-2136008,ASSET-01181,Preventive,0,,000130001162
WO-2136009,ASSET-01181,Preventive,0,,000130001162
WO-2136010,ASSET-01181,Corrective,42,1134,000130001162
WO-2136011,ASSET-01182,Corrective,84,1189,000130001163
WO-2136012,ASSET-01182,Emergency,163,744,000130001163
WO-2136013,ASSET-01182,Corrective,237,787,000130001163
WO-2136014,ASSET-01183,Preventive,0,,000130001164
WO-2136015,ASSET-01183,Preventive,0,,000130001164
WO-2136016,ASSET-01183,Corrective,134,1516,000130001164
WO-2136017,ASSET-01184,Preventive,0,,000130001165
WO-2136018,ASSET-01184,Preventive,0,,000130001165
WO-2136019,ASSET-01184,Preventive,0,,000130001165
WO-2136020,ASSET-01184,Corrective,63,347,000130001165
WO-2136021,ASSET-01184,Preventive,0,,000130001165
WO-2136022,ASSET-01185,Preventive,0,,000130001166
WO-2136023,ASSET-01185,Corrective,79,1039,000130001166
WO-2136024,ASSET-01185,Emergency,137,852,000130001166
WO-2136025,ASSET-01185,Preventive,0,,000130001166
WO-2136026,ASSET-01186,Preventive,0,,000130001167
WO-2136027,ASSET-01186,Preventive,0,,000130001167
WO-2136028,ASSET-01186,Preventive,0,,000130001167
WO-2136029,ASSET-01186,Corrective,75,1207,000130001167
WO-2136030,ASSET-01187,Corrective,84,716,000130001168
WO-2136031,ASSET-01187,Corrective,221,402,000130001168
WO-2136032,ASSET-01187,Preventive,0,,000130001168
WO-2136033,ASSET-01187,Preventive,0,,000130001168
WO-2136034,ASSET-01187,Corrective,88,391,000130001168
WO-2136035,ASSET-01187,Preventive,0,,000130001168
WO-2136036,ASSET-01188,Preventive,0,,000130001169
WO-2136037,ASSET-01188,Preventive,0,,000130001169
WO-2136038,ASSET-01188,Corrective,90,1362,000130001169
WO-2136039,ASSET-01188,Corrective,67,1677,000130001169
WO-2136040,ASSET-01188,Preventive,0,,000130001169
WO-2136041,ASSET-01188,Corrective,66,242,000130001169
WO-2136042,ASSET-01189,Corrective,160,546,000130001170
WO-2136043,ASSET-01189,Preventive,0,,000130001170
WO-2136044,ASSET-01189,Corrective,36,1809,000130001170
WO-2136045,ASSET-01189,Corrective,101,1805,000130001170
WO-2136046,ASSET-01189,Preventive,0,,000130001170
WO-2136047,ASSET-01189,Preventive,0,,000130001170
WO-2136048,ASSET-01189,Emergency,121,1880,000130001170
WO-2136049,ASSET-01189,Preventive,0,,000130001170
WO-2136050,ASSET-01190,Preventive,0,,000130001171
WO-2136051,ASSET-01190,Preventive,0,,000130001171
WO-2136052,ASSET-01190,Emergency,595,1103,000130001171
WO-2136053,ASSET-01191,Corrective,103,1362,000130001172
WO-2136054,ASSET-01191,Emergency,363,378,000130001172
WO-2136055,ASSET-01191,Preventive,0,,000130001172
WO-2136056,ASSET-01191,Preventive,0,,000130001172
WO-2136057,ASSET-01191,Preventive,0,,000130001172
WO-2136058,ASSET-01192,Preventive,0,,000130001173
WO-2136059,ASSET-01192,Corrective,179,777,000130001173
WO-2136060,ASSET-01192,Corrective,93,1198,000130001173
WO-2136061,ASSET-01192,Preventive,0,,000130001173
WO-2136062,ASSET-01193,Corrective,150,1544,000130001174
WO-2136063,ASSET-01193,Preventive,0,,000130001174
WO-2136064,ASSET-01193,Preventive,0,,000130001174
WO-2136065,ASSET-01194,Preventive,0,,000130001175
WO-2136066,ASSET-01194,Corrective,132,366,000130001175
WO-2136067,ASSET-01194,Corrective,234,1808,000130001175
WO-2136068,ASSET-01194,Preventive,0,,000130001175
WO-2136069,ASSET-01194,Preventive,0,,000130001175
WO-2136070,ASSET-01195,Corrective,55,447,000130001176
WO-2136071,ASSET-01195,Preventive,0,,000130001176
WO-2136072,ASSET-01195,Emergency,84,1886,000130001176
WO-2136073,ASSET-01197,Emergency,453,200,000130001178
WO-2136074,ASSET-01197,Preventive,0,,000130001178
WO-2136075,ASSET-01197,Preventive,0,,000130001178
WO-2136076,ASSET-01198,Corrective,198,1869,000130001179
WO-2136077,ASSET-01198,Corrective,83,1362,000130001179
WO-2136078,ASSET-01198,Corrective,219,529,000130001179
WO-2136079,ASSET-01198,Preventive,0,,000130001179
WO-2136080,ASSET-01198,Preventive,0,,000130001179
WO-2136081,ASSET-01199,Corrective,96,314,000130001180
WO-2136082,ASSET-01199,Corrective,55,880,000130001180
WO-2136083,ASSET-01199,Corrective,207,707,000130001180
WO-2136084,ASSET-01199,Preventive,0,,000130001180
WO-2136085,ASSET-01199,Preventive,0,,000130001180
WO-2136086,ASSET-01199,Preventive,0,,000130001180
WO-2136087,ASSET-01200,Preventive,0,,000130001181
WO-2136088,ASSET-01200,Emergency,342,1353,000130001181
WO-2136089,ASSET-01200,Corrective,139,1991,000130001181
WO-2136090,ASSET-01200,Corrective,236,1358,000130001181
WO-2136091,ASSET-01200,Preventive,0,,000130001181
WO-2136092,ASSET-01201,Preventive,0,,000130001182
WO-2136093,ASSET-01201,Corrective,210,1201,000130001182
WO-2136094,ASSET-01201,Preventive,0,,000130001182
WO-2136095,ASSET-01201,Corrective,31,1779,000130001182
WO-2136096,ASSET-01201,Preventive,0,,000130001182
WO-2136097,ASSET-01201,Preventive,0,,000130001182
WO-2136098,ASSET-01201,Preventive,0,,000130001182
WO-2136099,ASSET-01201,Preventive,0,,000130001182
WO-2136100,ASSET-01202,Preventive,0,,000130001183
WO-2136101,ASSET-01202,Preventive,0,,000130001183
WO-2136102,ASSET-01202,Corrective,168,1764,000130001183
WO-2136103,ASSET-01202,Corrective,32,1298,000130001183
WO-2136104,ASSET-01203,Preventive,0,,000130001184
WO-2136105,ASSET-01203,Preventive,0,,000130001184
WO-2136106,ASSET-01203,Preventive,0,,000130001184
WO-2136107,ASSET-01203,Corrective,210,1086,000130001184
WO-2136108,ASSET-01203,Preventive,0,,000130001184
WO-2136109,ASSET-01203,Preventive,0,,000130001184
WO-2136110,ASSET-01204,Preventive,0,,000130001185
WO-2136111,ASSET-01204,Preventive,0,,000130001185
WO-2136112,ASSET-01204,Preventive,0,,000130001185
WO-2136113,ASSET-01204,Corrective,223,548,000130001185
WO-2136114,ASSET-01204,Preventive,0,,000130001185
WO-2136115,ASSET-01204,Preventive,0,,000130001185
WO-2136116,ASSET-01204,Preventive,0,,000130001185
WO-2136117,ASSET-01205,Preventive,0,,000130001186
WO-2136118,ASSET-01205,Corrective,202,1238,000130001186
WO-2136119,ASSET-01205,Corrective,66,1623,000130001186
WO-2136120,ASSET-01206,Corrective,173,1796,000130001187
WO-2136121,ASSET-01206,Preventive,0,,000130001187
WO-2136122,ASSET-01206,Preventive,0,,000130001187
WO-2136123,ASSET-01206,Corrective,96,1625,000130001187
WO-2136124,ASSET-01207,Corrective,126,1472,000130001188
WO-2136125,ASSET-01207,Corrective,139,1601,000130001188
WO-2136126,ASSET-01207,Preventive,0,,000130001188
WO-2136127,ASSET-01207,Preventive,0,,000130001188
WO-2136128,ASSET-01207,Preventive,0,,000130001188
WO-2136129,ASSET-01207,Emergency,329,1904,000130001188
