OrderRef,EquipID,Type,DowntimeMinutes,MTBFHours,LinkedAssetRef
WO-2140001,ASSET-00001,Preventive,0,,000140000001
WO-2140002,ASSET-00001,Corrective,136,1820,000140000001
WO-2140003,ASSET-00001,Preventive,0,,000140000001
WO-2140004,ASSET-00002,Preventive,0,,000140000002
WO-2140005,ASSET-00002,Corrective,146,1528,000140000002
WO-2140006,ASSET-00002,Preventive,0,,000140000002
WO-2140007,ASSET-00002,Preventive,0,,000140000002
WO-2140008,ASSET-00002,Corrective,154,1904,000140000002
WO-2140009,ASSET-00003,Preventive,0,,000140000003
WO-2140010,ASSET-00003,Preventive,0,,000140000003
WO-2140011,ASSET-00003,Corrective,181,1503,000140000003
WO-2140012,ASSET-00003,Corrective,88,1637,000140000003
WO-2140013,ASSET-00003,Corrective,123,651,000140000003
WO-2140014,ASSET-00003,Emergency,116,1283,000140000003
WO-2140015,ASSET-00003,Preventive,0,,000140000003
WO-2140016,ASSET-00004,Preventive,0,,000140000004
WO-2140017,ASSET-00004,Preventive,0,,000140000004
WO-2140018,ASSET-00004,Preventive,0,,000140000004
WO-2140019,ASSET-00004,Corrective,153,1572,000140000004
WO-2140020,ASSET-00004,Preventive,0,,000140000004
WO-2140021,ASSET-00004,Preventive,0,,000140000004
WO-2140022,ASSET-00005,Preventive,0,,000140000005
WO-2140023,ASSET-00005,Preventive,0,,000140000005
WO-2140024,ASSET-00005,Corrective,170,396,000140000005
WO-2140025,ASSET-00005,Corrective,52,653,000140000005
WO-2140026,ASSET-00006,Corrective,60,1695,000140000007
WO-2140027,ASSET-00006,Preventive,0,,000140000007
WO-2140028,ASSET-00006,Preventive,0,,000140000007
WO-2140029,ASSET-00006,Corrective,155,1437,000140000007
WO-2140030,ASSET-00006,Emergency,362,1098,000140000007
WO-2140031,ASSET-00007,Preventive,0,,000140000008
WO-2140032,ASSET-00007,Preventive,0,,000140000008
WO-2140033,ASSET-00008,Preventive,0,,000140000009
WO-2140034,ASSET-00008,Corrective,222,284,000140000009
WO-2140035,ASSET-00008,Preventive,0,,000140000009
WO-2140036,ASSET-00009,Corrective,119,1137,000140000010
WO-2140037,ASSET-00009,Preventive,0,,000140000010
WO-2140038,ASSET-00009,Emergency,591,302,000140000010
WO-2140039,ASSET-00010,Preventive,0,,000140000011
WO-2140040,ASSET-00010,Corrective,199,1386,000140000011
WO-2140041,ASSET-00011,Preventive,0,,000140000012
WO-2140042,ASSET-00011,Corrective,85,794,000140000012
WO-2140043,ASSET-00011,Preventive,0,,000140000012
WO-2140044,ASSET-00011,Emergency,166,1699,000140000012
WO-2140045,ASSET-00011,Corrective,217,662,000140000012
WO-2140046,ASSET-00011,Emergency,551,1552,000140000012
WO-2140047,ASSET-00011,Emergency,237,455,000140000012
WO-2140048,ASSET-00012,Preventive,0,,000140000013
WO-2140049,ASSET-00012,Corrective,218,1367,000140000013
WO-2140050,ASSET-00012,Preventive,0,,000140000013
WO-2140051,ASSET-00012,Emergency,126,949,000140000013
WO-2140052,ASSET-00012,Corrective,31,1644,000140000013
WO-2140053,ASSET-00012,Preventive,0,,000140000013
WO-2140054,ASSET-00012,Corrective,70,521,000140000013
WO-2140055,ASSET-00013,Emergency,505,1991,000140000014
WO-2140056,ASSET-00013,Preventive,0,,000140000014
WO-2140057,ASSET-00013,Preventive,0,,000140000014
WO-2140058,ASSET-00013,Emergency,299,625,000140000014
WO-2140059,ASSET-00013,Preventive,0,,000140000014
WO-2140060,ASSET-00014,Preventive,0,,000140000015
WO-2140061,ASSET-00014,Preventive,0,,000140000015
WO-2140062,ASSET-00014,Preventive,0,,000140000015
WO-2140063,ASSET-00014,Preventive,0,,000140000015
WO-2140064,ASSET-00014,Corrective,87,735,000140000015
WO-2140065,ASSET-00015,Preventive,0,,000140000016
WO-2140066,ASSET-00015,Corrective,179,397,000140000016
WO-2140067,ASSET-00015,Preventive,0,,000140000016
WO-2140068,ASSET-00015,Preventive,0,,000140000016
WO-2140069,ASSET-00015,Preventive,0,,000140000016
WO-2140070,ASSET-00015,Preventive,0,,000140000016
WO-2140071,ASSET-00015,Preventive,0,,000140000016
WO-2140072,ASSET-00016,Preventive,0,,000140000017
WO-2140073,ASSET-00016,Preventive,0,,000140000017
WO-2140074,ASSET-00016,Emergency,191,1973,000140000017
WO-2140075,ASSET-00016,Corrective,184,1603,000140000017
WO-2140076,ASSET-00016,Preventive,0,,000140000017
WO-2140077,ASSET-00016,Preventive,0,,000140000017
WO-2140078,ASSET-00017,Preventive,0,,000140000018
WO-2140079,ASSET-00017,Preventive,0,,000140000018
WO-2140080,ASSET-00017,Emergency,259,497,000140000018
WO-2140081,ASSET-00017,Preventive,0,,000140000018
WO-2140082,ASSET-00017,Corrective,82,1730,000140000018
WO-2140083,ASSET-00017,Corrective,239,942,000140000018
WO-2140084,ASSET-00018,Emergency,156,526,
WO-2140085,ASSET-00018,Preventive,0,,
WO-2140086,ASSET-00018,Corrective,234,1146,
WO-2140087,ASSET-00018,Preventive,0,,
WO-2140088,ASSET-00019,Corrective,82,370,000140000019
WO-2140089,ASSET-00019,Preventive,0,,000140000019
WO-2140090,ASSET-00019,Corrective,52,785,000140000019
WO-2140091,ASSET-00019,Preventive,0,,000140000019
WO-2140092,ASSET-00019,Emergency,222,997,000140000019
WO-2140093,ASSET-00019,Corrective,136,470,000140000019
WO-2140094,ASSET-00019,Corrective,192,1181,000140000019
WO-2140095,ASSET-00019,Corrective,234,786,000140000019
WO-2140096,ASSET-00019,Preventive,0,,000140000019
WO-2140097,ASSET-00019,Preventive,0,,000140000019
WO-2140098,ASSET-00020,Preventive,0,,000140000020
WO-2140099,ASSET-00020,Corrective,91,1246,000140000020
WO-2140100,ASSET-00020,Emergency,576,1293,000140000020
WO-2140101,ASSET-00020,Preventive,0,,000140000020
WO-2140102,ASSET-00020,Emergency,427,613,000140000020
WO-2140103,ASSET-00020,Preventive,0,,000140000020
WO-2140104,ASSET-00020,Preventive,0,,000140000020
WO-2140105,ASSET-00020,Preventive,0,,000140000020
WO-2140106,ASSET-00020,Preventive,0,,000140000020
WO-2140107,ASSET-00020,Preventive,0,,000140000020
WO-2140108,ASSET-00021,Preventive,0,,000140000021
WO-2140109,ASSET-00021,Preventive,0,,000140000021
WO-2140110,ASSET-00021,Preventive,0,,000140000021
WO-2140111,ASSET-00021,Preventive,0,,000140000021
WO-2140112,ASSET-00022,Preventive,0,,000140000022
WO-2140113,ASSET-00023,Corrective,89,1425,000140000023
WO-2140114,ASSET-00023,Corrective,145,1829,000140000023
WO-2140115,ASSET-00023,Corrective,41,1131,000140000023
WO-2140116,ASSET-00023,Preventive,0,,000140000023
WO-2140117,ASSET-00023,Preventive,0,,000140000023
WO-2140118,ASSET-00023,Preventive,0,,000140000023
WO-2140119,ASSET-00024,Corrective,125,1535,000140000024
WO-2140120,ASSET-00024,Preventive,0,,000140000024
WO-2140121,ASSET-00024,Preventive,0,,000140000024
WO-2140122,ASSET-00025,Corrective,100,857,000140000025
WO-2140123,ASSET-00025,Preventive,0,,000140000025
WO-2140124,ASSET-00025,Preventive,0,,000140000025
WO-2140125,ASSET-00026,Preventive,0,,000140000026
WO-2140126,ASSET-00026,Corrective,174,1948,000140000026
WO-2140127,ASSET-00026,Preventive,0,,000140000026
WO-2140128,ASSET-00026,Corrective,216,392,000140000026
WO-2140129,ASSET-00027,Preventive,0,,000140000027
WO-2140130,ASSET-00027,Corrective,64,1651,000140000027
WO-2140131,ASSET-00027,Corrective,208,761,000140000027
WO-2140132,ASSET-00027,Preventive,0,,000140000027
WO-2140133,ASSET-00028,Preventive,0,,000140000028
WO-2140134,ASSET-00028,Corrective,222,1699,000140000028
WO-2140135,ASSET-00028,Preventive,0,,000140000028
WO-2140136,ASSET-00029,Emergency,78,974,
WO-2140137,ASSET-00029,Corrective,64,265,
WO-2140138,ASSET-00029,Preventive,0,,
WO-2140139,ASSET-00029,Preventive,0,,
WO-2140140,ASSET-00029,Preventive,0,,
WO-2140141,ASSET-00030,Preventive,0,,000140000029
WO-2140142,ASSET-00030,Preventive,0,,000140000029
WO-2140143,ASSET-00030,Preventive,0,,000140000029
WO-2140144,ASSET-00030,Preventive,0,,000140000029
WO-2140145,ASSET-00030,Preventive,0,,000140000029
WO-2140146,ASSET-00030,Preventive,0,,000140000029
WO-2140147,ASSET-00031,Corrective,39,1623,000140000030
WO-2140148,ASSET-00031,Emergency,560,1874,000140000030
WO-2140149,ASSET-00031,Preventive,0,,000140000030
WO-2140150,ASSET-00031,Preventive,0,,000140000030
WO-2140151,ASSET-00031,Preventive,0,,000140000030
WO-2140152,ASSET-00032,Corrective,31,240,000140000031
WO-2140153,ASSET-00032,Preventive,0,,000140000031
WO-2140154,ASSET-00032,Preventive,0,,000140000031
WO-2140155,ASSET-00032,Corrective,184,776,000140000031
WO-2140156,ASSET-00032,Preventive,0,,000140000031
WO-2140157,ASSET-00033,Preventive,0,,000140000032
WO-2140158,ASSET-00033,Preventive,0,,000140000032
WO-2140159,ASSET-00033,Emergency,336,872,000140000032
WO-2140160,ASSET-00033,Corrective,138,1026,000140000032
WO-2140161,ASSET-00033,Preventive,0,,000140000032
WO-2140162,ASSET-00033,Emergency,181,538,000140000032
WO-2140163,ASSET-00033,Preventive,0,,000140000032
WO-2140164,ASSET-00034,Preventive,0,,
WO-2140165,ASSET-00035,Corrective,121,712,000140000034
WO-2140166,ASSET-00035,Corrective,170,858,000140000034
WO-2140167,ASSET-00036,Corrective,215,1226,000140000035
WO-2140168,ASSET-00036,Corrective,99,1501,000140000035
WO-2140169,ASSET-00036,Corrective,128,1747,000140000035
WO-2140170,ASSET-00036,Corrective,222,1627,000140000035
WO-2140171,ASSET-00036,Corrective,179,420,000140000035
WO-2140172,ASSET-00036,Emergency,114,991,000140000035
WO-2140173,ASSET-00036,Preventive,0,,000140000035
WO-2140174,ASSET-00036,Preventive,0,,000140000035
WO-2140175,ASSET-00037,Corrective,88,287,000140000036
WO-2140176,ASSET-00037,Preventive,0,,000140000036
WO-2140177,ASSET-00037,Emergency,506,1324,000140000036
WO-2140178,ASSET-00037,Emergency,425,1864,000140000036
WO-2140179,ASSET-00037,Corrective,159,1684,000140000036
WO-2140180,ASSET-00037,Preventive,0,,000140000036
WO-2140181,ASSET-00037,Corrective,182,1430,000140000036
WO-2140182,ASSET-00037,Preventive,0,,000140000036
WO-2140183,ASSET-00037,Preventive,0,,000140000036
WO-2140184,ASSET-00038,Corrective,159,1706,
WO-2140185,ASSET-00038,Corrective,60,266,
WO-2140186,ASSET-00038,Emergency,287,1909,
WO-2140187,ASSET-00038,Corrective,50,1564,
WO-2140188,ASSET-00038,Preventive,0,,
WO-2140189,ASSET-00039,Corrective,98,977,000140000037
WO-2140190,ASSET-00039,Preventive,0,,000140000037
WO-2140191,ASSET-00039,Corrective,124,1014,000140000037
WO-2140192,ASSET-00039,Preventive,0,,000140000037
WO-2140193,ASSET-00039,Corrective,163,807,000140000037
WO-2140194,ASSET-00039,Preventive,0,,000140000037
WO-2140195,ASSET-00039,Preventive,0,,000140000037
WO-2140196,ASSET-00039,Emergency,258,1155,000140000037
WO-2140197,ASSET-00039,Preventive,0,,000140000037
WO-2140198,ASSET-00040,Corrective,109,1196,000140000038
WO-2140199,ASSET-00040,Preventive,0,,000140000038
WO-2140200,ASSET-00040,Preventive,0,,000140000038
WO-2140201,ASSET-00040,Preventive,0,,000140000038
WO-2140202,ASSET-00040,Corrective,106,1381,000140000038
WO-2140203,ASSET-00040,Emergency,407,1433,000140000038
WO-2140204,ASSET-00041,Preventive,0,,000140000039
WO-2140205,ASSET-00041,Preventive,0,,000140000039
WO-2140206,ASSET-00042,Preventive,0,,
WO-2140207,ASSET-00042,Emergency,486,513,
WO-2140208,ASSET-00042,Corrective,55,1430,
WO-2140209,ASSET-00042,Preventive,0,,
WO-2140210,ASSET-00042,Preventive,0,,
WO-2140211,ASSET-00042,Preventive,0,,
WO-2140212,ASSET-00042,Preventive,0,,
WO-2140213,ASSET-00042,Preventive,0,,
WO-2140214,ASSET-00042,Preventive,0,,
WO-2140215,ASSET-00043,Corrective,58,406,000140000040
WO-2140216,ASSET-00043,Preventive,0,,000140000040
WO-2140217,ASSET-00044,Corrective,184,1379,000140000041
WO-2140218,ASSET-00044,Preventive,0,,000140000041
WO-2140219,ASSET-00044,Emergency,326,1756,000140000041
WO-2140220,ASSET-00044,Preventive,0,,000140000041
WO-2140221,ASSET-00045,Preventive,0,,000140000042
WO-2140222,ASSET-00045,Corrective,135,1844,000140000042
WO-2140223,ASSET-00045,Preventive,0,,000140000042
WO-2140224,ASSET-00045,Corrective,70,1239,000140000042
WO-2140225,ASSET-00045,Corrective,44,1241,000140000042
WO-2140226,ASSET-00046,Preventive,0,,000140000043
WO-2140227,ASSET-00046,Corrective,198,385,000140000043
WO-2140228,ASSET-00046,Preventive,0,,000140000043
WO-2140229,ASSET-00046,Preventive,0,,000140000043
WO-2140230,ASSET-00047,Corrective,226,396,000140000044
WO-2140231,ASSET-00047,Preventive,0,,000140000044
WO-2140232,ASSET-00048,Preventive,0,,000140000045
WO-2140233,ASSET-00048,Corrective,121,1859,000140000045
WO-2140234,ASSET-00048,Corrective,32,1775,000140000045
WO-2140235,ASSET-00049,Preventive,0,,000140000046
WO-2140236,ASSET-00049,Emergency,411,933,000140000046
WO-2140237,ASSET-00049,Corrective,122,1217,000140000046
WO-2140238,ASSET-00049,Preventive,0,,000140000046
WO-2140239,ASSET-00050,Preventive,0,,000140000047
WO-2140240,ASSET-00050,Corrective,169,1902,000140000047
WO-2140241,ASSET-00050,Preventive,0,,000140000047
WO-2140242,ASSET-00050,Corrective,194,1961,000140000047
WO-2140243,ASSET-00050,Preventive,0,,000140000047
WO-2140244,ASSET-00051,Preventive,0,,000140000048
WO-2140245,ASSET-00051,Emergency,515,712,000140000048
WO-2140246,ASSET-00051,Preventive,0,,000140000048
WO-2140247,ASSET-00052,Preventive,0,,000140000049
WO-2140248,ASSET-00052,Preventive,0,,000140000049
WO-2140249,ASSET-00052,Emergency,502,1275,000140000049
WO-2140250,ASSET-00052,Corrective,86,443,000140000049
WO-2140251,ASSET-00052,Emergency,471,503,000140000049
WO-2140252,ASSET-00052,Corrective,82,983,000140000049
WO-2140253,ASSET-00053,Corrective,155,526,000140000050
WO-2140254,ASSET-00053,Preventive,0,,000140000050
WO-2140255,ASSET-00053,Preventive,0,,000140000050
WO-2140256,ASSET-00053,Corrective,169,1229,000140000050
WO-2140257,ASSET-00053,Corrective,188,1529,000140000050
WO-2140258,ASSET-00054,Corrective,133,273,000140000051
WO-2140259,ASSET-00054,Preventive,0,,000140000051
WO-2140260,ASSET-00054,Emergency,98,1038,000140000051
WO-2140261,ASSET-00054,Corrective,216,1134,000140000051
WO-2140262,ASSET-00054,Preventive,0,,000140000051
WO-2140263,ASSET-00054,Corrective,129,998,000140000051
WO-2140264,ASSET-00055,Emergency,154,1247,000140000052
WO-2140265,ASSET-00055,Emergency,310,1377,000140000052
WO-2140266,ASSET-00055,Preventive,0,,000140000052
WO-2140267,ASSET-00055,Corrective,130,942,000140000052
WO-2140268,ASSET-00055,Corrective,106,1296,000140000052
WO-2140269,ASSET-00056,Preventive,0,,000140000053
WO-2140270,ASSET-00056,Corrective,203,1064,000140000053
WO-2140271,ASSET-00056,Preventive,0,,000140000053
WO-2140272,ASSET-00056,Corrective,80,417,000140000053
WO-2140273,ASSET-00056,Corrective,211,220,000140000053
WO-2140274,ASSET-00056,Corrective,184,1978,000140000053
WO-2140275,ASSET-00057,Preventive,0,,000140000054
WO-2140276,ASSET-00057,Corrective,196,1164,000140000054
WO-2140277,ASSET-00057,Corrective,191,1700,000140000054
WO-2140278,ASSET-00057,Preventive,0,,000140000054
WO-2140279,ASSET-00057,Preventive,0,,000140000054
WO-2140280,ASSET-00057,Corrective,110,254,000140000054
WO-2140281,ASSET-00057,Corrective,68,609,000140000054
WO-2140282,ASSET-00057,Preventive,0,,000140000054
WO-2140283,ASSET-00058,Preventive,0,,000140000055
WO-2140284,ASSET-00058,Preventive,0,,000140000055
WO-2140285,ASSET-00058,Preventive,0,,000140000055
WO-2140286,ASSET-00058,Preventive,0,,000140000055
WO-2140287,ASSET-00059,Emergency,202,1827,000140000056
WO-2140288,ASSET-00059,Preventive,0,,000140000056
WO-2140289,ASSET-00059,Corrective,185,1832,000140000056
WO-2140290,ASSET-00059,Preventive,0,,000140000056
WO-2140291,ASSET-00059,Corrective,52,379,000140000056
WO-2140292,ASSET-00059,Preventive,0,,000140000056
WO-2140293,ASSET-00059,Corrective,199,329,000140000056
WO-2140294,ASSET-00060,Preventive,0,,000140000057
WO-2140295,ASSET-00060,Corrective,222,1226,000140000057
WO-2140296,ASSET-00060,Emergency,506,968,000140000057
WO-2140297,ASSET-00060,Preventive,0,,000140000057
WO-2140298,ASSET-00060,Corrective,46,384,000140000057
WO-2140299,ASSET-00060,Preventive,0,,000140000057
WO-2140300,ASSET-00061,Corrective,123,529,
WO-2140301,ASSET-00061,Corrective,130,1507,
WO-2140302,ASSET-00061,Preventive,0,,
WO-2140303,ASSET-00061,Preventive,0,,
WO-2140304,ASSET-00062,Corrective,234,1630,000140000058
WO-2140305,ASSET-00062,Preventive,0,,000140000058
WO-2140306,ASSET-00062,Preventive,0,,000140000058
WO-2140307,ASSET-00062,Preventive,0,,000140000058
WO-2140308,ASSET-00062,Preventive,0,,000140000058
WO-2140309,ASSET-00064,Emergency,231,1653,000140000060
WO-2140310,ASSET-00064,Emergency,409,1335,000140000060
WO-2140311,ASSET-00064,Emergency,262,798,000140000060
WO-2140312,ASSET-00064,Preventive,0,,000140000060
WO-2140313,ASSET-00064,Corrective,130,799,000140000060
WO-2140314,ASSET-00064,Preventive,0,,000140000060
WO-2140315,ASSET-00064,Corrective,151,1657,000140000060
WO-2140316,ASSET-00064,Corrective,98,1548,000140000060
WO-2140317,ASSET-00064,Corrective,137,263,000140000060
WO-2140318,ASSET-00064,Corrective,131,570,000140000060
WO-2140319,ASSET-00065,Corrective,100,1832,000140000061
WO-2140320,ASSET-00065,Corrective,109,672,000140000061
WO-2140321,ASSET-00065,Preventive,0,,000140000061
WO-2140322,ASSET-00065,Emergency,262,807,000140000061
WO-2140323,ASSET-00065,Corrective,115,1028,000140000061
WO-2140324,ASSET-00065,Preventive,0,,000140000061
WO-2140325,ASSET-00065,Corrective,62,1023,000140000061
WO-2140326,ASSET-00065,Corrective,146,1505,000140000061
WO-2140327,ASSET-00065,Corrective,65,928,000140000061
WO-2140328,ASSET-00065,Preventive,0,,000140000061
WO-2140329,ASSET-00066,Corrective,134,549,000140000062
WO-2140330,ASSET-00066,Corrective,75,211,000140000062
WO-2140331,ASSET-00066,Corrective,45,550,000140000062
WO-2140332,ASSET-00066,Corrective,199,993,000140000062
WO-2140333,ASSET-00066,Preventive,0,,000140000062
WO-2140334,ASSET-00066,Preventive,0,,000140000062
WO-2140335,ASSET-00066,Preventive,0,,000140000062
WO-2140336,ASSET-00066,Preventive,0,,000140000062
WO-2140337,ASSET-00066,Corrective,142,547,000140000062
WO-2140338,ASSET-00067,Corrective,179,240,000140000063
WO-2140339,ASSET-00067,Preventive,0,,000140000063
WO-2140340,ASSET-00067,Corrective,156,1903,000140000063
WO-2140341,ASSET-00067,Corrective,136,1535,000140000063
WO-2140342,ASSET-00067,Preventive,0,,000140000063
WO-2140343,ASSET-00067,Corrective,156,653,000140000063
WO-2140344,ASSET-00067,Corrective,33,682,000140000063
WO-2140345,ASSET-00067,Corrective,84,1941,000140000063
WO-2140346,ASSET-00067,Corrective,91,1916,000140000063
WO-2140347,ASSET-00067,Preventive,0,,000140000063
WO-2140348,ASSET-00068,Corrective,193,973,000140000064
WO-2140349,ASSET-00068,Preventive,0,,000140000064
WO-2140350,ASSET-00068,Preventive,0,,000140000064
WO-2140351,ASSET-00068,Corrective,115,888,000140000064
WO-2140352,ASSET-00068,Preventive,0,,000140000064
WO-2140353,ASSET-00069,Corrective,55,1385,000140000065
WO-2140354,ASSET-00069,Corrective,149,882,000140000065
WO-2140355,ASSET-00069,Preventive,0,,000140000065
WO-2140356,ASSET-00070,Corrective,171,681,
WO-2140357,ASSET-00070,Preventive,0,,
WO-2140358,ASSET-00070,Emergency,558,1014,
WO-2140359,ASSET-00070,Corrective,201,997,
WO-2140360,ASSET-00070,Corrective,61,1743,
WO-2140361,ASSET-00070,Preventive,0,,
WO-2140362,ASSET-00071,Corrective,93,1499,
WO-2140363,ASSET-00071,Corrective,130,391,
WO-2140364,ASSET-00071,Emergency,320,304,
WO-2140365,ASSET-00071,Preventive,0,,
WO-2140366,ASSET-00071,Corrective,217,379,
WO-2140367,ASSET-00071,Preventive,0,,
WO-2140368,ASSET-00071,Preventive,0,,
WO-2140369,ASSET-00071,Preventive,0,,
WO-2140370,ASSET-00072,Preventive,0,,000140000066
WO-2140371,ASSET-00072,Corrective,139,451,000140000066
WO-2140372,ASSET-00072,Preventive,0,,000140000066
WO-2140373,ASSET-00072,Corrective,188,342,000140000066
WO-2140374,ASSET-00072,Emergency,594,1950,000140000066
WO-2140375,ASSET-00072,Corrective,112,1709,000140000066
WO-2140376,ASSET-00072,Corrective,104,813,000140000066
WO-2140377,ASSET-00073,Preventive,0,,000140000067
WO-2140378,ASSET-00073,Corrective,40,367,000140000067
WO-2140379,ASSET-00073,Preventive,0,,000140000067
WO-2140380,ASSET-00073,Corrective,99,509,000140000067
WO-2140381,ASSET-00073,Preventive,0,,000140000067
WO-2140382,ASSET-00073,Corrective,222,780,000140000067
WO-2140383,ASSET-00073,Preventive,0,,000140000067
WO-2140384,ASSET-00074,Preventive,0,,000140000068
WO-2140385,ASSET-00074,Preventive,0,,000140000068
WO-2140386,ASSET-00074,Preventive,0,,000140000068
WO-2140387,ASSET-00074,Emergency,408,846,000140000068
WO-2140388,ASSET-00074,Emergency,164,251,000140000068
WO-2140389,ASSET-00075,Preventive,0,,000140000069
WO-2140390,ASSET-00075,Preventive,0,,000140000069
WO-2140391,ASSET-00075,Corrective,165,469,000140000069
WO-2140392,ASSET-00075,Corrective,84,571,000140000069
WO-2140393,ASSET-00075,Preventive,0,,000140000069
WO-2140394,ASSET-00075,Preventive,0,,000140000069
WO-2140395,ASSET-00076,Preventive,0,,000140000070
WO-2140396,ASSET-00076,Corrective,216,1249,000140000070
WO-2140397,ASSET-00076,Preventive,0,,000140000070
WO-2140398,ASSET-00076,Preventive,0,,000140000070
WO-2140399,ASSET-00076,Corrective,36,314,000140000070
WO-2140400,ASSET-00076,Preventive,0,,000140000070
WO-2140401,ASSET-00076,Emergency,583,1285,000140000070
WO-2140402,ASSET-00077,Emergency,250,1781,000140000071
WO-2140403,ASSET-00077,Emergency,191,211,000140000071
WO-2140404,ASSET-00077,Preventive,0,,000140000071
WO-2140405,ASSET-00077,Corrective,153,684,000140000071
WO-2140406,ASSET-00078,Emergency,428,400,000140000072
WO-2140407,ASSET-00078,Preventive,0,,000140000072
WO-2140408,ASSET-00078,Preventive,0,,000140000072
WO-2140409,ASSET-00078,Preventive,0,,000140000072
WO-2140410,ASSET-00078,Corrective,125,1507,000140000072
WO-2140411,ASSET-00078,Emergency,128,976,000140000072
WO-2140412,ASSET-00078,Preventive,0,,000140000072
WO-2140413,ASSET-00079,Preventive,0,,
WO-2140414,ASSET-00079,Preventive,0,,
WO-2140415,ASSET-00079,Preventive,0,,
WO-2140416,ASSET-00079,Emergency,148,1496,
WO-2140417,ASSET-00080,Preventive,0,,000140000073
WO-2140418,ASSET-00080,Emergency,123,390,000140000073
WO-2140419,ASSET-00080,Preventive,0,,000140000073
WO-2140420,ASSET-00080,Corrective,80,1241,000140000073
WO-2140421,ASSET-00080,Preventive,0,,000140000073
WO-2140422,ASSET-00080,Preventive,0,,000140000073
WO-2140423,ASSET-00080,Preventive,0,,000140000073
WO-2140424,ASSET-00081,Preventive,0,,000140000074
WO-2140425,ASSET-00081,Preventive,0,,000140000074
WO-2140426,ASSET-00081,Preventive,0,,000140000074
WO-2140427,ASSET-00081,Preventive,0,,000140000074
WO-2140428,ASSET-00081,Preventive,0,,000140000074
WO-2140429,ASSET-00082,Preventive,0,,000140000075
WO-2140430,ASSET-00082,Preventive,0,,000140000075
WO-2140431,ASSET-00083,Preventive,0,,
WO-2140432,ASSET-00083,Corrective,106,1545,
WO-2140433,ASSET-00083,Preventive,0,,
WO-2140434,ASSET-00084,Preventive,0,,000140000076
WO-2140435,ASSET-00084,Preventive,0,,000140000076
WO-2140436,ASSET-00084,Preventive,0,,000140000076
WO-2140437,ASSET-00084,Preventive,0,,000140000076
WO-2140438,ASSET-00084,Corrective,133,349,000140000076
WO-2140439,ASSET-00084,Emergency,248,1365,000140000076
WO-2140440,ASSET-00085,Corrective,153,657,000140000077
WO-2140441,ASSET-00085,Corrective,179,674,000140000077
WO-2140442,ASSET-00085,Corrective,53,1514,000140000077
WO-2140443,ASSET-00085,Emergency,333,1478,000140000077
WO-2140444,ASSET-00085,Corrective,176,756,000140000077
WO-2140445,ASSET-00085,Preventive,0,,000140000077
WO-2140446,ASSET-00086,Corrective,238,1453,
WO-2140447,ASSET-00086,Corrective,86,1320,
WO-2140448,ASSET-00086,Preventive,0,,
WO-2140449,ASSET-00086,Preventive,0,,
WO-2140450,ASSET-00087,Preventive,0,,000140000079
WO-2140451,ASSET-00087,Emergency,240,569,000140000079
WO-2140452,ASSET-00087,Preventive,0,,000140000079
WO-2140453,ASSET-00087,Emergency,280,956,000140000079
WO-2140454,ASSET-00087,Emergency,174,281,000140000079
WO-2140455,ASSET-00087,Corrective,177,1708,000140000079
WO-2140456,ASSET-00087,Preventive,0,,000140000079
WO-2140457,ASSET-00088,Preventive,0,,000140000080
WO-2140458,ASSET-00088,Preventive,0,,000140000080
WO-2140459,ASSET-00088,Corrective,151,1714,000140000080
WO-2140460,ASSET-00088,Preventive,0,,000140000080
WO-2140461,ASSET-00089,Corrective,143,1330,000140000081
WO-2140462,ASSET-00089,Corrective,74,1788,000140000081
WO-2140463,ASSET-00089,Corrective,65,1969,000140000081
WO-2140464,ASSET-00090,Preventive,0,,000140000082
WO-2140465,ASSET-00090,Preventive,0,,000140000082
WO-2140466,ASSET-00090,Corrective,72,1140,000140000082
WO-2140467,ASSET-00090,Preventive,0,,000140000082
WO-2140468,ASSET-00090,Preventive,0,,000140000082
WO-2140469,ASSET-00090,Preventive,0,,000140000082
WO-2140470,ASSET-00090,Preventive,0,,000140000082
WO-2140471,ASSET-00090,Corrective,38,412,000140000082
WO-2140472,ASSET-00090,Preventive,0,,000140000082
WO-2140473,ASSET-00091,Corrective,35,660,000140000083
WO-2140474,ASSET-00091,Preventive,0,,000140000083
WO-2140475,ASSET-00091,Preventive,0,,000140000083
WO-2140476,ASSET-00091,Corrective,67,571,000140000083
WO-2140477,ASSET-00091,Preventive,0,,000140000083
WO-2140478,ASSET-00091,Emergency,249,1791,000140000083
WO-2140479,ASSET-00092,Preventive,0,,000140000084
WO-2140480,ASSET-00092,Emergency,125,513,000140000084
WO-2140481,ASSET-00092,Corrective,129,390,000140000084
WO-2140482,ASSET-00093,Preventive,0,,000140000085
WO-2140483,ASSET-00093,Preventive,0,,000140000085
WO-2140484,ASSET-00093,Preventive,0,,000140000085
WO-2140485,ASSET-00093,Corrective,181,1732,000140000085
WO-2140486,ASSET-00094,Emergency,308,594,000140000086
WO-2140487,ASSET-00094,Preventive,0,,000140000086
WO-2140488,ASSET-00094,Corrective,68,1261,000140000086
WO-2140489,ASSET-00095,Corrective,232,553,000140000087
WO-2140490,ASSET-00095,Preventive,0,,000140000087
WO-2140491,ASSET-00095,Preventive,0,,000140000087
WO-2140492,ASSET-00095,Preventive,0,,000140000087
WO-2140493,ASSET-00095,Corrective,180,1465,000140000087
WO-2140494,ASSET-00095,Preventive,0,,000140000087
WO-2140495,ASSET-00096,Preventive,0,,000140000088
WO-2140496,ASSET-00096,Emergency,407,1085,000140000088
WO-2140497,ASSET-00096,Corrective,140,1754,000140000088
WO-2140498,ASSET-00096,Preventive,0,,000140000088
WO-2140499,ASSET-00097,Corrective,174,1988,000140000089
WO-2140500,ASSET-00097,Corrective,181,1076,000140000089
WO-2140501,ASSET-00097,Preventive,0,,000140000089
WO-2140502,ASSET-00097,Emergency,310,641,000140000089
WO-2140503,ASSET-00097,Corrective,162,1721,000140000089
WO-2140504,ASSET-00097,Corrective,190,1885,000140000089
WO-2140505,ASSET-00098,Preventive,0,,000140000090
WO-2140506,ASSET-00098,Preventive,0,,000140000090
WO-2140507,ASSET-00099,Preventive,0,,000140000091
WO-2140508,ASSET-00099,Preventive,0,,000140000091
WO-2140509,ASSET-00099,Preventive,0,,000140000091
WO-2140510,ASSET-00099,Preventive,0,,000140000091
WO-2140511,ASSET-00099,Corrective,59,1575,000140000091
WO-2140512,ASSET-00100,Corrective,238,1555,000140000092
WO-2140513,ASSET-00100,Preventive,0,,000140000092
WO-2140514,ASSET-00100,Corrective,230,449,000140000092
WO-2140515,ASSET-00101,Preventive,0,,000140000093
WO-2140516,ASSET-00101,Corrective,236,1649,000140000093
WO-2140517,ASSET-00101,Corrective,204,1529,000140000093
WO-2140518,ASSET-00101,Preventive,0,,000140000093
WO-2140519,ASSET-00101,Preventive,0,,000140000093
WO-2140520,ASSET-00101,Preventive,0,,000140000093
WO-2140521,ASSET-00101,Preventive,0,,000140000093
WO-2140522,ASSET-00102,Preventive,0,,000140000094
WO-2140523,ASSET-00102,Emergency,490,355,000140000094
WO-2140524,ASSET-00102,Emergency,147,1073,000140000094
WO-2140525,ASSET-00102,Emergency,559,1205,000140000094
WO-2140526,ASSET-00102,Corrective,112,1883,000140000094
WO-2140527,ASSET-00103,Preventive,0,,000140000095
WO-2140528,ASSET-00103,Corrective,84,1121,000140000095
WO-2140529,ASSET-00103,Corrective,148,1243,000140000095
WO-2140530,ASSET-00103,Preventive,0,,000140000095
WO-2140531,ASSET-00103,Preventive,0,,000140000095
WO-2140532,ASSET-00103,Corrective,113,272,000140000095
WO-2140533,ASSET-00103,Corrective,77,969,000140000095
WO-2140534,ASSET-00103,Corrective,190,1629,000140000095
WO-2140535,ASSET-00103,Corrective,163,911,000140000095
WO-2140536,ASSET-00104,Preventive,0,,000140000096
WO-2140537,ASSET-00104,Corrective,71,467,000140000096
WO-2140538,ASSET-00104,Corrective,81,1454,000140000096
WO-2140539,ASSET-00104,Preventive,0,,000140000096
WO-2140540,ASSET-00104,Preventive,0,,000140000096
WO-2140541,ASSET-00105,Corrective,123,1425,000140000097
WO-2140542,ASSET-00105,Corrective,224,1675,000140000097
WO-2140543,ASSET-00105,Corrective,235,1123,000140000097
WO-2140544,ASSET-00106,Corrective,228,1173,000140000098
WO-2140545,ASSET-00106,Preventive,0,,000140000098
WO-2140546,ASSET-00106,Corrective,116,707,000140000098
WO-2140547,ASSET-00106,Preventive,0,,000140000098
WO-2140548,ASSET-00106,Preventive,0,,000140000098
WO-2140549,ASSET-00107,Preventive,0,,000140000099
WO-2140550,ASSET-00107,Preventive,0,,000140000099
WO-2140551,ASSET-00107,Corrective,126,276,000140000099
WO-2140552,ASSET-00108,Corrective,73,323,000140000100
WO-2140553,ASSET-00108,Preventive,0,,000140000100
WO-2140554,ASSET-00108,Preventive,0,,000140000100
WO-2140555,ASSET-00108,Corrective,151,1238,000140000100
WO-2140556,ASSET-00108,Emergency,79,1403,000140000100
WO-2140557,ASSET-00108,Preventive,0,,000140000100
WO-2140558,ASSET-00108,Preventive,0,,000140000100
WO-2140559,ASSET-00109,Corrective,58,317,000140000101
WO-2140560,ASSET-00109,Corrective,163,1825,000140000101
WO-2140561,ASSET-00109,Corrective,102,294,000140000101
WO-2140562,ASSET-00109,Emergency,186,1818,000140000101
WO-2140563,ASSET-00110,Preventive,0,,
WO-2140564,ASSET-00110,Preventive,0,,
WO-2140565,ASSET-00110,Preventive,0,,
WO-2140566,ASSET-00111,Corrective,112,807,000140000102
WO-2140567,ASSET-00111,Preventive,0,,000140000102
WO-2140568,ASSET-00112,Preventive,0,,000140000103
WO-2140569,ASSET-00112,Emergency,190,1996,000140000103
WO-2140570,ASSET-00112,Corrective,163,1219,000140000103
WO-2140571,ASSET-00112,Emergency,582,1194,000140000103
WO-2140572,ASSET-00113,Corrective,120,755,000140000104
WO-2140573,ASSET-00113,Corrective,211,669,000140000104
WO-2140574,ASSET-00113,Preventive,0,,000140000104
WO-2140575,ASSET-00113,Corrective,88,217,000140000104
WO-2140576,ASSET-00113,Preventive,0,,000140000104
WO-2140577,ASSET-00113,Preventive,0,,000140000104
WO-2140578,ASSET-00113,Preventive,0,,000140000104
WO-2140579,ASSET-00113,Preventive,0,,000140000104
WO-2140580,ASSET-00114,Preventive,0,,000140000105
WO-2140581,ASSET-00114,Corrective,44,1166,000140000105
WO-2140582,ASSET-00114,Preventive,0,,000140000105
WO-2140583,ASSET-00115,Preventive,0,,000140000106
WO-2140584,ASSET-00115,Preventive,0,,000140000106
WO-2140585,ASSET-00115,Preventive,0,,000140000106
WO-2140586,ASSET-00115,Corrective,214,1039,000140000106
WO-2140587,ASSET-00115,Corrective,224,1744,000140000106
WO-2140588,ASSET-00115,Corrective,234,1611,000140000106
WO-2140589,ASSET-00115,Emergency,268,972,000140000106
WO-2140590,ASSET-00116,Corrective,146,332,000140000107
WO-2140591,ASSET-00116,Preventive,0,,000140000107
WO-2140592,ASSET-00116,Emergency,338,1229,000140000107
WO-2140593,ASSET-00116,Preventive,0,,000140000107
WO-2140594,ASSET-00116,Corrective,137,1788,000140000107
WO-2140595,ASSET-00117,Emergency,248,1582,000140000108
WO-2140596,ASSET-00117,Preventive,0,,000140000108
WO-2140597,ASSET-00117,Preventive,0,,000140000108
WO-2140598,ASSET-00117,Corrective,163,1059,000140000108
WO-2140599,ASSET-00117,Preventive,0,,000140000108
WO-2140600,ASSET-00117,Corrective,187,644,000140000108
WO-2140601,ASSET-00117,Emergency,307,1130,000140000108
WO-2140602,ASSET-00118,Preventive,0,,000140000109
WO-2140603,ASSET-00118,Corrective,43,619,000140000109
WO-2140604,ASSET-00118,Preventive,0,,000140000109
WO-2140605,ASSET-00119,Preventive,0,,000140000110
WO-2140606,ASSET-00119,Preventive,0,,000140000110
WO-2140607,ASSET-00119,Preventive,0,,000140000110
WO-2140608,ASSET-00119,Preventive,0,,000140000110
WO-2140609,ASSET-00120,Preventive,0,,000140000111
WO-2140610,ASSET-00120,Preventive,0,,000140000111
WO-2140611,ASSET-00120,Preventive,0,,000140000111
WO-2140612,ASSET-00120,Preventive,0,,000140000111
WO-2140613,ASSET-00120,Emergency,475,1329,000140000111
WO-2140614,ASSET-00120,Preventive,0,,000140000111
WO-2140615,ASSET-00120,Corrective,116,252,000140000111
WO-2140616,ASSET-00121,Corrective,51,1088,000140000112
WO-2140617,ASSET-00121,Preventive,0,,000140000112
WO-2140618,ASSET-00121,Preventive,0,,000140000112
WO-2140619,ASSET-00121,Corrective,35,1853,000140000112
WO-2140620,ASSET-00121,Corrective,232,864,000140000112
WO-2140621,ASSET-00121,Corrective,183,1349,000140000112
WO-2140622,ASSET-00122,Preventive,0,,000140000113
WO-2140623,ASSET-00122,Corrective,61,962,000140000113
WO-2140624,ASSET-00122,Emergency,394,1126,000140000113
WO-2140625,ASSET-00122,Preventive,0,,000140000113
WO-2140626,ASSET-00122,Corrective,187,1937,000140000113
WO-2140627,ASSET-00122,Corrective,158,1320,000140000113
WO-2140628,ASSET-00122,Preventive,0,,000140000113
WO-2140629,ASSET-00122,Preventive,0,,000140000113
WO-2140630,ASSET-00122,Preventive,0,,000140000113
WO-2140631,ASSET-00122,Preventive,0,,000140000113
WO-2140632,ASSET-00122,Preventive,0,,000140000113
WO-2140633,ASSET-00123,Preventive,0,,000140000114
WO-2140634,ASSET-00123,Corrective,31,596,000140000114
WO-2140635,ASSET-00123,Corrective,183,1808,000140000114
WO-2140636,ASSET-00123,Preventive,0,,000140000114
WO-2140637,ASSET-00123,Preventive,0,,000140000114
WO-2140638,ASSET-00124,Corrective,159,1801,
WO-2140639,ASSET-00124,Emergency,81,904,
WO-2140640,ASSET-00124,Emergency,225,1022,
WO-2140641,ASSET-00124,Preventive,0,,
WO-2140642,ASSET-00124,Preventive,0,,
WO-2140643,ASSET-00124,Preventive,0,,
WO-2140644,ASSET-00125,Preventive,0,,000140000116
WO-2140645,ASSET-00125,Preventive,0,,000140000116
WO-2140646,ASSET-00125,Corrective,125,514,000140000116
WO-2140647,ASSET-00125,Preventive,0,,000140000116
WO-2140648,ASSET-00126,Corrective,68,337,
WO-2140649,ASSET-00126,Preventive,0,,
WO-2140650,ASSET-00126,Corrective,135,509,
WO-2140651,ASSET-00126,Preventive,0,,
WO-2140652,ASSET-00126,Preventive,0,,
WO-2140653,ASSET-00126,Preventive,0,,
WO-2140654,ASSET-00126,Preventive,0,,
WO-2140655,ASSET-00126,Preventive,0,,
WO-2140656,ASSET-00126,Preventive,0,,
WO-2140657,ASSET-00127,Preventive,0,,000140000117
WO-2140658,ASSET-00127,Corrective,104,1328,000140000117
WO-2140659,ASSET-00127,Preventive,0,,000140000117
WO-2140660,ASSET-00127,Preventive,0,,000140000117
WO-2140661,ASSET-00127,Preventive,0,,000140000117
WO-2140662,ASSET-00127,Preventive,0,,000140000117
WO-2140663,ASSET-00127,Preventive,0,,000140000117
WO-2140664,ASSET-00128,Preventive,0,,000140000118
WO-2140665,ASSET-00128,Preventive,0,,000140000118
WO-2140666,ASSET-00128,Preventive,0,,000140000118
WO-2140667,ASSET-00128,Emergency,512,1521,000140000118
WO-2140668,ASSET-00128,Preventive,0,,000140000118
WO-2140669,ASSET-00128,Preventive,0,,000140000118
WO-2140670,ASSET-00129,Preventive,0,,000140000119
WO-2140671,ASSET-00129,Emergency,180,844,000140000119
WO-2140672,ASSET-00129,Corrective,38,1322,000140000119
WO-2140673,ASSET-00129,Preventive,0,,000140000119
WO-2140674,ASSET-00129,Preventive,0,,000140000119
WO-2140675,ASSET-00129,Preventive,0,,000140000119
WO-2140676,ASSET-00129,Corrective,136,1643,000140000119
WO-2140677,ASSET-00129,Preventive,0,,000140000119
WO-2140678,ASSET-00129,Preventive,0,,000140000119
WO-2140679,ASSET-00129,Corrective,142,814,000140000119
WO-2140680,ASSET-00129,Corrective,48,423,000140000119
WO-2140681,ASSET-00130,Preventive,0,,000140000120
WO-2140682,ASSET-00130,Preventive,0,,000140000120
WO-2140683,ASSET-00130,Corrective,34,861,000140000120
WO-2140684,ASSET-00130,Preventive,0,,000140000120
WO-2140685,ASSET-00130,Preventive,0,,000140000120
WO-2140686,ASSET-00131,Corrective,182,341,000140000121
WO-2140687,ASSET-00131,Emergency,495,1903,000140000121
WO-2140688,ASSET-00131,Preventive,0,,000140000121
WO-2140689,ASSET-00131,Emergency,267,1943,000140000121
WO-2140690,ASSET-00132,Preventive,0,,000140000122
WO-2140691,ASSET-00132,Emergency,215,1651,000140000122
WO-2140692,ASSET-00132,Preventive,0,,000140000122
WO-2140693,ASSET-00132,Corrective,145,865,000140000122
WO-2140694,ASSET-00132,Preventive,0,,000140000122
WO-2140695,ASSET-00133,Preventive,0,,000140000123
WO-2140696,ASSET-00133,Corrective,223,216,000140000123
WO-2140697,ASSET-00133,Preventive,0,,000140000123
WO-2140698,ASSET-00134,Corrective,160,508,000140000124
WO-2140699,ASSET-00134,Preventive,0,,000140000124
WO-2140700,ASSET-00134,Corrective,200,632,000140000124
WO-2140701,ASSET-00134,Preventive,0,,000140000124
WO-2140702,ASSET-00134,Preventive,0,,000140000124
WO-2140703,ASSET-00135,Corrective,56,1490,000140000125
WO-2140704,ASSET-00135,Preventive,0,,000140000125
WO-2140705,ASSET-00135,Preventive,0,,000140000125
WO-2140706,ASSET-00135,Emergency,143,1514,000140000125
WO-2140707,ASSET-00136,Emergency,583,322,
WO-2140708,ASSET-00136,Corrective,225,1372,
WO-2140709,ASSET-00136,Preventive,0,,
WO-2140710,ASSET-00136,Preventive,0,,
WO-2140711,ASSET-00136,Preventive,0,,
WO-2140712,ASSET-00137,Preventive,0,,000140000126
WO-2140713,ASSET-00137,Corrective,186,1653,000140000126
WO-2140714,ASSET-00138,Preventive,0,,000140000127
WO-2140715,ASSET-00138,Preventive,0,,000140000127
WO-2140716,ASSET-00138,Corrective,31,1360,000140000127
WO-2140717,ASSET-00138,Preventive,0,,000140000127
WO-2140718,ASSET-00138,Corrective,33,207,000140000127
WO-2140719,ASSET-00138,Preventive,0,,000140000127
WO-2140720,ASSET-00138,Preventive,0,,000140000127
WO-2140721,ASSET-00139,Preventive,0,,000140000128
WO-2140722,ASSET-00139,Preventive,0,,000140000128
WO-2140723,ASSET-00139,Preventive,0,,000140000128
WO-2140724,ASSET-00140,Corrective,57,1511,000140000130
WO-2140725,ASSET-00140,Preventive,0,,000140000130
WO-2140726,ASSET-00140,Preventive,0,,000140000130
WO-2140727,ASSET-00140,Preventive,0,,000140000130
WO-2140728,ASSET-00141,Emergency,289,1396,000140000131
WO-2140729,ASSET-00141,Preventive,0,,000140000131
WO-2140730,ASSET-00141,Corrective,77,1982,000140000131
WO-2140731,ASSET-00142,Corrective,216,942,
WO-2140732,ASSET-00142,Corrective,186,1296,
WO-2140733,ASSET-00142,Corrective,82,1294,
WO-2140734,ASSET-00142,Preventive,0,,
WO-2140735,ASSET-00142,Corrective,46,1656,
WO-2140736,ASSET-00142,Preventive,0,,
WO-2140737,ASSET-00142,Corrective,110,1356,
WO-2140738,ASSET-00142,Corrective,93,1546,
WO-2140739,ASSET-00143,Preventive,0,,000140000132
WO-2140740,ASSET-00143,Preventive,0,,000140000132
WO-2140741,ASSET-00143,Preventive,0,,000140000132
WO-2140742,ASSET-00144,Emergency,471,1096,000140000133
WO-2140743,ASSET-00144,Preventive,0,,000140000133
WO-2140744,ASSET-00144,Corrective,81,823,000140000133
WO-2140745,ASSET-00144,Preventive,0,,000140000133
WO-2140746,ASSET-00144,Preventive,0,,000140000133
WO-2140747,ASSET-00145,Corrective,46,937,000140000134
WO-2140748,ASSET-00145,Preventive,0,,000140000134
WO-2140749,ASSET-00145,Preventive,0,,000140000134
WO-2140750,ASSET-00145,Corrective,59,1309,000140000134
WO-2140751,ASSET-00146,Preventive,0,,000140000135
WO-2140752,ASSET-00146,Corrective,176,519,000140000135
WO-2140753,ASSET-00146,Preventive,0,,000140000135
WO-2140754,ASSET-00146,Preventive,0,,000140000135
WO-2140755,ASSET-00146,Emergency,467,1014,000140000135
WO-2140756,ASSET-00147,Preventive,0,,000140000136
WO-2140757,ASSET-00147,Corrective,161,315,000140000136
WO-2140758,ASSET-00148,Preventive,0,,000140000137
WO-2140759,ASSET-00148,Corrective,182,1819,000140000137
WO-2140760,ASSET-00148,Emergency,508,848,000140000137
WO-2140761,ASSET-00148,Corrective,167,1378,000140000137
WO-2140762,ASSET-00148,Preventive,0,,000140000137
WO-2140763,ASSET-00149,Preventive,0,,000140000138
WO-2140764,ASSET-00149,Preventive,0,,000140000138
WO-2140765,ASSET-00149,Corrective,74,1940,000140000138
WO-2140766,ASSET-00149,Preventive,0,,000140000138
WO-2140767,ASSET-00149,Corrective,171,442,000140000138
WO-2140768,ASSET-00149,Preventive,0,,000140000138
WO-2140769,ASSET-00149,Preventive,0,,000140000138
WO-2140770,ASSET-00150,Emergency,333,1642,000140000139
WO-2140771,ASSET-00150,Emergency,387,1177,000140000139
WO-2140772,ASSET-00150,Corrective,223,200,000140000139
WO-2140773,ASSET-00150,Preventive,0,,000140000139
WO-2140774,ASSET-00151,Corrective,79,537,000140000140
WO-2140775,ASSET-00151,Emergency,62,1764,000140000140
WO-2140776,ASSET-00151,Preventive,0,,000140000140
WO-2140777,ASSET-00151,Preventive,0,,000140000140
WO-2140778,ASSET-00151,Preventive,0,,000140000140
WO-2140779,ASSET-00151,Preventive,0,,000140000140
WO-2140780,ASSET-00151,Emergency,295,803,000140000140
WO-2140781,ASSET-00152,Preventive,0,,000140000141
WO-2140782,ASSET-00152,Preventive,0,,000140000141
WO-2140783,ASSET-00152,Corrective,80,1879,000140000141
WO-2140784,ASSET-00153,Preventive,0,,000140000142
WO-2140785,ASSET-00153,Corrective,232,1150,000140000142
WO-2140786,ASSET-00153,Preventive,0,,000140000142
WO-2140787,ASSET-00153,Emergency,531,1905,000140000142
WO-2140788,ASSET-00153,Preventive,0,,000140000142
WO-2140789,ASSET-00153,Corrective,52,410,000140000142
WO-2140790,ASSET-00153,Corrective,46,1992,000140000142
WO-2140791,ASSET-00153,Preventive,0,,000140000142
WO-2140792,ASSET-00153,Emergency,267,1934,000140000142
WO-2140793,ASSET-00153,Preventive,0,,000140000142
WO-2140794,ASSET-00154,Preventive,0,,000140000143
WO-2140795,ASSET-00154,Emergency,329,883,000140000143
WO-2140796,ASSET-00155,Preventive,0,,000140000144
WO-2140797,ASSET-00155,Preventive,0,,000140000144
WO-2140798,ASSET-00155,Preventive,0,,000140000144
WO-2140799,ASSET-00155,Emergency,304,1147,000140000144
WO-2140800,ASSET-00155,Corrective,171,1959,000140000144
WO-2140801,ASSET-00155,Preventive,0,,000140000144
WO-2140802,ASSET-00155,Preventive,0,,000140000144
WO-2140803,ASSET-00156,Emergency,293,417,000140000145
WO-2140804,ASSET-00156,Preventive,0,,000140000145
WO-2140805,ASSET-00156,Preventive,0,,000140000145
WO-2140806,ASSET-00156,Emergency,189,369,000140000145
WO-2140807,ASSET-00156,Preventive,0,,000140000145
WO-2140808,ASSET-00156,Emergency,418,1371,000140000145
WO-2140809,ASSET-00156,Preventive,0,,000140000145
WO-2140810,ASSET-00157,Preventive,0,,000140000146
WO-2140811,ASSET-00157,Corrective,194,1284,000140000146
WO-2140812,ASSET-00157,Emergency,234,1817,000140000146
WO-2140813,ASSET-00158,Corrective,139,860,000140000147
WO-2140814,ASSET-00158,Preventive,0,,000140000147
WO-2140815,ASSET-00158,Preventive,0,,000140000147
WO-2140816,ASSET-00158,Corrective,185,283,000140000147
WO-2140817,ASSET-00158,Preventive,0,,000140000147
WO-2140818,ASSET-00158,Preventive,0,,000140000147
WO-2140819,ASSET-00158,Preventive,0,,000140000147
WO-2140820,ASSET-00158,Corrective,141,1518,000140000147
WO-2140821,ASSET-00159,Preventive,0,,000140000148
WO-2140822,ASSET-00159,Preventive,0,,000140000148
WO-2140823,ASSET-00160,Preventive,0,,000140000149
WO-2140824,ASSET-00160,Preventive,0,,000140000149
WO-2140825,ASSET-00160,Emergency,576,1674,000140000149
WO-2140826,ASSET-00160,Corrective,80,361,000140000149
WO-2140827,ASSET-00160,Preventive,0,,000140000149
WO-2140828,ASSET-00160,Corrective,104,1692,000140000149
WO-2140829,ASSET-00161,Corrective,53,830,000140000150
WO-2140830,ASSET-00161,Preventive,0,,000140000150
WO-2140831,ASSET-00161,Corrective,125,1451,000140000150
WO-2140832,ASSET-00161,Corrective,56,817,000140000150
WO-2140833,ASSET-00161,Corrective,236,685,000140000150
WO-2140834,ASSET-00162,Corrective,238,1767,000140000151
WO-2140835,ASSET-00162,Corrective,105,643,000140000151
WO-2140836,ASSET-00162,Corrective,148,924,000140000151
WO-2140837,ASSET-00162,Corrective,162,1579,000140000151
WO-2140838,ASSET-00162,Preventive,0,,000140000151
WO-2140839,ASSET-00162,Preventive,0,,000140000151
WO-2140840,ASSET-00162,Corrective,168,1354,000140000151
WO-2140841,ASSET-00163,Preventive,0,,000140000152
WO-2140842,ASSET-00163,Preventive,0,,000140000152
WO-2140843,ASSET-00163,Corrective,219,1570,000140000152
WO-2140844,ASSET-00163,Corrective,225,1984,000140000152
WO-2140845,ASSET-00163,Preventive,0,,000140000152
WO-2140846,ASSET-00164,Preventive,0,,000140000153
WO-2140847,ASSET-00164,Preventive,0,,000140000153
WO-2140848,ASSET-00165,Preventive,0,,000140000154
WO-2140849,ASSET-00165,Preventive,0,,000140000154
WO-2140850,ASSET-00165,Preventive,0,,000140000154
WO-2140851,ASSET-00165,Preventive,0,,000140000154
WO-2140852,ASSET-00165,Preventive,0,,000140000154
WO-2140853,ASSET-00165,Preventive,0,,000140000154
WO-2140854,ASSET-00166,Emergency,399,1530,000140000155
WO-2140855,ASSET-00166,Emergency,169,278,000140000155
WO-2140856,ASSET-00166,Emergency,422,1143,000140000155
WO-2140857,ASSET-00166,Preventive,0,,000140000155
WO-2140858,ASSET-00166,Corrective,212,1016,000140000155
WO-2140859,ASSET-00166,Preventive,0,,000140000155
WO-2140860,ASSET-00166,Preventive,0,,000140000155
WO-2140861,ASSET-00167,Preventive,0,,000140000156
WO-2140862,ASSET-00167,Preventive,0,,000140000156
WO-2140863,ASSET-00167,Preventive,0,,000140000156
WO-2140864,ASSET-00168,Corrective,104,279,000140000157
WO-2140865,ASSET-00168,Preventive,0,,000140000157
WO-2140866,ASSET-00168,Corrective,201,1437,000140000157
WO-2140867,ASSET-00169,Preventive,0,,000140000158
WO-2140868,ASSET-00169,Corrective,154,510,000140000158
WO-2140869,ASSET-00169,Preventive,0,,000140000158
WO-2140870,ASSET-00169,Preventive,0,,000140000158
WO-2140871,ASSET-00170,Corrective,55,819,
WO-2140872,ASSET-00170,Preventive,0,,
WO-2140873,ASSET-00170,Preventive,0,,
WO-2140874,ASSET-00170,Corrective,193,1477,
WO-2140875,ASSET-00170,Preventive,0,,
WO-2140876,ASSET-00170,Corrective,195,1569,
WO-2140877,ASSET-00171,Preventive,0,,000140000159
WO-2140878,ASSET-00171,Preventive,0,,000140000159
WO-2140879,ASSET-00171,Corrective,62,973,000140000159
WO-2140880,ASSET-00171,Preventive,0,,000140000159
WO-2140881,ASSET-00171,Corrective,173,1500,000140000159
WO-2140882,ASSET-00171,Preventive,0,,000140000159
WO-2140883,ASSET-00172,Emergency,108,1429,000140000160
WO-2140884,ASSET-00172,Preventive,0,,000140000160
WO-2140885,ASSET-00172,Preventive,0,,000140000160
WO-2140886,ASSET-00172,Preventive,0,,000140000160
WO-2140887,ASSET-00172,Corrective,101,365,000140000160
WO-2140888,ASSET-00172,Preventive,0,,000140000160
WO-2140889,ASSET-00172,Preventive,0,,000140000160
WO-2140890,ASSET-00173,Preventive,0,,000140000161
WO-2140891,ASSET-00173,Preventive,0,,000140000161
WO-2140892,ASSET-00173,Preventive,0,,000140000161
WO-2140893,ASSET-00173,Preventive,0,,000140000161
WO-2140894,ASSET-00173,Preventive,0,,000140000161
WO-2140895,ASSET-00173,Corrective,163,741,000140000161
WO-2140896,ASSET-00173,Emergency,573,1110,000140000161
WO-2140897,ASSET-00173,Preventive,0,,000140000161
WO-2140898,ASSET-00173,Corrective,150,1975,000140000161
WO-2140899,ASSET-00174,Preventive,0,,
WO-2140900,ASSET-00174,Preventive,0,,
WO-2140901,ASSET-00174,Preventive,0,,
WO-2140902,ASSET-00174,Preventive,0,,
WO-2140903,ASSET-00174,Preventive,0,,
WO-2140904,ASSET-00175,Corrective,213,1770,000140000162
WO-2140905,ASSET-00175,Preventive,0,,000140000162
WO-2140906,ASSET-00175,Preventive,0,,000140000162
WO-2140907,ASSET-00176,Preventive,0,,000140000163
WO-2140908,ASSET-00176,Corrective,160,1095,000140000163
WO-2140909,ASSET-00176,Preventive,0,,000140000163
WO-2140910,ASSET-00176,Emergency,512,1830,000140000163
WO-2140911,ASSET-00176,Preventive,0,,000140000163
WO-2140912,ASSET-00176,Preventive,0,,000140000163
WO-2140913,ASSET-00177,Preventive,0,,000140000164
WO-2140914,ASSET-00177,Preventive,0,,000140000164
WO-2140915,ASSET-00177,Emergency,166,1860,000140000164
WO-2140916,ASSET-00177,Preventive,0,,000140000164
WO-2140917,ASSET-00177,Preventive,0,,000140000164
WO-2140918,ASSET-00177,Preventive,0,,000140000164
WO-2140919,ASSET-00177,Preventive,0,,000140000164
WO-2140920,ASSET-00178,Preventive,0,,000140000165
WO-2140921,ASSET-00178,Corrective,117,1206,000140000165
WO-2140922,ASSET-00178,Preventive,0,,000140000165
WO-2140923,ASSET-00178,Corrective,38,515,000140000165
WO-2140924,ASSET-00178,Corrective,46,1615,000140000165
WO-2140925,ASSET-00178,Preventive,0,,000140000165
WO-2140926,ASSET-00179,Preventive,0,,000140000166
WO-2140927,ASSET-00179,Corrective,123,553,000140000166
WO-2140928,ASSET-00179,Corrective,131,344,000140000166
WO-2140929,ASSET-00179,Preventive,0,,000140000166
WO-2140930,ASSET-00180,Preventive,0,,000140000167
WO-2140931,ASSET-00180,Preventive,0,,000140000167
WO-2140932,ASSET-00180,Emergency,426,1432,000140000167
WO-2140933,ASSET-00180,Corrective,162,797,000140000167
WO-2140934,ASSET-00181,Preventive,0,,
WO-2140935,ASSET-00181,Corrective,40,1026,
WO-2140936,ASSET-00181,Preventive,0,,
WO-2140937,ASSET-00181,Corrective,237,316,
WO-2140938,ASSET-00181,Corrective,90,1215,
WO-2140939,ASSET-00181,Corrective,186,1668,
WO-2140940,ASSET-00181,Corrective,216,1716,
WO-2140941,ASSET-00181,Corrective,172,1103,
WO-2140942,ASSET-00182,Preventive,0,,000140000168
WO-2140943,ASSET-00182,Corrective,115,1638,000140000168
WO-2140944,ASSET-00182,Preventive,0,,000140000168
WO-2140945,ASSET-00182,Preventive,0,,000140000168
WO-2140946,ASSET-00182,Preventive,0,,000140000168
WO-2140947,ASSET-00182,Corrective,217,842,000140000168
WO-2140948,ASSET-00183,Emergency,481,1268,000140000169
WO-2140949,ASSET-00183,Preventive,0,,000140000169
WO-2140950,ASSET-00183,Preventive,0,,000140000169
WO-2140951,ASSET-00184,Preventive,0,,000140000171
WO-2140952,ASSET-00184,Preventive,0,,000140000171
WO-2140953,ASSET-00184,Corrective,87,310,000140000171
WO-2140954,ASSET-00184,Corrective,94,1577,000140000171
WO-2140955,ASSET-00184,Corrective,171,1109,000140000171
WO-2140956,ASSET-00184,Corrective,198,314,000140000171
WO-2140957,ASSET-00184,Corrective,165,1737,000140000171
WO-2140958,ASSET-00185,Preventive,0,,000140000172
WO-2140959,ASSET-00185,Corrective,177,1329,000140000172
WO-2140960,ASSET-00185,Emergency,596,838,000140000172
WO-2140961,ASSET-00185,Preventive,0,,000140000172
WO-2140962,ASSET-00185,Corrective,195,202,000140000172
WO-2140963,ASSET-00185,Preventive,0,,000140000172
WO-2140964,ASSET-00186,Preventive,0,,
WO-2140965,ASSET-00186,Preventive,0,,
WO-2140966,ASSET-00186,Preventive,0,,
WO-2140967,ASSET-00186,Emergency,344,830,
WO-2140968,ASSET-00186,Preventive,0,,
WO-2140969,ASSET-00186,Corrective,136,549,
WO-2140970,ASSET-00186,Corrective,168,1671,
WO-2140971,ASSET-00186,Preventive,0,,
WO-2140972,ASSET-00187,Preventive,0,,000140000173
WO-2140973,ASSET-00187,Preventive,0,,000140000173
WO-2140974,ASSET-00187,Corrective,156,495,000140000173
WO-2140975,ASSET-00187,Preventive,0,,000140000173
WO-2140976,ASSET-00188,Preventive,0,,000140000174
WO-2140977,ASSET-00188,Corrective,67,504,000140000174
WO-2140978,ASSET-00188,Preventive,0,,000140000174
WO-2140979,ASSET-00188,Preventive,0,,000140000174
WO-2140980,ASSET-00188,Corrective,143,1513,000140000174
WO-2140981,ASSET-00189,Emergency,142,1544,000140000175
WO-2140982,ASSET-00189,Corrective,135,377,000140000175
WO-2140983,ASSET-00189,Corrective,97,423,000140000175
WO-2140984,ASSET-00189,Corrective,169,1118,000140000175
WO-2140985,ASSET-00189,Preventive,0,,000140000175
WO-2140986,ASSET-00189,Preventive,0,,000140000175
WO-2140987,ASSET-00189,Preventive,0,,000140000175
WO-2140988,ASSET-00190,Preventive,0,,000140000176
WO-2140989,ASSET-00190,Corrective,223,1805,000140000176
WO-2140990,ASSET-00190,Preventive,0,,000140000176
WO-2140991,ASSET-00191,Corrective,194,1449,000140000178
WO-2140992,ASSET-00191,Corrective,175,1325,000140000178
WO-2140993,ASSET-00191,Preventive,0,,000140000178
WO-2140994,ASSET-00192,Preventive,0,,000140000179
WO-2140995,ASSET-00192,Corrective,114,1770,000140000179
WO-2140996,ASSET-00192,Corrective,51,971,000140000179
WO-2140997,ASSET-00192,Preventive,0,,000140000179
WO-2140998,ASSET-00193,Preventive,0,,
WO-2140999,ASSET-00193,Emergency,268,1582,
WO-2141000,ASSET-00193,Preventive,0,,
WO-2141001,ASSET-00194,Preventive,0,,000140000180
WO-2141002,ASSET-00194,Preventive,0,,000140000180
WO-2141003,ASSET-00194,Corrective,99,767,000140000180
WO-2141004,ASSET-00194,Preventive,0,,000140000180
WO-2141005,ASSET-00195,Preventive,0,,000140000181
WO-2141006,ASSET-00195,Preventive,0,,000140000181
WO-2141007,ASSET-00195,Preventive,0,,000140000181
WO-2141008,ASSET-00195,Preventive,0,,000140000181
WO-2141009,ASSET-00195,Preventive,0,,000140000181
WO-2141010,ASSET-00195,Preventive,0,,000140000181
WO-2141011,ASSET-00195,Preventive,0,,000140000181
WO-2141012,ASSET-00195,Corrective,127,1126,000140000181
WO-2141013,ASSET-00196,Emergency,288,1036,000140000182
WO-2141014,ASSET-00196,Preventive,0,,000140000182
WO-2141015,ASSET-00196,Preventive,0,,000140000182
WO-2141016,ASSET-00196,Preventive,0,,000140000182
WO-2141017,ASSET-00196,Corrective,43,586,000140000182
WO-2141018,ASSET-00196,Preventive,0,,000140000182
WO-2141019,ASSET-00196,Preventive,0,,000140000182
WO-2141020,ASSET-00196,Preventive,0,,000140000182
WO-2141021,ASSET-00196,Corrective,234,1820,000140000182
WO-2141022,ASSET-00196,Corrective,210,461,000140000182
WO-2141023,ASSET-00197,Preventive,0,,000140000183
WO-2141024,ASSET-00197,Preventive,0,,000140000183
WO-2141025,ASSET-00197,Preventive,0,,000140000183
WO-2141026,ASSET-00197,Preventive,0,,000140000183
WO-2141027,ASSET-00197,Preventive,0,,000140000183
WO-2141028,ASSET-00197,Preventive,0,,000140000183
WO-2141029,ASSET-00197,Preventive,0,,000140000183
WO-2141030,ASSET-00197,Preventive,0,,000140000183
WO-2141031,ASSET-00197,Corrective,116,331,000140000183
WO-2141032,ASSET-00198,Preventive,0,,000140000184
WO-2141033,ASSET-00198,Corrective,172,357,000140000184
WO-2141034,ASSET-00199,Preventive,0,,000140000185
WO-2141035,ASSET-00199,Corrective,194,1672,000140000185
WO-2141036,ASSET-00199,Preventive,0,,000140000185
WO-2141037,ASSET-00199,Corrective,45,762,000140000185
WO-2141038,ASSET-00199,Corrective,39,277,000140000185
WO-2141039,ASSET-00200,Corrective,180,1643,000140000186
WO-2141040,ASSET-00200,Preventive,0,,000140000186
WO-2141041,ASSET-00200,Emergency,264,1771,000140000186
WO-2141042,ASSET-00200,Corrective,86,1130,000140000186
WO-2141043,ASSET-00200,Emergency,396,1241,000140000186
WO-2141044,ASSET-00200,Corrective,164,1571,000140000186
WO-2141045,ASSET-00200,Preventive,0,,000140000186
WO-2141046,ASSET-00201,Preventive,0,,000140000187
WO-2141047,ASSET-00201,Corrective,77,377,000140000187
WO-2141048,ASSET-00201,Preventive,0,,000140000187
WO-2141049,ASSET-00202,Preventive,0,,
WO-2141050,ASSET-00202,Corrective,225,653,
WO-2141051,ASSET-00203,Preventive,0,,000140000188
WO-2141052,ASSET-00203,Corrective,41,1079,000140000188
WO-2141053,ASSET-00203,Preventive,0,,000140000188
WO-2141054,ASSET-00203,Preventive,0,,000140000188
WO-2141055,ASSET-00203,Corrective,128,1596,000140000188
WO-2141056,ASSET-00203,Corrective,47,1174,000140000188
WO-2141057,ASSET-00203,Preventive,0,,000140000188
WO-2141058,ASSET-00203,Preventive,0,,000140000188
WO-2141059,ASSET-00203,Preventive,0,,000140000188
WO-2141060,ASSET-00203,Emergency,572,1130,000140000188
WO-2141061,ASSET-00204,Preventive,0,,000140000189
WO-2141062,ASSET-00204,Preventive,0,,000140000189
WO-2141063,ASSET-00204,Corrective,93,239,000140000189
WO-2141064,ASSET-00204,Preventive,0,,000140000189
WO-2141065,ASSET-00204,Preventive,0,,000140000189
WO-2141066,ASSET-00204,Corrective,214,735,000140000189
WO-2141067,ASSET-00204,Preventive,0,,000140000189
WO-2141068,ASSET-00205,Preventive,0,,000140000190
WO-2141069,ASSET-00205,Emergency,74,959,000140000190
WO-2141070,ASSET-00205,Emergency,376,1727,000140000190
WO-2141071,ASSET-00205,Corrective,187,1794,000140000190
WO-2141072,ASSET-00205,Preventive,0,,000140000190
WO-2141073,ASSET-00205,Preventive,0,,000140000190
WO-2141074,ASSET-00205,Corrective,131,787,000140000190
WO-2141075,ASSET-00205,Corrective,176,1565,000140000190
WO-2141076,ASSET-00206,Corrective,88,943,000140000191
WO-2141077,ASSET-00206,Emergency,275,873,000140000191
WO-2141078,ASSET-00206,Preventive,0,,000140000191
WO-2141079,ASSET-00206,Corrective,197,275,000140000191
WO-2141080,ASSET-00206,Corrective,105,1049,000140000191
WO-2141081,ASSET-00206,Emergency,158,504,000140000191
WO-2141082,ASSET-00206,Preventive,0,,000140000191
WO-2141083,ASSET-00207,Corrective,222,1213,000140000192
WO-2141084,ASSET-00207,Preventive,0,,000140000192
WO-2141085,ASSET-00208,Preventive,0,,000140000193
WO-2141086,ASSET-00208,Emergency,560,1650,000140000193
WO-2141087,ASSET-00208,Corrective,55,850,000140000193
WO-2141088,ASSET-00209,Corrective,150,1633,000140000194
WO-2141089,ASSET-00209,Corrective,240,488,000140000194
WO-2141090,ASSET-00209,Corrective,40,1938,000140000194
WO-2141091,ASSET-00209,Corrective,102,588,000140000194
WO-2141092,ASSET-00209,Corrective,87,421,000140000194
WO-2141093,ASSET-00209,Preventive,0,,000140000194
WO-2141094,ASSET-00209,Preventive,0,,000140000194
WO-2141095,ASSET-00210,Preventive,0,,000140000195
WO-2141096,ASSET-00210,Preventive,0,,000140000195
WO-2141097,ASSET-00210,Preventive,0,,000140000195
WO-2141098,ASSET-00210,Preventive,0,,000140000195
WO-2141099,ASSET-00210,Preventive,0,,000140000195
WO-2141100,ASSET-00211,Preventive,0,,000140000196
WO-2141101,ASSET-00211,Preventive,0,,000140000196
WO-2141102,ASSET-00211,Preventive,0,,000140000196
WO-2141103,ASSET-00212,Emergency,429,924,000140000197
WO-2141104,ASSET-00212,Corrective,205,1629,000140000197
WO-2141105,ASSET-00212,Preventive,0,,000140000197
WO-2141106,ASSET-00212,Preventive,0,,000140000197
WO-2141107,ASSET-00212,Corrective,207,1741,000140000197
WO-2141108,ASSET-00212,Preventive,0,,000140000197
WO-2141109,ASSET-00213,Corrective,162,737,000140000198
WO-2141110,ASSET-00213,Preventive,0,,000140000198
WO-2141111,ASSET-00213,Preventive,0,,000140000198
WO-2141112,ASSET-00214,Preventive,0,,000140000199
WO-2141113,ASSET-00214,Corrective,201,653,000140000199
WO-2141114,ASSET-00214,Corrective,161,726,000140000199
WO-2141115,ASSET-00214,Preventive,0,,000140000199
WO-2141116,ASSET-00214,Corrective,64,1411,000140000199
WO-2141117,ASSET-00215,Corrective,188,439,000140000200
WO-2141118,ASSET-00215,Emergency,132,1146,000140000200
WO-2141119,ASSET-00215,Corrective,228,1249,000140000200
WO-2141120,ASSET-00216,Preventive,0,,000140000201
WO-2141121,ASSET-00216,Preventive,0,,000140000201
WO-2141122,ASSET-00216,Preventive,0,,000140000201
WO-2141123,ASSET-00216,Emergency,514,1573,000140000201
WO-2141124,ASSET-00216,Preventive,0,,000140000201
WO-2141125,ASSET-00216,Preventive,0,,000140000201
WO-2141126,ASSET-00216,Corrective,39,1320,000140000201
WO-2141127,ASSET-00217,Corrective,136,1748,000140000202
WO-2141128,ASSET-00217,Preventive,0,,000140000202
WO-2141129,ASSET-00217,Preventive,0,,000140000202
WO-2141130,ASSET-00217,Preventive,0,,000140000202
WO-2141131,ASSET-00217,Preventive,0,,000140000202
WO-2141132,ASSET-00218,Preventive,0,,000140000203
WO-2141133,ASSET-00218,Corrective,216,1674,000140000203
WO-2141134,ASSET-00218,Corrective,220,1041,000140000203
WO-2141135,ASSET-00219,Preventive,0,,000140000204
WO-2141136,ASSET-00219,Preventive,0,,000140000204
WO-2141137,ASSET-00219,Preventive,0,,000140000204
WO-2141138,ASSET-00219,Preventive,0,,000140000204
WO-2141139,ASSET-00219,Corrective,120,1673,000140000204
WO-2141140,ASSET-00219,Corrective,238,370,000140000204
WO-2141141,ASSET-00220,Preventive,0,,000140000205
WO-2141142,ASSET-00220,Corrective,108,640,000140000205
WO-2141143,ASSET-00220,Corrective,163,1369,000140000205
WO-2141144,ASSET-00221,Preventive,0,,000140000206
WO-2141145,ASSET-00221,Preventive,0,,000140000206
WO-2141146,ASSET-00221,Emergency,420,1177,000140000206
WO-2141147,ASSET-00223,Preventive,0,,000140000207
WO-2141148,ASSET-00223,Preventive,0,,000140000207
WO-2141149,ASSET-00223,Preventive,0,,000140000207
WO-2141150,ASSET-00223,Corrective,130,1100,000140000207
WO-2141151,ASSET-00224,Preventive,0,,000140000208
WO-2141152,ASSET-00224,Preventive,0,,000140000208
WO-2141153,ASSET-00224,Preventive,0,,000140000208
WO-2141154,ASSET-00224,Corrective,111,803,000140000208
WO-2141155,ASSET-00224,Corrective,193,1723,000140000208
WO-2141156,ASSET-00224,Preventive,0,,000140000208
WO-2141157,ASSET-00225,Corrective,207,1483,000140000209
WO-2141158,ASSET-00225,Preventive,0,,000140000209
WO-2141159,ASSET-00225,Preventive,0,,000140000209
WO-2141160,ASSET-00225,Preventive,0,,000140000209
WO-2141161,ASSET-00225,Emergency,521,245,000140000209
WO-2141162,ASSET-00225,Preventive,0,,000140000209
WO-2141163,ASSET-00226,Preventive,0,,000140000210
WO-2141164,ASSET-00226,Preventive,0,,000140000210
WO-2141165,ASSET-00226,Preventive,0,,000140000210
WO-2141166,ASSET-00226,Preventive,0,,000140000210
WO-2141167,ASSET-00226,Corrective,228,696,000140000210
WO-2141168,ASSET-00226,Preventive,0,,000140000210
WO-2141169,ASSET-00227,Preventive,0,,000140000211
WO-2141170,ASSET-00227,Corrective,164,580,000140000211
WO-2141171,ASSET-00227,Preventive,0,,000140000211
WO-2141172,ASSET-00227,Preventive,0,,000140000211
WO-2141173,ASSET-00228,Corrective,138,1566,000140000212
WO-2141174,ASSET-00228,Preventive,0,,000140000212
WO-2141175,ASSET-00228,Preventive,0,,000140000212
WO-2141176,ASSET-00228,Preventive,0,,000140000212
WO-2141177,ASSET-00229,Preventive,0,,000140000213
WO-2141178,ASSET-00229,Preventive,0,,000140000213
WO-2141179,ASSET-00229,Corrective,55,1179,000140000213
WO-2141180,ASSET-00229,Preventive,0,,000140000213
WO-2141181,ASSET-00230,Preventive,0,,000140000214
WO-2141182,ASSET-00230,Corrective,95,1830,000140000214
WO-2141183,ASSET-00230,Preventive,0,,000140000214
WO-2141184,ASSET-00230,Preventive,0,,000140000214
WO-2141185,ASSET-00231,Preventive,0,,000140000215
WO-2141186,ASSET-00231,Preventive,0,,000140000215
WO-2141187,ASSET-00231,Corrective,118,1820,000140000215
WO-2141188,ASSET-00231,Preventive,0,,000140000215
WO-2141189,ASSET-00231,Preventive,0,,000140000215
WO-2141190,ASSET-00231,Corrective,223,1132,000140000215
WO-2141191,ASSET-00232,Corrective,137,1538,000140000216
WO-2141192,ASSET-00232,Corrective,60,1205,000140000216
WO-2141193,ASSET-00232,Corrective,234,779,000140000216
WO-2141194,ASSET-00232,Preventive,0,,000140000216
WO-2141195,ASSET-00232,Preventive,0,,000140000216
WO-2141196,ASSET-00232,Corrective,91,1435,000140000216
WO-2141197,ASSET-00232,Preventive,0,,000140000216
WO-2141198,ASSET-00233,Preventive,0,,000140000217
WO-2141199,ASSET-00233,Preventive,0,,000140000217
WO-2141200,ASSET-00233,Corrective,88,1404,000140000217
WO-2141201,ASSET-00234,Preventive,0,,000140000218
WO-2141202,ASSET-00234,Corrective,120,1147,000140000218
WO-2141203,ASSET-00234,Corrective,153,1395,000140000218
WO-2141204,ASSET-00234,Emergency,368,250,000140000218
WO-2141205,ASSET-00235,Corrective,37,1190,000140000219
WO-2141206,ASSET-00235,Corrective,98,529,000140000219
WO-2141207,ASSET-00235,Emergency,311,1633,000140000219
WO-2141208,ASSET-00235,Preventive,0,,000140000219
WO-2141209,ASSET-00235,Preventive,0,,000140000219
WO-2141210,ASSET-00235,Corrective,101,1305,000140000219
WO-2141211,ASSET-00236,Preventive,0,,000140000220
WO-2141212,ASSET-00236,Corrective,93,779,000140000220
WO-2141213,ASSET-00236,Preventive,0,,000140000220
WO-2141214,ASSET-00236,Preventive,0,,000140000220
WO-2141215,ASSET-00236,Preventive,0,,000140000220
WO-2141216,ASSET-00237,Corrective,159,498,000140000221
WO-2141217,ASSET-00237,Corrective,57,317,000140000221
WO-2141218,ASSET-00237,Preventive,0,,000140000221
WO-2141219,ASSET-00237,Corrective,113,966,000140000221
WO-2141220,ASSET-00238,Preventive,0,,000140000222
WO-2141221,ASSET-00238,Corrective,130,200,000140000222
WO-2141222,ASSET-00238,Preventive,0,,000140000222
WO-2141223,ASSET-00238,Preventive,0,,000140000222
WO-2141224,ASSET-00239,Preventive,0,,000140000223
WO-2141225,ASSET-00239,Emergency,291,1108,000140000223
WO-2141226,ASSET-00239,Preventive,0,,000140000223
WO-2141227,ASSET-00239,Emergency,179,1269,000140000223
WO-2141228,ASSET-00239,Corrective,79,201,000140000223
WO-2141229,ASSET-00239,Emergency,562,1357,000140000223
WO-2141230,ASSET-00239,Corrective,141,1741,000140000223
WO-2141231,ASSET-00240,Corrective,211,1592,000140000224
WO-2141232,ASSET-00240,Corrective,105,540,000140000224
WO-2141233,ASSET-00240,Preventive,0,,000140000224
WO-2141234,ASSET-00240,Corrective,118,1009,000140000224
WO-2141235,ASSET-00240,Corrective,100,1273,000140000224
WO-2141236,ASSET-00241,Preventive,0,,000140000225
WO-2141237,ASSET-00241,Preventive,0,,000140000225
WO-2141238,ASSET-00241,Preventive,0,,000140000225
WO-2141239,ASSET-00241,Preventive,0,,000140000225
WO-2141240,ASSET-00242,Corrective,59,557,
WO-2141241,ASSET-00242,Preventive,0,,
WO-2141242,ASSET-00242,Preventive,0,,
WO-2141243,ASSET-00242,Preventive,0,,
WO-2141244,ASSET-00242,Emergency,268,904,
WO-2141245,ASSET-00243,Preventive,0,,000140000226
WO-2141246,ASSET-00243,Corrective,195,497,000140000226
WO-2141247,ASSET-00243,Preventive,0,,000140000226
WO-2141248,ASSET-00243,Preventive,0,,000140000226
WO-2141249,ASSET-00243,Preventive,0,,000140000226
WO-2141250,ASSET-00244,Preventive,0,,000140000227
WO-2141251,ASSET-00244,Emergency,304,1405,000140000227
WO-2141252,ASSET-00244,Corrective,159,678,000140000227
WO-2141253,ASSET-00244,Corrective,45,270,000140000227
WO-2141254,ASSET-00244,Corrective,93,906,000140000227
WO-2141255,ASSET-00245,Corrective,170,523,000140000228
WO-2141256,ASSET-00245,Corrective,207,437,000140000228
WO-2141257,ASSET-00245,Preventive,0,,000140000228
WO-2141258,ASSET-00246,Preventive,0,,000140000229
WO-2141259,ASSET-00246,Preventive,0,,000140000229
WO-2141260,ASSET-00246,Corrective,142,1654,000140000229
WO-2141261,ASSET-00246,Corrective,167,1244,000140000229
WO-2141262,ASSET-00246,Corrective,59,623,000140000229
WO-2141263,ASSET-00246,Corrective,119,1238,000140000229
WO-2141264,ASSET-00247,Preventive,0,,000140000230
WO-2141265,ASSET-00247,Emergency,168,1878,000140000230
WO-2141266,ASSET-00248,Preventive,0,,000140000231
WO-2141267,ASSET-00248,Corrective,166,1421,000140000231
WO-2141268,ASSET-00248,Emergency,159,1894,000140000231
WO-2141269,ASSET-00248,Preventive,0,,000140000231
WO-2141270,ASSET-00248,Preventive,0,,000140000231
WO-2141271,ASSET-00248,Preventive,0,,000140000231
WO-2141272,ASSET-00248,Corrective,188,653,000140000231
WO-2141273,ASSET-00249,Preventive,0,,000140000232
WO-2141274,ASSET-00249,Preventive,0,,000140000232
WO-2141275,ASSET-00249,Preventive,0,,000140000232
WO-2141276,ASSET-00250,Emergency,210,1240,000140000233
WO-2141277,ASSET-00250,Corrective,238,1350,000140000233
WO-2141278,ASSET-00251,Preventive,0,,000140000234
WO-2141279,ASSET-00251,Corrective,195,872,000140000234
WO-2141280,ASSET-00251,Preventive,0,,000140000234
WO-2141281,ASSET-00251,Preventive,0,,000140000234
WO-2141282,ASSET-00251,Preventive,0,,000140000234
WO-2141283,ASSET-00251,Preventive,0,,000140000234
WO-2141284,ASSET-00251,Emergency,421,706,000140000234
WO-2141285,ASSET-00252,Preventive,0,,000140000235
WO-2141286,ASSET-00252,Corrective,44,1121,000140000235
WO-2141287,ASSET-00252,Corrective,178,1288,000140000235
WO-2141288,ASSET-00252,Preventive,0,,000140000235
WO-2141289,ASSET-00252,Corrective,62,1583,000140000235
WO-2141290,ASSET-00252,Preventive,0,,000140000235
WO-2141291,ASSET-00253,Preventive,0,,000140000236
WO-2141292,ASSET-00253,Preventive,0,,000140000236
WO-2141293,ASSET-00254,Preventive,0,,000140000237
WO-2141294,ASSET-00254,Preventive,0,,000140000237
WO-2141295,ASSET-00255,Corrective,215,375,000140000238
WO-2141296,ASSET-00255,Preventive,0,,000140000238
WO-2141297,ASSET-00255,Corrective,170,1225,000140000238
WO-2141298,ASSET-00255,Corrective,143,993,000140000238
WO-2141299,ASSET-00256,Corrective,115,1135,
WO-2141300,ASSET-00256,Corrective,120,1850,
WO-2141301,ASSET-00256,Corrective,148,602,
WO-2141302,ASSET-00256,Corrective,118,874,
WO-2141303,ASSET-00257,Preventive,0,,000140000239
WO-2141304,ASSET-00257,Emergency,376,433,000140000239
WO-2141305,ASSET-00257,Corrective,65,275,000140000239
WO-2141306,ASSET-00258,Preventive,0,,000140000240
WO-2141307,ASSET-00258,Emergency,249,1829,000140000240
WO-2141308,ASSET-00258,Preventive,0,,000140000240
WO-2141309,ASSET-00259,Preventive,0,,000140000241
WO-2141310,ASSET-00259,Corrective,195,1711,000140000241
WO-2141311,ASSET-00260,Preventive,0,,000140000242
WO-2141312,ASSET-00260,Corrective,191,864,000140000242
WO-2141313,ASSET-00260,Corrective,126,881,000140000242
WO-2141314,ASSET-00260,Preventive,0,,000140000242
WO-2141315,ASSET-00260,Preventive,0,,000140000242
WO-2141316,ASSET-00260,Preventive,0,,000140000242
WO-2141317,ASSET-00261,Preventive,0,,000140000243
WO-2141318,ASSET-00261,Corrective,69,927,000140000243
WO-2141319,ASSET-00261,Preventive,0,,000140000243
WO-2141320,ASSET-00262,Corrective,120,1184,000140000244
WO-2141321,ASSET-00262,Corrective,237,1184,000140000244
WO-2141322,ASSET-00262,Corrective,130,283,000140000244
WO-2141323,ASSET-00263,Corrective,150,726,000140000245
WO-2141324,ASSET-00263,Preventive,0,,000140000245
WO-2141325,ASSET-00263,Emergency,261,1227,000140000245
WO-2141326,ASSET-00263,Preventive,0,,000140000245
WO-2141327,ASSET-00263,Corrective,118,959,000140000245
WO-2141328,ASSET-00263,Emergency,192,1122,000140000245
WO-2141329,ASSET-00263,Corrective,87,979,000140000245
WO-2141330,ASSET-00264,Preventive,0,,000140000246
WO-2141331,ASSET-00264,Preventive,0,,000140000246
WO-2141332,ASSET-00264,Preventive,0,,000140000246
WO-2141333,ASSET-00264,Preventive,0,,000140000246
WO-2141334,ASSET-00265,Corrective,94,426,000140000247
WO-2141335,ASSET-00265,Preventive,0,,000140000247
WO-2141336,ASSET-00265,Corrective,63,1753,000140000247
WO-2141337,ASSET-00265,Emergency,413,881,000140000247
WO-2141338,ASSET-00265,Emergency,478,934,000140000247
WO-2141339,ASSET-00265,Preventive,0,,000140000247
WO-2141340,ASSET-00265,Corrective,236,202,000140000247
WO-2141341,ASSET-00265,Preventive,0,,000140000247
WO-2141342,ASSET-00265,Corrective,35,600,000140000247
WO-2141343,ASSET-00265,Preventive,0,,000140000247
WO-2141344,ASSET-00266,Corrective,161,1851,000140000248
WO-2141345,ASSET-00266,Emergency,570,300,000140000248
WO-2141346,ASSET-00267,Preventive,0,,000140000249
WO-2141347,ASSET-00267,Emergency,487,882,000140000249
WO-2141348,ASSET-00268,Corrective,225,1433,
WO-2141349,ASSET-00268,Preventive,0,,
WO-2141350,ASSET-00268,Corrective,215,1456,
WO-2141351,ASSET-00268,Corrective,204,1748,
WO-2141352,ASSET-00268,Emergency,218,1445,
WO-2141353,ASSET-00268,Corrective,84,732,
WO-2141354,ASSET-00269,Preventive,0,,000140000250
WO-2141355,ASSET-00269,Corrective,48,1005,000140000250
WO-2141356,ASSET-00269,Corrective,148,301,000140000250
WO-2141357,ASSET-00269,Preventive,0,,000140000250
WO-2141358,ASSET-00269,Preventive,0,,000140000250
WO-2141359,ASSET-00269,Preventive,0,,000140000250
WO-2141360,ASSET-00269,Corrective,65,508,000140000250
WO-2141361,ASSET-00270,Preventive,0,,000140000251
WO-2141362,ASSET-00270,Corrective,170,1927,000140000251
WO-2141363,ASSET-00270,Emergency,527,1344,000140000251
WO-2141364,ASSET-00271,Preventive,0,,
WO-2141365,ASSET-00271,Emergency,99,569,
WO-2141366,ASSET-00271,Corrective,134,1214,
WO-2141367,ASSET-00271,Preventive,0,,
WO-2141368,ASSET-00271,Corrective,153,1207,
WO-2141369,ASSET-00271,Preventive,0,,
WO-2141370,ASSET-00271,Corrective,183,613,
WO-2141371,ASSET-00272,Emergency,273,604,000140000252
WO-2141372,ASSET-00272,Corrective,54,1702,000140000252
WO-2141373,ASSET-00272,Corrective,134,1254,000140000252
WO-2141374,ASSET-00272,Preventive,0,,000140000252
WO-2141375,ASSET-00272,Preventive,0,,000140000252
WO-2141376,ASSET-00272,Preventive,0,,000140000252
WO-2141377,ASSET-00272,Preventive,0,,000140000252
WO-2141378,ASSET-00273,Emergency,281,1791,000140000253
WO-2141379,ASSET-00273,Emergency,446,1658,000140000253
WO-2141380,ASSET-00273,Preventive,0,,000140000253
WO-2141381,ASSET-00273,Preventive,0,,000140000253
WO-2141382,ASSET-00273,Preventive,0,,000140000253
WO-2141383,ASSET-00274,Preventive,0,,000140000254
WO-2141384,ASSET-00274,Preventive,0,,000140000254
WO-2141385,ASSET-00274,Preventive,0,,000140000254
WO-2141386,ASSET-00274,Corrective,36,651,000140000254
WO-2141387,ASSET-00274,Preventive,0,,000140000254
WO-2141388,ASSET-00275,Corrective,63,1642,
WO-2141389,ASSET-00276,Corrective,154,1949,000140000255
WO-2141390,ASSET-00276,Preventive,0,,000140000255
WO-2141391,ASSET-00276,Preventive,0,,000140000255
WO-2141392,ASSET-00276,Corrective,221,1016,000140000255
WO-2141393,ASSET-00277,Preventive,0,,000140000256
WO-2141394,ASSET-00277,Preventive,0,,000140000256
WO-2141395,ASSET-00277,Corrective,85,1511,000140000256
WO-2141396,ASSET-00277,Preventive,0,,000140000256
WO-2141397,ASSET-00277,Preventive,0,,000140000256
WO-2141398,ASSET-00277,Preventive,0,,000140000256
WO-2141399,ASSET-00278,Corrective,222,391,000140000257
WO-2141400,ASSET-00278,Preventive,0,,000140000257
WO-2141401,ASSET-00278,Emergency,340,1535,000140000257
WO-2141402,ASSET-00278,Preventive,0,,000140000257
WO-2141403,ASSET-00278,Preventive,0,,000140000257
WO-2141404,ASSET-00279,Emergency,128,1461,
WO-2141405,ASSET-00279,Preventive,0,,
WO-2141406,ASSET-00279,Preventive,0,,
WO-2141407,ASSET-00279,Preventive,0,,
WO-2141408,ASSET-00279,Preventive,0,,
WO-2141409,ASSET-00280,Preventive,0,,000140000258
WO-2141410,ASSET-00280,Preventive,0,,000140000258
WO-2141411,ASSET-00280,Emergency,84,1242,000140000258
WO-2141412,ASSET-00280,Corrective,90,285,000140000258
WO-2141413,ASSET-00280,Preventive,0,,000140000258
WO-2141414,ASSET-00280,Corrective,34,734,000140000258
WO-2141415,ASSET-00280,Corrective,211,365,000140000258
WO-2141416,ASSET-00280,Corrective,59,368,000140000258
WO-2141417,ASSET-00281,Corrective,39,1914,000140000259
WO-2141418,ASSET-00281,Corrective,155,1708,000140000259
WO-2141419,ASSET-00281,Corrective,36,1485,000140000259
WO-2141420,ASSET-00281,Preventive,0,,000140000259
WO-2141421,ASSET-00281,Preventive,0,,000140000259
WO-2141422,ASSET-00281,Corrective,170,1968,000140000259
WO-2141423,ASSET-00281,Emergency,281,760,000140000259
WO-2141424,ASSET-00282,Preventive,0,,000140000260
WO-2141425,ASSET-00282,Corrective,38,1910,000140000260
WO-2141426,ASSET-00282,Corrective,206,829,000140000260
WO-2141427,ASSET-00282,Preventive,0,,000140000260
WO-2141428,ASSET-00282,Preventive,0,,000140000260
WO-2141429,ASSET-00283,Preventive,0,,000140000261
WO-2141430,ASSET-00283,Corrective,213,1572,000140000261
WO-2141431,ASSET-00283,Preventive,0,,000140000261
WO-2141432,ASSET-00283,Preventive,0,,000140000261
WO-2141433,ASSET-00283,Corrective,60,1634,000140000261
WO-2141434,ASSET-00283,Corrective,189,1806,000140000261
WO-2141435,ASSET-00284,Corrective,186,1095,000140000262
WO-2141436,ASSET-00284,Corrective,230,779,000140000262
WO-2141437,ASSET-00284,Preventive,0,,000140000262
WO-2141438,ASSET-00284,Preventive,0,,000140000262
WO-2141439,ASSET-00284,Emergency,425,1556,000140000262
WO-2141440,ASSET-00285,Preventive,0,,000140000263
WO-2141441,ASSET-00285,Preventive,0,,000140000263
WO-2141442,ASSET-00285,Corrective,203,1624,000140000263
WO-2141443,ASSET-00285,Preventive,0,,000140000263
WO-2141444,ASSET-00285,Preventive,0,,000140000263
WO-2141445,ASSET-00285,Preventive,0,,000140000263
WO-2141446,ASSET-00286,Preventive,0,,000140000264
WO-2141447,ASSET-00286,Preventive,0,,000140000264
WO-2141448,ASSET-00286,Preventive,0,,000140000264
WO-2141449,ASSET-00286,Corrective,49,1339,000140000264
WO-2141450,ASSET-00286,Preventive,0,,000140000264
WO-2141451,ASSET-00287,Corrective,58,1862,000140000265
WO-2141452,ASSET-00287,Preventive,0,,000140000265
WO-2141453,ASSET-00287,Preventive,0,,000140000265
WO-2141454,ASSET-00287,Emergency,537,712,000140000265
WO-2141455,ASSET-00288,Preventive,0,,000140000266
WO-2141456,ASSET-00289,Preventive,0,,000140000267
WO-2141457,ASSET-00289,Corrective,199,915,000140000267
WO-2141458,ASSET-00289,Preventive,0,,000140000267
WO-2141459,ASSET-00289,Emergency,280,1997,000140000267
WO-2141460,ASSET-00289,Preventive,0,,000140000267
WO-2141461,ASSET-00289,Corrective,233,737,000140000267
WO-2141462,ASSET-00289,Corrective,30,815,000140000267
WO-2141463,ASSET-00290,Preventive,0,,000140000268
WO-2141464,ASSET-00290,Corrective,119,838,000140000268
WO-2141465,ASSET-00290,Preventive,0,,000140000268
WO-2141466,ASSET-00290,Corrective,237,1259,000140000268
WO-2141467,ASSET-00290,Preventive,0,,000140000268
WO-2141468,ASSET-00290,Corrective,86,1324,000140000268
WO-2141469,ASSET-00290,Emergency,273,364,000140000268
WO-2141470,ASSET-00290,Preventive,0,,000140000268
WO-2141471,ASSET-00290,Preventive,0,,000140000268
WO-2141472,ASSET-00291,Preventive,0,,000140000269
WO-2141473,ASSET-00291,Preventive,0,,000140000269
WO-2141474,ASSET-00291,Preventive,0,,000140000269
WO-2141475,ASSET-00291,Corrective,131,1579,000140000269
WO-2141476,ASSET-00291,Preventive,0,,000140000269
WO-2141477,ASSET-00291,Corrective,108,1350,000140000269
WO-2141478,ASSET-00291,Preventive,0,,000140000269
WO-2141479,ASSET-00292,Corrective,111,1315,000140000270
WO-2141480,ASSET-00292,Preventive,0,,000140000270
WO-2141481,ASSET-00292,Preventive,0,,000140000270
WO-2141482,ASSET-00292,Corrective,148,956,000140000270
WO-2141483,ASSET-00292,Emergency,211,243,000140000270
WO-2141484,ASSET-00293,Preventive,0,,000140000271
WO-2141485,ASSET-00293,Preventive,0,,000140000271
WO-2141486,ASSET-00293,Corrective,158,1079,000140000271
WO-2141487,ASSET-00295,Corrective,154,1363,000140000273
WO-2141488,ASSET-00295,Emergency,269,1886,000140000273
WO-2141489,ASSET-00295,Corrective,201,1375,000140000273
WO-2141490,ASSET-00296,Preventive,0,,000140000274
WO-2141491,ASSET-00296,Corrective,68,1156,000140000274
WO-2141492,ASSET-00296,Preventive,0,,000140000274
WO-2141493,ASSET-00296,Corrective,121,1668,000140000274
WO-2141494,ASSET-00296,Corrective,163,1074,000140000274
WO-2141495,ASSET-00296,Corrective,142,1314,000140000274
WO-2141496,ASSET-00296,Corrective,201,1568,000140000274
WO-2141497,ASSET-00297,Preventive,0,,000140000275
WO-2141498,ASSET-00297,Corrective,203,1035,000140000275
WO-2141499,ASSET-00297,Preventive,0,,000140000275
WO-2141500,ASSET-00297,Preventive,0,,000140000275
WO-2141501,ASSET-00297,Preventive,0,,000140000275
WO-2141502,ASSET-00297,Corrective,146,1489,000140000275
WO-2141503,ASSET-00298,Preventive,0,,
WO-2141504,ASSET-00298,Preventive,0,,
WO-2141505,ASSET-00298,Corrective,76,521,
WO-2141506,ASSET-00298,Preventive,0,,
WO-2141507,ASSET-00298,Preventive,0,,
WO-2141508,ASSET-00299,Preventive,0,,000140000276
WO-2141509,ASSET-00299,Preventive,0,,000140000276
WO-2141510,ASSET-00299,Preventive,0,,000140000276
WO-2141511,ASSET-00300,Preventive,0,,000140000277
WO-2141512,ASSET-00300,Emergency,407,286,000140000277
WO-2141513,ASSET-00300,Preventive,0,,000140000277
WO-2141514,ASSET-00300,Emergency,343,1806,000140000277
WO-2141515,ASSET-00300,Preventive,0,,000140000277
WO-2141516,ASSET-00300,Corrective,204,859,000140000277
WO-2141517,ASSET-00300,Preventive,0,,000140000277
WO-2141518,ASSET-00300,Corrective,146,448,000140000277
WO-2141519,ASSET-00301,Corrective,228,213,
WO-2141520,ASSET-00301,Preventive,0,,
WO-2141521,ASSET-00301,Corrective,67,586,
WO-2141522,ASSET-00301,Preventive,0,,
WO-2141523,ASSET-00302,Emergency,112,1404,000140000278
WO-2141524,ASSET-00302,Corrective,144,1096,000140000278
WO-2141525,ASSET-00302,Preventive,0,,000140000278
WO-2141526,ASSET-00302,Preventive,0,,000140000278
WO-2141527,ASSET-00303,Preventive,0,,000140000279
WO-2141528,ASSET-00303,Preventive,0,,000140000279
WO-2141529,ASSET-00303,Preventive,0,,000140000279
WO-2141530,ASSET-00303,Preventive,0,,000140000279
WO-2141531,ASSET-00303,Preventive,0,,000140000279
WO-2141532,ASSET-00303,Corrective,90,1819,000140000279
WO-2141533,ASSET-00303,Preventive,0,,000140000279
WO-2141534,ASSET-00303,Preventive,0,,000140000279
WO-2141535,ASSET-00304,Corrective,160,1354,000140000280
WO-2141536,ASSET-00304,Corrective,133,713,000140000280
WO-2141537,ASSET-00304,Corrective,47,409,000140000280
WO-2141538,ASSET-00304,Corrective,167,1289,000140000280
WO-2141539,ASSET-00304,Preventive,0,,000140000280
WO-2141540,ASSET-00304,Emergency,327,721,000140000280
WO-2141541,ASSET-00305,Corrective,180,1125,000140000281
WO-2141542,ASSET-00305,Preventive,0,,000140000281
WO-2141543,ASSET-00305,Preventive,0,,000140000281
WO-2141544,ASSET-00305,Preventive,0,,000140000281
WO-2141545,ASSET-00305,Preventive,0,,000140000281
WO-2141546,ASSET-00305,Preventive,0,,000140000281
WO-2141547,ASSET-00305,Preventive,0,,000140000281
WO-2141548,ASSET-00306,Preventive,0,,000140000282
WO-2141549,ASSET-00306,Corrective,182,1451,000140000282
WO-2141550,ASSET-00306,Preventive,0,,000140000282
WO-2141551,ASSET-00306,Corrective,228,561,000140000282
WO-2141552,ASSET-00306,Preventive,0,,000140000282
WO-2141553,ASSET-00307,Emergency,283,1904,000140000283
WO-2141554,ASSET-00307,Preventive,0,,000140000283
WO-2141555,ASSET-00307,Emergency,391,1154,000140000283
WO-2141556,ASSET-00307,Preventive,0,,000140000283
WO-2141557,ASSET-00308,Preventive,0,,000140000284
WO-2141558,ASSET-00308,Corrective,200,1260,000140000284
WO-2141559,ASSET-00308,Corrective,238,630,000140000284
WO-2141560,ASSET-00308,Corrective,115,1668,000140000284
WO-2141561,ASSET-00309,Preventive,0,,000140000285
WO-2141562,ASSET-00309,Emergency,149,320,000140000285
WO-2141563,ASSET-00309,Corrective,151,1096,000140000285
WO-2141564,ASSET-00309,Preventive,0,,000140000285
WO-2141565,ASSET-00309,Preventive,0,,000140000285
WO-2141566,ASSET-00309,Preventive,0,,000140000285
WO-2141567,ASSET-00310,Preventive,0,,000140000286
WO-2141568,ASSET-00310,Preventive,0,,000140000286
WO-2141569,ASSET-00310,Corrective,236,280,000140000286
WO-2141570,ASSET-00310,Preventive,0,,000140000286
WO-2141571,ASSET-00310,Preventive,0,,000140000286
WO-2141572,ASSET-00311,Preventive,0,,000140000287
WO-2141573,ASSET-00311,Preventive,0,,000140000287
WO-2141574,ASSET-00311,Preventive,0,,000140000287
WO-2141575,ASSET-00311,Corrective,118,1112,000140000287
WO-2141576,ASSET-00311,Preventive,0,,000140000287
WO-2141577,ASSET-00311,Preventive,0,,000140000287
WO-2141578,ASSET-00312,Preventive,0,,
WO-2141579,ASSET-00312,Preventive,0,,
WO-2141580,ASSET-00312,Corrective,75,1577,
WO-2141581,ASSET-00312,Corrective,86,621,
WO-2141582,ASSET-00312,Preventive,0,,
WO-2141583,ASSET-00313,Preventive,0,,000140000288
WO-2141584,ASSET-00313,Corrective,225,1456,000140000288
WO-2141585,ASSET-00313,Corrective,218,1024,000140000288
WO-2141586,ASSET-00313,Corrective,151,744,000140000288
WO-2141587,ASSET-00314,Emergency,394,857,000140000289
WO-2141588,ASSET-00314,Corrective,64,1028,000140000289
WO-2141589,ASSET-00314,Preventive,0,,000140000289
WO-2141590,ASSET-00314,Corrective,63,1819,000140000289
WO-2141591,ASSET-00314,Preventive,0,,000140000289
WO-2141592,ASSET-00314,Corrective,175,975,000140000289
WO-2141593,ASSET-00315,Emergency,273,978,000140000290
WO-2141594,ASSET-00315,Emergency,228,1359,000140000290
WO-2141595,ASSET-00315,Corrective,68,741,000140000290
WO-2141596,ASSET-00315,Preventive,0,,000140000290
WO-2141597,ASSET-00316,Corrective,210,461,000140000291
WO-2141598,ASSET-00316,Preventive,0,,000140000291
WO-2141599,ASSET-00316,Preventive,0,,000140000291
WO-2141600,ASSET-00317,Preventive,0,,000140000292
WO-2141601,ASSET-00317,Preventive,0,,000140000292
WO-2141602,ASSET-00317,Preventive,0,,000140000292
WO-2141603,ASSET-00317,Corrective,225,263,000140000292
WO-2141604,ASSET-00317,Preventive,0,,000140000292
WO-2141605,ASSET-00317,Corrective,104,1170,000140000292
WO-2141606,ASSET-00317,Preventive,0,,000140000292
WO-2141607,ASSET-00317,Emergency,223,507,000140000292
WO-2141608,ASSET-00318,Preventive,0,,000140000293
WO-2141609,ASSET-00318,Corrective,91,1626,000140000293
WO-2141610,ASSET-00318,Preventive,0,,000140000293
WO-2141611,ASSET-00319,Corrective,96,751,000140000294
WO-2141612,ASSET-00319,Preventive,0,,000140000294
WO-2141613,ASSET-00319,Preventive,0,,000140000294
WO-2141614,ASSET-00319,Preventive,0,,000140000294
WO-2141615,ASSET-00319,Preventive,0,,000140000294
WO-2141616,ASSET-00319,Corrective,216,738,000140000294
WO-2141617,ASSET-00319,Preventive,0,,000140000294
WO-2141618,ASSET-00319,Corrective,56,679,000140000294
WO-2141619,ASSET-00320,Preventive,0,,000140000295
WO-2141620,ASSET-00320,Emergency,71,722,000140000295
WO-2141621,ASSET-00320,Corrective,133,686,000140000295
WO-2141622,ASSET-00320,Emergency,281,904,000140000295
WO-2141623,ASSET-00320,Corrective,161,368,000140000295
WO-2141624,ASSET-00321,Emergency,307,1702,000140000297
WO-2141625,ASSET-00321,Corrective,74,1563,000140000297
WO-2141626,ASSET-00321,Preventive,0,,000140000297
WO-2141627,ASSET-00322,Preventive,0,,000140000298
WO-2141628,ASSET-00322,Emergency,572,1409,000140000298
WO-2141629,ASSET-00322,Preventive,0,,000140000298
WO-2141630,ASSET-00322,Corrective,152,1980,000140000298
WO-2141631,ASSET-00322,Preventive,0,,000140000298
WO-2141632,ASSET-00322,Preventive,0,,000140000298
WO-2141633,ASSET-00322,Preventive,0,,000140000298
WO-2141634,ASSET-00322,Preventive,0,,000140000298
WO-2141635,ASSET-00322,Preventive,0,,000140000298
WO-2141636,ASSET-00323,Emergency,197,589,000140000299
WO-2141637,ASSET-00323,Emergency,424,1831,000140000299
WO-2141638,ASSET-00323,Preventive,0,,000140000299
WO-2141639,ASSET-00323,Preventive,0,,000140000299
WO-2141640,ASSET-00323,Corrective,141,660,000140000299
WO-2141641,ASSET-00323,Preventive,0,,000140000299
WO-2141642,ASSET-00323,Preventive,0,,000140000299
WO-2141643,ASSET-00323,Preventive,0,,000140000299
WO-2141644,ASSET-00324,Corrective,95,1542,
WO-2141645,ASSET-00324,Corrective,96,873,
WO-2141646,ASSET-00324,Preventive,0,,
WO-2141647,ASSET-00324,Corrective,217,1960,
WO-2141648,ASSET-00324,Preventive,0,,
WO-2141649,ASSET-00325,Preventive,0,,000140000300
WO-2141650,ASSET-00325,Corrective,41,1860,000140000300
WO-2141651,ASSET-00326,Corrective,81,1643,000140000301
WO-2141652,ASSET-00326,Preventive,0,,000140000301
WO-2141653,ASSET-00327,Preventive,0,,000140000302
WO-2141654,ASSET-00327,Corrective,149,1573,000140000302
WO-2141655,ASSET-00327,Preventive,0,,000140000302
WO-2141656,ASSET-00327,Corrective,125,1289,000140000302
WO-2141657,ASSET-00327,Preventive,0,,000140000302
WO-2141658,ASSET-00327,Corrective,51,1725,000140000302
WO-2141659,ASSET-00327,Preventive,0,,000140000302
WO-2141660,ASSET-00328,Preventive,0,,000140000303
WO-2141661,ASSET-00328,Preventive,0,,000140000303
WO-2141662,ASSET-00328,Corrective,191,878,000140000303
WO-2141663,ASSET-00328,Preventive,0,,000140000303
WO-2141664,ASSET-00328,Emergency,473,1445,000140000303
WO-2141665,ASSET-00328,Emergency,89,1653,000140000303
WO-2141666,ASSET-00328,Corrective,69,1140,000140000303
WO-2141667,ASSET-00328,Corrective,127,291,000140000303
WO-2141668,ASSET-00329,Emergency,247,794,000140000304
WO-2141669,ASSET-00329,Preventive,0,,000140000304
WO-2141670,ASSET-00329,Preventive,0,,000140000304
WO-2141671,ASSET-00329,Corrective,192,928,000140000304
WO-2141672,ASSET-00329,Preventive,0,,000140000304
WO-2141673,ASSET-00329,Preventive,0,,000140000304
WO-2141674,ASSET-00330,Emergency,223,1358,000140000306
WO-2141675,ASSET-00330,Preventive,0,,000140000306
WO-2141676,ASSET-00330,Preventive,0,,000140000306
WO-2141677,ASSET-00330,Corrective,135,1323,000140000306
WO-2141678,ASSET-00330,Corrective,153,1029,000140000306
WO-2141679,ASSET-00330,Corrective,140,1905,000140000306
WO-2141680,ASSET-00330,Corrective,33,1408,000140000306
WO-2141681,ASSET-00331,Preventive,0,,000140000307
WO-2141682,ASSET-00331,Corrective,138,1902,000140000307
WO-2141683,ASSET-00331,Emergency,200,766,000140000307
WO-2141684,ASSET-00331,Preventive,0,,000140000307
WO-2141685,ASSET-00331,Preventive,0,,000140000307
WO-2141686,ASSET-00331,Preventive,0,,000140000307
WO-2141687,ASSET-00332,Corrective,203,1438,000140000308
WO-2141688,ASSET-00332,Corrective,218,1064,000140000308
WO-2141689,ASSET-00332,Preventive,0,,000140000308
WO-2141690,ASSET-00332,Corrective,37,332,000140000308
WO-2141691,ASSET-00332,Corrective,214,754,000140000308
WO-2141692,ASSET-00332,Corrective,52,968,000140000308
WO-2141693,ASSET-00332,Corrective,133,565,000140000308
WO-2141694,ASSET-00332,Preventive,0,,000140000308
WO-2141695,ASSET-00333,Emergency,84,414,000140000309
WO-2141696,ASSET-00333,Preventive,0,,000140000309
WO-2141697,ASSET-00333,Preventive,0,,000140000309
WO-2141698,ASSET-00333,Preventive,0,,000140000309
WO-2141699,ASSET-00333,Corrective,150,266,000140000309
WO-2141700,ASSET-00333,Corrective,222,203,000140000309
WO-2141701,ASSET-00333,Preventive,0,,000140000309
WO-2141702,ASSET-00334,Preventive,0,,000140000310
WO-2141703,ASSET-00334,Preventive,0,,000140000310
WO-2141704,ASSET-00334,Emergency,349,723,000140000310
WO-2141705,ASSET-00334,Preventive,0,,000140000310
WO-2141706,ASSET-00335,Preventive,0,,000140000311
WO-2141707,ASSET-00335,Corrective,77,1325,000140000311
WO-2141708,ASSET-00335,Preventive,0,,000140000311
WO-2141709,ASSET-00335,Preventive,0,,000140000311
WO-2141710,ASSET-00335,Preventive,0,,000140000311
WO-2141711,ASSET-00335,Preventive,0,,000140000311
WO-2141712,ASSET-00335,Preventive,0,,000140000311
WO-2141713,ASSET-00336,Preventive,0,,000140000312
WO-2141714,ASSET-00336,Emergency,236,542,000140000312
WO-2141715,ASSET-00336,Preventive,0,,000140000312
WO-2141716,ASSET-00336,Emergency,464,1640,000140000312
WO-2141717,ASSET-00336,Corrective,92,677,000140000312
WO-2141718,ASSET-00336,Preventive,0,,000140000312
WO-2141719,ASSET-00336,Preventive,0,,000140000312
WO-2141720,ASSET-00336,Emergency,600,845,000140000312
WO-2141721,ASSET-00337,Preventive,0,,000140000313
WO-2141722,ASSET-00337,Corrective,93,1136,000140000313
WO-2141723,ASSET-00337,Preventive,0,,000140000313
WO-2141724,ASSET-00337,Corrective,105,274,000140000313
WO-2141725,ASSET-00337,Corrective,230,362,000140000313
WO-2141726,ASSET-00338,Emergency,574,1044,000140000314
WO-2141727,ASSET-00338,Preventive,0,,000140000314
WO-2141728,ASSET-00338,Preventive,0,,000140000314
WO-2141729,ASSET-00338,Preventive,0,,000140000314
WO-2141730,ASSET-00338,Corrective,91,294,000140000314
WO-2141731,ASSET-00338,Emergency,91,731,000140000314
WO-2141732,ASSET-00339,Preventive,0,,000140000315
WO-2141733,ASSET-00339,Emergency,462,1598,000140000315
WO-2141734,ASSET-00339,Preventive,0,,000140000315
WO-2141735,ASSET-00340,Corrective,158,1646,000140000316
WO-2141736,ASSET-00340,Corrective,86,466,000140000316
WO-2141737,ASSET-00340,Corrective,98,429,000140000316
WO-2141738,ASSET-00340,Preventive,0,,000140000316
WO-2141739,ASSET-00340,Preventive,0,,000140000316
WO-2141740,ASSET-00340,Preventive,0,,000140000316
WO-2141741,ASSET-00340,Corrective,98,1105,000140000316
WO-2141742,ASSET-00340,Corrective,106,1307,000140000316
WO-2141743,ASSET-00340,Corrective,193,1425,000140000316
WO-2141744,ASSET-00340,Preventive,0,,000140000316
WO-2141745,ASSET-00341,Preventive,0,,000140000317
WO-2141746,ASSET-00341,Preventive,0,,000140000317
WO-2141747,ASSET-00341,Preventive,0,,000140000317
WO-2141748,ASSET-00341,Preventive,0,,000140000317
WO-2141749,ASSET-00341,Preventive,0,,000140000317
WO-2141750,ASSET-00342,Preventive,0,,000140000318
WO-2141751,ASSET-00342,Corrective,91,1183,000140000318
WO-2141752,ASSET-00342,Preventive,0,,000140000318
WO-2141753,ASSET-00343,Corrective,64,1590,000140000319
WO-2141754,ASSET-00343,Corrective,46,1310,000140000319
WO-2141755,ASSET-00343,Preventive,0,,000140000319
WO-2141756,ASSET-00343,Corrective,185,687,000140000319
WO-2141757,ASSET-00343,Corrective,43,264,000140000319
WO-2141758,ASSET-00343,Corrective,236,1389,000140000319
WO-2141759,ASSET-00343,Corrective,237,599,000140000319
WO-2141760,ASSET-00343,Corrective,211,1987,000140000319
WO-2141761,ASSET-00344,Preventive,0,,000140000320
WO-2141762,ASSET-00344,Preventive,0,,000140000320
WO-2141763,ASSET-00344,Corrective,231,1551,000140000320
WO-2141764,ASSET-00344,Corrective,220,929,000140000320
WO-2141765,ASSET-00344,Preventive,0,,000140000320
WO-2141766,ASSET-00345,Preventive,0,,000140000321
WO-2141767,ASSET-00345,Emergency,570,354,000140000321
WO-2141768,ASSET-00345,Preventive,0,,000140000321
WO-2141769,ASSET-00345,Corrective,118,393,000140000321
WO-2141770,ASSET-00345,Preventive,0,,000140000321
WO-2141771,ASSET-00346,Corrective,231,212,
WO-2141772,ASSET-00346,Preventive,0,,
WO-2141773,ASSET-00346,Corrective,59,294,
WO-2141774,ASSET-00346,Corrective,109,1949,
WO-2141775,ASSET-00346,Corrective,94,284,
WO-2141776,ASSET-00346,Preventive,0,,
WO-2141777,ASSET-00346,Corrective,40,1884,
WO-2141778,ASSET-00346,Preventive,0,,
WO-2141779,ASSET-00347,Preventive,0,,000140000322
WO-2141780,ASSET-00347,Preventive,0,,000140000322
WO-2141781,ASSET-00347,Preventive,0,,000140000322
WO-2141782,ASSET-00347,Corrective,197,857,000140000322
WO-2141783,ASSET-00347,Emergency,198,1415,000140000322
WO-2141784,ASSET-00347,Emergency,336,1100,000140000322
WO-2141785,ASSET-00348,Preventive,0,,000140000323
WO-2141786,ASSET-00348,Preventive,0,,000140000323
WO-2141787,ASSET-00348,Corrective,104,660,000140000323
WO-2141788,ASSET-00348,Emergency,378,359,000140000323
WO-2141789,ASSET-00349,Corrective,172,968,000140000324
WO-2141790,ASSET-00349,Corrective,32,697,000140000324
WO-2141791,ASSET-00349,Preventive,0,,000140000324
WO-2141792,ASSET-00349,Preventive,0,,000140000324
WO-2141793,ASSET-00349,Preventive,0,,000140000324
WO-2141794,ASSET-00350,Preventive,0,,000140000325
WO-2141795,ASSET-00350,Preventive,0,,000140000325
WO-2141796,ASSET-00350,Corrective,235,499,000140000325
WO-2141797,ASSET-00350,Corrective,183,1670,000140000325
WO-2141798,ASSET-00350,Preventive,0,,000140000325
WO-2141799,ASSET-00351,Preventive,0,,000140000326
WO-2141800,ASSET-00351,Preventive,0,,000140000326
WO-2141801,ASSET-00351,Emergency,483,1100,000140000326
WO-2141802,ASSET-00352,Preventive,0,,000140000327
WO-2141803,ASSET-00352,Preventive,0,,000140000327
WO-2141804,ASSET-00352,Emergency,262,238,000140000327
WO-2141805,ASSET-00353,Preventive,0,,000140000328
WO-2141806,ASSET-00353,Preventive,0,,000140000328
WO-2141807,ASSET-00353,Emergency,61,855,000140000328
WO-2141808,ASSET-00353,Preventive,0,,000140000328
WO-2141809,ASSET-00353,Preventive,0,,000140000328
WO-2141810,ASSET-00353,Preventive,0,,000140000328
WO-2141811,ASSET-00353,Emergency,251,1701,000140000328
WO-2141812,ASSET-00353,Preventive,0,,000140000328
WO-2141813,ASSET-00353,Preventive,0,,000140000328
WO-2141814,ASSET-00353,Preventive,0,,000140000328
WO-2141815,ASSET-00354,Corrective,72,1124,000140000329
WO-2141816,ASSET-00354,Preventive,0,,000140000329
WO-2141817,ASSET-00354,Preventive,0,,000140000329
WO-2141818,ASSET-00354,Preventive,0,,000140000329
WO-2141819,ASSET-00354,Preventive,0,,000140000329
WO-2141820,ASSET-00354,Corrective,71,231,000140000329
WO-2141821,ASSET-00354,Preventive,0,,000140000329
WO-2141822,ASSET-00355,Preventive,0,,000140000330
WO-2141823,ASSET-00355,Preventive,0,,000140000330
WO-2141824,ASSET-00355,Preventive,0,,000140000330
WO-2141825,ASSET-00355,Corrective,117,901,000140000330
WO-2141826,ASSET-00356,Corrective,202,421,000140000331
WO-2141827,ASSET-00356,Emergency,419,225,000140000331
WO-2141828,ASSET-00356,Preventive,0,,000140000331
WO-2141829,ASSET-00356,Preventive,0,,000140000331
WO-2141830,ASSET-00356,Corrective,147,1558,000140000331
WO-2141831,ASSET-00356,Corrective,63,1854,000140000331
WO-2141832,ASSET-00357,Emergency,141,896,000140000332
WO-2141833,ASSET-00357,Corrective,152,1220,000140000332
WO-2141834,ASSET-00357,Corrective,127,708,000140000332
WO-2141835,ASSET-00358,Preventive,0,,000140000333
WO-2141836,ASSET-00358,Preventive,0,,000140000333
WO-2141837,ASSET-00359,Preventive,0,,000140000334
WO-2141838,ASSET-00359,Preventive,0,,000140000334
WO-2141839,ASSET-00359,Preventive,0,,000140000334
WO-2141840,ASSET-00359,Preventive,0,,000140000334
WO-2141841,ASSET-00359,Preventive,0,,000140000334
WO-2141842,ASSET-00359,Preventive,0,,000140000334
WO-2141843,ASSET-00360,Preventive,0,,000140000335
WO-2141844,ASSET-00361,Corrective,113,558,000140000336
WO-2141845,ASSET-00361,Preventive,0,,000140000336
WO-2141846,ASSET-00361,Corrective,147,631,000140000336
WO-2141847,ASSET-00361,Preventive,0,,000140000336
WO-2141848,ASSET-00361,Corrective,120,1545,000140000336
WO-2141849,ASSET-00361,Corrective,204,1305,000140000336
WO-2141850,ASSET-00362,Corrective,143,1081,000140000337
WO-2141851,ASSET-00362,Preventive,0,,000140000337
WO-2141852,ASSET-00363,Corrective,105,951,000140000338
WO-2141853,ASSET-00363,Preventive,0,,000140000338
WO-2141854,ASSET-00363,Preventive,0,,000140000338
WO-2141855,ASSET-00363,Preventive,0,,000140000338
WO-2141856,ASSET-00364,Corrective,136,333,000140000339
WO-2141857,ASSET-00364,Preventive,0,,000140000339
WO-2141858,ASSET-00364,Preventive,0,,000140000339
WO-2141859,ASSET-00364,Corrective,158,1918,000140000339
WO-2141860,ASSET-00365,Preventive,0,,000140000340
WO-2141861,ASSET-00365,Preventive,0,,000140000340
WO-2141862,ASSET-00365,Emergency,149,1189,000140000340
WO-2141863,ASSET-00365,Preventive,0,,000140000340
WO-2141864,ASSET-00365,Corrective,163,874,000140000340
WO-2141865,ASSET-00365,Preventive,0,,000140000340
WO-2141866,ASSET-00366,Preventive,0,,000140000341
WO-2141867,ASSET-00366,Preventive,0,,000140000341
WO-2141868,ASSET-00367,Corrective,90,1679,000140000342
WO-2141869,ASSET-00367,Preventive,0,,000140000342
WO-2141870,ASSET-00367,Preventive,0,,000140000342
WO-2141871,ASSET-00367,Corrective,89,1558,000140000342
WO-2141872,ASSET-00367,Corrective,73,1909,000140000342
WO-2141873,ASSET-00368,Preventive,0,,000140000343
WO-2141874,ASSET-00368,Emergency,386,1375,000140000343
WO-2141875,ASSET-00368,Preventive,0,,000140000343
WO-2141876,ASSET-00368,Preventive,0,,000140000343
WO-2141877,ASSET-00368,Corrective,162,1913,000140000343
WO-2141878,ASSET-00368,Emergency,189,933,000140000343
WO-2141879,ASSET-00368,Preventive,0,,000140000343
WO-2141880,ASSET-00369,Corrective,138,254,000140000344
WO-2141881,ASSET-00369,Emergency,80,1174,000140000344
WO-2141882,ASSET-00369,Emergency,274,605,000140000344
WO-2141883,ASSET-00369,Preventive,0,,000140000344
WO-2141884,ASSET-00369,Emergency,491,1840,000140000344
WO-2141885,ASSET-00369,Corrective,67,1994,000140000344
WO-2141886,ASSET-00369,Preventive,0,,000140000344
WO-2141887,ASSET-00370,Preventive,0,,000140000345
WO-2141888,ASSET-00370,Preventive,0,,000140000345
WO-2141889,ASSET-00370,Corrective,158,1317,000140000345
WO-2141890,ASSET-00370,Corrective,32,1177,000140000345
WO-2141891,ASSET-00371,Corrective,44,399,000140000346
WO-2141892,ASSET-00371,Corrective,77,364,000140000346
WO-2141893,ASSET-00371,Corrective,101,1996,000140000346
WO-2141894,ASSET-00371,Preventive,0,,000140000346
WO-2141895,ASSET-00371,Preventive,0,,000140000346
WO-2141896,ASSET-00371,Preventive,0,,000140000346
WO-2141897,ASSET-00372,Preventive,0,,000140000347
WO-2141898,ASSET-00372,Preventive,0,,000140000347
WO-2141899,ASSET-00372,Emergency,299,988,000140000347
WO-2141900,ASSET-00372,Corrective,232,1908,000140000347
WO-2141901,ASSET-00372,Corrective,79,866,000140000347
WO-2141902,ASSET-00372,Emergency,279,417,000140000347
WO-2141903,ASSET-00373,Corrective,190,697,000140000348
WO-2141904,ASSET-00373,Preventive,0,,000140000348
WO-2141905,ASSET-00373,Preventive,0,,000140000348
WO-2141906,ASSET-00373,Corrective,93,916,000140000348
WO-2141907,ASSET-00373,Preventive,0,,000140000348
WO-2141908,ASSET-00373,Emergency,455,1212,000140000348
WO-2141909,ASSET-00374,Preventive,0,,000140000349
WO-2141910,ASSET-00374,Preventive,0,,000140000349
WO-2141911,ASSET-00374,Preventive,0,,000140000349
WO-2141912,ASSET-00374,Preventive,0,,000140000349
WO-2141913,ASSET-00374,Emergency,539,401,000140000349
WO-2141914,ASSET-00375,Emergency,184,1259,000140000350
WO-2141915,ASSET-00375,Preventive,0,,000140000350
WO-2141916,ASSET-00375,Preventive,0,,000140000350
WO-2141917,ASSET-00375,Preventive,0,,000140000350
WO-2141918,ASSET-00375,Corrective,78,1071,000140000350
WO-2141919,ASSET-00376,Preventive,0,,000140000351
WO-2141920,ASSET-00376,Emergency,552,1171,000140000351
WO-2141921,ASSET-00376,Preventive,0,,000140000351
WO-2141922,ASSET-00376,Corrective,76,1063,000140000351
WO-2141923,ASSET-00376,Preventive,0,,000140000351
WO-2141924,ASSET-00376,Corrective,196,1649,000140000351
WO-2141925,ASSET-00376,Preventive,0,,000140000351
WO-2141926,ASSET-00376,Corrective,193,812,000140000351
WO-2141927,ASSET-00376,Preventive,0,,000140000351
WO-2141928,ASSET-00377,Preventive,0,,000140000352
WO-2141929,ASSET-00377,Preventive,0,,000140000352
WO-2141930,ASSET-00377,Corrective,122,1599,000140000352
WO-2141931,ASSET-00377,Preventive,0,,000140000352
WO-2141932,ASSET-00377,Corrective,164,720,000140000352
WO-2141933,ASSET-00378,Preventive,0,,000140000353
WO-2141934,ASSET-00378,Corrective,72,1845,000140000353
WO-2141935,ASSET-00378,Preventive,0,,000140000353
WO-2141936,ASSET-00378,Preventive,0,,000140000353
WO-2141937,ASSET-00379,Preventive,0,,000140000354
WO-2141938,ASSET-00379,Corrective,235,581,000140000354
WO-2141939,ASSET-00379,Corrective,42,754,000140000354
WO-2141940,ASSET-00379,Corrective,100,1037,000140000354
WO-2141941,ASSET-00379,Preventive,0,,000140000354
WO-2141942,ASSET-00379,Corrective,200,274,000140000354
WO-2141943,ASSET-00379,Corrective,235,1570,000140000354
WO-2141944,ASSET-00380,Emergency,591,1172,000140000355
WO-2141945,ASSET-00380,Preventive,0,,000140000355
WO-2141946,ASSET-00381,Preventive,0,,000140000356
WO-2141947,ASSET-00381,Preventive,0,,000140000356
WO-2141948,ASSET-00381,Preventive,0,,000140000356
WO-2141949,ASSET-00381,Preventive,0,,000140000356
WO-2141950,ASSET-00381,Corrective,118,807,000140000356
WO-2141951,ASSET-00381,Corrective,216,1668,000140000356
WO-2141952,ASSET-00382,Emergency,394,336,000140000357
WO-2141953,ASSET-00382,Corrective,209,1102,000140000357
WO-2141954,ASSET-00382,Corrective,155,288,000140000357
WO-2141955,ASSET-00382,Preventive,0,,000140000357
WO-2141956,ASSET-00382,Corrective,170,255,000140000357
WO-2141957,ASSET-00382,Corrective,238,1659,000140000357
WO-2141958,ASSET-00383,Corrective,201,811,000140000358
WO-2141959,ASSET-00383,Corrective,34,1012,000140000358
WO-2141960,ASSET-00383,Corrective,173,1934,000140000358
WO-2141961,ASSET-00383,Corrective,187,856,000140000358
WO-2141962,ASSET-00383,Corrective,121,533,000140000358
WO-2141963,ASSET-00383,Corrective,237,1351,000140000358
WO-2141964,ASSET-00383,Emergency,186,1870,000140000358
WO-2141965,ASSET-00384,Corrective,61,888,000140000359
WO-2141966,ASSET-00384,Preventive,0,,000140000359
WO-2141967,ASSET-00384,Preventive,0,,000140000359
WO-2141968,ASSET-00384,Preventive,0,,000140000359
WO-2141969,ASSET-00385,Corrective,187,1190,000140000360
WO-2141970,ASSET-00385,Corrective,62,1420,000140000360
WO-2141971,ASSET-00385,Preventive,0,,000140000360
WO-2141972,ASSET-00385,Corrective,106,1214,000140000360
WO-2141973,ASSET-00385,Corrective,156,1200,000140000360
WO-2141974,ASSET-00385,Corrective,99,1195,000140000360
WO-2141975,ASSET-00385,Preventive,0,,000140000360
WO-2141976,ASSET-00386,Preventive,0,,000140000361
WO-2141977,ASSET-00386,Corrective,51,1946,000140000361
WO-2141978,ASSET-00386,Corrective,132,995,000140000361
WO-2141979,ASSET-00387,Corrective,157,887,000140000362
WO-2141980,ASSET-00387,Preventive,0,,000140000362
WO-2141981,ASSET-00387,Preventive,0,,000140000362
WO-2141982,ASSET-00387,Corrective,135,1034,000140000362
WO-2141983,ASSET-00387,Corrective,203,479,000140000362
WO-2141984,ASSET-00387,Corrective,144,1706,000140000362
WO-2141985,ASSET-00387,Preventive,0,,000140000362
WO-2141986,ASSET-00388,Emergency,380,1219,000140000363
WO-2141987,ASSET-00388,Preventive,0,,000140000363
WO-2141988,ASSET-00388,Preventive,0,,000140000363
WO-2141989,ASSET-00388,Preventive,0,,000140000363
WO-2141990,ASSET-00388,Preventive,0,,000140000363
WO-2141991,ASSET-00388,Corrective,123,1179,000140000363
WO-2141992,ASSET-00389,Emergency,223,1688,
WO-2141993,ASSET-00389,Preventive,0,,
WO-2141994,ASSET-00389,Preventive,0,,
WO-2141995,ASSET-00389,Preventive,0,,
WO-2141996,ASSET-00389,Preventive,0,,
WO-2141997,ASSET-00390,Preventive,0,,000140000364
WO-2141998,ASSET-00390,Corrective,199,1884,000140000364
WO-2141999,ASSET-00390,Preventive,0,,000140000364
WO-2142000,ASSET-00390,Preventive,0,,000140000364
WO-2142001,ASSET-00390,Preventive,0,,000140000364
WO-2142002,ASSET-00390,Preventive,0,,000140000364
WO-2142003,ASSET-00390,Corrective,168,1696,000140000364
WO-2142004,ASSET-00391,Preventive,0,,000140000365
WO-2142005,ASSET-00391,Preventive,0,,000140000365
WO-2142006,ASSET-00391,Corrective,185,1367,000140000365
WO-2142007,ASSET-00391,Preventive,0,,000140000365
WO-2142008,ASSET-00392,Preventive,0,,000140000366
WO-2142009,ASSET-00392,Preventive,0,,000140000366
WO-2142010,ASSET-00392,Corrective,164,1296,000140000366
WO-2142011,ASSET-00392,Preventive,0,,000140000366
WO-2142012,ASSET-00393,Preventive,0,,000140000367
WO-2142013,ASSET-00393,Preventive,0,,000140000367
WO-2142014,ASSET-00393,Preventive,0,,000140000367
WO-2142015,ASSET-00393,Preventive,0,,000140000367
WO-2142016,ASSET-00394,Corrective,199,1947,000140000368
WO-2142017,ASSET-00394,Preventive,0,,000140000368
WO-2142018,ASSET-00394,Preventive,0,,000140000368
WO-2142019,ASSET-00394,Corrective,48,655,000140000368
WO-2142020,ASSET-00394,Emergency,414,1511,000140000368
WO-2142021,ASSET-00394,Corrective,129,1976,000140000368
WO-2142022,ASSET-00395,Corrective,135,1990,000140000369
WO-2142023,ASSET-00395,Preventive,0,,000140000369
WO-2142024,ASSET-00395,Corrective,120,1302,000140000369
WO-2142025,ASSET-00395,Preventive,0,,000140000369
WO-2142026,ASSET-00395,Corrective,82,332,000140000369
WO-2142027,ASSET-00395,Preventive,0,,000140000369
WO-2142028,ASSET-00395,Preventive,0,,000140000369
WO-2142029,ASSET-00395,Corrective,181,1486,000140000369
WO-2142030,ASSET-00395,Corrective,40,1045,000140000369
WO-2142031,ASSET-00396,Corrective,39,1508,000140000370
WO-2142032,ASSET-00396,Corrective,48,1501,000140000370
WO-2142033,ASSET-00396,Corrective,173,1857,000140000370
WO-2142034,ASSET-00397,Preventive,0,,000140000371
WO-2142035,ASSET-00397,Preventive,0,,000140000371
WO-2142036,ASSET-00397,Emergency,309,279,000140000371
WO-2142037,ASSET-00397,Preventive,0,,000140000371
WO-2142038,ASSET-00398,Preventive,0,,000140000372
WO-2142039,ASSET-00398,Preventive,0,,000140000372
WO-2142040,ASSET-00399,Corrective,38,859,000140000374
WO-2142041,ASSET-00399,Corrective,231,1286,000140000374
WO-2142042,ASSET-00399,Corrective,196,1632,000140000374
WO-2142043,ASSET-00399,Corrective,204,1835,000140000374
WO-2142044,ASSET-00400,Preventive,0,,000140000375
WO-2142045,ASSET-00400,Corrective,184,1989,000140000375
WO-2142046,ASSET-00400,Preventive,0,,000140000375
WO-2142047,ASSET-00400,Corrective,163,234,000140000375
WO-2142048,ASSET-00400,Preventive,0,,000140000375
WO-2142049,ASSET-00400,Preventive,0,,000140000375
WO-2142050,ASSET-00400,Preventive,0,,000140000375
WO-2142051,ASSET-00401,Preventive,0,,000140000376
WO-2142052,ASSET-00401,Preventive,0,,000140000376
WO-2142053,ASSET-00401,Emergency,257,345,000140000376
WO-2142054,ASSET-00402,Corrective,71,1164,000140000377
WO-2142055,ASSET-00402,Corrective,80,1945,000140000377
WO-2142056,ASSET-00402,Corrective,227,1938,000140000377
WO-2142057,ASSET-00402,Preventive,0,,000140000377
WO-2142058,ASSET-00402,Emergency,527,707,000140000377
WO-2142059,ASSET-00403,Corrective,33,1773,000140000378
WO-2142060,ASSET-00403,Emergency,392,265,000140000378
WO-2142061,ASSET-00404,Preventive,0,,000140000379
WO-2142062,ASSET-00404,Preventive,0,,000140000379
WO-2142063,ASSET-00404,Corrective,152,1809,000140000379
WO-2142064,ASSET-00405,Corrective,38,1435,000140000380
WO-2142065,ASSET-00405,Corrective,73,944,000140000380
WO-2142066,ASSET-00406,Preventive,0,,
WO-2142067,ASSET-00406,Preventive,0,,
WO-2142068,ASSET-00406,Corrective,83,1953,
WO-2142069,ASSET-00406,Preventive,0,,
WO-2142070,ASSET-00406,Corrective,214,1655,
WO-2142071,ASSET-00406,Preventive,0,,
WO-2142072,ASSET-00407,Corrective,96,1350,000140000381
WO-2142073,ASSET-00407,Corrective,181,1887,000140000381
WO-2142074,ASSET-00407,Corrective,30,764,000140000381
WO-2142075,ASSET-00408,Emergency,249,320,000140000382
WO-2142076,ASSET-00408,Preventive,0,,000140000382
WO-2142077,ASSET-00408,Emergency,100,699,000140000382
WO-2142078,ASSET-00409,Preventive,0,,000140000383
WO-2142079,ASSET-00409,Corrective,168,936,000140000383
WO-2142080,ASSET-00409,Preventive,0,,000140000383
WO-2142081,ASSET-00409,Corrective,65,1073,000140000383
WO-2142082,ASSET-00409,Corrective,200,1639,000140000383
WO-2142083,ASSET-00410,Emergency,151,1134,
WO-2142084,ASSET-00410,Preventive,0,,
WO-2142085,ASSET-00411,Preventive,0,,000140000384
WO-2142086,ASSET-00411,Emergency,322,1224,000140000384
WO-2142087,ASSET-00411,Corrective,82,1674,000140000384
WO-2142088,ASSET-00411,Corrective,186,866,000140000384
WO-2142089,ASSET-00411,Preventive,0,,000140000384
WO-2142090,ASSET-00411,Preventive,0,,000140000384
WO-2142091,ASSET-00412,Preventive,0,,000140000385
WO-2142092,ASSET-00412,Corrective,131,1868,000140000385
WO-2142093,ASSET-00412,Preventive,0,,000140000385
WO-2142094,ASSET-00412,Corrective,66,360,000140000385
WO-2142095,ASSET-00412,Corrective,116,1055,000140000385
WO-2142096,ASSET-00412,Corrective,229,759,000140000385
WO-2142097,ASSET-00413,Preventive,0,,000140000386
WO-2142098,ASSET-00413,Preventive,0,,000140000386
WO-2142099,ASSET-00413,Corrective,35,1900,000140000386
WO-2142100,ASSET-00413,Preventive,0,,000140000386
WO-2142101,ASSET-00413,Corrective,62,558,000140000386
WO-2142102,ASSET-00414,Preventive,0,,
WO-2142103,ASSET-00414,Corrective,188,1446,
WO-2142104,ASSET-00414,Emergency,102,1207,
WO-2142105,ASSET-00414,Preventive,0,,
WO-2142106,ASSET-00414,Preventive,0,,
WO-2142107,ASSET-00415,Preventive,0,,000140000387
WO-2142108,ASSET-00415,Emergency,587,1298,000140000387
WO-2142109,ASSET-00415,Preventive,0,,000140000387
WO-2142110,ASSET-00415,Emergency,129,847,000140000387
WO-2142111,ASSET-00415,Preventive,0,,000140000387
WO-2142112,ASSET-00415,Preventive,0,,000140000387
WO-2142113,ASSET-00415,Preventive,0,,000140000387
WO-2142114,ASSET-00415,Corrective,141,1144,000140000387
WO-2142115,ASSET-00415,Corrective,40,1139,000140000387
WO-2142116,ASSET-00416,Preventive,0,,000140000388
WO-2142117,ASSET-00416,Corrective,35,1629,000140000388
WO-2142118,ASSET-00416,Preventive,0,,000140000388
WO-2142119,ASSET-00416,Preventive,0,,000140000388
WO-2142120,ASSET-00416,Emergency,275,313,000140000388
WO-2142121,ASSET-00416,Emergency,281,1039,000140000388
WO-2142122,ASSET-00416,Preventive,0,,000140000388
WO-2142123,ASSET-00416,Preventive,0,,000140000388
WO-2142124,ASSET-00417,Corrective,117,853,000140000389
WO-2142125,ASSET-00417,Preventive,0,,000140000389
WO-2142126,ASSET-00417,Preventive,0,,000140000389
WO-2142127,ASSET-00417,Corrective,189,408,000140000389
WO-2142128,ASSET-00418,Corrective,109,775,000140000390
WO-2142129,ASSET-00418,Preventive,0,,000140000390
WO-2142130,ASSET-00418,Preventive,0,,000140000390
WO-2142131,ASSET-00419,Corrective,186,248,000140000391
WO-2142132,ASSET-00419,Corrective,161,623,000140000391
WO-2142133,ASSET-00419,Corrective,168,1503,000140000391
WO-2142134,ASSET-00419,Preventive,0,,000140000391
WO-2142135,ASSET-00419,Preventive,0,,000140000391
WO-2142136,ASSET-00420,Preventive,0,,000140000392
WO-2142137,ASSET-00420,Preventive,0,,000140000392
WO-2142138,ASSET-00420,Preventive,0,,000140000392
WO-2142139,ASSET-00420,Preventive,0,,000140000392
WO-2142140,ASSET-00420,Corrective,52,843,000140000392
WO-2142141,ASSET-00420,Preventive,0,,000140000392
WO-2142142,ASSET-00420,Preventive,0,,000140000392
WO-2142143,ASSET-00420,Preventive,0,,000140000392
WO-2142144,ASSET-00421,Corrective,176,887,000140000393
WO-2142145,ASSET-00421,Emergency,180,498,000140000393
WO-2142146,ASSET-00421,Preventive,0,,000140000393
WO-2142147,ASSET-00422,Corrective,141,398,000140000394
WO-2142148,ASSET-00422,Preventive,0,,000140000394
WO-2142149,ASSET-00422,Preventive,0,,000140000394
WO-2142150,ASSET-00422,Preventive,0,,000140000394
WO-2142151,ASSET-00423,Corrective,162,1208,
WO-2142152,ASSET-00423,Corrective,225,829,
WO-2142153,ASSET-00424,Preventive,0,,
WO-2142154,ASSET-00424,Preventive,0,,
WO-2142155,ASSET-00424,Preventive,0,,
WO-2142156,ASSET-00424,Preventive,0,,
WO-2142157,ASSET-00425,Preventive,0,,000140000395
WO-2142158,ASSET-00425,Preventive,0,,000140000395
WO-2142159,ASSET-00425,Corrective,106,302,000140000395
WO-2142160,ASSET-00426,Preventive,0,,000140000396
WO-2142161,ASSET-00426,Preventive,0,,000140000396
WO-2142162,ASSET-00426,Preventive,0,,000140000396
WO-2142163,ASSET-00426,Preventive,0,,000140000396
WO-2142164,ASSET-00427,Preventive,0,,000140000397
WO-2142165,ASSET-00427,Corrective,167,271,000140000397
WO-2142166,ASSET-00427,Corrective,120,1099,000140000397
WO-2142167,ASSET-00427,Preventive,0,,000140000397
WO-2142168,ASSET-00427,Corrective,55,955,000140000397
WO-2142169,ASSET-00427,Corrective,165,1268,000140000397
WO-2142170,ASSET-00428,Preventive,0,,000140000398
WO-2142171,ASSET-00428,Corrective,143,1880,000140000398
WO-2142172,ASSET-00428,Preventive,0,,000140000398
WO-2142173,ASSET-00428,Corrective,197,523,000140000398
WO-2142174,ASSET-00429,Corrective,192,560,000140000399
WO-2142175,ASSET-00429,Preventive,0,,000140000399
WO-2142176,ASSET-00429,Preventive,0,,000140000399
WO-2142177,ASSET-00429,Preventive,0,,000140000399
WO-2142178,ASSET-00429,Corrective,235,1590,000140000399
WO-2142179,ASSET-00429,Preventive,0,,000140000399
WO-2142180,ASSET-00429,Preventive,0,,000140000399
WO-2142181,ASSET-00429,Preventive,0,,000140000399
WO-2142182,ASSET-00430,Corrective,66,1542,000140000400
WO-2142183,ASSET-00430,Preventive,0,,000140000400
WO-2142184,ASSET-00430,Corrective,109,1476,000140000400
WO-2142185,ASSET-00430,Corrective,84,572,000140000400
WO-2142186,ASSET-00430,Corrective,132,1282,000140000400
WO-2142187,ASSET-00430,Corrective,52,1765,000140000400
WO-2142188,ASSET-00431,Preventive,0,,000140000401
WO-2142189,ASSET-00431,Preventive,0,,000140000401
WO-2142190,ASSET-00431,Corrective,112,552,000140000401
WO-2142191,ASSET-00431,Emergency,364,310,000140000401
WO-2142192,ASSET-00432,Emergency,551,1648,000140000402
WO-2142193,ASSET-00432,Preventive,0,,000140000402
WO-2142194,ASSET-00433,Emergency,184,1790,000140000403
WO-2142195,ASSET-00433,Corrective,186,1938,000140000403
WO-2142196,ASSET-00433,Preventive,0,,000140000403
WO-2142197,ASSET-00433,Preventive,0,,000140000403
WO-2142198,ASSET-00433,Corrective,75,879,000140000403
WO-2142199,ASSET-00434,Preventive,0,,000140000404
WO-2142200,ASSET-00434,Corrective,121,1409,000140000404
WO-2142201,ASSET-00434,Preventive,0,,000140000404
WO-2142202,ASSET-00434,Corrective,119,1969,000140000404
WO-2142203,ASSET-00434,Preventive,0,,000140000404
WO-2142204,ASSET-00434,Preventive,0,,000140000404
WO-2142205,ASSET-00435,Preventive,0,,000140000405
WO-2142206,ASSET-00435,Corrective,143,1147,000140000405
WO-2142207,ASSET-00435,Emergency,437,249,000140000405
WO-2142208,ASSET-00435,Corrective,217,1799,000140000405
WO-2142209,ASSET-00435,Corrective,192,1605,000140000405
WO-2142210,ASSET-00436,Preventive,0,,000140000406
WO-2142211,ASSET-00436,Preventive,0,,000140000406
WO-2142212,ASSET-00436,Preventive,0,,000140000406
WO-2142213,ASSET-00436,Preventive,0,,000140000406
WO-2142214,ASSET-00436,Preventive,0,,000140000406
WO-2142215,ASSET-00436,Corrective,54,1394,000140000406
WO-2142216,ASSET-00436,Preventive,0,,000140000406
WO-2142217,ASSET-00437,Preventive,0,,
WO-2142218,ASSET-00437,Corrective,218,1508,
WO-2142219,ASSET-00437,Preventive,0,,
WO-2142220,ASSET-00437,Preventive,0,,
WO-2142221,ASSET-00438,Preventive,0,,000140000407
WO-2142222,ASSET-00438,Preventive,0,,000140000407
WO-2142223,ASSET-00438,Preventive,0,,000140000407
WO-2142224,ASSET-00438,Preventive,0,,000140000407
WO-2142225,ASSET-00438,Preventive,0,,000140000407
WO-2142226,ASSET-00439,Preventive,0,,000140000408
WO-2142227,ASSET-00439,Preventive,0,,000140000408
WO-2142228,ASSET-00439,Preventive,0,,000140000408
WO-2142229,ASSET-00439,Emergency,179,1109,000140000408
WO-2142230,ASSET-00439,Preventive,0,,000140000408
WO-2142231,ASSET-00440,Corrective,238,1530,000140000409
WO-2142232,ASSET-00440,Preventive,0,,000140000409
WO-2142233,ASSET-00440,Preventive,0,,000140000409
WO-2142234,ASSET-00441,Preventive,0,,
WO-2142235,ASSET-00441,Corrective,92,1261,
WO-2142236,ASSET-00441,Preventive,0,,
WO-2142237,ASSET-00441,Preventive,0,,
WO-2142238,ASSET-00442,Preventive,0,,000140000411
WO-2142239,ASSET-00442,Emergency,209,1592,000140000411
WO-2142240,ASSET-00442,Preventive,0,,000140000411
WO-2142241,ASSET-00442,Corrective,117,993,000140000411
WO-2142242,ASSET-00442,Corrective,116,1125,000140000411
WO-2142243,ASSET-00442,Corrective,52,1309,000140000411
WO-2142244,ASSET-00442,Corrective,109,347,000140000411
WO-2142245,ASSET-00442,Preventive,0,,000140000411
WO-2142246,ASSET-00443,Corrective,178,1575,000140000412
WO-2142247,ASSET-00443,Corrective,133,778,000140000412
WO-2142248,ASSET-00443,Preventive,0,,000140000412
WO-2142249,ASSET-00444,Corrective,207,255,000140000413
WO-2142250,ASSET-00444,Preventive,0,,000140000413
WO-2142251,ASSET-00444,Corrective,111,895,000140000413
WO-2142252,ASSET-00444,Corrective,185,1124,000140000413
WO-2142253,ASSET-00444,Preventive,0,,000140000413
WO-2142254,ASSET-00445,Preventive,0,,000140000414
WO-2142255,ASSET-00445,Preventive,0,,000140000414
WO-2142256,ASSET-00445,Corrective,176,691,000140000414
WO-2142257,ASSET-00445,Preventive,0,,000140000414
WO-2142258,ASSET-00445,Preventive,0,,000140000414
WO-2142259,ASSET-00445,Emergency,91,426,000140000414
WO-2142260,ASSET-00445,Preventive,0,,000140000414
WO-2142261,ASSET-00446,Preventive,0,,000140000415
WO-2142262,ASSET-00446,Corrective,37,1363,000140000415
WO-2142263,ASSET-00446,Preventive,0,,000140000415
WO-2142264,ASSET-00446,Corrective,118,1993,000140000415
WO-2142265,ASSET-00446,Corrective,179,868,000140000415
WO-2142266,ASSET-00446,Preventive,0,,000140000415
WO-2142267,ASSET-00447,Preventive,0,,000140000416
WO-2142268,ASSET-00447,Emergency,427,762,000140000416
WO-2142269,ASSET-00447,Corrective,30,841,000140000416
WO-2142270,ASSET-00447,Corrective,198,1831,000140000416
WO-2142271,ASSET-00447,Preventive,0,,000140000416
WO-2142272,ASSET-00448,Corrective,184,584,
WO-2142273,ASSET-00448,Preventive,0,,
WO-2142274,ASSET-00448,Corrective,41,970,
WO-2142275,ASSET-00448,Corrective,171,1958,
WO-2142276,ASSET-00449,Emergency,284,1391,000140000417
WO-2142277,ASSET-00449,Emergency,114,1847,000140000417
WO-2142278,ASSET-00450,Preventive,0,,000140000418
WO-2142279,ASSET-00450,Corrective,200,1662,000140000418
WO-2142280,ASSET-00450,Corrective,233,1947,000140000418
WO-2142281,ASSET-00450,Preventive,0,,000140000418
WO-2142282,ASSET-00451,Preventive,0,,000140000419
WO-2142283,ASSET-00451,Corrective,129,1097,000140000419
WO-2142284,ASSET-00451,Emergency,278,1819,000140000419
WO-2142285,ASSET-00451,Emergency,120,1264,000140000419
WO-2142286,ASSET-00451,Preventive,0,,000140000419
WO-2142287,ASSET-00451,Preventive,0,,000140000419
WO-2142288,ASSET-00452,Preventive,0,,000140000420
WO-2142289,ASSET-00452,Corrective,72,375,000140000420
WO-2142290,ASSET-00452,Preventive,0,,000140000420
WO-2142291,ASSET-00452,Corrective,190,1967,000140000420
WO-2142292,ASSET-00452,Preventive,0,,000140000420
WO-2142293,ASSET-00452,Preventive,0,,000140000420
WO-2142294,ASSET-00452,Corrective,94,639,000140000420
WO-2142295,ASSET-00452,Preventive,0,,000140000420
WO-2142296,ASSET-00453,Corrective,237,1511,000140000421
WO-2142297,ASSET-00453,Preventive,0,,000140000421
WO-2142298,ASSET-00453,Corrective,208,1625,000140000421
WO-2142299,ASSET-00453,Preventive,0,,000140000421
WO-2142300,ASSET-00454,Preventive,0,,000140000422
WO-2142301,ASSET-00454,Corrective,170,730,000140000422
WO-2142302,ASSET-00454,Corrective,34,1649,000140000422
WO-2142303,ASSET-00455,Preventive,0,,000140000423
WO-2142304,ASSET-00455,Corrective,57,1327,000140000423
WO-2142305,ASSET-00455,Preventive,0,,000140000423
WO-2142306,ASSET-00455,Corrective,42,519,000140000423
WO-2142307,ASSET-00455,Corrective,99,1592,000140000423
WO-2142308,ASSET-00455,Preventive,0,,000140000423
WO-2142309,ASSET-00455,Preventive,0,,000140000423
WO-2142310,ASSET-00455,Preventive,0,,000140000423
WO-2142311,ASSET-00455,Corrective,205,214,000140000423
WO-2142312,ASSET-00455,Emergency,258,214,000140000423
WO-2142313,ASSET-00456,Corrective,46,625,000140000424
WO-2142314,ASSET-00456,Corrective,220,415,000140000424
WO-2142315,ASSET-00456,Corrective,92,325,000140000424
WO-2142316,ASSET-00456,Emergency,149,826,000140000424
WO-2142317,ASSET-00456,Corrective,232,405,000140000424
WO-2142318,ASSET-00457,Preventive,0,,000140000425
WO-2142319,ASSET-00457,Corrective,234,379,000140000425
WO-2142320,ASSET-00457,Corrective,176,870,000140000425
WO-2142321,ASSET-00457,Preventive,0,,000140000425
WO-2142322,ASSET-00459,Corrective,194,916,000140000427
WO-2142323,ASSET-00459,Corrective,71,762,000140000427
WO-2142324,ASSET-00459,Corrective,34,1692,000140000427
WO-2142325,ASSET-00459,Corrective,97,828,000140000427
WO-2142326,ASSET-00459,Preventive,0,,000140000427
WO-2142327,ASSET-00460,Preventive,0,,000140000428
WO-2142328,ASSET-00460,Preventive,0,,000140000428
WO-2142329,ASSET-00460,Corrective,52,1244,000140000428
WO-2142330,ASSET-00460,Corrective,142,1645,000140000428
WO-2142331,ASSET-00460,Preventive,0,,000140000428
WO-2142332,ASSET-00460,Corrective,49,1342,000140000428
WO-2142333,ASSET-00461,Preventive,0,,000140000429
WO-2142334,ASSET-00461,Corrective,134,676,000140000429
WO-2142335,ASSET-00461,Preventive,0,,000140000429
WO-2142336,ASSET-00461,Corrective,86,1702,000140000429
WO-2142337,ASSET-00461,Preventive,0,,000140000429
WO-2142338,ASSET-00462,Corrective,55,1976,000140000430
WO-2142339,ASSET-00462,Corrective,76,213,000140000430
WO-2142340,ASSET-00462,Preventive,0,,000140000430
WO-2142341,ASSET-00462,Preventive,0,,000140000430
WO-2142342,ASSET-00462,Preventive,0,,000140000430
WO-2142343,ASSET-00462,Corrective,173,971,000140000430
WO-2142344,ASSET-00462,Preventive,0,,000140000430
WO-2142345,ASSET-00463,Preventive,0,,000140000431
WO-2142346,ASSET-00463,Preventive,0,,000140000431
WO-2142347,ASSET-00463,Preventive,0,,000140000431
WO-2142348,ASSET-00463,Corrective,146,1059,000140000431
WO-2142349,ASSET-00463,Preventive,0,,000140000431
WO-2142350,ASSET-00463,Emergency,574,688,000140000431
WO-2142351,ASSET-00463,Preventive,0,,000140000431
WO-2142352,ASSET-00463,Preventive,0,,000140000431
WO-2142353,ASSET-00463,Corrective,30,1199,000140000431
WO-2142354,ASSET-00464,Corrective,218,1407,000140000432
WO-2142355,ASSET-00464,Corrective,215,583,000140000432
WO-2142356,ASSET-00464,Preventive,0,,000140000432
WO-2142357,ASSET-00464,Preventive,0,,000140000432
WO-2142358,ASSET-00464,Corrective,213,585,000140000432
WO-2142359,ASSET-00465,Preventive,0,,000140000433
WO-2142360,ASSET-00465,Preventive,0,,000140000433
WO-2142361,ASSET-00465,Preventive,0,,000140000433
WO-2142362,ASSET-00465,Preventive,0,,000140000433
WO-2142363,ASSET-00465,Preventive,0,,000140000433
WO-2142364,ASSET-00466,Preventive,0,,000140000434
WO-2142365,ASSET-00467,Preventive,0,,000140000435
WO-2142366,ASSET-00467,Corrective,44,602,000140000435
WO-2142367,ASSET-00467,Preventive,0,,000140000435
WO-2142368,ASSET-00467,Corrective,122,524,000140000435
WO-2142369,ASSET-00467,Preventive,0,,000140000435
WO-2142370,ASSET-00467,Preventive,0,,000140000435
WO-2142371,ASSET-00467,Corrective,212,776,000140000435
WO-2142372,ASSET-00468,Preventive,0,,000140000436
WO-2142373,ASSET-00468,Preventive,0,,000140000436
WO-2142374,ASSET-00468,Corrective,188,1425,000140000436
WO-2142375,ASSET-00468,Preventive,0,,000140000436
WO-2142376,ASSET-00468,Preventive,0,,000140000436
WO-2142377,ASSET-00468,Preventive,0,,000140000436
WO-2142378,ASSET-00469,Corrective,98,319,000140000437
WO-2142379,ASSET-00469,Corrective,34,1649,000140000437
WO-2142380,ASSET-00469,Preventive,0,,000140000437
WO-2142381,ASSET-00469,Corrective,191,324,000140000437
WO-2142382,ASSET-00470,Preventive,0,,000140000438
WO-2142383,ASSET-00470,Preventive,0,,000140000438
WO-2142384,ASSET-00470,Preventive,0,,000140000438
WO-2142385,ASSET-00470,Preventive,0,,000140000438
WO-2142386,ASSET-00470,Corrective,164,247,000140000438
WO-2142387,ASSET-00471,Preventive,0,,000140000439
WO-2142388,ASSET-00471,Preventive,0,,000140000439
WO-2142389,ASSET-00471,Preventive,0,,000140000439
WO-2142390,ASSET-00472,Emergency,549,317,000140000440
WO-2142391,ASSET-00472,Preventive,0,,000140000440
WO-2142392,ASSET-00472,Corrective,158,1510,000140000440
WO-2142393,ASSET-00472,Preventive,0,,000140000440
WO-2142394,ASSET-00472,Preventive,0,,000140000440
WO-2142395,ASSET-00472,Preventive,0,,000140000440
WO-2142396,ASSET-00473,Preventive,0,,000140000441
WO-2142397,ASSET-00473,Emergency,272,1934,000140000441
WO-2142398,ASSET-00473,Preventive,0,,000140000441
WO-2142399,ASSET-00473,Corrective,192,1756,000140000441
WO-2142400,ASSET-00473,Preventive,0,,000140000441
WO-2142401,ASSET-00473,Preventive,0,,000140000441
WO-2142402,ASSET-00473,Corrective,224,1200,000140000441
WO-2142403,ASSET-00474,Preventive,0,,000140000442
WO-2142404,ASSET-00474,Corrective,162,763,000140000442
WO-2142405,ASSET-00474,Preventive,0,,000140000442
WO-2142406,ASSET-00474,Corrective,146,1439,000140000442
WO-2142407,ASSET-00474,Preventive,0,,000140000442
WO-2142408,ASSET-00474,Corrective,52,470,000140000442
WO-2142409,ASSET-00474,Preventive,0,,000140000442
WO-2142410,ASSET-00474,Preventive,0,,000140000442
WO-2142411,ASSET-00474,Corrective,54,1536,000140000442
WO-2142412,ASSET-00474,Preventive,0,,000140000442
WO-2142413,ASSET-00475,Preventive,0,,000140000443
WO-2142414,ASSET-00475,Preventive,0,,000140000443
WO-2142415,ASSET-00475,Corrective,162,1516,000140000443
WO-2142416,ASSET-00475,Preventive,0,,000140000443
WO-2142417,ASSET-00475,Preventive,0,,000140000443
WO-2142418,ASSET-00475,Corrective,133,1078,000140000443
WO-2142419,ASSET-00475,Corrective,223,333,000140000443
WO-2142420,ASSET-00476,Corrective,173,1713,000140000444
WO-2142421,ASSET-00476,Corrective,224,1185,000140000444
WO-2142422,ASSET-00476,Corrective,225,849,000140000444
WO-2142423,ASSET-00476,Corrective,170,331,000140000444
WO-2142424,ASSET-00476,Preventive,0,,000140000444
WO-2142425,ASSET-00476,Preventive,0,,000140000444
WO-2142426,ASSET-00476,Preventive,0,,000140000444
WO-2142427,ASSET-00477,Emergency,315,1261,000140000445
WO-2142428,ASSET-00477,Corrective,95,705,000140000445
WO-2142429,ASSET-00477,Preventive,0,,000140000445
WO-2142430,ASSET-00477,Preventive,0,,000140000445
WO-2142431,ASSET-00477,Corrective,43,1425,000140000445
WO-2142432,ASSET-00478,Preventive,0,,000140000446
WO-2142433,ASSET-00478,Preventive,0,,000140000446
WO-2142434,ASSET-00478,Preventive,0,,000140000446
WO-2142435,ASSET-00478,Emergency,291,1906,000140000446
WO-2142436,ASSET-00478,Corrective,134,1370,000140000446
WO-2142437,ASSET-00478,Corrective,219,228,000140000446
WO-2142438,ASSET-00478,Preventive,0,,000140000446
WO-2142439,ASSET-00478,Corrective,182,1289,000140000446
WO-2142440,ASSET-00478,Emergency,397,1797,000140000446
WO-2142441,ASSET-00479,Corrective,93,823,000140000447
WO-2142442,ASSET-00479,Corrective,154,924,000140000447
WO-2142443,ASSET-00479,Preventive,0,,000140000447
WO-2142444,ASSET-00480,Emergency,313,381,000140000448
WO-2142445,ASSET-00480,Preventive,0,,000140000448
WO-2142446,ASSET-00480,Preventive,0,,000140000448
WO-2142447,ASSET-00480,Emergency,255,539,000140000448
WO-2142448,ASSET-00480,Preventive,0,,000140000448
WO-2142449,ASSET-00481,Preventive,0,,000140000449
WO-2142450,ASSET-00481,Emergency,153,287,000140000449
WO-2142451,ASSET-00481,Preventive,0,,000140000449
WO-2142452,ASSET-00481,Corrective,211,343,000140000449
WO-2142453,ASSET-00481,Preventive,0,,000140000449
WO-2142454,ASSET-00481,Corrective,193,300,000140000449
WO-2142455,ASSET-00481,Preventive,0,,000140000449
WO-2142456,ASSET-00482,Preventive,0,,000140000450
WO-2142457,ASSET-00482,Corrective,89,1143,000140000450
WO-2142458,ASSET-00482,Corrective,134,923,000140000450
WO-2142459,ASSET-00482,Preventive,0,,000140000450
WO-2142460,ASSET-00483,Corrective,147,1385,000140000451
WO-2142461,ASSET-00483,Preventive,0,,000140000451
WO-2142462,ASSET-00483,Preventive,0,,000140000451
WO-2142463,ASSET-00483,Preventive,0,,000140000451
WO-2142464,ASSET-00483,Preventive,0,,000140000451
WO-2142465,ASSET-00484,Preventive,0,,000140000452
WO-2142466,ASSET-00484,Preventive,0,,000140000452
WO-2142467,ASSET-00484,Preventive,0,,000140000452
WO-2142468,ASSET-00484,Preventive,0,,000140000452
WO-2142469,ASSET-00485,Corrective,211,1387,000140000453
WO-2142470,ASSET-00485,Corrective,204,901,000140000453
WO-2142471,ASSET-00485,Emergency,203,1825,000140000453
WO-2142472,ASSET-00485,Preventive,0,,000140000453
WO-2142473,ASSET-00485,Preventive,0,,000140000453
WO-2142474,ASSET-00485,Emergency,70,1423,000140000453
WO-2142475,ASSET-00486,Preventive,0,,000140000454
WO-2142476,ASSET-00486,Corrective,35,319,000140000454
WO-2142477,ASSET-00486,Preventive,0,,000140000454
WO-2142478,ASSET-00486,Corrective,146,1950,000140000454
WO-2142479,ASSET-00486,Preventive,0,,000140000454
WO-2142480,ASSET-00486,Corrective,225,1519,000140000454
WO-2142481,ASSET-00486,Corrective,172,978,000140000454
WO-2142482,ASSET-00487,Corrective,90,770,000140000455
WO-2142483,ASSET-00487,Preventive,0,,000140000455
WO-2142484,ASSET-00487,Corrective,102,918,000140000455
WO-2142485,ASSET-00487,Preventive,0,,000140000455
WO-2142486,ASSET-00487,Preventive,0,,000140000455
WO-2142487,ASSET-00488,Corrective,165,1312,000140000456
WO-2142488,ASSET-00488,Preventive,0,,000140000456
WO-2142489,ASSET-00488,Preventive,0,,000140000456
WO-2142490,ASSET-00488,Corrective,236,290,000140000456
WO-2142491,ASSET-00489,Preventive,0,,000140000457
WO-2142492,ASSET-00489,Corrective,147,734,000140000457
WO-2142493,ASSET-00489,Corrective,158,1588,000140000457
WO-2142494,ASSET-00489,Preventive,0,,000140000457
WO-2142495,ASSET-00489,Preventive,0,,000140000457
WO-2142496,ASSET-00489,Corrective,129,1942,000140000457
WO-2142497,ASSET-00490,Corrective,195,1676,000140000458
WO-2142498,ASSET-00490,Corrective,64,1597,000140000458
WO-2142499,ASSET-00490,Preventive,0,,000140000458
WO-2142500,ASSET-00491,Emergency,135,1726,000140000459
WO-2142501,ASSET-00491,Corrective,92,210,000140000459
WO-2142502,ASSET-00491,Corrective,198,550,000140000459
WO-2142503,ASSET-00491,Preventive,0,,000140000459
WO-2142504,ASSET-00492,Corrective,42,533,000140000460
WO-2142505,ASSET-00492,Preventive,0,,000140000460
WO-2142506,ASSET-00492,Emergency,229,1821,000140000460
WO-2142507,ASSET-00493,Corrective,200,308,000140000461
WO-2142508,ASSET-00493,Emergency,449,1514,000140000461
WO-2142509,ASSET-00493,Preventive,0,,000140000461
WO-2142510,ASSET-00493,Preventive,0,,000140000461
WO-2142511,ASSET-00493,Preventive,0,,000140000461
WO-2142512,ASSET-00493,Preventive,0,,000140000461
WO-2142513,ASSET-00494,Preventive,0,,000140000462
WO-2142514,ASSET-00494,Corrective,237,811,000140000462
WO-2142515,ASSET-00494,Emergency,559,433,000140000462
WO-2142516,ASSET-00494,Preventive,0,,000140000462
WO-2142517,ASSET-00494,Preventive,0,,000140000462
WO-2142518,ASSET-00494,Corrective,82,481,000140000462
WO-2142519,ASSET-00495,Corrective,34,1417,000140000463
WO-2142520,ASSET-00495,Preventive,0,,000140000463
WO-2142521,ASSET-00495,Preventive,0,,000140000463
WO-2142522,ASSET-00495,Preventive,0,,000140000463
WO-2142523,ASSET-00496,Preventive,0,,000140000464
WO-2142524,ASSET-00496,Preventive,0,,000140000464
WO-2142525,ASSET-00496,Corrective,238,363,000140000464
WO-2142526,ASSET-00496,Preventive,0,,000140000464
WO-2142527,ASSET-00496,Corrective,83,1441,000140000464
WO-2142528,ASSET-00496,Emergency,215,1991,000140000464
WO-2142529,ASSET-00496,Corrective,190,579,000140000464
WO-2142530,ASSET-00497,Preventive,0,,000140000465
WO-2142531,ASSET-00497,Preventive,0,,000140000465
WO-2142532,ASSET-00497,Preventive,0,,000140000465
WO-2142533,ASSET-00498,Corrective,224,1776,000140000466
WO-2142534,ASSET-00498,Corrective,152,719,000140000466
WO-2142535,ASSET-00498,Preventive,0,,000140000466
WO-2142536,ASSET-00498,Emergency,566,444,000140000466
WO-2142537,ASSET-00498,Emergency,578,429,000140000466
WO-2142538,ASSET-00498,Preventive,0,,000140000466
WO-2142539,ASSET-00498,Corrective,218,609,000140000466
WO-2142540,ASSET-00499,Preventive,0,,000140000467
WO-2142541,ASSET-00499,Preventive,0,,000140000467
WO-2142542,ASSET-00499,Corrective,222,1302,000140000467
WO-2142543,ASSET-00499,Preventive,0,,000140000467
WO-2142544,ASSET-00499,Preventive,0,,000140000467
WO-2142545,ASSET-00500,Corrective,108,286,000140000468
WO-2142546,ASSET-00500,Emergency,287,664,000140000468
WO-2142547,ASSET-00500,Corrective,188,300,000140000468
WO-2142548,ASSET-00501,Corrective,158,1500,000140000469
WO-2142549,ASSET-00501,Corrective,149,1208,000140000469
WO-2142550,ASSET-00501,Emergency,455,1831,000140000469
WO-2142551,ASSET-00501,Preventive,0,,000140000469
WO-2142552,ASSET-00501,Corrective,63,564,000140000469
WO-2142553,ASSET-00501,Preventive,0,,000140000469
WO-2142554,ASSET-00501,Preventive,0,,000140000469
WO-2142555,ASSET-00501,Preventive,0,,000140000469
WO-2142556,ASSET-00501,Preventive,0,,000140000469
WO-2142557,ASSET-00501,Preventive,0,,000140000469
WO-2142558,ASSET-00502,Preventive,0,,000140000470
WO-2142559,ASSET-00502,Preventive,0,,000140000470
WO-2142560,ASSET-00502,Corrective,161,811,000140000470
WO-2142561,ASSET-00502,Preventive,0,,000140000470
WO-2142562,ASSET-00503,Preventive,0,,000140000471
WO-2142563,ASSET-00503,Preventive,0,,000140000471
WO-2142564,ASSET-00503,Preventive,0,,000140000471
WO-2142565,ASSET-00503,Corrective,82,417,000140000471
WO-2142566,ASSET-00504,Corrective,177,696,
WO-2142567,ASSET-00504,Corrective,211,638,
WO-2142568,ASSET-00504,Corrective,102,1989,
WO-2142569,ASSET-00504,Preventive,0,,
WO-2142570,ASSET-00504,Corrective,184,224,
WO-2142571,ASSET-00504,Preventive,0,,
WO-2142572,ASSET-00504,Preventive,0,,
WO-2142573,ASSET-00505,Preventive,0,,000140000472
WO-2142574,ASSET-00505,Preventive,0,,000140000472
WO-2142575,ASSET-00505,Preventive,0,,000140000472
WO-2142576,ASSET-00506,Emergency,518,272,000140000473
WO-2142577,ASSET-00506,Corrective,132,1239,000140000473
WO-2142578,ASSET-00506,Preventive,0,,000140000473
WO-2142579,ASSET-00506,Preventive,0,,000140000473
WO-2142580,ASSET-00506,Preventive,0,,000140000473
WO-2142581,ASSET-00507,Emergency,90,1576,000140000474
WO-2142582,ASSET-00507,Corrective,101,1348,000140000474
WO-2142583,ASSET-00507,Preventive,0,,000140000474
WO-2142584,ASSET-00508,Preventive,0,,000140000475
WO-2142585,ASSET-00508,Corrective,210,1256,000140000475
WO-2142586,ASSET-00508,Preventive,0,,000140000475
WO-2142587,ASSET-00508,Preventive,0,,000140000475
WO-2142588,ASSET-00508,Emergency,284,1502,000140000475
WO-2142589,ASSET-00508,Corrective,67,1700,000140000475
WO-2142590,ASSET-00508,Corrective,103,1138,000140000475
WO-2142591,ASSET-00509,Emergency,512,873,000140000476
WO-2142592,ASSET-00509,Preventive,0,,000140000476
WO-2142593,ASSET-00509,Preventive,0,,000140000476
WO-2142594,ASSET-00509,Corrective,63,1434,000140000476
WO-2142595,ASSET-00510,Corrective,189,604,000140000477
WO-2142596,ASSET-00510,Preventive,0,,000140000477
WO-2142597,ASSET-00510,Corrective,154,849,000140000477
WO-2142598,ASSET-00510,Emergency,238,891,000140000477
WO-2142599,ASSET-00510,Corrective,180,1275,000140000477
WO-2142600,ASSET-00510,Corrective,74,1944,000140000477
WO-2142601,ASSET-00510,Corrective,163,1568,000140000477
WO-2142602,ASSET-00510,Corrective,42,270,000140000477
WO-2142603,ASSET-00511,Preventive,0,,000140000478
WO-2142604,ASSET-00511,Corrective,86,648,000140000478
WO-2142605,ASSET-00512,Emergency,107,674,
WO-2142606,ASSET-00512,Preventive,0,,
WO-2142607,ASSET-00512,Corrective,228,348,
WO-2142608,ASSET-00512,Corrective,90,1033,
WO-2142609,ASSET-00512,Corrective,39,877,
WO-2142610,ASSET-00512,Preventive,0,,
WO-2142611,ASSET-00512,Preventive,0,,
WO-2142612,ASSET-00513,Preventive,0,,000140000479
WO-2142613,ASSET-00513,Preventive,0,,000140000479
WO-2142614,ASSET-00513,Corrective,142,1186,000140000479
WO-2142615,ASSET-00513,Corrective,219,616,000140000479
WO-2142616,ASSET-00513,Preventive,0,,000140000479
WO-2142617,ASSET-00513,Corrective,38,1566,000140000479
WO-2142618,ASSET-00514,Emergency,89,523,000140000480
WO-2142619,ASSET-00514,Preventive,0,,000140000480
WO-2142620,ASSET-00514,Preventive,0,,000140000480
WO-2142621,ASSET-00514,Preventive,0,,000140000480
WO-2142622,ASSET-00515,Preventive,0,,000140000481
WO-2142623,ASSET-00515,Preventive,0,,000140000481
WO-2142624,ASSET-00515,Preventive,0,,000140000481
WO-2142625,ASSET-00515,Emergency,378,1694,000140000481
WO-2142626,ASSET-00515,Preventive,0,,000140000481
WO-2142627,ASSET-00515,Preventive,0,,000140000481
WO-2142628,ASSET-00515,Preventive,0,,000140000481
WO-2142629,ASSET-00516,Corrective,186,1069,000140000482
WO-2142630,ASSET-00516,Preventive,0,,000140000482
WO-2142631,ASSET-00516,Preventive,0,,000140000482
WO-2142632,ASSET-00516,Corrective,46,1857,000140000482
WO-2142633,ASSET-00516,Corrective,108,1121,000140000482
WO-2142634,ASSET-00516,Preventive,0,,000140000482
WO-2142635,ASSET-00516,Preventive,0,,000140000482
WO-2142636,ASSET-00516,Emergency,217,1928,000140000482
WO-2142637,ASSET-00517,Corrective,195,1809,000140000483
WO-2142638,ASSET-00517,Corrective,80,720,000140000483
WO-2142639,ASSET-00517,Corrective,97,539,000140000483
WO-2142640,ASSET-00517,Corrective,220,1342,000140000483
WO-2142641,ASSET-00517,Preventive,0,,000140000483
WO-2142642,ASSET-00518,Preventive,0,,000140000484
WO-2142643,ASSET-00518,Preventive,0,,000140000484
WO-2142644,ASSET-00518,Preventive,0,,000140000484
WO-2142645,ASSET-00518,Preventive,0,,000140000484
WO-2142646,ASSET-00518,Preventive,0,,000140000484
WO-2142647,ASSET-00518,Preventive,0,,000140000484
WO-2142648,ASSET-00518,Preventive,0,,000140000484
WO-2142649,ASSET-00518,Preventive,0,,000140000484
WO-2142650,ASSET-00519,Corrective,67,1582,000140000485
WO-2142651,ASSET-00519,Corrective,151,672,000140000485
WO-2142652,ASSET-00519,Preventive,0,,000140000485
WO-2142653,ASSET-00519,Preventive,0,,000140000485
WO-2142654,ASSET-00519,Corrective,132,323,000140000485
WO-2142655,ASSET-00519,Preventive,0,,000140000485
WO-2142656,ASSET-00519,Preventive,0,,000140000485
WO-2142657,ASSET-00520,Emergency,299,1735,
WO-2142658,ASSET-00520,Corrective,57,1270,
WO-2142659,ASSET-00520,Corrective,223,890,
WO-2142660,ASSET-00520,Preventive,0,,
WO-2142661,ASSET-00520,Corrective,69,1505,
WO-2142662,ASSET-00520,Corrective,63,1688,
WO-2142663,ASSET-00521,Corrective,155,1387,000140000486
WO-2142664,ASSET-00521,Preventive,0,,000140000486
WO-2142665,ASSET-00521,Corrective,59,1289,000140000486
WO-2142666,ASSET-00521,Preventive,0,,000140000486
WO-2142667,ASSET-00521,Preventive,0,,000140000486
WO-2142668,ASSET-00522,Corrective,203,934,000140000487
WO-2142669,ASSET-00522,Preventive,0,,000140000487
WO-2142670,ASSET-00522,Preventive,0,,000140000487
WO-2142671,ASSET-00522,Preventive,0,,000140000487
WO-2142672,ASSET-00522,Preventive,0,,000140000487
WO-2142673,ASSET-00522,Preventive,0,,000140000487
WO-2142674,ASSET-00523,Corrective,139,1150,000140000488
WO-2142675,ASSET-00523,Preventive,0,,000140000488
WO-2142676,ASSET-00523,Preventive,0,,000140000488
WO-2142677,ASSET-00523,Preventive,0,,000140000488
WO-2142678,ASSET-00524,Corrective,162,1589,000140000489
WO-2142679,ASSET-00524,Preventive,0,,000140000489
WO-2142680,ASSET-00524,Preventive,0,,000140000489
WO-2142681,ASSET-00524,Preventive,0,,000140000489
WO-2142682,ASSET-00525,Preventive,0,,000140000490
WO-2142683,ASSET-00525,Corrective,30,1190,000140000490
WO-2142684,ASSET-00525,Preventive,0,,000140000490
WO-2142685,ASSET-00525,Corrective,56,1436,000140000490
WO-2142686,ASSET-00525,Corrective,145,1395,000140000490
WO-2142687,ASSET-00525,Preventive,0,,000140000490
WO-2142688,ASSET-00525,Preventive,0,,000140000490
WO-2142689,ASSET-00526,Corrective,230,777,000140000491
WO-2142690,ASSET-00526,Emergency,182,1335,000140000491
WO-2142691,ASSET-00526,Emergency,505,1520,000140000491
WO-2142692,ASSET-00526,Emergency,231,781,000140000491
WO-2142693,ASSET-00526,Emergency,106,1933,000140000491
WO-2142694,ASSET-00526,Corrective,207,495,000140000491
WO-2142695,ASSET-00527,Preventive,0,,000140000492
WO-2142696,ASSET-00527,Preventive,0,,000140000492
WO-2142697,ASSET-00527,Preventive,0,,000140000492
WO-2142698,ASSET-00527,Corrective,111,272,000140000492
WO-2142699,ASSET-00527,Preventive,0,,000140000492
WO-2142700,ASSET-00527,Corrective,99,1679,000140000492
WO-2142701,ASSET-00527,Corrective,188,972,000140000492
WO-2142702,ASSET-00527,Corrective,109,1083,000140000492
WO-2142703,ASSET-00528,Corrective,102,1233,000140000493
WO-2142704,ASSET-00528,Corrective,130,1808,000140000493
WO-2142705,ASSET-00528,Corrective,151,892,000140000493
WO-2142706,ASSET-00528,Preventive,0,,000140000493
WO-2142707,ASSET-00528,Emergency,559,1730,000140000493
WO-2142708,ASSET-00528,Preventive,0,,000140000493
WO-2142709,ASSET-00528,Preventive,0,,000140000493
WO-2142710,ASSET-00528,Preventive,0,,000140000493
WO-2142711,ASSET-00529,Preventive,0,,000140000494
WO-2142712,ASSET-00529,Corrective,37,1763,000140000494
WO-2142713,ASSET-00529,Preventive,0,,000140000494
WO-2142714,ASSET-00529,Corrective,97,1668,000140000494
WO-2142715,ASSET-00530,Preventive,0,,000140000495
WO-2142716,ASSET-00530,Corrective,65,681,000140000495
WO-2142717,ASSET-00530,Corrective,181,1224,000140000495
WO-2142718,ASSET-00530,Corrective,172,266,000140000495
WO-2142719,ASSET-00530,Corrective,44,540,000140000495
WO-2142720,ASSET-00530,Corrective,219,238,000140000495
WO-2142721,ASSET-00530,Emergency,431,1104,000140000495
WO-2142722,ASSET-00530,Preventive,0,,000140000495
WO-2142723,ASSET-00530,Corrective,221,704,000140000495
WO-2142724,ASSET-00531,Corrective,147,1562,000140000496
WO-2142725,ASSET-00531,Preventive,0,,000140000496
WO-2142726,ASSET-00531,Emergency,314,1801,000140000496
WO-2142727,ASSET-00531,Corrective,198,1550,000140000496
WO-2142728,ASSET-00531,Preventive,0,,000140000496
WO-2142729,ASSET-00531,Preventive,0,,000140000496
WO-2142730,ASSET-00531,Preventive,0,,000140000496
WO-2142731,ASSET-00531,Preventive,0,,000140000496
WO-2142732,ASSET-00531,Preventive,0,,000140000496
WO-2142733,ASSET-00531,Corrective,108,280,000140000496
WO-2142734,ASSET-00531,Corrective,232,1644,000140000496
WO-2142735,ASSET-00532,Preventive,0,,000140000497
WO-2142736,ASSET-00532,Preventive,0,,000140000497
WO-2142737,ASSET-00532,Preventive,0,,000140000497
WO-2142738,ASSET-00532,Corrective,235,846,000140000497
WO-2142739,ASSET-00533,Emergency,167,347,000140000498
WO-2142740,ASSET-00533,Preventive,0,,000140000498
WO-2142741,ASSET-00533,Preventive,0,,000140000498
WO-2142742,ASSET-00533,Preventive,0,,000140000498
WO-2142743,ASSET-00534,Corrective,115,1519,000140000499
WO-2142744,ASSET-00534,Preventive,0,,000140000499
WO-2142745,ASSET-00534,Preventive,0,,000140000499
WO-2142746,ASSET-00534,Corrective,103,1295,000140000499
WO-2142747,ASSET-00534,Preventive,0,,000140000499
WO-2142748,ASSET-00534,Corrective,193,1025,000140000499
WO-2142749,ASSET-00534,Preventive,0,,000140000499
WO-2142750,ASSET-00535,Preventive,0,,000140000500
WO-2142751,ASSET-00535,Emergency,89,1067,000140000500
WO-2142752,ASSET-00535,Corrective,168,1568,000140000500
WO-2142753,ASSET-00535,Preventive,0,,000140000500
WO-2142754,ASSET-00535,Preventive,0,,000140000500
WO-2142755,ASSET-00535,Preventive,0,,000140000500
WO-2142756,ASSET-00535,Preventive,0,,000140000500
WO-2142757,ASSET-00536,Preventive,0,,000140000501
WO-2142758,ASSET-00536,Preventive,0,,000140000501
WO-2142759,ASSET-00536,Corrective,229,504,000140000501
WO-2142760,ASSET-00536,Preventive,0,,000140000501
WO-2142761,ASSET-00536,Corrective,215,777,000140000501
WO-2142762,ASSET-00537,Corrective,40,1307,000140000502
WO-2142763,ASSET-00537,Corrective,152,1954,000140000502
WO-2142764,ASSET-00537,Preventive,0,,000140000502
WO-2142765,ASSET-00537,Preventive,0,,000140000502
WO-2142766,ASSET-00537,Emergency,551,1509,000140000502
WO-2142767,ASSET-00537,Corrective,151,1288,000140000502
WO-2142768,ASSET-00538,Corrective,205,429,000140000503
WO-2142769,ASSET-00538,Emergency,567,538,000140000503
WO-2142770,ASSET-00538,Preventive,0,,000140000503
WO-2142771,ASSET-00538,Corrective,199,1939,000140000503
WO-2142772,ASSET-00538,Corrective,42,1109,000140000503
WO-2142773,ASSET-00539,Emergency,136,932,000140000504
WO-2142774,ASSET-00539,Corrective,209,1871,000140000504
WO-2142775,ASSET-00539,Corrective,73,1833,000140000504
WO-2142776,ASSET-00540,Preventive,0,,000140000505
WO-2142777,ASSET-00540,Emergency,568,1770,000140000505
WO-2142778,ASSET-00541,Preventive,0,,000140000506
WO-2142779,ASSET-00541,Preventive,0,,000140000506
WO-2142780,ASSET-00541,Corrective,62,698,000140000506
WO-2142781,ASSET-00541,Preventive,0,,000140000506
WO-2142782,ASSET-00541,Preventive,0,,000140000506
WO-2142783,ASSET-00541,Preventive,0,,000140000506
WO-2142784,ASSET-00541,Preventive,0,,000140000506
WO-2142785,ASSET-00541,Preventive,0,,000140000506
WO-2142786,ASSET-00541,Preventive,0,,000140000506
WO-2142787,ASSET-00541,Corrective,116,1975,000140000506
WO-2142788,ASSET-00542,Corrective,60,1091,000140000507
WO-2142789,ASSET-00542,Emergency,305,1088,000140000507
WO-2142790,ASSET-00542,Corrective,60,886,000140000507
WO-2142791,ASSET-00542,Emergency,247,1420,000140000507
WO-2142792,ASSET-00542,Corrective,200,280,000140000507
WO-2142793,ASSET-00542,Preventive,0,,000140000507
WO-2142794,ASSET-00542,Corrective,94,1854,000140000507
WO-2142795,ASSET-00543,Preventive,0,,000140000508
WO-2142796,ASSET-00543,Corrective,230,1808,000140000508
WO-2142797,ASSET-00543,Preventive,0,,000140000508
WO-2142798,ASSET-00543,Preventive,0,,000140000508
WO-2142799,ASSET-00543,Preventive,0,,000140000508
WO-2142800,ASSET-00543,Preventive,0,,000140000508
WO-2142801,ASSET-00544,Corrective,212,484,000140000509
WO-2142802,ASSET-00544,Corrective,170,721,000140000509
WO-2142803,ASSET-00544,Emergency,354,263,000140000509
WO-2142804,ASSET-00544,Corrective,203,1410,000140000509
WO-2142805,ASSET-00544,Preventive,0,,000140000509
WO-2142806,ASSET-00544,Corrective,144,212,000140000509
WO-2142807,ASSET-00544,Preventive,0,,000140000509
WO-2142808,ASSET-00544,Preventive,0,,000140000509
WO-2142809,ASSET-00544,Preventive,0,,000140000509
WO-2142810,ASSET-00545,Corrective,160,754,000140000510
WO-2142811,ASSET-00545,Corrective,84,758,000140000510
WO-2142812,ASSET-00545,Corrective,60,684,000140000510
WO-2142813,ASSET-00545,Corrective,98,1894,000140000510
WO-2142814,ASSET-00546,Preventive,0,,000140000511
WO-2142815,ASSET-00546,Corrective,31,917,000140000511
WO-2142816,ASSET-00546,Preventive,0,,000140000511
WO-2142817,ASSET-00546,Preventive,0,,000140000511
WO-2142818,ASSET-00546,Preventive,0,,000140000511
WO-2142819,ASSET-00546,Preventive,0,,000140000511
WO-2142820,ASSET-00546,Preventive,0,,000140000511
WO-2142821,ASSET-00546,Emergency,474,1538,000140000511
WO-2142822,ASSET-00547,Preventive,0,,000140000512
WO-2142823,ASSET-00547,Preventive,0,,000140000512
WO-2142824,ASSET-00547,Preventive,0,,000140000512
WO-2142825,ASSET-00547,Preventive,0,,000140000512
WO-2142826,ASSET-00548,Preventive,0,,000140000513
WO-2142827,ASSET-00548,Preventive,0,,000140000513
WO-2142828,ASSET-00548,Preventive,0,,000140000513
WO-2142829,ASSET-00548,Emergency,106,1192,000140000513
WO-2142830,ASSET-00549,Preventive,0,,000140000514
WO-2142831,ASSET-00549,Preventive,0,,000140000514
WO-2142832,ASSET-00549,Preventive,0,,000140000514
WO-2142833,ASSET-00549,Preventive,0,,000140000514
WO-2142834,ASSET-00549,Preventive,0,,000140000514
WO-2142835,ASSET-00550,Emergency,518,1987,
WO-2142836,ASSET-00550,Preventive,0,,
WO-2142837,ASSET-00551,Corrective,35,253,000140000515
WO-2142838,ASSET-00551,Emergency,144,1349,000140000515
WO-2142839,ASSET-00551,Corrective,199,345,000140000515
WO-2142840,ASSET-00551,Emergency,511,1112,000140000515
WO-2142841,ASSET-00552,Preventive,0,,000140000516
WO-2142842,ASSET-00552,Preventive,0,,000140000516
WO-2142843,ASSET-00552,Preventive,0,,000140000516
WO-2142844,ASSET-00552,Corrective,183,1021,000140000516
WO-2142845,ASSET-00552,Preventive,0,,000140000516
WO-2142846,ASSET-00553,Corrective,182,370,000140000517
WO-2142847,ASSET-00553,Preventive,0,,000140000517
WO-2142848,ASSET-00553,Preventive,0,,000140000517
WO-2142849,ASSET-00553,Preventive,0,,000140000517
WO-2142850,ASSET-00553,Corrective,198,378,000140000517
WO-2142851,ASSET-00553,Preventive,0,,000140000517
WO-2142852,ASSET-00553,Preventive,0,,000140000517
WO-2142853,ASSET-00554,Preventive,0,,000140000518
WO-2142854,ASSET-00554,Preventive,0,,000140000518
WO-2142855,ASSET-00554,Preventive,0,,000140000518
WO-2142856,ASSET-00554,Preventive,0,,000140000518
WO-2142857,ASSET-00555,Preventive,0,,000140000519
WO-2142858,ASSET-00555,Preventive,0,,000140000519
WO-2142859,ASSET-00555,Preventive,0,,000140000519
WO-2142860,ASSET-00555,Preventive,0,,000140000519
WO-2142861,ASSET-00556,Preventive,0,,000140000520
WO-2142862,ASSET-00556,Corrective,98,458,000140000520
WO-2142863,ASSET-00556,Corrective,167,1575,000140000520
WO-2142864,ASSET-00557,Emergency,405,742,000140000521
WO-2142865,ASSET-00557,Preventive,0,,000140000521
WO-2142866,ASSET-00557,Preventive,0,,000140000521
WO-2142867,ASSET-00557,Preventive,0,,000140000521
WO-2142868,ASSET-00558,Emergency,555,1870,000140000522
WO-2142869,ASSET-00558,Preventive,0,,000140000522
WO-2142870,ASSET-00558,Corrective,139,573,000140000522
WO-2142871,ASSET-00558,Preventive,0,,000140000522
WO-2142872,ASSET-00558,Emergency,525,1307,000140000522
WO-2142873,ASSET-00558,Corrective,212,1338,000140000522
WO-2142874,ASSET-00558,Preventive,0,,000140000522
WO-2142875,ASSET-00558,Preventive,0,,000140000522
WO-2142876,ASSET-00559,Corrective,212,1463,000140000523
WO-2142877,ASSET-00559,Emergency,193,1951,000140000523
WO-2142878,ASSET-00559,Preventive,0,,000140000523
WO-2142879,ASSET-00560,Emergency,530,1135,000140000525
WO-2142880,ASSET-00560,Preventive,0,,000140000525
WO-2142881,ASSET-00560,Corrective,44,537,000140000525
WO-2142882,ASSET-00560,Preventive,0,,000140000525
WO-2142883,ASSET-00560,Corrective,197,1613,000140000525
WO-2142884,ASSET-00561,Preventive,0,,000140000526
WO-2142885,ASSET-00561,Preventive,0,,000140000526
WO-2142886,ASSET-00561,Preventive,0,,000140000526
WO-2142887,ASSET-00561,Preventive,0,,000140000526
WO-2142888,ASSET-00561,Corrective,69,326,000140000526
WO-2142889,ASSET-00561,Corrective,91,804,000140000526
WO-2142890,ASSET-00562,Corrective,83,573,000140000527
WO-2142891,ASSET-00562,Corrective,74,598,000140000527
WO-2142892,ASSET-00562,Preventive,0,,000140000527
WO-2142893,ASSET-00563,Corrective,71,261,
WO-2142894,ASSET-00563,Corrective,186,981,
WO-2142895,ASSET-00563,Emergency,351,920,
WO-2142896,ASSET-00563,Preventive,0,,
WO-2142897,ASSET-00563,Preventive,0,,
WO-2142898,ASSET-00564,Preventive,0,,000140000528
WO-2142899,ASSET-00564,Preventive,0,,000140000528
WO-2142900,ASSET-00565,Preventive,0,,000140000529
WO-2142901,ASSET-00565,Corrective,39,949,000140000529
WO-2142902,ASSET-00565,Preventive,0,,000140000529
WO-2142903,ASSET-00565,Preventive,0,,000140000529
WO-2142904,ASSET-00565,Preventive,0,,000140000529
WO-2142905,ASSET-00566,Corrective,188,1027,000140000530
WO-2142906,ASSET-00566,Preventive,0,,000140000530
WO-2142907,ASSET-00566,Corrective,195,1864,000140000530
WO-2142908,ASSET-00566,Preventive,0,,000140000530
WO-2142909,ASSET-00566,Corrective,202,1697,000140000530
WO-2142910,ASSET-00566,Preventive,0,,000140000530
WO-2142911,ASSET-00566,Corrective,51,1820,000140000530
WO-2142912,ASSET-00567,Emergency,469,317,000140000531
WO-2142913,ASSET-00568,Preventive,0,,000140000532
WO-2142914,ASSET-00568,Preventive,0,,000140000532
WO-2142915,ASSET-00569,Preventive,0,,000140000533
WO-2142916,ASSET-00569,Corrective,34,1812,000140000533
WO-2142917,ASSET-00569,Corrective,40,1276,000140000533
WO-2142918,ASSET-00569,Preventive,0,,000140000533
WO-2142919,ASSET-00570,Corrective,166,1452,000140000534
WO-2142920,ASSET-00570,Preventive,0,,000140000534
WO-2142921,ASSET-00570,Corrective,52,1565,000140000534
WO-2142922,ASSET-00570,Preventive,0,,000140000534
WO-2142923,ASSET-00570,Preventive,0,,000140000534
WO-2142924,ASSET-00570,Corrective,63,211,000140000534
WO-2142925,ASSET-00571,Preventive,0,,000140000535
WO-2142926,ASSET-00571,Emergency,262,1432,000140000535
WO-2142927,ASSET-00571,Preventive,0,,000140000535
WO-2142928,ASSET-00571,Corrective,153,619,000140000535
WO-2142929,ASSET-00572,Preventive,0,,000140000536
WO-2142930,ASSET-00572,Preventive,0,,000140000536
WO-2142931,ASSET-00572,Preventive,0,,000140000536
WO-2142932,ASSET-00572,Preventive,0,,000140000536
WO-2142933,ASSET-00572,Corrective,30,1765,000140000536
WO-2142934,ASSET-00572,Corrective,129,1713,000140000536
WO-2142935,ASSET-00572,Emergency,145,1061,000140000536
WO-2142936,ASSET-00572,Emergency,153,1104,000140000536
WO-2142937,ASSET-00573,Corrective,65,1807,000140000537
WO-2142938,ASSET-00573,Corrective,159,694,000140000537
WO-2142939,ASSET-00573,Corrective,54,1058,000140000537
WO-2142940,ASSET-00573,Preventive,0,,000140000537
WO-2142941,ASSET-00573,Corrective,51,1190,000140000537
WO-2142942,ASSET-00573,Corrective,210,681,000140000537
WO-2142943,ASSET-00573,Preventive,0,,000140000537
WO-2142944,ASSET-00574,Preventive,0,,000140000538
WO-2142945,ASSET-00574,Corrective,192,940,000140000538
WO-2142946,ASSET-00574,Emergency,364,1133,000140000538
WO-2142947,ASSET-00574,Preventive,0,,000140000538
WO-2142948,ASSET-00574,Emergency,248,401,000140000538
WO-2142949,ASSET-00574,Corrective,174,1856,000140000538
WO-2142950,ASSET-00575,Corrective,172,426,000140000539
WO-2142951,ASSET-00575,Preventive,0,,000140000539
WO-2142952,ASSET-00575,Preventive,0,,000140000539
WO-2142953,ASSET-00575,Corrective,96,1449,000140000539
WO-2142954,ASSET-00575,Corrective,73,1644,000140000539
WO-2142955,ASSET-00576,Preventive,0,,000140000540
WO-2142956,ASSET-00576,Preventive,0,,000140000540
WO-2142957,ASSET-00577,Corrective,211,502,000140000541
WO-2142958,ASSET-00577,Preventive,0,,000140000541
WO-2142959,ASSET-00577,Preventive,0,,000140000541
WO-2142960,ASSET-00577,Corrective,38,796,000140000541
WO-2142961,ASSET-00578,Corrective,185,424,000140000542
WO-2142962,ASSET-00578,Preventive,0,,000140000542
WO-2142963,ASSET-00579,Preventive,0,,000140000543
WO-2142964,ASSET-00579,Corrective,78,1258,000140000543
WO-2142965,ASSET-00579,Preventive,0,,000140000543
WO-2142966,ASSET-00579,Preventive,0,,000140000543
WO-2142967,ASSET-00579,Preventive,0,,000140000543
WO-2142968,ASSET-00580,Preventive,0,,000140000544
WO-2142969,ASSET-00580,Emergency,464,1075,000140000544
WO-2142970,ASSET-00580,Preventive,0,,000140000544
WO-2142971,ASSET-00580,Preventive,0,,000140000544
WO-2142972,ASSET-00580,Preventive,0,,000140000544
WO-2142973,ASSET-00580,Corrective,125,273,000140000544
WO-2142974,ASSET-00580,Corrective,52,1112,000140000544
WO-2142975,ASSET-00581,Preventive,0,,000140000545
WO-2142976,ASSET-00581,Preventive,0,,000140000545
WO-2142977,ASSET-00581,Preventive,0,,000140000545
WO-2142978,ASSET-00582,Preventive,0,,000140000546
WO-2142979,ASSET-00582,Corrective,205,1083,000140000546
WO-2142980,ASSET-00582,Corrective,232,1324,000140000546
WO-2142981,ASSET-00582,Emergency,243,1245,000140000546
WO-2142982,ASSET-00582,Preventive,0,,000140000546
WO-2142983,ASSET-00582,Preventive,0,,000140000546
WO-2142984,ASSET-00582,Corrective,139,1429,000140000546
WO-2142985,ASSET-00582,Corrective,63,1747,000140000546
WO-2142986,ASSET-00583,Preventive,0,,000140000547
WO-2142987,ASSET-00583,Corrective,193,1223,000140000547
WO-2142988,ASSET-00583,Preventive,0,,000140000547
WO-2142989,ASSET-00583,Corrective,134,1324,000140000547
WO-2142990,ASSET-00583,Preventive,0,,000140000547
WO-2142991,ASSET-00583,Preventive,0,,000140000547
WO-2142992,ASSET-00583,Emergency,170,1096,000140000547
WO-2142993,ASSET-00584,Emergency,525,999,000140000548
WO-2142994,ASSET-00584,Preventive,0,,000140000548
WO-2142995,ASSET-00584,Corrective,158,244,000140000548
WO-2142996,ASSET-00584,Preventive,0,,000140000548
WO-2142997,ASSET-00585,Preventive,0,,000140000549
WO-2142998,ASSET-00585,Preventive,0,,000140000549
WO-2142999,ASSET-00585,Corrective,114,1278,000140000549
WO-2143000,ASSET-00585,Preventive,0,,000140000549
WO-2143001,ASSET-00585,Preventive,0,,000140000549
WO-2143002,ASSET-00586,Preventive,0,,000140000550
WO-2143003,ASSET-00587,Preventive,0,,000140000551
WO-2143004,ASSET-00587,Preventive,0,,000140000551
WO-2143005,ASSET-00587,Preventive,0,,000140000551
WO-2143006,ASSET-00587,Corrective,31,1452,000140000551
WO-2143007,ASSET-00587,Corrective,174,1510,000140000551
WO-2143008,ASSET-00588,Preventive,0,,000140000552
WO-2143009,ASSET-00588,Preventive,0,,000140000552
WO-2143010,ASSET-00588,Emergency,150,1807,000140000552
WO-2143011,ASSET-00589,Emergency,89,1515,000140000553
WO-2143012,ASSET-00589,Preventive,0,,000140000553
WO-2143013,ASSET-00589,Emergency,344,355,000140000553
WO-2143014,ASSET-00589,Preventive,0,,000140000553
WO-2143015,ASSET-00590,Corrective,34,1081,000140000554
WO-2143016,ASSET-00590,Preventive,0,,000140000554
WO-2143017,ASSET-00590,Corrective,100,804,000140000554
WO-2143018,ASSET-00591,Preventive,0,,000140000555
WO-2143019,ASSET-00591,Corrective,176,630,000140000555
WO-2143020,ASSET-00591,Emergency,103,773,000140000555
WO-2143021,ASSET-00591,Corrective,130,934,000140000555
WO-2143022,ASSET-00591,Corrective,78,1138,000140000555
WO-2143023,ASSET-00591,Preventive,0,,000140000555
WO-2143024,ASSET-00591,Corrective,171,1997,000140000555
WO-2143025,ASSET-00592,Preventive,0,,000140000556
WO-2143026,ASSET-00592,Preventive,0,,000140000556
WO-2143027,ASSET-00592,Corrective,172,768,000140000556
WO-2143028,ASSET-00592,Preventive,0,,000140000556
WO-2143029,ASSET-00593,Corrective,203,813,000140000557
WO-2143030,ASSET-00593,Corrective,238,694,000140000557
WO-2143031,ASSET-00593,Preventive,0,,000140000557
WO-2143032,ASSET-00593,Preventive,0,,000140000557
WO-2143033,ASSET-00593,Preventive,0,,000140000557
WO-2143034,ASSET-00593,Corrective,154,513,000140000557
WO-2143035,ASSET-00593,Corrective,89,962,000140000557
WO-2143036,ASSET-00594,Emergency,350,1925,000140000558
WO-2143037,ASSET-00594,Corrective,60,1101,000140000558
WO-2143038,ASSET-00594,Preventive,0,,000140000558
WO-2143039,ASSET-00594,Preventive,0,,000140000558
WO-2143040,ASSET-00594,Emergency,484,418,000140000558
WO-2143041,ASSET-00594,Preventive,0,,000140000558
WO-2143042,ASSET-00594,Preventive,0,,000140000558
WO-2143043,ASSET-00594,Preventive,0,,000140000558
WO-2143044,ASSET-00595,Corrective,53,1889,
WO-2143045,ASSET-00595,Preventive,0,,
WO-2143046,ASSET-00595,Preventive,0,,
WO-2143047,ASSET-00595,Corrective,48,1571,
WO-2143048,ASSET-00596,Preventive,0,,000140000559
WO-2143049,ASSET-00596,Emergency,295,1926,000140000559
WO-2143050,ASSET-00596,Preventive,0,,000140000559
WO-2143051,ASSET-00596,Corrective,215,1611,000140000559
WO-2143052,ASSET-00596,Preventive,0,,000140000559
WO-2143053,ASSET-00596,Preventive,0,,000140000559
WO-2143054,ASSET-00596,Preventive,0,,000140000559
WO-2143055,ASSET-00596,Corrective,30,1434,000140000559
WO-2143056,ASSET-00597,Preventive,0,,000140000560
WO-2143057,ASSET-00597,Corrective,128,850,000140000560
WO-2143058,ASSET-00597,Preventive,0,,000140000560
WO-2143059,ASSET-00597,Preventive,0,,000140000560
WO-2143060,ASSET-00597,Preventive,0,,000140000560
WO-2143061,ASSET-00597,Preventive,0,,000140000560
WO-2143062,ASSET-00597,Corrective,42,1080,000140000560
WO-2143063,ASSET-00598,Corrective,224,803,
WO-2143064,ASSET-00598,Emergency,453,403,
WO-2143065,ASSET-00598,Preventive,0,,
WO-2143066,ASSET-00598,Emergency,178,399,
WO-2143067,ASSET-00598,Preventive,0,,
WO-2143068,ASSET-00598,Preventive,0,,
WO-2143069,ASSET-00599,Emergency,268,953,000140000561
WO-2143070,ASSET-00599,Preventive,0,,000140000561
WO-2143071,ASSET-00599,Emergency,524,1569,000140000561
WO-2143072,ASSET-00599,Emergency,313,1914,000140000561
WO-2143073,ASSET-00599,Preventive,0,,000140000561
WO-2143074,ASSET-00600,Preventive,0,,000140000562
WO-2143075,ASSET-00600,Emergency,522,1840,000140000562
WO-2143076,ASSET-00600,Preventive,0,,000140000562
WO-2143077,ASSET-00600,Preventive,0,,000140000562
WO-2143078,ASSET-00600,Preventive,0,,000140000562
WO-2143079,ASSET-00600,Preventive,0,,000140000562
WO-2143080,ASSET-00600,Corrective,176,1742,000140000562
WO-2143081,ASSET-00600,Emergency,416,1915,000140000562
WO-2143082,ASSET-00601,Preventive,0,,000140000563
WO-2143083,ASSET-00601,Emergency,558,957,000140000563
WO-2143084,ASSET-00601,Corrective,179,1332,000140000563
WO-2143085,ASSET-00602,Preventive,0,,000140000564
WO-2143086,ASSET-00602,Preventive,0,,000140000564
WO-2143087,ASSET-00602,Preventive,0,,000140000564
WO-2143088,ASSET-00602,Corrective,44,983,000140000564
WO-2143089,ASSET-00602,Emergency,503,524,000140000564
WO-2143090,ASSET-00602,Corrective,147,642,000140000564
WO-2143091,ASSET-00603,Corrective,156,639,000140000565
WO-2143092,ASSET-00603,Corrective,159,1255,000140000565
WO-2143093,ASSET-00603,Corrective,190,463,000140000565
WO-2143094,ASSET-00603,Corrective,141,420,000140000565
WO-2143095,ASSET-00603,Preventive,0,,000140000565
WO-2143096,ASSET-00604,Preventive,0,,000140000566
WO-2143097,ASSET-00604,Corrective,83,1095,000140000566
WO-2143098,ASSET-00604,Corrective,127,1085,000140000566
WO-2143099,ASSET-00604,Corrective,59,495,000140000566
WO-2143100,ASSET-00605,Corrective,136,724,000140000567
WO-2143101,ASSET-00605,Corrective,108,1768,000140000567
WO-2143102,ASSET-00605,Preventive,0,,000140000567
WO-2143103,ASSET-00605,Preventive,0,,000140000567
WO-2143104,ASSET-00605,Corrective,218,335,000140000567
WO-2143105,ASSET-00605,Preventive,0,,000140000567
WO-2143106,ASSET-00605,Preventive,0,,000140000567
WO-2143107,ASSET-00605,Corrective,83,265,000140000567
WO-2143108,ASSET-00606,Preventive,0,,000140000568
WO-2143109,ASSET-00606,Corrective,31,322,000140000568
WO-2143110,ASSET-00606,Preventive,0,,000140000568
WO-2143111,ASSET-00606,Corrective,124,378,000140000568
WO-2143112,ASSET-00607,Preventive,0,,000140000569
WO-2143113,ASSET-00607,Preventive,0,,000140000569
WO-2143114,ASSET-00607,Preventive,0,,000140000569
WO-2143115,ASSET-00607,Preventive,0,,000140000569
WO-2143116,ASSET-00607,Preventive,0,,000140000569
WO-2143117,ASSET-00607,Emergency,600,277,000140000569
WO-2143118,ASSET-00608,Preventive,0,,000140000570
WO-2143119,ASSET-00608,Corrective,215,1368,000140000570
WO-2143120,ASSET-00608,Preventive,0,,000140000570
WO-2143121,ASSET-00608,Preventive,0,,000140000570
WO-2143122,ASSET-00608,Emergency,225,542,000140000570
WO-2143123,ASSET-00609,Corrective,173,492,000140000571
WO-2143124,ASSET-00609,Preventive,0,,000140000571
WO-2143125,ASSET-00609,Preventive,0,,000140000571
WO-2143126,ASSET-00609,Corrective,179,1624,000140000571
WO-2143127,ASSET-00610,Preventive,0,,000140000572
WO-2143128,ASSET-00610,Preventive,0,,000140000572
WO-2143129,ASSET-00610,Corrective,83,1584,000140000572
WO-2143130,ASSET-00610,Preventive,0,,000140000572
WO-2143131,ASSET-00610,Preventive,0,,000140000572
WO-2143132,ASSET-00610,Preventive,0,,000140000572
WO-2143133,ASSET-00610,Preventive,0,,000140000572
WO-2143134,ASSET-00611,Preventive,0,,000140000573
WO-2143135,ASSET-00611,Preventive,0,,000140000573
WO-2143136,ASSET-00611,Preventive,0,,000140000573
WO-2143137,ASSET-00611,Preventive,0,,000140000573
WO-2143138,ASSET-00611,Preventive,0,,000140000573
WO-2143139,ASSET-00611,Preventive,0,,000140000573
WO-2143140,ASSET-00611,Corrective,159,434,000140000573
WO-2143141,ASSET-00611,Corrective,105,1079,000140000573
WO-2143142,ASSET-00612,Corrective,76,1259,000140000574
WO-2143143,ASSET-00612,Emergency,377,564,000140000574
WO-2143144,ASSET-00612,Corrective,233,1834,000140000574
WO-2143145,ASSET-00612,Preventive,0,,000140000574
WO-2143146,ASSET-00612,Preventive,0,,000140000574
WO-2143147,ASSET-00612,Preventive,0,,000140000574
WO-2143148,ASSET-00612,Emergency,247,580,000140000574
WO-2143149,ASSET-00612,Preventive,0,,000140000574
WO-2143150,ASSET-00613,Corrective,211,1138,
WO-2143151,ASSET-00613,Preventive,0,,
WO-2143152,ASSET-00613,Preventive,0,,
WO-2143153,ASSET-00613,Preventive,0,,
WO-2143154,ASSET-00613,Preventive,0,,
WO-2143155,ASSET-00614,Emergency,474,1795,000140000575
WO-2143156,ASSET-00614,Preventive,0,,000140000575
WO-2143157,ASSET-00615,Corrective,36,469,000140000576
WO-2143158,ASSET-00615,Corrective,33,341,000140000576
WO-2143159,ASSET-00615,Preventive,0,,000140000576
WO-2143160,ASSET-00615,Preventive,0,,000140000576
WO-2143161,ASSET-00615,Preventive,0,,000140000576
WO-2143162,ASSET-00616,Preventive,0,,000140000577
WO-2143163,ASSET-00616,Corrective,80,1527,000140000577
WO-2143164,ASSET-00616,Preventive,0,,000140000577
WO-2143165,ASSET-00616,Emergency,165,1352,000140000577
WO-2143166,ASSET-00616,Preventive,0,,000140000577
WO-2143167,ASSET-00616,Corrective,183,1670,000140000577
WO-2143168,ASSET-00617,Corrective,161,1055,000140000578
WO-2143169,ASSET-00617,Corrective,145,1927,000140000578
WO-2143170,ASSET-00617,Preventive,0,,000140000578
WO-2143171,ASSET-00617,Corrective,176,1924,000140000578
WO-2143172,ASSET-00618,Preventive,0,,000140000579
WO-2143173,ASSET-00618,Corrective,97,1782,000140000579
WO-2143174,ASSET-00618,Corrective,57,1987,000140000579
WO-2143175,ASSET-00618,Emergency,363,880,000140000579
WO-2143176,ASSET-00619,Emergency,519,1210,000140000580
WO-2143177,ASSET-00619,Preventive,0,,000140000580
WO-2143178,ASSET-00619,Preventive,0,,000140000580
WO-2143179,ASSET-00619,Emergency,87,276,000140000580
WO-2143180,ASSET-00620,Preventive,0,,000140000581
WO-2143181,ASSET-00620,Corrective,233,783,000140000581
WO-2143182,ASSET-00621,Preventive,0,,000140000582
WO-2143183,ASSET-00621,Corrective,216,308,000140000582
WO-2143184,ASSET-00621,Preventive,0,,000140000582
WO-2143185,ASSET-00621,Preventive,0,,000140000582
WO-2143186,ASSET-00621,Preventive,0,,000140000582
WO-2143187,ASSET-00621,Corrective,231,1341,000140000582
WO-2143188,ASSET-00622,Emergency,299,232,000140000583
WO-2143189,ASSET-00622,Emergency,290,1683,000140000583
WO-2143190,ASSET-00623,Corrective,145,341,000140000584
WO-2143191,ASSET-00623,Corrective,179,1037,000140000584
WO-2143192,ASSET-00624,Corrective,232,1704,000140000585
WO-2143193,ASSET-00624,Preventive,0,,000140000585
WO-2143194,ASSET-00624,Corrective,43,234,000140000585
WO-2143195,ASSET-00625,Preventive,0,,000140000586
WO-2143196,ASSET-00625,Preventive,0,,000140000586
WO-2143197,ASSET-00625,Preventive,0,,000140000586
WO-2143198,ASSET-00625,Preventive,0,,000140000586
WO-2143199,ASSET-00626,Corrective,93,1787,000140000587
WO-2143200,ASSET-00626,Preventive,0,,000140000587
WO-2143201,ASSET-00626,Preventive,0,,000140000587
WO-2143202,ASSET-00626,Preventive,0,,000140000587
WO-2143203,ASSET-00626,Corrective,88,435,000140000587
WO-2143204,ASSET-00626,Corrective,149,694,000140000587
WO-2143205,ASSET-00626,Preventive,0,,000140000587
WO-2143206,ASSET-00626,Corrective,114,1065,000140000587
WO-2143207,ASSET-00627,Preventive,0,,000140000588
WO-2143208,ASSET-00627,Preventive,0,,000140000588
WO-2143209,ASSET-00627,Emergency,99,1803,000140000588
WO-2143210,ASSET-00627,Preventive,0,,000140000588
WO-2143211,ASSET-00628,Preventive,0,,000140000589
WO-2143212,ASSET-00628,Corrective,138,368,000140000589
WO-2143213,ASSET-00628,Preventive,0,,000140000589
WO-2143214,ASSET-00628,Corrective,195,623,000140000589
WO-2143215,ASSET-00629,Emergency,380,929,000140000590
WO-2143216,ASSET-00629,Preventive,0,,000140000590
WO-2143217,ASSET-00629,Corrective,86,1697,000140000590
WO-2143218,ASSET-00629,Corrective,40,366,000140000590
WO-2143219,ASSET-00629,Preventive,0,,000140000590
WO-2143220,ASSET-00630,Corrective,97,1368,000140000591
WO-2143221,ASSET-00630,Emergency,452,956,000140000591
WO-2143222,ASSET-00630,Corrective,46,1155,000140000591
WO-2143223,ASSET-00630,Corrective,169,1113,000140000591
WO-2143224,ASSET-00630,Preventive,0,,000140000591
WO-2143225,ASSET-00631,Preventive,0,,000140000592
WO-2143226,ASSET-00631,Corrective,183,396,000140000592
WO-2143227,ASSET-00631,Preventive,0,,000140000592
WO-2143228,ASSET-00631,Preventive,0,,000140000592
WO-2143229,ASSET-00632,Emergency,171,663,000140000593
WO-2143230,ASSET-00632,Preventive,0,,000140000593
WO-2143231,ASSET-00632,Corrective,80,411,000140000593
WO-2143232,ASSET-00632,Emergency,528,1885,000140000593
WO-2143233,ASSET-00632,Emergency,359,1845,000140000593
WO-2143234,ASSET-00632,Corrective,139,539,000140000593
WO-2143235,ASSET-00632,Preventive,0,,000140000593
WO-2143236,ASSET-00632,Preventive,0,,000140000593
WO-2143237,ASSET-00633,Emergency,460,454,000140000594
WO-2143238,ASSET-00633,Corrective,157,1694,000140000594
WO-2143239,ASSET-00633,Preventive,0,,000140000594
WO-2143240,ASSET-00633,Preventive,0,,000140000594
WO-2143241,ASSET-00633,Corrective,225,1971,000140000594
WO-2143242,ASSET-00633,Preventive,0,,000140000594
WO-2143243,ASSET-00633,Corrective,37,563,000140000594
WO-2143244,ASSET-00633,Corrective,44,1373,000140000594
WO-2143245,ASSET-00634,Preventive,0,,000140000595
WO-2143246,ASSET-00634,Corrective,104,1597,000140000595
WO-2143247,ASSET-00634,Corrective,184,1558,000140000595
WO-2143248,ASSET-00634,Preventive,0,,000140000595
WO-2143249,ASSET-00634,Preventive,0,,000140000595
WO-2143250,ASSET-00635,Corrective,186,1249,000140000596
WO-2143251,ASSET-00635,Preventive,0,,000140000596
WO-2143252,ASSET-00635,Preventive,0,,000140000596
WO-2143253,ASSET-00636,Corrective,60,739,000140000597
WO-2143254,ASSET-00636,Corrective,196,261,000140000597
WO-2143255,ASSET-00636,Corrective,119,510,000140000597
WO-2143256,ASSET-00636,Preventive,0,,000140000597
WO-2143257,ASSET-00636,Corrective,169,877,000140000597
WO-2143258,ASSET-00636,Corrective,42,545,000140000597
WO-2143259,ASSET-00637,Preventive,0,,000140000598
WO-2143260,ASSET-00637,Corrective,107,865,000140000598
WO-2143261,ASSET-00637,Preventive,0,,000140000598
WO-2143262,ASSET-00637,Preventive,0,,000140000598
WO-2143263,ASSET-00637,Corrective,46,530,000140000598
WO-2143264,ASSET-00637,Corrective,91,1754,000140000598
WO-2143265,ASSET-00637,Preventive,0,,000140000598
WO-2143266,ASSET-00637,Preventive,0,,000140000598
WO-2143267,ASSET-00638,Emergency,166,893,000140000599
WO-2143268,ASSET-00638,Preventive,0,,000140000599
WO-2143269,ASSET-00638,Emergency,60,388,000140000599
WO-2143270,ASSET-00638,Corrective,38,1033,000140000599
WO-2143271,ASSET-00638,Preventive,0,,000140000599
WO-2143272,ASSET-00639,Emergency,68,1377,000140000600
WO-2143273,ASSET-00639,Corrective,129,1694,000140000600
WO-2143274,ASSET-00639,Preventive,0,,000140000600
WO-2143275,ASSET-00639,Preventive,0,,000140000600
WO-2143276,ASSET-00640,Preventive,0,,000140000601
WO-2143277,ASSET-00640,Corrective,184,512,000140000601
WO-2143278,ASSET-00640,Preventive,0,,000140000601
WO-2143279,ASSET-00640,Preventive,0,,000140000601
WO-2143280,ASSET-00640,Preventive,0,,000140000601
WO-2143281,ASSET-00640,Corrective,68,1124,000140000601
WO-2143282,ASSET-00641,Preventive,0,,000140000602
WO-2143283,ASSET-00642,Corrective,176,367,000140000603
WO-2143284,ASSET-00642,Preventive,0,,000140000603
WO-2143285,ASSET-00642,Corrective,215,1319,000140000603
WO-2143286,ASSET-00642,Emergency,261,1507,000140000603
WO-2143287,ASSET-00642,Preventive,0,,000140000603
WO-2143288,ASSET-00643,Preventive,0,,000140000604
WO-2143289,ASSET-00643,Preventive,0,,000140000604
WO-2143290,ASSET-00643,Corrective,103,1539,000140000604
WO-2143291,ASSET-00643,Corrective,230,1293,000140000604
WO-2143292,ASSET-00643,Preventive,0,,000140000604
WO-2143293,ASSET-00644,Preventive,0,,000140000605
WO-2143294,ASSET-00644,Preventive,0,,000140000605
WO-2143295,ASSET-00644,Emergency,71,447,000140000605
WO-2143296,ASSET-00644,Corrective,181,557,000140000605
WO-2143297,ASSET-00644,Preventive,0,,000140000605
WO-2143298,ASSET-00645,Preventive,0,,000140000606
WO-2143299,ASSET-00645,Corrective,61,1081,000140000606
WO-2143300,ASSET-00645,Preventive,0,,000140000606
WO-2143301,ASSET-00646,Preventive,0,,000140000607
WO-2143302,ASSET-00646,Corrective,94,552,000140000607
WO-2143303,ASSET-00646,Corrective,100,951,000140000607
WO-2143304,ASSET-00647,Preventive,0,,000140000608
WO-2143305,ASSET-00647,Preventive,0,,000140000608
WO-2143306,ASSET-00648,Corrective,33,1483,000140000609
WO-2143307,ASSET-00648,Corrective,102,822,000140000609
WO-2143308,ASSET-00648,Preventive,0,,000140000609
WO-2143309,ASSET-00649,Preventive,0,,000140000610
WO-2143310,ASSET-00649,Corrective,79,1299,000140000610
WO-2143311,ASSET-00649,Preventive,0,,000140000610
WO-2143312,ASSET-00649,Preventive,0,,000140000610
WO-2143313,ASSET-00649,Corrective,143,533,000140000610
WO-2143314,ASSET-00649,Corrective,225,1167,000140000610
WO-2143315,ASSET-00650,Corrective,72,529,000140000611
WO-2143316,ASSET-00650,Corrective,177,1256,000140000611
WO-2143317,ASSET-00650,Preventive,0,,000140000611
WO-2143318,ASSET-00651,Preventive,0,,000140000612
WO-2143319,ASSET-00651,Corrective,157,990,000140000612
WO-2143320,ASSET-00651,Preventive,0,,000140000612
WO-2143321,ASSET-00651,Corrective,232,1532,000140000612
WO-2143322,ASSET-00651,Corrective,115,1499,000140000612
WO-2143323,ASSET-00651,Preventive,0,,000140000612
WO-2143324,ASSET-00652,Corrective,93,832,000140000613
WO-2143325,ASSET-00652,Corrective,196,1186,000140000613
WO-2143326,ASSET-00652,Emergency,588,1075,000140000613
WO-2143327,ASSET-00652,Corrective,80,1159,000140000613
WO-2143328,ASSET-00653,Corrective,43,797,000140000614
WO-2143329,ASSET-00653,Corrective,212,1781,000140000614
WO-2143330,ASSET-00653,Corrective,58,1002,000140000614
WO-2143331,ASSET-00653,Corrective,151,1054,000140000614
WO-2143332,ASSET-00653,Corrective,189,370,000140000614
WO-2143333,ASSET-00653,Preventive,0,,000140000614
WO-2143334,ASSET-00653,Preventive,0,,000140000614
WO-2143335,ASSET-00654,Corrective,182,664,000140000615
WO-2143336,ASSET-00654,Preventive,0,,000140000615
WO-2143337,ASSET-00654,Preventive,0,,000140000615
WO-2143338,ASSET-00654,Preventive,0,,000140000615
WO-2143339,ASSET-00654,Preventive,0,,000140000615
WO-2143340,ASSET-00654,Corrective,231,429,000140000615
WO-2143341,ASSET-00654,Preventive,0,,000140000615
WO-2143342,ASSET-00655,Emergency,163,1867,000140000616
WO-2143343,ASSET-00655,Preventive,0,,000140000616
WO-2143344,ASSET-00655,Emergency,443,675,000140000616
WO-2143345,ASSET-00655,Emergency,317,483,000140000616
WO-2143346,ASSET-00655,Corrective,167,1614,000140000616
WO-2143347,ASSET-00656,Corrective,213,1120,000140000617
WO-2143348,ASSET-00656,Preventive,0,,000140000617
WO-2143349,ASSET-00657,Preventive,0,,000140000618
WO-2143350,ASSET-00657,Preventive,0,,000140000618
WO-2143351,ASSET-00657,Preventive,0,,000140000618
WO-2143352,ASSET-00657,Corrective,85,1176,000140000618
WO-2143353,ASSET-00657,Preventive,0,,000140000618
WO-2143354,ASSET-00657,Preventive,0,,000140000618
WO-2143355,ASSET-00658,Preventive,0,,000140000619
WO-2143356,ASSET-00658,Corrective,42,887,000140000619
WO-2143357,ASSET-00659,Corrective,162,704,000140000620
WO-2143358,ASSET-00659,Preventive,0,,000140000620
WO-2143359,ASSET-00659,Preventive,0,,000140000620
WO-2143360,ASSET-00659,Corrective,129,572,000140000620
WO-2143361,ASSET-00659,Corrective,163,619,000140000620
WO-2143362,ASSET-00659,Preventive,0,,000140000620
WO-2143363,ASSET-00660,Preventive,0,,000140000621
WO-2143364,ASSET-00660,Preventive,0,,000140000621
WO-2143365,ASSET-00660,Preventive,0,,000140000621
WO-2143366,ASSET-00661,Preventive,0,,000140000622
WO-2143367,ASSET-00661,Preventive,0,,000140000622
WO-2143368,ASSET-00661,Emergency,505,533,000140000622
WO-2143369,ASSET-00661,Preventive,0,,000140000622
WO-2143370,ASSET-00661,Preventive,0,,000140000622
WO-2143371,ASSET-00661,Emergency,519,1529,000140000622
WO-2143372,ASSET-00661,Preventive,0,,000140000622
WO-2143373,ASSET-00661,Corrective,71,406,000140000622
WO-2143374,ASSET-00661,Preventive,0,,000140000622
WO-2143375,ASSET-00662,Preventive,0,,000140000623
WO-2143376,ASSET-00662,Emergency,206,1827,000140000623
WO-2143377,ASSET-00662,Preventive,0,,000140000623
WO-2143378,ASSET-00663,Preventive,0,,000140000624
WO-2143379,ASSET-00663,Corrective,176,308,000140000624
WO-2143380,ASSET-00664,Preventive,0,,000140000625
WO-2143381,ASSET-00664,Preventive,0,,000140000625
WO-2143382,ASSET-00664,Corrective,102,1612,000140000625
WO-2143383,ASSET-00664,Preventive,0,,000140000625
WO-2143384,ASSET-00665,Preventive,0,,000140000626
WO-2143385,ASSET-00665,Preventive,0,,000140000626
WO-2143386,ASSET-00665,Emergency,103,1588,000140000626
WO-2143387,ASSET-00666,Preventive,0,,000140000627
WO-2143388,ASSET-00666,Corrective,194,854,000140000627
WO-2143389,ASSET-00666,Corrective,237,768,000140000627
WO-2143390,ASSET-00666,Preventive,0,,000140000627
WO-2143391,ASSET-00666,Corrective,197,1402,000140000627
WO-2143392,ASSET-00666,Corrective,141,1285,000140000627
WO-2143393,ASSET-00666,Corrective,75,655,000140000627
WO-2143394,ASSET-00667,Preventive,0,,000140000628
WO-2143395,ASSET-00667,Preventive,0,,000140000628
WO-2143396,ASSET-00667,Preventive,0,,000140000628
WO-2143397,ASSET-00667,Corrective,165,1541,000140000628
WO-2143398,ASSET-00667,Preventive,0,,000140000628
WO-2143399,ASSET-00667,Corrective,148,1042,000140000628
WO-2143400,ASSET-00667,Emergency,463,1884,000140000628
WO-2143401,ASSET-00668,Preventive,0,,000140000629
WO-2143402,ASSET-00668,Corrective,167,427,000140000629
WO-2143403,ASSET-00668,Emergency,75,1576,000140000629
WO-2143404,ASSET-00668,Corrective,142,1569,000140000629
WO-2143405,ASSET-00668,Corrective,77,334,000140000629
WO-2143406,ASSET-00669,Corrective,71,246,000140000630
WO-2143407,ASSET-00669,Corrective,223,502,000140000630
WO-2143408,ASSET-00669,Preventive,0,,000140000630
WO-2143409,ASSET-00669,Preventive,0,,000140000630
WO-2143410,ASSET-00669,Preventive,0,,000140000630
WO-2143411,ASSET-00670,Preventive,0,,000140000631
WO-2143412,ASSET-00670,Preventive,0,,000140000631
WO-2143413,ASSET-00670,Preventive,0,,000140000631
WO-2143414,ASSET-00671,Emergency,457,227,000140000632
WO-2143415,ASSET-00671,Emergency,545,602,000140000632
WO-2143416,ASSET-00671,Corrective,94,1214,000140000632
WO-2143417,ASSET-00671,Preventive,0,,000140000632
WO-2143418,ASSET-00671,Preventive,0,,000140000632
WO-2143419,ASSET-00671,Corrective,106,659,000140000632
WO-2143420,ASSET-00672,Corrective,213,1302,000140000633
WO-2143421,ASSET-00672,Corrective,189,936,000140000633
WO-2143422,ASSET-00672,Preventive,0,,000140000633
WO-2143423,ASSET-00672,Corrective,75,906,000140000633
WO-2143424,ASSET-00672,Corrective,50,1614,000140000633
WO-2143425,ASSET-00673,Preventive,0,,000140000634
WO-2143426,ASSET-00673,Preventive,0,,000140000634
WO-2143427,ASSET-00673,Corrective,89,1715,000140000634
WO-2143428,ASSET-00673,Corrective,180,411,000140000634
WO-2143429,ASSET-00673,Corrective,155,585,000140000634
WO-2143430,ASSET-00673,Preventive,0,,000140000634
WO-2143431,ASSET-00673,Preventive,0,,000140000634
WO-2143432,ASSET-00673,Preventive,0,,000140000634
WO-2143433,ASSET-00673,Preventive,0,,000140000634
WO-2143434,ASSET-00673,Emergency,406,422,000140000634
WO-2143435,ASSET-00674,Preventive,0,,000140000635
WO-2143436,ASSET-00674,Emergency,348,727,000140000635
WO-2143437,ASSET-00674,Preventive,0,,000140000635
WO-2143438,ASSET-00674,Preventive,0,,000140000635
WO-2143439,ASSET-00674,Preventive,0,,000140000635
WO-2143440,ASSET-00674,Preventive,0,,000140000635
WO-2143441,ASSET-00674,Preventive,0,,000140000635
WO-2143442,ASSET-00674,Preventive,0,,000140000635
WO-2143443,ASSET-00675,Preventive,0,,000140000636
WO-2143444,ASSET-00675,Preventive,0,,000140000636
WO-2143445,ASSET-00675,Emergency,175,397,000140000636
WO-2143446,ASSET-00675,Corrective,101,1361,000140000636
WO-2143447,ASSET-00676,Preventive,0,,000140000637
WO-2143448,ASSET-00676,Corrective,59,1295,000140000637
WO-2143449,ASSET-00676,Preventive,0,,000140000637
WO-2143450,ASSET-00676,Preventive,0,,000140000637
WO-2143451,ASSET-00676,Corrective,58,1056,000140000637
WO-2143452,ASSET-00677,Preventive,0,,000140000638
WO-2143453,ASSET-00677,Corrective,137,837,000140000638
WO-2143454,ASSET-00677,Emergency,276,644,000140000638
WO-2143455,ASSET-00677,Preventive,0,,000140000638
WO-2143456,ASSET-00677,Corrective,156,253,000140000638
WO-2143457,ASSET-00678,Preventive,0,,000140000639
WO-2143458,ASSET-00678,Corrective,203,1427,000140000639
WO-2143459,ASSET-00678,Emergency,470,1879,000140000639
WO-2143460,ASSET-00678,Preventive,0,,000140000639
WO-2143461,ASSET-00678,Corrective,151,1479,000140000639
WO-2143462,ASSET-00678,Preventive,0,,000140000639
WO-2143463,ASSET-00678,Preventive,0,,000140000639
WO-2143464,ASSET-00678,Preventive,0,,000140000639
WO-2143465,ASSET-00679,Preventive,0,,000140000640
WO-2143466,ASSET-00679,Corrective,122,721,000140000640
WO-2143467,ASSET-00679,Preventive,0,,000140000640
WO-2143468,ASSET-00679,Emergency,226,728,000140000640
WO-2143469,ASSET-00679,Preventive,0,,000140000640
WO-2143470,ASSET-00679,Preventive,0,,000140000640
WO-2143471,ASSET-00679,Preventive,0,,000140000640
WO-2143472,ASSET-00680,Corrective,62,556,000140000641
WO-2143473,ASSET-00680,Corrective,72,1597,000140000641
WO-2143474,ASSET-00680,Preventive,0,,000140000641
WO-2143475,ASSET-00680,Preventive,0,,000140000641
WO-2143476,ASSET-00680,Preventive,0,,000140000641
WO-2143477,ASSET-00680,Emergency,159,1300,000140000641
WO-2143478,ASSET-00681,Corrective,74,1629,000140000642
WO-2143479,ASSET-00681,Corrective,223,660,000140000642
WO-2143480,ASSET-00681,Preventive,0,,000140000642
WO-2143481,ASSET-00681,Preventive,0,,000140000642
WO-2143482,ASSET-00681,Preventive,0,,000140000642
WO-2143483,ASSET-00682,Preventive,0,,000140000643
WO-2143484,ASSET-00682,Emergency,227,1567,000140000643
WO-2143485,ASSET-00682,Preventive,0,,000140000643
WO-2143486,ASSET-00682,Preventive,0,,000140000643
WO-2143487,ASSET-00682,Preventive,0,,000140000643
WO-2143488,ASSET-00682,Corrective,102,1041,000140000643
WO-2143489,ASSET-00683,Corrective,202,525,000140000644
WO-2143490,ASSET-00683,Corrective,117,981,000140000644
WO-2143491,ASSET-00683,Emergency,396,1497,000140000644
WO-2143492,ASSET-00683,Preventive,0,,000140000644
WO-2143493,ASSET-00683,Preventive,0,,000140000644
WO-2143494,ASSET-00684,Corrective,146,1993,000140000645
WO-2143495,ASSET-00684,Corrective,187,955,000140000645
WO-2143496,ASSET-00685,Emergency,134,1554,000140000646
WO-2143497,ASSET-00685,Corrective,229,382,000140000646
WO-2143498,ASSET-00685,Preventive,0,,000140000646
WO-2143499,ASSET-00686,Corrective,216,906,000140000647
WO-2143500,ASSET-00686,Corrective,91,1394,000140000647
WO-2143501,ASSET-00686,Preventive,0,,000140000647
WO-2143502,ASSET-00687,Emergency,257,1287,000140000648
WO-2143503,ASSET-00687,Corrective,46,1371,000140000648
WO-2143504,ASSET-00687,Corrective,46,980,000140000648
WO-2143505,ASSET-00687,Preventive,0,,000140000648
WO-2143506,ASSET-00687,Corrective,100,411,000140000648
WO-2143507,ASSET-00688,Corrective,155,1486,000140000649
WO-2143508,ASSET-00688,Preventive,0,,000140000649
WO-2143509,ASSET-00688,Preventive,0,,000140000649
WO-2143510,ASSET-00688,Preventive,0,,000140000649
WO-2143511,ASSET-00688,Preventive,0,,000140000649
WO-2143512,ASSET-00688,Preventive,0,,000140000649
WO-2143513,ASSET-00689,Corrective,189,1171,000140000650
WO-2143514,ASSET-00689,Corrective,172,962,000140000650
WO-2143515,ASSET-00689,Corrective,134,779,000140000650
WO-2143516,ASSET-00689,Preventive,0,,000140000650
WO-2143517,ASSET-00690,Preventive,0,,000140000651
WO-2143518,ASSET-00690,Emergency,80,1732,000140000651
WO-2143519,ASSET-00690,Corrective,182,1322,000140000651
WO-2143520,ASSET-00691,Preventive,0,,000140000652
WO-2143521,ASSET-00691,Corrective,114,1978,000140000652
WO-2143522,ASSET-00691,Preventive,0,,000140000652
WO-2143523,ASSET-00691,Corrective,45,560,000140000652
WO-2143524,ASSET-00691,Emergency,438,1212,000140000652
WO-2143525,ASSET-00692,Preventive,0,,000140000653
WO-2143526,ASSET-00692,Corrective,128,1450,000140000653
WO-2143527,ASSET-00692,Preventive,0,,000140000653
WO-2143528,ASSET-00692,Corrective,191,1141,000140000653
WO-2143529,ASSET-00692,Preventive,0,,000140000653
WO-2143530,ASSET-00692,Emergency,294,566,000140000653
WO-2143531,ASSET-00692,Corrective,69,901,000140000653
WO-2143532,ASSET-00693,Emergency,285,534,000140000654
WO-2143533,ASSET-00693,Preventive,0,,000140000654
WO-2143534,ASSET-00693,Preventive,0,,000140000654
WO-2143535,ASSET-00693,Corrective,159,848,000140000654
WO-2143536,ASSET-00693,Preventive,0,,000140000654
WO-2143537,ASSET-00693,Corrective,202,1769,000140000654
WO-2143538,ASSET-00694,Preventive,0,,000140000655
WO-2143539,ASSET-00694,Corrective,175,852,000140000655
WO-2143540,ASSET-00694,Emergency,552,861,000140000655
WO-2143541,ASSET-00694,Corrective,204,629,000140000655
WO-2143542,ASSET-00694,Preventive,0,,000140000655
WO-2143543,ASSET-00695,Preventive,0,,000140000656
WO-2143544,ASSET-00695,Preventive,0,,000140000656
WO-2143545,ASSET-00695,Preventive,0,,000140000656
WO-2143546,ASSET-00695,Preventive,0,,000140000656
WO-2143547,ASSET-00696,Preventive,0,,000140000657
WO-2143548,ASSET-00696,Corrective,195,583,000140000657
WO-2143549,ASSET-00696,Emergency,445,1842,000140000657
WO-2143550,ASSET-00696,Corrective,219,1467,000140000657
WO-2143551,ASSET-00696,Preventive,0,,000140000657
WO-2143552,ASSET-00696,Preventive,0,,000140000657
WO-2143553,ASSET-00697,Preventive,0,,000140000658
WO-2143554,ASSET-00697,Preventive,0,,000140000658
WO-2143555,ASSET-00697,Corrective,126,1678,000140000658
WO-2143556,ASSET-00697,Preventive,0,,000140000658
WO-2143557,ASSET-00698,Corrective,37,1698,000140000659
WO-2143558,ASSET-00698,Corrective,170,556,000140000659
WO-2143559,ASSET-00698,Preventive,0,,000140000659
WO-2143560,ASSET-00698,Corrective,190,380,000140000659
WO-2143561,ASSET-00698,Emergency,583,1173,000140000659
WO-2143562,ASSET-00699,Preventive,0,,000140000660
WO-2143563,ASSET-00699,Preventive,0,,000140000660
WO-2143564,ASSET-00700,Preventive,0,,000140000661
WO-2143565,ASSET-00700,Preventive,0,,000140000661
WO-2143566,ASSET-00700,Preventive,0,,000140000661
WO-2143567,ASSET-00700,Preventive,0,,000140000661
WO-2143568,ASSET-00701,Preventive,0,,000140000662
WO-2143569,ASSET-00701,Emergency,165,1061,000140000662
WO-2143570,ASSET-00701,Corrective,30,1267,000140000662
WO-2143571,ASSET-00702,Preventive,0,,000140000663
WO-2143572,ASSET-00702,Preventive,0,,000140000663
WO-2143573,ASSET-00702,Preventive,0,,000140000663
WO-2143574,ASSET-00702,Preventive,0,,000140000663
WO-2143575,ASSET-00702,Preventive,0,,000140000663
WO-2143576,ASSET-00702,Corrective,124,974,000140000663
WO-2143577,ASSET-00702,Corrective,58,1858,000140000663
WO-2143578,ASSET-00703,Corrective,73,791,000140000664
WO-2143579,ASSET-00703,Corrective,71,626,000140000664
WO-2143580,ASSET-00703,Corrective,150,846,000140000664
WO-2143581,ASSET-00703,Preventive,0,,000140000664
WO-2143582,ASSET-00703,Emergency,482,1649,000140000664
WO-2143583,ASSET-00704,Emergency,401,1035,000140000665
WO-2143584,ASSET-00704,Corrective,124,1800,000140000665
WO-2143585,ASSET-00704,Emergency,87,1853,000140000665
WO-2143586,ASSET-00705,Corrective,172,274,000140000666
WO-2143587,ASSET-00705,Corrective,239,501,000140000666
WO-2143588,ASSET-00705,Preventive,0,,000140000666
WO-2143589,ASSET-00705,Preventive,0,,000140000666
WO-2143590,ASSET-00706,Emergency,270,1012,000140000667
WO-2143591,ASSET-00706,Corrective,77,1702,000140000667
WO-2143592,ASSET-00707,Corrective,175,740,000140000668
WO-2143593,ASSET-00707,Preventive,0,,000140000668
WO-2143594,ASSET-00707,Corrective,201,1563,000140000668
WO-2143595,ASSET-00707,Corrective,201,609,000140000668
WO-2143596,ASSET-00708,Preventive,0,,000140000669
WO-2143597,ASSET-00708,Preventive,0,,000140000669
WO-2143598,ASSET-00708,Preventive,0,,000140000669
WO-2143599,ASSET-00708,Corrective,163,1081,000140000669
WO-2143600,ASSET-00708,Corrective,33,766,000140000669
WO-2143601,ASSET-00709,Preventive,0,,000140000670
WO-2143602,ASSET-00709,Preventive,0,,000140000670
WO-2143603,ASSET-00709,Preventive,0,,000140000670
WO-2143604,ASSET-00709,Corrective,140,499,000140000670
WO-2143605,ASSET-00709,Preventive,0,,000140000670
WO-2143606,ASSET-00709,Preventive,0,,000140000670
WO-2143607,ASSET-00710,Preventive,0,,000140000672
WO-2143608,ASSET-00710,Corrective,175,1639,000140000672
WO-2143609,ASSET-00710,Emergency,504,752,000140000672
WO-2143610,ASSET-00710,Corrective,121,1319,000140000672
WO-2143611,ASSET-00710,Preventive,0,,000140000672
WO-2143612,ASSET-00711,Corrective,42,442,000140000673
WO-2143613,ASSET-00711,Corrective,150,1942,000140000673
WO-2143614,ASSET-00711,Corrective,43,1616,000140000673
WO-2143615,ASSET-00711,Preventive,0,,000140000673
WO-2143616,ASSET-00712,Corrective,237,971,000140000674
WO-2143617,ASSET-00712,Preventive,0,,000140000674
WO-2143618,ASSET-00712,Preventive,0,,000140000674
WO-2143619,ASSET-00712,Emergency,118,325,000140000674
WO-2143620,ASSET-00713,Preventive,0,,000140000675
WO-2143621,ASSET-00713,Corrective,59,548,000140000675
WO-2143622,ASSET-00713,Preventive,0,,000140000675
WO-2143623,ASSET-00713,Emergency,306,1335,000140000675
WO-2143624,ASSET-00713,Corrective,48,891,000140000675
WO-2143625,ASSET-00713,Corrective,223,390,000140000675
WO-2143626,ASSET-00714,Corrective,180,484,000140000676
WO-2143627,ASSET-00714,Corrective,79,1425,000140000676
WO-2143628,ASSET-00714,Preventive,0,,000140000676
WO-2143629,ASSET-00714,Preventive,0,,000140000676
WO-2143630,ASSET-00715,Corrective,208,943,000140000677
WO-2143631,ASSET-00715,Preventive,0,,000140000677
WO-2143632,ASSET-00715,Corrective,87,1192,000140000677
WO-2143633,ASSET-00715,Corrective,224,218,000140000677
WO-2143634,ASSET-00715,Corrective,179,431,000140000677
WO-2143635,ASSET-00715,Preventive,0,,000140000677
WO-2143636,ASSET-00715,Preventive,0,,000140000677
WO-2143637,ASSET-00715,Preventive,0,,000140000677
WO-2143638,ASSET-00715,Preventive,0,,000140000677
WO-2143639,ASSET-00715,Preventive,0,,000140000677
WO-2143640,ASSET-00716,Preventive,0,,000140000678
WO-2143641,ASSET-00716,Preventive,0,,000140000678
WO-2143642,ASSET-00716,Preventive,0,,000140000678
WO-2143643,ASSET-00716,Preventive,0,,000140000678
WO-2143644,ASSET-00716,Preventive,0,,000140000678
WO-2143645,ASSET-00716,Corrective,122,1877,000140000678
WO-2143646,ASSET-00716,Preventive,0,,000140000678
WO-2143647,ASSET-00717,Preventive,0,,000140000679
WO-2143648,ASSET-00717,Preventive,0,,000140000679
WO-2143649,ASSET-00717,Preventive,0,,000140000679
WO-2143650,ASSET-00717,Preventive,0,,000140000679
WO-2143651,ASSET-00717,Corrective,79,1209,000140000679
WO-2143652,ASSET-00717,Corrective,78,391,000140000679
WO-2143653,ASSET-00717,Preventive,0,,000140000679
WO-2143654,ASSET-00718,Corrective,168,629,000140000680
WO-2143655,ASSET-00718,Corrective,116,548,000140000680
WO-2143656,ASSET-00718,Corrective,95,1522,000140000680
WO-2143657,ASSET-00718,Preventive,0,,000140000680
WO-2143658,ASSET-00719,Emergency,571,765,000140000681
WO-2143659,ASSET-00719,Preventive,0,,000140000681
WO-2143660,ASSET-00719,Preventive,0,,000140000681
WO-2143661,ASSET-00719,Preventive,0,,000140000681
WO-2143662,ASSET-00719,Corrective,57,830,000140000681
WO-2143663,ASSET-00719,Preventive,0,,000140000681
WO-2143664,ASSET-00720,Emergency,271,974,000140000682
WO-2143665,ASSET-00720,Preventive,0,,000140000682
WO-2143666,ASSET-00720,Preventive,0,,000140000682
WO-2143667,ASSET-00720,Preventive,0,,000140000682
WO-2143668,ASSET-00721,Corrective,98,1815,000140000683
WO-2143669,ASSET-00721,Preventive,0,,000140000683
WO-2143670,ASSET-00721,Corrective,120,1287,000140000683
WO-2143671,ASSET-00721,Corrective,239,877,000140000683
WO-2143672,ASSET-00721,Preventive,0,,000140000683
WO-2143673,ASSET-00721,Preventive,0,,000140000683
WO-2143674,ASSET-00721,Emergency,176,971,000140000683
WO-2143675,ASSET-00721,Preventive,0,,000140000683
WO-2143676,ASSET-00722,Corrective,208,1498,000140000684
WO-2143677,ASSET-00722,Preventive,0,,000140000684
WO-2143678,ASSET-00722,Corrective,136,1817,000140000684
WO-2143679,ASSET-00722,Corrective,83,277,000140000684
WO-2143680,ASSET-00722,Preventive,0,,000140000684
WO-2143681,ASSET-00723,Preventive,0,,000140000685
WO-2143682,ASSET-00723,Corrective,90,910,000140000685
WO-2143683,ASSET-00723,Preventive,0,,000140000685
WO-2143684,ASSET-00723,Preventive,0,,000140000685
WO-2143685,ASSET-00723,Preventive,0,,000140000685
WO-2143686,ASSET-00723,Preventive,0,,000140000685
WO-2143687,ASSET-00723,Preventive,0,,000140000685
WO-2143688,ASSET-00723,Corrective,199,1722,000140000685
WO-2143689,ASSET-00723,Emergency,368,1751,000140000685
WO-2143690,ASSET-00724,Preventive,0,,000140000686
WO-2143691,ASSET-00724,Preventive,0,,000140000686
WO-2143692,ASSET-00725,Preventive,0,,000140000687
WO-2143693,ASSET-00725,Preventive,0,,000140000687
WO-2143694,ASSET-00725,Preventive,0,,000140000687
WO-2143695,ASSET-00725,Preventive,0,,000140000687
WO-2143696,ASSET-00725,Preventive,0,,000140000687
WO-2143697,ASSET-00725,Corrective,187,588,000140000687
WO-2143698,ASSET-00725,Corrective,162,1019,000140000687
WO-2143699,ASSET-00725,Preventive,0,,000140000687
WO-2143700,ASSET-00726,Corrective,199,1253,000140000688
WO-2143701,ASSET-00726,Corrective,128,1269,000140000688
WO-2143702,ASSET-00726,Preventive,0,,000140000688
WO-2143703,ASSET-00726,Preventive,0,,000140000688
WO-2143704,ASSET-00726,Corrective,92,1157,000140000688
WO-2143705,ASSET-00726,Corrective,94,1005,000140000688
WO-2143706,ASSET-00727,Emergency,240,1530,000140000689
WO-2143707,ASSET-00727,Preventive,0,,000140000689
WO-2143708,ASSET-00727,Preventive,0,,000140000689
WO-2143709,ASSET-00728,Preventive,0,,000140000690
WO-2143710,ASSET-00728,Preventive,0,,000140000690
WO-2143711,ASSET-00728,Preventive,0,,000140000690
WO-2143712,ASSET-00728,Preventive,0,,000140000690
WO-2143713,ASSET-00729,Corrective,130,884,000140000691
WO-2143714,ASSET-00729,Preventive,0,,000140000691
WO-2143715,ASSET-00729,Preventive,0,,000140000691
WO-2143716,ASSET-00729,Preventive,0,,000140000691
WO-2143717,ASSET-00729,Preventive,0,,000140000691
WO-2143718,ASSET-00730,Preventive,0,,000140000692
WO-2143719,ASSET-00730,Emergency,269,1620,000140000692
WO-2143720,ASSET-00730,Emergency,346,1087,000140000692
WO-2143721,ASSET-00730,Preventive,0,,000140000692
WO-2143722,ASSET-00731,Preventive,0,,000140000693
WO-2143723,ASSET-00731,Preventive,0,,000140000693
WO-2143724,ASSET-00732,Emergency,251,1536,000140000694
WO-2143725,ASSET-00732,Preventive,0,,000140000694
WO-2143726,ASSET-00732,Preventive,0,,000140000694
WO-2143727,ASSET-00732,Preventive,0,,000140000694
WO-2143728,ASSET-00733,Corrective,146,942,000140000695
WO-2143729,ASSET-00733,Preventive,0,,000140000695
WO-2143730,ASSET-00733,Corrective,71,1919,000140000695
WO-2143731,ASSET-00733,Preventive,0,,000140000695
WO-2143732,ASSET-00733,Corrective,144,544,000140000695
WO-2143733,ASSET-00733,Preventive,0,,000140000695
WO-2143734,ASSET-00733,Preventive,0,,000140000695
WO-2143735,ASSET-00734,Preventive,0,,000140000696
WO-2143736,ASSET-00734,Preventive,0,,000140000696
WO-2143737,ASSET-00735,Preventive,0,,000140000697
WO-2143738,ASSET-00735,Corrective,226,274,000140000697
WO-2143739,ASSET-00735,Preventive,0,,000140000697
WO-2143740,ASSET-00735,Corrective,201,1266,000140000697
WO-2143741,ASSET-00736,Corrective,220,737,000140000698
WO-2143742,ASSET-00736,Preventive,0,,000140000698
WO-2143743,ASSET-00736,Emergency,373,1394,000140000698
WO-2143744,ASSET-00736,Preventive,0,,000140000698
WO-2143745,ASSET-00737,Preventive,0,,000140000699
WO-2143746,ASSET-00737,Preventive,0,,000140000699
WO-2143747,ASSET-00737,Corrective,36,417,000140000699
WO-2143748,ASSET-00737,Emergency,470,1891,000140000699
WO-2143749,ASSET-00737,Preventive,0,,000140000699
WO-2143750,ASSET-00737,Preventive,0,,000140000699
WO-2143751,ASSET-00737,Preventive,0,,000140000699
WO-2143752,ASSET-00737,Corrective,218,1217,000140000699
WO-2143753,ASSET-00737,Corrective,169,1272,000140000699
WO-2143754,ASSET-00738,Corrective,137,277,000140000700
WO-2143755,ASSET-00738,Preventive,0,,000140000700
WO-2143756,ASSET-00738,Preventive,0,,000140000700
WO-2143757,ASSET-00738,Corrective,157,1780,000140000700
WO-2143758,ASSET-00739,Corrective,208,290,000140000702
WO-2143759,ASSET-00739,Preventive,0,,000140000702
WO-2143760,ASSET-00739,Preventive,0,,000140000702
WO-2143761,ASSET-00739,Preventive,0,,000140000702
WO-2143762,ASSET-00739,Preventive,0,,000140000702
WO-2143763,ASSET-00739,Preventive,0,,000140000702
WO-2143764,ASSET-00739,Corrective,222,927,000140000702
WO-2143765,ASSET-00740,Emergency,170,641,000140000703
WO-2143766,ASSET-00740,Corrective,204,1009,000140000703
WO-2143767,ASSET-00740,Preventive,0,,000140000703
WO-2143768,ASSET-00740,Corrective,231,363,000140000703
WO-2143769,ASSET-00740,Preventive,0,,000140000703
WO-2143770,ASSET-00741,Preventive,0,,000140000704
WO-2143771,ASSET-00741,Preventive,0,,000140000704
WO-2143772,ASSET-00741,Corrective,134,1119,000140000704
WO-2143773,ASSET-00741,Preventive,0,,000140000704
WO-2143774,ASSET-00741,Corrective,128,1385,000140000704
WO-2143775,ASSET-00741,Preventive,0,,000140000704
WO-2143776,ASSET-00741,Preventive,0,,000140000704
WO-2143777,ASSET-00742,Corrective,35,1522,000140000705
WO-2143778,ASSET-00742,Corrective,56,966,000140000705
WO-2143779,ASSET-00742,Preventive,0,,000140000705
WO-2143780,ASSET-00742,Emergency,257,864,000140000705
WO-2143781,ASSET-00742,Corrective,71,840,000140000705
WO-2143782,ASSET-00743,Corrective,182,1302,000140000706
WO-2143783,ASSET-00743,Corrective,126,1199,000140000706
WO-2143784,ASSET-00743,Corrective,153,716,000140000706
WO-2143785,ASSET-00743,Emergency,68,453,000140000706
WO-2143786,ASSET-00744,Corrective,148,1567,000140000707
WO-2143787,ASSET-00744,Preventive,0,,000140000707
WO-2143788,ASSET-00744,Preventive,0,,000140000707
WO-2143789,ASSET-00744,Preventive,0,,000140000707
WO-2143790,ASSET-00745,Emergency,408,1612,000140000708
WO-2143791,ASSET-00745,Corrective,187,1877,000140000708
WO-2143792,ASSET-00745,Preventive,0,,000140000708
WO-2143793,ASSET-00745,Corrective,99,256,000140000708
WO-2143794,ASSET-00746,Preventive,0,,000140000709
WO-2143795,ASSET-00746,Corrective,176,1350,000140000709
WO-2143796,ASSET-00746,Emergency,104,947,000140000709
WO-2143797,ASSET-00746,Preventive,0,,000140000709
WO-2143798,ASSET-00746,Preventive,0,,000140000709
WO-2143799,ASSET-00746,Preventive,0,,000140000709
WO-2143800,ASSET-00746,Preventive,0,,000140000709
WO-2143801,ASSET-00746,Preventive,0,,000140000709
WO-2143802,ASSET-00746,Corrective,70,1702,000140000709
WO-2143803,ASSET-00747,Preventive,0,,000140000710
WO-2143804,ASSET-00747,Preventive,0,,000140000710
WO-2143805,ASSET-00747,Preventive,0,,000140000710
WO-2143806,ASSET-00748,Corrective,108,1774,000140000711
WO-2143807,ASSET-00748,Preventive,0,,000140000711
WO-2143808,ASSET-00748,Preventive,0,,000140000711
WO-2143809,ASSET-00748,Preventive,0,,000140000711
WO-2143810,ASSET-00749,Preventive,0,,000140000712
WO-2143811,ASSET-00749,Corrective,91,1338,000140000712
WO-2143812,ASSET-00749,Preventive,0,,000140000712
WO-2143813,ASSET-00749,Preventive,0,,000140000712
WO-2143814,ASSET-00749,Corrective,52,1308,000140000712
WO-2143815,ASSET-00749,Preventive,0,,000140000712
WO-2143816,ASSET-00750,Emergency,380,245,000140000713
WO-2143817,ASSET-00750,Corrective,227,1755,000140000713
WO-2143818,ASSET-00750,Preventive,0,,000140000713
WO-2143819,ASSET-00750,Corrective,105,576,000140000713
WO-2143820,ASSET-00750,Preventive,0,,000140000713
WO-2143821,ASSET-00750,Preventive,0,,000140000713
WO-2143822,ASSET-00751,Emergency,491,369,000140000714
WO-2143823,ASSET-00751,Corrective,75,527,000140000714
WO-2143824,ASSET-00751,Preventive,0,,000140000714
WO-2143825,ASSET-00752,Preventive,0,,000140000715
WO-2143826,ASSET-00752,Corrective,224,1536,000140000715
WO-2143827,ASSET-00753,Corrective,230,1586,000140000716
WO-2143828,ASSET-00753,Preventive,0,,000140000716
WO-2143829,ASSET-00753,Corrective,171,1041,000140000716
WO-2143830,ASSET-00753,Preventive,0,,000140000716
WO-2143831,ASSET-00753,Emergency,525,586,000140000716
WO-2143832,ASSET-00754,Corrective,127,1333,000140000717
WO-2143833,ASSET-00754,Preventive,0,,000140000717
WO-2143834,ASSET-00754,Corrective,112,1770,000140000717
WO-2143835,ASSET-00754,Preventive,0,,000140000717
WO-2143836,ASSET-00754,Preventive,0,,000140000717
WO-2143837,ASSET-00754,Corrective,154,236,000140000717
WO-2143838,ASSET-00754,Corrective,44,1892,000140000717
WO-2143839,ASSET-00754,Preventive,0,,000140000717
WO-2143840,ASSET-00755,Preventive,0,,000140000718
WO-2143841,ASSET-00755,Corrective,191,801,000140000718
WO-2143842,ASSET-00755,Corrective,96,933,000140000718
WO-2143843,ASSET-00755,Preventive,0,,000140000718
WO-2143844,ASSET-00755,Preventive,0,,000140000718
WO-2143845,ASSET-00756,Preventive,0,,000140000719
WO-2143846,ASSET-00757,Preventive,0,,000140000720
WO-2143847,ASSET-00757,Emergency,105,1885,000140000720
WO-2143848,ASSET-00757,Emergency,342,1993,000140000720
WO-2143849,ASSET-00757,Preventive,0,,000140000720
WO-2143850,ASSET-00757,Corrective,193,1263,000140000720
WO-2143851,ASSET-00758,Preventive,0,,000140000721
WO-2143852,ASSET-00758,Preventive,0,,000140000721
WO-2143853,ASSET-00758,Preventive,0,,000140000721
WO-2143854,ASSET-00758,Corrective,159,229,000140000721
WO-2143855,ASSET-00758,Preventive,0,,000140000721
WO-2143856,ASSET-00759,Preventive,0,,000140000722
WO-2143857,ASSET-00759,Preventive,0,,000140000722
WO-2143858,ASSET-00759,Preventive,0,,000140000722
WO-2143859,ASSET-00759,Corrective,184,1995,000140000722
WO-2143860,ASSET-00759,Preventive,0,,000140000722
WO-2143861,ASSET-00759,Corrective,142,598,000140000722
WO-2143862,ASSET-00759,Preventive,0,,000140000722
WO-2143863,ASSET-00759,Preventive,0,,000140000722
WO-2143864,ASSET-00760,Corrective,202,1009,000140000723
WO-2143865,ASSET-00760,Preventive,0,,000140000723
WO-2143866,ASSET-00761,Preventive,0,,000140000724
WO-2143867,ASSET-00761,Corrective,132,1231,000140000724
WO-2143868,ASSET-00761,Preventive,0,,000140000724
WO-2143869,ASSET-00761,Corrective,149,1321,000140000724
WO-2143870,ASSET-00761,Emergency,304,1919,000140000724
WO-2143871,ASSET-00761,Preventive,0,,000140000724
WO-2143872,ASSET-00761,Emergency,109,524,000140000724
WO-2143873,ASSET-00761,Emergency,166,1432,000140000724
WO-2143874,ASSET-00761,Preventive,0,,000140000724
WO-2143875,ASSET-00762,Preventive,0,,000140000725
WO-2143876,ASSET-00762,Corrective,215,1563,000140000725
WO-2143877,ASSET-00762,Preventive,0,,000140000725
WO-2143878,ASSET-00763,Corrective,63,550,000140000726
WO-2143879,ASSET-00763,Corrective,78,912,000140000726
WO-2143880,ASSET-00763,Preventive,0,,000140000726
WO-2143881,ASSET-00763,Preventive,0,,000140000726
WO-2143882,ASSET-00763,Preventive,0,,000140000726
WO-2143883,ASSET-00764,Emergency,199,266,000140000727
WO-2143884,ASSET-00764,Preventive,0,,000140000727
WO-2143885,ASSET-00764,Corrective,130,1490,000140000727
WO-2143886,ASSET-00764,Corrective,213,469,000140000727
WO-2143887,ASSET-00764,Corrective,159,940,000140000727
WO-2143888,ASSET-00764,Preventive,0,,000140000727
WO-2143889,ASSET-00765,Preventive,0,,000140000728
WO-2143890,ASSET-00766,Preventive,0,,000140000729
WO-2143891,ASSET-00766,Preventive,0,,000140000729
WO-2143892,ASSET-00766,Preventive,0,,000140000729
WO-2143893,ASSET-00767,Preventive,0,,000140000730
WO-2143894,ASSET-00767,Preventive,0,,000140000730
WO-2143895,ASSET-00767,Preventive,0,,000140000730
WO-2143896,ASSET-00768,Preventive,0,,000140000731
WO-2143897,ASSET-00768,Corrective,82,1978,000140000731
WO-2143898,ASSET-00769,Corrective,235,1194,000140000732
WO-2143899,ASSET-00769,Preventive,0,,000140000732
WO-2143900,ASSET-00769,Preventive,0,,000140000732
WO-2143901,ASSET-00770,Preventive,0,,000140000733
WO-2143902,ASSET-00770,Preventive,0,,000140000733
WO-2143903,ASSET-00771,Corrective,82,898,000140000734
WO-2143904,ASSET-00771,Preventive,0,,000140000734
WO-2143905,ASSET-00771,Preventive,0,,000140000734
WO-2143906,ASSET-00771,Preventive,0,,000140000734
WO-2143907,ASSET-00771,Corrective,118,1483,000140000734
WO-2143908,ASSET-00771,Corrective,173,451,000140000734
WO-2143909,ASSET-00772,Corrective,151,676,000140000735
WO-2143910,ASSET-00772,Preventive,0,,000140000735
WO-2143911,ASSET-00772,Corrective,148,1460,000140000735
WO-2143912,ASSET-00773,Preventive,0,,000140000736
WO-2143913,ASSET-00773,Preventive,0,,000140000736
WO-2143914,ASSET-00773,Corrective,217,1596,000140000736
WO-2143915,ASSET-00773,Corrective,153,952,000140000736
WO-2143916,ASSET-00774,Preventive,0,,000140000737
WO-2143917,ASSET-00774,Preventive,0,,000140000737
WO-2143918,ASSET-00774,Preventive,0,,000140000737
WO-2143919,ASSET-00774,Preventive,0,,000140000737
WO-2143920,ASSET-00774,Preventive,0,,000140000737
WO-2143921,ASSET-00774,Preventive,0,,000140000737
WO-2143922,ASSET-00774,Corrective,59,1230,000140000737
WO-2143923,ASSET-00774,Preventive,0,,000140000737
WO-2143924,ASSET-00775,Preventive,0,,000140000738
WO-2143925,ASSET-00775,Preventive,0,,000140000738
WO-2143926,ASSET-00776,Corrective,65,1501,000140000739
WO-2143927,ASSET-00776,Preventive,0,,000140000739
WO-2143928,ASSET-00776,Preventive,0,,000140000739
WO-2143929,ASSET-00776,Corrective,220,493,000140000739
WO-2143930,ASSET-00776,Preventive,0,,000140000739
WO-2143931,ASSET-00777,Corrective,159,956,000140000740
WO-2143932,ASSET-00777,Preventive,0,,000140000740
WO-2143933,ASSET-00777,Preventive,0,,000140000740
WO-2143934,ASSET-00777,Preventive,0,,000140000740
WO-2143935,ASSET-00777,Preventive,0,,000140000740
WO-2143936,ASSET-00778,Preventive,0,,000140000741
WO-2143937,ASSET-00778,Preventive,0,,000140000741
WO-2143938,ASSET-00778,Corrective,38,1630,000140000741
WO-2143939,ASSET-00778,Corrective,217,1795,000140000741
WO-2143940,ASSET-00778,Corrective,64,656,000140000741
WO-2143941,ASSET-00779,Preventive,0,,000140000742
WO-2143942,ASSET-00779,Preventive,0,,000140000742
WO-2143943,ASSET-00779,Corrective,38,1286,000140000742
WO-2143944,ASSET-00780,Corrective,168,1036,000140000743
WO-2143945,ASSET-00780,Corrective,62,311,000140000743
WO-2143946,ASSET-00780,Corrective,204,262,000140000743
WO-2143947,ASSET-00781,Preventive,0,,000140000744
WO-2143948,ASSET-00781,Emergency,383,1347,000140000744
WO-2143949,ASSET-00782,Preventive,0,,000140000745
WO-2143950,ASSET-00782,Corrective,36,657,000140000745
WO-2143951,ASSET-00782,Corrective,240,1246,000140000745
WO-2143952,ASSET-00782,Preventive,0,,000140000745
WO-2143953,ASSET-00782,Preventive,0,,000140000745
WO-2143954,ASSET-00783,Preventive,0,,000140000746
WO-2143955,ASSET-00783,Preventive,0,,000140000746
WO-2143956,ASSET-00783,Corrective,114,468,000140000746
WO-2143957,ASSET-00783,Emergency,402,605,000140000746
WO-2143958,ASSET-00784,Corrective,216,210,000140000747
WO-2143959,ASSET-00784,Corrective,163,1921,000140000747
WO-2143960,ASSET-00784,Preventive,0,,000140000747
WO-2143961,ASSET-00784,Corrective,116,1210,000140000747
WO-2143962,ASSET-00785,Preventive,0,,000140000748
WO-2143963,ASSET-00785,Preventive,0,,000140000748
WO-2143964,ASSET-00785,Preventive,0,,000140000748
WO-2143965,ASSET-00785,Corrective,69,1252,000140000748
WO-2143966,ASSET-00785,Preventive,0,,000140000748
WO-2143967,ASSET-00785,Preventive,0,,000140000748
WO-2143968,ASSET-00786,Emergency,160,308,000140000749
WO-2143969,ASSET-00787,Corrective,194,1609,000140000750
WO-2143970,ASSET-00787,Emergency,241,1151,000140000750
WO-2143971,ASSET-00787,Preventive,0,,000140000750
WO-2143972,ASSET-00787,Corrective,156,652,000140000750
WO-2143973,ASSET-00787,Preventive,0,,000140000750
WO-2143974,ASSET-00788,Corrective,165,956,000140000751
WO-2143975,ASSET-00788,Emergency,315,1501,000140000751
WO-2143976,ASSET-00788,Preventive,0,,000140000751
WO-2143977,ASSET-00788,Corrective,113,1042,000140000751
WO-2143978,ASSET-00788,Preventive,0,,000140000751
WO-2143979,ASSET-00789,Preventive,0,,000140000752
WO-2143980,ASSET-00789,Preventive,0,,000140000752
WO-2143981,ASSET-00789,Preventive,0,,000140000752
WO-2143982,ASSET-00789,Preventive,0,,000140000752
WO-2143983,ASSET-00789,Preventive,0,,000140000752
WO-2143984,ASSET-00789,Preventive,0,,000140000752
WO-2143985,ASSET-00790,Preventive,0,,000140000753
WO-2143986,ASSET-00790,Emergency,71,1741,000140000753
WO-2143987,ASSET-00791,Preventive,0,,000140000754
WO-2143988,ASSET-00792,Corrective,164,315,000140000756
WO-2143989,ASSET-00792,Corrective,101,947,000140000756
WO-2143990,ASSET-00792,Preventive,0,,000140000756
WO-2143991,ASSET-00792,Preventive,0,,000140000756
WO-2143992,ASSET-00792,Corrective,102,1451,000140000756
WO-2143993,ASSET-00792,Preventive,0,,000140000756
WO-2143994,ASSET-00792,Preventive,0,,000140000756
WO-2143995,ASSET-00792,Corrective,68,954,000140000756
WO-2143996,ASSET-00792,Corrective,126,1766,000140000756
WO-2143997,ASSET-00793,Preventive,0,,000140000757
WO-2143998,ASSET-00793,Corrective,219,649,000140000757
WO-2143999,ASSET-00793,Preventive,0,,000140000757
WO-2144000,ASSET-00793,Corrective,101,828,000140000757
WO-2144001,ASSET-00793,Preventive,0,,000140000757
WO-2144002,ASSET-00793,Preventive,0,,000140000757
WO-2144003,ASSET-00793,Preventive,0,,000140000757
WO-2144004,ASSET-00793,Preventive,0,,000140000757
WO-2144005,ASSET-00793,Corrective,145,246,000140000757
WO-2144006,ASSET-00794,Preventive,0,,000140000758
WO-2144007,ASSET-00794,Preventive,0,,000140000758
WO-2144008,ASSET-00794,Preventive,0,,000140000758
WO-2144009,ASSET-00794,Corrective,222,779,000140000758
WO-2144010,ASSET-00794,Preventive,0,,000140000758
WO-2144011,ASSET-00794,Preventive,0,,000140000758
WO-2144012,ASSET-00795,Emergency,112,1483,000140000759
WO-2144013,ASSET-00795,Corrective,210,264,000140000759
WO-2144014,ASSET-00795,Preventive,0,,000140000759
WO-2144015,ASSET-00795,Preventive,0,,000140000759
WO-2144016,ASSET-00796,Preventive,0,,000140000760
WO-2144017,ASSET-00796,Preventive,0,,000140000760
WO-2144018,ASSET-00796,Corrective,210,603,000140000760
WO-2144019,ASSET-00796,Preventive,0,,000140000760
WO-2144020,ASSET-00796,Preventive,0,,000140000760
WO-2144021,ASSET-00796,Emergency,594,1540,000140000760
WO-2144022,ASSET-00796,Corrective,179,1747,000140000760
WO-2144023,ASSET-00796,Preventive,0,,000140000760
WO-2144024,ASSET-00796,Preventive,0,,000140000760
WO-2144025,ASSET-00797,Preventive,0,,000140000761
WO-2144026,ASSET-00797,Preventive,0,,000140000761
WO-2144027,ASSET-00797,Preventive,0,,000140000761
WO-2144028,ASSET-00797,Corrective,207,1616,000140000761
WO-2144029,ASSET-00797,Emergency,216,417,000140000761
WO-2144030,ASSET-00797,Preventive,0,,000140000761
WO-2144031,ASSET-00798,Preventive,0,,000140000762
WO-2144032,ASSET-00798,Preventive,0,,000140000762
WO-2144033,ASSET-00798,Preventive,0,,000140000762
WO-2144034,ASSET-00798,Corrective,195,1930,000140000762
WO-2144035,ASSET-00798,Preventive,0,,000140000762
WO-2144036,ASSET-00798,Preventive,0,,000140000762
WO-2144037,ASSET-00798,Emergency,430,1809,000140000762
WO-2144038,ASSET-00799,Emergency,318,804,000140000763
WO-2144039,ASSET-00799,Preventive,0,,000140000763
WO-2144040,ASSET-00799,Preventive,0,,000140000763
WO-2144041,ASSET-00799,Preventive,0,,000140000763
WO-2144042,ASSET-00800,Corrective,162,647,000140000764
WO-2144043,ASSET-00800,Preventive,0,,000140000764
WO-2144044,ASSET-00800,Preventive,0,,000140000764
WO-2144045,ASSET-00800,Preventive,0,,000140000764
WO-2144046,ASSET-00800,Corrective,239,1829,000140000764
WO-2144047,ASSET-00801,Emergency,264,460,000140000765
WO-2144048,ASSET-00801,Corrective,159,896,000140000765
WO-2144049,ASSET-00801,Preventive,0,,000140000765
WO-2144050,ASSET-00801,Preventive,0,,000140000765
WO-2144051,ASSET-00801,Preventive,0,,000140000765
WO-2144052,ASSET-00801,Preventive,0,,000140000765
WO-2144053,ASSET-00802,Preventive,0,,000140000766
WO-2144054,ASSET-00802,Preventive,0,,000140000766
WO-2144055,ASSET-00802,Corrective,176,1145,000140000766
WO-2144056,ASSET-00802,Corrective,45,788,000140000766
WO-2144057,ASSET-00802,Preventive,0,,000140000766
WO-2144058,ASSET-00802,Corrective,195,1552,000140000766
WO-2144059,ASSET-00803,Corrective,52,1391,000140000767
WO-2144060,ASSET-00803,Preventive,0,,000140000767
WO-2144061,ASSET-00804,Preventive,0,,000140000768
WO-2144062,ASSET-00804,Corrective,162,304,000140000768
WO-2144063,ASSET-00804,Corrective,185,1402,000140000768
WO-2144064,ASSET-00804,Preventive,0,,000140000768
WO-2144065,ASSET-00804,Preventive,0,,000140000768
WO-2144066,ASSET-00804,Preventive,0,,000140000768
WO-2144067,ASSET-00805,Preventive,0,,000140000769
WO-2144068,ASSET-00805,Preventive,0,,000140000769
WO-2144069,ASSET-00805,Preventive,0,,000140000769
WO-2144070,ASSET-00806,Corrective,132,835,000140000770
WO-2144071,ASSET-00806,Preventive,0,,000140000770
WO-2144072,ASSET-00806,Corrective,141,1290,000140000770
WO-2144073,ASSET-00806,Corrective,50,836,000140000770
WO-2144074,ASSET-00806,Corrective,228,978,000140000770
WO-2144075,ASSET-00806,Corrective,147,592,000140000770
WO-2144076,ASSET-00806,Emergency,125,584,000140000770
WO-2144077,ASSET-00807,Corrective,34,738,000140000771
WO-2144078,ASSET-00807,Preventive,0,,000140000771
WO-2144079,ASSET-00807,Corrective,43,1080,000140000771
WO-2144080,ASSET-00807,Preventive,0,,000140000771
WO-2144081,ASSET-00807,Preventive,0,,000140000771
WO-2144082,ASSET-00807,Corrective,93,634,000140000771
WO-2144083,ASSET-00807,Corrective,174,1151,000140000771
WO-2144084,ASSET-00808,Preventive,0,,000140000772
WO-2144085,ASSET-00808,Preventive,0,,000140000772
WO-2144086,ASSET-00808,Emergency,129,1189,000140000772
WO-2144087,ASSET-00808,Corrective,175,362,000140000772
WO-2144088,ASSET-00809,Emergency,243,1723,000140000773
WO-2144089,ASSET-00809,Corrective,51,1856,000140000773
WO-2144090,ASSET-00809,Corrective,116,1704,000140000773
WO-2144091,ASSET-00810,Emergency,517,1153,000140000774
WO-2144092,ASSET-00810,Preventive,0,,000140000774
WO-2144093,ASSET-00810,Emergency,456,773,000140000774
WO-2144094,ASSET-00810,Corrective,84,619,000140000774
WO-2144095,ASSET-00810,Preventive,0,,000140000774
WO-2144096,ASSET-00810,Preventive,0,,000140000774
WO-2144097,ASSET-00811,Corrective,228,940,000140000775
WO-2144098,ASSET-00811,Preventive,0,,000140000775
WO-2144099,ASSET-00811,Corrective,73,876,000140000775
WO-2144100,ASSET-00811,Preventive,0,,000140000775
WO-2144101,ASSET-00811,Preventive,0,,000140000775
WO-2144102,ASSET-00811,Corrective,84,1980,000140000775
WO-2144103,ASSET-00811,Emergency,171,342,000140000775
WO-2144104,ASSET-00811,Preventive,0,,000140000775
WO-2144105,ASSET-00811,Emergency,75,212,000140000775
WO-2144106,ASSET-00812,Preventive,0,,000140000776
WO-2144107,ASSET-00812,Corrective,66,1739,000140000776
WO-2144108,ASSET-00812,Preventive,0,,000140000776
WO-2144109,ASSET-00812,Preventive,0,,000140000776
WO-2144110,ASSET-00813,Preventive,0,,000140000777
WO-2144111,ASSET-00813,Preventive,0,,000140000777
WO-2144112,ASSET-00813,Preventive,0,,000140000777
WO-2144113,ASSET-00813,Corrective,184,378,000140000777
WO-2144114,ASSET-00814,Preventive,0,,000140000778
WO-2144115,ASSET-00814,Preventive,0,,000140000778
WO-2144116,ASSET-00814,Emergency,299,269,000140000778
WO-2144117,ASSET-00814,Corrective,105,1800,000140000778
WO-2144118,ASSET-00814,Corrective,123,1880,000140000778
WO-2144119,ASSET-00814,Preventive,0,,000140000778
WO-2144120,ASSET-00815,Preventive,0,,000140000779
WO-2144121,ASSET-00815,Preventive,0,,000140000779
WO-2144122,ASSET-00815,Preventive,0,,000140000779
WO-2144123,ASSET-00815,Preventive,0,,000140000779
WO-2144124,ASSET-00816,Corrective,226,1248,000140000780
WO-2144125,ASSET-00816,Preventive,0,,000140000780
WO-2144126,ASSET-00816,Corrective,199,1275,000140000780
WO-2144127,ASSET-00816,Corrective,80,668,000140000780
WO-2144128,ASSET-00816,Corrective,202,1121,000140000780
WO-2144129,ASSET-00817,Preventive,0,,000140000781
WO-2144130,ASSET-00817,Corrective,65,1249,000140000781
WO-2144131,ASSET-00817,Preventive,0,,000140000781
WO-2144132,ASSET-00817,Emergency,125,1008,000140000781
WO-2144133,ASSET-00818,Preventive,0,,000140000782
WO-2144134,ASSET-00818,Corrective,77,1342,000140000782
WO-2144135,ASSET-00818,Preventive,0,,000140000782
WO-2144136,ASSET-00819,Corrective,140,1956,000140000783
WO-2144137,ASSET-00819,Corrective,108,852,000140000783
WO-2144138,ASSET-00819,Corrective,145,1191,000140000783
WO-2144139,ASSET-00819,Preventive,0,,000140000783
WO-2144140,ASSET-00819,Corrective,101,1730,000140000783
WO-2144141,ASSET-00819,Corrective,170,1345,000140000783
WO-2144142,ASSET-00819,Preventive,0,,000140000783
WO-2144143,ASSET-00819,Corrective,219,1368,000140000783
WO-2144144,ASSET-00820,Corrective,168,931,000140000784
WO-2144145,ASSET-00820,Emergency,125,1319,000140000784
WO-2144146,ASSET-00820,Preventive,0,,000140000784
WO-2144147,ASSET-00820,Emergency,132,1712,000140000784
WO-2144148,ASSET-00821,Preventive,0,,000140000785
WO-2144149,ASSET-00821,Preventive,0,,000140000785
WO-2144150,ASSET-00821,Corrective,186,405,000140000785
WO-2144151,ASSET-00821,Preventive,0,,000140000785
WO-2144152,ASSET-00821,Preventive,0,,000140000785
WO-2144153,ASSET-00821,Preventive,0,,000140000785
WO-2144154,ASSET-00821,Preventive,0,,000140000785
WO-2144155,ASSET-00821,Corrective,38,1259,000140000785
WO-2144156,ASSET-00822,Preventive,0,,000140000786
WO-2144157,ASSET-00822,Corrective,94,738,000140000786
WO-2144158,ASSET-00822,Emergency,465,1428,000140000786
WO-2144159,ASSET-00822,Preventive,0,,000140000786
WO-2144160,ASSET-00822,Corrective,181,1434,000140000786
WO-2144161,ASSET-00822,Corrective,121,1292,000140000786
WO-2144162,ASSET-00822,Preventive,0,,000140000786
WO-2144163,ASSET-00822,Preventive,0,,000140000786
WO-2144164,ASSET-00823,Preventive,0,,000140000787
WO-2144165,ASSET-00823,Preventive,0,,000140000787
WO-2144166,ASSET-00823,Preventive,0,,000140000787
WO-2144167,ASSET-00824,Emergency,445,691,000140000788
WO-2144168,ASSET-00824,Corrective,156,1525,000140000788
WO-2144169,ASSET-00824,Emergency,106,1586,000140000788
WO-2144170,ASSET-00824,Preventive,0,,000140000788
WO-2144171,ASSET-00824,Preventive,0,,000140000788
WO-2144172,ASSET-00824,Preventive,0,,000140000788
WO-2144173,ASSET-00825,Preventive,0,,000140000789
WO-2144174,ASSET-00825,Preventive,0,,000140000789
WO-2144175,ASSET-00826,Preventive,0,,000140000791
WO-2144176,ASSET-00826,Preventive,0,,000140000791
WO-2144177,ASSET-00826,Corrective,106,1040,000140000791
WO-2144178,ASSET-00826,Corrective,160,1030,000140000791
WO-2144179,ASSET-00826,Corrective,209,1033,000140000791
WO-2144180,ASSET-00826,Preventive,0,,000140000791
WO-2144181,ASSET-00827,Emergency,563,1831,000140000792
WO-2144182,ASSET-00827,Preventive,0,,000140000792
WO-2144183,ASSET-00827,Preventive,0,,000140000792
WO-2144184,ASSET-00827,Corrective,97,200,000140000792
WO-2144185,ASSET-00828,Emergency,208,1475,000140000793
WO-2144186,ASSET-00828,Preventive,0,,000140000793
WO-2144187,ASSET-00828,Corrective,137,261,000140000793
WO-2144188,ASSET-00828,Preventive,0,,000140000793
WO-2144189,ASSET-00828,Preventive,0,,000140000793
WO-2144190,ASSET-00828,Corrective,127,296,000140000793
WO-2144191,ASSET-00828,Preventive,0,,000140000793
WO-2144192,ASSET-00828,Emergency,528,1379,000140000793
WO-2144193,ASSET-00828,Emergency,247,366,000140000793
WO-2144194,ASSET-00828,Preventive,0,,000140000793
WO-2144195,ASSET-00828,Corrective,66,1300,000140000793
WO-2144196,ASSET-00829,Emergency,116,713,000140000794
WO-2144197,ASSET-00829,Corrective,117,472,000140000794
WO-2144198,ASSET-00829,Preventive,0,,000140000794
WO-2144199,ASSET-00829,Preventive,0,,000140000794
WO-2144200,ASSET-00829,Preventive,0,,000140000794
WO-2144201,ASSET-00830,Corrective,102,1675,000140000795
WO-2144202,ASSET-00830,Preventive,0,,000140000795
WO-2144203,ASSET-00830,Corrective,188,1780,000140000795
WO-2144204,ASSET-00830,Preventive,0,,000140000795
WO-2144205,ASSET-00830,Preventive,0,,000140000795
WO-2144206,ASSET-00830,Preventive,0,,000140000795
WO-2144207,ASSET-00830,Preventive,0,,000140000795
WO-2144208,ASSET-00830,Preventive,0,,000140000795
WO-2144209,ASSET-00830,Preventive,0,,000140000795
WO-2144210,ASSET-00831,Preventive,0,,000140000796
WO-2144211,ASSET-00831,Preventive,0,,000140000796
WO-2144212,ASSET-00831,Preventive,0,,000140000796
WO-2144213,ASSET-00832,Preventive,0,,000140000797
WO-2144214,ASSET-00832,Corrective,62,1399,000140000797
WO-2144215,ASSET-00832,Corrective,121,382,000140000797
WO-2144216,ASSET-00832,Preventive,0,,000140000797
WO-2144217,ASSET-00832,Corrective,204,1115,000140000797
WO-2144218,ASSET-00832,Preventive,0,,000140000797
WO-2144219,ASSET-00832,Corrective,106,794,000140000797
WO-2144220,ASSET-00832,Emergency,567,628,000140000797
WO-2144221,ASSET-00833,Corrective,216,1547,000140000798
WO-2144222,ASSET-00833,Corrective,38,828,000140000798
WO-2144223,ASSET-00833,Corrective,50,1742,000140000798
WO-2144224,ASSET-00833,Preventive,0,,000140000798
WO-2144225,ASSET-00833,Emergency,491,1313,000140000798
WO-2144226,ASSET-00834,Corrective,52,881,000140000799
WO-2144227,ASSET-00834,Preventive,0,,000140000799
WO-2144228,ASSET-00834,Preventive,0,,000140000799
WO-2144229,ASSET-00834,Preventive,0,,000140000799
WO-2144230,ASSET-00834,Preventive,0,,000140000799
WO-2144231,ASSET-00835,Corrective,56,330,000140000800
WO-2144232,ASSET-00835,Corrective,163,654,000140000800
WO-2144233,ASSET-00835,Preventive,0,,000140000800
WO-2144234,ASSET-00835,Preventive,0,,000140000800
WO-2144235,ASSET-00835,Preventive,0,,000140000800
WO-2144236,ASSET-00835,Preventive,0,,000140000800
WO-2144237,ASSET-00836,Preventive,0,,000140000801
WO-2144238,ASSET-00836,Corrective,102,215,000140000801
WO-2144239,ASSET-00836,Emergency,408,717,000140000801
WO-2144240,ASSET-00836,Preventive,0,,000140000801
WO-2144241,ASSET-00837,Emergency,323,554,000140000802
WO-2144242,ASSET-00837,Emergency,254,1877,000140000802
WO-2144243,ASSET-00837,Preventive,0,,000140000802
WO-2144244,ASSET-00837,Corrective,69,448,000140000802
WO-2144245,ASSET-00838,Emergency,429,1890,000140000803
WO-2144246,ASSET-00838,Preventive,0,,000140000803
WO-2144247,ASSET-00838,Corrective,56,450,000140000803
WO-2144248,ASSET-00838,Emergency,223,1581,000140000803
WO-2144249,ASSET-00838,Corrective,67,841,000140000803
WO-2144250,ASSET-00839,Preventive,0,,000140000804
WO-2144251,ASSET-00839,Preventive,0,,000140000804
WO-2144252,ASSET-00839,Corrective,201,728,000140000804
WO-2144253,ASSET-00839,Corrective,95,550,000140000804
WO-2144254,ASSET-00840,Preventive,0,,000140000805
WO-2144255,ASSET-00840,Corrective,234,1946,000140000805
WO-2144256,ASSET-00840,Preventive,0,,000140000805
WO-2144257,ASSET-00841,Emergency,180,427,000140000806
WO-2144258,ASSET-00841,Corrective,108,1116,000140000806
WO-2144259,ASSET-00841,Corrective,193,1148,000140000806
WO-2144260,ASSET-00841,Preventive,0,,000140000806
WO-2144261,ASSET-00841,Preventive,0,,000140000806
WO-2144262,ASSET-00841,Preventive,0,,000140000806
WO-2144263,ASSET-00842,Preventive,0,,000140000807
WO-2144264,ASSET-00842,Preventive,0,,000140000807
WO-2144265,ASSET-00842,Emergency,277,221,000140000807
WO-2144266,ASSET-00842,Preventive,0,,000140000807
WO-2144267,ASSET-00842,Corrective,240,1847,000140000807
WO-2144268,ASSET-00843,Preventive,0,,000140000808
WO-2144269,ASSET-00843,Preventive,0,,000140000808
WO-2144270,ASSET-00843,Preventive,0,,000140000808
WO-2144271,ASSET-00843,Corrective,54,1224,000140000808
WO-2144272,ASSET-00843,Preventive,0,,000140000808
WO-2144273,ASSET-00843,Preventive,0,,000140000808
WO-2144274,ASSET-00843,Emergency,138,647,000140000808
WO-2144275,ASSET-00843,Emergency,144,784,000140000808
WO-2144276,ASSET-00843,Preventive,0,,000140000808
WO-2144277,ASSET-00844,Preventive,0,,000140000809
WO-2144278,ASSET-00844,Preventive,0,,000140000809
WO-2144279,ASSET-00844,Corrective,116,1391,000140000809
WO-2144280,ASSET-00844,Preventive,0,,000140000809
WO-2144281,ASSET-00845,Preventive,0,,000140000810
WO-2144282,ASSET-00845,Preventive,0,,000140000810
WO-2144283,ASSET-00845,Corrective,173,203,000140000810
WO-2144284,ASSET-00846,Preventive,0,,000140000811
WO-2144285,ASSET-00846,Preventive,0,,000140000811
WO-2144286,ASSET-00846,Preventive,0,,000140000811
WO-2144287,ASSET-00847,Preventive,0,,000140000812
WO-2144288,ASSET-00847,Emergency,544,261,000140000812
WO-2144289,ASSET-00847,Preventive,0,,000140000812
WO-2144290,ASSET-00847,Corrective,200,1839,000140000812
WO-2144291,ASSET-00848,Corrective,216,1888,000140000813
WO-2144292,ASSET-00848,Corrective,179,388,000140000813
WO-2144293,ASSET-00848,Preventive,0,,000140000813
WO-2144294,ASSET-00848,Emergency,518,565,000140000813
WO-2144295,ASSET-00848,Emergency,365,1277,000140000813
WO-2144296,ASSET-00848,Preventive,0,,000140000813
WO-2144297,ASSET-00848,Emergency,475,1346,000140000813
WO-2144298,ASSET-00849,Corrective,134,1932,000140000814
WO-2144299,ASSET-00849,Corrective,182,323,000140000814
WO-2144300,ASSET-00849,Preventive,0,,000140000814
WO-2144301,ASSET-00849,Corrective,148,1787,000140000814
WO-2144302,ASSET-00850,Preventive,0,,000140000815
WO-2144303,ASSET-00850,Corrective,235,388,000140000815
WO-2144304,ASSET-00850,Preventive,0,,000140000815
WO-2144305,ASSET-00850,Corrective,159,1787,000140000815
WO-2144306,ASSET-00850,Preventive,0,,000140000815
WO-2144307,ASSET-00850,Preventive,0,,000140000815
WO-2144308,ASSET-00851,Preventive,0,,000140000816
WO-2144309,ASSET-00851,Emergency,550,902,000140000816
WO-2144310,ASSET-00851,Corrective,105,930,000140000816
WO-2144311,ASSET-00851,Emergency,209,1187,000140000816
WO-2144312,ASSET-00851,Corrective,211,1436,000140000816
WO-2144313,ASSET-00851,Corrective,206,869,000140000816
WO-2144314,ASSET-00851,Emergency,319,1003,000140000816
WO-2144315,ASSET-00852,Preventive,0,,000140000817
WO-2144316,ASSET-00852,Corrective,169,1898,000140000817
WO-2144317,ASSET-00852,Corrective,235,1508,000140000817
WO-2144318,ASSET-00852,Corrective,96,1309,000140000817
WO-2144319,ASSET-00852,Preventive,0,,000140000817
WO-2144320,ASSET-00852,Preventive,0,,000140000817
WO-2144321,ASSET-00852,Corrective,47,589,000140000817
WO-2144322,ASSET-00852,Preventive,0,,000140000817
WO-2144323,ASSET-00852,Corrective,46,967,000140000817
WO-2144324,ASSET-00853,Preventive,0,,000140000818
WO-2144325,ASSET-00853,Preventive,0,,000140000818
WO-2144326,ASSET-00853,Preventive,0,,000140000818
WO-2144327,ASSET-00853,Corrective,66,1315,000140000818
WO-2144328,ASSET-00853,Preventive,0,,000140000818
WO-2144329,ASSET-00853,Preventive,0,,000140000818
WO-2144330,ASSET-00854,Preventive,0,,000140000819
WO-2144331,ASSET-00854,Emergency,101,333,000140000819
WO-2144332,ASSET-00854,Preventive,0,,000140000819
WO-2144333,ASSET-00854,Corrective,135,1503,000140000819
WO-2144334,ASSET-00854,Preventive,0,,000140000819
WO-2144335,ASSET-00854,Corrective,217,1041,000140000819
WO-2144336,ASSET-00854,Corrective,151,1192,000140000819
WO-2144337,ASSET-00854,Emergency,540,1396,000140000819
WO-2144338,ASSET-00854,Preventive,0,,000140000819
WO-2144339,ASSET-00854,Corrective,123,1498,000140000819
WO-2144340,ASSET-00855,Preventive,0,,000140000820
WO-2144341,ASSET-00855,Corrective,159,1342,000140000820
WO-2144342,ASSET-00855,Corrective,100,757,000140000820
WO-2144343,ASSET-00855,Preventive,0,,000140000820
WO-2144344,ASSET-00856,Preventive,0,,000140000821
WO-2144345,ASSET-00856,Corrective,110,1856,000140000821
WO-2144346,ASSET-00857,Preventive,0,,000140000822
WO-2144347,ASSET-00857,Preventive,0,,000140000822
WO-2144348,ASSET-00857,Corrective,225,507,000140000822
WO-2144349,ASSET-00857,Emergency,337,634,000140000822
WO-2144350,ASSET-00858,Corrective,100,1794,000140000823
WO-2144351,ASSET-00858,Preventive,0,,000140000823
WO-2144352,ASSET-00858,Preventive,0,,000140000823
WO-2144353,ASSET-00858,Preventive,0,,000140000823
WO-2144354,ASSET-00859,Preventive,0,,000140000824
WO-2144355,ASSET-00859,Preventive,0,,000140000824
WO-2144356,ASSET-00859,Corrective,164,1273,000140000824
WO-2144357,ASSET-00859,Corrective,53,976,000140000824
WO-2144358,ASSET-00859,Corrective,98,700,000140000824
WO-2144359,ASSET-00859,Preventive,0,,000140000824
WO-2144360,ASSET-00860,Corrective,129,439,000140000825
WO-2144361,ASSET-00860,Corrective,67,593,000140000825
WO-2144362,ASSET-00860,Emergency,331,740,000140000825
WO-2144363,ASSET-00861,Preventive,0,,000140000826
WO-2144364,ASSET-00861,Corrective,72,1496,000140000826
WO-2144365,ASSET-00861,Corrective,125,1375,000140000826
WO-2144366,ASSET-00862,Preventive,0,,000140000827
WO-2144367,ASSET-00862,Preventive,0,,000140000827
WO-2144368,ASSET-00862,Preventive,0,,000140000827
WO-2144369,ASSET-00863,Corrective,201,858,000140000828
WO-2144370,ASSET-00863,Preventive,0,,000140000828
WO-2144371,ASSET-00863,Corrective,87,429,000140000828
WO-2144372,ASSET-00863,Preventive,0,,000140000828
WO-2144373,ASSET-00863,Preventive,0,,000140000828
WO-2144374,ASSET-00863,Corrective,107,1034,000140000828
WO-2144375,ASSET-00864,Preventive,0,,000140000830
WO-2144376,ASSET-00864,Corrective,93,1133,000140000830
WO-2144377,ASSET-00864,Preventive,0,,000140000830
WO-2144378,ASSET-00864,Corrective,61,1560,000140000830
WO-2144379,ASSET-00864,Corrective,57,1117,000140000830
WO-2144380,ASSET-00864,Preventive,0,,000140000830
WO-2144381,ASSET-00864,Preventive,0,,000140000830
WO-2144382,ASSET-00864,Preventive,0,,000140000830
WO-2144383,ASSET-00865,Preventive,0,,000140000831
WO-2144384,ASSET-00865,Preventive,0,,000140000831
WO-2144385,ASSET-00865,Preventive,0,,000140000831
WO-2144386,ASSET-00865,Preventive,0,,000140000831
WO-2144387,ASSET-00866,Preventive,0,,000140000832
WO-2144388,ASSET-00866,Preventive,0,,000140000832
WO-2144389,ASSET-00867,Corrective,206,729,000140000833
WO-2144390,ASSET-00867,Corrective,138,1562,000140000833
WO-2144391,ASSET-00867,Emergency,459,1595,000140000833
WO-2144392,ASSET-00867,Preventive,0,,000140000833
WO-2144393,ASSET-00867,Corrective,240,1147,000140000833
WO-2144394,ASSET-00867,Corrective,209,1024,000140000833
WO-2144395,ASSET-00868,Corrective,205,1863,000140000834
WO-2144396,ASSET-00868,Preventive,0,,000140000834
WO-2144397,ASSET-00868,Preventive,0,,000140000834
WO-2144398,ASSET-00868,Corrective,221,1790,000140000834
WO-2144399,ASSET-00869,Emergency,209,1635,000140000835
WO-2144400,ASSET-00869,Corrective,163,676,000140000835
WO-2144401,ASSET-00869,Preventive,0,,000140000835
WO-2144402,ASSET-00869,Preventive,0,,000140000835
WO-2144403,ASSET-00869,Preventive,0,,000140000835
WO-2144404,ASSET-00869,Preventive,0,,000140000835
WO-2144405,ASSET-00869,Preventive,0,,000140000835
WO-2144406,ASSET-00870,Preventive,0,,000140000836
WO-2144407,ASSET-00870,Corrective,193,692,000140000836
WO-2144408,ASSET-00870,Preventive,0,,000140000836
WO-2144409,ASSET-00870,Preventive,0,,000140000836
WO-2144410,ASSET-00870,Corrective,78,1234,000140000836
WO-2144411,ASSET-00870,Preventive,0,,000140000836
WO-2144412,ASSET-00870,Preventive,0,,000140000836
WO-2144413,ASSET-00871,Corrective,238,537,000140000838
WO-2144414,ASSET-00871,Corrective,65,1480,000140000838
WO-2144415,ASSET-00871,Preventive,0,,000140000838
WO-2144416,ASSET-00872,Corrective,130,477,000140000839
WO-2144417,ASSET-00872,Preventive,0,,000140000839
WO-2144418,ASSET-00872,Preventive,0,,000140000839
WO-2144419,ASSET-00872,Corrective,84,1394,000140000839
WO-2144420,ASSET-00872,Corrective,41,1809,000140000839
WO-2144421,ASSET-00872,Preventive,0,,000140000839
WO-2144422,ASSET-00873,Preventive,0,,000140000840
WO-2144423,ASSET-00873,Corrective,43,729,000140000840
WO-2144424,ASSET-00873,Corrective,239,725,000140000840
WO-2144425,ASSET-00873,Preventive,0,,000140000840
WO-2144426,ASSET-00873,Preventive,0,,000140000840
WO-2144427,ASSET-00873,Preventive,0,,000140000840
WO-2144428,ASSET-00873,Preventive,0,,000140000840
WO-2144429,ASSET-00873,Preventive,0,,000140000840
WO-2144430,ASSET-00874,Corrective,124,1501,000140000841
WO-2144431,ASSET-00874,Corrective,136,1159,000140000841
WO-2144432,ASSET-00874,Preventive,0,,000140000841
WO-2144433,ASSET-00874,Corrective,128,1100,000140000841
WO-2144434,ASSET-00875,Emergency,487,716,000140000842
WO-2144435,ASSET-00875,Emergency,421,669,000140000842
WO-2144436,ASSET-00876,Preventive,0,,000140000843
WO-2144437,ASSET-00876,Emergency,552,264,000140000843
WO-2144438,ASSET-00876,Preventive,0,,000140000843
WO-2144439,ASSET-00876,Preventive,0,,000140000843
WO-2144440,ASSET-00876,Corrective,206,1460,000140000843
WO-2144441,ASSET-00876,Preventive,0,,000140000843
WO-2144442,ASSET-00877,Corrective,30,370,000140000844
WO-2144443,ASSET-00877,Preventive,0,,000140000844
WO-2144444,ASSET-00877,Preventive,0,,000140000844
WO-2144445,ASSET-00878,Preventive,0,,000140000845
WO-2144446,ASSET-00878,Preventive,0,,000140000845
WO-2144447,ASSET-00878,Corrective,191,1659,000140000845
WO-2144448,ASSET-00878,Preventive,0,,000140000845
WO-2144449,ASSET-00878,Corrective,207,1553,000140000845
WO-2144450,ASSET-00879,Emergency,365,362,000140000846
WO-2144451,ASSET-00879,Emergency,355,1829,000140000846
WO-2144452,ASSET-00879,Emergency,119,1163,000140000846
WO-2144453,ASSET-00880,Preventive,0,,000140000847
WO-2144454,ASSET-00880,Preventive,0,,000140000847
WO-2144455,ASSET-00880,Preventive,0,,000140000847
WO-2144456,ASSET-00880,Corrective,129,667,000140000847
WO-2144457,ASSET-00880,Corrective,148,650,000140000847
WO-2144458,ASSET-00881,Corrective,106,1055,000140000848
WO-2144459,ASSET-00881,Emergency,117,1162,000140000848
WO-2144460,ASSET-00881,Emergency,367,1875,000140000848
WO-2144461,ASSET-00881,Corrective,225,537,000140000848
WO-2144462,ASSET-00881,Preventive,0,,000140000848
WO-2144463,ASSET-00881,Preventive,0,,000140000848
WO-2144464,ASSET-00881,Emergency,190,1668,000140000848
WO-2144465,ASSET-00882,Preventive,0,,000140000849
WO-2144466,ASSET-00882,Corrective,101,366,000140000849
WO-2144467,ASSET-00882,Preventive,0,,000140000849
WO-2144468,ASSET-00882,Corrective,36,511,000140000849
WO-2144469,ASSET-00882,Preventive,0,,000140000849
WO-2144470,ASSET-00882,Emergency,266,854,000140000849
WO-2144471,ASSET-00882,Preventive,0,,000140000849
WO-2144472,ASSET-00882,Corrective,226,501,000140000849
WO-2144473,ASSET-00883,Emergency,347,1574,000140000850
WO-2144474,ASSET-00883,Corrective,154,1647,000140000850
WO-2144475,ASSET-00883,Corrective,148,1737,000140000850
WO-2144476,ASSET-00883,Preventive,0,,000140000850
WO-2144477,ASSET-00884,Corrective,148,1473,000140000851
WO-2144478,ASSET-00884,Preventive,0,,000140000851
WO-2144479,ASSET-00884,Corrective,181,1066,000140000851
WO-2144480,ASSET-00885,Preventive,0,,000140000852
WO-2144481,ASSET-00885,Preventive,0,,000140000852
WO-2144482,ASSET-00885,Emergency,294,1700,000140000852
WO-2144483,ASSET-00885,Corrective,184,1214,000140000852
WO-2144484,ASSET-00885,Corrective,36,900,000140000852
WO-2144485,ASSET-00885,Preventive,0,,000140000852
WO-2144486,ASSET-00885,Preventive,0,,000140000852
WO-2144487,ASSET-00885,Emergency,163,238,000140000852
WO-2144488,ASSET-00885,Preventive,0,,000140000852
WO-2144489,ASSET-00886,Emergency,194,489,000140000853
WO-2144490,ASSET-00886,Preventive,0,,000140000853
WO-2144491,ASSET-00886,Preventive,0,,000140000853
WO-2144492,ASSET-00886,Preventive,0,,000140000853
WO-2144493,ASSET-00886,Preventive,0,,000140000853
WO-2144494,ASSET-00886,Preventive,0,,000140000853
WO-2144495,ASSET-00887,Emergency,127,691,000140000854
WO-2144496,ASSET-00887,Preventive,0,,000140000854
WO-2144497,ASSET-00887,Corrective,39,899,000140000854
WO-2144498,ASSET-00887,Preventive,0,,000140000854
WO-2144499,ASSET-00887,Preventive,0,,000140000854
WO-2144500,ASSET-00887,Preventive,0,,000140000854
WO-2144501,ASSET-00887,Preventive,0,,000140000854
WO-2144502,ASSET-00887,Corrective,32,608,000140000854
WO-2144503,ASSET-00888,Preventive,0,,000140000855
WO-2144504,ASSET-00888,Preventive,0,,000140000855
WO-2144505,ASSET-00888,Emergency,539,571,000140000855
WO-2144506,ASSET-00888,Preventive,0,,000140000855
WO-2144507,ASSET-00888,Corrective,114,1925,000140000855
WO-2144508,ASSET-00888,Corrective,60,1902,000140000855
WO-2144509,ASSET-00889,Preventive,0,,000140000856
WO-2144510,ASSET-00889,Preventive,0,,000140000856
WO-2144511,ASSET-00889,Preventive,0,,000140000856
WO-2144512,ASSET-00889,Preventive,0,,000140000856
WO-2144513,ASSET-00889,Preventive,0,,000140000856
WO-2144514,ASSET-00889,Preventive,0,,000140000856
WO-2144515,ASSET-00889,Corrective,40,1738,000140000856
WO-2144516,ASSET-00889,Emergency,290,1453,000140000856
WO-2144517,ASSET-00890,Emergency,130,973,000140000857
WO-2144518,ASSET-00890,Corrective,167,289,000140000857
WO-2144519,ASSET-00890,Preventive,0,,000140000857
WO-2144520,ASSET-00890,Emergency,105,1826,000140000857
WO-2144521,ASSET-00890,Preventive,0,,000140000857
WO-2144522,ASSET-00890,Corrective,238,1498,000140000857
WO-2144523,ASSET-00891,Emergency,140,1275,000140000858
WO-2144524,ASSET-00891,Emergency,169,1774,000140000858
WO-2144525,ASSET-00891,Corrective,132,402,000140000858
WO-2144526,ASSET-00891,Corrective,104,720,000140000858
WO-2144527,ASSET-00892,Preventive,0,,000140000859
WO-2144528,ASSET-00892,Preventive,0,,000140000859
WO-2144529,ASSET-00892,Corrective,34,1848,000140000859
WO-2144530,ASSET-00892,Preventive,0,,000140000859
WO-2144531,ASSET-00892,Preventive,0,,000140000859
WO-2144532,ASSET-00893,Preventive,0,,000140000860
WO-2144533,ASSET-00893,Corrective,128,1317,000140000860
WO-2144534,ASSET-00893,Corrective,73,1885,000140000860
WO-2144535,ASSET-00893,Preventive,0,,000140000860
WO-2144536,ASSET-00894,Preventive,0,,000140000861
WO-2144537,ASSET-00894,Preventive,0,,000140000861
WO-2144538,ASSET-00894,Emergency,561,545,000140000861
WO-2144539,ASSET-00894,Preventive,0,,000140000861
WO-2144540,ASSET-00894,Emergency,241,1144,000140000861
WO-2144541,ASSET-00894,Corrective,229,1403,000140000861
WO-2144542,ASSET-00895,Preventive,0,,000140000862
WO-2144543,ASSET-00895,Corrective,64,510,000140000862
WO-2144544,ASSET-00895,Corrective,61,1696,000140000862
WO-2144545,ASSET-00895,Preventive,0,,000140000862
WO-2144546,ASSET-00895,Preventive,0,,000140000862
WO-2144547,ASSET-00895,Preventive,0,,000140000862
WO-2144548,ASSET-00895,Preventive,0,,000140000862
WO-2144549,ASSET-00895,Preventive,0,,000140000862
WO-2144550,ASSET-00896,Preventive,0,,000140000863
WO-2144551,ASSET-00897,Preventive,0,,000140000864
WO-2144552,ASSET-00897,Preventive,0,,000140000864
WO-2144553,ASSET-00897,Preventive,0,,000140000864
WO-2144554,ASSET-00897,Preventive,0,,000140000864
WO-2144555,ASSET-00897,Emergency,251,1734,000140000864
WO-2144556,ASSET-00897,Corrective,184,724,000140000864
WO-2144557,ASSET-00898,Corrective,51,578,000140000865
WO-2144558,ASSET-00898,Preventive,0,,000140000865
WO-2144559,ASSET-00898,Corrective,160,590,000140000865
WO-2144560,ASSET-00899,Corrective,83,803,000140000866
WO-2144561,ASSET-00899,Corrective,83,1725,000140000866
WO-2144562,ASSET-00899,Corrective,160,648,000140000866
WO-2144563,ASSET-00899,Emergency,83,1717,000140000866
WO-2144564,ASSET-00899,Corrective,35,260,000140000866
WO-2144565,ASSET-00900,Preventive,0,,000140000867
WO-2144566,ASSET-00900,Corrective,200,799,000140000867
WO-2144567,ASSET-00900,Preventive,0,,000140000867
WO-2144568,ASSET-00900,Corrective,172,502,000140000867
WO-2144569,ASSET-00900,Preventive,0,,000140000867
WO-2144570,ASSET-00900,Corrective,47,998,000140000867
WO-2144571,ASSET-00901,Corrective,110,1562,000140000868
WO-2144572,ASSET-00901,Emergency,434,1381,000140000868
WO-2144573,ASSET-00901,Preventive,0,,000140000868
WO-2144574,ASSET-00901,Corrective,192,1810,000140000868
WO-2144575,ASSET-00901,Preventive,0,,000140000868
WO-2144576,ASSET-00901,Corrective,96,1796,000140000868
WO-2144577,ASSET-00902,Preventive,0,,000140000869
WO-2144578,ASSET-00902,Preventive,0,,000140000869
WO-2144579,ASSET-00902,Preventive,0,,000140000869
WO-2144580,ASSET-00902,Preventive,0,,000140000869
WO-2144581,ASSET-00903,Preventive,0,,000140000870
WO-2144582,ASSET-00903,Emergency,538,699,000140000870
WO-2144583,ASSET-00903,Corrective,88,398,000140000870
WO-2144584,ASSET-00903,Preventive,0,,000140000870
WO-2144585,ASSET-00904,Corrective,180,801,000140000871
WO-2144586,ASSET-00904,Preventive,0,,000140000871
WO-2144587,ASSET-00904,Corrective,97,874,000140000871
WO-2144588,ASSET-00904,Corrective,42,1708,000140000871
WO-2144589,ASSET-00905,Preventive,0,,000140000872
WO-2144590,ASSET-00905,Preventive,0,,000140000872
WO-2144591,ASSET-00905,Corrective,140,1874,000140000872
WO-2144592,ASSET-00905,Preventive,0,,000140000872
WO-2144593,ASSET-00905,Preventive,0,,000140000872
WO-2144594,ASSET-00905,Preventive,0,,000140000872
WO-2144595,ASSET-00906,Corrective,101,1126,000140000873
WO-2144596,ASSET-00906,Preventive,0,,000140000873
WO-2144597,ASSET-00906,Preventive,0,,000140000873
WO-2144598,ASSET-00906,Preventive,0,,000140000873
WO-2144599,ASSET-00907,Emergency,170,1436,000140000874
WO-2144600,ASSET-00907,Corrective,197,272,000140000874
WO-2144601,ASSET-00907,Corrective,206,1748,000140000874
WO-2144602,ASSET-00907,Preventive,0,,000140000874
WO-2144603,ASSET-00907,Preventive,0,,000140000874
WO-2144604,ASSET-00907,Preventive,0,,000140000874
WO-2144605,ASSET-00908,Preventive,0,,000140000875
WO-2144606,ASSET-00908,Corrective,201,1585,000140000875
WO-2144607,ASSET-00908,Preventive,0,,000140000875
WO-2144608,ASSET-00908,Corrective,52,1250,000140000875
WO-2144609,ASSET-00908,Preventive,0,,000140000875
WO-2144610,ASSET-00908,Corrective,121,249,000140000875
WO-2144611,ASSET-00908,Corrective,208,481,000140000875
WO-2144612,ASSET-00908,Preventive,0,,000140000875
WO-2144613,ASSET-00909,Corrective,110,270,000140000876
WO-2144614,ASSET-00909,Preventive,0,,000140000876
WO-2144615,ASSET-00909,Preventive,0,,000140000876
WO-2144616,ASSET-00909,Preventive,0,,000140000876
WO-2144617,ASSET-00910,Preventive,0,,000140000877
WO-2144618,ASSET-00910,Preventive,0,,000140000877
WO-2144619,ASSET-00910,Emergency,356,1325,000140000877
WO-2144620,ASSET-00910,Corrective,70,871,000140000877
WO-2144621,ASSET-00911,Preventive,0,,000140000878
WO-2144622,ASSET-00911,Preventive,0,,000140000878
WO-2144623,ASSET-00912,Corrective,228,641,000140000879
WO-2144624,ASSET-00912,Preventive,0,,000140000879
WO-2144625,ASSET-00912,Corrective,57,916,000140000879
WO-2144626,ASSET-00912,Corrective,122,1707,000140000879
WO-2144627,ASSET-00913,Preventive,0,,000140000880
WO-2144628,ASSET-00913,Corrective,74,1510,000140000880
WO-2144629,ASSET-00913,Preventive,0,,000140000880
WO-2144630,ASSET-00913,Preventive,0,,000140000880
WO-2144631,ASSET-00914,Preventive,0,,000140000881
WO-2144632,ASSET-00914,Preventive,0,,000140000881
WO-2144633,ASSET-00914,Preventive,0,,000140000881
WO-2144634,ASSET-00914,Corrective,153,264,000140000881
WO-2144635,ASSET-00915,Corrective,168,1612,000140000882
WO-2144636,ASSET-00915,Corrective,73,606,000140000882
WO-2144637,ASSET-00915,Corrective,155,1999,000140000882
WO-2144638,ASSET-00915,Preventive,0,,000140000882
WO-2144639,ASSET-00916,Preventive,0,,000140000883
WO-2144640,ASSET-00916,Corrective,75,1058,000140000883
WO-2144641,ASSET-00916,Preventive,0,,000140000883
WO-2144642,ASSET-00916,Emergency,376,355,000140000883
WO-2144643,ASSET-00916,Preventive,0,,000140000883
WO-2144644,ASSET-00917,Preventive,0,,000140000884
WO-2144645,ASSET-00917,Preventive,0,,000140000884
WO-2144646,ASSET-00917,Emergency,314,299,000140000884
WO-2144647,ASSET-00918,Preventive,0,,000140000885
WO-2144648,ASSET-00918,Preventive,0,,000140000885
WO-2144649,ASSET-00918,Preventive,0,,000140000885
WO-2144650,ASSET-00918,Preventive,0,,000140000885
WO-2144651,ASSET-00918,Preventive,0,,000140000885
WO-2144652,ASSET-00919,Preventive,0,,000140000886
WO-2144653,ASSET-00919,Preventive,0,,000140000886
WO-2144654,ASSET-00919,Preventive,0,,000140000886
WO-2144655,ASSET-00919,Preventive,0,,000140000886
WO-2144656,ASSET-00919,Corrective,116,1456,000140000886
WO-2144657,ASSET-00919,Corrective,172,1318,000140000886
WO-2144658,ASSET-00919,Corrective,55,488,000140000886
WO-2144659,ASSET-00920,Preventive,0,,000140000887
WO-2144660,ASSET-00920,Corrective,218,986,000140000887
WO-2144661,ASSET-00920,Preventive,0,,000140000887
WO-2144662,ASSET-00920,Corrective,177,1029,000140000887
WO-2144663,ASSET-00920,Preventive,0,,000140000887
WO-2144664,ASSET-00920,Corrective,206,1173,000140000887
WO-2144665,ASSET-00920,Corrective,140,510,000140000887
WO-2144666,ASSET-00921,Preventive,0,,000140000888
WO-2144667,ASSET-00921,Preventive,0,,000140000888
WO-2144668,ASSET-00921,Preventive,0,,000140000888
WO-2144669,ASSET-00921,Preventive,0,,000140000888
WO-2144670,ASSET-00921,Corrective,57,427,000140000888
WO-2144671,ASSET-00922,Corrective,110,789,000140000889
WO-2144672,ASSET-00923,Preventive,0,,000140000890
WO-2144673,ASSET-00923,Corrective,136,284,000140000890
WO-2144674,ASSET-00923,Preventive,0,,000140000890
WO-2144675,ASSET-00923,Preventive,0,,000140000890
WO-2144676,ASSET-00923,Corrective,42,958,000140000890
WO-2144677,ASSET-00923,Preventive,0,,000140000890
WO-2144678,ASSET-00924,Corrective,124,1238,000140000891
WO-2144679,ASSET-00924,Preventive,0,,000140000891
WO-2144680,ASSET-00924,Preventive,0,,000140000891
WO-2144681,ASSET-00924,Preventive,0,,000140000891
WO-2144682,ASSET-00924,Corrective,228,1833,000140000891
WO-2144683,ASSET-00925,Preventive,0,,000140000892
WO-2144684,ASSET-00925,Preventive,0,,000140000892
WO-2144685,ASSET-00925,Emergency,160,1356,000140000892
WO-2144686,ASSET-00925,Corrective,154,1479,000140000892
WO-2144687,ASSET-00925,Preventive,0,,000140000892
WO-2144688,ASSET-00926,Preventive,0,,000140000893
WO-2144689,ASSET-00926,Corrective,204,1440,000140000893
WO-2144690,ASSET-00926,Corrective,153,1106,000140000893
WO-2144691,ASSET-00927,Corrective,158,511,000140000894
WO-2144692,ASSET-00927,Corrective,219,1107,000140000894
WO-2144693,ASSET-00927,Corrective,177,1241,000140000894
WO-2144694,ASSET-00927,Preventive,0,,000140000894
WO-2144695,ASSET-00928,Preventive,0,,000140000895
WO-2144696,ASSET-00928,Corrective,174,724,000140000895
WO-2144697,ASSET-00928,Preventive,0,,000140000895
WO-2144698,ASSET-00928,Corrective,91,1060,000140000895
WO-2144699,ASSET-00929,Preventive,0,,000140000896
WO-2144700,ASSET-00929,Preventive,0,,000140000896
WO-2144701,ASSET-00930,Preventive,0,,000140000897
WO-2144702,ASSET-00930,Preventive,0,,000140000897
WO-2144703,ASSET-00930,Preventive,0,,000140000897
WO-2144704,ASSET-00930,Preventive,0,,000140000897
WO-2144705,ASSET-00931,Corrective,87,311,000140000898
WO-2144706,ASSET-00931,Corrective,201,989,000140000898
WO-2144707,ASSET-00931,Corrective,150,1468,000140000898
WO-2144708,ASSET-00931,Corrective,204,1372,000140000898
WO-2144709,ASSET-00931,Preventive,0,,000140000898
WO-2144710,ASSET-00931,Preventive,0,,000140000898
WO-2144711,ASSET-00932,Preventive,0,,000140000899
WO-2144712,ASSET-00932,Corrective,227,1995,000140000899
WO-2144713,ASSET-00932,Preventive,0,,000140000899
WO-2144714,ASSET-00932,Preventive,0,,000140000899
WO-2144715,ASSET-00932,Preventive,0,,000140000899
WO-2144716,ASSET-00932,Preventive,0,,000140000899
WO-2144717,ASSET-00932,Corrective,181,1703,000140000899
WO-2144718,ASSET-00933,Preventive,0,,000140000900
WO-2144719,ASSET-00933,Emergency,541,1835,000140000900
WO-2144720,ASSET-00933,Preventive,0,,000140000900
WO-2144721,ASSET-00933,Preventive,0,,000140000900
WO-2144722,ASSET-00933,Preventive,0,,000140000900
WO-2144723,ASSET-00933,Preventive,0,,000140000900
WO-2144724,ASSET-00934,Preventive,0,,000140000901
WO-2144725,ASSET-00934,Corrective,132,405,000140000901
WO-2144726,ASSET-00934,Preventive,0,,000140000901
WO-2144727,ASSET-00934,Preventive,0,,000140000901
WO-2144728,ASSET-00934,Preventive,0,,000140000901
WO-2144729,ASSET-00935,Preventive,0,,000140000902
WO-2144730,ASSET-00935,Preventive,0,,000140000902
WO-2144731,ASSET-00935,Corrective,131,1708,000140000902
WO-2144732,ASSET-00935,Preventive,0,,000140000902
WO-2144733,ASSET-00935,Corrective,136,1549,000140000902
WO-2144734,ASSET-00935,Preventive,0,,000140000902
WO-2144735,ASSET-00936,Preventive,0,,000140000903
WO-2144736,ASSET-00936,Corrective,128,1469,000140000903
WO-2144737,ASSET-00936,Preventive,0,,000140000903
WO-2144738,ASSET-00936,Corrective,53,214,000140000903
WO-2144739,ASSET-00936,Corrective,120,584,000140000903
WO-2144740,ASSET-00936,Emergency,596,1013,000140000903
WO-2144741,ASSET-00937,Emergency,213,526,000140000904
WO-2144742,ASSET-00937,Preventive,0,,000140000904
WO-2144743,ASSET-00937,Preventive,0,,000140000904
WO-2144744,ASSET-00937,Preventive,0,,000140000904
WO-2144745,ASSET-00937,Corrective,144,710,000140000904
WO-2144746,ASSET-00937,Preventive,0,,000140000904
WO-2144747,ASSET-00938,Preventive,0,,000140000905
WO-2144748,ASSET-00938,Preventive,0,,000140000905
WO-2144749,ASSET-00938,Emergency,179,408,000140000905
WO-2144750,ASSET-00938,Preventive,0,,000140000905
WO-2144751,ASSET-00938,Corrective,185,1828,000140000905
WO-2144752,ASSET-00938,Preventive,0,,000140000905
WO-2144753,ASSET-00938,Preventive,0,,000140000905
WO-2144754,ASSET-00938,Emergency,400,1709,000140000905
WO-2144755,ASSET-00938,Emergency,343,1925,000140000905
WO-2144756,ASSET-00939,Preventive,0,,000140000906
WO-2144757,ASSET-00939,Preventive,0,,000140000906
WO-2144758,ASSET-00939,Preventive,0,,000140000906
WO-2144759,ASSET-00939,Preventive,0,,000140000906
WO-2144760,ASSET-00939,Preventive,0,,000140000906
WO-2144761,ASSET-00940,Corrective,125,824,000140000907
WO-2144762,ASSET-00940,Corrective,100,1534,000140000907
WO-2144763,ASSET-00940,Preventive,0,,000140000907
WO-2144764,ASSET-00940,Preventive,0,,000140000907
WO-2144765,ASSET-00940,Preventive,0,,000140000907
WO-2144766,ASSET-00941,Corrective,229,1017,000140000908
WO-2144767,ASSET-00941,Corrective,105,916,000140000908
WO-2144768,ASSET-00941,Preventive,0,,000140000908
WO-2144769,ASSET-00941,Preventive,0,,000140000908
WO-2144770,ASSET-00941,Preventive,0,,000140000908
WO-2144771,ASSET-00942,Emergency,65,1472,000140000909
WO-2144772,ASSET-00942,Preventive,0,,000140000909
WO-2144773,ASSET-00942,Corrective,75,1773,000140000909
WO-2144774,ASSET-00943,Corrective,100,479,000140000910
WO-2144775,ASSET-00943,Corrective,175,203,000140000910
WO-2144776,ASSET-00943,Preventive,0,,000140000910
WO-2144777,ASSET-00943,Emergency,579,314,000140000910
WO-2144778,ASSET-00943,Preventive,0,,000140000910
WO-2144779,ASSET-00943,Corrective,48,1600,000140000910
WO-2144780,ASSET-00944,Corrective,211,213,000140000911
WO-2144781,ASSET-00944,Corrective,239,342,000140000911
WO-2144782,ASSET-00944,Emergency,381,1696,000140000911
WO-2144783,ASSET-00944,Preventive,0,,000140000911
WO-2144784,ASSET-00944,Preventive,0,,000140000911
WO-2144785,ASSET-00945,Emergency,253,1622,000140000912
WO-2144786,ASSET-00945,Preventive,0,,000140000912
WO-2144787,ASSET-00945,Preventive,0,,000140000912
WO-2144788,ASSET-00946,Emergency,258,1435,000140000913
WO-2144789,ASSET-00946,Corrective,168,217,000140000913
WO-2144790,ASSET-00947,Emergency,325,1156,000140000914
WO-2144791,ASSET-00947,Preventive,0,,000140000914
WO-2144792,ASSET-00947,Preventive,0,,000140000914
WO-2144793,ASSET-00947,Corrective,87,1413,000140000914
WO-2144794,ASSET-00948,Corrective,52,520,000140000915
WO-2144795,ASSET-00948,Preventive,0,,000140000915
WO-2144796,ASSET-00948,Preventive,0,,000140000915
WO-2144797,ASSET-00948,Corrective,186,995,000140000915
WO-2144798,ASSET-00948,Preventive,0,,000140000915
WO-2144799,ASSET-00949,Preventive,0,,000140000916
WO-2144800,ASSET-00949,Emergency,403,1823,000140000916
WO-2144801,ASSET-00949,Preventive,0,,000140000916
WO-2144802,ASSET-00949,Preventive,0,,000140000916
WO-2144803,ASSET-00949,Preventive,0,,000140000916
WO-2144804,ASSET-00950,Preventive,0,,000140000918
WO-2144805,ASSET-00950,Corrective,164,1979,000140000918
WO-2144806,ASSET-00950,Corrective,43,432,000140000918
WO-2144807,ASSET-00951,Preventive,0,,000140000919
WO-2144808,ASSET-00951,Preventive,0,,000140000919
WO-2144809,ASSET-00951,Preventive,0,,000140000919
WO-2144810,ASSET-00951,Emergency,452,1150,000140000919
WO-2144811,ASSET-00952,Corrective,134,1872,000140000920
WO-2144812,ASSET-00952,Emergency,375,1362,000140000920
WO-2144813,ASSET-00952,Corrective,120,694,000140000920
WO-2144814,ASSET-00953,Preventive,0,,000140000921
WO-2144815,ASSET-00953,Preventive,0,,000140000921
WO-2144816,ASSET-00954,Preventive,0,,000140000922
WO-2144817,ASSET-00954,Preventive,0,,000140000922
WO-2144818,ASSET-00954,Preventive,0,,000140000922
WO-2144819,ASSET-00954,Preventive,0,,000140000922
WO-2144820,ASSET-00954,Preventive,0,,000140000922
WO-2144821,ASSET-00954,Corrective,118,1258,000140000922
WO-2144822,ASSET-00954,Preventive,0,,000140000922
WO-2144823,ASSET-00954,Corrective,208,669,000140000922
WO-2144824,ASSET-00954,Corrective,56,1207,000140000922
WO-2144825,ASSET-00955,Preventive,0,,000140000923
WO-2144826,ASSET-00955,Emergency,150,1419,000140000923
WO-2144827,ASSET-00955,Corrective,141,1617,000140000923
WO-2144828,ASSET-00955,Preventive,0,,000140000923
WO-2144829,ASSET-00956,Preventive,0,,000140000924
WO-2144830,ASSET-00956,Emergency,394,1863,000140000924
WO-2144831,ASSET-00956,Preventive,0,,000140000924
WO-2144832,ASSET-00956,Preventive,0,,000140000924
WO-2144833,ASSET-00956,Preventive,0,,000140000924
WO-2144834,ASSET-00956,Emergency,545,772,000140000924
WO-2144835,ASSET-00957,Preventive,0,,000140000925
WO-2144836,ASSET-00957,Preventive,0,,000140000925
WO-2144837,ASSET-00957,Corrective,71,211,000140000925
WO-2144838,ASSET-00957,Emergency,344,1809,000140000925
WO-2144839,ASSET-00957,Preventive,0,,000140000925
WO-2144840,ASSET-00957,Preventive,0,,000140000925
WO-2144841,ASSET-00957,Emergency,277,1526,000140000925
WO-2144842,ASSET-00957,Preventive,0,,000140000925
WO-2144843,ASSET-00957,Preventive,0,,000140000925
WO-2144844,ASSET-00958,Corrective,185,517,000140000926
WO-2144845,ASSET-00958,Preventive,0,,000140000926
WO-2144846,ASSET-00958,Emergency,145,806,000140000926
WO-2144847,ASSET-00958,Corrective,118,1305,000140000926
WO-2144848,ASSET-00958,Corrective,184,207,000140000926
WO-2144849,ASSET-00959,Preventive,0,,000140000927
WO-2144850,ASSET-00959,Preventive,0,,000140000927
WO-2144851,ASSET-00959,Preventive,0,,000140000927
WO-2144852,ASSET-00959,Emergency,374,1737,000140000927
WO-2144853,ASSET-00959,Emergency,76,1632,000140000927
WO-2144854,ASSET-00960,Preventive,0,,000140000928
WO-2144855,ASSET-00960,Preventive,0,,000140000928
WO-2144856,ASSET-00960,Preventive,0,,000140000928
WO-2144857,ASSET-00961,Preventive,0,,000140000929
WO-2144858,ASSET-00961,Preventive,0,,000140000929
WO-2144859,ASSET-00961,Preventive,0,,000140000929
WO-2144860,ASSET-00961,Preventive,0,,000140000929
WO-2144861,ASSET-00961,Corrective,32,1177,000140000929
WO-2144862,ASSET-00962,Preventive,0,,000140000930
WO-2144863,ASSET-00962,Preventive,0,,000140000930
WO-2144864,ASSET-00962,Corrective,203,741,000140000930
WO-2144865,ASSET-00962,Corrective,72,1182,000140000930
WO-2144866,ASSET-00962,Preventive,0,,000140000930
WO-2144867,ASSET-00962,Emergency,571,573,000140000930
WO-2144868,ASSET-00962,Preventive,0,,000140000930
WO-2144869,ASSET-00963,Corrective,110,410,000140000931
WO-2144870,ASSET-00963,Preventive,0,,000140000931
WO-2144871,ASSET-00963,Corrective,45,1738,000140000931
WO-2144872,ASSET-00963,Preventive,0,,000140000931
WO-2144873,ASSET-00963,Preventive,0,,000140000931
WO-2144874,ASSET-00964,Preventive,0,,000140000932
WO-2144875,ASSET-00965,Corrective,204,271,000140000933
WO-2144876,ASSET-00965,Emergency,536,571,000140000933
WO-2144877,ASSET-00965,Corrective,42,1399,000140000933
WO-2144878,ASSET-00965,Emergency,511,1438,000140000933
WO-2144879,ASSET-00965,Emergency,270,1087,000140000933
WO-2144880,ASSET-00965,Preventive,0,,000140000933
WO-2144881,ASSET-00965,Preventive,0,,000140000933
WO-2144882,ASSET-00966,Preventive,0,,000140000934
WO-2144883,ASSET-00966,Preventive,0,,000140000934
WO-2144884,ASSET-00966,Corrective,106,1042,000140000934
WO-2144885,ASSET-00966,Preventive,0,,000140000934
WO-2144886,ASSET-00967,Preventive,0,,000140000935
WO-2144887,ASSET-00967,Corrective,73,1777,000140000935
WO-2144888,ASSET-00967,Preventive,0,,000140000935
WO-2144889,ASSET-00967,Emergency,261,1186,000140000935
WO-2144890,ASSET-00967,Preventive,0,,000140000935
WO-2144891,ASSET-00968,Preventive,0,,000140000936
WO-2144892,ASSET-00968,Corrective,133,772,000140000936
WO-2144893,ASSET-00968,Corrective,87,1862,000140000936
WO-2144894,ASSET-00968,Preventive,0,,000140000936
WO-2144895,ASSET-00968,Emergency,510,1654,000140000936
WO-2144896,ASSET-00968,Corrective,170,1117,000140000936
WO-2144897,ASSET-00968,Corrective,193,1525,000140000936
WO-2144898,ASSET-00968,Preventive,0,,000140000936
WO-2144899,ASSET-00968,Preventive,0,,000140000936
WO-2144900,ASSET-00968,Preventive,0,,000140000936
WO-2144901,ASSET-00968,Preventive,0,,000140000936
WO-2144902,ASSET-00969,Corrective,65,1764,000140000938
WO-2144903,ASSET-00969,Preventive,0,,000140000938
WO-2144904,ASSET-00969,Preventive,0,,000140000938
WO-2144905,ASSET-00969,Preventive,0,,000140000938
WO-2144906,ASSET-00969,Preventive,0,,000140000938
WO-2144907,ASSET-00970,Preventive,0,,000140000939
WO-2144908,ASSET-00970,Preventive,0,,000140000939
WO-2144909,ASSET-00970,Preventive,0,,000140000939
WO-2144910,ASSET-00970,Emergency,167,1011,000140000939
WO-2144911,ASSET-00970,Corrective,236,1361,000140000939
WO-2144912,ASSET-00971,Preventive,0,,000140000940
WO-2144913,ASSET-00971,Corrective,223,1535,000140000940
WO-2144914,ASSET-00972,Corrective,179,1934,000140000941
WO-2144915,ASSET-00972,Preventive,0,,000140000941
WO-2144916,ASSET-00972,Preventive,0,,000140000941
WO-2144917,ASSET-00972,Preventive,0,,000140000941
WO-2144918,ASSET-00972,Preventive,0,,000140000941
WO-2144919,ASSET-00972,Preventive,0,,000140000941
WO-2144920,ASSET-00973,Preventive,0,,000140000942
WO-2144921,ASSET-00973,Emergency,381,359,000140000942
WO-2144922,ASSET-00973,Emergency,388,1015,000140000942
WO-2144923,ASSET-00973,Corrective,136,1026,000140000942
WO-2144924,ASSET-00973,Corrective,208,1195,000140000942
WO-2144925,ASSET-00973,Preventive,0,,000140000942
WO-2144926,ASSET-00974,Preventive,0,,000140000943
WO-2144927,ASSET-00974,Corrective,98,1338,000140000943
WO-2144928,ASSET-00974,Preventive,0,,000140000943
WO-2144929,ASSET-00975,Preventive,0,,000140000944
WO-2144930,ASSET-00975,Corrective,81,776,000140000944
WO-2144931,ASSET-00975,Corrective,71,1670,000140000944
WO-2144932,ASSET-00975,Preventive,0,,000140000944
WO-2144933,ASSET-00975,Preventive,0,,000140000944
WO-2144934,ASSET-00975,Corrective,37,1867,000140000944
WO-2144935,ASSET-00976,Preventive,0,,000140000945
WO-2144936,ASSET-00976,Preventive,0,,000140000945
WO-2144937,ASSET-00976,Corrective,209,850,000140000945
WO-2144938,ASSET-00976,Preventive,0,,000140000945
WO-2144939,ASSET-00977,Emergency,216,306,000140000946
WO-2144940,ASSET-00977,Preventive,0,,000140000946
WO-2144941,ASSET-00977,Preventive,0,,000140000946
WO-2144942,ASSET-00977,Preventive,0,,000140000946
WO-2144943,ASSET-00977,Preventive,0,,000140000946
WO-2144944,ASSET-00977,Preventive,0,,000140000946
WO-2144945,ASSET-00977,Preventive,0,,000140000946
WO-2144946,ASSET-00978,Emergency,275,225,000140000947
WO-2144947,ASSET-00978,Corrective,59,1094,000140000947
WO-2144948,ASSET-00978,Corrective,219,358,000140000947
WO-2144949,ASSET-00978,Preventive,0,,000140000947
WO-2144950,ASSET-00979,Corrective,169,247,000140000948
WO-2144951,ASSET-00979,Preventive,0,,000140000948
WO-2144952,ASSET-00979,Emergency,243,1521,000140000948
WO-2144953,ASSET-00979,Preventive,0,,000140000948
WO-2144954,ASSET-00979,Preventive,0,,000140000948
WO-2144955,ASSET-00980,Preventive,0,,000140000949
WO-2144956,ASSET-00980,Corrective,195,1022,000140000949
WO-2144957,ASSET-00980,Preventive,0,,000140000949
WO-2144958,ASSET-00980,Emergency,104,969,000140000949
WO-2144959,ASSET-00980,Preventive,0,,000140000949
WO-2144960,ASSET-00981,Preventive,0,,000140000950
WO-2144961,ASSET-00981,Preventive,0,,000140000950
WO-2144962,ASSET-00981,Preventive,0,,000140000950
WO-2144963,ASSET-00981,Corrective,226,969,000140000950
WO-2144964,ASSET-00981,Preventive,0,,000140000950
WO-2144965,ASSET-00981,Corrective,103,1543,000140000950
WO-2144966,ASSET-00981,Preventive,0,,000140000950
WO-2144967,ASSET-00982,Corrective,93,746,000140000951
WO-2144968,ASSET-00982,Preventive,0,,000140000951
WO-2144969,ASSET-00982,Preventive,0,,000140000951
WO-2144970,ASSET-00983,Corrective,55,1539,000140000952
WO-2144971,ASSET-00983,Corrective,213,1424,000140000952
WO-2144972,ASSET-00983,Corrective,189,951,000140000952
WO-2144973,ASSET-00983,Preventive,0,,000140000952
WO-2144974,ASSET-00983,Preventive,0,,000140000952
WO-2144975,ASSET-00984,Preventive,0,,000140000953
WO-2144976,ASSET-00984,Preventive,0,,000140000953
WO-2144977,ASSET-00984,Corrective,135,1839,000140000953
WO-2144978,ASSET-00984,Preventive,0,,000140000953
WO-2144979,ASSET-00984,Corrective,217,402,000140000953
WO-2144980,ASSET-00984,Preventive,0,,000140000953
WO-2144981,ASSET-00984,Preventive,0,,000140000953
WO-2144982,ASSET-00985,Preventive,0,,000140000954
WO-2144983,ASSET-00985,Corrective,158,1749,000140000954
WO-2144984,ASSET-00985,Corrective,221,726,000140000954
WO-2144985,ASSET-00985,Emergency,158,895,000140000954
WO-2144986,ASSET-00985,Corrective,54,1634,000140000954
WO-2144987,ASSET-00985,Corrective,92,1332,000140000954
WO-2144988,ASSET-00986,Preventive,0,,000140000955
WO-2144989,ASSET-00986,Preventive,0,,000140000955
WO-2144990,ASSET-00986,Corrective,186,1429,000140000955
WO-2144991,ASSET-00986,Preventive,0,,000140000955
WO-2144992,ASSET-00986,Corrective,155,1876,000140000955
WO-2144993,ASSET-00986,Preventive,0,,000140000955
WO-2144994,ASSET-00987,Corrective,147,538,000140000956
WO-2144995,ASSET-00987,Preventive,0,,000140000956
WO-2144996,ASSET-00987,Emergency,106,1313,000140000956
WO-2144997,ASSET-00987,Corrective,147,1221,000140000956
WO-2144998,ASSET-00988,Corrective,144,1246,000140000957
WO-2144999,ASSET-00988,Corrective,61,518,000140000957
WO-2145000,ASSET-00988,Preventive,0,,000140000957
WO-2145001,ASSET-00988,Emergency,197,1187,000140000957
WO-2145002,ASSET-00988,Corrective,70,1916,000140000957
WO-2145003,ASSET-00988,Corrective,172,1883,000140000957
WO-2145004,ASSET-00988,Corrective,62,1532,000140000957
WO-2145005,ASSET-00988,Preventive,0,,000140000957
WO-2145006,ASSET-00988,Preventive,0,,000140000957
WO-2145007,ASSET-00988,Preventive,0,,000140000957
WO-2145008,ASSET-00989,Corrective,178,881,000140000958
WO-2145009,ASSET-00989,Preventive,0,,000140000958
WO-2145010,ASSET-00989,Preventive,0,,000140000958
WO-2145011,ASSET-00989,Preventive,0,,000140000958
WO-2145012,ASSET-00989,Preventive,0,,000140000958
WO-2145013,ASSET-00990,Preventive,0,,000140000959
WO-2145014,ASSET-00990,Emergency,492,1164,000140000959
WO-2145015,ASSET-00990,Preventive,0,,000140000959
WO-2145016,ASSET-00990,Corrective,106,895,000140000959
WO-2145017,ASSET-00990,Preventive,0,,000140000959
WO-2145018,ASSET-00991,Preventive,0,,000140000960
WO-2145019,ASSET-00991,Corrective,41,532,000140000960
WO-2145020,ASSET-00991,Emergency,310,686,000140000960
WO-2145021,ASSET-00991,Preventive,0,,000140000960
WO-2145022,ASSET-00991,Preventive,0,,000140000960
WO-2145023,ASSET-00991,Preventive,0,,000140000960
WO-2145024,ASSET-00991,Preventive,0,,000140000960
WO-2145025,ASSET-00991,Preventive,0,,000140000960
WO-2145026,ASSET-00992,Corrective,233,1695,000140000961
WO-2145027,ASSET-00992,Preventive,0,,000140000961
WO-2145028,ASSET-00992,Preventive,0,,000140000961
WO-2145029,ASSET-00992,Preventive,0,,000140000961
WO-2145030,ASSET-00992,Preventive,0,,000140000961
WO-2145031,ASSET-00993,Preventive,0,,000140000962
WO-2145032,ASSET-00993,Preventive,0,,000140000962
WO-2145033,ASSET-00993,Preventive,0,,000140000962
WO-2145034,ASSET-00993,Corrective,93,564,000140000962
WO-2145035,ASSET-00993,Preventive,0,,000140000962
WO-2145036,ASSET-00993,Emergency,190,1569,000140000962
WO-2145037,ASSET-00993,Corrective,116,1875,000140000962
WO-2145038,ASSET-00993,Emergency,63,674,000140000962
WO-2145039,ASSET-00994,Corrective,158,1575,000140000963
WO-2145040,ASSET-00994,Preventive,0,,000140000963
WO-2145041,ASSET-00994,Preventive,0,,000140000963
WO-2145042,ASSET-00994,Preventive,0,,000140000963
WO-2145043,ASSET-00994,Preventive,0,,000140000963
WO-2145044,ASSET-00994,Preventive,0,,000140000963
WO-2145045,ASSET-00994,Preventive,0,,000140000963
WO-2145046,ASSET-00995,Emergency,398,1122,000140000964
WO-2145047,ASSET-00995,Preventive,0,,000140000964
WO-2145048,ASSET-00995,Corrective,139,1372,000140000964
WO-2145049,ASSET-00995,Corrective,240,424,000140000964
WO-2145050,ASSET-00995,Emergency,567,949,000140000964
WO-2145051,ASSET-00995,Corrective,128,338,000140000964
WO-2145052,ASSET-00996,Preventive,0,,000140000965
WO-2145053,ASSET-00996,Preventive,0,,000140000965
WO-2145054,ASSET-00996,Corrective,65,1355,000140000965
WO-2145055,ASSET-00996,Preventive,0,,000140000965
WO-2145056,ASSET-00996,Corrective,68,905,000140000965
WO-2145057,ASSET-00996,Preventive,0,,000140000965
WO-2145058,ASSET-00996,Emergency,451,1135,000140000965
WO-2145059,ASSET-00996,Preventive,0,,000140000965
WO-2145060,ASSET-00996,Preventive,0,,000140000965
WO-2145061,ASSET-00997,Preventive,0,,000140000967
WO-2145062,ASSET-00997,Preventive,0,,000140000967
WO-2145063,ASSET-00997,Corrective,121,1144,000140000967
WO-2145064,ASSET-00997,Preventive,0,,000140000967
WO-2145065,ASSET-00997,Preventive,0,,000140000967
WO-2145066,ASSET-00997,Preventive,0,,000140000967
WO-2145067,ASSET-00998,Preventive,0,,000140000968
WO-2145068,ASSET-00998,Corrective,220,1301,000140000968
WO-2145069,ASSET-00999,Preventive,0,,000140000969
WO-2145070,ASSET-00999,Corrective,234,1860,000140000969
WO-2145071,ASSET-00999,Preventive,0,,000140000969
WO-2145072,ASSET-00999,Preventive,0,,000140000969
WO-2145073,ASSET-00999,Preventive,0,,000140000969
WO-2145074,ASSET-00999,Preventive,0,,000140000969
WO-2145075,ASSET-00999,Corrective,142,338,000140000969
WO-2145076,ASSET-00999,Preventive,0,,000140000969
WO-2145077,ASSET-01000,Preventive,0,,000140000970
WO-2145078,ASSET-01000,Corrective,175,1947,000140000970
WO-2145079,ASSET-01000,Preventive,0,,000140000970
WO-2145080,ASSET-01001,Corrective,50,271,000140000971
WO-2145081,ASSET-01002,Preventive,0,,000140000972
WO-2145082,ASSET-01002,Corrective,41,599,000140000972
WO-2145083,ASSET-01002,Preventive,0,,000140000972
WO-2145084,ASSET-01002,Preventive,0,,000140000972
WO-2145085,ASSET-01002,Emergency,521,806,000140000972
WO-2145086,ASSET-01002,Corrective,209,1266,000140000972
WO-2145087,ASSET-01002,Emergency,596,474,000140000972
WO-2145088,ASSET-01002,Corrective,198,1867,000140000972
WO-2145089,ASSET-01002,Preventive,0,,000140000972
WO-2145090,ASSET-01003,Preventive,0,,000140000973
WO-2145091,ASSET-01003,Corrective,139,1910,000140000973
WO-2145092,ASSET-01004,Preventive,0,,000140000975
WO-2145093,ASSET-01004,Preventive,0,,000140000975
WO-2145094,ASSET-01004,Corrective,103,1461,000140000975
WO-2145095,ASSET-01004,Emergency,236,1101,000140000975
WO-2145096,ASSET-01004,Preventive,0,,000140000975
WO-2145097,ASSET-01005,Corrective,231,818,000140000976
WO-2145098,ASSET-01005,Preventive,0,,000140000976
WO-2145099,ASSET-01005,Preventive,0,,000140000976
WO-2145100,ASSET-01005,Corrective,35,397,000140000976
WO-2145101,ASSET-01005,Corrective,162,260,000140000976
WO-2145102,ASSET-01005,Corrective,35,266,000140000976
WO-2145103,ASSET-01006,Preventive,0,,000140000977
WO-2145104,ASSET-01006,Corrective,144,670,000140000977
WO-2145105,ASSET-01006,Preventive,0,,000140000977
WO-2145106,ASSET-01006,Preventive,0,,000140000977
WO-2145107,ASSET-01006,Preventive,0,,000140000977
WO-2145108,ASSET-01006,Preventive,0,,000140000977
WO-2145109,ASSET-01007,Corrective,164,342,000140000978
WO-2145110,ASSET-01007,Preventive,0,,000140000978
WO-2145111,ASSET-01007,Preventive,0,,000140000978
WO-2145112,ASSET-01007,Preventive,0,,000140000978
WO-2145113,ASSET-01007,Preventive,0,,000140000978
WO-2145114,ASSET-01008,Corrective,196,1180,000140000979
WO-2145115,ASSET-01008,Preventive,0,,000140000979
WO-2145116,ASSET-01008,Preventive,0,,000140000979
WO-2145117,ASSET-01009,Corrective,111,275,000140000980
WO-2145118,ASSET-01009,Emergency,448,615,000140000980
WO-2145119,ASSET-01009,Preventive,0,,000140000980
WO-2145120,ASSET-01010,Preventive,0,,000140000981
WO-2145121,ASSET-01010,Corrective,210,1709,000140000981
WO-2145122,ASSET-01010,Preventive,0,,000140000981
WO-2145123,ASSET-01010,Preventive,0,,000140000981
WO-2145124,ASSET-01010,Preventive,0,,000140000981
WO-2145125,ASSET-01010,Corrective,61,997,000140000981
WO-2145126,ASSET-01010,Corrective,207,1834,000140000981
WO-2145127,ASSET-01010,Preventive,0,,000140000981
WO-2145128,ASSET-01010,Emergency,249,1409,000140000981
WO-2145129,ASSET-01011,Corrective,83,466,000140000982
WO-2145130,ASSET-01011,Preventive,0,,000140000982
WO-2145131,ASSET-01011,Preventive,0,,000140000982
WO-2145132,ASSET-01011,Preventive,0,,000140000982
WO-2145133,ASSET-01011,Preventive,0,,000140000982
WO-2145134,ASSET-01011,Corrective,187,1836,000140000982
WO-2145135,ASSET-01011,Corrective,203,1178,000140000982
WO-2145136,ASSET-01011,Corrective,198,1856,000140000982
WO-2145137,ASSET-01012,Preventive,0,,000140000983
WO-2145138,ASSET-01012,Corrective,166,942,000140000983
WO-2145139,ASSET-01012,Preventive,0,,000140000983
WO-2145140,ASSET-01012,Corrective,44,1277,000140000983
WO-2145141,ASSET-01012,Corrective,85,1865,000140000983
WO-2145142,ASSET-01013,Preventive,0,,000140000984
WO-2145143,ASSET-01013,Preventive,0,,000140000984
WO-2145144,ASSET-01013,Emergency,348,1473,000140000984
WO-2145145,ASSET-01013,Corrective,88,1982,000140000984
WO-2145146,ASSET-01013,Preventive,0,,000140000984
WO-2145147,ASSET-01014,Preventive,0,,000140000985
WO-2145148,ASSET-01014,Preventive,0,,000140000985
WO-2145149,ASSET-01014,Preventive,0,,000140000985
WO-2145150,ASSET-01015,Emergency,149,1773,000140000986
WO-2145151,ASSET-01015,Preventive,0,,000140000986
WO-2145152,ASSET-01015,Preventive,0,,000140000986
WO-2145153,ASSET-01015,Preventive,0,,000140000986
WO-2145154,ASSET-01016,Corrective,146,826,000140000987
WO-2145155,ASSET-01016,Corrective,199,1892,000140000987
WO-2145156,ASSET-01016,Preventive,0,,000140000987
WO-2145157,ASSET-01016,Preventive,0,,000140000987
WO-2145158,ASSET-01017,Preventive,0,,000140000988
WO-2145159,ASSET-01018,Preventive,0,,000140000990
WO-2145160,ASSET-01018,Corrective,217,633,000140000990
WO-2145161,ASSET-01018,Preventive,0,,000140000990
WO-2145162,ASSET-01019,Preventive,0,,000140000991
WO-2145163,ASSET-01019,Corrective,206,968,000140000991
WO-2145164,ASSET-01019,Emergency,250,516,000140000991
WO-2145165,ASSET-01019,Corrective,179,1421,000140000991
WO-2145166,ASSET-01019,Preventive,0,,000140000991
WO-2145167,ASSET-01019,Corrective,42,1347,000140000991
WO-2145168,ASSET-01019,Preventive,0,,000140000991
WO-2145169,ASSET-01020,Corrective,211,1533,000140000992
WO-2145170,ASSET-01020,Corrective,36,240,000140000992
WO-2145171,ASSET-01020,Corrective,170,720,000140000992
WO-2145172,ASSET-01020,Preventive,0,,000140000992
WO-2145173,ASSET-01021,Preventive,0,,000140000993
WO-2145174,ASSET-01021,Preventive,0,,000140000993
WO-2145175,ASSET-01021,Preventive,0,,000140000993
WO-2145176,ASSET-01021,Preventive,0,,000140000993
WO-2145177,ASSET-01022,Emergency,322,1626,000140000994
WO-2145178,ASSET-01022,Corrective,164,1710,000140000994
WO-2145179,ASSET-01022,Corrective,184,318,000140000994
WO-2145180,ASSET-01022,Emergency,404,1353,000140000994
WO-2145181,ASSET-01022,Emergency,576,1664,000140000994
WO-2145182,ASSET-01022,Preventive,0,,000140000994
WO-2145183,ASSET-01022,Corrective,92,757,000140000994
WO-2145184,ASSET-01022,Corrective,179,669,000140000994
WO-2145185,ASSET-01023,Preventive,0,,000140000995
WO-2145186,ASSET-01023,Corrective,122,1267,000140000995
WO-2145187,ASSET-01023,Corrective,155,1369,000140000995
WO-2145188,ASSET-01023,Preventive,0,,000140000995
WO-2145189,ASSET-01023,Preventive,0,,000140000995
WO-2145190,ASSET-01024,Corrective,38,1731,000140000996
WO-2145191,ASSET-01024,Preventive,0,,000140000996
WO-2145192,ASSET-01024,Preventive,0,,000140000996
WO-2145193,ASSET-01024,Corrective,202,472,000140000996
WO-2145194,ASSET-01024,Corrective,200,508,000140000996
WO-2145195,ASSET-01024,Corrective,99,1259,000140000996
WO-2145196,ASSET-01024,Preventive,0,,000140000996
WO-2145197,ASSET-01025,Preventive,0,,000140000997
WO-2145198,ASSET-01025,Preventive,0,,000140000997
WO-2145199,ASSET-01026,Preventive,0,,000140000998
WO-2145200,ASSET-01026,Corrective,137,1687,000140000998
WO-2145201,ASSET-01026,Corrective,229,763,000140000998
WO-2145202,ASSET-01026,Preventive,0,,000140000998
WO-2145203,ASSET-01026,Preventive,0,,000140000998
WO-2145204,ASSET-01026,Preventive,0,,000140000998
WO-2145205,ASSET-01027,Preventive,0,,000140000999
WO-2145206,ASSET-01027,Corrective,86,1177,000140000999
WO-2145207,ASSET-01027,Corrective,109,1321,000140000999
WO-2145208,ASSET-01028,Emergency,547,510,000140001000
WO-2145209,ASSET-01028,Preventive,0,,000140001000
WO-2145210,ASSET-01028,Corrective,218,1080,000140001000
WO-2145211,ASSET-01029,Preventive,0,,000140001001
WO-2145212,ASSET-01029,Preventive,0,,000140001001
WO-2145213,ASSET-01029,Corrective,44,1993,000140001001
WO-2145214,ASSET-01029,Preventive,0,,000140001001
WO-2145215,ASSET-01030,Preventive,0,,000140001002
WO-2145216,ASSET-01030,Corrective,160,707,000140001002
WO-2145217,ASSET-01030,Preventive,0,,000140001002
WO-2145218,ASSET-01030,Preventive,0,,000140001002
WO-2145219,ASSET-01030,Preventive,0,,000140001002
WO-2145220,ASSET-01030,Preventive,0,,000140001002
WO-2145221,ASSET-01030,Preventive,0,,000140001002
WO-2145222,ASSET-01030,Corrective,231,1846,000140001002
WO-2145223,ASSET-01030,Corrective,163,887,000140001002
WO-2145224,ASSET-01031,Corrective,114,294,000140001003
WO-2145225,ASSET-01031,Preventive,0,,000140001003
WO-2145226,ASSET-01031,Preventive,0,,000140001003
WO-2145227,ASSET-01032,Preventive,0,,000140001004
WO-2145228,ASSET-01032,Corrective,231,473,000140001004
WO-2145229,ASSET-01032,Preventive,0,,000140001004
WO-2145230,ASSET-01032,Corrective,215,602,000140001004
WO-2145231,ASSET-01032,Corrective,158,1816,000140001004
WO-2145232,ASSET-01032,Corrective,54,834,000140001004
WO-2145233,ASSET-01032,Corrective,45,1963,000140001004
WO-2145234,ASSET-01033,Preventive,0,,000140001005
WO-2145235,ASSET-01033,Corrective,122,1478,000140001005
WO-2145236,ASSET-01033,Corrective,64,685,000140001005
WO-2145237,ASSET-01033,Corrective,204,1862,000140001005
WO-2145238,ASSET-01033,Corrective,97,629,000140001005
WO-2145239,ASSET-01033,Corrective,156,1752,000140001005
WO-2145240,ASSET-01034,Corrective,42,842,000140001006
WO-2145241,ASSET-01034,Preventive,0,,000140001006
WO-2145242,ASSET-01034,Preventive,0,,000140001006
WO-2145243,ASSET-01034,Preventive,0,,000140001006
WO-2145244,ASSET-01035,Preventive,0,,000140001007
WO-2145245,ASSET-01035,Preventive,0,,000140001007
WO-2145246,ASSET-01036,Corrective,83,1990,000140001008
WO-2145247,ASSET-01036,Preventive,0,,000140001008
WO-2145248,ASSET-01036,Preventive,0,,000140001008
WO-2145249,ASSET-01036,Corrective,209,1870,000140001008
WO-2145250,ASSET-01037,Preventive,0,,000140001009
WO-2145251,ASSET-01037,Emergency,507,821,000140001009
WO-2145252,ASSET-01037,Emergency,61,1363,000140001009
WO-2145253,ASSET-01037,Corrective,124,1348,000140001009
WO-2145254,ASSET-01037,Preventive,0,,000140001009
WO-2145255,ASSET-01038,Corrective,157,1865,000140001010
WO-2145256,ASSET-01038,Emergency,554,520,000140001010
WO-2145257,ASSET-01038,Preventive,0,,000140001010
WO-2145258,ASSET-01038,Emergency,82,1101,000140001010
WO-2145259,ASSET-01038,Preventive,0,,000140001010
WO-2145260,ASSET-01038,Corrective,181,261,000140001010
WO-2145261,ASSET-01039,Preventive,0,,000140001011
WO-2145262,ASSET-01039,Preventive,0,,000140001011
WO-2145263,ASSET-01039,Corrective,223,1261,000140001011
WO-2145264,ASSET-01039,Preventive,0,,000140001011
WO-2145265,ASSET-01039,Preventive,0,,000140001011
WO-2145266,ASSET-01039,Emergency,250,953,000140001011
WO-2145267,ASSET-01039,Preventive,0,,000140001011
WO-2145268,ASSET-01040,Preventive,0,,000140001012
WO-2145269,ASSET-01040,Corrective,44,869,000140001012
WO-2145270,ASSET-01040,Corrective,87,1309,000140001012
WO-2145271,ASSET-01040,Preventive,0,,000140001012
WO-2145272,ASSET-01040,Preventive,0,,000140001012
WO-2145273,ASSET-01040,Corrective,192,1279,000140001012
WO-2145274,ASSET-01040,Corrective,151,524,000140001012
WO-2145275,ASSET-01041,Preventive,0,,000140001013
WO-2145276,ASSET-01041,Corrective,112,1307,000140001013
WO-2145277,ASSET-01041,Corrective,76,1448,000140001013
WO-2145278,ASSET-01041,Preventive,0,,000140001013
WO-2145279,ASSET-01041,Corrective,102,1955,000140001013
WO-2145280,ASSET-01042,Corrective,121,221,000140001014
WO-2145281,ASSET-01042,Corrective,119,1063,000140001014
WO-2145282,ASSET-01042,Corrective,91,1015,000140001014
WO-2145283,ASSET-01042,Preventive,0,,000140001014
WO-2145284,ASSET-01043,Preventive,0,,000140001015
WO-2145285,ASSET-01043,Corrective,194,1651,000140001015
WO-2145286,ASSET-01043,Corrective,208,1331,000140001015
WO-2145287,ASSET-01043,Preventive,0,,000140001015
WO-2145288,ASSET-01043,Corrective,215,1122,000140001015
WO-2145289,ASSET-01044,Preventive,0,,000140001016
WO-2145290,ASSET-01044,Corrective,197,349,000140001016
WO-2145291,ASSET-01044,Corrective,91,1482,000140001016
WO-2145292,ASSET-01044,Corrective,87,1122,000140001016
WO-2145293,ASSET-01045,Corrective,209,326,000140001017
WO-2145294,ASSET-01045,Corrective,87,1949,000140001017
WO-2145295,ASSET-01045,Preventive,0,,000140001017
WO-2145296,ASSET-01045,Preventive,0,,000140001017
WO-2145297,ASSET-01045,Corrective,36,1084,000140001017
WO-2145298,ASSET-01046,Preventive,0,,000140001018
WO-2145299,ASSET-01046,Preventive,0,,000140001018
WO-2145300,ASSET-01046,Preventive,0,,000140001018
WO-2145301,ASSET-01046,Preventive,0,,000140001018
WO-2145302,ASSET-01046,Preventive,0,,000140001018
WO-2145303,ASSET-01046,Emergency,324,474,000140001018
WO-2145304,ASSET-01047,Corrective,63,1887,000140001020
WO-2145305,ASSET-01047,Preventive,0,,000140001020
WO-2145306,ASSET-01047,Preventive,0,,000140001020
WO-2145307,ASSET-01047,Preventive,0,,000140001020
WO-2145308,ASSET-01047,Corrective,105,1689,000140001020
WO-2145309,ASSET-01047,Corrective,87,990,000140001020
WO-2145310,ASSET-01047,Preventive,0,,000140001020
WO-2145311,ASSET-01048,Preventive,0,,000140001021
WO-2145312,ASSET-01048,Preventive,0,,000140001021
WO-2145313,ASSET-01048,Corrective,85,1601,000140001021
WO-2145314,ASSET-01049,Preventive,0,,000140001022
WO-2145315,ASSET-01049,Corrective,235,423,000140001022
WO-2145316,ASSET-01049,Preventive,0,,000140001022
WO-2145317,ASSET-01049,Preventive,0,,000140001022
WO-2145318,ASSET-01049,Emergency,556,750,000140001022
WO-2145319,ASSET-01049,Preventive,0,,000140001022
WO-2145320,ASSET-01050,Preventive,0,,000140001023
WO-2145321,ASSET-01050,Emergency,582,1246,000140001023
WO-2145322,ASSET-01050,Preventive,0,,000140001023
WO-2145323,ASSET-01050,Preventive,0,,000140001023
WO-2145324,ASSET-01051,Corrective,78,729,000140001024
WO-2145325,ASSET-01051,Emergency,200,1197,000140001024
WO-2145326,ASSET-01051,Preventive,0,,000140001024
WO-2145327,ASSET-01051,Corrective,73,1201,000140001024
WO-2145328,ASSET-01052,Corrective,88,1716,000140001025
WO-2145329,ASSET-01052,Preventive,0,,000140001025
WO-2145330,ASSET-01052,Preventive,0,,000140001025
WO-2145331,ASSET-01052,Preventive,0,,000140001025
WO-2145332,ASSET-01052,Corrective,34,1748,000140001025
WO-2145333,ASSET-01053,Preventive,0,,000140001026
WO-2145334,ASSET-01053,Emergency,180,1841,000140001026
WO-2145335,ASSET-01053,Preventive,0,,000140001026
WO-2145336,ASSET-01053,Emergency,328,1762,000140001026
WO-2145337,ASSET-01054,Corrective,96,348,000140001027
WO-2145338,ASSET-01054,Corrective,97,1565,000140001027
WO-2145339,ASSET-01054,Preventive,0,,000140001027
WO-2145340,ASSET-01054,Preventive,0,,000140001027
WO-2145341,ASSET-01054,Preventive,0,,000140001027
WO-2145342,ASSET-01054,Preventive,0,,000140001027
WO-2145343,ASSET-01054,Preventive,0,,000140001027
WO-2145344,ASSET-01054,Preventive,0,,000140001027
WO-2145345,ASSET-01054,Preventive,0,,000140001027
WO-2145346,ASSET-01054,Preventive,0,,000140001027
WO-2145347,ASSET-01054,Corrective,72,1763,000140001027
WO-2145348,ASSET-01055,Preventive,0,,000140001028
WO-2145349,ASSET-01055,Preventive,0,,000140001028
WO-2145350,ASSET-01055,Preventive,0,,000140001028
WO-2145351,ASSET-01055,Preventive,0,,000140001028
WO-2145352,ASSET-01055,Corrective,169,1390,000140001028
WO-2145353,ASSET-01055,Preventive,0,,000140001028
WO-2145354,ASSET-01055,Corrective,162,292,000140001028
WO-2145355,ASSET-01055,Corrective,74,548,000140001028
WO-2145356,ASSET-01055,Corrective,69,354,000140001028
WO-2145357,ASSET-01056,Preventive,0,,000140001029
WO-2145358,ASSET-01056,Emergency,163,1444,000140001029
WO-2145359,ASSET-01056,Preventive,0,,000140001029
WO-2145360,ASSET-01056,Preventive,0,,000140001029
WO-2145361,ASSET-01056,Preventive,0,,000140001029
WO-2145362,ASSET-01056,Preventive,0,,000140001029
WO-2145363,ASSET-01056,Emergency,141,979,000140001029
WO-2145364,ASSET-01056,Emergency,259,1449,000140001029
WO-2145365,ASSET-01056,Corrective,134,1282,000140001029
WO-2145366,ASSET-01057,Corrective,153,455,000140001030
WO-2145367,ASSET-01057,Preventive,0,,000140001030
WO-2145368,ASSET-01057,Preventive,0,,000140001030
WO-2145369,ASSET-01057,Preventive,0,,000140001030
WO-2145370,ASSET-01057,Corrective,234,1979,000140001030
WO-2145371,ASSET-01058,Emergency,586,1061,000140001031
WO-2145372,ASSET-01059,Preventive,0,,000140001032
WO-2145373,ASSET-01059,Preventive,0,,000140001032
WO-2145374,ASSET-01059,Emergency,506,1134,000140001032
WO-2145375,ASSET-01059,Corrective,74,809,000140001032
WO-2145376,ASSET-01059,Corrective,210,264,000140001032
WO-2145377,ASSET-01060,Preventive,0,,000140001033
WO-2145378,ASSET-01060,Corrective,63,994,000140001033
WO-2145379,ASSET-01060,Preventive,0,,000140001033
WO-2145380,ASSET-01060,Corrective,191,258,000140001033
WO-2145381,ASSET-01060,Corrective,166,1641,000140001033
WO-2145382,ASSET-01061,Corrective,233,1261,000140001034
WO-2145383,ASSET-01061,Preventive,0,,000140001034
WO-2145384,ASSET-01061,Corrective,84,1580,000140001034
WO-2145385,ASSET-01061,Preventive,0,,000140001034
WO-2145386,ASSET-01061,Preventive,0,,000140001034
WO-2145387,ASSET-01061,Preventive,0,,000140001034
WO-2145388,ASSET-01061,Emergency,464,1863,000140001034
WO-2145389,ASSET-01061,Preventive,0,,000140001034
WO-2145390,ASSET-01062,Corrective,184,1976,000140001035
WO-2145391,ASSET-01062,Corrective,86,1710,000140001035
WO-2145392,ASSET-01062,Emergency,300,1530,000140001035
WO-2145393,ASSET-01062,Emergency,236,779,000140001035
WO-2145394,ASSET-01062,Emergency,85,460,000140001035
WO-2145395,ASSET-01063,Preventive,0,,000140001036
WO-2145396,ASSET-01063,Preventive,0,,000140001036
WO-2145397,ASSET-01063,Preventive,0,,000140001036
WO-2145398,ASSET-01064,Preventive,0,,000140001037
WO-2145399,ASSET-01064,Emergency,128,811,000140001037
WO-2145400,ASSET-01064,Preventive,0,,000140001037
WO-2145401,ASSET-01064,Preventive,0,,000140001037
WO-2145402,ASSET-01064,Preventive,0,,000140001037
WO-2145403,ASSET-01065,Preventive,0,,000140001038
WO-2145404,ASSET-01065,Preventive,0,,000140001038
WO-2145405,ASSET-01065,Preventive,0,,000140001038
WO-2145406,ASSET-01065,Preventive,0,,000140001038
WO-2145407,ASSET-01065,Preventive,0,,000140001038
WO-2145408,ASSET-01065,Corrective,45,1645,000140001038
WO-2145409,ASSET-01065,Corrective,30,658,000140001038
WO-2145410,ASSET-01065,Preventive,0,,000140001038
WO-2145411,ASSET-01066,Corrective,91,896,000140001039
WO-2145412,ASSET-01066,Emergency,437,926,000140001039
WO-2145413,ASSET-01066,Corrective,94,1829,000140001039
WO-2145414,ASSET-01066,Corrective,137,1453,000140001039
WO-2145415,ASSET-01066,Corrective,94,1256,000140001039
WO-2145416,ASSET-01066,Preventive,0,,000140001039
WO-2145417,ASSET-01066,Corrective,51,1627,000140001039
WO-2145418,ASSET-01067,Preventive,0,,000140001040
WO-2145419,ASSET-01067,Emergency,95,1723,000140001040
WO-2145420,ASSET-01067,Corrective,175,1362,000140001040
WO-2145421,ASSET-01067,Preventive,0,,000140001040
WO-2145422,ASSET-01067,Corrective,78,1972,000140001040
WO-2145423,ASSET-01067,Preventive,0,,000140001040
WO-2145424,ASSET-01067,Preventive,0,,000140001040
WO-2145425,ASSET-01068,Corrective,72,1805,000140001041
WO-2145426,ASSET-01068,Preventive,0,,000140001041
WO-2145427,ASSET-01068,Preventive,0,,000140001041
WO-2145428,ASSET-01068,Preventive,0,,000140001041
WO-2145429,ASSET-01069,Preventive,0,,000140001042
WO-2145430,ASSET-01069,Preventive,0,,000140001042
WO-2145431,ASSET-01069,Emergency,118,1354,000140001042
WO-2145432,ASSET-01069,Preventive,0,,000140001042
WO-2145433,ASSET-01069,Corrective,99,547,000140001042
WO-2145434,ASSET-01069,Preventive,0,,000140001042
WO-2145435,ASSET-01070,Preventive,0,,000140001043
WO-2145436,ASSET-01070,Corrective,100,1888,000140001043
WO-2145437,ASSET-01070,Preventive,0,,000140001043
WO-2145438,ASSET-01070,Preventive,0,,000140001043
WO-2145439,ASSET-01070,Corrective,69,1273,000140001043
WO-2145440,ASSET-01070,Preventive,0,,000140001043
WO-2145441,ASSET-01070,Preventive,0,,000140001043
WO-2145442,ASSET-01071,Corrective,142,816,000140001044
WO-2145443,ASSET-01071,Corrective,145,701,000140001044
WO-2145444,ASSET-01071,Corrective,67,700,000140001044
WO-2145445,ASSET-01071,Corrective,66,1125,000140001044
WO-2145446,ASSET-01071,Emergency,397,518,000140001044
WO-2145447,ASSET-01071,Corrective,107,563,000140001044
WO-2145448,ASSET-01071,Emergency,80,572,000140001044
WO-2145449,ASSET-01071,Corrective,135,1594,000140001044
WO-2145450,ASSET-01071,Preventive,0,,000140001044
WO-2145451,ASSET-01071,Preventive,0,,000140001044
WO-2145452,ASSET-01072,Preventive,0,,000140001045
WO-2145453,ASSET-01072,Preventive,0,,000140001045
WO-2145454,ASSET-01072,Emergency,527,1201,000140001045
WO-2145455,ASSET-01072,Preventive,0,,000140001045
WO-2145456,ASSET-01072,Corrective,158,542,000140001045
WO-2145457,ASSET-01073,Preventive,0,,000140001046
WO-2145458,ASSET-01073,Corrective,88,822,000140001046
WO-2145459,ASSET-01073,Preventive,0,,000140001046
WO-2145460,ASSET-01073,Corrective,60,616,000140001046
WO-2145461,ASSET-01073,Corrective,39,1908,000140001046
WO-2145462,ASSET-01073,Preventive,0,,000140001046
WO-2145463,ASSET-01074,Corrective,95,287,000140001047
WO-2145464,ASSET-01074,Preventive,0,,000140001047
WO-2145465,ASSET-01075,Corrective,95,1144,000140001048
WO-2145466,ASSET-01075,Preventive,0,,000140001048
WO-2145467,ASSET-01075,Corrective,181,822,000140001048
WO-2145468,ASSET-01075,Emergency,464,1962,000140001048
WO-2145469,ASSET-01075,Preventive,0,,000140001048
WO-2145470,ASSET-01076,Preventive,0,,000140001049
WO-2145471,ASSET-01076,Preventive,0,,000140001049
WO-2145472,ASSET-01076,Corrective,155,1787,000140001049
WO-2145473,ASSET-01076,Preventive,0,,000140001049
WO-2145474,ASSET-01076,Preventive,0,,000140001049
WO-2145475,ASSET-01076,Preventive,0,,000140001049
WO-2145476,ASSET-01076,Preventive,0,,000140001049
WO-2145477,ASSET-01077,Preventive,0,,000140001050
WO-2145478,ASSET-01077,Preventive,0,,000140001050
WO-2145479,ASSET-01077,Preventive,0,,000140001050
WO-2145480,ASSET-01077,Preventive,0,,000140001050
WO-2145481,ASSET-01077,Preventive,0,,000140001050
WO-2145482,ASSET-01077,Corrective,130,922,000140001050
WO-2145483,ASSET-01077,Preventive,0,,000140001050
WO-2145484,ASSET-01077,Corrective,126,1698,000140001050
WO-2145485,ASSET-01077,Preventive,0,,000140001050
WO-2145486,ASSET-01078,Preventive,0,,000140001051
WO-2145487,ASSET-01078,Corrective,206,1954,000140001051
WO-2145488,ASSET-01078,Preventive,0,,000140001051
WO-2145489,ASSET-01078,Preventive,0,,000140001051
WO-2145490,ASSET-01078,Corrective,70,1398,000140001051
WO-2145491,ASSET-01078,Preventive,0,,000140001051
WO-2145492,ASSET-01079,Preventive,0,,000140001052
WO-2145493,ASSET-01079,Corrective,196,892,000140001052
WO-2145494,ASSET-01079,Corrective,127,1984,000140001052
WO-2145495,ASSET-01079,Preventive,0,,000140001052
WO-2145496,ASSET-01079,Corrective,222,648,000140001052
WO-2145497,ASSET-01079,Preventive,0,,000140001052
WO-2145498,ASSET-01079,Preventive,0,,000140001052
WO-2145499,ASSET-01079,Corrective,54,970,000140001052
WO-2145500,ASSET-01080,Corrective,112,982,000140001053
WO-2145501,ASSET-01080,Corrective,163,790,000140001053
WO-2145502,ASSET-01080,Preventive,0,,000140001053
WO-2145503,ASSET-01080,Corrective,84,1313,000140001053
WO-2145504,ASSET-01081,Preventive,0,,000140001054
WO-2145505,ASSET-01081,Emergency,390,272,000140001054
WO-2145506,ASSET-01081,Emergency,166,1845,000140001054
WO-2145507,ASSET-01081,Corrective,232,1519,000140001054
WO-2145508,ASSET-01081,Corrective,142,858,000140001054
WO-2145509,ASSET-01081,Preventive,0,,000140001054
WO-2145510,ASSET-01081,Preventive,0,,000140001054
WO-2145511,ASSET-01081,Preventive,0,,000140001054
WO-2145512,ASSET-01082,Preventive,0,,000140001056
WO-2145513,ASSET-01082,Corrective,33,925,000140001056
WO-2145514,ASSET-01082,Corrective,89,1580,000140001056
WO-2145515,ASSET-01083,Corrective,34,536,000140001057
WO-2145516,ASSET-01083,Preventive,0,,000140001057
WO-2145517,ASSET-01084,Preventive,0,,000140001058
WO-2145518,ASSET-01084,Preventive,0,,000140001058
WO-2145519,ASSET-01084,Emergency,455,501,000140001058
WO-2145520,ASSET-01084,Preventive,0,,000140001058
WO-2145521,ASSET-01085,Preventive,0,,000140001059
WO-2145522,ASSET-01085,Preventive,0,,000140001059
WO-2145523,ASSET-01085,Preventive,0,,000140001059
WO-2145524,ASSET-01085,Preventive,0,,000140001059
WO-2145525,ASSET-01085,Corrective,195,329,000140001059
WO-2145526,ASSET-01085,Preventive,0,,000140001059
WO-2145527,ASSET-01085,Emergency,314,1189,000140001059
WO-2145528,ASSET-01085,Preventive,0,,000140001059
WO-2145529,ASSET-01086,Corrective,143,837,000140001060
WO-2145530,ASSET-01086,Corrective,134,963,000140001060
WO-2145531,ASSET-01086,Preventive,0,,000140001060
WO-2145532,ASSET-01087,Preventive,0,,000140001061
WO-2145533,ASSET-01087,Preventive,0,,000140001061
WO-2145534,ASSET-01088,Preventive,0,,000140001062
WO-2145535,ASSET-01088,Corrective,211,1191,000140001062
WO-2145536,ASSET-01088,Preventive,0,,000140001062
WO-2145537,ASSET-01088,Corrective,79,1546,000140001062
WO-2145538,ASSET-01088,Corrective,70,546,000140001062
WO-2145539,ASSET-01088,Preventive,0,,000140001062
WO-2145540,ASSET-01088,Preventive,0,,000140001062
WO-2145541,ASSET-01089,Corrective,222,1092,000140001063
WO-2145542,ASSET-01089,Preventive,0,,000140001063
WO-2145543,ASSET-01090,Emergency,474,1810,000140001064
WO-2145544,ASSET-01090,Preventive,0,,000140001064
WO-2145545,ASSET-01090,Corrective,36,1478,000140001064
WO-2145546,ASSET-01090,Emergency,190,597,000140001064
WO-2145547,ASSET-01090,Preventive,0,,000140001064
WO-2145548,ASSET-01090,Preventive,0,,000140001064
WO-2145549,ASSET-01090,Preventive,0,,000140001064
WO-2145550,ASSET-01090,Corrective,89,695,000140001064
WO-2145551,ASSET-01090,Preventive,0,,000140001064
WO-2145552,ASSET-01091,Corrective,216,959,000140001065
WO-2145553,ASSET-01091,Corrective,125,1082,000140001065
WO-2145554,ASSET-01091,Corrective,127,379,000140001065
WO-2145555,ASSET-01091,Emergency,513,1238,000140001065
WO-2145556,ASSET-01091,Preventive,0,,000140001065
WO-2145557,ASSET-01092,Emergency,362,1260,000140001067
WO-2145558,ASSET-01092,Emergency,497,1778,000140001067
WO-2145559,ASSET-01093,Corrective,78,1980,000140001068
WO-2145560,ASSET-01093,Corrective,206,768,000140001068
WO-2145561,ASSET-01093,Emergency,516,237,000140001068
WO-2145562,ASSET-01093,Preventive,0,,000140001068
WO-2145563,ASSET-01094,Preventive,0,,000140001069
WO-2145564,ASSET-01094,Preventive,0,,000140001069
WO-2145565,ASSET-01094,Corrective,194,585,000140001069
WO-2145566,ASSET-01095,Preventive,0,,000140001070
WO-2145567,ASSET-01095,Preventive,0,,000140001070
WO-2145568,ASSET-01095,Corrective,230,1714,000140001070
WO-2145569,ASSET-01095,Preventive,0,,000140001070
WO-2145570,ASSET-01095,Corrective,229,1833,000140001070
WO-2145571,ASSET-01095,Preventive,0,,000140001070
WO-2145572,ASSET-01095,Preventive,0,,000140001070
WO-2145573,ASSET-01096,Corrective,230,1527,000140001071
WO-2145574,ASSET-01096,Emergency,409,1435,000140001071
WO-2145575,ASSET-01096,Preventive,0,,000140001071
WO-2145576,ASSET-01096,Emergency,195,1046,000140001071
WO-2145577,ASSET-01096,Preventive,0,,000140001071
WO-2145578,ASSET-01096,Preventive,0,,000140001071
WO-2145579,ASSET-01097,Preventive,0,,000140001072
WO-2145580,ASSET-01097,Preventive,0,,000140001072
WO-2145581,ASSET-01097,Emergency,66,1826,000140001072
WO-2145582,ASSET-01097,Preventive,0,,000140001072
WO-2145583,ASSET-01098,Corrective,173,993,000140001073
WO-2145584,ASSET-01098,Preventive,0,,000140001073
WO-2145585,ASSET-01098,Preventive,0,,000140001073
WO-2145586,ASSET-01099,Corrective,194,1162,000140001074
WO-2145587,ASSET-01099,Preventive,0,,000140001074
WO-2145588,ASSET-01099,Preventive,0,,000140001074
WO-2145589,ASSET-01099,Emergency,236,1207,000140001074
WO-2145590,ASSET-01100,Emergency,102,1490,000140001075
WO-2145591,ASSET-01100,Preventive,0,,000140001075
WO-2145592,ASSET-01100,Corrective,217,1929,000140001075
WO-2145593,ASSET-01100,Corrective,60,1905,000140001075
WO-2145594,ASSET-01100,Corrective,92,302,000140001075
WO-2145595,ASSET-01100,Preventive,0,,000140001075
WO-2145596,ASSET-01100,Preventive,0,,000140001075
WO-2145597,ASSET-01101,Preventive,0,,000140001076
WO-2145598,ASSET-01101,Preventive,0,,000140001076
WO-2145599,ASSET-01101,Preventive,0,,000140001076
WO-2145600,ASSET-01102,Preventive,0,,000140001077
WO-2145601,ASSET-01102,Preventive,0,,000140001077
WO-2145602,ASSET-01102,Corrective,39,1683,000140001077
WO-2145603,ASSET-01102,Corrective,50,1310,000140001077
WO-2145604,ASSET-01102,Preventive,0,,000140001077
WO-2145605,ASSET-01102,Corrective,214,1746,000140001077
WO-2145606,ASSET-01102,Emergency,521,1664,000140001077
WO-2145607,ASSET-01102,Corrective,176,930,000140001077
WO-2145608,ASSET-01103,Corrective,223,314,000140001078
WO-2145609,ASSET-01103,Emergency,542,800,000140001078
WO-2145610,ASSET-01104,Preventive,0,,000140001079
WO-2145611,ASSET-01104,Preventive,0,,000140001079
WO-2145612,ASSET-01104,Preventive,0,,000140001079
WO-2145613,ASSET-01105,Corrective,51,1572,000140001080
WO-2145614,ASSET-01105,Corrective,62,1682,000140001080
WO-2145615,ASSET-01105,Corrective,112,1936,000140001080
WO-2145616,ASSET-01105,Preventive,0,,000140001080
WO-2145617,ASSET-01106,Preventive,0,,000140001081
WO-2145618,ASSET-01106,Preventive,0,,000140001081
WO-2145619,ASSET-01106,Preventive,0,,000140001081
WO-2145620,ASSET-01106,Preventive,0,,000140001081
WO-2145621,ASSET-01106,Corrective,117,1035,000140001081
WO-2145622,ASSET-01107,Corrective,40,1107,000140001082
WO-2145623,ASSET-01107,Corrective,231,834,000140001082
WO-2145624,ASSET-01107,Preventive,0,,000140001082
WO-2145625,ASSET-01107,Corrective,81,1575,000140001082
WO-2145626,ASSET-01107,Preventive,0,,000140001082
WO-2145627,ASSET-01107,Preventive,0,,000140001082
WO-2145628,ASSET-01108,Preventive,0,,000140001083
WO-2145629,ASSET-01108,Preventive,0,,000140001083
WO-2145630,ASSET-01108,Preventive,0,,000140001083
WO-2145631,ASSET-01108,Preventive,0,,000140001083
WO-2145632,ASSET-01108,Preventive,0,,000140001083
WO-2145633,ASSET-01108,Preventive,0,,000140001083
WO-2145634,ASSET-01108,Preventive,0,,000140001083
WO-2145635,ASSET-01109,Emergency,258,703,000140001084
WO-2145636,ASSET-01109,Preventive,0,,000140001084
WO-2145637,ASSET-01109,Corrective,77,494,000140001084
WO-2145638,ASSET-01109,Preventive,0,,000140001084
WO-2145639,ASSET-01109,Preventive,0,,000140001084
WO-2145640,ASSET-01110,Preventive,0,,000140001085
WO-2145641,ASSET-01110,Corrective,203,1061,000140001085
WO-2145642,ASSET-01110,Preventive,0,,000140001085
WO-2145643,ASSET-01110,Corrective,165,472,000140001085
WO-2145644,ASSET-01110,Corrective,149,1686,000140001085
WO-2145645,ASSET-01111,Emergency,252,1440,000140001086
WO-2145646,ASSET-01111,Corrective,62,562,000140001086
WO-2145647,ASSET-01111,Preventive,0,,000140001086
WO-2145648,ASSET-01111,Preventive,0,,000140001086
WO-2145649,ASSET-01111,Preventive,0,,000140001086
WO-2145650,ASSET-01112,Corrective,123,918,000140001087
WO-2145651,ASSET-01112,Preventive,0,,000140001087
WO-2145652,ASSET-01112,Preventive,0,,000140001087
WO-2145653,ASSET-01112,Preventive,0,,000140001087
WO-2145654,ASSET-01112,Preventive,0,,000140001087
WO-2145655,ASSET-01113,Emergency,417,268,000140001088
WO-2145656,ASSET-01113,Corrective,198,1419,000140001088
WO-2145657,ASSET-01113,Preventive,0,,000140001088
WO-2145658,ASSET-01113,Preventive,0,,000140001088
WO-2145659,ASSET-01114,Corrective,205,1096,000140001089
WO-2145660,ASSET-01114,Corrective,39,1978,000140001089
WO-2145661,ASSET-01114,Corrective,188,819,000140001089
WO-2145662,ASSET-01114,Corrective,50,1964,000140001089
WO-2145663,ASSET-01115,Corrective,160,363,000140001090
WO-2145664,ASSET-01115,Preventive,0,,000140001090
WO-2145665,ASSET-01115,Preventive,0,,000140001090
WO-2145666,ASSET-01116,Corrective,151,722,000140001091
WO-2145667,ASSET-01116,Corrective,57,341,000140001091
WO-2145668,ASSET-01116,Preventive,0,,000140001091
WO-2145669,ASSET-01116,Preventive,0,,000140001091
WO-2145670,ASSET-01117,Corrective,153,1992,000140001092
WO-2145671,ASSET-01118,Preventive,0,,000140001093
WO-2145672,ASSET-01118,Preventive,0,,000140001093
WO-2145673,ASSET-01118,Corrective,79,1231,000140001093
WO-2145674,ASSET-01118,Preventive,0,,000140001093
WO-2145675,ASSET-01118,Preventive,0,,000140001093
WO-2145676,ASSET-01118,Corrective,111,1678,000140001093
WO-2145677,ASSET-01118,Emergency,419,899,000140001093
WO-2145678,ASSET-01118,Preventive,0,,000140001093
WO-2145679,ASSET-01119,Preventive,0,,000140001094
WO-2145680,ASSET-01119,Corrective,100,1889,000140001094
WO-2145681,ASSET-01120,Emergency,387,1485,000140001095
WO-2145682,ASSET-01120,Corrective,233,1672,000140001095
WO-2145683,ASSET-01120,Preventive,0,,000140001095
WO-2145684,ASSET-01120,Preventive,0,,000140001095
WO-2145685,ASSET-01120,Corrective,140,587,000140001095
WO-2145686,ASSET-01120,Preventive,0,,000140001095
WO-2145687,ASSET-01120,Emergency,365,1639,000140001095
WO-2145688,ASSET-01121,Preventive,0,,000140001096
WO-2145689,ASSET-01121,Preventive,0,,000140001096
WO-2145690,ASSET-01121,Preventive,0,,000140001096
WO-2145691,ASSET-01122,Corrective,142,1230,000140001097
WO-2145692,ASSET-01122,Preventive,0,,000140001097
WO-2145693,ASSET-01123,Preventive,0,,000140001098
WO-2145694,ASSET-01123,Preventive,0,,000140001098
WO-2145695,ASSET-01123,Preventive,0,,000140001098
WO-2145696,ASSET-01123,Preventive,0,,000140001098
WO-2145697,ASSET-01123,Corrective,147,1143,000140001098
WO-2145698,ASSET-01123,Emergency,575,1686,000140001098
WO-2145699,ASSET-01123,Emergency,180,353,000140001098
WO-2145700,ASSET-01123,Preventive,0,,000140001098
WO-2145701,ASSET-01124,Corrective,153,1680,000140001099
WO-2145702,ASSET-01124,Corrective,113,1962,000140001099
WO-2145703,ASSET-01124,Corrective,47,1139,000140001099
WO-2145704,ASSET-01125,Corrective,215,745,000140001100
WO-2145705,ASSET-01125,Corrective,186,1229,000140001100
WO-2145706,ASSET-01125,Corrective,144,367,000140001100
WO-2145707,ASSET-01125,Corrective,168,691,000140001100
WO-2145708,ASSET-01125,Emergency,407,1993,000140001100
WO-2145709,ASSET-01125,Corrective,49,502,000140001100
WO-2145710,ASSET-01125,Corrective,183,1482,000140001100
WO-2145711,ASSET-01126,Corrective,234,818,000140001101
WO-2145712,ASSET-01126,Preventive,0,,000140001101
WO-2145713,ASSET-01126,Corrective,109,1221,000140001101
WO-2145714,ASSET-01127,Preventive,0,,000140001102
WO-2145715,ASSET-01127,Preventive,0,,000140001102
WO-2145716,ASSET-01127,Preventive,0,,000140001102
WO-2145717,ASSET-01128,Preventive,0,,000140001103
WO-2145718,ASSET-01128,Preventive,0,,000140001103
WO-2145719,ASSET-01128,Preventive,0,,000140001103
WO-2145720,ASSET-01128,Emergency,147,678,000140001103
WO-2145721,ASSET-01128,Preventive,0,,000140001103
WO-2145722,ASSET-01128,Preventive,0,,000140001103
WO-2145723,ASSET-01129,Preventive,0,,000140001104
WO-2145724,ASSET-01129,Corrective,105,1188,000140001104
WO-2145725,ASSET-01129,Corrective,78,1301,000140001104
WO-2145726,ASSET-01130,Corrective,77,1264,000140001105
WO-2145727,ASSET-01130,Preventive,0,,000140001105
WO-2145728,ASSET-01130,Emergency,109,1027,000140001105
WO-2145729,ASSET-01131,Corrective,79,472,000140001106
WO-2145730,ASSET-01131,Corrective,222,859,000140001106
WO-2145731,ASSET-01131,Corrective,201,642,000140001106
WO-2145732,ASSET-01132,Emergency,334,1230,000140001107
WO-2145733,ASSET-01132,Corrective,224,1330,000140001107
WO-2145734,ASSET-01132,Corrective,104,985,000140001107
WO-2145735,ASSET-01132,Emergency,426,1835,000140001107
WO-2145736,ASSET-01132,Emergency,262,1639,000140001107
WO-2145737,ASSET-01133,Preventive,0,,000140001108
WO-2145738,ASSET-01133,Emergency,558,289,000140001108
WO-2145739,ASSET-01133,Emergency,523,1214,000140001108
WO-2145740,ASSET-01133,Preventive,0,,000140001108
WO-2145741,ASSET-01133,Corrective,35,1636,000140001108
WO-2145742,ASSET-01133,Preventive,0,,000140001108
WO-2145743,ASSET-01134,Preventive,0,,000140001109
WO-2145744,ASSET-01134,Corrective,231,436,000140001109
WO-2145745,ASSET-01134,Preventive,0,,000140001109
WO-2145746,ASSET-01134,Corrective,107,1560,000140001109
WO-2145747,ASSET-01134,Preventive,0,,000140001109
WO-2145748,ASSET-01134,Preventive,0,,000140001109
WO-2145749,ASSET-01134,Preventive,0,,000140001109
WO-2145750,ASSET-01134,Emergency,554,1930,000140001109
WO-2145751,ASSET-01135,Corrective,83,1081,000140001110
WO-2145752,ASSET-01135,Corrective,63,681,000140001110
WO-2145753,ASSET-01135,Preventive,0,,000140001110
WO-2145754,ASSET-01135,Preventive,0,,000140001110
WO-2145755,ASSET-01135,Preventive,0,,000140001110
WO-2145756,ASSET-01135,Preventive,0,,000140001110
WO-2145757,ASSET-01135,Preventive,0,,000140001110
WO-2145758,ASSET-01135,Emergency,175,562,000140001110
WO-2145759,ASSET-01135,Preventive,0,,000140001110
WO-2145760,ASSET-01136,Emergency,182,412,000140001111
WO-2145761,ASSET-01136,Preventive,0,,000140001111
WO-2145762,ASSET-01136,Preventive,0,,000140001111
WO-2145763,ASSET-01136,Preventive,0,,000140001111
WO-2145764,ASSET-01136,Emergency,242,230,000140001111
WO-2145765,ASSET-01137,Corrective,163,1346,000140001112
WO-2145766,ASSET-01137,Corrective,161,1368,000140001112
WO-2145767,ASSET-01137,Corrective,58,322,000140001112
WO-2145768,ASSET-01137,Preventive,0,,000140001112
WO-2145769,ASSET-01137,Emergency,180,1577,000140001112
WO-2145770,ASSET-01138,Preventive,0,,000140001113
WO-2145771,ASSET-01138,Corrective,70,741,000140001113
WO-2145772,ASSET-01138,Preventive,0,,000140001113
WO-2145773,ASSET-01139,Corrective,239,528,000140001114
WO-2145774,ASSET-01139,Emergency,551,471,000140001114
WO-2145775,ASSET-01139,Preventive,0,,000140001114
WO-2145776,ASSET-01139,Preventive,0,,000140001114
WO-2145777,ASSET-01139,Preventive,0,,000140001114
WO-2145778,ASSET-01139,Corrective,240,1933,000140001114
WO-2145779,ASSET-01139,Corrective,187,898,000140001114
WO-2145780,ASSET-01139,Emergency,455,314,000140001114
WO-2145781,ASSET-01139,Corrective,83,1375,000140001114
WO-2145782,ASSET-01139,Preventive,0,,000140001114
WO-2145783,ASSET-01140,Emergency,376,1738,000140001115
WO-2145784,ASSET-01140,Emergency,383,297,000140001115
WO-2145785,ASSET-01140,Preventive,0,,000140001115
WO-2145786,ASSET-01140,Corrective,208,1474,000140001115
WO-2145787,ASSET-01140,Preventive,0,,000140001115
WO-2145788,ASSET-01140,Corrective,144,1545,000140001115
WO-2145789,ASSET-01140,Preventive,0,,000140001115
WO-2145790,ASSET-01141,Corrective,203,1298,000140001116
WO-2145791,ASSET-01141,Corrective,140,1777,000140001116
WO-2145792,ASSET-01141,Corrective,172,830,000140001116
WO-2145793,ASSET-01141,Preventive,0,,000140001116
WO-2145794,ASSET-01141,Preventive,0,,000140001116
WO-2145795,ASSET-01142,Corrective,209,1589,000140001117
WO-2145796,ASSET-01142,Preventive,0,,000140001117
WO-2145797,ASSET-01142,Preventive,0,,000140001117
WO-2145798,ASSET-01142,Corrective,89,1474,000140001117
WO-2145799,ASSET-01142,Corrective,186,502,000140001117
WO-2145800,ASSET-01142,Preventive,0,,000140001117
WO-2145801,ASSET-01142,Preventive,0,,000140001117
WO-2145802,ASSET-01143,Emergency,120,632,000140001118
WO-2145803,ASSET-01143,Preventive,0,,000140001118
WO-2145804,ASSET-01143,Corrective,174,1982,000140001118
WO-2145805,ASSET-01143,Corrective,179,332,000140001118
WO-2145806,ASSET-01143,Emergency,101,1740,000140001118
WO-2145807,ASSET-01144,Emergency,180,769,000140001119
WO-2145808,ASSET-01144,Corrective,163,1571,000140001119
WO-2145809,ASSET-01144,Preventive,0,,000140001119
WO-2145810,ASSET-01144,Preventive,0,,000140001119
WO-2145811,ASSET-01144,Preventive,0,,000140001119
WO-2145812,ASSET-01144,Preventive,0,,000140001119
WO-2145813,ASSET-01145,Corrective,182,1196,000140001120
WO-2145814,ASSET-01145,Preventive,0,,000140001120
WO-2145815,ASSET-01145,Preventive,0,,000140001120
WO-2145816,ASSET-01146,Corrective,187,331,000140001121
WO-2145817,ASSET-01146,Preventive,0,,000140001121
WO-2145818,ASSET-01146,Emergency,93,638,000140001121
WO-2145819,ASSET-01147,Preventive,0,,000140001122
WO-2145820,ASSET-01147,Preventive,0,,000140001122
WO-2145821,ASSET-01147,Emergency,551,1114,000140001122
WO-2145822,ASSET-01147,Preventive,0,,000140001122
WO-2145823,ASSET-01147,Corrective,211,337,000140001122
WO-2145824,ASSET-01148,Preventive,0,,000140001123
WO-2145825,ASSET-01148,Preventive,0,,000140001123
WO-2145826,ASSET-01148,Corrective,100,1188,000140001123
WO-2145827,ASSET-01149,Preventive,0,,000140001124
WO-2145828,ASSET-01149,Preventive,0,,000140001124
WO-2145829,ASSET-01149,Preventive,0,,000140001124
WO-2145830,ASSET-01149,Preventive,0,,000140001124
WO-2145831,ASSET-01150,Emergency,507,242,000140001125
WO-2145832,ASSET-01150,Corrective,167,740,000140001125
WO-2145833,ASSET-01150,Preventive,0,,000140001125
WO-2145834,ASSET-01150,Corrective,158,933,000140001125
WO-2145835,ASSET-01150,Preventive,0,,000140001125
WO-2145836,ASSET-01150,Corrective,151,1715,000140001125
WO-2145837,ASSET-01150,Preventive,0,,000140001125
WO-2145838,ASSET-01151,Corrective,101,668,000140001126
WO-2145839,ASSET-01151,Corrective,173,245,000140001126
WO-2145840,ASSET-01151,Corrective,80,993,000140001126
WO-2145841,ASSET-01152,Preventive,0,,000140001127
WO-2145842,ASSET-01152,Preventive,0,,000140001127
WO-2145843,ASSET-01153,Corrective,233,555,000140001128
WO-2145844,ASSET-01153,Preventive,0,,000140001128
WO-2145845,ASSET-01153,Preventive,0,,000140001128
WO-2145846,ASSET-01153,Corrective,131,1125,000140001128
WO-2145847,ASSET-01153,Corrective,187,1926,000140001128
WO-2145848,ASSET-01154,Preventive,0,,000140001129
WO-2145849,ASSET-01154,Corrective,44,1214,000140001129
WO-2145850,ASSET-01154,Corrective,135,787,000140001129
WO-2145851,ASSET-01154,Preventive,0,,000140001129
WO-2145852,ASSET-01154,Corrective,93,1532,000140001129
WO-2145853,ASSET-01154,Preventive,0,,000140001129
WO-2145854,ASSET-01154,Corrective,151,1136,000140001129
WO-2145855,ASSET-01154,Preventive,0,,000140001129
WO-2145856,ASSET-01154,Corrective,68,1274,000140001129
WO-2145857,ASSET-01155,Preventive,0,,000140001130
WO-2145858,ASSET-01155,Preventive,0,,000140001130
WO-2145859,ASSET-01155,Preventive,0,,000140001130
WO-2145860,ASSET-01155,Preventive,0,,000140001130
WO-2145861,ASSET-01155,Preventive,0,,000140001130
WO-2145862,ASSET-01155,Preventive,0,,000140001130
WO-2145863,ASSET-01156,Preventive,0,,000140001131
WO-2145864,ASSET-01156,Preventive,0,,000140001131
WO-2145865,ASSET-01156,Preventive,0,,000140001131
WO-2145866,ASSET-01156,Preventive,0,,000140001131
WO-2145867,ASSET-01156,Preventive,0,,000140001131
WO-2145868,ASSET-01156,Preventive,0,,000140001131
WO-2145869,ASSET-01157,Preventive,0,,000140001132
WO-2145870,ASSET-01157,Preventive,0,,000140001132
WO-2145871,ASSET-01157,Corrective,175,1751,000140001132
WO-2145872,ASSET-01157,Preventive,0,,000140001132
WO-2145873,ASSET-01157,Corrective,87,355,000140001132
WO-2145874,ASSET-01157,Preventive,0,,000140001132
WO-2145875,ASSET-01158,Preventive,0,,000140001133
WO-2145876,ASSET-01158,Preventive,0,,000140001133
WO-2145877,ASSET-01158,Preventive,0,,000140001133
WO-2145878,ASSET-01158,Emergency,264,1350,000140001133
WO-2145879,ASSET-01158,Corrective,240,335,000140001133
WO-2145880,ASSET-01159,Corrective,216,634,000140001134
WO-2145881,ASSET-01159,Corrective,201,1354,000140001134
WO-2145882,ASSET-01159,Preventive,0,,000140001134
WO-2145883,ASSET-01159,Emergency,415,850,000140001134
WO-2145884,ASSET-01159,Emergency,151,405,000140001134
WO-2145885,ASSET-01159,Preventive,0,,000140001134
WO-2145886,ASSET-01160,Emergency,167,1674,000140001135
WO-2145887,ASSET-01160,Preventive,0,,000140001135
WO-2145888,ASSET-01160,Preventive,0,,000140001135
WO-2145889,ASSET-01160,Emergency,75,1608,000140001135
WO-2145890,ASSET-01160,Emergency,212,855,000140001135
WO-2145891,ASSET-01161,Corrective,70,1125,000140001136
WO-2145892,ASSET-01161,Corrective,41,1591,000140001136
WO-2145893,ASSET-01161,Corrective,83,1885,000140001136
WO-2145894,ASSET-01161,Preventive,0,,000140001136
WO-2145895,ASSET-01161,Corrective,55,1376,000140001136
WO-2145896,ASSET-01162,Preventive,0,,000140001137
WO-2145897,ASSET-01162,Preventive,0,,000140001137
WO-2145898,ASSET-01162,Corrective,183,1482,000140001137
WO-2145899,ASSET-01162,Preventive,0,,000140001137
WO-2145900,ASSET-01162,Preventive,0,,000140001137
WO-2145901,ASSET-01163,Preventive,0,,000140001138
WO-2145902,ASSET-01163,Preventive,0,,000140001138
WO-2145903,ASSET-01163,Preventive,0,,000140001138
WO-2145904,ASSET-01163,Emergency,339,1745,000140001138
WO-2145905,ASSET-01163,Preventive,0,,000140001138
WO-2145906,ASSET-01164,Preventive,0,,000140001139
WO-2145907,ASSET-01164,Preventive,0,,000140001139
WO-2145908,ASSET-01164,Corrective,75,512,000140001139
WO-2145909,ASSET-01164,Emergency,485,542,000140001139
WO-2145910,ASSET-01164,Corrective,115,1595,000140001139
WO-2145911,ASSET-01164,Preventive,0,,000140001139
WO-2145912,ASSET-01165,Corrective,46,1250,000140001140
WO-2145913,ASSET-01165,Corrective,163,1036,000140001140
WO-2145914,ASSET-01165,Emergency,554,663,000140001140
WO-2145915,ASSET-01165,Corrective,101,1179,000140001140
WO-2145916,ASSET-01165,Preventive,0,,000140001140
WO-2145917,ASSET-01165,Corrective,33,1273,000140001140
WO-2145918,ASSET-01165,Corrective,52,1128,000140001140
WO-2145919,ASSET-01165,Corrective,35,1898,000140001140
WO-2145920,ASSET-01166,Corrective,79,1653,000140001141
WO-2145921,ASSET-01166,Emergency,485,778,000140001141
WO-2145922,ASSET-01166,Emergency,384,1560,000140001141
WO-2145923,ASSET-01166,Corrective,67,607,000140001141
WO-2145924,ASSET-01167,Preventive,0,,000140001142
WO-2145925,ASSET-01167,Corrective,115,785,000140001142
WO-2145926,ASSET-01167,Preventive,0,,000140001142
WO-2145927,ASSET-01167,Corrective,84,628,000140001142
WO-2145928,ASSET-01167,Preventive,0,,000140001142
WO-2145929,ASSET-01168,Preventive,0,,000140001143
WO-2145930,ASSET-01168,Preventive,0,,000140001143
WO-2145931,ASSET-01169,Preventive,0,,000140001144
WO-2145932,ASSET-01169,Preventive,0,,000140001144
WO-2145933,ASSET-01169,Corrective,185,451,000140001144
WO-2145934,ASSET-01169,Preventive,0,,000140001144
WO-2145935,ASSET-01169,Corrective,176,1105,000140001144
WO-2145936,ASSET-01170,Preventive,0,,000140001145
WO-2145937,ASSET-01170,Emergency,106,1504,000140001145
WO-2145938,ASSET-01170,Preventive,0,,000140001145
WO-2145939,ASSET-01170,Preventive,0,,000140001145
WO-2145940,ASSET-01170,Preventive,0,,000140001145
WO-2145941,ASSET-01171,Corrective,185,1501,000140001146
WO-2145942,ASSET-01171,Preventive,0,,000140001146
WO-2145943,ASSET-01171,Corrective,141,1784,000140001146
WO-2145944,ASSET-01171,Corrective,141,1088,000140001146
WO-2145945,ASSET-01172,Preventive,0,,000140001147
WO-2145946,ASSET-01172,Corrective,217,1860,000140001147
WO-2145947,ASSET-01172,Emergency,488,1390,000140001147
WO-2145948,ASSET-01173,Preventive,0,,000140001148
WO-2145949,ASSET-01173,Corrective,185,1612,000140001148
WO-2145950,ASSET-01173,Corrective,170,963,000140001148
WO-2145951,ASSET-01174,Emergency,446,381,000140001149
WO-2145952,ASSET-01174,Preventive,0,,000140001149
WO-2145953,ASSET-01175,Corrective,175,1665,000140001150
WO-2145954,ASSET-01175,Preventive,0,,000140001150
WO-2145955,ASSET-01175,Corrective,51,287,000140001150
WO-2145956,ASSET-01175,Preventive,0,,000140001150
WO-2145957,ASSET-01175,Corrective,203,937,000140001150
WO-2145958,ASSET-01176,Preventive,0,,000140001151
WO-2145959,ASSET-01176,Preventive,0,,000140001151
WO-2145960,ASSET-01176,Preventive,0,,000140001151
WO-2145961,ASSET-01177,Preventive,0,,000140001152
WO-2145962,ASSET-01177,Preventive,0,,000140001152
WO-2145963,ASSET-01177,Preventive,0,,000140001152
WO-2145964,ASSET-01177,Corrective,149,1140,000140001152
WO-2145965,ASSET-01177,Corrective,149,1422,000140001152
WO-2145966,ASSET-01177,Preventive,0,,000140001152
WO-2145967,ASSET-01177,Corrective,79,1139,000140001152
WO-2145968,ASSET-01178,Preventive,0,,000140001153
WO-2145969,ASSET-01178,Preventive,0,,000140001153
WO-2145970,ASSET-01178,Preventive,0,,000140001153
WO-2145971,ASSET-01178,Preventive,0,,000140001153
WO-2145972,ASSET-01178,Preventive,0,,000140001153
WO-2145973,ASSET-01179,Corrective,127,553,000140001154
WO-2145974,ASSET-01179,Preventive,0,,000140001154
WO-2145975,ASSET-01179,Corrective,137,1578,000140001154
WO-2145976,ASSET-01179,Corrective,98,620,000140001154
WO-2145977,ASSET-01179,Preventive,0,,000140001154
WO-2145978,ASSET-01179,Emergency,555,639,000140001154
WO-2145979,ASSET-01180,Preventive,0,,000140001155
WO-2145980,ASSET-01180,Preventive,0,,000140001155
WO-2145981,ASSET-01180,Preventive,0,,000140001155
WO-2145982,ASSET-01181,Emergency,506,665,000140001156
WO-2145983,ASSET-01181,Corrective,96,1994,000140001156
WO-2145984,ASSET-01181,Preventive,0,,000140001156
WO-2145985,ASSET-01182,Preventive,0,,000140001157
WO-2145986,ASSET-01182,Preventive,0,,000140001157
WO-2145987,ASSET-01183,Preventive,0,,000140001158
WO-2145988,ASSET-01184,Preventive,0,,000140001159
WO-2145989,ASSET-01184,Preventive,0,,000140001159
WO-2145990,ASSET-01185,Preventive,0,,000140001160
WO-2145991,ASSET-01185,Preventive,0,,000140001160
WO-2145992,ASSET-01185,Preventive,0,,000140001160
WO-2145993,ASSET-01185,Corrective,78,1514,000140001160
WO-2145994,ASSET-01185,Preventive,0,,000140001160
WO-2145995,ASSET-01186,Corrective,99,287,000140001161
WO-2145996,ASSET-01186,Emergency,555,1529,000140001161
WO-2145997,ASSET-01186,Preventive,0,,000140001161
WO-2145998,ASSET-01186,Preventive,0,,000140001161
WO-2145999,ASSET-01186,Corrective,115,1682,000140001161
WO-2146000,ASSET-01186,Corrective,91,859,000140001161
WO-2146001,ASSET-01186,Preventive,0,,000140001161
WO-2146002,ASSET-01186,Preventive,0,,000140001161
WO-2146003,ASSET-01186,Preventive,0,,000140001161
WO-2146004,ASSET-01186,Preventive,0,,000140001161
WO-2146005,ASSET-01187,Preventive,0,,000140001162
WO-2146006,ASSET-01187,Preventive,0,,000140001162
WO-2146007,ASSET-01188,Preventive,0,,000140001163
WO-2146008,ASSET-01188,Preventive,0,,000140001163
WO-2146009,ASSET-01188,Preventive,0,,000140001163
WO-2146010,ASSET-01188,Emergency,369,562,000140001163
WO-2146011,ASSET-01188,Preventive,0,,000140001163
WO-2146012,ASSET-01188,Corrective,75,1900,000140001163
WO-2146013,ASSET-01188,Corrective,167,1953,000140001163
