WO_Number,Asset_ID,MaintenanceType,Failure_Reason,Downtime_Min,MTBF_Hrs,ERP_Asset_Ref
WO-2010001,ASSET-00001,Corrective,PNEUMATIC-LEAK,97,1862,000010000001
WO-2010002,ASSET-00001,Corrective,CONTROLLER-FAULT,97,1492,000010000001
WO-2010003,ASSET-00001,Preventive,,0,,000010000001
WO-2010004,ASSET-00001,Preventive,,0,,000010000001
WO-2010005,ASSET-00001,Preventive,,0,,000010000001
WO-2010006,ASSET-00001,Emergency,BELT-FAILURE,524,1179,000010000001
WO-2010007,ASSET-00002,Emergency,CONTROLLER-FAULT,557,1313,000010000002
WO-2010008,ASSET-00002,Corrective,PNEUMATIC-LEAK,130,1233,000010000002
WO-2010009,ASSET-00002,Preventive,,0,,000010000002
WO-2010010,ASSET-00002,Preventive,,0,,000010000002
WO-2010011,ASSET-00002,Preventive,,0,,000010000002
WO-2010012,ASSET-00002,Preventive,,0,,000010000002
WO-2010013,ASSET-00003,Emergency,CALIBRATION-DRIFT,456,1708,000010000003
WO-2010014,ASSET-00003,Corrective,BELT-FAILURE,195,470,000010000003
WO-2010015,ASSET-00003,Emergency,HYDRAULIC-LEAK,570,691,000010000003
WO-2010016,ASSET-00003,Corrective,SENSOR-FAULT,32,380,000010000003
WO-2010017,ASSET-00003,Corrective,HYDRAULIC-LEAK,165,1626,000010000003
WO-2010018,ASSET-00003,Corrective,BELT-FAILURE,60,307,000010000003
WO-2010019,ASSET-00003,Preventive,,0,,000010000003
WO-2010020,ASSET-00004,Corrective,HYDRAULIC-LEAK,68,823,000010000004
WO-2010021,ASSET-00004,Corrective,MOTOR-BURNOUT,121,1013,000010000004
WO-2010022,ASSET-00005,Preventive,,0,,000010000005
WO-2010023,ASSET-00005,Emergency,MOTOR-BURNOUT,488,1029,000010000005
WO-2010024,ASSET-00005,Corrective,MOTOR-BURNOUT,135,1631,000010000005
WO-2010025,ASSET-00005,Corrective,BEARING-FAILURE,179,1412,000010000005
WO-2010026,ASSET-00005,Preventive,,0,,000010000005
WO-2010027,ASSET-00005,Corrective,DIE-WEAR,133,1311,000010000005
WO-2010028,ASSET-00006,Preventive,,0,,000010000006
WO-2010029,ASSET-00006,Preventive,,0,,000010000006
WO-2010030,ASSET-00006,Preventive,,0,,000010000006
WO-2010031,ASSET-00007,Corrective,MOTOR-BURNOUT,37,1031,000010000007
WO-2010032,ASSET-00007,Corrective,SENSOR-FAULT,148,1469,000010000007
WO-2010033,ASSET-00007,Emergency,CALIBRATION-DRIFT,461,901,000010000007
WO-2010034,ASSET-00007,Preventive,,0,,000010000007
WO-2010035,ASSET-00007,Preventive,,0,,000010000007
WO-2010036,ASSET-00007,Corrective,PNEUMATIC-LEAK,222,1125,000010000007
WO-2010037,ASSET-00008,Preventive,,0,,000010000008
WO-2010038,ASSET-00008,Preventive,,0,,000010000008
WO-2010039,ASSET-00008,Corrective,CALIBRATION-DRIFT,214,1964,000010000008
WO-2010040,ASSET-00008,Preventive,,0,,000010000008
WO-2010041,ASSET-00009,Preventive,,0,,000010000009
WO-2010042,ASSET-00009,Preventive,,0,,000010000009
WO-2010043,ASSET-00009,Corrective,SPINDLE-SEIZURE,37,906,000010000009
WO-2010044,ASSET-00009,Preventive,,0,,000010000009
WO-2010045,ASSET-00009,Preventive,,0,,000010000009
WO-2010046,ASSET-00009,Preventive,,0,,000010000009
WO-2010047,ASSET-00009,Preventive,,0,,000010000009
WO-2010048,ASSET-00010,Preventive,,0,,000010000010
WO-2010049,ASSET-00010,Emergency,DIE-WEAR,187,820,000010000010
WO-2010050,ASSET-00010,Preventive,,0,,000010000010
WO-2010051,ASSET-00010,Corrective,CALIBRATION-DRIFT,180,1597,000010000010
WO-2010052,ASSET-00010,Corrective,HYDRAULIC-LEAK,132,511,000010000010
WO-2010053,ASSET-00010,Preventive,,0,,000010000010
WO-2010054,ASSET-00011,Preventive,,0,,000010000011
WO-2010055,ASSET-00011,Corrective,HYDRAULIC-LEAK,159,572,000010000011
WO-2010056,ASSET-00011,Emergency,PNEUMATIC-LEAK,252,930,000010000011
WO-2010057,ASSET-00011,Preventive,,0,,000010000011
WO-2010058,ASSET-00011,Preventive,,0,,000010000011
WO-2010059,ASSET-00012,Emergency,DIE-WEAR,109,1003,000010000012
WO-2010060,ASSET-00012,Preventive,,0,,000010000012
WO-2010061,ASSET-00012,Preventive,,0,,000010000012
WO-2010062,ASSET-00013,Emergency,CONTROLLER-FAULT,313,1608,000010000013
WO-2010063,ASSET-00013,Corrective,SPINDLE-SEIZURE,225,1182,000010000013
WO-2010064,ASSET-00013,Corrective,PNEUMATIC-LEAK,153,1862,000010000013
WO-2010065,ASSET-00013,Preventive,,0,,000010000013
WO-2010066,ASSET-00013,Preventive,,0,,000010000013
WO-2010067,ASSET-00013,Corrective,CONTROLLER-FAULT,161,1281,000010000013
WO-2010068,ASSET-00013,Corrective,MOTOR-BURNOUT,235,410,000010000013
WO-2010069,ASSET-00013,Preventive,,0,,000010000013
WO-2010070,ASSET-00013,Corrective,HYDRAULIC-LEAK,113,788,000010000013
WO-2010071,ASSET-00014,Corrective,BELT-FAILURE,153,1370,000010000014
WO-2010072,ASSET-00014,Preventive,,0,,000010000014
WO-2010073,ASSET-00014,Preventive,,0,,000010000014
WO-2010074,ASSET-00014,Preventive,,0,,000010000014
WO-2010075,ASSET-00015,Preventive,,0,,000010000015
WO-2010076,ASSET-00015,Preventive,,0,,000010000015
WO-2010077,ASSET-00015,Preventive,,0,,000010000015
WO-2010078,ASSET-00015,Preventive,,0,,000010000015
WO-2010079,ASSET-00016,Preventive,,0,,000010000016
WO-2010080,ASSET-00016,Corrective,DIE-WEAR,232,1017,000010000016
WO-2010081,ASSET-00016,Emergency,BELT-FAILURE,580,1377,000010000016
WO-2010082,ASSET-00016,Preventive,,0,,000010000016
WO-2010083,ASSET-00016,Preventive,,0,,000010000016
WO-2010084,ASSET-00016,Preventive,,0,,000010000016
WO-2010085,ASSET-00017,Emergency,SENSOR-FAULT,115,1009,000010000018
WO-2010086,ASSET-00017,Corrective,BELT-FAILURE,217,510,000010000018
WO-2010087,ASSET-00017,Preventive,,0,,000010000018
WO-2010088,ASSET-00017,Emergency,MOTOR-BURNOUT,196,1123,000010000018
WO-2010089,ASSET-00017,Preventive,,0,,000010000018
WO-2010090,ASSET-00017,Preventive,,0,,000010000018
WO-2010091,ASSET-00017,Corrective,MOTOR-BURNOUT,222,1454,000010000018
WO-2010092,ASSET-00018,Corrective,CONTROLLER-FAULT,158,1399,000010000019
WO-2010093,ASSET-00018,Preventive,,0,,000010000019
WO-2010094,ASSET-00018,Preventive,,0,,000010000019
WO-2010095,ASSET-00018,Emergency,BELT-FAILURE,160,278,000010000019
WO-2010096,ASSET-00019,Corrective,PNEUMATIC-LEAK,165,763,000010000020
WO-2010097,ASSET-00019,Corrective,BEARING-FAILURE,92,792,000010000020
WO-2010098,ASSET-00019,Corrective,PNEUMATIC-LEAK,40,414,000010000020
WO-2010099,ASSET-00019,Preventive,,0,,000010000020
WO-2010100,ASSET-00019,Emergency,CONTROLLER-FAULT,106,1897,000010000020
WO-2010101,ASSET-00019,Preventive,,0,,000010000020
WO-2010102,ASSET-00019,Corrective,SPINDLE-SEIZURE,134,1832,000010000020
WO-2010103,ASSET-00020,Emergency,CALIBRATION-DRIFT,66,257,000010000021
WO-2010104,ASSET-00020,Preventive,,0,,000010000021
WO-2010105,ASSET-00020,Preventive,,0,,000010000021
WO-2010106,ASSET-00020,Preventive,,0,,000010000021
WO-2010107,ASSET-00020,Preventive,,0,,000010000021
WO-2010108,ASSET-00020,Preventive,,0,,000010000021
WO-2010109,ASSET-00021,Corrective,HYDRAULIC-LEAK,228,1622,000010000022
WO-2010110,ASSET-00021,Corrective,CONTROLLER-FAULT,174,1457,000010000022
WO-2010111,ASSET-00021,Corrective,CALIBRATION-DRIFT,205,1224,000010000022
WO-2010112,ASSET-00021,Preventive,,0,,000010000022
WO-2010113,ASSET-00021,Preventive,,0,,000010000022
WO-2010114,ASSET-00021,Corrective,SENSOR-FAULT,220,1570,000010000022
WO-2010115,ASSET-00021,Preventive,,0,,000010000022
WO-2010116,ASSET-00021,Preventive,,0,,000010000022
WO-2010117,ASSET-00022,Corrective,BEARING-FAILURE,231,1106,000010000023
WO-2010118,ASSET-00022,Preventive,,0,,000010000023
WO-2010119,ASSET-00022,Emergency,CALIBRATION-DRIFT,214,1706,000010000023
WO-2010120,ASSET-00022,Preventive,,0,,000010000023
WO-2010121,ASSET-00022,Preventive,,0,,000010000023
WO-2010122,ASSET-00023,Preventive,,0,,000010000024
WO-2010123,ASSET-00023,Preventive,,0,,000010000024
WO-2010124,ASSET-00023,Preventive,,0,,000010000024
WO-2010125,ASSET-00023,Corrective,SENSOR-FAULT,177,1963,000010000024
WO-2010126,ASSET-00023,Corrective,PNEUMATIC-LEAK,42,699,000010000024
WO-2010127,ASSET-00023,Corrective,MOTOR-BURNOUT,99,647,000010000024
WO-2010128,ASSET-00024,Emergency,BEARING-FAILURE,195,784,000010000025
WO-2010129,ASSET-00024,Preventive,,0,,000010000025
WO-2010130,ASSET-00024,Preventive,,0,,000010000025
WO-2010131,ASSET-00025,Emergency,HYDRAULIC-LEAK,343,912,000010000026
WO-2010132,ASSET-00025,Preventive,,0,,000010000026
WO-2010133,ASSET-00025,Preventive,,0,,000010000026
WO-2010134,ASSET-00025,Preventive,,0,,000010000026
WO-2010135,ASSET-00025,Preventive,,0,,000010000026
WO-2010136,ASSET-00025,Corrective,BEARING-FAILURE,119,618,000010000026
WO-2010137,ASSET-00026,Emergency,PNEUMATIC-LEAK,382,1740,
WO-2010138,ASSET-00026,Corrective,HYDRAULIC-LEAK,39,965,
WO-2010139,ASSET-00026,Preventive,,0,,
WO-2010140,ASSET-00026,Preventive,,0,,
WO-2010141,ASSET-00026,Corrective,SPINDLE-SEIZURE,221,441,
WO-2010142,ASSET-00026,Preventive,,0,,
WO-2010143,ASSET-00026,Corrective,MOTOR-BURNOUT,91,1655,
WO-2010144,ASSET-00026,Corrective,BEARING-FAILURE,168,1930,
WO-2010145,ASSET-00027,Preventive,,0,,000010000027
WO-2010146,ASSET-00027,Corrective,PNEUMATIC-LEAK,45,1927,000010000027
WO-2010147,ASSET-00027,Preventive,,0,,000010000027
WO-2010148,ASSET-00027,Preventive,,0,,000010000027
WO-2010149,ASSET-00027,Emergency,SENSOR-FAULT,327,1028,000010000027
WO-2010150,ASSET-00027,Preventive,,0,,000010000027
WO-2010151,ASSET-00028,Corrective,CALIBRATION-DRIFT,149,1011,000010000028
WO-2010152,ASSET-00028,Preventive,,0,,000010000028
WO-2010153,ASSET-00028,Preventive,,0,,000010000028
WO-2010154,ASSET-00028,Preventive,,0,,000010000028
WO-2010155,ASSET-00028,Corrective,DIE-WEAR,151,1493,000010000028
WO-2010156,ASSET-00028,Preventive,,0,,000010000028
WO-2010157,ASSET-00028,Preventive,,0,,000010000028
WO-2010158,ASSET-00028,Preventive,,0,,000010000028
WO-2010159,ASSET-00028,Preventive,,0,,000010000028
WO-2010160,ASSET-00029,Emergency,BELT-FAILURE,289,1365,000010000029
WO-2010161,ASSET-00029,Preventive,,0,,000010000029
WO-2010162,ASSET-00029,Emergency,DIE-WEAR,505,458,000010000029
WO-2010163,ASSET-00029,Corrective,MOTOR-BURNOUT,209,1648,000010000029
WO-2010164,ASSET-00029,Preventive,,0,,000010000029
WO-2010165,ASSET-00030,Preventive,,0,,000010000030
WO-2010166,ASSET-00030,Corrective,CONTROLLER-FAULT,125,423,000010000030
WO-2010167,ASSET-00030,Preventive,,0,,000010000030
WO-2010168,ASSET-00031,Preventive,,0,,000010000031
WO-2010169,ASSET-00031,Corrective,MOTOR-BURNOUT,36,858,000010000031
WO-2010170,ASSET-00031,Preventive,,0,,000010000031
WO-2010171,ASSET-00031,Preventive,,0,,000010000031
WO-2010172,ASSET-00032,Preventive,,0,,000010000032
WO-2010173,ASSET-00032,Preventive,,0,,000010000032
WO-2010174,ASSET-00032,Preventive,,0,,000010000032
WO-2010175,ASSET-00032,Preventive,,0,,000010000032
WO-2010176,ASSET-00032,Preventive,,0,,000010000032
WO-2010177,ASSET-00032,Preventive,,0,,000010000032
WO-2010178,ASSET-00032,Preventive,,0,,000010000032
WO-2010179,ASSET-00033,Preventive,,0,,000010000033
WO-2010180,ASSET-00033,Preventive,,0,,000010000033
WO-2010181,ASSET-00033,Preventive,,0,,000010000033
WO-2010182,ASSET-00033,Preventive,,0,,000010000033
WO-2010183,ASSET-00033,Preventive,,0,,000010000033
WO-2010184,ASSET-00034,Corrective,SPINDLE-SEIZURE,134,953,000010000034
WO-2010185,ASSET-00034,Corrective,SENSOR-FAULT,202,850,000010000034
WO-2010186,ASSET-00034,Emergency,SPINDLE-SEIZURE,221,615,000010000034
WO-2010187,ASSET-00034,Preventive,,0,,000010000034
WO-2010188,ASSET-00034,Corrective,DIE-WEAR,191,1843,000010000034
WO-2010189,ASSET-00034,Preventive,,0,,000010000034
WO-2010190,ASSET-00035,Preventive,,0,,000010000035
WO-2010191,ASSET-00035,Preventive,,0,,000010000035
WO-2010192,ASSET-00035,Preventive,,0,,000010000035
WO-2010193,ASSET-00035,Preventive,,0,,000010000035
WO-2010194,ASSET-00035,Emergency,CALIBRATION-DRIFT,196,598,000010000035
WO-2010195,ASSET-00036,Corrective,SENSOR-FAULT,190,698,000010000036
WO-2010196,ASSET-00036,Corrective,MOTOR-BURNOUT,87,1746,000010000036
WO-2010197,ASSET-00036,Preventive,,0,,000010000036
WO-2010198,ASSET-00036,Preventive,,0,,000010000036
WO-2010199,ASSET-00036,Preventive,,0,,000010000036
WO-2010200,ASSET-00036,Emergency,DIE-WEAR,86,723,000010000036
WO-2010201,ASSET-00036,Corrective,SENSOR-FAULT,131,1778,000010000036
WO-2010202,ASSET-00036,Corrective,BELT-FAILURE,194,1074,000010000036
WO-2010203,ASSET-00036,Preventive,,0,,000010000036
WO-2010204,ASSET-00037,Preventive,,0,,000010000037
WO-2010205,ASSET-00037,Corrective,CALIBRATION-DRIFT,168,1721,000010000037
WO-2010206,ASSET-00038,Preventive,,0,,000010000038
WO-2010207,ASSET-00038,Preventive,,0,,000010000038
WO-2010208,ASSET-00038,Corrective,CONTROLLER-FAULT,102,736,000010000038
WO-2010209,ASSET-00038,Preventive,,0,,000010000038
WO-2010210,ASSET-00038,Emergency,SPINDLE-SEIZURE,119,1465,000010000038
WO-2010211,ASSET-00038,Emergency,SENSOR-FAULT,447,576,000010000038
WO-2010212,ASSET-00038,Preventive,,0,,000010000038
WO-2010213,ASSET-00038,Preventive,,0,,000010000038
WO-2010214,ASSET-00038,Preventive,,0,,000010000038
WO-2010215,ASSET-00039,Corrective,PNEUMATIC-LEAK,113,692,000010000039
WO-2010216,ASSET-00039,Corrective,BEARING-FAILURE,63,1853,000010000039
WO-2010217,ASSET-00039,Preventive,,0,,000010000039
WO-2010218,ASSET-00039,Preventive,,0,,000010000039
WO-2010219,ASSET-00039,Preventive,,0,,000010000039
WO-2010220,ASSET-00039,Corrective,CALIBRATION-DRIFT,178,1985,000010000039
WO-2010221,ASSET-00040,Corrective,CALIBRATION-DRIFT,128,1012,000010000040
WO-2010222,ASSET-00040,Preventive,,0,,000010000040
WO-2010223,ASSET-00041,Corrective,PNEUMATIC-LEAK,171,736,000010000041
WO-2010224,ASSET-00041,Emergency,BEARING-FAILURE,517,562,000010000041
WO-2010225,ASSET-00041,Preventive,,0,,000010000041
WO-2010226,ASSET-00041,Preventive,,0,,000010000041
WO-2010227,ASSET-00042,Preventive,,0,,000010000042
WO-2010228,ASSET-00042,Corrective,SPINDLE-SEIZURE,153,748,000010000042
WO-2010229,ASSET-00042,Corrective,SPINDLE-SEIZURE,75,1794,000010000042
WO-2010230,ASSET-00042,Corrective,CONTROLLER-FAULT,52,1783,000010000042
WO-2010231,ASSET-00042,Corrective,SENSOR-FAULT,132,522,000010000042
WO-2010232,ASSET-00042,Preventive,,0,,000010000042
WO-2010233,ASSET-00042,Preventive,,0,,000010000042
WO-2010234,ASSET-00042,Corrective,BEARING-FAILURE,196,1709,000010000042
WO-2010235,ASSET-00043,Preventive,,0,,000010000043
WO-2010236,ASSET-00043,Preventive,,0,,000010000043
WO-2010237,ASSET-00043,Emergency,PNEUMATIC-LEAK,290,1825,000010000043
WO-2010238,ASSET-00043,Corrective,HYDRAULIC-LEAK,52,1152,000010000043
WO-2010239,ASSET-00043,Corrective,CONTROLLER-FAULT,120,1080,000010000043
WO-2010240,ASSET-00043,Emergency,PNEUMATIC-LEAK,518,435,000010000043
WO-2010241,ASSET-00044,Corrective,BEARING-FAILURE,145,769,000010000044
WO-2010242,ASSET-00044,Preventive,,0,,000010000044
WO-2010243,ASSET-00044,Corrective,BEARING-FAILURE,128,1033,000010000044
WO-2010244,ASSET-00044,Preventive,,0,,000010000044
WO-2010245,ASSET-00044,Preventive,,0,,000010000044
WO-2010246,ASSET-00044,Preventive,,0,,000010000044
WO-2010247,ASSET-00045,Preventive,,0,,000010000045
WO-2010248,ASSET-00045,Preventive,,0,,000010000045
WO-2010249,ASSET-00045,Emergency,PNEUMATIC-LEAK,589,1872,000010000045
WO-2010250,ASSET-00045,Corrective,SENSOR-FAULT,77,1095,000010000045
WO-2010251,ASSET-00045,Emergency,DIE-WEAR,147,424,000010000045
WO-2010252,ASSET-00045,Preventive,,0,,000010000045
WO-2010253,ASSET-00045,Preventive,,0,,000010000045
WO-2010254,ASSET-00046,Preventive,,0,,000010000046
WO-2010255,ASSET-00046,Preventive,,0,,000010000046
WO-2010256,ASSET-00046,Corrective,CONTROLLER-FAULT,177,329,000010000046
WO-2010257,ASSET-00046,Preventive,,0,,000010000046
WO-2010258,ASSET-00047,Preventive,,0,,000010000047
WO-2010259,ASSET-00047,Preventive,,0,,000010000047
WO-2010260,ASSET-00048,Preventive,,0,,000010000048
WO-2010261,ASSET-00048,Preventive,,0,,000010000048
WO-2010262,ASSET-00049,Emergency,DIE-WEAR,321,460,000010000049
WO-2010263,ASSET-00049,Preventive,,0,,000010000049
WO-2010264,ASSET-00049,Preventive,,0,,000010000049
WO-2010265,ASSET-00049,Preventive,,0,,000010000049
WO-2010266,ASSET-00050,Corrective,CALIBRATION-DRIFT,92,1025,000010000050
WO-2010267,ASSET-00050,Emergency,HYDRAULIC-LEAK,324,1869,000010000050
WO-2010268,ASSET-00050,Preventive,,0,,000010000050
WO-2010269,ASSET-00050,Emergency,BEARING-FAILURE,248,1375,000010000050
WO-2010270,ASSET-00050,Corrective,BELT-FAILURE,178,1080,000010000050
WO-2010271,ASSET-00050,Preventive,,0,,000010000050
WO-2010272,ASSET-00050,Preventive,,0,,000010000050
WO-2010273,ASSET-00050,Preventive,,0,,000010000050
WO-2010274,ASSET-00051,Preventive,,0,,000010000051
WO-2010275,ASSET-00051,Emergency,HYDRAULIC-LEAK,436,1841,000010000051
WO-2010276,ASSET-00051,Emergency,CALIBRATION-DRIFT,498,1288,000010000051
WO-2010277,ASSET-00051,Corrective,CONTROLLER-FAULT,212,1479,000010000051
WO-2010278,ASSET-00051,Corrective,SENSOR-FAULT,189,452,000010000051
WO-2010279,ASSET-00051,Corrective,MOTOR-BURNOUT,210,710,000010000051
WO-2010280,ASSET-00052,Corrective,SPINDLE-SEIZURE,227,1999,000010000052
WO-2010281,ASSET-00052,Emergency,CONTROLLER-FAULT,514,1918,000010000052
WO-2010282,ASSET-00052,Preventive,,0,,000010000052
WO-2010283,ASSET-00052,Preventive,,0,,000010000052
WO-2010284,ASSET-00053,Emergency,CALIBRATION-DRIFT,120,363,000010000053
WO-2010285,ASSET-00053,Emergency,DIE-WEAR,332,374,000010000053
WO-2010286,ASSET-00053,Corrective,CALIBRATION-DRIFT,97,754,000010000053
WO-2010287,ASSET-00053,Corrective,PNEUMATIC-LEAK,159,1846,000010000053
WO-2010288,ASSET-00053,Preventive,,0,,000010000053
WO-2010289,ASSET-00053,Preventive,,0,,000010000053
WO-2010290,ASSET-00055,Preventive,,0,,000010000055
WO-2010291,ASSET-00055,Corrective,MOTOR-BURNOUT,173,388,000010000055
WO-2010292,ASSET-00055,Corrective,SPINDLE-SEIZURE,155,1033,000010000055
WO-2010293,ASSET-00055,Preventive,,0,,000010000055
WO-2010294,ASSET-00055,Corrective,DIE-WEAR,199,782,000010000055
WO-2010295,ASSET-00055,Corrective,HYDRAULIC-LEAK,227,1745,000010000055
WO-2010296,ASSET-00056,Emergency,HYDRAULIC-LEAK,515,863,000010000056
WO-2010297,ASSET-00056,Preventive,,0,,000010000056
WO-2010298,ASSET-00056,Preventive,,0,,000010000056
WO-2010299,ASSET-00056,Corrective,DIE-WEAR,158,1565,000010000056
WO-2010300,ASSET-00056,Preventive,,0,,000010000056
WO-2010301,ASSET-00057,Preventive,,0,,000010000057
WO-2010302,ASSET-00057,Corrective,DIE-WEAR,40,851,000010000057
WO-2010303,ASSET-00058,Preventive,,0,,000010000058
WO-2010304,ASSET-00058,Corrective,CONTROLLER-FAULT,111,609,000010000058
WO-2010305,ASSET-00058,Preventive,,0,,000010000058
WO-2010306,ASSET-00058,Preventive,,0,,000010000058
WO-2010307,ASSET-00058,Corrective,SPINDLE-SEIZURE,133,1249,000010000058
WO-2010308,ASSET-00058,Preventive,,0,,000010000058
WO-2010309,ASSET-00058,Preventive,,0,,000010000058
WO-2010310,ASSET-00058,Corrective,PNEUMATIC-LEAK,234,1617,000010000058
WO-2010311,ASSET-00059,Emergency,MOTOR-BURNOUT,214,992,000010000059
WO-2010312,ASSET-00059,Corrective,MOTOR-BURNOUT,205,249,000010000059
WO-2010313,ASSET-00059,Corrective,PNEUMATIC-LEAK,113,896,000010000059
WO-2010314,ASSET-00059,Emergency,MOTOR-BURNOUT,365,1898,000010000059
WO-2010315,ASSET-00059,Preventive,,0,,000010000059
WO-2010316,ASSET-00060,Corrective,DIE-WEAR,120,1463,000010000060
WO-2010317,ASSET-00060,Preventive,,0,,000010000060
WO-2010318,ASSET-00060,Preventive,,0,,000010000060
WO-2010319,ASSET-00060,Preventive,,0,,000010000060
WO-2010320,ASSET-00061,Preventive,,0,,000010000061
WO-2010321,ASSET-00061,Emergency,DIE-WEAR,529,1504,000010000061
WO-2010322,ASSET-00061,Preventive,,0,,000010000061
WO-2010323,ASSET-00061,Preventive,,0,,000010000061
WO-2010324,ASSET-00061,Preventive,,0,,000010000061
WO-2010325,ASSET-00061,Emergency,DIE-WEAR,438,352,000010000061
WO-2010326,ASSET-00061,Preventive,,0,,000010000061
WO-2010327,ASSET-00061,Corrective,CALIBRATION-DRIFT,54,729,000010000061
WO-2010328,ASSET-00062,Emergency,DIE-WEAR,428,1147,000010000062
WO-2010329,ASSET-00062,Corrective,BELT-FAILURE,129,947,000010000062
WO-2010330,ASSET-00062,Corrective,CONTROLLER-FAULT,42,415,000010000062
WO-2010331,ASSET-00062,Emergency,SPINDLE-SEIZURE,445,859,000010000062
WO-2010332,ASSET-00062,Preventive,,0,,000010000062
WO-2010333,ASSET-00062,Corrective,PNEUMATIC-LEAK,207,1971,000010000062
WO-2010334,ASSET-00063,Preventive,,0,,000010000063
WO-2010335,ASSET-00063,Corrective,SPINDLE-SEIZURE,37,340,000010000063
WO-2010336,ASSET-00063,Preventive,,0,,000010000063
WO-2010337,ASSET-00064,Emergency,HYDRAULIC-LEAK,506,587,000010000064
WO-2010338,ASSET-00064,Preventive,,0,,000010000064
WO-2010339,ASSET-00064,Corrective,BEARING-FAILURE,188,906,000010000064
WO-2010340,ASSET-00064,Emergency,SENSOR-FAULT,129,1394,000010000064
WO-2010341,ASSET-00065,Preventive,,0,,000010000065
WO-2010342,ASSET-00065,Preventive,,0,,000010000065
WO-2010343,ASSET-00065,Corrective,PNEUMATIC-LEAK,180,981,000010000065
WO-2010344,ASSET-00065,Preventive,,0,,000010000065
WO-2010345,ASSET-00065,Preventive,,0,,000010000065
WO-2010346,ASSET-00065,Emergency,BEARING-FAILURE,538,1962,000010000065
WO-2010347,ASSET-00066,Corrective,CONTROLLER-FAULT,111,1993,000010000066
WO-2010348,ASSET-00066,Preventive,,0,,000010000066
WO-2010349,ASSET-00066,Preventive,,0,,000010000066
WO-2010350,ASSET-00067,Preventive,,0,,000010000067
WO-2010351,ASSET-00067,Preventive,,0,,000010000067
WO-2010352,ASSET-00067,Preventive,,0,,000010000067
WO-2010353,ASSET-00067,Corrective,BELT-FAILURE,126,392,000010000067
WO-2010354,ASSET-00067,Preventive,,0,,000010000067
WO-2010355,ASSET-00067,Corrective,BEARING-FAILURE,231,1337,000010000067
WO-2010356,ASSET-00067,Corrective,CONTROLLER-FAULT,40,221,000010000067
WO-2010357,ASSET-00067,Preventive,,0,,000010000067
WO-2010358,ASSET-00068,Corrective,CALIBRATION-DRIFT,137,1623,000010000068
WO-2010359,ASSET-00068,Preventive,,0,,000010000068
WO-2010360,ASSET-00068,Preventive,,0,,000010000068
WO-2010361,ASSET-00068,Emergency,PNEUMATIC-LEAK,510,1551,000010000068
WO-2010362,ASSET-00068,Preventive,,0,,000010000068
WO-2010363,ASSET-00068,Corrective,MOTOR-BURNOUT,48,800,000010000068
WO-2010364,ASSET-00069,Corrective,PNEUMATIC-LEAK,99,404,
WO-2010365,ASSET-00069,Preventive,,0,,
WO-2010366,ASSET-00069,Corrective,DIE-WEAR,233,1691,
WO-2010367,ASSET-00069,Preventive,,0,,
WO-2010368,ASSET-00069,Corrective,MOTOR-BURNOUT,63,839,
WO-2010369,ASSET-00070,Corrective,PNEUMATIC-LEAK,168,425,000010000069
WO-2010370,ASSET-00070,Preventive,,0,,000010000069
WO-2010371,ASSET-00070,Corrective,CALIBRATION-DRIFT,184,289,000010000069
WO-2010372,ASSET-00070,Corrective,MOTOR-BURNOUT,63,471,000010000069
WO-2010373,ASSET-00070,Corrective,SPINDLE-SEIZURE,101,1128,000010000069
WO-2010374,ASSET-00071,Preventive,,0,,
WO-2010375,ASSET-00071,Preventive,,0,,
WO-2010376,ASSET-00071,Preventive,,0,,
WO-2010377,ASSET-00071,Preventive,,0,,
WO-2010378,ASSET-00072,Emergency,SENSOR-FAULT,527,709,000010000070
WO-2010379,ASSET-00072,Preventive,,0,,000010000070
WO-2010380,ASSET-00072,Corrective,PNEUMATIC-LEAK,32,677,000010000070
WO-2010381,ASSET-00072,Preventive,,0,,000010000070
WO-2010382,ASSET-00072,Preventive,,0,,000010000070
WO-2010383,ASSET-00073,Preventive,,0,,000010000071
WO-2010384,ASSET-00073,Corrective,CALIBRATION-DRIFT,65,1063,000010000071
WO-2010385,ASSET-00073,Preventive,,0,,000010000071
WO-2010386,ASSET-00073,Preventive,,0,,000010000071
WO-2010387,ASSET-00073,Corrective,HYDRAULIC-LEAK,227,1986,000010000071
WO-2010388,ASSET-00073,Preventive,,0,,000010000071
WO-2010389,ASSET-00073,Preventive,,0,,000010000071
WO-2010390,ASSET-00074,Corrective,SPINDLE-SEIZURE,140,585,000010000072
WO-2010391,ASSET-00074,Corrective,HYDRAULIC-LEAK,194,438,000010000072
WO-2010392,ASSET-00074,Preventive,,0,,000010000072
WO-2010393,ASSET-00074,Corrective,DIE-WEAR,124,1279,000010000072
WO-2010394,ASSET-00074,Emergency,CONTROLLER-FAULT,339,1590,000010000072
WO-2010395,ASSET-00075,Corrective,BEARING-FAILURE,116,977,000010000073
WO-2010396,ASSET-00075,Preventive,,0,,000010000073
WO-2010397,ASSET-00075,Corrective,SPINDLE-SEIZURE,111,1379,000010000073
WO-2010398,ASSET-00075,Preventive,,0,,000010000073
WO-2010399,ASSET-00075,Preventive,,0,,000010000073
WO-2010400,ASSET-00075,Emergency,BEARING-FAILURE,573,1088,000010000073
WO-2010401,ASSET-00076,Corrective,CALIBRATION-DRIFT,156,300,000010000074
WO-2010402,ASSET-00076,Preventive,,0,,000010000074
WO-2010403,ASSET-00076,Corrective,BELT-FAILURE,222,1617,000010000074
WO-2010404,ASSET-00076,Corrective,SPINDLE-SEIZURE,88,796,000010000074
WO-2010405,ASSET-00076,Preventive,,0,,000010000074
WO-2010406,ASSET-00077,Emergency,CONTROLLER-FAULT,238,382,000010000075
WO-2010407,ASSET-00077,Corrective,CONTROLLER-FAULT,164,1466,000010000075
WO-2010408,ASSET-00077,Preventive,,0,,000010000075
WO-2010409,ASSET-00078,Preventive,,0,,000010000076
WO-2010410,ASSET-00078,Corrective,SPINDLE-SEIZURE,173,860,000010000076
WO-2010411,ASSET-00078,Corrective,HYDRAULIC-LEAK,56,967,000010000076
WO-2010412,ASSET-00078,Preventive,,0,,000010000076
WO-2010413,ASSET-00078,Corrective,HYDRAULIC-LEAK,168,585,000010000076
WO-2010414,ASSET-00079,Corrective,SPINDLE-SEIZURE,112,1596,000010000077
WO-2010415,ASSET-00079,Preventive,,0,,000010000077
WO-2010416,ASSET-00079,Preventive,,0,,000010000077
WO-2010417,ASSET-00079,Emergency,MOTOR-BURNOUT,324,323,000010000077
WO-2010418,ASSET-00079,Emergency,CONTROLLER-FAULT,175,234,000010000077
WO-2010419,ASSET-00080,Preventive,,0,,000010000078
WO-2010420,ASSET-00080,Corrective,PNEUMATIC-LEAK,155,640,000010000078
WO-2010421,ASSET-00080,Corrective,SENSOR-FAULT,98,243,000010000078
WO-2010422,ASSET-00080,Corrective,SENSOR-FAULT,173,335,000010000078
WO-2010423,ASSET-00080,Preventive,,0,,000010000078
WO-2010424,ASSET-00080,Emergency,BEARING-FAILURE,383,1053,000010000078
WO-2010425,ASSET-00080,Corrective,BEARING-FAILURE,58,409,000010000078
WO-2010426,ASSET-00081,Preventive,,0,,000010000079
WO-2010427,ASSET-00081,Preventive,,0,,000010000079
WO-2010428,ASSET-00082,Corrective,SENSOR-FAULT,115,1376,000010000080
WO-2010429,ASSET-00082,Corrective,MOTOR-BURNOUT,63,774,000010000080
WO-2010430,ASSET-00082,Emergency,SENSOR-FAULT,368,1420,000010000080
WO-2010431,ASSET-00083,Preventive,,0,,000010000081
WO-2010432,ASSET-00083,Emergency,HYDRAULIC-LEAK,245,1455,000010000081
WO-2010433,ASSET-00083,Corrective,SENSOR-FAULT,213,716,000010000081
WO-2010434,ASSET-00083,Corrective,BELT-FAILURE,179,1950,000010000081
WO-2010435,ASSET-00083,Corrective,MOTOR-BURNOUT,69,1504,000010000081
WO-2010436,ASSET-00083,Preventive,,0,,000010000081
WO-2010437,ASSET-00083,Preventive,,0,,000010000081
WO-2010438,ASSET-00084,Preventive,,0,,000010000082
WO-2010439,ASSET-00084,Corrective,SPINDLE-SEIZURE,199,259,000010000082
WO-2010440,ASSET-00084,Corrective,PNEUMATIC-LEAK,55,1957,000010000082
WO-2010441,ASSET-00084,Corrective,HYDRAULIC-LEAK,216,681,000010000082
WO-2010442,ASSET-00084,Preventive,,0,,000010000082
WO-2010443,ASSET-00084,Preventive,,0,,000010000082
WO-2010444,ASSET-00085,Preventive,,0,,000010000083
WO-2010445,ASSET-00085,Corrective,CALIBRATION-DRIFT,89,679,000010000083
WO-2010446,ASSET-00085,Preventive,,0,,000010000083
WO-2010447,ASSET-00085,Preventive,,0,,000010000083
WO-2010448,ASSET-00085,Preventive,,0,,000010000083
WO-2010449,ASSET-00086,Preventive,,0,,000010000084
WO-2010450,ASSET-00086,Preventive,,0,,000010000084
WO-2010451,ASSET-00086,Corrective,BELT-FAILURE,89,398,000010000084
WO-2010452,ASSET-00086,Preventive,,0,,000010000084
WO-2010453,ASSET-00086,Corrective,CONTROLLER-FAULT,232,212,000010000084
WO-2010454,ASSET-00087,Corrective,BELT-FAILURE,38,1233,000010000085
WO-2010455,ASSET-00087,Preventive,,0,,000010000085
WO-2010456,ASSET-00087,Corrective,HYDRAULIC-LEAK,93,938,000010000085
WO-2010457,ASSET-00087,Corrective,MOTOR-BURNOUT,77,1832,000010000085
WO-2010458,ASSET-00088,Preventive,,0,,
WO-2010459,ASSET-00088,Preventive,,0,,
WO-2010460,ASSET-00088,Preventive,,0,,
WO-2010461,ASSET-00088,Preventive,,0,,
WO-2010462,ASSET-00088,Preventive,,0,,
WO-2010463,ASSET-00088,Preventive,,0,,
WO-2010464,ASSET-00088,Preventive,,0,,
WO-2010465,ASSET-00088,Preventive,,0,,
WO-2010466,ASSET-00089,Preventive,,0,,000010000086
WO-2010467,ASSET-00089,Preventive,,0,,000010000086
WO-2010468,ASSET-00090,Preventive,,0,,000010000087
WO-2010469,ASSET-00090,Preventive,,0,,000010000087
WO-2010470,ASSET-00090,Preventive,,0,,000010000087
WO-2010471,ASSET-00090,Preventive,,0,,000010000087
WO-2010472,ASSET-00091,Preventive,,0,,
WO-2010473,ASSET-00091,Corrective,BELT-FAILURE,162,707,
WO-2010474,ASSET-00092,Preventive,,0,,000010000088
WO-2010475,ASSET-00092,Corrective,PNEUMATIC-LEAK,43,830,000010000088
WO-2010476,ASSET-00092,Corrective,PNEUMATIC-LEAK,159,463,000010000088
WO-2010477,ASSET-00093,Preventive,,0,,000010000089
WO-2010478,ASSET-00093,Preventive,,0,,000010000089
WO-2010479,ASSET-00094,Corrective,SENSOR-FAULT,128,934,000010000090
WO-2010480,ASSET-00094,Preventive,,0,,000010000090
WO-2010481,ASSET-00094,Preventive,,0,,000010000090
WO-2010482,ASSET-00094,Preventive,,0,,000010000090
WO-2010483,ASSET-00094,Preventive,,0,,000010000090
WO-2010484,ASSET-00094,Corrective,SPINDLE-SEIZURE,76,1205,000010000090
WO-2010485,ASSET-00095,Corrective,BEARING-FAILURE,136,866,000010000091
WO-2010486,ASSET-00095,Corrective,PNEUMATIC-LEAK,113,502,000010000091
WO-2010487,ASSET-00095,Preventive,,0,,000010000091
WO-2010488,ASSET-00095,Corrective,CONTROLLER-FAULT,67,1149,000010000091
WO-2010489,ASSET-00095,Corrective,DIE-WEAR,213,1613,000010000091
WO-2010490,ASSET-00096,Preventive,,0,,000010000092
WO-2010491,ASSET-00096,Preventive,,0,,000010000092
WO-2010492,ASSET-00096,Corrective,MOTOR-BURNOUT,216,1750,000010000092
WO-2010493,ASSET-00096,Preventive,,0,,000010000092
WO-2010494,ASSET-00096,Preventive,,0,,000010000092
WO-2010495,ASSET-00096,Preventive,,0,,000010000092
WO-2010496,ASSET-00096,Preventive,,0,,000010000092
WO-2010497,ASSET-00097,Corrective,SENSOR-FAULT,45,787,000010000093
WO-2010498,ASSET-00097,Preventive,,0,,000010000093
WO-2010499,ASSET-00097,Preventive,,0,,000010000093
WO-2010500,ASSET-00097,Preventive,,0,,000010000093
WO-2010501,ASSET-00097,Corrective,HYDRAULIC-LEAK,79,1650,000010000093
WO-2010502,ASSET-00097,Emergency,HYDRAULIC-LEAK,112,1034,000010000093
WO-2010503,ASSET-00098,Preventive,,0,,000010000094
WO-2010504,ASSET-00098,Preventive,,0,,000010000094
WO-2010505,ASSET-00098,Corrective,DIE-WEAR,141,604,000010000094
WO-2010506,ASSET-00098,Preventive,,0,,000010000094
WO-2010507,ASSET-00098,Corrective,BEARING-FAILURE,214,1875,000010000094
WO-2010508,ASSET-00098,Preventive,,0,,000010000094
WO-2010509,ASSET-00098,Corrective,BEARING-FAILURE,56,324,000010000094
WO-2010510,ASSET-00098,Corrective,SENSOR-FAULT,223,1426,000010000094
WO-2010511,ASSET-00098,Emergency,CALIBRATION-DRIFT,599,1508,000010000094
WO-2010512,ASSET-00099,Corrective,SENSOR-FAULT,73,1858,000010000095
WO-2010513,ASSET-00099,Preventive,,0,,000010000095
WO-2010514,ASSET-00099,Preventive,,0,,000010000095
WO-2010515,ASSET-00099,Preventive,,0,,000010000095
WO-2010516,ASSET-00099,Preventive,,0,,000010000095
WO-2010517,ASSET-00099,Preventive,,0,,000010000095
WO-2010518,ASSET-00099,Corrective,MOTOR-BURNOUT,125,1878,000010000095
WO-2010519,ASSET-00100,Preventive,,0,,000010000096
WO-2010520,ASSET-00100,Preventive,,0,,000010000096
WO-2010521,ASSET-00100,Preventive,,0,,000010000096
WO-2010522,ASSET-00100,Preventive,,0,,000010000096
WO-2010523,ASSET-00100,Preventive,,0,,000010000096
WO-2010524,ASSET-00101,Emergency,SENSOR-FAULT,418,1375,
WO-2010525,ASSET-00101,Preventive,,0,,
WO-2010526,ASSET-00101,Corrective,HYDRAULIC-LEAK,113,390,
WO-2010527,ASSET-00101,Corrective,BELT-FAILURE,171,1699,
WO-2010528,ASSET-00101,Corrective,SENSOR-FAULT,152,507,
WO-2010529,ASSET-00101,Corrective,SENSOR-FAULT,91,1009,
WO-2010530,ASSET-00102,Preventive,,0,,000010000097
WO-2010531,ASSET-00102,Corrective,SENSOR-FAULT,40,374,000010000097
WO-2010532,ASSET-00102,Preventive,,0,,000010000097
WO-2010533,ASSET-00102,Corrective,BELT-FAILURE,35,794,000010000097
WO-2010534,ASSET-00102,Corrective,BELT-FAILURE,109,1574,000010000097
WO-2010535,ASSET-00103,Preventive,,0,,000010000098
WO-2010536,ASSET-00103,Preventive,,0,,000010000098
WO-2010537,ASSET-00103,Preventive,,0,,000010000098
WO-2010538,ASSET-00103,Preventive,,0,,000010000098
WO-2010539,ASSET-00103,Corrective,MOTOR-BURNOUT,131,1031,000010000098
WO-2010540,ASSET-00103,Preventive,,0,,000010000098
WO-2010541,ASSET-00104,Preventive,,0,,000010000099
WO-2010542,ASSET-00105,Preventive,,0,,000010000100
WO-2010543,ASSET-00105,Preventive,,0,,000010000100
WO-2010544,ASSET-00105,Corrective,PNEUMATIC-LEAK,66,945,000010000100
WO-2010545,ASSET-00105,Corrective,SPINDLE-SEIZURE,79,1782,000010000100
WO-2010546,ASSET-00105,Preventive,,0,,000010000100
WO-2010547,ASSET-00106,Emergency,BELT-FAILURE,587,1964,000010000102
WO-2010548,ASSET-00106,Preventive,,0,,000010000102
WO-2010549,ASSET-00106,Preventive,,0,,000010000102
WO-2010550,ASSET-00106,Preventive,,0,,000010000102
WO-2010551,ASSET-00106,Corrective,BELT-FAILURE,160,1395,000010000102
WO-2010552,ASSET-00106,Emergency,SENSOR-FAULT,469,1648,000010000102
WO-2010553,ASSET-00107,Corrective,BELT-FAILURE,100,1867,000010000103
WO-2010554,ASSET-00107,Preventive,,0,,000010000103
WO-2010555,ASSET-00108,Corrective,CALIBRATION-DRIFT,134,1926,000010000104
WO-2010556,ASSET-00109,Preventive,,0,,000010000105
WO-2010557,ASSET-00109,Preventive,,0,,000010000105
WO-2010558,ASSET-00109,Corrective,MOTOR-BURNOUT,33,1328,000010000105
WO-2010559,ASSET-00110,Preventive,,0,,000010000106
WO-2010560,ASSET-00110,Corrective,SPINDLE-SEIZURE,127,1572,000010000106
WO-2010561,ASSET-00110,Preventive,,0,,000010000106
WO-2010562,ASSET-00110,Preventive,,0,,000010000106
WO-2010563,ASSET-00110,Preventive,,0,,000010000106
WO-2010564,ASSET-00110,Preventive,,0,,000010000106
WO-2010565,ASSET-00111,Corrective,DIE-WEAR,173,855,000010000107
WO-2010566,ASSET-00111,Emergency,MOTOR-BURNOUT,257,1900,000010000107
WO-2010567,ASSET-00112,Preventive,,0,,000010000108
WO-2010568,ASSET-00112,Preventive,,0,,000010000108
WO-2010569,ASSET-00112,Preventive,,0,,000010000108
WO-2010570,ASSET-00112,Corrective,MOTOR-BURNOUT,113,1360,000010000108
WO-2010571,ASSET-00113,Preventive,,0,,000010000110
WO-2010572,ASSET-00113,Corrective,BELT-FAILURE,136,438,000010000110
WO-2010573,ASSET-00113,Emergency,MOTOR-BURNOUT,449,660,000010000110
WO-2010574,ASSET-00113,Corrective,SPINDLE-SEIZURE,132,1337,000010000110
WO-2010575,ASSET-00114,Corrective,BELT-FAILURE,155,696,000010000111
WO-2010576,ASSET-00114,Corrective,PNEUMATIC-LEAK,151,481,000010000111
WO-2010577,ASSET-00114,Preventive,,0,,000010000111
WO-2010578,ASSET-00114,Preventive,,0,,000010000111
WO-2010579,ASSET-00115,Corrective,MOTOR-BURNOUT,107,405,000010000112
WO-2010580,ASSET-00115,Preventive,,0,,000010000112
WO-2010581,ASSET-00115,Preventive,,0,,000010000112
WO-2010582,ASSET-00115,Corrective,DIE-WEAR,93,845,000010000112
WO-2010583,ASSET-00115,Preventive,,0,,000010000112
WO-2010584,ASSET-00115,Preventive,,0,,000010000112
WO-2010585,ASSET-00116,Corrective,BEARING-FAILURE,185,871,000010000113
WO-2010586,ASSET-00116,Preventive,,0,,000010000113
WO-2010587,ASSET-00116,Preventive,,0,,000010000113
WO-2010588,ASSET-00117,Preventive,,0,,000010000114
WO-2010589,ASSET-00117,Preventive,,0,,000010000114
WO-2010590,ASSET-00118,Corrective,BEARING-FAILURE,225,548,000010000115
WO-2010591,ASSET-00118,Preventive,,0,,000010000115
WO-2010592,ASSET-00118,Emergency,DIE-WEAR,76,1053,000010000115
WO-2010593,ASSET-00118,Emergency,PNEUMATIC-LEAK,270,833,000010000115
WO-2010594,ASSET-00118,Preventive,,0,,000010000115
WO-2010595,ASSET-00118,Emergency,PNEUMATIC-LEAK,141,678,000010000115
WO-2010596,ASSET-00119,Preventive,,0,,
WO-2010597,ASSET-00119,Corrective,BELT-FAILURE,120,1514,
WO-2010598,ASSET-00119,Corrective,SPINDLE-SEIZURE,125,1456,
WO-2010599,ASSET-00119,Preventive,,0,,
WO-2010600,ASSET-00119,Preventive,,0,,
WO-2010601,ASSET-00119,Preventive,,0,,
WO-2010602,ASSET-00119,Corrective,DIE-WEAR,39,1591,
WO-2010603,ASSET-00120,Corrective,CALIBRATION-DRIFT,202,1912,000010000116
WO-2010604,ASSET-00120,Corrective,BELT-FAILURE,101,1485,000010000116
WO-2010605,ASSET-00120,Corrective,SPINDLE-SEIZURE,58,1305,000010000116
WO-2010606,ASSET-00120,Preventive,,0,,000010000116
WO-2010607,ASSET-00120,Preventive,,0,,000010000116
WO-2010608,ASSET-00120,Preventive,,0,,000010000116
WO-2010609,ASSET-00120,Corrective,SPINDLE-SEIZURE,42,850,000010000116
WO-2010610,ASSET-00121,Preventive,,0,,000010000117
WO-2010611,ASSET-00122,Corrective,SENSOR-FAULT,92,548,000010000118
WO-2010612,ASSET-00123,Preventive,,0,,000010000119
WO-2010613,ASSET-00123,Corrective,SENSOR-FAULT,108,249,000010000119
WO-2010614,ASSET-00123,Preventive,,0,,000010000119
WO-2010615,ASSET-00124,Corrective,BELT-FAILURE,95,646,000010000120
WO-2010616,ASSET-00124,Preventive,,0,,000010000120
WO-2010617,ASSET-00124,Preventive,,0,,000010000120
WO-2010618,ASSET-00124,Emergency,CALIBRATION-DRIFT,347,500,000010000120
WO-2010619,ASSET-00125,Corrective,SPINDLE-SEIZURE,71,1661,
WO-2010620,ASSET-00125,Preventive,,0,,
WO-2010621,ASSET-00125,Emergency,PNEUMATIC-LEAK,586,490,
WO-2010622,ASSET-00125,Preventive,,0,,
WO-2010623,ASSET-00125,Corrective,HYDRAULIC-LEAK,159,1663,
WO-2010624,ASSET-00125,Preventive,,0,,
WO-2010625,ASSET-00126,Preventive,,0,,000010000121
WO-2010626,ASSET-00126,Corrective,BEARING-FAILURE,229,1575,000010000121
WO-2010627,ASSET-00126,Corrective,PNEUMATIC-LEAK,204,200,000010000121
WO-2010628,ASSET-00126,Preventive,,0,,000010000121
WO-2010629,ASSET-00126,Preventive,,0,,000010000121
WO-2010630,ASSET-00127,Preventive,,0,,000010000122
WO-2010631,ASSET-00127,Emergency,CALIBRATION-DRIFT,91,1004,000010000122
WO-2010632,ASSET-00127,Preventive,,0,,000010000122
WO-2010633,ASSET-00127,Preventive,,0,,000010000122
WO-2010634,ASSET-00127,Preventive,,0,,000010000122
WO-2010635,ASSET-00127,Preventive,,0,,000010000122
WO-2010636,ASSET-00127,Preventive,,0,,000010000122
WO-2010637,ASSET-00128,Corrective,HYDRAULIC-LEAK,126,1655,000010000123
WO-2010638,ASSET-00128,Corrective,CALIBRATION-DRIFT,34,1321,000010000123
WO-2010639,ASSET-00129,Preventive,,0,,
WO-2010640,ASSET-00129,Preventive,,0,,
WO-2010641,ASSET-00129,Corrective,SPINDLE-SEIZURE,190,409,
WO-2010642,ASSET-00130,Emergency,SENSOR-FAULT,480,1570,000010000124
WO-2010643,ASSET-00130,Corrective,BELT-FAILURE,232,541,000010000124
WO-2010644,ASSET-00130,Preventive,,0,,000010000124
WO-2010645,ASSET-00130,Preventive,,0,,000010000124
WO-2010646,ASSET-00130,Emergency,BEARING-FAILURE,277,1656,000010000124
WO-2010647,ASSET-00130,Corrective,CALIBRATION-DRIFT,221,1185,000010000124
WO-2010648,ASSET-00131,Corrective,HYDRAULIC-LEAK,186,529,000010000125
WO-2010649,ASSET-00131,Corrective,BELT-FAILURE,117,762,000010000125
WO-2010650,ASSET-00131,Corrective,CALIBRATION-DRIFT,195,1675,000010000125
WO-2010651,ASSET-00131,Corrective,CONTROLLER-FAULT,89,1016,000010000125
WO-2010652,ASSET-00131,Preventive,,0,,000010000125
WO-2010653,ASSET-00131,Preventive,,0,,000010000125
WO-2010654,ASSET-00132,Preventive,,0,,000010000126
WO-2010655,ASSET-00132,Preventive,,0,,000010000126
WO-2010656,ASSET-00132,Preventive,,0,,000010000126
WO-2010657,ASSET-00132,Corrective,HYDRAULIC-LEAK,176,1927,000010000126
WO-2010658,ASSET-00132,Corrective,BEARING-FAILURE,179,1463,000010000126
WO-2010659,ASSET-00132,Preventive,,0,,000010000126
WO-2010660,ASSET-00133,Preventive,,0,,000010000127
WO-2010661,ASSET-00133,Preventive,,0,,000010000127
WO-2010662,ASSET-00133,Corrective,SENSOR-FAULT,89,494,000010000127
WO-2010663,ASSET-00133,Preventive,,0,,000010000127
WO-2010664,ASSET-00133,Corrective,PNEUMATIC-LEAK,141,1176,000010000127
WO-2010665,ASSET-00134,Corrective,CALIBRATION-DRIFT,113,1792,000010000128
WO-2010666,ASSET-00134,Corrective,BELT-FAILURE,168,812,000010000128
WO-2010667,ASSET-00134,Preventive,,0,,000010000128
WO-2010668,ASSET-00135,Preventive,,0,,000010000129
WO-2010669,ASSET-00135,Preventive,,0,,000010000129
WO-2010670,ASSET-00135,Emergency,CALIBRATION-DRIFT,238,269,000010000129
WO-2010671,ASSET-00135,Corrective,HYDRAULIC-LEAK,206,916,000010000129
WO-2010672,ASSET-00135,Corrective,HYDRAULIC-LEAK,32,1889,000010000129
WO-2010673,ASSET-00135,Corrective,CALIBRATION-DRIFT,176,1719,000010000129
WO-2010674,ASSET-00136,Preventive,,0,,000010000130
WO-2010675,ASSET-00136,Preventive,,0,,000010000130
WO-2010676,ASSET-00136,Corrective,MOTOR-BURNOUT,62,957,000010000130
WO-2010677,ASSET-00136,Preventive,,0,,000010000130
WO-2010678,ASSET-00137,Corrective,CONTROLLER-FAULT,88,823,000010000131
WO-2010679,ASSET-00137,Corrective,SENSOR-FAULT,42,375,000010000131
WO-2010680,ASSET-00137,Preventive,,0,,000010000131
WO-2010681,ASSET-00137,Preventive,,0,,000010000131
WO-2010682,ASSET-00137,Corrective,BEARING-FAILURE,63,1815,000010000131
WO-2010683,ASSET-00137,Preventive,,0,,000010000131
WO-2010684,ASSET-00138,Preventive,,0,,000010000132
WO-2010685,ASSET-00138,Emergency,MOTOR-BURNOUT,268,1137,000010000132
WO-2010686,ASSET-00138,Preventive,,0,,000010000132
WO-2010687,ASSET-00139,Preventive,,0,,000010000133
WO-2010688,ASSET-00139,Corrective,CALIBRATION-DRIFT,219,1122,000010000133
WO-2010689,ASSET-00139,Corrective,BEARING-FAILURE,195,531,000010000133
WO-2010690,ASSET-00139,Corrective,MOTOR-BURNOUT,209,590,000010000133
WO-2010691,ASSET-00139,Corrective,BELT-FAILURE,141,1640,000010000133
WO-2010692,ASSET-00140,Corrective,CALIBRATION-DRIFT,69,684,000010000134
WO-2010693,ASSET-00140,Preventive,,0,,000010000134
WO-2010694,ASSET-00140,Preventive,,0,,000010000134
WO-2010695,ASSET-00140,Corrective,SENSOR-FAULT,86,381,000010000134
WO-2010696,ASSET-00140,Corrective,CALIBRATION-DRIFT,66,1260,000010000134
WO-2010697,ASSET-00141,Preventive,,0,,000010000135
WO-2010698,ASSET-00141,Preventive,,0,,000010000135
WO-2010699,ASSET-00141,Preventive,,0,,000010000135
WO-2010700,ASSET-00141,Corrective,SENSOR-FAULT,91,780,000010000135
WO-2010701,ASSET-00142,Preventive,,0,,000010000136
WO-2010702,ASSET-00142,Preventive,,0,,000010000136
WO-2010703,ASSET-00142,Preventive,,0,,000010000136
WO-2010704,ASSET-00143,Corrective,DIE-WEAR,84,1019,000010000137
WO-2010705,ASSET-00143,Preventive,,0,,000010000137
WO-2010706,ASSET-00143,Preventive,,0,,000010000137
WO-2010707,ASSET-00143,Preventive,,0,,000010000137
WO-2010708,ASSET-00144,Preventive,,0,,000010000138
WO-2010709,ASSET-00144,Corrective,SENSOR-FAULT,216,308,000010000138
WO-2010710,ASSET-00144,Corrective,CALIBRATION-DRIFT,122,1998,000010000138
WO-2010711,ASSET-00144,Corrective,SENSOR-FAULT,234,1762,000010000138
WO-2010712,ASSET-00144,Emergency,HYDRAULIC-LEAK,190,1793,000010000138
WO-2010713,ASSET-00144,Preventive,,0,,000010000138
WO-2010714,ASSET-00144,Corrective,SENSOR-FAULT,54,1368,000010000138
WO-2010715,ASSET-00145,Preventive,,0,,000010000139
WO-2010716,ASSET-00145,Corrective,MOTOR-BURNOUT,209,1309,000010000139
WO-2010717,ASSET-00145,Corrective,DIE-WEAR,72,874,000010000139
WO-2010718,ASSET-00145,Preventive,,0,,000010000139
WO-2010719,ASSET-00145,Preventive,,0,,000010000139
WO-2010720,ASSET-00145,Preventive,,0,,000010000139
WO-2010721,ASSET-00146,Preventive,,0,,
WO-2010722,ASSET-00146,Corrective,SENSOR-FAULT,215,1151,
WO-2010723,ASSET-00146,Emergency,SENSOR-FAULT,432,1694,
WO-2010724,ASSET-00147,Preventive,,0,,000010000140
WO-2010725,ASSET-00147,Corrective,DIE-WEAR,196,1354,000010000140
WO-2010726,ASSET-00147,Corrective,BEARING-FAILURE,214,1671,000010000140
WO-2010727,ASSET-00147,Preventive,,0,,000010000140
WO-2010728,ASSET-00147,Preventive,,0,,000010000140
WO-2010729,ASSET-00147,Preventive,,0,,000010000140
WO-2010730,ASSET-00148,Corrective,SPINDLE-SEIZURE,199,1376,000010000141
WO-2010731,ASSET-00148,Emergency,CALIBRATION-DRIFT,69,1777,000010000141
WO-2010732,ASSET-00148,Corrective,DIE-WEAR,121,1264,000010000141
WO-2010733,ASSET-00148,Corrective,PNEUMATIC-LEAK,138,1711,000010000141
WO-2010734,ASSET-00148,Preventive,,0,,000010000141
WO-2010735,ASSET-00148,Corrective,PNEUMATIC-LEAK,87,668,000010000141
WO-2010736,ASSET-00149,Preventive,,0,,000010000142
WO-2010737,ASSET-00149,Preventive,,0,,000010000142
WO-2010738,ASSET-00149,Corrective,MOTOR-BURNOUT,65,937,000010000142
WO-2010739,ASSET-00149,Preventive,,0,,000010000142
WO-2010740,ASSET-00150,Corrective,SPINDLE-SEIZURE,225,744,000010000143
WO-2010741,ASSET-00150,Corrective,CONTROLLER-FAULT,234,1580,000010000143
WO-2010742,ASSET-00150,Corrective,BEARING-FAILURE,144,1588,000010000143
WO-2010743,ASSET-00150,Preventive,,0,,000010000143
WO-2010744,ASSET-00150,Emergency,PNEUMATIC-LEAK,351,973,000010000143
WO-2010745,ASSET-00150,Corrective,SENSOR-FAULT,223,402,000010000143
WO-2010746,ASSET-00151,Emergency,BELT-FAILURE,466,399,000010000144
WO-2010747,ASSET-00151,Preventive,,0,,000010000144
WO-2010748,ASSET-00151,Corrective,SENSOR-FAULT,37,795,000010000144
WO-2010749,ASSET-00152,Preventive,,0,,000010000145
WO-2010750,ASSET-00152,Corrective,HYDRAULIC-LEAK,102,1793,000010000145
WO-2010751,ASSET-00152,Preventive,,0,,000010000145
WO-2010752,ASSET-00152,Preventive,,0,,000010000145
WO-2010753,ASSET-00152,Corrective,HYDRAULIC-LEAK,162,1692,000010000145
WO-2010754,ASSET-00153,Corrective,SPINDLE-SEIZURE,199,1970,
WO-2010755,ASSET-00153,Corrective,BEARING-FAILURE,118,521,
WO-2010756,ASSET-00153,Preventive,,0,,
WO-2010757,ASSET-00153,Emergency,HYDRAULIC-LEAK,180,407,
WO-2010758,ASSET-00153,Preventive,,0,,
WO-2010759,ASSET-00153,Preventive,,0,,
WO-2010760,ASSET-00153,Preventive,,0,,
WO-2010761,ASSET-00154,Preventive,,0,,000010000146
WO-2010762,ASSET-00154,Corrective,DIE-WEAR,185,1819,000010000146
WO-2010763,ASSET-00154,Emergency,DIE-WEAR,297,574,000010000146
WO-2010764,ASSET-00154,Preventive,,0,,000010000146
WO-2010765,ASSET-00155,Preventive,,0,,000010000147
WO-2010766,ASSET-00155,Emergency,BELT-FAILURE,132,1345,000010000147
WO-2010767,ASSET-00155,Emergency,CONTROLLER-FAULT,421,811,000010000147
WO-2010768,ASSET-00155,Corrective,BEARING-FAILURE,62,1746,000010000147
WO-2010769,ASSET-00156,Corrective,CALIBRATION-DRIFT,154,1513,
WO-2010770,ASSET-00156,Preventive,,0,,
WO-2010771,ASSET-00156,Preventive,,0,,
WO-2010772,ASSET-00156,Preventive,,0,,
WO-2010773,ASSET-00156,Corrective,CONTROLLER-FAULT,109,1294,
WO-2010774,ASSET-00156,Preventive,,0,,
WO-2010775,ASSET-00156,Preventive,,0,,
WO-2010776,ASSET-00156,Emergency,PNEUMATIC-LEAK,393,677,
WO-2010777,ASSET-00157,Corrective,CALIBRATION-DRIFT,67,309,000010000148
WO-2010778,ASSET-00157,Preventive,,0,,000010000148
WO-2010779,ASSET-00157,Preventive,,0,,000010000148
WO-2010780,ASSET-00157,Preventive,,0,,000010000148
WO-2010781,ASSET-00158,Preventive,,0,,000010000149
WO-2010782,ASSET-00158,Preventive,,0,,000010000149
WO-2010783,ASSET-00158,Corrective,MOTOR-BURNOUT,67,1398,000010000149
WO-2010784,ASSET-00158,Corrective,MOTOR-BURNOUT,129,1497,000010000149
WO-2010785,ASSET-00158,Corrective,HYDRAULIC-LEAK,189,1566,000010000149
WO-2010786,ASSET-00158,Preventive,,0,,000010000149
WO-2010787,ASSET-00158,Preventive,,0,,000010000149
WO-2010788,ASSET-00159,Corrective,CALIBRATION-DRIFT,172,1977,000010000150
WO-2010789,ASSET-00159,Corrective,DIE-WEAR,103,707,000010000150
WO-2010790,ASSET-00159,Preventive,,0,,000010000150
WO-2010791,ASSET-00160,Preventive,,0,,000010000151
WO-2010792,ASSET-00160,Preventive,,0,,000010000151
WO-2010793,ASSET-00160,Preventive,,0,,000010000151
WO-2010794,ASSET-00160,Preventive,,0,,000010000151
WO-2010795,ASSET-00161,Preventive,,0,,000010000152
WO-2010796,ASSET-00161,Corrective,CALIBRATION-DRIFT,186,1793,000010000152
WO-2010797,ASSET-00161,Preventive,,0,,000010000152
WO-2010798,ASSET-00162,Corrective,SPINDLE-SEIZURE,116,1247,000010000153
WO-2010799,ASSET-00162,Preventive,,0,,000010000153
WO-2010800,ASSET-00162,Corrective,MOTOR-BURNOUT,67,311,000010000153
WO-2010801,ASSET-00162,Preventive,,0,,000010000153
WO-2010802,ASSET-00162,Preventive,,0,,000010000153
WO-2010803,ASSET-00162,Preventive,,0,,000010000153
WO-2010804,ASSET-00163,Preventive,,0,,
WO-2010805,ASSET-00163,Corrective,CONTROLLER-FAULT,212,1463,
WO-2010806,ASSET-00164,Corrective,DIE-WEAR,60,1760,000010000154
WO-2010807,ASSET-00164,Emergency,BEARING-FAILURE,194,715,000010000154
WO-2010808,ASSET-00164,Preventive,,0,,000010000154
WO-2010809,ASSET-00164,Corrective,BELT-FAILURE,112,1421,000010000154
WO-2010810,ASSET-00164,Preventive,,0,,000010000154
WO-2010811,ASSET-00164,Corrective,BEARING-FAILURE,39,1961,000010000154
WO-2010812,ASSET-00164,Preventive,,0,,000010000154
WO-2010813,ASSET-00165,Corrective,PNEUMATIC-LEAK,64,692,000010000155
WO-2010814,ASSET-00165,Preventive,,0,,000010000155
WO-2010815,ASSET-00165,Preventive,,0,,000010000155
WO-2010816,ASSET-00165,Preventive,,0,,000010000155
WO-2010817,ASSET-00165,Corrective,PNEUMATIC-LEAK,76,799,000010000155
WO-2010818,ASSET-00165,Preventive,,0,,000010000155
WO-2010819,ASSET-00166,Preventive,,0,,000010000156
WO-2010820,ASSET-00166,Preventive,,0,,000010000156
WO-2010821,ASSET-00166,Corrective,CONTROLLER-FAULT,76,1711,000010000156
WO-2010822,ASSET-00166,Corrective,DIE-WEAR,84,1046,000010000156
WO-2010823,ASSET-00166,Preventive,,0,,000010000156
WO-2010824,ASSET-00166,Corrective,SENSOR-FAULT,35,903,000010000156
WO-2010825,ASSET-00166,Emergency,CONTROLLER-FAULT,574,454,000010000156
WO-2010826,ASSET-00167,Preventive,,0,,000010000157
WO-2010827,ASSET-00167,Preventive,,0,,000010000157
WO-2010828,ASSET-00167,Corrective,PNEUMATIC-LEAK,233,1245,000010000157
WO-2010829,ASSET-00167,Preventive,,0,,000010000157
WO-2010830,ASSET-00167,Corrective,CALIBRATION-DRIFT,97,1376,000010000157
WO-2010831,ASSET-00167,Preventive,,0,,000010000157
WO-2010832,ASSET-00168,Preventive,,0,,000010000158
WO-2010833,ASSET-00168,Corrective,CALIBRATION-DRIFT,211,206,000010000158
WO-2010834,ASSET-00168,Corrective,CALIBRATION-DRIFT,164,657,000010000158
WO-2010835,ASSET-00168,Preventive,,0,,000010000158
WO-2010836,ASSET-00168,Emergency,PNEUMATIC-LEAK,446,435,000010000158
WO-2010837,ASSET-00168,Preventive,,0,,000010000158
WO-2010838,ASSET-00168,Preventive,,0,,000010000158
WO-2010839,ASSET-00169,Preventive,,0,,000010000159
WO-2010840,ASSET-00169,Preventive,,0,,000010000159
WO-2010841,ASSET-00169,Preventive,,0,,000010000159
WO-2010842,ASSET-00169,Preventive,,0,,000010000159
WO-2010843,ASSET-00169,Corrective,PNEUMATIC-LEAK,233,1579,000010000159
WO-2010844,ASSET-00169,Preventive,,0,,000010000159
WO-2010845,ASSET-00170,Preventive,,0,,000010000160
WO-2010846,ASSET-00170,Corrective,DIE-WEAR,198,1687,000010000160
WO-2010847,ASSET-00170,Preventive,,0,,000010000160
WO-2010848,ASSET-00170,Preventive,,0,,000010000160
WO-2010849,ASSET-00170,Preventive,,0,,000010000160
WO-2010850,ASSET-00170,Corrective,DIE-WEAR,175,557,000010000160
WO-2010851,ASSET-00171,Preventive,,0,,000010000161
WO-2010852,ASSET-00171,Corrective,CONTROLLER-FAULT,86,1968,000010000161
WO-2010853,ASSET-00171,Corrective,BEARING-FAILURE,210,706,000010000161
WO-2010854,ASSET-00171,Preventive,,0,,000010000161
WO-2010855,ASSET-00172,Corrective,PNEUMATIC-LEAK,127,1601,000010000162
WO-2010856,ASSET-00172,Preventive,,0,,000010000162
WO-2010857,ASSET-00172,Preventive,,0,,000010000162
WO-2010858,ASSET-00172,Preventive,,0,,000010000162
WO-2010859,ASSET-00172,Emergency,SPINDLE-SEIZURE,307,234,000010000162
WO-2010860,ASSET-00173,Preventive,,0,,
WO-2010861,ASSET-00173,Preventive,,0,,
WO-2010862,ASSET-00173,Preventive,,0,,
WO-2010863,ASSET-00173,Corrective,CALIBRATION-DRIFT,131,1401,
WO-2010864,ASSET-00173,Corrective,PNEUMATIC-LEAK,201,636,
WO-2010865,ASSET-00173,Corrective,DIE-WEAR,190,1008,
WO-2010866,ASSET-00174,Corrective,SENSOR-FAULT,203,931,000010000163
WO-2010867,ASSET-00175,Preventive,,0,,000010000164
WO-2010868,ASSET-00175,Corrective,DIE-WEAR,50,902,000010000164
WO-2010869,ASSET-00175,Preventive,,0,,000010000164
WO-2010870,ASSET-00175,Preventive,,0,,000010000164
WO-2010871,ASSET-00175,Corrective,HYDRAULIC-LEAK,212,790,000010000164
WO-2010872,ASSET-00175,Corrective,SENSOR-FAULT,90,263,000010000164
WO-2010873,ASSET-00175,Preventive,,0,,000010000164
WO-2010874,ASSET-00176,Corrective,CONTROLLER-FAULT,143,756,000010000165
WO-2010875,ASSET-00176,Preventive,,0,,000010000165
WO-2010876,ASSET-00176,Corrective,SPINDLE-SEIZURE,219,829,000010000165
WO-2010877,ASSET-00177,Preventive,,0,,000010000166
WO-2010878,ASSET-00177,Corrective,BELT-FAILURE,238,1151,000010000166
WO-2010879,ASSET-00177,Preventive,,0,,000010000166
WO-2010880,ASSET-00178,Emergency,SPINDLE-SEIZURE,135,1654,000010000167
WO-2010881,ASSET-00178,Preventive,,0,,000010000167
WO-2010882,ASSET-00178,Preventive,,0,,000010000167
WO-2010883,ASSET-00178,Corrective,DIE-WEAR,222,446,000010000167
WO-2010884,ASSET-00178,Corrective,CONTROLLER-FAULT,90,882,000010000167
WO-2010885,ASSET-00178,Preventive,,0,,000010000167
WO-2010886,ASSET-00178,Preventive,,0,,000010000167
WO-2010887,ASSET-00179,Corrective,DIE-WEAR,163,1215,000010000168
WO-2010888,ASSET-00179,Corrective,HYDRAULIC-LEAK,111,736,000010000168
WO-2010889,ASSET-00179,Preventive,,0,,000010000168
WO-2010890,ASSET-00179,Corrective,HYDRAULIC-LEAK,205,1800,000010000168
WO-2010891,ASSET-00179,Corrective,MOTOR-BURNOUT,187,1974,000010000168
WO-2010892,ASSET-00180,Corrective,MOTOR-BURNOUT,58,1485,000010000169
WO-2010893,ASSET-00180,Preventive,,0,,000010000169
WO-2010894,ASSET-00180,Emergency,CALIBRATION-DRIFT,118,201,000010000169
WO-2010895,ASSET-00180,Corrective,HYDRAULIC-LEAK,121,248,000010000169
WO-2010896,ASSET-00181,Corrective,HYDRAULIC-LEAK,194,406,000010000170
WO-2010897,ASSET-00181,Preventive,,0,,000010000170
WO-2010898,ASSET-00181,Preventive,,0,,000010000170
WO-2010899,ASSET-00182,Preventive,,0,,000010000171
WO-2010900,ASSET-00182,Emergency,BELT-FAILURE,290,1621,000010000171
WO-2010901,ASSET-00182,Emergency,MOTOR-BURNOUT,401,1676,000010000171
WO-2010902,ASSET-00182,Corrective,CONTROLLER-FAULT,178,691,000010000171
WO-2010903,ASSET-00182,Corrective,BELT-FAILURE,175,1943,000010000171
WO-2010904,ASSET-00182,Corrective,PNEUMATIC-LEAK,31,1373,000010000171
WO-2010905,ASSET-00182,Preventive,,0,,000010000171
WO-2010906,ASSET-00182,Preventive,,0,,000010000171
WO-2010907,ASSET-00183,Corrective,CALIBRATION-DRIFT,38,1011,000010000172
WO-2010908,ASSET-00183,Preventive,,0,,000010000172
WO-2010909,ASSET-00183,Corrective,BELT-FAILURE,141,463,000010000172
WO-2010910,ASSET-00184,Preventive,,0,,000010000173
WO-2010911,ASSET-00184,Corrective,SPINDLE-SEIZURE,240,945,000010000173
WO-2010912,ASSET-00184,Preventive,,0,,000010000173
WO-2010913,ASSET-00184,Preventive,,0,,000010000173
WO-2010914,ASSET-00185,Preventive,,0,,000010000174
WO-2010915,ASSET-00185,Preventive,,0,,000010000174
WO-2010916,ASSET-00185,Preventive,,0,,000010000174
WO-2010917,ASSET-00186,Preventive,,0,,000010000175
WO-2010918,ASSET-00186,Preventive,,0,,000010000175
WO-2010919,ASSET-00186,Preventive,,0,,000010000175
WO-2010920,ASSET-00186,Preventive,,0,,000010000175
WO-2010921,ASSET-00186,Corrective,CONTROLLER-FAULT,130,265,000010000175
WO-2010922,ASSET-00187,Preventive,,0,,000010000176
WO-2010923,ASSET-00187,Preventive,,0,,000010000176
WO-2010924,ASSET-00187,Emergency,BELT-FAILURE,222,1254,000010000176
WO-2010925,ASSET-00187,Preventive,,0,,000010000176
WO-2010926,ASSET-00187,Corrective,CALIBRATION-DRIFT,204,483,000010000176
WO-2010927,ASSET-00188,Preventive,,0,,000010000177
WO-2010928,ASSET-00188,Preventive,,0,,000010000177
WO-2010929,ASSET-00188,Preventive,,0,,000010000177
WO-2010930,ASSET-00188,Preventive,,0,,000010000177
WO-2010931,ASSET-00189,Preventive,,0,,000010000178
WO-2010932,ASSET-00189,Corrective,HYDRAULIC-LEAK,82,534,000010000178
WO-2010933,ASSET-00189,Preventive,,0,,000010000178
WO-2010934,ASSET-00190,Corrective,CONTROLLER-FAULT,62,889,000010000179
WO-2010935,ASSET-00190,Preventive,,0,,000010000179
WO-2010936,ASSET-00191,Corrective,DIE-WEAR,121,488,000010000180
WO-2010937,ASSET-00191,Emergency,BEARING-FAILURE,458,1134,000010000180
WO-2010938,ASSET-00191,Preventive,,0,,000010000180
WO-2010939,ASSET-00191,Corrective,SPINDLE-SEIZURE,55,1150,000010000180
WO-2010940,ASSET-00191,Corrective,PNEUMATIC-LEAK,48,445,000010000180
WO-2010941,ASSET-00191,Corrective,BELT-FAILURE,108,1560,000010000180
WO-2010942,ASSET-00192,Preventive,,0,,000010000181
WO-2010943,ASSET-00192,Preventive,,0,,000010000181
WO-2010944,ASSET-00192,Corrective,HYDRAULIC-LEAK,37,1302,000010000181
WO-2010945,ASSET-00192,Emergency,SPINDLE-SEIZURE,231,835,000010000181
WO-2010946,ASSET-00192,Corrective,SPINDLE-SEIZURE,43,680,000010000181
WO-2010947,ASSET-00192,Preventive,,0,,000010000181
WO-2010948,ASSET-00192,Preventive,,0,,000010000181
WO-2010949,ASSET-00192,Corrective,DIE-WEAR,33,1440,000010000181
WO-2010950,ASSET-00193,Preventive,,0,,000010000182
WO-2010951,ASSET-00193,Preventive,,0,,000010000182
WO-2010952,ASSET-00193,Preventive,,0,,000010000182
WO-2010953,ASSET-00193,Corrective,CALIBRATION-DRIFT,229,1895,000010000182
WO-2010954,ASSET-00193,Preventive,,0,,000010000182
WO-2010955,ASSET-00193,Preventive,,0,,000010000182
WO-2010956,ASSET-00194,Corrective,HYDRAULIC-LEAK,37,466,000010000183
WO-2010957,ASSET-00194,Preventive,,0,,000010000183
WO-2010958,ASSET-00194,Preventive,,0,,000010000183
WO-2010959,ASSET-00194,Preventive,,0,,000010000183
WO-2010960,ASSET-00194,Preventive,,0,,000010000183
WO-2010961,ASSET-00195,Emergency,CONTROLLER-FAULT,373,1413,000010000184
WO-2010962,ASSET-00196,Corrective,SENSOR-FAULT,79,1671,000010000185
WO-2010963,ASSET-00196,Preventive,,0,,000010000185
WO-2010964,ASSET-00196,Corrective,MOTOR-BURNOUT,200,868,000010000185
WO-2010965,ASSET-00197,Preventive,,0,,000010000186
WO-2010966,ASSET-00197,Preventive,,0,,000010000186
WO-2010967,ASSET-00197,Preventive,,0,,000010000186
WO-2010968,ASSET-00197,Preventive,,0,,000010000186
WO-2010969,ASSET-00198,Preventive,,0,,000010000187
WO-2010970,ASSET-00198,Corrective,CALIBRATION-DRIFT,184,849,000010000187
WO-2010971,ASSET-00198,Corrective,DIE-WEAR,48,337,000010000187
WO-2010972,ASSET-00198,Preventive,,0,,000010000187
WO-2010973,ASSET-00199,Preventive,,0,,000010000188
WO-2010974,ASSET-00199,Corrective,BELT-FAILURE,73,1229,000010000188
WO-2010975,ASSET-00199,Preventive,,0,,000010000188
WO-2010976,ASSET-00199,Corrective,SPINDLE-SEIZURE,190,217,000010000188
WO-2010977,ASSET-00199,Preventive,,0,,000010000188
WO-2010978,ASSET-00199,Corrective,HYDRAULIC-LEAK,155,1151,000010000188
WO-2010979,ASSET-00199,Preventive,,0,,000010000188
WO-2010980,ASSET-00199,Preventive,,0,,000010000188
WO-2010981,ASSET-00200,Preventive,,0,,
WO-2010982,ASSET-00200,Preventive,,0,,
WO-2010983,ASSET-00200,Preventive,,0,,
WO-2010984,ASSET-00201,Preventive,,0,,000010000189
WO-2010985,ASSET-00201,Corrective,SENSOR-FAULT,112,632,000010000189
WO-2010986,ASSET-00201,Corrective,SENSOR-FAULT,125,1007,000010000189
WO-2010987,ASSET-00202,Corrective,SENSOR-FAULT,223,1679,000010000190
WO-2010988,ASSET-00202,Preventive,,0,,000010000190
WO-2010989,ASSET-00202,Corrective,HYDRAULIC-LEAK,92,1752,000010000190
WO-2010990,ASSET-00202,Corrective,DIE-WEAR,211,823,000010000190
WO-2010991,ASSET-00203,Preventive,,0,,000010000192
WO-2010992,ASSET-00203,Preventive,,0,,000010000192
WO-2010993,ASSET-00203,Corrective,CALIBRATION-DRIFT,72,344,000010000192
WO-2010994,ASSET-00203,Corrective,DIE-WEAR,61,851,000010000192
WO-2010995,ASSET-00203,Emergency,DIE-WEAR,283,1600,000010000192
WO-2010996,ASSET-00203,Corrective,BEARING-FAILURE,30,587,000010000192
WO-2010997,ASSET-00204,Corrective,BELT-FAILURE,179,1240,000010000194
WO-2010998,ASSET-00204,Preventive,,0,,000010000194
WO-2010999,ASSET-00204,Preventive,,0,,000010000194
WO-2011000,ASSET-00204,Preventive,,0,,000010000194
WO-2011001,ASSET-00204,Preventive,,0,,000010000194
WO-2011002,ASSET-00205,Corrective,SPINDLE-SEIZURE,199,1168,000010000195
WO-2011003,ASSET-00205,Preventive,,0,,000010000195
WO-2011004,ASSET-00205,Preventive,,0,,000010000195
WO-2011005,ASSET-00205,Preventive,,0,,000010000195
WO-2011006,ASSET-00206,Preventive,,0,,000010000196
WO-2011007,ASSET-00206,Preventive,,0,,000010000196
WO-2011008,ASSET-00206,Preventive,,0,,000010000196
WO-2011009,ASSET-00206,Corrective,BELT-FAILURE,190,1730,000010000196
WO-2011010,ASSET-00207,Preventive,,0,,
WO-2011011,ASSET-00207,Preventive,,0,,
WO-2011012,ASSET-00207,Corrective,MOTOR-BURNOUT,225,646,
WO-2011013,ASSET-00208,Corrective,BEARING-FAILURE,52,1802,
WO-2011014,ASSET-00208,Preventive,,0,,
WO-2011015,ASSET-00208,Corrective,CALIBRATION-DRIFT,99,1805,
WO-2011016,ASSET-00208,Emergency,BEARING-FAILURE,112,882,
WO-2011017,ASSET-00208,Preventive,,0,,
WO-2011018,ASSET-00209,Corrective,CALIBRATION-DRIFT,75,806,000010000197
WO-2011019,ASSET-00209,Corrective,DIE-WEAR,173,754,000010000197
WO-2011020,ASSET-00209,Preventive,,0,,000010000197
WO-2011021,ASSET-00209,Corrective,SENSOR-FAULT,35,1077,000010000197
WO-2011022,ASSET-00209,Emergency,BEARING-FAILURE,74,1932,000010000197
WO-2011023,ASSET-00210,Preventive,,0,,000010000198
WO-2011024,ASSET-00210,Preventive,,0,,000010000198
WO-2011025,ASSET-00210,Preventive,,0,,000010000198
WO-2011026,ASSET-00211,Corrective,MOTOR-BURNOUT,240,1017,000010000199
WO-2011027,ASSET-00211,Emergency,MOTOR-BURNOUT,189,1150,000010000199
WO-2011028,ASSET-00211,Preventive,,0,,000010000199
WO-2011029,ASSET-00211,Preventive,,0,,000010000199
WO-2011030,ASSET-00211,Corrective,HYDRAULIC-LEAK,138,1471,000010000199
WO-2011031,ASSET-00212,Emergency,DIE-WEAR,63,1728,000010000200
WO-2011032,ASSET-00212,Emergency,SENSOR-FAULT,235,656,000010000200
WO-2011033,ASSET-00212,Corrective,PNEUMATIC-LEAK,104,1702,000010000200
WO-2011034,ASSET-00212,Preventive,,0,,000010000200
WO-2011035,ASSET-00212,Preventive,,0,,000010000200
WO-2011036,ASSET-00213,Preventive,,0,,000010000201
WO-2011037,ASSET-00213,Preventive,,0,,000010000201
WO-2011038,ASSET-00213,Emergency,CONTROLLER-FAULT,568,1741,000010000201
WO-2011039,ASSET-00213,Preventive,,0,,000010000201
WO-2011040,ASSET-00213,Preventive,,0,,000010000201
WO-2011041,ASSET-00213,Preventive,,0,,000010000201
WO-2011042,ASSET-00213,Preventive,,0,,000010000201
WO-2011043,ASSET-00214,Corrective,SENSOR-FAULT,72,1305,000010000202
WO-2011044,ASSET-00214,Corrective,MOTOR-BURNOUT,59,539,000010000202
WO-2011045,ASSET-00214,Corrective,PNEUMATIC-LEAK,150,824,000010000202
WO-2011046,ASSET-00215,Emergency,SENSOR-FAULT,118,1512,000010000203
WO-2011047,ASSET-00215,Emergency,BELT-FAILURE,450,1019,000010000203
WO-2011048,ASSET-00215,Corrective,CONTROLLER-FAULT,175,378,000010000203
WO-2011049,ASSET-00215,Preventive,,0,,000010000203
WO-2011050,ASSET-00215,Preventive,,0,,000010000203
WO-2011051,ASSET-00215,Corrective,SENSOR-FAULT,57,489,000010000203
WO-2011052,ASSET-00215,Preventive,,0,,000010000203
WO-2011053,ASSET-00216,Corrective,CALIBRATION-DRIFT,100,1170,000010000204
WO-2011054,ASSET-00216,Preventive,,0,,000010000204
WO-2011055,ASSET-00216,Preventive,,0,,000010000204
WO-2011056,ASSET-00216,Preventive,,0,,000010000204
WO-2011057,ASSET-00216,Preventive,,0,,000010000204
WO-2011058,ASSET-00216,Corrective,CONTROLLER-FAULT,69,274,000010000204
WO-2011059,ASSET-00216,Preventive,,0,,000010000204
WO-2011060,ASSET-00217,Preventive,,0,,000010000205
WO-2011061,ASSET-00217,Preventive,,0,,000010000205
WO-2011062,ASSET-00217,Emergency,DIE-WEAR,469,539,000010000205
WO-2011063,ASSET-00217,Emergency,CALIBRATION-DRIFT,525,700,000010000205
WO-2011064,ASSET-00217,Corrective,CONTROLLER-FAULT,50,954,000010000205
WO-2011065,ASSET-00217,Corrective,CONTROLLER-FAULT,138,1250,000010000205
WO-2011066,ASSET-00217,Corrective,SENSOR-FAULT,54,696,000010000205
WO-2011067,ASSET-00218,Corrective,HYDRAULIC-LEAK,69,1327,000010000206
WO-2011068,ASSET-00218,Preventive,,0,,000010000206
WO-2011069,ASSET-00218,Preventive,,0,,000010000206
WO-2011070,ASSET-00218,Corrective,HYDRAULIC-LEAK,171,374,000010000206
WO-2011071,ASSET-00218,Corrective,DIE-WEAR,115,507,000010000206
WO-2011072,ASSET-00218,Preventive,,0,,000010000206
WO-2011073,ASSET-00218,Preventive,,0,,000010000206
WO-2011074,ASSET-00219,Corrective,CALIBRATION-DRIFT,152,497,000010000207
WO-2011075,ASSET-00219,Preventive,,0,,000010000207
WO-2011076,ASSET-00219,Preventive,,0,,000010000207
WO-2011077,ASSET-00219,Emergency,PNEUMATIC-LEAK,469,873,000010000207
WO-2011078,ASSET-00219,Corrective,BEARING-FAILURE,198,809,000010000207
WO-2011079,ASSET-00219,Emergency,SENSOR-FAULT,409,1953,000010000207
WO-2011080,ASSET-00220,Corrective,SPINDLE-SEIZURE,206,431,000010000208
WO-2011081,ASSET-00220,Preventive,,0,,000010000208
WO-2011082,ASSET-00220,Preventive,,0,,000010000208
WO-2011083,ASSET-00220,Corrective,SENSOR-FAULT,173,680,000010000208
WO-2011084,ASSET-00220,Preventive,,0,,000010000208
WO-2011085,ASSET-00220,Corrective,CONTROLLER-FAULT,87,613,000010000208
WO-2011086,ASSET-00220,Emergency,PNEUMATIC-LEAK,93,1825,000010000208
WO-2011087,ASSET-00220,Preventive,,0,,000010000208
WO-2011088,ASSET-00221,Emergency,CONTROLLER-FAULT,271,1172,000010000209
WO-2011089,ASSET-00221,Preventive,,0,,000010000209
WO-2011090,ASSET-00221,Emergency,SENSOR-FAULT,127,1247,000010000209
WO-2011091,ASSET-00221,Corrective,SENSOR-FAULT,90,1634,000010000209
WO-2011092,ASSET-00221,Preventive,,0,,000010000209
WO-2011093,ASSET-00222,Corrective,BELT-FAILURE,238,823,
WO-2011094,ASSET-00222,Emergency,SENSOR-FAULT,432,1241,
WO-2011095,ASSET-00222,Corrective,CALIBRATION-DRIFT,134,944,
WO-2011096,ASSET-00222,Emergency,BELT-FAILURE,148,468,
WO-2011097,ASSET-00222,Corrective,BELT-FAILURE,194,1727,
WO-2011098,ASSET-00222,Corrective,SENSOR-FAULT,182,1032,
WO-2011099,ASSET-00222,Preventive,,0,,
WO-2011100,ASSET-00223,Corrective,CONTROLLER-FAULT,159,1704,
WO-2011101,ASSET-00223,Preventive,,0,,
WO-2011102,ASSET-00223,Corrective,BEARING-FAILURE,159,759,
WO-2011103,ASSET-00223,Preventive,,0,,
WO-2011104,ASSET-00224,Corrective,DIE-WEAR,76,659,000010000210
WO-2011105,ASSET-00224,Preventive,,0,,000010000210
WO-2011106,ASSET-00224,Preventive,,0,,000010000210
WO-2011107,ASSET-00224,Corrective,BEARING-FAILURE,185,1497,000010000210
WO-2011108,ASSET-00224,Preventive,,0,,000010000210
WO-2011109,ASSET-00224,Emergency,BEARING-FAILURE,176,1316,000010000210
WO-2011110,ASSET-00225,Corrective,SPINDLE-SEIZURE,117,1226,000010000211
WO-2011111,ASSET-00225,Emergency,CALIBRATION-DRIFT,520,1391,000010000211
WO-2011112,ASSET-00225,Preventive,,0,,000010000211
WO-2011113,ASSET-00225,Preventive,,0,,000010000211
WO-2011114,ASSET-00225,Emergency,BEARING-FAILURE,333,1307,000010000211
WO-2011115,ASSET-00226,Emergency,MOTOR-BURNOUT,325,375,000010000212
WO-2011116,ASSET-00226,Preventive,,0,,000010000212
WO-2011117,ASSET-00226,Preventive,,0,,000010000212
WO-2011118,ASSET-00226,Preventive,,0,,000010000212
WO-2011119,ASSET-00226,Emergency,HYDRAULIC-LEAK,285,1970,000010000212
WO-2011120,ASSET-00227,Preventive,,0,,000010000213
WO-2011121,ASSET-00227,Emergency,MOTOR-BURNOUT,161,544,000010000213
WO-2011122,ASSET-00227,Preventive,,0,,000010000213
WO-2011123,ASSET-00227,Corrective,DIE-WEAR,40,746,000010000213
WO-2011124,ASSET-00227,Preventive,,0,,000010000213
WO-2011125,ASSET-00228,Preventive,,0,,000010000214
WO-2011126,ASSET-00228,Preventive,,0,,000010000214
WO-2011127,ASSET-00228,Emergency,MOTOR-BURNOUT,188,487,000010000214
WO-2011128,ASSET-00228,Corrective,MOTOR-BURNOUT,90,1413,000010000214
WO-2011129,ASSET-00228,Preventive,,0,,000010000214
WO-2011130,ASSET-00228,Preventive,,0,,000010000214
WO-2011131,ASSET-00228,Preventive,,0,,000010000214
WO-2011132,ASSET-00228,Corrective,SPINDLE-SEIZURE,195,629,000010000214
WO-2011133,ASSET-00229,Preventive,,0,,000010000215
WO-2011134,ASSET-00229,Preventive,,0,,000010000215
WO-2011135,ASSET-00229,Preventive,,0,,000010000215
WO-2011136,ASSET-00229,Corrective,HYDRAULIC-LEAK,186,936,000010000215
WO-2011137,ASSET-00230,Preventive,,0,,000010000216
WO-2011138,ASSET-00230,Preventive,,0,,000010000216
WO-2011139,ASSET-00230,Corrective,PNEUMATIC-LEAK,136,1996,000010000216
WO-2011140,ASSET-00230,Corrective,PNEUMATIC-LEAK,54,1062,000010000216
WO-2011141,ASSET-00230,Corrective,CONTROLLER-FAULT,208,329,000010000216
WO-2011142,ASSET-00231,Preventive,,0,,000010000217
WO-2011143,ASSET-00231,Emergency,DIE-WEAR,146,1503,000010000217
WO-2011144,ASSET-00231,Emergency,BELT-FAILURE,484,1610,000010000217
WO-2011145,ASSET-00231,Emergency,PNEUMATIC-LEAK,101,216,000010000217
WO-2011146,ASSET-00231,Preventive,,0,,000010000217
WO-2011147,ASSET-00231,Corrective,MOTOR-BURNOUT,69,1671,000010000217
WO-2011148,ASSET-00231,Preventive,,0,,000010000217
WO-2011149,ASSET-00231,Corrective,CALIBRATION-DRIFT,122,1911,000010000217
WO-2011150,ASSET-00232,Preventive,,0,,000010000218
WO-2011151,ASSET-00232,Preventive,,0,,000010000218
WO-2011152,ASSET-00232,Corrective,BEARING-FAILURE,198,351,000010000218
WO-2011153,ASSET-00232,Preventive,,0,,000010000218
WO-2011154,ASSET-00232,Preventive,,0,,000010000218
WO-2011155,ASSET-00232,Preventive,,0,,000010000218
WO-2011156,ASSET-00232,Preventive,,0,,000010000218
WO-2011157,ASSET-00232,Preventive,,0,,000010000218
WO-2011158,ASSET-00233,Emergency,SENSOR-FAULT,366,1282,000010000219
WO-2011159,ASSET-00233,Emergency,MOTOR-BURNOUT,299,1290,000010000219
WO-2011160,ASSET-00233,Corrective,BEARING-FAILURE,44,1146,000010000219
WO-2011161,ASSET-00233,Preventive,,0,,000010000219
WO-2011162,ASSET-00233,Corrective,HYDRAULIC-LEAK,169,1166,000010000219
WO-2011163,ASSET-00233,Preventive,,0,,000010000219
WO-2011164,ASSET-00234,Corrective,DIE-WEAR,103,1438,000010000220
WO-2011165,ASSET-00234,Preventive,,0,,000010000220
WO-2011166,ASSET-00235,Preventive,,0,,000010000221
WO-2011167,ASSET-00235,Preventive,,0,,000010000221
WO-2011168,ASSET-00236,Preventive,,0,,000010000222
WO-2011169,ASSET-00236,Preventive,,0,,000010000222
WO-2011170,ASSET-00236,Preventive,,0,,000010000222
WO-2011171,ASSET-00236,Corrective,CALIBRATION-DRIFT,129,612,000010000222
WO-2011172,ASSET-00236,Corrective,DIE-WEAR,224,1466,000010000222
WO-2011173,ASSET-00236,Corrective,PNEUMATIC-LEAK,188,1530,000010000222
WO-2011174,ASSET-00236,Preventive,,0,,000010000222
WO-2011175,ASSET-00236,Preventive,,0,,000010000222
WO-2011176,ASSET-00237,Preventive,,0,,000010000223
WO-2011177,ASSET-00237,Preventive,,0,,000010000223
WO-2011178,ASSET-00237,Corrective,BELT-FAILURE,201,1192,000010000223
WO-2011179,ASSET-00237,Preventive,,0,,000010000223
WO-2011180,ASSET-00237,Preventive,,0,,000010000223
WO-2011181,ASSET-00238,Preventive,,0,,000010000224
WO-2011182,ASSET-00238,Preventive,,0,,000010000224
WO-2011183,ASSET-00238,Preventive,,0,,000010000224
WO-2011184,ASSET-00238,Preventive,,0,,000010000224
WO-2011185,ASSET-00239,Emergency,BELT-FAILURE,198,1503,000010000225
WO-2011186,ASSET-00239,Corrective,HYDRAULIC-LEAK,91,386,000010000225
WO-2011187,ASSET-00239,Emergency,DIE-WEAR,213,1398,000010000225
WO-2011188,ASSET-00239,Preventive,,0,,000010000225
WO-2011189,ASSET-00240,Preventive,,0,,000010000226
WO-2011190,ASSET-00240,Emergency,MOTOR-BURNOUT,272,1795,000010000226
WO-2011191,ASSET-00240,Corrective,BELT-FAILURE,93,1004,000010000226
WO-2011192,ASSET-00240,Preventive,,0,,000010000226
WO-2011193,ASSET-00240,Corrective,PNEUMATIC-LEAK,76,1732,000010000226
WO-2011194,ASSET-00240,Corrective,MOTOR-BURNOUT,100,1996,000010000226
WO-2011195,ASSET-00240,Corrective,PNEUMATIC-LEAK,135,1526,000010000226
WO-2011196,ASSET-00240,Preventive,,0,,000010000226
WO-2011197,ASSET-00241,Preventive,,0,,000010000227
WO-2011198,ASSET-00241,Preventive,,0,,000010000227
WO-2011199,ASSET-00241,Corrective,CONTROLLER-FAULT,54,1995,000010000227
WO-2011200,ASSET-00241,Preventive,,0,,000010000227
WO-2011201,ASSET-00242,Preventive,,0,,000010000228
WO-2011202,ASSET-00242,Preventive,,0,,000010000228
WO-2011203,ASSET-00242,Preventive,,0,,000010000228
WO-2011204,ASSET-00242,Preventive,,0,,000010000228
WO-2011205,ASSET-00242,Emergency,BELT-FAILURE,360,1571,000010000228
WO-2011206,ASSET-00242,Preventive,,0,,000010000228
WO-2011207,ASSET-00243,Preventive,,0,,000010000229
WO-2011208,ASSET-00243,Corrective,DIE-WEAR,57,1155,000010000229
WO-2011209,ASSET-00243,Corrective,CALIBRATION-DRIFT,191,1844,000010000229
WO-2011210,ASSET-00244,Corrective,SENSOR-FAULT,164,448,000010000230
WO-2011211,ASSET-00244,Preventive,,0,,000010000230
WO-2011212,ASSET-00244,Preventive,,0,,000010000230
WO-2011213,ASSET-00244,Corrective,PNEUMATIC-LEAK,110,814,000010000230
WO-2011214,ASSET-00244,Preventive,,0,,000010000230
WO-2011215,ASSET-00244,Corrective,CONTROLLER-FAULT,209,684,000010000230
WO-2011216,ASSET-00244,Preventive,,0,,000010000230
WO-2011217,ASSET-00244,Preventive,,0,,000010000230
WO-2011218,ASSET-00245,Preventive,,0,,000010000231
WO-2011219,ASSET-00245,Preventive,,0,,000010000231
WO-2011220,ASSET-00246,Preventive,,0,,000010000232
WO-2011221,ASSET-00246,Preventive,,0,,000010000232
WO-2011222,ASSET-00246,Corrective,HYDRAULIC-LEAK,76,1219,000010000232
WO-2011223,ASSET-00246,Emergency,BEARING-FAILURE,382,1124,000010000232
WO-2011224,ASSET-00246,Emergency,PNEUMATIC-LEAK,378,457,000010000232
WO-2011225,ASSET-00246,Corrective,CALIBRATION-DRIFT,202,1884,000010000232
WO-2011226,ASSET-00246,Preventive,,0,,000010000232
WO-2011227,ASSET-00246,Corrective,HYDRAULIC-LEAK,197,1426,000010000232
WO-2011228,ASSET-00247,Preventive,,0,,000010000233
WO-2011229,ASSET-00247,Preventive,,0,,000010000233
WO-2011230,ASSET-00247,Preventive,,0,,000010000233
WO-2011231,ASSET-00247,Preventive,,0,,000010000233
WO-2011232,ASSET-00248,Preventive,,0,,000010000234
WO-2011233,ASSET-00248,Preventive,,0,,000010000234
WO-2011234,ASSET-00248,Emergency,DIE-WEAR,160,1229,000010000234
WO-2011235,ASSET-00248,Corrective,SENSOR-FAULT,206,224,000010000234
WO-2011236,ASSET-00248,Preventive,,0,,000010000234
WO-2011237,ASSET-00248,Preventive,,0,,000010000234
WO-2011238,ASSET-00248,Preventive,,0,,000010000234
WO-2011239,ASSET-00249,Corrective,DIE-WEAR,183,227,000010000235
WO-2011240,ASSET-00249,Corrective,BEARING-FAILURE,96,936,000010000235
WO-2011241,ASSET-00249,Preventive,,0,,000010000235
WO-2011242,ASSET-00250,Corrective,CONTROLLER-FAULT,65,472,000010000236
WO-2011243,ASSET-00250,Preventive,,0,,000010000236
WO-2011244,ASSET-00250,Corrective,DIE-WEAR,227,1080,000010000236
WO-2011245,ASSET-00250,Emergency,CALIBRATION-DRIFT,553,1821,000010000236
WO-2011246,ASSET-00250,Corrective,BEARING-FAILURE,240,1396,000010000236
WO-2011247,ASSET-00250,Preventive,,0,,000010000236
WO-2011248,ASSET-00251,Corrective,MOTOR-BURNOUT,151,1913,000010000237
WO-2011249,ASSET-00251,Corrective,SENSOR-FAULT,149,1078,000010000237
WO-2011250,ASSET-00251,Corrective,HYDRAULIC-LEAK,128,1297,000010000237
WO-2011251,ASSET-00251,Preventive,,0,,000010000237
WO-2011252,ASSET-00251,Preventive,,0,,000010000237
WO-2011253,ASSET-00252,Preventive,,0,,000010000238
WO-2011254,ASSET-00252,Preventive,,0,,000010000238
WO-2011255,ASSET-00252,Corrective,SENSOR-FAULT,124,1578,000010000238
WO-2011256,ASSET-00253,Preventive,,0,,000010000239
WO-2011257,ASSET-00254,Preventive,,0,,000010000240
WO-2011258,ASSET-00254,Corrective,BEARING-FAILURE,200,1475,000010000240
WO-2011259,ASSET-00254,Preventive,,0,,000010000240
WO-2011260,ASSET-00255,Corrective,BELT-FAILURE,56,1384,000010000241
WO-2011261,ASSET-00255,Preventive,,0,,000010000241
WO-2011262,ASSET-00255,Preventive,,0,,000010000241
WO-2011263,ASSET-00255,Preventive,,0,,000010000241
WO-2011264,ASSET-00255,Corrective,DIE-WEAR,125,1458,000010000241
WO-2011265,ASSET-00256,Corrective,BELT-FAILURE,49,1493,000010000242
WO-2011266,ASSET-00256,Emergency,MOTOR-BURNOUT,522,1103,000010000242
WO-2011267,ASSET-00256,Preventive,,0,,000010000242
WO-2011268,ASSET-00256,Corrective,HYDRAULIC-LEAK,173,1392,000010000242
WO-2011269,ASSET-00257,Corrective,BEARING-FAILURE,166,917,000010000243
WO-2011270,ASSET-00257,Corrective,CALIBRATION-DRIFT,170,431,000010000243
WO-2011271,ASSET-00257,Preventive,,0,,000010000243
WO-2011272,ASSET-00257,Corrective,CONTROLLER-FAULT,205,1144,000010000243
WO-2011273,ASSET-00258,Corrective,MOTOR-BURNOUT,129,1421,000010000244
WO-2011274,ASSET-00258,Preventive,,0,,000010000244
WO-2011275,ASSET-00258,Corrective,BEARING-FAILURE,174,1821,000010000244
WO-2011276,ASSET-00258,Preventive,,0,,000010000244
WO-2011277,ASSET-00258,Corrective,DIE-WEAR,189,1640,000010000244
WO-2011278,ASSET-00258,Preventive,,0,,000010000244
WO-2011279,ASSET-00258,Preventive,,0,,000010000244
WO-2011280,ASSET-00259,Emergency,PNEUMATIC-LEAK,153,388,000010000245
WO-2011281,ASSET-00259,Preventive,,0,,000010000245
WO-2011282,ASSET-00259,Corrective,MOTOR-BURNOUT,74,760,000010000245
WO-2011283,ASSET-00259,Preventive,,0,,000010000245
WO-2011284,ASSET-00259,Preventive,,0,,000010000245
WO-2011285,ASSET-00259,Preventive,,0,,000010000245
WO-2011286,ASSET-00259,Corrective,MOTOR-BURNOUT,147,810,000010000245
WO-2011287,ASSET-00259,Preventive,,0,,000010000245
WO-2011288,ASSET-00260,Emergency,SPINDLE-SEIZURE,510,1303,000010000246
WO-2011289,ASSET-00260,Preventive,,0,,000010000246
WO-2011290,ASSET-00260,Preventive,,0,,000010000246
WO-2011291,ASSET-00260,Preventive,,0,,000010000246
WO-2011292,ASSET-00260,Emergency,SENSOR-FAULT,587,555,000010000246
WO-2011293,ASSET-00260,Emergency,SENSOR-FAULT,538,1825,000010000246
WO-2011294,ASSET-00260,Preventive,,0,,000010000246
WO-2011295,ASSET-00260,Corrective,CONTROLLER-FAULT,239,312,000010000246
WO-2011296,ASSET-00261,Preventive,,0,,000010000247
WO-2011297,ASSET-00261,Corrective,PNEUMATIC-LEAK,31,1218,000010000247
WO-2011298,ASSET-00261,Corrective,CALIBRATION-DRIFT,33,1367,000010000247
WO-2011299,ASSET-00261,Preventive,,0,,000010000247
WO-2011300,ASSET-00262,Preventive,,0,,000010000248
WO-2011301,ASSET-00262,Preventive,,0,,000010000248
WO-2011302,ASSET-00262,Preventive,,0,,000010000248
WO-2011303,ASSET-00262,Preventive,,0,,000010000248
WO-2011304,ASSET-00262,Preventive,,0,,000010000248
WO-2011305,ASSET-00263,Corrective,CALIBRATION-DRIFT,131,1609,000010000249
WO-2011306,ASSET-00263,Preventive,,0,,000010000249
WO-2011307,ASSET-00263,Corrective,BEARING-FAILURE,51,1727,000010000249
WO-2011308,ASSET-00263,Corrective,BELT-FAILURE,170,1598,000010000249
WO-2011309,ASSET-00264,Corrective,DIE-WEAR,85,1511,000010000250
WO-2011310,ASSET-00265,Preventive,,0,,000010000251
WO-2011311,ASSET-00265,Corrective,SPINDLE-SEIZURE,54,1420,000010000251
WO-2011312,ASSET-00265,Corrective,BEARING-FAILURE,43,1955,000010000251
WO-2011313,ASSET-00265,Corrective,CALIBRATION-DRIFT,106,1532,000010000251
WO-2011314,ASSET-00265,Preventive,,0,,000010000251
WO-2011315,ASSET-00265,Corrective,SENSOR-FAULT,116,1444,000010000251
WO-2011316,ASSET-00265,Corrective,BELT-FAILURE,203,1920,000010000251
WO-2011317,ASSET-00266,Preventive,,0,,000010000252
WO-2011318,ASSET-00266,Corrective,SPINDLE-SEIZURE,43,1842,000010000252
WO-2011319,ASSET-00266,Preventive,,0,,000010000252
WO-2011320,ASSET-00267,Emergency,MOTOR-BURNOUT,531,1552,000010000253
WO-2011321,ASSET-00267,Corrective,BELT-FAILURE,179,1553,000010000253
WO-2011322,ASSET-00267,Preventive,,0,,000010000253
WO-2011323,ASSET-00267,Preventive,,0,,000010000253
WO-2011324,ASSET-00267,Preventive,,0,,000010000253
WO-2011325,ASSET-00267,Preventive,,0,,000010000253
WO-2011326,ASSET-00267,Preventive,,0,,000010000253
WO-2011327,ASSET-00268,Corrective,PNEUMATIC-LEAK,133,378,000010000254
WO-2011328,ASSET-00268,Corrective,BEARING-FAILURE,78,1179,000010000254
WO-2011329,ASSET-00268,Preventive,,0,,000010000254
WO-2011330,ASSET-00268,Preventive,,0,,000010000254
WO-2011331,ASSET-00268,Corrective,DIE-WEAR,71,1950,000010000254
WO-2011332,ASSET-00269,Preventive,,0,,000010000255
WO-2011333,ASSET-00269,Corrective,CALIBRATION-DRIFT,46,1875,000010000255
WO-2011334,ASSET-00269,Corrective,CALIBRATION-DRIFT,85,1433,000010000255
WO-2011335,ASSET-00269,Corrective,MOTOR-BURNOUT,95,1432,000010000255
WO-2011336,ASSET-00269,Corrective,PNEUMATIC-LEAK,237,1718,000010000255
WO-2011337,ASSET-00270,Corrective,PNEUMATIC-LEAK,186,426,000010000256
WO-2011338,ASSET-00270,Preventive,,0,,000010000256
WO-2011339,ASSET-00270,Preventive,,0,,000010000256
WO-2011340,ASSET-00270,Emergency,HYDRAULIC-LEAK,100,1889,000010000256
WO-2011341,ASSET-00270,Preventive,,0,,000010000256
WO-2011342,ASSET-00270,Corrective,CONTROLLER-FAULT,172,215,000010000256
WO-2011343,ASSET-00271,Preventive,,0,,000010000257
WO-2011344,ASSET-00271,Preventive,,0,,000010000257
WO-2011345,ASSET-00271,Preventive,,0,,000010000257
WO-2011346,ASSET-00271,Corrective,CALIBRATION-DRIFT,56,258,000010000257
WO-2011347,ASSET-00271,Corrective,MOTOR-BURNOUT,48,342,000010000257
WO-2011348,ASSET-00271,Preventive,,0,,000010000257
WO-2011349,ASSET-00272,Corrective,BEARING-FAILURE,239,1618,000010000258
WO-2011350,ASSET-00272,Preventive,,0,,000010000258
WO-2011351,ASSET-00272,Preventive,,0,,000010000258
WO-2011352,ASSET-00272,Preventive,,0,,000010000258
WO-2011353,ASSET-00272,Corrective,CALIBRATION-DRIFT,130,821,000010000258
WO-2011354,ASSET-00273,Preventive,,0,,000010000259
WO-2011355,ASSET-00274,Preventive,,0,,000010000260
WO-2011356,ASSET-00274,Emergency,SPINDLE-SEIZURE,186,1955,000010000260
WO-2011357,ASSET-00274,Preventive,,0,,000010000260
WO-2011358,ASSET-00274,Corrective,CALIBRATION-DRIFT,210,1230,000010000260
WO-2011359,ASSET-00275,Corrective,CALIBRATION-DRIFT,52,729,000010000261
WO-2011360,ASSET-00275,Preventive,,0,,000010000261
WO-2011361,ASSET-00275,Corrective,PNEUMATIC-LEAK,174,1848,000010000261
WO-2011362,ASSET-00275,Corrective,BEARING-FAILURE,211,1199,000010000261
WO-2011363,ASSET-00275,Preventive,,0,,000010000261
WO-2011364,ASSET-00275,Preventive,,0,,000010000261
WO-2011365,ASSET-00276,Preventive,,0,,000010000262
WO-2011366,ASSET-00276,Corrective,SPINDLE-SEIZURE,51,1257,000010000262
WO-2011367,ASSET-00276,Preventive,,0,,000010000262
WO-2011368,ASSET-00276,Corrective,CONTROLLER-FAULT,167,764,000010000262
WO-2011369,ASSET-00276,Corrective,BELT-FAILURE,227,1880,000010000262
WO-2011370,ASSET-00277,Preventive,,0,,000010000263
WO-2011371,ASSET-00277,Preventive,,0,,000010000263
WO-2011372,ASSET-00277,Preventive,,0,,000010000263
WO-2011373,ASSET-00277,Preventive,,0,,000010000263
WO-2011374,ASSET-00277,Preventive,,0,,000010000263
WO-2011375,ASSET-00278,Preventive,,0,,000010000264
WO-2011376,ASSET-00278,Preventive,,0,,000010000264
WO-2011377,ASSET-00278,Preventive,,0,,000010000264
WO-2011378,ASSET-00278,Preventive,,0,,000010000264
WO-2011379,ASSET-00278,Corrective,HYDRAULIC-LEAK,31,1213,000010000264
WO-2011380,ASSET-00278,Preventive,,0,,000010000264
WO-2011381,ASSET-00278,Corrective,DIE-WEAR,164,1012,000010000264
WO-2011382,ASSET-00278,Preventive,,0,,000010000264
WO-2011383,ASSET-00278,Preventive,,0,,000010000264
WO-2011384,ASSET-00279,Corrective,BELT-FAILURE,204,431,000010000265
WO-2011385,ASSET-00279,Preventive,,0,,000010000265
WO-2011386,ASSET-00280,Preventive,,0,,000010000266
WO-2011387,ASSET-00280,Corrective,BEARING-FAILURE,161,933,000010000266
WO-2011388,ASSET-00280,Corrective,HYDRAULIC-LEAK,184,1065,000010000266
WO-2011389,ASSET-00280,Corrective,BELT-FAILURE,87,468,000010000266
WO-2011390,ASSET-00280,Corrective,HYDRAULIC-LEAK,203,1831,000010000266
WO-2011391,ASSET-00281,Corrective,BELT-FAILURE,151,901,000010000267
WO-2011392,ASSET-00281,Emergency,MOTOR-BURNOUT,358,1639,000010000267
WO-2011393,ASSET-00281,Preventive,,0,,000010000267
WO-2011394,ASSET-00281,Corrective,BEARING-FAILURE,152,1656,000010000267
WO-2011395,ASSET-00281,Emergency,MOTOR-BURNOUT,274,212,000010000267
WO-2011396,ASSET-00282,Corrective,PNEUMATIC-LEAK,183,583,000010000268
WO-2011397,ASSET-00283,Corrective,BEARING-FAILURE,67,936,000010000269
WO-2011398,ASSET-00283,Emergency,BEARING-FAILURE,265,1765,000010000269
WO-2011399,ASSET-00283,Emergency,HYDRAULIC-LEAK,211,427,000010000269
WO-2011400,ASSET-00283,Corrective,BEARING-FAILURE,82,432,000010000269
WO-2011401,ASSET-00284,Preventive,,0,,000010000270
WO-2011402,ASSET-00284,Corrective,CALIBRATION-DRIFT,114,1116,000010000270
WO-2011403,ASSET-00284,Emergency,PNEUMATIC-LEAK,252,1862,000010000270
WO-2011404,ASSET-00284,Corrective,SENSOR-FAULT,54,1704,000010000270
WO-2011405,ASSET-00284,Preventive,,0,,000010000270
WO-2011406,ASSET-00285,Preventive,,0,,000010000271
WO-2011407,ASSET-00285,Corrective,SPINDLE-SEIZURE,128,476,000010000271
WO-2011408,ASSET-00285,Preventive,,0,,000010000271
WO-2011409,ASSET-00286,Corrective,HYDRAULIC-LEAK,129,660,000010000272
WO-2011410,ASSET-00286,Emergency,BEARING-FAILURE,217,1660,000010000272
WO-2011411,ASSET-00286,Corrective,MOTOR-BURNOUT,120,839,000010000272
WO-2011412,ASSET-00287,Corrective,BELT-FAILURE,121,1704,000010000273
WO-2011413,ASSET-00287,Preventive,,0,,000010000273
WO-2011414,ASSET-00287,Corrective,PNEUMATIC-LEAK,167,598,000010000273
WO-2011415,ASSET-00287,Corrective,BEARING-FAILURE,186,1271,000010000273
WO-2011416,ASSET-00287,Emergency,CONTROLLER-FAULT,292,1026,000010000273
WO-2011417,ASSET-00288,Corrective,PNEUMATIC-LEAK,194,961,000010000274
WO-2011418,ASSET-00288,Preventive,,0,,000010000274
WO-2011419,ASSET-00288,Preventive,,0,,000010000274
WO-2011420,ASSET-00288,Preventive,,0,,000010000274
WO-2011421,ASSET-00288,Preventive,,0,,000010000274
WO-2011422,ASSET-00288,Preventive,,0,,000010000274
WO-2011423,ASSET-00288,Corrective,BELT-FAILURE,216,863,000010000274
WO-2011424,ASSET-00288,Preventive,,0,,000010000274
WO-2011425,ASSET-00289,Preventive,,0,,000010000275
WO-2011426,ASSET-00289,Emergency,CALIBRATION-DRIFT,286,1164,000010000275
WO-2011427,ASSET-00289,Preventive,,0,,000010000275
WO-2011428,ASSET-00289,Preventive,,0,,000010000275
WO-2011429,ASSET-00289,Preventive,,0,,000010000275
WO-2011430,ASSET-00289,Preventive,,0,,000010000275
WO-2011431,ASSET-00289,Emergency,DIE-WEAR,510,1853,000010000275
WO-2011432,ASSET-00290,Preventive,,0,,000010000276
WO-2011433,ASSET-00290,Corrective,CONTROLLER-FAULT,138,1308,000010000276
WO-2011434,ASSET-00290,Corrective,BELT-FAILURE,189,1819,000010000276
WO-2011435,ASSET-00290,Corrective,DIE-WEAR,190,827,000010000276
WO-2011436,ASSET-00290,Corrective,SPINDLE-SEIZURE,143,1986,000010000276
WO-2011437,ASSET-00290,Corrective,SPINDLE-SEIZURE,192,1034,000010000276
WO-2011438,ASSET-00291,Preventive,,0,,000010000277
WO-2011439,ASSET-00291,Preventive,,0,,000010000277
WO-2011440,ASSET-00291,Corrective,SPINDLE-SEIZURE,97,1189,000010000277
WO-2011441,ASSET-00291,Emergency,DIE-WEAR,221,208,000010000277
WO-2011442,ASSET-00291,Preventive,,0,,000010000277
WO-2011443,ASSET-00291,Corrective,BEARING-FAILURE,98,541,000010000277
WO-2011444,ASSET-00292,Preventive,,0,,000010000278
WO-2011445,ASSET-00292,Corrective,CONTROLLER-FAULT,197,747,000010000278
WO-2011446,ASSET-00292,Corrective,BEARING-FAILURE,55,655,000010000278
WO-2011447,ASSET-00292,Corrective,DIE-WEAR,110,763,000010000278
WO-2011448,ASSET-00292,Corrective,SPINDLE-SEIZURE,43,1667,000010000278
WO-2011449,ASSET-00292,Preventive,,0,,000010000278
WO-2011450,ASSET-00293,Preventive,,0,,000010000279
WO-2011451,ASSET-00293,Preventive,,0,,000010000279
WO-2011452,ASSET-00293,Preventive,,0,,000010000279
WO-2011453,ASSET-00293,Preventive,,0,,000010000279
WO-2011454,ASSET-00294,Preventive,,0,,000010000280
WO-2011455,ASSET-00294,Preventive,,0,,000010000280
WO-2011456,ASSET-00294,Corrective,DIE-WEAR,192,1002,000010000280
WO-2011457,ASSET-00294,Preventive,,0,,000010000280
WO-2011458,ASSET-00294,Corrective,SENSOR-FAULT,60,907,000010000280
WO-2011459,ASSET-00294,Preventive,,0,,000010000280
WO-2011460,ASSET-00294,Preventive,,0,,000010000280
WO-2011461,ASSET-00295,Preventive,,0,,000010000281
WO-2011462,ASSET-00295,Corrective,PNEUMATIC-LEAK,179,1869,000010000281
WO-2011463,ASSET-00295,Preventive,,0,,000010000281
WO-2011464,ASSET-00295,Preventive,,0,,000010000281
WO-2011465,ASSET-00296,Corrective,CALIBRATION-DRIFT,140,877,000010000282
WO-2011466,ASSET-00296,Corrective,CALIBRATION-DRIFT,156,1313,000010000282
WO-2011467,ASSET-00296,Corrective,PNEUMATIC-LEAK,149,1472,000010000282
WO-2011468,ASSET-00296,Preventive,,0,,000010000282
WO-2011469,ASSET-00296,Corrective,CALIBRATION-DRIFT,92,443,000010000282
WO-2011470,ASSET-00296,Preventive,,0,,000010000282
WO-2011471,ASSET-00296,Preventive,,0,,000010000282
WO-2011472,ASSET-00296,Preventive,,0,,000010000282
WO-2011473,ASSET-00296,Preventive,,0,,000010000282
WO-2011474,ASSET-00296,Corrective,DIE-WEAR,92,1396,000010000282
WO-2011475,ASSET-00297,Preventive,,0,,000010000283
WO-2011476,ASSET-00297,Preventive,,0,,000010000283
WO-2011477,ASSET-00297,Corrective,CALIBRATION-DRIFT,171,1672,000010000283
WO-2011478,ASSET-00297,Preventive,,0,,000010000283
WO-2011479,ASSET-00297,Corrective,BELT-FAILURE,119,1562,000010000283
WO-2011480,ASSET-00298,Preventive,,0,,000010000284
WO-2011481,ASSET-00298,Preventive,,0,,000010000284
WO-2011482,ASSET-00298,Preventive,,0,,000010000284
WO-2011483,ASSET-00298,Preventive,,0,,000010000284
WO-2011484,ASSET-00299,Preventive,,0,,000010000285
WO-2011485,ASSET-00299,Corrective,CONTROLLER-FAULT,115,991,000010000285
WO-2011486,ASSET-00299,Corrective,CALIBRATION-DRIFT,53,1698,000010000285
WO-2011487,ASSET-00299,Preventive,,0,,000010000285
WO-2011488,ASSET-00299,Corrective,BELT-FAILURE,240,1436,000010000285
WO-2011489,ASSET-00300,Preventive,,0,,000010000286
WO-2011490,ASSET-00300,Corrective,CONTROLLER-FAULT,119,1110,000010000286
WO-2011491,ASSET-00300,Preventive,,0,,000010000286
WO-2011492,ASSET-00300,Preventive,,0,,000010000286
WO-2011493,ASSET-00300,Preventive,,0,,000010000286
WO-2011494,ASSET-00300,Emergency,CALIBRATION-DRIFT,314,1984,000010000286
WO-2011495,ASSET-00300,Corrective,BEARING-FAILURE,58,681,000010000286
WO-2011496,ASSET-00300,Corrective,CALIBRATION-DRIFT,199,377,000010000286
WO-2011497,ASSET-00301,Preventive,,0,,000010000287
WO-2011498,ASSET-00301,Preventive,,0,,000010000287
WO-2011499,ASSET-00301,Corrective,HYDRAULIC-LEAK,207,1929,000010000287
WO-2011500,ASSET-00301,Preventive,,0,,000010000287
WO-2011501,ASSET-00301,Preventive,,0,,000010000287
WO-2011502,ASSET-00301,Preventive,,0,,000010000287
WO-2011503,ASSET-00301,Preventive,,0,,000010000287
WO-2011504,ASSET-00302,Corrective,DIE-WEAR,217,1983,000010000288
WO-2011505,ASSET-00302,Corrective,SENSOR-FAULT,138,538,000010000288
WO-2011506,ASSET-00303,Corrective,MOTOR-BURNOUT,172,1462,000010000289
WO-2011507,ASSET-00303,Corrective,BELT-FAILURE,212,1871,000010000289
WO-2011508,ASSET-00303,Preventive,,0,,000010000289
WO-2011509,ASSET-00303,Corrective,PNEUMATIC-LEAK,35,560,000010000289
WO-2011510,ASSET-00304,Corrective,CONTROLLER-FAULT,111,1745,000010000290
WO-2011511,ASSET-00304,Preventive,,0,,000010000290
WO-2011512,ASSET-00304,Preventive,,0,,000010000290
WO-2011513,ASSET-00304,Preventive,,0,,000010000290
WO-2011514,ASSET-00305,Corrective,SENSOR-FAULT,186,1372,000010000291
WO-2011515,ASSET-00305,Corrective,BELT-FAILURE,51,325,000010000291
WO-2011516,ASSET-00305,Corrective,SENSOR-FAULT,157,1742,000010000291
WO-2011517,ASSET-00305,Preventive,,0,,000010000291
WO-2011518,ASSET-00305,Preventive,,0,,000010000291
WO-2011519,ASSET-00305,Preventive,,0,,000010000291
WO-2011520,ASSET-00305,Corrective,BEARING-FAILURE,117,1359,000010000291
WO-2011521,ASSET-00306,Corrective,CALIBRATION-DRIFT,240,1374,000010000292
WO-2011522,ASSET-00306,Corrective,MOTOR-BURNOUT,171,826,000010000292
WO-2011523,ASSET-00306,Preventive,,0,,000010000292
WO-2011524,ASSET-00306,Corrective,HYDRAULIC-LEAK,156,1131,000010000292
WO-2011525,ASSET-00306,Corrective,SPINDLE-SEIZURE,73,1545,000010000292
WO-2011526,ASSET-00307,Preventive,,0,,000010000293
WO-2011527,ASSET-00307,Preventive,,0,,000010000293
WO-2011528,ASSET-00307,Corrective,SPINDLE-SEIZURE,206,1642,000010000293
WO-2011529,ASSET-00307,Corrective,CONTROLLER-FAULT,93,1354,000010000293
WO-2011530,ASSET-00307,Preventive,,0,,000010000293
WO-2011531,ASSET-00308,Corrective,BELT-FAILURE,203,1125,000010000294
WO-2011532,ASSET-00308,Corrective,CONTROLLER-FAULT,205,1402,000010000294
WO-2011533,ASSET-00308,Preventive,,0,,000010000294
WO-2011534,ASSET-00308,Corrective,CONTROLLER-FAULT,47,1055,000010000294
WO-2011535,ASSET-00308,Preventive,,0,,000010000294
WO-2011536,ASSET-00309,Corrective,DIE-WEAR,163,637,000010000295
WO-2011537,ASSET-00309,Preventive,,0,,000010000295
WO-2011538,ASSET-00309,Preventive,,0,,000010000295
WO-2011539,ASSET-00309,Emergency,BELT-FAILURE,283,1080,000010000295
WO-2011540,ASSET-00309,Preventive,,0,,000010000295
WO-2011541,ASSET-00309,Preventive,,0,,000010000295
WO-2011542,ASSET-00310,Preventive,,0,,000010000296
WO-2011543,ASSET-00310,Preventive,,0,,000010000296
WO-2011544,ASSET-00310,Preventive,,0,,000010000296
WO-2011545,ASSET-00311,Emergency,BEARING-FAILURE,88,318,000010000297
WO-2011546,ASSET-00311,Preventive,,0,,000010000297
WO-2011547,ASSET-00312,Preventive,,0,,000010000298
WO-2011548,ASSET-00312,Preventive,,0,,000010000298
WO-2011549,ASSET-00312,Emergency,CALIBRATION-DRIFT,160,636,000010000298
WO-2011550,ASSET-00312,Corrective,DIE-WEAR,123,1573,000010000298
WO-2011551,ASSET-00312,Preventive,,0,,000010000298
WO-2011552,ASSET-00313,Preventive,,0,,000010000299
WO-2011553,ASSET-00313,Corrective,BEARING-FAILURE,169,1658,000010000299
WO-2011554,ASSET-00313,Preventive,,0,,000010000299
WO-2011555,ASSET-00313,Corrective,HYDRAULIC-LEAK,77,930,000010000299
WO-2011556,ASSET-00313,Corrective,SPINDLE-SEIZURE,227,593,000010000299
WO-2011557,ASSET-00313,Corrective,PNEUMATIC-LEAK,156,1849,000010000299
WO-2011558,ASSET-00313,Preventive,,0,,000010000299
WO-2011559,ASSET-00313,Preventive,,0,,000010000299
WO-2011560,ASSET-00313,Corrective,MOTOR-BURNOUT,214,971,000010000299
WO-2011561,ASSET-00313,Preventive,,0,,000010000299
WO-2011562,ASSET-00314,Corrective,SPINDLE-SEIZURE,197,1057,000010000300
WO-2011563,ASSET-00314,Preventive,,0,,000010000300
WO-2011564,ASSET-00314,Emergency,MOTOR-BURNOUT,160,1914,000010000300
WO-2011565,ASSET-00314,Preventive,,0,,000010000300
WO-2011566,ASSET-00314,Preventive,,0,,000010000300
WO-2011567,ASSET-00314,Preventive,,0,,000010000300
WO-2011568,ASSET-00314,Preventive,,0,,000010000300
WO-2011569,ASSET-00314,Preventive,,0,,000010000300
WO-2011570,ASSET-00315,Corrective,DIE-WEAR,188,688,000010000301
WO-2011571,ASSET-00315,Preventive,,0,,000010000301
WO-2011572,ASSET-00315,Preventive,,0,,000010000301
WO-2011573,ASSET-00315,Preventive,,0,,000010000301
WO-2011574,ASSET-00316,Emergency,BELT-FAILURE,179,1531,000010000302
WO-2011575,ASSET-00316,Corrective,PNEUMATIC-LEAK,68,239,000010000302
WO-2011576,ASSET-00317,Preventive,,0,,000010000303
WO-2011577,ASSET-00317,Emergency,HYDRAULIC-LEAK,411,1224,000010000303
WO-2011578,ASSET-00317,Preventive,,0,,000010000303
WO-2011579,ASSET-00318,Preventive,,0,,000010000304
WO-2011580,ASSET-00318,Preventive,,0,,000010000304
WO-2011581,ASSET-00319,Preventive,,0,,000010000305
WO-2011582,ASSET-00319,Corrective,CONTROLLER-FAULT,53,1896,000010000305
WO-2011583,ASSET-00319,Preventive,,0,,000010000305
WO-2011584,ASSET-00319,Emergency,DIE-WEAR,278,1568,000010000305
WO-2011585,ASSET-00319,Preventive,,0,,000010000305
WO-2011586,ASSET-00319,Preventive,,0,,000010000305
WO-2011587,ASSET-00319,Emergency,BELT-FAILURE,212,523,000010000305
WO-2011588,ASSET-00319,Emergency,BELT-FAILURE,440,1497,000010000305
WO-2011589,ASSET-00319,Corrective,DIE-WEAR,197,1544,000010000305
WO-2011590,ASSET-00320,Preventive,,0,,000010000306
WO-2011591,ASSET-00320,Corrective,PNEUMATIC-LEAK,205,236,000010000306
WO-2011592,ASSET-00320,Preventive,,0,,000010000306
WO-2011593,ASSET-00320,Corrective,CONTROLLER-FAULT,96,1532,000010000306
WO-2011594,ASSET-00320,Preventive,,0,,000010000306
WO-2011595,ASSET-00321,Preventive,,0,,000010000307
WO-2011596,ASSET-00321,Corrective,DIE-WEAR,215,770,000010000307
WO-2011597,ASSET-00321,Preventive,,0,,000010000307
WO-2011598,ASSET-00321,Corrective,BELT-FAILURE,88,733,000010000307
WO-2011599,ASSET-00321,Preventive,,0,,000010000307
WO-2011600,ASSET-00321,Corrective,CONTROLLER-FAULT,192,202,000010000307
WO-2011601,ASSET-00322,Preventive,,0,,000010000308
WO-2011602,ASSET-00322,Corrective,DIE-WEAR,92,1419,000010000308
WO-2011603,ASSET-00322,Preventive,,0,,000010000308
WO-2011604,ASSET-00322,Corrective,PNEUMATIC-LEAK,60,1008,000010000308
WO-2011605,ASSET-00322,Preventive,,0,,000010000308
WO-2011606,ASSET-00322,Preventive,,0,,000010000308
WO-2011607,ASSET-00322,Preventive,,0,,000010000308
WO-2011608,ASSET-00322,Preventive,,0,,000010000308
WO-2011609,ASSET-00322,Preventive,,0,,000010000308
WO-2011610,ASSET-00323,Preventive,,0,,000010000309
WO-2011611,ASSET-00323,Preventive,,0,,000010000309
WO-2011612,ASSET-00323,Preventive,,0,,000010000309
WO-2011613,ASSET-00323,Preventive,,0,,000010000309
WO-2011614,ASSET-00323,Preventive,,0,,000010000309
WO-2011615,ASSET-00323,Corrective,PNEUMATIC-LEAK,107,1857,000010000309
WO-2011616,ASSET-00323,Preventive,,0,,000010000309
WO-2011617,ASSET-00324,Corrective,MOTOR-BURNOUT,48,1976,000010000310
WO-2011618,ASSET-00324,Corrective,BELT-FAILURE,143,1384,000010000310
WO-2011619,ASSET-00324,Preventive,,0,,000010000310
WO-2011620,ASSET-00324,Preventive,,0,,000010000310
WO-2011621,ASSET-00325,Preventive,,0,,000010000311
WO-2011622,ASSET-00325,Corrective,HYDRAULIC-LEAK,156,1117,000010000311
WO-2011623,ASSET-00325,Corrective,PNEUMATIC-LEAK,86,1220,000010000311
WO-2011624,ASSET-00325,Preventive,,0,,000010000311
WO-2011625,ASSET-00325,Preventive,,0,,000010000311
WO-2011626,ASSET-00326,Preventive,,0,,000010000312
WO-2011627,ASSET-00326,Corrective,HYDRAULIC-LEAK,219,1832,000010000312
WO-2011628,ASSET-00326,Corrective,HYDRAULIC-LEAK,86,1661,000010000312
WO-2011629,ASSET-00326,Preventive,,0,,000010000312
WO-2011630,ASSET-00326,Corrective,PNEUMATIC-LEAK,211,466,000010000312
WO-2011631,ASSET-00326,Preventive,,0,,000010000312
WO-2011632,ASSET-00327,Preventive,,0,,000010000313
WO-2011633,ASSET-00327,Corrective,SPINDLE-SEIZURE,190,1416,000010000313
WO-2011634,ASSET-00327,Corrective,PNEUMATIC-LEAK,169,955,000010000313
WO-2011635,ASSET-00327,Preventive,,0,,000010000313
WO-2011636,ASSET-00328,Corrective,DIE-WEAR,137,440,000010000314
WO-2011637,ASSET-00328,Preventive,,0,,000010000314
WO-2011638,ASSET-00328,Corrective,MOTOR-BURNOUT,80,377,000010000314
WO-2011639,ASSET-00328,Preventive,,0,,000010000314
WO-2011640,ASSET-00329,Corrective,CALIBRATION-DRIFT,151,1274,000010000315
WO-2011641,ASSET-00329,Preventive,,0,,000010000315
WO-2011642,ASSET-00329,Preventive,,0,,000010000315
WO-2011643,ASSET-00329,Emergency,SENSOR-FAULT,160,1838,000010000315
WO-2011644,ASSET-00330,Emergency,BELT-FAILURE,337,1438,000010000316
WO-2011645,ASSET-00330,Corrective,PNEUMATIC-LEAK,212,1113,000010000316
WO-2011646,ASSET-00330,Preventive,,0,,000010000316
WO-2011647,ASSET-00331,Corrective,DIE-WEAR,49,1842,000010000317
WO-2011648,ASSET-00331,Preventive,,0,,000010000317
WO-2011649,ASSET-00332,Preventive,,0,,000010000318
WO-2011650,ASSET-00333,Preventive,,0,,000010000319
WO-2011651,ASSET-00333,Emergency,HYDRAULIC-LEAK,256,855,000010000319
WO-2011652,ASSET-00333,Corrective,CALIBRATION-DRIFT,79,754,000010000319
WO-2011653,ASSET-00333,Preventive,,0,,000010000319
WO-2011654,ASSET-00333,Preventive,,0,,000010000319
WO-2011655,ASSET-00333,Corrective,CALIBRATION-DRIFT,219,1443,000010000319
WO-2011656,ASSET-00333,Preventive,,0,,000010000319
WO-2011657,ASSET-00334,Corrective,BEARING-FAILURE,225,468,000010000320
WO-2011658,ASSET-00334,Corrective,CONTROLLER-FAULT,198,1434,000010000320
WO-2011659,ASSET-00334,Preventive,,0,,000010000320
WO-2011660,ASSET-00334,Preventive,,0,,000010000320
WO-2011661,ASSET-00334,Preventive,,0,,000010000320
WO-2011662,ASSET-00334,Preventive,,0,,000010000320
WO-2011663,ASSET-00335,Preventive,,0,,000010000321
WO-2011664,ASSET-00335,Corrective,SPINDLE-SEIZURE,216,1885,000010000321
WO-2011665,ASSET-00335,Corrective,SPINDLE-SEIZURE,207,639,000010000321
WO-2011666,ASSET-00336,Preventive,,0,,000010000322
WO-2011667,ASSET-00336,Preventive,,0,,000010000322
WO-2011668,ASSET-00336,Corrective,CONTROLLER-FAULT,174,265,000010000322
WO-2011669,ASSET-00336,Corrective,MOTOR-BURNOUT,179,1939,000010000322
WO-2011670,ASSET-00336,Preventive,,0,,000010000322
WO-2011671,ASSET-00337,Corrective,BELT-FAILURE,100,1245,000010000323
WO-2011672,ASSET-00337,Preventive,,0,,000010000323
WO-2011673,ASSET-00337,Corrective,DIE-WEAR,66,801,000010000323
WO-2011674,ASSET-00337,Corrective,BELT-FAILURE,234,1279,000010000323
WO-2011675,ASSET-00338,Preventive,,0,,000010000324
WO-2011676,ASSET-00338,Corrective,HYDRAULIC-LEAK,97,389,000010000324
WO-2011677,ASSET-00338,Preventive,,0,,000010000324
WO-2011678,ASSET-00339,Preventive,,0,,000010000325
WO-2011679,ASSET-00339,Preventive,,0,,000010000325
WO-2011680,ASSET-00339,Preventive,,0,,000010000325
WO-2011681,ASSET-00339,Preventive,,0,,000010000325
WO-2011682,ASSET-00339,Preventive,,0,,000010000325
WO-2011683,ASSET-00339,Preventive,,0,,000010000325
WO-2011684,ASSET-00339,Corrective,DIE-WEAR,150,740,000010000325
WO-2011685,ASSET-00339,Preventive,,0,,000010000325
WO-2011686,ASSET-00339,Preventive,,0,,000010000325
WO-2011687,ASSET-00340,Preventive,,0,,000010000326
WO-2011688,ASSET-00340,Corrective,PNEUMATIC-LEAK,139,1298,000010000326
WO-2011689,ASSET-00340,Corrective,BELT-FAILURE,31,1555,000010000326
WO-2011690,ASSET-00341,Emergency,DIE-WEAR,185,384,000010000327
WO-2011691,ASSET-00341,Preventive,,0,,000010000327
WO-2011692,ASSET-00341,Emergency,MOTOR-BURNOUT,567,744,000010000327
WO-2011693,ASSET-00341,Corrective,DIE-WEAR,31,1568,000010000327
WO-2011694,ASSET-00342,Corrective,BELT-FAILURE,239,1829,000010000328
WO-2011695,ASSET-00342,Emergency,MOTOR-BURNOUT,228,1950,000010000328
WO-2011696,ASSET-00342,Preventive,,0,,000010000328
WO-2011697,ASSET-00342,Preventive,,0,,000010000328
WO-2011698,ASSET-00342,Preventive,,0,,000010000328
WO-2011699,ASSET-00343,Preventive,,0,,000010000329
WO-2011700,ASSET-00343,Corrective,PNEUMATIC-LEAK,183,1810,000010000329
WO-2011701,ASSET-00343,Preventive,,0,,000010000329
WO-2011702,ASSET-00343,Preventive,,0,,000010000329
WO-2011703,ASSET-00343,Preventive,,0,,000010000329
WO-2011704,ASSET-00343,Preventive,,0,,000010000329
WO-2011705,ASSET-00344,Corrective,MOTOR-BURNOUT,185,1495,000010000330
WO-2011706,ASSET-00344,Preventive,,0,,000010000330
WO-2011707,ASSET-00344,Corrective,CONTROLLER-FAULT,68,1709,000010000330
WO-2011708,ASSET-00344,Corrective,CONTROLLER-FAULT,164,442,000010000330
WO-2011709,ASSET-00345,Corrective,MOTOR-BURNOUT,127,581,000010000331
WO-2011710,ASSET-00345,Preventive,,0,,000010000331
WO-2011711,ASSET-00345,Corrective,BEARING-FAILURE,83,1415,000010000331
WO-2011712,ASSET-00345,Corrective,BELT-FAILURE,79,765,000010000331
WO-2011713,ASSET-00345,Corrective,HYDRAULIC-LEAK,229,964,000010000331
WO-2011714,ASSET-00345,Preventive,,0,,000010000331
WO-2011715,ASSET-00345,Emergency,SPINDLE-SEIZURE,572,1148,000010000331
WO-2011716,ASSET-00346,Preventive,,0,,000010000332
WO-2011717,ASSET-00346,Preventive,,0,,000010000332
WO-2011718,ASSET-00346,Preventive,,0,,000010000332
WO-2011719,ASSET-00346,Preventive,,0,,000010000332
WO-2011720,ASSET-00347,Preventive,,0,,000010000333
WO-2011721,ASSET-00347,Preventive,,0,,000010000333
WO-2011722,ASSET-00347,Corrective,BEARING-FAILURE,138,1519,000010000333
WO-2011723,ASSET-00347,Preventive,,0,,000010000333
WO-2011724,ASSET-00347,Emergency,MOTOR-BURNOUT,136,1795,000010000333
WO-2011725,ASSET-00347,Emergency,MOTOR-BURNOUT,284,274,000010000333
WO-2011726,ASSET-00348,Emergency,SPINDLE-SEIZURE,217,1772,000010000334
WO-2011727,ASSET-00348,Preventive,,0,,000010000334
WO-2011728,ASSET-00349,Corrective,PNEUMATIC-LEAK,93,1344,000010000335
WO-2011729,ASSET-00349,Preventive,,0,,000010000335
WO-2011730,ASSET-00349,Preventive,,0,,000010000335
WO-2011731,ASSET-00349,Preventive,,0,,000010000335
WO-2011732,ASSET-00349,Emergency,HYDRAULIC-LEAK,202,870,000010000335
WO-2011733,ASSET-00349,Corrective,HYDRAULIC-LEAK,138,989,000010000335
WO-2011734,ASSET-00349,Preventive,,0,,000010000335
WO-2011735,ASSET-00350,Preventive,,0,,000010000336
WO-2011736,ASSET-00350,Preventive,,0,,000010000336
WO-2011737,ASSET-00351,Preventive,,0,,000010000337
WO-2011738,ASSET-00351,Preventive,,0,,000010000337
WO-2011739,ASSET-00351,Preventive,,0,,000010000337
WO-2011740,ASSET-00351,Corrective,SENSOR-FAULT,89,1636,000010000337
WO-2011741,ASSET-00351,Emergency,SENSOR-FAULT,428,1604,000010000337
WO-2011742,ASSET-00351,Corrective,CALIBRATION-DRIFT,108,359,000010000337
WO-2011743,ASSET-00351,Preventive,,0,,000010000337
WO-2011744,ASSET-00351,Preventive,,0,,000010000337
WO-2011745,ASSET-00351,Preventive,,0,,000010000337
WO-2011746,ASSET-00351,Corrective,CONTROLLER-FAULT,140,846,000010000337
WO-2011747,ASSET-00352,Emergency,PNEUMATIC-LEAK,90,1520,000010000338
WO-2011748,ASSET-00352,Corrective,CALIBRATION-DRIFT,191,1629,000010000338
WO-2011749,ASSET-00352,Corrective,BEARING-FAILURE,223,1278,000010000338
WO-2011750,ASSET-00352,Corrective,BELT-FAILURE,111,940,000010000338
WO-2011751,ASSET-00352,Corrective,SENSOR-FAULT,142,1376,000010000338
WO-2011752,ASSET-00353,Emergency,SPINDLE-SEIZURE,586,223,000010000339
WO-2011753,ASSET-00353,Corrective,BEARING-FAILURE,43,1364,000010000339
WO-2011754,ASSET-00353,Preventive,,0,,000010000339
WO-2011755,ASSET-00353,Preventive,,0,,000010000339
WO-2011756,ASSET-00353,Corrective,HYDRAULIC-LEAK,60,1273,000010000339
WO-2011757,ASSET-00353,Preventive,,0,,000010000339
WO-2011758,ASSET-00353,Corrective,BELT-FAILURE,117,1185,000010000339
WO-2011759,ASSET-00353,Preventive,,0,,000010000339
WO-2011760,ASSET-00354,Preventive,,0,,000010000340
WO-2011761,ASSET-00354,Corrective,MOTOR-BURNOUT,54,1448,000010000340
WO-2011762,ASSET-00354,Preventive,,0,,000010000340
WO-2011763,ASSET-00354,Corrective,SPINDLE-SEIZURE,75,482,000010000340
WO-2011764,ASSET-00355,Corrective,SENSOR-FAULT,198,216,000010000342
WO-2011765,ASSET-00355,Preventive,,0,,000010000342
WO-2011766,ASSET-00355,Preventive,,0,,000010000342
WO-2011767,ASSET-00355,Preventive,,0,,000010000342
WO-2011768,ASSET-00356,Preventive,,0,,000010000343
WO-2011769,ASSET-00356,Emergency,CONTROLLER-FAULT,555,1517,000010000343
WO-2011770,ASSET-00356,Emergency,HYDRAULIC-LEAK,541,1654,000010000343
WO-2011771,ASSET-00357,Preventive,,0,,000010000344
WO-2011772,ASSET-00357,Preventive,,0,,000010000344
WO-2011773,ASSET-00357,Corrective,SENSOR-FAULT,229,1757,000010000344
WO-2011774,ASSET-00357,Corrective,DIE-WEAR,38,1445,000010000344
WO-2011775,ASSET-00357,Preventive,,0,,000010000344
WO-2011776,ASSET-00358,Corrective,SPINDLE-SEIZURE,214,1055,000010000345
WO-2011777,ASSET-00358,Preventive,,0,,000010000345
WO-2011778,ASSET-00358,Corrective,HYDRAULIC-LEAK,129,778,000010000345
WO-2011779,ASSET-00358,Preventive,,0,,000010000345
WO-2011780,ASSET-00359,Preventive,,0,,000010000346
WO-2011781,ASSET-00359,Corrective,SENSOR-FAULT,106,1897,000010000346
WO-2011782,ASSET-00359,Corrective,PNEUMATIC-LEAK,151,1305,000010000346
WO-2011783,ASSET-00360,Preventive,,0,,000010000347
WO-2011784,ASSET-00360,Preventive,,0,,000010000347
WO-2011785,ASSET-00360,Preventive,,0,,000010000347
WO-2011786,ASSET-00360,Preventive,,0,,000010000347
WO-2011787,ASSET-00361,Preventive,,0,,000010000348
WO-2011788,ASSET-00361,Preventive,,0,,000010000348
WO-2011789,ASSET-00361,Corrective,BELT-FAILURE,234,1105,000010000348
WO-2011790,ASSET-00361,Preventive,,0,,000010000348
WO-2011791,ASSET-00361,Preventive,,0,,000010000348
WO-2011792,ASSET-00362,Emergency,SPINDLE-SEIZURE,366,1824,000010000349
WO-2011793,ASSET-00362,Preventive,,0,,000010000349
WO-2011794,ASSET-00362,Corrective,MOTOR-BURNOUT,234,818,000010000349
WO-2011795,ASSET-00362,Preventive,,0,,000010000349
WO-2011796,ASSET-00363,Preventive,,0,,000010000350
WO-2011797,ASSET-00363,Preventive,,0,,000010000350
WO-2011798,ASSET-00363,Corrective,DIE-WEAR,157,1506,000010000350
WO-2011799,ASSET-00363,Preventive,,0,,000010000350
WO-2011800,ASSET-00363,Preventive,,0,,000010000350
WO-2011801,ASSET-00363,Preventive,,0,,000010000350
WO-2011802,ASSET-00363,Corrective,CONTROLLER-FAULT,110,1456,000010000350
WO-2011803,ASSET-00363,Preventive,,0,,000010000350
WO-2011804,ASSET-00363,Preventive,,0,,000010000350
WO-2011805,ASSET-00363,Emergency,PNEUMATIC-LEAK,207,502,000010000350
WO-2011806,ASSET-00364,Corrective,PNEUMATIC-LEAK,212,935,000010000351
WO-2011807,ASSET-00364,Corrective,SPINDLE-SEIZURE,223,383,000010000351
WO-2011808,ASSET-00364,Preventive,,0,,000010000351
WO-2011809,ASSET-00364,Corrective,SENSOR-FAULT,178,382,000010000351
WO-2011810,ASSET-00364,Corrective,BELT-FAILURE,202,725,000010000351
WO-2011811,ASSET-00365,Corrective,MOTOR-BURNOUT,38,1809,000010000352
WO-2011812,ASSET-00365,Preventive,,0,,000010000352
WO-2011813,ASSET-00365,Corrective,BEARING-FAILURE,212,649,000010000352
WO-2011814,ASSET-00365,Preventive,,0,,000010000352
WO-2011815,ASSET-00366,Preventive,,0,,000010000353
WO-2011816,ASSET-00366,Corrective,SENSOR-FAULT,219,1334,000010000353
WO-2011817,ASSET-00366,Preventive,,0,,000010000353
WO-2011818,ASSET-00366,Preventive,,0,,000010000353
WO-2011819,ASSET-00366,Preventive,,0,,000010000353
WO-2011820,ASSET-00366,Corrective,HYDRAULIC-LEAK,71,404,000010000353
WO-2011821,ASSET-00366,Emergency,CONTROLLER-FAULT,349,1699,000010000353
WO-2011822,ASSET-00367,Corrective,DIE-WEAR,205,1249,000010000354
WO-2011823,ASSET-00367,Preventive,,0,,000010000354
WO-2011824,ASSET-00367,Preventive,,0,,000010000354
WO-2011825,ASSET-00367,Preventive,,0,,000010000354
WO-2011826,ASSET-00367,Preventive,,0,,000010000354
WO-2011827,ASSET-00368,Emergency,MOTOR-BURNOUT,488,1839,000010000355
WO-2011828,ASSET-00368,Preventive,,0,,000010000355
WO-2011829,ASSET-00368,Preventive,,0,,000010000355
WO-2011830,ASSET-00368,Preventive,,0,,000010000355
WO-2011831,ASSET-00368,Preventive,,0,,000010000355
WO-2011832,ASSET-00368,Corrective,DIE-WEAR,120,1720,000010000355
WO-2011833,ASSET-00369,Corrective,DIE-WEAR,225,416,000010000356
WO-2011834,ASSET-00369,Emergency,PNEUMATIC-LEAK,336,1002,000010000356
WO-2011835,ASSET-00369,Emergency,CALIBRATION-DRIFT,279,350,000010000356
WO-2011836,ASSET-00369,Corrective,PNEUMATIC-LEAK,207,435,000010000356
WO-2011837,ASSET-00369,Preventive,,0,,000010000356
WO-2011838,ASSET-00369,Emergency,DIE-WEAR,97,831,000010000356
WO-2011839,ASSET-00370,Preventive,,0,,000010000357
WO-2011840,ASSET-00370,Emergency,DIE-WEAR,118,1342,000010000357
WO-2011841,ASSET-00370,Emergency,CONTROLLER-FAULT,240,1802,000010000357
WO-2011842,ASSET-00370,Emergency,BEARING-FAILURE,384,1530,000010000357
WO-2011843,ASSET-00370,Corrective,BEARING-FAILURE,135,1190,000010000357
WO-2011844,ASSET-00371,Preventive,,0,,000010000358
WO-2011845,ASSET-00371,Corrective,CALIBRATION-DRIFT,75,1938,000010000358
WO-2011846,ASSET-00371,Corrective,BEARING-FAILURE,164,1236,000010000358
WO-2011847,ASSET-00371,Preventive,,0,,000010000358
WO-2011848,ASSET-00372,Corrective,CONTROLLER-FAULT,219,1754,000010000359
WO-2011849,ASSET-00372,Corrective,CALIBRATION-DRIFT,129,1752,000010000359
WO-2011850,ASSET-00372,Preventive,,0,,000010000359
WO-2011851,ASSET-00373,Preventive,,0,,000010000360
WO-2011852,ASSET-00373,Corrective,SENSOR-FAULT,196,952,000010000360
WO-2011853,ASSET-00373,Corrective,MOTOR-BURNOUT,177,930,000010000360
WO-2011854,ASSET-00373,Preventive,,0,,000010000360
WO-2011855,ASSET-00374,Preventive,,0,,000010000361
WO-2011856,ASSET-00374,Corrective,HYDRAULIC-LEAK,99,562,000010000361
WO-2011857,ASSET-00374,Corrective,BEARING-FAILURE,148,1484,000010000361
WO-2011858,ASSET-00374,Preventive,,0,,000010000361
WO-2011859,ASSET-00374,Corrective,BELT-FAILURE,232,1879,000010000361
WO-2011860,ASSET-00374,Preventive,,0,,000010000361
WO-2011861,ASSET-00374,Corrective,PNEUMATIC-LEAK,99,774,000010000361
WO-2011862,ASSET-00374,Corrective,BELT-FAILURE,31,390,000010000361
WO-2011863,ASSET-00374,Corrective,BELT-FAILURE,69,1725,000010000361
WO-2011864,ASSET-00375,Preventive,,0,,000010000362
WO-2011865,ASSET-00375,Preventive,,0,,000010000362
WO-2011866,ASSET-00376,Corrective,CONTROLLER-FAULT,69,1694,000010000363
WO-2011867,ASSET-00376,Corrective,BEARING-FAILURE,145,294,000010000363
WO-2011868,ASSET-00376,Corrective,HYDRAULIC-LEAK,205,637,000010000363
WO-2011869,ASSET-00376,Corrective,BEARING-FAILURE,175,590,000010000363
WO-2011870,ASSET-00376,Preventive,,0,,000010000363
WO-2011871,ASSET-00376,Corrective,PNEUMATIC-LEAK,219,986,000010000363
WO-2011872,ASSET-00377,Preventive,,0,,000010000364
WO-2011873,ASSET-00377,Preventive,,0,,000010000364
WO-2011874,ASSET-00377,Preventive,,0,,000010000364
WO-2011875,ASSET-00377,Preventive,,0,,000010000364
WO-2011876,ASSET-00377,Preventive,,0,,000010000364
WO-2011877,ASSET-00377,Preventive,,0,,000010000364
WO-2011878,ASSET-00377,Emergency,MOTOR-BURNOUT,590,1397,000010000364
WO-2011879,ASSET-00378,Corrective,MOTOR-BURNOUT,78,1468,000010000365
WO-2011880,ASSET-00378,Preventive,,0,,000010000365
WO-2011881,ASSET-00378,Corrective,CALIBRATION-DRIFT,170,1304,000010000365
WO-2011882,ASSET-00378,Preventive,,0,,000010000365
WO-2011883,ASSET-00378,Corrective,PNEUMATIC-LEAK,62,788,000010000365
WO-2011884,ASSET-00378,Corrective,SENSOR-FAULT,204,792,000010000365
WO-2011885,ASSET-00379,Corrective,HYDRAULIC-LEAK,142,381,000010000366
WO-2011886,ASSET-00379,Emergency,BEARING-FAILURE,240,1999,000010000366
WO-2011887,ASSET-00379,Corrective,PNEUMATIC-LEAK,95,663,000010000366
WO-2011888,ASSET-00380,Preventive,,0,,000010000367
WO-2011889,ASSET-00380,Preventive,,0,,000010000367
WO-2011890,ASSET-00380,Preventive,,0,,000010000367
WO-2011891,ASSET-00380,Preventive,,0,,000010000367
WO-2011892,ASSET-00381,Corrective,BELT-FAILURE,55,939,000010000368
WO-2011893,ASSET-00381,Corrective,BEARING-FAILURE,200,364,000010000368
WO-2011894,ASSET-00381,Preventive,,0,,000010000368
WO-2011895,ASSET-00381,Preventive,,0,,000010000368
WO-2011896,ASSET-00382,Corrective,PNEUMATIC-LEAK,108,534,000010000369
WO-2011897,ASSET-00382,Corrective,BELT-FAILURE,208,1524,000010000369
WO-2011898,ASSET-00382,Preventive,,0,,000010000369
WO-2011899,ASSET-00382,Preventive,,0,,000010000369
WO-2011900,ASSET-00382,Preventive,,0,,000010000369
WO-2011901,ASSET-00383,Preventive,,0,,000010000370
WO-2011902,ASSET-00383,Corrective,PNEUMATIC-LEAK,104,1875,000010000370
WO-2011903,ASSET-00383,Preventive,,0,,000010000370
WO-2011904,ASSET-00384,Preventive,,0,,000010000371
WO-2011905,ASSET-00384,Preventive,,0,,000010000371
WO-2011906,ASSET-00384,Corrective,CONTROLLER-FAULT,198,1742,000010000371
WO-2011907,ASSET-00384,Corrective,PNEUMATIC-LEAK,240,1460,000010000371
WO-2011908,ASSET-00384,Corrective,BELT-FAILURE,238,1954,000010000371
WO-2011909,ASSET-00384,Corrective,DIE-WEAR,67,591,000010000371
WO-2011910,ASSET-00384,Preventive,,0,,000010000371
WO-2011911,ASSET-00385,Preventive,,0,,000010000372
WO-2011912,ASSET-00385,Preventive,,0,,000010000372
WO-2011913,ASSET-00385,Preventive,,0,,000010000372
WO-2011914,ASSET-00385,Corrective,SPINDLE-SEIZURE,203,1288,000010000372
WO-2011915,ASSET-00385,Preventive,,0,,000010000372
WO-2011916,ASSET-00385,Preventive,,0,,000010000372
WO-2011917,ASSET-00385,Emergency,SENSOR-FAULT,590,409,000010000372
WO-2011918,ASSET-00386,Preventive,,0,,000010000373
WO-2011919,ASSET-00386,Preventive,,0,,000010000373
WO-2011920,ASSET-00386,Corrective,CONTROLLER-FAULT,167,940,000010000373
WO-2011921,ASSET-00387,Preventive,,0,,000010000374
WO-2011922,ASSET-00387,Preventive,,0,,000010000374
WO-2011923,ASSET-00387,Preventive,,0,,000010000374
WO-2011924,ASSET-00387,Preventive,,0,,000010000374
WO-2011925,ASSET-00387,Corrective,MOTOR-BURNOUT,228,567,000010000374
WO-2011926,ASSET-00387,Preventive,,0,,000010000374
WO-2011927,ASSET-00387,Corrective,CONTROLLER-FAULT,72,1642,000010000374
WO-2011928,ASSET-00388,Preventive,,0,,000010000375
WO-2011929,ASSET-00388,Preventive,,0,,000010000375
WO-2011930,ASSET-00388,Corrective,PNEUMATIC-LEAK,66,1820,000010000375
WO-2011931,ASSET-00388,Preventive,,0,,000010000375
WO-2011932,ASSET-00388,Preventive,,0,,000010000375
WO-2011933,ASSET-00389,Preventive,,0,,000010000376
WO-2011934,ASSET-00389,Preventive,,0,,000010000376
WO-2011935,ASSET-00389,Corrective,SENSOR-FAULT,218,445,000010000376
WO-2011936,ASSET-00389,Emergency,BEARING-FAILURE,283,1552,000010000376
WO-2011937,ASSET-00389,Corrective,PNEUMATIC-LEAK,39,462,000010000376
WO-2011938,ASSET-00390,Emergency,BEARING-FAILURE,539,1855,000010000377
WO-2011939,ASSET-00390,Corrective,CALIBRATION-DRIFT,94,960,000010000377
WO-2011940,ASSET-00390,Preventive,,0,,000010000377
WO-2011941,ASSET-00391,Preventive,,0,,000010000378
WO-2011942,ASSET-00391,Preventive,,0,,000010000378
WO-2011943,ASSET-00391,Emergency,SPINDLE-SEIZURE,80,1707,000010000378
WO-2011944,ASSET-00391,Preventive,,0,,000010000378
WO-2011945,ASSET-00391,Preventive,,0,,000010000378
WO-2011946,ASSET-00391,Corrective,DIE-WEAR,187,1104,000010000378
WO-2011947,ASSET-00391,Preventive,,0,,000010000378
WO-2011948,ASSET-00392,Preventive,,0,,000010000379
WO-2011949,ASSET-00392,Preventive,,0,,000010000379
WO-2011950,ASSET-00392,Preventive,,0,,000010000379
WO-2011951,ASSET-00392,Preventive,,0,,000010000379
WO-2011952,ASSET-00393,Emergency,CONTROLLER-FAULT,494,1922,000010000380
WO-2011953,ASSET-00393,Corrective,HYDRAULIC-LEAK,41,853,000010000380
WO-2011954,ASSET-00393,Preventive,,0,,000010000380
WO-2011955,ASSET-00393,Corrective,MOTOR-BURNOUT,115,1319,000010000380
WO-2011956,ASSET-00393,Preventive,,0,,000010000380
WO-2011957,ASSET-00393,Corrective,MOTOR-BURNOUT,166,874,000010000380
WO-2011958,ASSET-00394,Preventive,,0,,000010000381
WO-2011959,ASSET-00394,Preventive,,0,,000010000381
WO-2011960,ASSET-00394,Corrective,HYDRAULIC-LEAK,193,1636,000010000381
WO-2011961,ASSET-00394,Preventive,,0,,000010000381
WO-2011962,ASSET-00394,Corrective,DIE-WEAR,91,1798,000010000381
WO-2011963,ASSET-00394,Preventive,,0,,000010000381
WO-2011964,ASSET-00394,Preventive,,0,,000010000381
WO-2011965,ASSET-00395,Preventive,,0,,000010000382
WO-2011966,ASSET-00395,Corrective,CONTROLLER-FAULT,218,910,000010000382
WO-2011967,ASSET-00395,Preventive,,0,,000010000382
WO-2011968,ASSET-00395,Corrective,DIE-WEAR,78,1150,000010000382
WO-2011969,ASSET-00395,Preventive,,0,,000010000382
WO-2011970,ASSET-00395,Corrective,CALIBRATION-DRIFT,38,1412,000010000382
WO-2011971,ASSET-00395,Corrective,DIE-WEAR,187,734,000010000382
WO-2011972,ASSET-00396,Preventive,,0,,000010000383
WO-2011973,ASSET-00396,Preventive,,0,,000010000383
WO-2011974,ASSET-00396,Preventive,,0,,000010000383
WO-2011975,ASSET-00397,Preventive,,0,,000010000384
WO-2011976,ASSET-00397,Preventive,,0,,000010000384
WO-2011977,ASSET-00397,Corrective,BELT-FAILURE,58,554,000010000384
WO-2011978,ASSET-00398,Preventive,,0,,000010000385
WO-2011979,ASSET-00398,Preventive,,0,,000010000385
WO-2011980,ASSET-00398,Preventive,,0,,000010000385
WO-2011981,ASSET-00398,Preventive,,0,,000010000385
WO-2011982,ASSET-00399,Corrective,CONTROLLER-FAULT,143,319,000010000386
WO-2011983,ASSET-00399,Preventive,,0,,000010000386
WO-2011984,ASSET-00399,Preventive,,0,,000010000386
WO-2011985,ASSET-00400,Corrective,BEARING-FAILURE,197,695,000010000387
WO-2011986,ASSET-00400,Preventive,,0,,000010000387
WO-2011987,ASSET-00400,Corrective,MOTOR-BURNOUT,172,1574,000010000387
WO-2011988,ASSET-00400,Corrective,PNEUMATIC-LEAK,66,1855,000010000387
WO-2011989,ASSET-00400,Corrective,CALIBRATION-DRIFT,230,1344,000010000387
WO-2011990,ASSET-00400,Preventive,,0,,000010000387
WO-2011991,ASSET-00400,Preventive,,0,,000010000387
WO-2011992,ASSET-00401,Corrective,CALIBRATION-DRIFT,207,1458,000010000388
WO-2011993,ASSET-00402,Preventive,,0,,000010000389
WO-2011994,ASSET-00402,Preventive,,0,,000010000389
WO-2011995,ASSET-00402,Emergency,DIE-WEAR,592,646,000010000389
WO-2011996,ASSET-00402,Preventive,,0,,000010000389
WO-2011997,ASSET-00402,Emergency,BEARING-FAILURE,421,975,000010000389
WO-2011998,ASSET-00402,Preventive,,0,,000010000389
WO-2011999,ASSET-00403,Corrective,PNEUMATIC-LEAK,189,1823,000010000390
WO-2012000,ASSET-00403,Preventive,,0,,000010000390
WO-2012001,ASSET-00403,Preventive,,0,,000010000390
WO-2012002,ASSET-00403,Preventive,,0,,000010000390
WO-2012003,ASSET-00403,Corrective,SENSOR-FAULT,150,238,000010000390
WO-2012004,ASSET-00403,Corrective,SENSOR-FAULT,58,1230,000010000390
WO-2012005,ASSET-00404,Corrective,CONTROLLER-FAULT,155,1910,000010000391
WO-2012006,ASSET-00404,Corrective,CONTROLLER-FAULT,57,1373,000010000391
WO-2012007,ASSET-00405,Preventive,,0,,000010000392
WO-2012008,ASSET-00405,Corrective,CONTROLLER-FAULT,145,1911,000010000392
WO-2012009,ASSET-00405,Corrective,DIE-WEAR,124,1748,000010000392
WO-2012010,ASSET-00405,Preventive,,0,,000010000392
WO-2012011,ASSET-00405,Corrective,MOTOR-BURNOUT,73,394,000010000392
WO-2012012,ASSET-00406,Preventive,,0,,000010000393
WO-2012013,ASSET-00406,Corrective,BEARING-FAILURE,211,432,000010000393
WO-2012014,ASSET-00406,Corrective,CALIBRATION-DRIFT,56,410,000010000393
WO-2012015,ASSET-00406,Corrective,CALIBRATION-DRIFT,135,809,000010000393
WO-2012016,ASSET-00406,Preventive,,0,,000010000393
WO-2012017,ASSET-00406,Preventive,,0,,000010000393
WO-2012018,ASSET-00406,Corrective,BELT-FAILURE,161,271,000010000393
WO-2012019,ASSET-00407,Preventive,,0,,000010000394
WO-2012020,ASSET-00407,Corrective,BELT-FAILURE,212,1310,000010000394
WO-2012021,ASSET-00407,Preventive,,0,,000010000394
WO-2012022,ASSET-00407,Corrective,CONTROLLER-FAULT,234,1056,000010000394
WO-2012023,ASSET-00407,Corrective,SENSOR-FAULT,130,1454,000010000394
WO-2012024,ASSET-00407,Corrective,HYDRAULIC-LEAK,189,605,000010000394
WO-2012025,ASSET-00408,Preventive,,0,,000010000395
WO-2012026,ASSET-00408,Corrective,SENSOR-FAULT,59,1812,000010000395
WO-2012027,ASSET-00408,Corrective,DIE-WEAR,159,1587,000010000395
WO-2012028,ASSET-00408,Corrective,PNEUMATIC-LEAK,151,544,000010000395
WO-2012029,ASSET-00408,Corrective,SPINDLE-SEIZURE,126,1860,000010000395
WO-2012030,ASSET-00408,Preventive,,0,,000010000395
WO-2012031,ASSET-00408,Corrective,HYDRAULIC-LEAK,221,1079,000010000395
WO-2012032,ASSET-00409,Preventive,,0,,000010000396
WO-2012033,ASSET-00409,Preventive,,0,,000010000396
WO-2012034,ASSET-00409,Corrective,SENSOR-FAULT,234,481,000010000396
WO-2012035,ASSET-00410,Corrective,MOTOR-BURNOUT,129,1178,000010000397
WO-2012036,ASSET-00410,Preventive,,0,,000010000397
WO-2012037,ASSET-00410,Corrective,SPINDLE-SEIZURE,110,623,000010000397
WO-2012038,ASSET-00410,Preventive,,0,,000010000397
WO-2012039,ASSET-00411,Preventive,,0,,000010000398
WO-2012040,ASSET-00411,Emergency,DIE-WEAR,524,463,000010000398
WO-2012041,ASSET-00411,Preventive,,0,,000010000398
WO-2012042,ASSET-00411,Corrective,SPINDLE-SEIZURE,45,1610,000010000398
WO-2012043,ASSET-00411,Preventive,,0,,000010000398
WO-2012044,ASSET-00411,Emergency,SENSOR-FAULT,109,1471,000010000398
WO-2012045,ASSET-00411,Corrective,CONTROLLER-FAULT,138,1078,000010000398
WO-2012046,ASSET-00411,Corrective,BELT-FAILURE,209,917,000010000398
WO-2012047,ASSET-00412,Preventive,,0,,000010000399
WO-2012048,ASSET-00412,Emergency,BEARING-FAILURE,310,1957,000010000399
WO-2012049,ASSET-00412,Corrective,SENSOR-FAULT,87,1285,000010000399
WO-2012050,ASSET-00412,Preventive,,0,,000010000399
WO-2012051,ASSET-00412,Preventive,,0,,000010000399
WO-2012052,ASSET-00412,Corrective,BEARING-FAILURE,138,1983,000010000399
WO-2012053,ASSET-00412,Corrective,CALIBRATION-DRIFT,183,1293,000010000399
WO-2012054,ASSET-00413,Corrective,BELT-FAILURE,105,521,000010000400
WO-2012055,ASSET-00413,Corrective,DIE-WEAR,32,1361,000010000400
WO-2012056,ASSET-00413,Preventive,,0,,000010000400
WO-2012057,ASSET-00413,Preventive,,0,,000010000400
WO-2012058,ASSET-00413,Preventive,,0,,000010000400
WO-2012059,ASSET-00413,Emergency,SENSOR-FAULT,217,1163,000010000400
WO-2012060,ASSET-00413,Preventive,,0,,000010000400
WO-2012061,ASSET-00414,Emergency,DIE-WEAR,206,581,000010000401
WO-2012062,ASSET-00414,Corrective,SPINDLE-SEIZURE,141,1643,000010000401
WO-2012063,ASSET-00414,Corrective,BELT-FAILURE,61,1008,000010000401
WO-2012064,ASSET-00414,Preventive,,0,,000010000401
WO-2012065,ASSET-00415,Preventive,,0,,000010000402
WO-2012066,ASSET-00415,Preventive,,0,,000010000402
WO-2012067,ASSET-00415,Preventive,,0,,000010000402
WO-2012068,ASSET-00415,Corrective,BEARING-FAILURE,199,866,000010000402
WO-2012069,ASSET-00415,Preventive,,0,,000010000402
WO-2012070,ASSET-00415,Corrective,SPINDLE-SEIZURE,110,1586,000010000402
WO-2012071,ASSET-00415,Preventive,,0,,000010000402
WO-2012072,ASSET-00416,Preventive,,0,,000010000403
WO-2012073,ASSET-00416,Corrective,SENSOR-FAULT,108,998,000010000403
WO-2012074,ASSET-00416,Preventive,,0,,000010000403
WO-2012075,ASSET-00417,Preventive,,0,,000010000404
WO-2012076,ASSET-00417,Preventive,,0,,000010000404
WO-2012077,ASSET-00417,Preventive,,0,,000010000404
WO-2012078,ASSET-00417,Corrective,MOTOR-BURNOUT,53,1532,000010000404
WO-2012079,ASSET-00418,Preventive,,0,,000010000405
WO-2012080,ASSET-00418,Preventive,,0,,000010000405
WO-2012081,ASSET-00418,Preventive,,0,,000010000405
WO-2012082,ASSET-00418,Preventive,,0,,000010000405
WO-2012083,ASSET-00418,Corrective,BELT-FAILURE,144,1019,000010000405
WO-2012084,ASSET-00419,Preventive,,0,,000010000406
WO-2012085,ASSET-00419,Corrective,SENSOR-FAULT,142,501,000010000406
WO-2012086,ASSET-00419,Preventive,,0,,000010000406
WO-2012087,ASSET-00420,Preventive,,0,,000010000407
WO-2012088,ASSET-00420,Preventive,,0,,000010000407
WO-2012089,ASSET-00420,Preventive,,0,,000010000407
WO-2012090,ASSET-00420,Preventive,,0,,000010000407
WO-2012091,ASSET-00420,Corrective,BEARING-FAILURE,163,1502,000010000407
WO-2012092,ASSET-00420,Preventive,,0,,000010000407
WO-2012093,ASSET-00420,Preventive,,0,,000010000407
WO-2012094,ASSET-00420,Corrective,DIE-WEAR,205,856,000010000407
WO-2012095,ASSET-00421,Preventive,,0,,000010000408
WO-2012096,ASSET-00421,Preventive,,0,,000010000408
WO-2012097,ASSET-00421,Corrective,CALIBRATION-DRIFT,216,1685,000010000408
WO-2012098,ASSET-00421,Preventive,,0,,000010000408
WO-2012099,ASSET-00421,Preventive,,0,,000010000408
WO-2012100,ASSET-00421,Preventive,,0,,000010000408
WO-2012101,ASSET-00421,Emergency,BEARING-FAILURE,577,1037,000010000408
WO-2012102,ASSET-00422,Preventive,,0,,000010000409
WO-2012103,ASSET-00422,Preventive,,0,,000010000409
WO-2012104,ASSET-00422,Preventive,,0,,000010000409
WO-2012105,ASSET-00422,Preventive,,0,,000010000409
WO-2012106,ASSET-00422,Preventive,,0,,000010000409
WO-2012107,ASSET-00422,Preventive,,0,,000010000409
WO-2012108,ASSET-00422,Corrective,CALIBRATION-DRIFT,186,598,000010000409
WO-2012109,ASSET-00422,Preventive,,0,,000010000409
WO-2012110,ASSET-00422,Preventive,,0,,000010000409
WO-2012111,ASSET-00422,Preventive,,0,,000010000409
WO-2012112,ASSET-00422,Preventive,,0,,000010000409
WO-2012113,ASSET-00423,Corrective,BELT-FAILURE,183,1511,000010000410
WO-2012114,ASSET-00423,Corrective,MOTOR-BURNOUT,142,489,000010000410
WO-2012115,ASSET-00423,Corrective,SENSOR-FAULT,69,413,000010000410
WO-2012116,ASSET-00423,Preventive,,0,,000010000410
WO-2012117,ASSET-00423,Preventive,,0,,000010000410
WO-2012118,ASSET-00424,Emergency,CONTROLLER-FAULT,512,571,000010000411
WO-2012119,ASSET-00424,Corrective,BELT-FAILURE,119,1243,000010000411
WO-2012120,ASSET-00424,Preventive,,0,,000010000411
WO-2012121,ASSET-00424,Preventive,,0,,000010000411
WO-2012122,ASSET-00425,Corrective,SENSOR-FAULT,48,1478,000010000412
WO-2012123,ASSET-00425,Preventive,,0,,000010000412
WO-2012124,ASSET-00426,Corrective,SPINDLE-SEIZURE,202,1337,000010000413
WO-2012125,ASSET-00426,Preventive,,0,,000010000413
WO-2012126,ASSET-00426,Preventive,,0,,000010000413
WO-2012127,ASSET-00426,Corrective,PNEUMATIC-LEAK,197,1858,000010000413
WO-2012128,ASSET-00426,Preventive,,0,,000010000413
WO-2012129,ASSET-00427,Corrective,BELT-FAILURE,146,572,000010000414
WO-2012130,ASSET-00427,Corrective,BELT-FAILURE,209,744,000010000414
WO-2012131,ASSET-00427,Corrective,SENSOR-FAULT,177,341,000010000414
WO-2012132,ASSET-00427,Preventive,,0,,000010000414
WO-2012133,ASSET-00427,Preventive,,0,,000010000414
WO-2012134,ASSET-00427,Preventive,,0,,000010000414
WO-2012135,ASSET-00427,Emergency,SENSOR-FAULT,271,506,000010000414
WO-2012136,ASSET-00427,Preventive,,0,,000010000414
WO-2012137,ASSET-00427,Corrective,BEARING-FAILURE,222,1802,000010000414
WO-2012138,ASSET-00428,Preventive,,0,,000010000415
WO-2012139,ASSET-00428,Corrective,PNEUMATIC-LEAK,57,1178,000010000415
WO-2012140,ASSET-00428,Preventive,,0,,000010000415
WO-2012141,ASSET-00428,Preventive,,0,,000010000415
WO-2012142,ASSET-00428,Preventive,,0,,000010000415
WO-2012143,ASSET-00428,Preventive,,0,,000010000415
WO-2012144,ASSET-00429,Preventive,,0,,000010000416
WO-2012145,ASSET-00429,Corrective,HYDRAULIC-LEAK,122,1458,000010000416
WO-2012146,ASSET-00429,Corrective,MOTOR-BURNOUT,62,1163,000010000416
WO-2012147,ASSET-00429,Preventive,,0,,000010000416
WO-2012148,ASSET-00430,Preventive,,0,,000010000417
WO-2012149,ASSET-00430,Preventive,,0,,000010000417
WO-2012150,ASSET-00430,Preventive,,0,,000010000417
WO-2012151,ASSET-00430,Preventive,,0,,000010000417
WO-2012152,ASSET-00431,Preventive,,0,,000010000418
WO-2012153,ASSET-00431,Corrective,DIE-WEAR,65,418,000010000418
WO-2012154,ASSET-00431,Corrective,MOTOR-BURNOUT,133,1065,000010000418
WO-2012155,ASSET-00431,Corrective,SPINDLE-SEIZURE,150,516,000010000418
WO-2012156,ASSET-00431,Preventive,,0,,000010000418
WO-2012157,ASSET-00431,Corrective,PNEUMATIC-LEAK,35,1156,000010000418
WO-2012158,ASSET-00431,Corrective,SPINDLE-SEIZURE,150,1956,000010000418
WO-2012159,ASSET-00431,Corrective,SENSOR-FAULT,181,1921,000010000418
WO-2012160,ASSET-00431,Preventive,,0,,000010000418
WO-2012161,ASSET-00431,Corrective,DIE-WEAR,179,1531,000010000418
WO-2012162,ASSET-00432,Corrective,BELT-FAILURE,32,313,000010000419
WO-2012163,ASSET-00432,Preventive,,0,,000010000419
WO-2012164,ASSET-00432,Emergency,BELT-FAILURE,449,205,000010000419
WO-2012165,ASSET-00432,Preventive,,0,,000010000419
WO-2012166,ASSET-00432,Preventive,,0,,000010000419
WO-2012167,ASSET-00433,Preventive,,0,,000010000420
WO-2012168,ASSET-00433,Preventive,,0,,000010000420
WO-2012169,ASSET-00433,Emergency,CALIBRATION-DRIFT,343,1943,000010000420
WO-2012170,ASSET-00433,Corrective,CALIBRATION-DRIFT,96,1618,000010000420
WO-2012171,ASSET-00433,Corrective,CALIBRATION-DRIFT,112,1577,000010000420
WO-2012172,ASSET-00433,Emergency,BELT-FAILURE,176,1083,000010000420
WO-2012173,ASSET-00433,Preventive,,0,,000010000420
WO-2012174,ASSET-00433,Preventive,,0,,000010000420
WO-2012175,ASSET-00434,Corrective,SENSOR-FAULT,239,1335,000010000421
WO-2012176,ASSET-00434,Corrective,DIE-WEAR,213,1495,000010000421
WO-2012177,ASSET-00434,Preventive,,0,,000010000421
WO-2012178,ASSET-00435,Preventive,,0,,000010000422
WO-2012179,ASSET-00435,Preventive,,0,,000010000422
WO-2012180,ASSET-00435,Corrective,DIE-WEAR,40,1031,000010000422
WO-2012181,ASSET-00435,Emergency,CALIBRATION-DRIFT,222,993,000010000422
WO-2012182,ASSET-00436,Preventive,,0,,000010000423
WO-2012183,ASSET-00436,Corrective,CONTROLLER-FAULT,104,1047,000010000423
WO-2012184,ASSET-00436,Corrective,MOTOR-BURNOUT,183,290,000010000423
WO-2012185,ASSET-00437,Preventive,,0,,000010000424
WO-2012186,ASSET-00437,Preventive,,0,,000010000424
WO-2012187,ASSET-00437,Corrective,PNEUMATIC-LEAK,143,1863,000010000424
WO-2012188,ASSET-00437,Preventive,,0,,000010000424
WO-2012189,ASSET-00437,Preventive,,0,,000010000424
WO-2012190,ASSET-00437,Preventive,,0,,000010000424
WO-2012191,ASSET-00437,Preventive,,0,,000010000424
WO-2012192,ASSET-00437,Preventive,,0,,000010000424
WO-2012193,ASSET-00438,Preventive,,0,,000010000425
WO-2012194,ASSET-00438,Corrective,BEARING-FAILURE,238,1689,000010000425
WO-2012195,ASSET-00438,Preventive,,0,,000010000425
WO-2012196,ASSET-00438,Preventive,,0,,000010000425
WO-2012197,ASSET-00438,Preventive,,0,,000010000425
WO-2012198,ASSET-00438,Preventive,,0,,000010000425
WO-2012199,ASSET-00438,Preventive,,0,,000010000425
WO-2012200,ASSET-00439,Corrective,SPINDLE-SEIZURE,239,1706,000010000426
WO-2012201,ASSET-00439,Emergency,SPINDLE-SEIZURE,516,889,000010000426
WO-2012202,ASSET-00439,Preventive,,0,,000010000426
WO-2012203,ASSET-00440,Emergency,DIE-WEAR,599,407,000010000427
WO-2012204,ASSET-00440,Preventive,,0,,000010000427
WO-2012205,ASSET-00440,Corrective,CALIBRATION-DRIFT,174,248,000010000427
WO-2012206,ASSET-00440,Preventive,,0,,000010000427
WO-2012207,ASSET-00440,Preventive,,0,,000010000427
WO-2012208,ASSET-00440,Corrective,BEARING-FAILURE,137,1059,000010000427
WO-2012209,ASSET-00440,Emergency,CALIBRATION-DRIFT,533,576,000010000427
WO-2012210,ASSET-00441,Preventive,,0,,000010000428
WO-2012211,ASSET-00441,Preventive,,0,,000010000428
WO-2012212,ASSET-00441,Corrective,MOTOR-BURNOUT,39,1083,000010000428
WO-2012213,ASSET-00441,Corrective,SENSOR-FAULT,134,597,000010000428
WO-2012214,ASSET-00442,Preventive,,0,,000010000429
WO-2012215,ASSET-00442,Corrective,MOTOR-BURNOUT,233,552,000010000429
WO-2012216,ASSET-00442,Preventive,,0,,000010000429
WO-2012217,ASSET-00442,Preventive,,0,,000010000429
WO-2012218,ASSET-00442,Corrective,BEARING-FAILURE,72,1679,000010000429
WO-2012219,ASSET-00443,Preventive,,0,,000010000430
WO-2012220,ASSET-00443,Preventive,,0,,000010000430
WO-2012221,ASSET-00443,Corrective,SPINDLE-SEIZURE,233,799,000010000430
WO-2012222,ASSET-00444,Emergency,BEARING-FAILURE,511,576,000010000431
WO-2012223,ASSET-00444,Emergency,MOTOR-BURNOUT,548,361,000010000431
WO-2012224,ASSET-00444,Corrective,MOTOR-BURNOUT,107,1704,000010000431
WO-2012225,ASSET-00444,Corrective,SPINDLE-SEIZURE,36,906,000010000431
WO-2012226,ASSET-00444,Preventive,,0,,000010000431
WO-2012227,ASSET-00444,Emergency,CALIBRATION-DRIFT,248,784,000010000431
WO-2012228,ASSET-00444,Preventive,,0,,000010000431
WO-2012229,ASSET-00444,Corrective,CONTROLLER-FAULT,208,910,000010000431
WO-2012230,ASSET-00445,Preventive,,0,,000010000432
WO-2012231,ASSET-00445,Preventive,,0,,000010000432
WO-2012232,ASSET-00445,Preventive,,0,,000010000432
WO-2012233,ASSET-00445,Preventive,,0,,000010000432
WO-2012234,ASSET-00445,Corrective,SENSOR-FAULT,142,509,000010000432
WO-2012235,ASSET-00446,Emergency,CALIBRATION-DRIFT,491,1841,000010000433
WO-2012236,ASSET-00446,Preventive,,0,,000010000433
WO-2012237,ASSET-00446,Preventive,,0,,000010000433
WO-2012238,ASSET-00446,Preventive,,0,,000010000433
WO-2012239,ASSET-00446,Preventive,,0,,000010000433
WO-2012240,ASSET-00446,Preventive,,0,,000010000433
WO-2012241,ASSET-00447,Preventive,,0,,000010000434
WO-2012242,ASSET-00447,Corrective,CONTROLLER-FAULT,112,392,000010000434
WO-2012243,ASSET-00447,Preventive,,0,,000010000434
WO-2012244,ASSET-00447,Preventive,,0,,000010000434
WO-2012245,ASSET-00447,Preventive,,0,,000010000434
WO-2012246,ASSET-00447,Emergency,DIE-WEAR,580,552,000010000434
WO-2012247,ASSET-00447,Preventive,,0,,000010000434
WO-2012248,ASSET-00447,Preventive,,0,,000010000434
WO-2012249,ASSET-00447,Corrective,BEARING-FAILURE,82,1809,000010000434
WO-2012250,ASSET-00448,Preventive,,0,,000010000435
WO-2012251,ASSET-00448,Corrective,HYDRAULIC-LEAK,196,1039,000010000435
WO-2012252,ASSET-00448,Preventive,,0,,000010000435
WO-2012253,ASSET-00448,Preventive,,0,,000010000435
WO-2012254,ASSET-00449,Preventive,,0,,000010000436
WO-2012255,ASSET-00449,Preventive,,0,,000010000436
WO-2012256,ASSET-00449,Preventive,,0,,000010000436
WO-2012257,ASSET-00449,Preventive,,0,,000010000436
WO-2012258,ASSET-00449,Corrective,BEARING-FAILURE,104,554,000010000436
WO-2012259,ASSET-00450,Preventive,,0,,000010000437
WO-2012260,ASSET-00450,Preventive,,0,,000010000437
WO-2012261,ASSET-00450,Preventive,,0,,000010000437
WO-2012262,ASSET-00450,Preventive,,0,,000010000437
WO-2012263,ASSET-00451,Preventive,,0,,000010000438
WO-2012264,ASSET-00451,Preventive,,0,,000010000438
WO-2012265,ASSET-00452,Emergency,SENSOR-FAULT,432,1520,000010000439
WO-2012266,ASSET-00452,Preventive,,0,,000010000439
WO-2012267,ASSET-00452,Preventive,,0,,000010000439
WO-2012268,ASSET-00453,Emergency,HYDRAULIC-LEAK,480,482,000010000440
WO-2012269,ASSET-00453,Corrective,CALIBRATION-DRIFT,120,1262,000010000440
WO-2012270,ASSET-00453,Corrective,HYDRAULIC-LEAK,92,259,000010000440
WO-2012271,ASSET-00453,Preventive,,0,,000010000440
WO-2012272,ASSET-00453,Corrective,MOTOR-BURNOUT,132,1728,000010000440
WO-2012273,ASSET-00454,Corrective,PNEUMATIC-LEAK,40,530,000010000441
WO-2012274,ASSET-00454,Preventive,,0,,000010000441
WO-2012275,ASSET-00454,Preventive,,0,,000010000441
WO-2012276,ASSET-00455,Corrective,SPINDLE-SEIZURE,174,1343,000010000442
WO-2012277,ASSET-00455,Preventive,,0,,000010000442
WO-2012278,ASSET-00455,Corrective,BELT-FAILURE,198,1149,000010000442
WO-2012279,ASSET-00455,Corrective,BEARING-FAILURE,88,1344,000010000442
WO-2012280,ASSET-00455,Preventive,,0,,000010000442
WO-2012281,ASSET-00455,Corrective,SENSOR-FAULT,145,876,000010000442
WO-2012282,ASSET-00456,Corrective,SPINDLE-SEIZURE,44,1419,000010000443
WO-2012283,ASSET-00456,Emergency,DIE-WEAR,297,707,000010000443
WO-2012284,ASSET-00456,Preventive,,0,,000010000443
WO-2012285,ASSET-00456,Preventive,,0,,000010000443
WO-2012286,ASSET-00456,Corrective,SENSOR-FAULT,85,878,000010000443
WO-2012287,ASSET-00457,Corrective,DIE-WEAR,122,1482,000010000444
WO-2012288,ASSET-00457,Corrective,PNEUMATIC-LEAK,54,814,000010000444
WO-2012289,ASSET-00458,Preventive,,0,,000010000445
WO-2012290,ASSET-00458,Emergency,PNEUMATIC-LEAK,512,431,000010000445
WO-2012291,ASSET-00458,Preventive,,0,,000010000445
WO-2012292,ASSET-00458,Corrective,CONTROLLER-FAULT,202,909,000010000445
WO-2012293,ASSET-00459,Preventive,,0,,000010000446
WO-2012294,ASSET-00459,Preventive,,0,,000010000446
WO-2012295,ASSET-00459,Corrective,PNEUMATIC-LEAK,74,1781,000010000446
WO-2012296,ASSET-00460,Corrective,SENSOR-FAULT,228,529,000010000447
WO-2012297,ASSET-00460,Corrective,DIE-WEAR,37,1947,000010000447
WO-2012298,ASSET-00460,Preventive,,0,,000010000447
WO-2012299,ASSET-00460,Preventive,,0,,000010000447
WO-2012300,ASSET-00460,Preventive,,0,,000010000447
WO-2012301,ASSET-00460,Preventive,,0,,000010000447
WO-2012302,ASSET-00460,Emergency,CALIBRATION-DRIFT,469,1874,000010000447
WO-2012303,ASSET-00461,Preventive,,0,,000010000448
WO-2012304,ASSET-00461,Corrective,SENSOR-FAULT,134,755,000010000448
WO-2012305,ASSET-00461,Corrective,SENSOR-FAULT,239,604,000010000448
WO-2012306,ASSET-00461,Preventive,,0,,000010000448
WO-2012307,ASSET-00461,Corrective,SPINDLE-SEIZURE,59,491,000010000448
WO-2012308,ASSET-00461,Preventive,,0,,000010000448
WO-2012309,ASSET-00461,Preventive,,0,,000010000448
WO-2012310,ASSET-00461,Corrective,BEARING-FAILURE,235,1455,000010000448
WO-2012311,ASSET-00461,Preventive,,0,,000010000448
WO-2012312,ASSET-00462,Corrective,SENSOR-FAULT,50,374,000010000449
WO-2012313,ASSET-00462,Corrective,DIE-WEAR,96,1064,000010000449
WO-2012314,ASSET-00462,Corrective,SPINDLE-SEIZURE,91,1681,000010000449
WO-2012315,ASSET-00462,Corrective,BEARING-FAILURE,164,493,000010000449
WO-2012316,ASSET-00462,Preventive,,0,,000010000449
WO-2012317,ASSET-00463,Emergency,SPINDLE-SEIZURE,295,1998,000010000450
WO-2012318,ASSET-00463,Corrective,CONTROLLER-FAULT,126,1486,000010000450
WO-2012319,ASSET-00463,Corrective,SENSOR-FAULT,122,1870,000010000450
WO-2012320,ASSET-00463,Preventive,,0,,000010000450
WO-2012321,ASSET-00463,Preventive,,0,,000010000450
WO-2012322,ASSET-00464,Corrective,CONTROLLER-FAULT,207,1788,000010000451
WO-2012323,ASSET-00464,Corrective,PNEUMATIC-LEAK,153,1397,000010000451
WO-2012324,ASSET-00464,Preventive,,0,,000010000451
WO-2012325,ASSET-00464,Preventive,,0,,000010000451
WO-2012326,ASSET-00464,Corrective,HYDRAULIC-LEAK,201,1173,000010000451
WO-2012327,ASSET-00464,Corrective,SENSOR-FAULT,223,783,000010000451
WO-2012328,ASSET-00464,Preventive,,0,,000010000451
WO-2012329,ASSET-00465,Preventive,,0,,000010000452
WO-2012330,ASSET-00465,Preventive,,0,,000010000452
WO-2012331,ASSET-00465,Corrective,MOTOR-BURNOUT,186,933,000010000452
WO-2012332,ASSET-00465,Preventive,,0,,000010000452
WO-2012333,ASSET-00465,Preventive,,0,,000010000452
WO-2012334,ASSET-00465,Corrective,DIE-WEAR,219,1137,000010000452
WO-2012335,ASSET-00465,Preventive,,0,,000010000452
WO-2012336,ASSET-00465,Emergency,BELT-FAILURE,537,835,000010000452
WO-2012337,ASSET-00466,Corrective,BELT-FAILURE,84,952,000010000453
WO-2012338,ASSET-00466,Emergency,MOTOR-BURNOUT,568,1607,000010000453
WO-2012339,ASSET-00466,Corrective,CALIBRATION-DRIFT,33,352,000010000453
WO-2012340,ASSET-00466,Preventive,,0,,000010000453
WO-2012341,ASSET-00466,Preventive,,0,,000010000453
WO-2012342,ASSET-00467,Preventive,,0,,000010000454
WO-2012343,ASSET-00467,Corrective,SENSOR-FAULT,235,1464,000010000454
WO-2012344,ASSET-00467,Preventive,,0,,000010000454
WO-2012345,ASSET-00467,Corrective,DIE-WEAR,101,536,000010000454
WO-2012346,ASSET-00467,Emergency,PNEUMATIC-LEAK,536,1866,000010000454
WO-2012347,ASSET-00467,Corrective,SPINDLE-SEIZURE,66,1856,000010000454
WO-2012348,ASSET-00467,Corrective,BEARING-FAILURE,160,609,000010000454
WO-2012349,ASSET-00467,Corrective,CONTROLLER-FAULT,129,523,000010000454
WO-2012350,ASSET-00468,Preventive,,0,,000010000455
WO-2012351,ASSET-00468,Corrective,CALIBRATION-DRIFT,140,549,000010000455
WO-2012352,ASSET-00468,Preventive,,0,,000010000455
WO-2012353,ASSET-00468,Corrective,CONTROLLER-FAULT,33,1732,000010000455
WO-2012354,ASSET-00468,Corrective,SPINDLE-SEIZURE,210,1252,000010000455
WO-2012355,ASSET-00468,Emergency,MOTOR-BURNOUT,107,374,000010000455
WO-2012356,ASSET-00469,Preventive,,0,,000010000456
WO-2012357,ASSET-00469,Corrective,BEARING-FAILURE,33,1522,000010000456
WO-2012358,ASSET-00469,Preventive,,0,,000010000456
WO-2012359,ASSET-00469,Emergency,BELT-FAILURE,187,1765,000010000456
WO-2012360,ASSET-00469,Preventive,,0,,000010000456
WO-2012361,ASSET-00469,Preventive,,0,,000010000456
WO-2012362,ASSET-00469,Corrective,DIE-WEAR,223,1901,000010000456
WO-2012363,ASSET-00469,Preventive,,0,,000010000456
WO-2012364,ASSET-00470,Preventive,,0,,000010000457
WO-2012365,ASSET-00470,Corrective,SENSOR-FAULT,70,567,000010000457
WO-2012366,ASSET-00470,Preventive,,0,,000010000457
WO-2012367,ASSET-00470,Preventive,,0,,000010000457
WO-2012368,ASSET-00470,Preventive,,0,,000010000457
WO-2012369,ASSET-00470,Corrective,PNEUMATIC-LEAK,84,1957,000010000457
WO-2012370,ASSET-00471,Corrective,BELT-FAILURE,210,1540,000010000458
WO-2012371,ASSET-00471,Emergency,BEARING-FAILURE,155,488,000010000458
WO-2012372,ASSET-00471,Preventive,,0,,000010000458
WO-2012373,ASSET-00471,Corrective,BEARING-FAILURE,57,972,000010000458
WO-2012374,ASSET-00472,Corrective,SPINDLE-SEIZURE,139,441,000010000459
WO-2012375,ASSET-00472,Preventive,,0,,000010000459
WO-2012376,ASSET-00472,Preventive,,0,,000010000459
WO-2012377,ASSET-00472,Preventive,,0,,000010000459
WO-2012378,ASSET-00472,Preventive,,0,,000010000459
WO-2012379,ASSET-00472,Preventive,,0,,000010000459
WO-2012380,ASSET-00473,Preventive,,0,,000010000460
WO-2012381,ASSET-00473,Preventive,,0,,000010000460
WO-2012382,ASSET-00473,Preventive,,0,,000010000460
WO-2012383,ASSET-00473,Preventive,,0,,000010000460
WO-2012384,ASSET-00473,Emergency,BEARING-FAILURE,274,1067,000010000460
WO-2012385,ASSET-00473,Corrective,BEARING-FAILURE,78,483,000010000460
WO-2012386,ASSET-00474,Corrective,BELT-FAILURE,202,1390,000010000461
WO-2012387,ASSET-00474,Corrective,HYDRAULIC-LEAK,83,1893,000010000461
WO-2012388,ASSET-00474,Corrective,CALIBRATION-DRIFT,139,276,000010000461
WO-2012389,ASSET-00474,Corrective,CALIBRATION-DRIFT,172,1600,000010000461
WO-2012390,ASSET-00475,Preventive,,0,,000010000462
WO-2012391,ASSET-00475,Preventive,,0,,000010000462
WO-2012392,ASSET-00475,Preventive,,0,,000010000462
WO-2012393,ASSET-00475,Preventive,,0,,000010000462
WO-2012394,ASSET-00475,Preventive,,0,,000010000462
WO-2012395,ASSET-00475,Preventive,,0,,000010000462
WO-2012396,ASSET-00476,Preventive,,0,,000010000463
WO-2012397,ASSET-00476,Preventive,,0,,000010000463
WO-2012398,ASSET-00476,Preventive,,0,,000010000463
WO-2012399,ASSET-00476,Preventive,,0,,000010000463
WO-2012400,ASSET-00476,Preventive,,0,,000010000463
WO-2012401,ASSET-00476,Corrective,SPINDLE-SEIZURE,170,1272,000010000463
WO-2012402,ASSET-00476,Emergency,CONTROLLER-FAULT,196,1855,000010000463
WO-2012403,ASSET-00476,Preventive,,0,,000010000463
WO-2012404,ASSET-00476,Emergency,CALIBRATION-DRIFT,161,559,000010000463
WO-2012405,ASSET-00476,Corrective,CONTROLLER-FAULT,84,316,000010000463
WO-2012406,ASSET-00477,Corrective,CALIBRATION-DRIFT,132,1082,000010000464
WO-2012407,ASSET-00477,Preventive,,0,,000010000464
WO-2012408,ASSET-00477,Preventive,,0,,000010000464
WO-2012409,ASSET-00477,Corrective,CONTROLLER-FAULT,97,486,000010000464
WO-2012410,ASSET-00477,Corrective,PNEUMATIC-LEAK,227,564,000010000464
WO-2012411,ASSET-00477,Corrective,BELT-FAILURE,84,1781,000010000464
WO-2012412,ASSET-00478,Corrective,BELT-FAILURE,41,1186,000010000465
WO-2012413,ASSET-00478,Preventive,,0,,000010000465
WO-2012414,ASSET-00478,Preventive,,0,,000010000465
WO-2012415,ASSET-00478,Preventive,,0,,000010000465
WO-2012416,ASSET-00479,Corrective,CALIBRATION-DRIFT,158,367,000010000466
WO-2012417,ASSET-00479,Preventive,,0,,000010000466
WO-2012418,ASSET-00479,Preventive,,0,,000010000466
WO-2012419,ASSET-00480,Preventive,,0,,000010000467
WO-2012420,ASSET-00480,Preventive,,0,,000010000467
WO-2012421,ASSET-00481,Corrective,BEARING-FAILURE,143,1555,000010000468
WO-2012422,ASSET-00481,Emergency,HYDRAULIC-LEAK,135,1381,000010000468
WO-2012423,ASSET-00481,Corrective,CALIBRATION-DRIFT,56,503,000010000468
WO-2012424,ASSET-00481,Preventive,,0,,000010000468
WO-2012425,ASSET-00481,Preventive,,0,,000010000468
WO-2012426,ASSET-00482,Preventive,,0,,000010000469
WO-2012427,ASSET-00482,Emergency,BEARING-FAILURE,514,1012,000010000469
WO-2012428,ASSET-00482,Preventive,,0,,000010000469
WO-2012429,ASSET-00482,Preventive,,0,,000010000469
WO-2012430,ASSET-00483,Corrective,SENSOR-FAULT,140,489,000010000470
WO-2012431,ASSET-00483,Preventive,,0,,000010000470
WO-2012432,ASSET-00483,Corrective,CALIBRATION-DRIFT,227,1785,000010000470
WO-2012433,ASSET-00483,Preventive,,0,,000010000470
WO-2012434,ASSET-00483,Preventive,,0,,000010000470
WO-2012435,ASSET-00483,Corrective,MOTOR-BURNOUT,196,1973,000010000470
WO-2012436,ASSET-00483,Preventive,,0,,000010000470
WO-2012437,ASSET-00484,Preventive,,0,,000010000471
WO-2012438,ASSET-00484,Corrective,SENSOR-FAULT,180,937,000010000471
WO-2012439,ASSET-00484,Preventive,,0,,000010000471
WO-2012440,ASSET-00485,Preventive,,0,,000010000472
WO-2012441,ASSET-00485,Preventive,,0,,000010000472
WO-2012442,ASSET-00485,Corrective,DIE-WEAR,155,1425,000010000472
WO-2012443,ASSET-00485,Corrective,CONTROLLER-FAULT,199,952,000010000472
WO-2012444,ASSET-00486,Preventive,,0,,000010000473
WO-2012445,ASSET-00486,Corrective,MOTOR-BURNOUT,117,1026,000010000473
WO-2012446,ASSET-00486,Corrective,SPINDLE-SEIZURE,104,556,000010000473
WO-2012447,ASSET-00486,Preventive,,0,,000010000473
WO-2012448,ASSET-00487,Preventive,,0,,000010000474
WO-2012449,ASSET-00487,Preventive,,0,,000010000474
WO-2012450,ASSET-00487,Preventive,,0,,000010000474
WO-2012451,ASSET-00487,Emergency,CONTROLLER-FAULT,338,262,000010000474
WO-2012452,ASSET-00487,Preventive,,0,,000010000474
WO-2012453,ASSET-00487,Preventive,,0,,000010000474
WO-2012454,ASSET-00488,Preventive,,0,,000010000475
WO-2012455,ASSET-00488,Corrective,DIE-WEAR,48,407,000010000475
WO-2012456,ASSET-00488,Preventive,,0,,000010000475
WO-2012457,ASSET-00488,Preventive,,0,,000010000475
WO-2012458,ASSET-00488,Preventive,,0,,000010000475
WO-2012459,ASSET-00488,Preventive,,0,,000010000475
WO-2012460,ASSET-00488,Preventive,,0,,000010000475
WO-2012461,ASSET-00489,Preventive,,0,,000010000476
WO-2012462,ASSET-00489,Corrective,SENSOR-FAULT,205,879,000010000476
WO-2012463,ASSET-00489,Preventive,,0,,000010000476
WO-2012464,ASSET-00489,Preventive,,0,,000010000476
WO-2012465,ASSET-00489,Corrective,MOTOR-BURNOUT,112,1016,000010000476
WO-2012466,ASSET-00489,Corrective,MOTOR-BURNOUT,121,839,000010000476
WO-2012467,ASSET-00490,Preventive,,0,,000010000477
WO-2012468,ASSET-00490,Corrective,HYDRAULIC-LEAK,195,1672,000010000477
WO-2012469,ASSET-00490,Preventive,,0,,000010000477
WO-2012470,ASSET-00490,Corrective,SENSOR-FAULT,115,1336,000010000477
WO-2012471,ASSET-00490,Preventive,,0,,000010000477
WO-2012472,ASSET-00490,Corrective,HYDRAULIC-LEAK,168,1547,000010000477
WO-2012473,ASSET-00490,Preventive,,0,,000010000477
WO-2012474,ASSET-00490,Corrective,HYDRAULIC-LEAK,54,1628,000010000477
WO-2012475,ASSET-00490,Preventive,,0,,000010000477
WO-2012476,ASSET-00491,Corrective,HYDRAULIC-LEAK,159,562,000010000478
WO-2012477,ASSET-00491,Preventive,,0,,000010000478
WO-2012478,ASSET-00491,Preventive,,0,,000010000478
WO-2012479,ASSET-00491,Preventive,,0,,000010000478
WO-2012480,ASSET-00491,Emergency,CALIBRATION-DRIFT,61,1441,000010000478
WO-2012481,ASSET-00491,Corrective,MOTOR-BURNOUT,204,1360,000010000478
WO-2012482,ASSET-00491,Preventive,,0,,000010000478
WO-2012483,ASSET-00491,Preventive,,0,,000010000478
WO-2012484,ASSET-00491,Preventive,,0,,000010000478
WO-2012485,ASSET-00491,Preventive,,0,,000010000478
WO-2012486,ASSET-00492,Corrective,HYDRAULIC-LEAK,191,284,000010000479
WO-2012487,ASSET-00492,Emergency,PNEUMATIC-LEAK,485,1856,000010000479
WO-2012488,ASSET-00492,Preventive,,0,,000010000479
WO-2012489,ASSET-00492,Corrective,SPINDLE-SEIZURE,158,1003,000010000479
WO-2012490,ASSET-00492,Preventive,,0,,000010000479
WO-2012491,ASSET-00493,Preventive,,0,,000010000480
WO-2012492,ASSET-00493,Preventive,,0,,000010000480
WO-2012493,ASSET-00493,Preventive,,0,,000010000480
WO-2012494,ASSET-00494,Preventive,,0,,000010000481
WO-2012495,ASSET-00494,Corrective,CALIBRATION-DRIFT,69,1301,000010000481
WO-2012496,ASSET-00494,Corrective,CONTROLLER-FAULT,51,1069,000010000481
WO-2012497,ASSET-00494,Corrective,DIE-WEAR,140,1752,000010000481
WO-2012498,ASSET-00495,Preventive,,0,,000010000482
WO-2012499,ASSET-00495,Preventive,,0,,000010000482
WO-2012500,ASSET-00495,Preventive,,0,,000010000482
WO-2012501,ASSET-00496,Corrective,PNEUMATIC-LEAK,109,965,000010000483
WO-2012502,ASSET-00496,Preventive,,0,,000010000483
WO-2012503,ASSET-00496,Preventive,,0,,000010000483
WO-2012504,ASSET-00496,Corrective,SPINDLE-SEIZURE,51,325,000010000483
WO-2012505,ASSET-00496,Corrective,CONTROLLER-FAULT,81,699,000010000483
WO-2012506,ASSET-00497,Preventive,,0,,000010000484
WO-2012507,ASSET-00497,Emergency,SENSOR-FAULT,516,1171,000010000484
WO-2012508,ASSET-00497,Corrective,SPINDLE-SEIZURE,215,279,000010000484
WO-2012509,ASSET-00497,Corrective,SPINDLE-SEIZURE,101,1367,000010000484
WO-2012510,ASSET-00497,Preventive,,0,,000010000484
WO-2012511,ASSET-00497,Corrective,HYDRAULIC-LEAK,179,1034,000010000484
WO-2012512,ASSET-00497,Corrective,BELT-FAILURE,225,1324,000010000484
WO-2012513,ASSET-00498,Corrective,CONTROLLER-FAULT,166,848,000010000485
WO-2012514,ASSET-00498,Preventive,,0,,000010000485
WO-2012515,ASSET-00498,Corrective,SENSOR-FAULT,189,391,000010000485
WO-2012516,ASSET-00498,Corrective,HYDRAULIC-LEAK,176,837,000010000485
WO-2012517,ASSET-00498,Preventive,,0,,000010000485
WO-2012518,ASSET-00498,Corrective,SENSOR-FAULT,41,468,000010000485
WO-2012519,ASSET-00498,Emergency,BEARING-FAILURE,553,1361,000010000485
WO-2012520,ASSET-00499,Preventive,,0,,000010000486
WO-2012521,ASSET-00499,Preventive,,0,,000010000486
WO-2012522,ASSET-00499,Emergency,DIE-WEAR,119,1497,000010000486
WO-2012523,ASSET-00499,Preventive,,0,,000010000486
WO-2012524,ASSET-00499,Emergency,HYDRAULIC-LEAK,99,780,000010000486
WO-2012525,ASSET-00499,Preventive,,0,,000010000486
WO-2012526,ASSET-00500,Preventive,,0,,000010000487
WO-2012527,ASSET-00500,Corrective,CONTROLLER-FAULT,133,234,000010000487
WO-2012528,ASSET-00500,Preventive,,0,,000010000487
WO-2012529,ASSET-00500,Preventive,,0,,000010000487
WO-2012530,ASSET-00500,Preventive,,0,,000010000487
WO-2012531,ASSET-00501,Preventive,,0,,000010000488
WO-2012532,ASSET-00501,Emergency,SPINDLE-SEIZURE,368,388,000010000488
WO-2012533,ASSET-00501,Preventive,,0,,000010000488
WO-2012534,ASSET-00501,Corrective,SENSOR-FAULT,81,1123,000010000488
WO-2012535,ASSET-00502,Corrective,BELT-FAILURE,197,759,000010000489
WO-2012536,ASSET-00502,Preventive,,0,,000010000489
WO-2012537,ASSET-00502,Corrective,MOTOR-BURNOUT,106,1357,000010000489
WO-2012538,ASSET-00502,Preventive,,0,,000010000489
WO-2012539,ASSET-00502,Corrective,CALIBRATION-DRIFT,186,1035,000010000489
WO-2012540,ASSET-00502,Emergency,PNEUMATIC-LEAK,136,710,000010000489
WO-2012541,ASSET-00502,Preventive,,0,,000010000489
WO-2012542,ASSET-00503,Preventive,,0,,000010000490
WO-2012543,ASSET-00503,Corrective,SPINDLE-SEIZURE,181,1306,000010000490
WO-2012544,ASSET-00503,Corrective,PNEUMATIC-LEAK,220,846,000010000490
WO-2012545,ASSET-00503,Preventive,,0,,000010000490
WO-2012546,ASSET-00504,Preventive,,0,,000010000491
WO-2012547,ASSET-00504,Corrective,PNEUMATIC-LEAK,40,625,000010000491
WO-2012548,ASSET-00504,Emergency,SPINDLE-SEIZURE,439,489,000010000491
WO-2012549,ASSET-00504,Preventive,,0,,000010000491
WO-2012550,ASSET-00504,Corrective,HYDRAULIC-LEAK,90,291,000010000491
WO-2012551,ASSET-00504,Emergency,PNEUMATIC-LEAK,385,790,000010000491
WO-2012552,ASSET-00505,Preventive,,0,,000010000492
WO-2012553,ASSET-00505,Preventive,,0,,000010000492
WO-2012554,ASSET-00505,Corrective,CALIBRATION-DRIFT,79,633,000010000492
WO-2012555,ASSET-00505,Preventive,,0,,000010000492
WO-2012556,ASSET-00505,Preventive,,0,,000010000492
WO-2012557,ASSET-00505,Preventive,,0,,000010000492
WO-2012558,ASSET-00505,Preventive,,0,,000010000492
WO-2012559,ASSET-00506,Preventive,,0,,000010000493
WO-2012560,ASSET-00506,Preventive,,0,,000010000493
WO-2012561,ASSET-00506,Corrective,PNEUMATIC-LEAK,235,1228,000010000493
WO-2012562,ASSET-00506,Corrective,CALIBRATION-DRIFT,210,1762,000010000493
WO-2012563,ASSET-00506,Preventive,,0,,000010000493
WO-2012564,ASSET-00506,Corrective,DIE-WEAR,178,1999,000010000493
WO-2012565,ASSET-00506,Preventive,,0,,000010000493
WO-2012566,ASSET-00507,Corrective,PNEUMATIC-LEAK,134,803,000010000494
WO-2012567,ASSET-00507,Corrective,HYDRAULIC-LEAK,188,760,000010000494
WO-2012568,ASSET-00507,Preventive,,0,,000010000494
WO-2012569,ASSET-00508,Preventive,,0,,000010000495
WO-2012570,ASSET-00508,Preventive,,0,,000010000495
WO-2012571,ASSET-00508,Corrective,SENSOR-FAULT,60,1550,000010000495
WO-2012572,ASSET-00508,Preventive,,0,,000010000495
WO-2012573,ASSET-00509,Corrective,DIE-WEAR,194,1086,000010000496
WO-2012574,ASSET-00509,Preventive,,0,,000010000496
WO-2012575,ASSET-00510,Emergency,BEARING-FAILURE,348,415,000010000497
WO-2012576,ASSET-00510,Preventive,,0,,000010000497
WO-2012577,ASSET-00510,Preventive,,0,,000010000497
WO-2012578,ASSET-00510,Preventive,,0,,000010000497
WO-2012579,ASSET-00510,Preventive,,0,,000010000497
WO-2012580,ASSET-00510,Preventive,,0,,000010000497
WO-2012581,ASSET-00511,Corrective,SENSOR-FAULT,32,1390,000010000498
WO-2012582,ASSET-00511,Preventive,,0,,000010000498
WO-2012583,ASSET-00511,Corrective,BEARING-FAILURE,32,1678,000010000498
WO-2012584,ASSET-00511,Emergency,HYDRAULIC-LEAK,560,735,000010000498
WO-2012585,ASSET-00512,Preventive,,0,,000010000499
WO-2012586,ASSET-00513,Preventive,,0,,000010000501
WO-2012587,ASSET-00513,Emergency,PNEUMATIC-LEAK,71,409,000010000501
WO-2012588,ASSET-00513,Preventive,,0,,000010000501
WO-2012589,ASSET-00513,Preventive,,0,,000010000501
WO-2012590,ASSET-00513,Preventive,,0,,000010000501
WO-2012591,ASSET-00513,Preventive,,0,,000010000501
WO-2012592,ASSET-00513,Emergency,SPINDLE-SEIZURE,292,879,000010000501
WO-2012593,ASSET-00514,Preventive,,0,,000010000502
WO-2012594,ASSET-00514,Corrective,SPINDLE-SEIZURE,205,957,000010000502
WO-2012595,ASSET-00514,Emergency,CONTROLLER-FAULT,568,1808,000010000502
WO-2012596,ASSET-00514,Preventive,,0,,000010000502
WO-2012597,ASSET-00514,Corrective,HYDRAULIC-LEAK,196,913,000010000502
WO-2012598,ASSET-00514,Corrective,PNEUMATIC-LEAK,212,212,000010000502
WO-2012599,ASSET-00515,Emergency,MOTOR-BURNOUT,144,1475,000010000503
WO-2012600,ASSET-00515,Emergency,BELT-FAILURE,520,959,000010000503
WO-2012601,ASSET-00515,Preventive,,0,,000010000503
WO-2012602,ASSET-00515,Corrective,SPINDLE-SEIZURE,232,476,000010000503
WO-2012603,ASSET-00515,Preventive,,0,,000010000503
WO-2012604,ASSET-00515,Corrective,HYDRAULIC-LEAK,219,664,000010000503
WO-2012605,ASSET-00516,Corrective,BEARING-FAILURE,88,234,000010000504
WO-2012606,ASSET-00516,Preventive,,0,,000010000504
WO-2012607,ASSET-00516,Corrective,SPINDLE-SEIZURE,50,1685,000010000504
WO-2012608,ASSET-00516,Corrective,SPINDLE-SEIZURE,230,1358,000010000504
WO-2012609,ASSET-00516,Preventive,,0,,000010000504
WO-2012610,ASSET-00516,Preventive,,0,,000010000504
WO-2012611,ASSET-00516,Preventive,,0,,000010000504
WO-2012612,ASSET-00516,Preventive,,0,,000010000504
WO-2012613,ASSET-00517,Emergency,PNEUMATIC-LEAK,203,530,000010000505
WO-2012614,ASSET-00517,Preventive,,0,,000010000505
WO-2012615,ASSET-00517,Preventive,,0,,000010000505
WO-2012616,ASSET-00517,Corrective,BEARING-FAILURE,239,384,000010000505
WO-2012617,ASSET-00517,Preventive,,0,,000010000505
WO-2012618,ASSET-00517,Preventive,,0,,000010000505
WO-2012619,ASSET-00517,Emergency,CALIBRATION-DRIFT,280,1261,000010000505
WO-2012620,ASSET-00518,Preventive,,0,,000010000506
WO-2012621,ASSET-00518,Corrective,SENSOR-FAULT,199,1838,000010000506
WO-2012622,ASSET-00518,Preventive,,0,,000010000506
WO-2012623,ASSET-00518,Preventive,,0,,000010000506
WO-2012624,ASSET-00518,Preventive,,0,,000010000506
WO-2012625,ASSET-00518,Corrective,BELT-FAILURE,177,1904,000010000506
WO-2012626,ASSET-00518,Corrective,DIE-WEAR,238,1341,000010000506
