WorkOrderID,EquipmentID,WOType,FailureCode,DowntimeMinutes,MTBF_Hours,ERPAssetRef
WO-2170001,ASSET-00001,Emergency,PNEUMATIC-LEAK,400,706,000170000001
WO-2170002,ASSET-00001,Preventive,,0,,000170000001
WO-2170003,ASSET-00001,Preventive,,0,,000170000001
WO-2170004,ASSET-00001,Preventive,,0,,000170000001
WO-2170005,ASSET-00002,Corrective,CONTROLLER-FAULT,58,1321,000170000002
WO-2170006,ASSET-00002,Preventive,,0,,000170000002
WO-2170007,ASSET-00002,Preventive,,0,,000170000002
WO-2170008,ASSET-00002,Preventive,,0,,000170000002
WO-2170009,ASSET-00003,Preventive,,0,,000170000003
WO-2170010,ASSET-00003,Corrective,SPINDLE-SEIZURE,220,1042,000170000003
WO-2170011,ASSET-00003,Preventive,,0,,000170000003
WO-2170012,ASSET-00003,Preventive,,0,,000170000003
WO-2170013,ASSET-00003,Emergency,SENSOR-FAULT,545,1006,000170000003
WO-2170014,ASSET-00003,Preventive,,0,,000170000003
WO-2170015,ASSET-00003,Preventive,,0,,000170000003
WO-2170016,ASSET-00003,Preventive,,0,,000170000003
WO-2170017,ASSET-00003,Corrective,CONTROLLER-FAULT,167,1199,000170000003
WO-2170018,ASSET-00003,Emergency,DIE-WEAR,496,1739,000170000003
WO-2170019,ASSET-00004,Preventive,,0,,000170000004
WO-2170020,ASSET-00004,Preventive,,0,,000170000004
WO-2170021,ASSET-00004,Emergency,DIE-WEAR,429,1372,000170000004
WO-2170022,ASSET-00004,Preventive,,0,,000170000004
WO-2170023,ASSET-00004,Corrective,BEARING-FAILURE,101,523,000170000004
WO-2170024,ASSET-00005,Corrective,MOTOR-BURNOUT,69,1859,000170000005
WO-2170025,ASSET-00005,Preventive,,0,,000170000005
WO-2170026,ASSET-00006,Corrective,PNEUMATIC-LEAK,54,1672,000170000006
WO-2170027,ASSET-00006,Corrective,BELT-FAILURE,152,1860,000170000006
WO-2170028,ASSET-00006,Corrective,PNEUMATIC-LEAK,88,374,000170000006
WO-2170029,ASSET-00006,Corrective,BELT-FAILURE,215,1573,000170000006
WO-2170030,ASSET-00007,Corrective,BEARING-FAILURE,46,1701,000170000007
WO-2170031,ASSET-00007,Preventive,,0,,000170000007
WO-2170032,ASSET-00007,Corrective,SPINDLE-SEIZURE,86,1437,000170000007
WO-2170033,ASSET-00007,Preventive,,0,,000170000007
WO-2170034,ASSET-00007,Corrective,CONTROLLER-FAULT,87,296,000170000007
WO-2170035,ASSET-00008,Preventive,,0,,000170000008
WO-2170036,ASSET-00008,Corrective,BEARING-FAILURE,149,869,000170000008
WO-2170037,ASSET-00008,Preventive,,0,,000170000008
WO-2170038,ASSET-00008,Corrective,CALIBRATION-DRIFT,77,771,000170000008
WO-2170039,ASSET-00008,Preventive,,0,,000170000008
WO-2170040,ASSET-00009,Corrective,SPINDLE-SEIZURE,38,869,000170000009
WO-2170041,ASSET-00009,Preventive,,0,,000170000009
WO-2170042,ASSET-00009,Preventive,,0,,000170000009
WO-2170043,ASSET-00009,Emergency,BELT-FAILURE,419,623,000170000009
WO-2170044,ASSET-00009,Emergency,HYDRAULIC-LEAK,332,1060,000170000009
WO-2170045,ASSET-00009,Preventive,,0,,000170000009
WO-2170046,ASSET-00010,Preventive,,0,,000170000010
WO-2170047,ASSET-00010,Preventive,,0,,000170000010
WO-2170048,ASSET-00010,Preventive,,0,,000170000010
WO-2170049,ASSET-00010,Preventive,,0,,000170000010
WO-2170050,ASSET-00010,Preventive,,0,,000170000010
WO-2170051,ASSET-00010,Preventive,,0,,000170000010
WO-2170052,ASSET-00010,Preventive,,0,,000170000010
WO-2170053,ASSET-00011,Preventive,,0,,000170000011
WO-2170054,ASSET-00011,Preventive,,0,,000170000011
WO-2170055,ASSET-00011,Corrective,BELT-FAILURE,128,939,000170000011
WO-2170056,ASSET-00011,Corrective,SENSOR-FAULT,199,1588,000170000011
WO-2170057,ASSET-00011,Preventive,,0,,000170000011
WO-2170058,ASSET-00012,Preventive,,0,,000170000012
WO-2170059,ASSET-00012,Corrective,BEARING-FAILURE,37,646,000170000012
WO-2170060,ASSET-00012,Corrective,BEARING-FAILURE,147,1816,000170000012
WO-2170061,ASSET-00012,Corrective,SENSOR-FAULT,174,1715,000170000012
WO-2170062,ASSET-00013,Preventive,,0,,000170000013
WO-2170063,ASSET-00013,Emergency,SPINDLE-SEIZURE,103,526,000170000013
WO-2170064,ASSET-00013,Corrective,HYDRAULIC-LEAK,221,550,000170000013
WO-2170065,ASSET-00013,Preventive,,0,,000170000013
WO-2170066,ASSET-00013,Corrective,CALIBRATION-DRIFT,108,901,000170000013
WO-2170067,ASSET-00013,Corrective,DIE-WEAR,133,999,000170000013
WO-2170068,ASSET-00013,Preventive,,0,,000170000013
WO-2170069,ASSET-00014,Preventive,,0,,000170000014
WO-2170070,ASSET-00014,Preventive,,0,,000170000014
WO-2170071,ASSET-00014,Preventive,,0,,000170000014
WO-2170072,ASSET-00014,Preventive,,0,,000170000014
WO-2170073,ASSET-00014,Preventive,,0,,000170000014
WO-2170074,ASSET-00014,Corrective,CONTROLLER-FAULT,94,1341,000170000014
WO-2170075,ASSET-00015,Preventive,,0,,000170000015
WO-2170076,ASSET-00015,Preventive,,0,,000170000015
WO-2170077,ASSET-00015,Emergency,PNEUMATIC-LEAK,95,1354,000170000015
WO-2170078,ASSET-00016,Preventive,,0,,000170000016
WO-2170079,ASSET-00016,Corrective,SPINDLE-SEIZURE,64,938,000170000016
WO-2170080,ASSET-00016,Preventive,,0,,000170000016
WO-2170081,ASSET-00016,Preventive,,0,,000170000016
WO-2170082,ASSET-00016,Corrective,HYDRAULIC-LEAK,181,549,000170000016
WO-2170083,ASSET-00017,Preventive,,0,,000170000017
WO-2170084,ASSET-00017,Corrective,HYDRAULIC-LEAK,81,297,000170000017
WO-2170085,ASSET-00017,Corrective,BEARING-FAILURE,137,399,000170000017
WO-2170086,ASSET-00017,Corrective,DIE-WEAR,126,1910,000170000017
WO-2170087,ASSET-00017,Preventive,,0,,000170000017
WO-2170088,ASSET-00018,Corrective,BELT-FAILURE,108,1234,000170000018
WO-2170089,ASSET-00018,Preventive,,0,,000170000018
WO-2170090,ASSET-00018,Preventive,,0,,000170000018
WO-2170091,ASSET-00018,Preventive,,0,,000170000018
WO-2170092,ASSET-00018,Preventive,,0,,000170000018
WO-2170093,ASSET-00019,Corrective,DIE-WEAR,153,1581,000170000020
WO-2170094,ASSET-00019,Preventive,,0,,000170000020
WO-2170095,ASSET-00020,Preventive,,0,,000170000021
WO-2170096,ASSET-00020,Corrective,MOTOR-BURNOUT,84,1438,000170000021
WO-2170097,ASSET-00020,Corrective,SENSOR-FAULT,122,990,000170000021
WO-2170098,ASSET-00021,Preventive,,0,,
WO-2170099,ASSET-00021,Preventive,,0,,
WO-2170100,ASSET-00021,Corrective,CONTROLLER-FAULT,188,314,
WO-2170101,ASSET-00021,Preventive,,0,,
WO-2170102,ASSET-00021,Preventive,,0,,
WO-2170103,ASSET-00021,Emergency,BELT-FAILURE,95,351,
WO-2170104,ASSET-00021,Emergency,MOTOR-BURNOUT,512,785,
WO-2170105,ASSET-00021,Corrective,SPINDLE-SEIZURE,91,1460,
WO-2170106,ASSET-00021,Corrective,SPINDLE-SEIZURE,42,534,
WO-2170107,ASSET-00021,Preventive,,0,,
WO-2170108,ASSET-00022,Preventive,,0,,000170000022
WO-2170109,ASSET-00022,Preventive,,0,,000170000022
WO-2170110,ASSET-00022,Preventive,,0,,000170000022
WO-2170111,ASSET-00022,Corrective,CALIBRATION-DRIFT,31,384,000170000022
WO-2170112,ASSET-00023,Corrective,CALIBRATION-DRIFT,75,1288,000170000023
WO-2170113,ASSET-00023,Preventive,,0,,000170000023
WO-2170114,ASSET-00023,Preventive,,0,,000170000023
WO-2170115,ASSET-00024,Preventive,,0,,000170000024
WO-2170116,ASSET-00024,Preventive,,0,,000170000024
WO-2170117,ASSET-00024,Corrective,BELT-FAILURE,166,1586,000170000024
WO-2170118,ASSET-00024,Preventive,,0,,000170000024
WO-2170119,ASSET-00024,Preventive,,0,,000170000024
WO-2170120,ASSET-00025,Corrective,SPINDLE-SEIZURE,153,291,000170000025
WO-2170121,ASSET-00025,Preventive,,0,,000170000025
WO-2170122,ASSET-00025,Preventive,,0,,000170000025
WO-2170123,ASSET-00025,Preventive,,0,,000170000025
WO-2170124,ASSET-00026,Preventive,,0,,000170000026
WO-2170125,ASSET-00026,Corrective,CONTROLLER-FAULT,202,1456,000170000026
WO-2170126,ASSET-00026,Preventive,,0,,000170000026
WO-2170127,ASSET-00026,Emergency,BELT-FAILURE,241,1138,000170000026
WO-2170128,ASSET-00026,Corrective,BELT-FAILURE,37,282,000170000026
WO-2170129,ASSET-00026,Corrective,MOTOR-BURNOUT,55,1272,000170000026
WO-2170130,ASSET-00026,Corrective,MOTOR-BURNOUT,156,1465,000170000026
WO-2170131,ASSET-00027,Preventive,,0,,000170000027
WO-2170132,ASSET-00027,Preventive,,0,,000170000027
WO-2170133,ASSET-00027,Preventive,,0,,000170000027
WO-2170134,ASSET-00028,Preventive,,0,,000170000028
WO-2170135,ASSET-00028,Corrective,DIE-WEAR,135,301,000170000028
WO-2170136,ASSET-00028,Corrective,CALIBRATION-DRIFT,167,1968,000170000028
WO-2170137,ASSET-00028,Preventive,,0,,000170000028
WO-2170138,ASSET-00029,Preventive,,0,,000170000029
WO-2170139,ASSET-00030,Preventive,,0,,000170000030
WO-2170140,ASSET-00030,Corrective,PNEUMATIC-LEAK,181,1132,000170000030
WO-2170141,ASSET-00030,Preventive,,0,,000170000030
WO-2170142,ASSET-00030,Corrective,DIE-WEAR,94,1186,000170000030
WO-2170143,ASSET-00031,Preventive,,0,,000170000031
WO-2170144,ASSET-00031,Corrective,CONTROLLER-FAULT,125,954,000170000031
WO-2170145,ASSET-00031,Preventive,,0,,000170000031
WO-2170146,ASSET-00032,Preventive,,0,,000170000032
WO-2170147,ASSET-00032,Emergency,PNEUMATIC-LEAK,120,243,000170000032
WO-2170148,ASSET-00032,Preventive,,0,,000170000032
WO-2170149,ASSET-00033,Corrective,DIE-WEAR,84,1371,000170000033
WO-2170150,ASSET-00033,Preventive,,0,,000170000033
WO-2170151,ASSET-00033,Corrective,SENSOR-FAULT,50,993,000170000033
WO-2170152,ASSET-00033,Preventive,,0,,000170000033
WO-2170153,ASSET-00033,Corrective,CALIBRATION-DRIFT,158,950,000170000033
WO-2170154,ASSET-00033,Preventive,,0,,000170000033
WO-2170155,ASSET-00033,Preventive,,0,,000170000033
WO-2170156,ASSET-00033,Preventive,,0,,000170000033
WO-2170157,ASSET-00033,Preventive,,0,,000170000033
WO-2170158,ASSET-00034,Preventive,,0,,000170000034
WO-2170159,ASSET-00034,Corrective,BEARING-FAILURE,132,267,000170000034
WO-2170160,ASSET-00034,Preventive,,0,,000170000034
WO-2170161,ASSET-00034,Preventive,,0,,000170000034
WO-2170162,ASSET-00034,Emergency,DIE-WEAR,298,1679,000170000034
WO-2170163,ASSET-00035,Corrective,DIE-WEAR,44,680,000170000035
WO-2170164,ASSET-00035,Corrective,CONTROLLER-FAULT,96,1639,000170000035
WO-2170165,ASSET-00035,Emergency,BEARING-FAILURE,70,467,000170000035
WO-2170166,ASSET-00035,Corrective,SPINDLE-SEIZURE,50,219,000170000035
WO-2170167,ASSET-00035,Corrective,MOTOR-BURNOUT,162,735,000170000035
WO-2170168,ASSET-00036,Preventive,,0,,000170000036
WO-2170169,ASSET-00036,Corrective,BEARING-FAILURE,88,1643,000170000036
WO-2170170,ASSET-00036,Preventive,,0,,000170000036
WO-2170171,ASSET-00036,Corrective,CONTROLLER-FAULT,204,1269,000170000036
WO-2170172,ASSET-00036,Preventive,,0,,000170000036
WO-2170173,ASSET-00037,Corrective,MOTOR-BURNOUT,133,577,
WO-2170174,ASSET-00037,Preventive,,0,,
WO-2170175,ASSET-00037,Preventive,,0,,
WO-2170176,ASSET-00037,Preventive,,0,,
WO-2170177,ASSET-00037,Corrective,HYDRAULIC-LEAK,32,1050,
WO-2170178,ASSET-00037,Preventive,,0,,
WO-2170179,ASSET-00038,Preventive,,0,,000170000037
WO-2170180,ASSET-00038,Corrective,BEARING-FAILURE,91,1070,000170000037
WO-2170181,ASSET-00038,Preventive,,0,,000170000037
WO-2170182,ASSET-00038,Preventive,,0,,000170000037
WO-2170183,ASSET-00038,Corrective,DIE-WEAR,199,1241,000170000037
WO-2170184,ASSET-00038,Preventive,,0,,000170000037
WO-2170185,ASSET-00039,Preventive,,0,,000170000038
WO-2170186,ASSET-00039,Corrective,HYDRAULIC-LEAK,103,466,000170000038
WO-2170187,ASSET-00039,Preventive,,0,,000170000038
WO-2170188,ASSET-00040,Corrective,PNEUMATIC-LEAK,189,736,000170000039
WO-2170189,ASSET-00040,Preventive,,0,,000170000039
WO-2170190,ASSET-00040,Corrective,BELT-FAILURE,237,1508,000170000039
WO-2170191,ASSET-00041,Emergency,DIE-WEAR,455,384,000170000040
WO-2170192,ASSET-00041,Corrective,SPINDLE-SEIZURE,111,1064,000170000040
WO-2170193,ASSET-00041,Corrective,CONTROLLER-FAULT,81,1962,000170000040
WO-2170194,ASSET-00041,Corrective,PNEUMATIC-LEAK,213,1594,000170000040
WO-2170195,ASSET-00041,Preventive,,0,,000170000040
WO-2170196,ASSET-00041,Corrective,MOTOR-BURNOUT,36,1989,000170000040
WO-2170197,ASSET-00041,Emergency,SPINDLE-SEIZURE,538,1620,000170000040
WO-2170198,ASSET-00041,Preventive,,0,,000170000040
WO-2170199,ASSET-00042,Preventive,,0,,000170000041
WO-2170200,ASSET-00042,Emergency,DIE-WEAR,298,889,000170000041
WO-2170201,ASSET-00042,Preventive,,0,,000170000041
WO-2170202,ASSET-00042,Emergency,BEARING-FAILURE,87,483,000170000041
WO-2170203,ASSET-00042,Emergency,PNEUMATIC-LEAK,115,1623,000170000041
WO-2170204,ASSET-00042,Preventive,,0,,000170000041
WO-2170205,ASSET-00043,Preventive,,0,,000170000042
WO-2170206,ASSET-00043,Preventive,,0,,000170000042
WO-2170207,ASSET-00043,Preventive,,0,,000170000042
WO-2170208,ASSET-00044,Corrective,CONTROLLER-FAULT,92,1367,000170000043
WO-2170209,ASSET-00044,Preventive,,0,,000170000043
WO-2170210,ASSET-00044,Preventive,,0,,000170000043
WO-2170211,ASSET-00044,Preventive,,0,,000170000043
WO-2170212,ASSET-00044,Preventive,,0,,000170000043
WO-2170213,ASSET-00045,Emergency,BELT-FAILURE,73,1228,000170000044
WO-2170214,ASSET-00046,Preventive,,0,,
WO-2170215,ASSET-00046,Corrective,BEARING-FAILURE,148,1663,
WO-2170216,ASSET-00046,Preventive,,0,,
WO-2170217,ASSET-00046,Preventive,,0,,
WO-2170218,ASSET-00046,Emergency,SPINDLE-SEIZURE,122,975,
WO-2170219,ASSET-00046,Preventive,,0,,
WO-2170220,ASSET-00047,Corrective,CONTROLLER-FAULT,35,452,000170000045
WO-2170221,ASSET-00047,Preventive,,0,,000170000045
WO-2170222,ASSET-00047,Preventive,,0,,000170000045
WO-2170223,ASSET-00047,Preventive,,0,,000170000045
WO-2170224,ASSET-00047,Emergency,DIE-WEAR,281,600,000170000045
WO-2170225,ASSET-00048,Corrective,CALIBRATION-DRIFT,150,1916,000170000046
WO-2170226,ASSET-00048,Preventive,,0,,000170000046
WO-2170227,ASSET-00048,Corrective,SENSOR-FAULT,207,1992,000170000046
WO-2170228,ASSET-00048,Corrective,CONTROLLER-FAULT,61,387,000170000046
WO-2170229,ASSET-00049,Corrective,BEARING-FAILURE,198,1354,000170000047
WO-2170230,ASSET-00049,Preventive,,0,,000170000047
WO-2170231,ASSET-00049,Preventive,,0,,000170000047
WO-2170232,ASSET-00049,Preventive,,0,,000170000047
WO-2170233,ASSET-00049,Preventive,,0,,000170000047
WO-2170234,ASSET-00050,Emergency,BEARING-FAILURE,381,1453,000170000048
WO-2170235,ASSET-00050,Preventive,,0,,000170000048
WO-2170236,ASSET-00050,Preventive,,0,,000170000048
WO-2170237,ASSET-00050,Preventive,,0,,000170000048
WO-2170238,ASSET-00050,Preventive,,0,,000170000048
WO-2170239,ASSET-00051,Emergency,SPINDLE-SEIZURE,63,451,000170000049
WO-2170240,ASSET-00051,Corrective,PNEUMATIC-LEAK,67,872,000170000049
WO-2170241,ASSET-00051,Preventive,,0,,000170000049
WO-2170242,ASSET-00051,Corrective,PNEUMATIC-LEAK,115,1776,000170000049
WO-2170243,ASSET-00051,Preventive,,0,,000170000049
WO-2170244,ASSET-00052,Preventive,,0,,000170000050
WO-2170245,ASSET-00052,Preventive,,0,,000170000050
WO-2170246,ASSET-00052,Preventive,,0,,000170000050
WO-2170247,ASSET-00052,Corrective,CONTROLLER-FAULT,56,604,000170000050
WO-2170248,ASSET-00053,Preventive,,0,,000170000051
WO-2170249,ASSET-00053,Preventive,,0,,000170000051
WO-2170250,ASSET-00053,Corrective,CONTROLLER-FAULT,95,703,000170000051
WO-2170251,ASSET-00054,Preventive,,0,,000170000052
WO-2170252,ASSET-00054,Corrective,PNEUMATIC-LEAK,217,1957,000170000052
WO-2170253,ASSET-00055,Preventive,,0,,000170000053
WO-2170254,ASSET-00055,Corrective,PNEUMATIC-LEAK,174,517,000170000053
WO-2170255,ASSET-00055,Corrective,BEARING-FAILURE,153,1859,000170000053
WO-2170256,ASSET-00055,Preventive,,0,,000170000053
WO-2170257,ASSET-00055,Preventive,,0,,000170000053
WO-2170258,ASSET-00056,Preventive,,0,,000170000054
WO-2170259,ASSET-00056,Emergency,PNEUMATIC-LEAK,98,1120,000170000054
WO-2170260,ASSET-00056,Preventive,,0,,000170000054
WO-2170261,ASSET-00057,Preventive,,0,,000170000055
WO-2170262,ASSET-00057,Preventive,,0,,000170000055
WO-2170263,ASSET-00057,Preventive,,0,,000170000055
WO-2170264,ASSET-00057,Preventive,,0,,000170000055
WO-2170265,ASSET-00057,Preventive,,0,,000170000055
WO-2170266,ASSET-00058,Preventive,,0,,000170000056
WO-2170267,ASSET-00058,Corrective,MOTOR-BURNOUT,124,1701,000170000056
WO-2170268,ASSET-00059,Preventive,,0,,000170000057
WO-2170269,ASSET-00059,Preventive,,0,,000170000057
WO-2170270,ASSET-00059,Corrective,BELT-FAILURE,60,944,000170000057
WO-2170271,ASSET-00059,Corrective,HYDRAULIC-LEAK,55,1803,000170000057
WO-2170272,ASSET-00059,Emergency,CONTROLLER-FAULT,277,887,000170000057
WO-2170273,ASSET-00059,Preventive,,0,,000170000057
WO-2170274,ASSET-00059,Preventive,,0,,000170000057
WO-2170275,ASSET-00059,Preventive,,0,,000170000057
WO-2170276,ASSET-00060,Preventive,,0,,000170000058
WO-2170277,ASSET-00060,Corrective,MOTOR-BURNOUT,74,1403,000170000058
WO-2170278,ASSET-00060,Emergency,BEARING-FAILURE,482,846,000170000058
WO-2170279,ASSET-00060,Preventive,,0,,000170000058
WO-2170280,ASSET-00060,Preventive,,0,,000170000058
WO-2170281,ASSET-00060,Preventive,,0,,000170000058
WO-2170282,ASSET-00061,Preventive,,0,,000170000059
WO-2170283,ASSET-00061,Corrective,BEARING-FAILURE,201,531,000170000059
WO-2170284,ASSET-00061,Preventive,,0,,000170000059
WO-2170285,ASSET-00061,Emergency,BEARING-FAILURE,420,1957,000170000059
WO-2170286,ASSET-00061,Preventive,,0,,000170000059
WO-2170287,ASSET-00061,Preventive,,0,,000170000059
WO-2170288,ASSET-00061,Preventive,,0,,000170000059
WO-2170289,ASSET-00061,Emergency,PNEUMATIC-LEAK,457,1676,000170000059
WO-2170290,ASSET-00062,Corrective,PNEUMATIC-LEAK,104,1123,000170000060
WO-2170291,ASSET-00062,Corrective,MOTOR-BURNOUT,67,1862,000170000060
WO-2170292,ASSET-00062,Preventive,,0,,000170000060
WO-2170293,ASSET-00063,Emergency,CALIBRATION-DRIFT,585,1717,000170000061
WO-2170294,ASSET-00063,Corrective,SPINDLE-SEIZURE,117,1245,000170000061
WO-2170295,ASSET-00063,Corrective,PNEUMATIC-LEAK,233,543,000170000061
WO-2170296,ASSET-00063,Preventive,,0,,000170000061
WO-2170297,ASSET-00064,Preventive,,0,,000170000062
WO-2170298,ASSET-00064,Emergency,SENSOR-FAULT,559,1815,000170000062
WO-2170299,ASSET-00064,Preventive,,0,,000170000062
WO-2170300,ASSET-00064,Corrective,BELT-FAILURE,163,1947,000170000062
WO-2170301,ASSET-00064,Preventive,,0,,000170000062
WO-2170302,ASSET-00065,Corrective,MOTOR-BURNOUT,93,545,000170000063
WO-2170303,ASSET-00065,Preventive,,0,,000170000063
WO-2170304,ASSET-00065,Preventive,,0,,000170000063
WO-2170305,ASSET-00065,Corrective,BELT-FAILURE,43,1528,000170000063
WO-2170306,ASSET-00065,Preventive,,0,,000170000063
WO-2170307,ASSET-00066,Preventive,,0,,000170000064
WO-2170308,ASSET-00066,Preventive,,0,,000170000064
WO-2170309,ASSET-00066,Corrective,MOTOR-BURNOUT,78,1704,000170000064
WO-2170310,ASSET-00066,Preventive,,0,,000170000064
WO-2170311,ASSET-00066,Preventive,,0,,000170000064
WO-2170312,ASSET-00066,Corrective,CALIBRATION-DRIFT,54,211,000170000064
WO-2170313,ASSET-00066,Preventive,,0,,000170000064
WO-2170314,ASSET-00066,Preventive,,0,,000170000064
WO-2170315,ASSET-00067,Corrective,DIE-WEAR,139,1961,000170000065
WO-2170316,ASSET-00067,Preventive,,0,,000170000065
WO-2170317,ASSET-00067,Preventive,,0,,000170000065
WO-2170318,ASSET-00067,Corrective,DIE-WEAR,126,1936,000170000065
WO-2170319,ASSET-00067,Preventive,,0,,000170000065
WO-2170320,ASSET-00067,Corrective,BEARING-FAILURE,188,1790,000170000065
WO-2170321,ASSET-00067,Corrective,HYDRAULIC-LEAK,234,227,000170000065
WO-2170322,ASSET-00068,Emergency,BEARING-FAILURE,123,530,000170000067
WO-2170323,ASSET-00068,Corrective,MOTOR-BURNOUT,239,1089,000170000067
WO-2170324,ASSET-00068,Preventive,,0,,000170000067
WO-2170325,ASSET-00068,Preventive,,0,,000170000067
WO-2170326,ASSET-00068,Corrective,BELT-FAILURE,151,1632,000170000067
WO-2170327,ASSET-00068,Emergency,SPINDLE-SEIZURE,539,1992,000170000067
WO-2170328,ASSET-00069,Corrective,SENSOR-FAULT,83,620,000170000068
WO-2170329,ASSET-00069,Corrective,HYDRAULIC-LEAK,30,1147,000170000068
WO-2170330,ASSET-00069,Corrective,DIE-WEAR,179,710,000170000068
WO-2170331,ASSET-00070,Corrective,SENSOR-FAULT,93,1638,000170000069
WO-2170332,ASSET-00070,Preventive,,0,,000170000069
WO-2170333,ASSET-00071,Corrective,DIE-WEAR,94,618,000170000070
WO-2170334,ASSET-00071,Preventive,,0,,000170000070
WO-2170335,ASSET-00071,Corrective,SENSOR-FAULT,90,1806,000170000070
WO-2170336,ASSET-00071,Preventive,,0,,000170000070
WO-2170337,ASSET-00071,Preventive,,0,,000170000070
WO-2170338,ASSET-00071,Preventive,,0,,000170000070
WO-2170339,ASSET-00071,Preventive,,0,,000170000070
WO-2170340,ASSET-00072,Corrective,CALIBRATION-DRIFT,99,779,000170000071
WO-2170341,ASSET-00072,Corrective,CALIBRATION-DRIFT,227,780,000170000071
WO-2170342,ASSET-00072,Emergency,CONTROLLER-FAULT,421,902,000170000071
WO-2170343,ASSET-00072,Preventive,,0,,000170000071
WO-2170344,ASSET-00072,Emergency,SENSOR-FAULT,448,1796,000170000071
WO-2170345,ASSET-00072,Corrective,HYDRAULIC-LEAK,150,1803,000170000071
WO-2170346,ASSET-00072,Preventive,,0,,000170000071
WO-2170347,ASSET-00072,Preventive,,0,,000170000071
WO-2170348,ASSET-00073,Emergency,BEARING-FAILURE,341,1304,000170000072
WO-2170349,ASSET-00073,Corrective,SPINDLE-SEIZURE,49,309,000170000072
WO-2170350,ASSET-00074,Preventive,,0,,000170000073
WO-2170351,ASSET-00074,Preventive,,0,,000170000073
WO-2170352,ASSET-00074,Corrective,BEARING-FAILURE,150,1384,000170000073
WO-2170353,ASSET-00075,Preventive,,0,,000170000074
WO-2170354,ASSET-00075,Corrective,MOTOR-BURNOUT,172,925,000170000074
WO-2170355,ASSET-00076,Preventive,,0,,000170000075
WO-2170356,ASSET-00076,Preventive,,0,,000170000075
WO-2170357,ASSET-00076,Corrective,BEARING-FAILURE,178,1391,000170000075
WO-2170358,ASSET-00076,Preventive,,0,,000170000075
WO-2170359,ASSET-00076,Emergency,HYDRAULIC-LEAK,201,1942,000170000075
WO-2170360,ASSET-00076,Corrective,SENSOR-FAULT,212,1000,000170000075
WO-2170361,ASSET-00076,Corrective,PNEUMATIC-LEAK,148,1049,000170000075
WO-2170362,ASSET-00077,Emergency,BEARING-FAILURE,308,661,000170000076
WO-2170363,ASSET-00077,Preventive,,0,,000170000076
WO-2170364,ASSET-00077,Preventive,,0,,000170000076
WO-2170365,ASSET-00077,Preventive,,0,,000170000076
WO-2170366,ASSET-00078,Emergency,BEARING-FAILURE,567,1113,000170000077
WO-2170367,ASSET-00078,Corrective,MOTOR-BURNOUT,69,367,000170000077
WO-2170368,ASSET-00078,Emergency,SENSOR-FAULT,335,476,000170000077
WO-2170369,ASSET-00078,Preventive,,0,,000170000077
WO-2170370,ASSET-00079,Corrective,BEARING-FAILURE,88,1939,000170000078
WO-2170371,ASSET-00079,Preventive,,0,,000170000078
WO-2170372,ASSET-00079,Preventive,,0,,000170000078
WO-2170373,ASSET-00080,Preventive,,0,,000170000079
WO-2170374,ASSET-00080,Preventive,,0,,000170000079
WO-2170375,ASSET-00080,Corrective,DIE-WEAR,65,1703,000170000079
WO-2170376,ASSET-00080,Preventive,,0,,000170000079
WO-2170377,ASSET-00080,Emergency,HYDRAULIC-LEAK,565,352,000170000079
WO-2170378,ASSET-00080,Preventive,,0,,000170000079
WO-2170379,ASSET-00080,Corrective,DIE-WEAR,80,1983,000170000079
WO-2170380,ASSET-00081,Corrective,SPINDLE-SEIZURE,33,1258,000170000080
WO-2170381,ASSET-00081,Corrective,CALIBRATION-DRIFT,130,1732,000170000080
WO-2170382,ASSET-00081,Preventive,,0,,000170000080
WO-2170383,ASSET-00081,Emergency,BEARING-FAILURE,600,316,000170000080
WO-2170384,ASSET-00081,Corrective,MOTOR-BURNOUT,136,1309,000170000080
WO-2170385,ASSET-00081,Corrective,CALIBRATION-DRIFT,100,1883,000170000080
WO-2170386,ASSET-00081,Corrective,DIE-WEAR,184,567,000170000080
WO-2170387,ASSET-00082,Corrective,CALIBRATION-DRIFT,240,1040,000170000081
WO-2170388,ASSET-00082,Preventive,,0,,000170000081
WO-2170389,ASSET-00082,Corrective,BEARING-FAILURE,179,1831,000170000081
WO-2170390,ASSET-00082,Corrective,SENSOR-FAULT,79,907,000170000081
WO-2170391,ASSET-00083,Corrective,BEARING-FAILURE,231,262,
WO-2170392,ASSET-00083,Corrective,HYDRAULIC-LEAK,202,492,
WO-2170393,ASSET-00083,Preventive,,0,,
WO-2170394,ASSET-00083,Preventive,,0,,
WO-2170395,ASSET-00084,Corrective,PNEUMATIC-LEAK,138,1783,000170000082
WO-2170396,ASSET-00084,Preventive,,0,,000170000082
WO-2170397,ASSET-00084,Corrective,CONTROLLER-FAULT,177,313,000170000082
WO-2170398,ASSET-00084,Corrective,DIE-WEAR,30,1195,000170000082
WO-2170399,ASSET-00084,Corrective,CONTROLLER-FAULT,96,1663,000170000082
WO-2170400,ASSET-00084,Preventive,,0,,000170000082
WO-2170401,ASSET-00085,Corrective,CALIBRATION-DRIFT,97,1625,
WO-2170402,ASSET-00085,Emergency,BEARING-FAILURE,248,539,
WO-2170403,ASSET-00085,Emergency,SENSOR-FAULT,342,1585,
WO-2170404,ASSET-00085,Preventive,,0,,
WO-2170405,ASSET-00085,Preventive,,0,,
WO-2170406,ASSET-00085,Preventive,,0,,
WO-2170407,ASSET-00085,Preventive,,0,,
WO-2170408,ASSET-00085,Preventive,,0,,
WO-2170409,ASSET-00086,Corrective,BELT-FAILURE,162,809,
WO-2170410,ASSET-00086,Corrective,BEARING-FAILURE,182,1186,
WO-2170411,ASSET-00086,Preventive,,0,,
WO-2170412,ASSET-00086,Corrective,CONTROLLER-FAULT,73,1056,
WO-2170413,ASSET-00086,Preventive,,0,,
WO-2170414,ASSET-00087,Emergency,HYDRAULIC-LEAK,244,712,000170000083
WO-2170415,ASSET-00087,Preventive,,0,,000170000083
WO-2170416,ASSET-00087,Corrective,SENSOR-FAULT,117,917,000170000083
WO-2170417,ASSET-00087,Preventive,,0,,000170000083
WO-2170418,ASSET-00087,Corrective,CALIBRATION-DRIFT,41,916,000170000083
WO-2170419,ASSET-00087,Preventive,,0,,000170000083
WO-2170420,ASSET-00087,Preventive,,0,,000170000083
WO-2170421,ASSET-00087,Emergency,MOTOR-BURNOUT,237,357,000170000083
WO-2170422,ASSET-00088,Preventive,,0,,000170000084
WO-2170423,ASSET-00088,Corrective,CONTROLLER-FAULT,30,551,000170000084
WO-2170424,ASSET-00088,Preventive,,0,,000170000084
WO-2170425,ASSET-00088,Preventive,,0,,000170000084
WO-2170426,ASSET-00088,Preventive,,0,,000170000084
WO-2170427,ASSET-00089,Corrective,CALIBRATION-DRIFT,228,307,000170000085
WO-2170428,ASSET-00089,Preventive,,0,,000170000085
WO-2170429,ASSET-00089,Corrective,CALIBRATION-DRIFT,208,1413,000170000085
WO-2170430,ASSET-00089,Corrective,BELT-FAILURE,105,1380,000170000085
WO-2170431,ASSET-00090,Emergency,BELT-FAILURE,314,939,000170000086
WO-2170432,ASSET-00090,Corrective,PNEUMATIC-LEAK,214,891,000170000086
WO-2170433,ASSET-00090,Preventive,,0,,000170000086
WO-2170434,ASSET-00090,Corrective,MOTOR-BURNOUT,37,502,000170000086
WO-2170435,ASSET-00090,Corrective,HYDRAULIC-LEAK,98,233,000170000086
WO-2170436,ASSET-00090,Preventive,,0,,000170000086
WO-2170437,ASSET-00091,Preventive,,0,,000170000087
WO-2170438,ASSET-00091,Corrective,BELT-FAILURE,106,1210,000170000087
WO-2170439,ASSET-00091,Preventive,,0,,000170000087
WO-2170440,ASSET-00091,Corrective,DIE-WEAR,112,1344,000170000087
WO-2170441,ASSET-00091,Preventive,,0,,000170000087
WO-2170442,ASSET-00091,Corrective,CALIBRATION-DRIFT,165,817,000170000087
WO-2170443,ASSET-00092,Corrective,SENSOR-FAULT,185,706,000170000088
WO-2170444,ASSET-00092,Preventive,,0,,000170000088
WO-2170445,ASSET-00092,Preventive,,0,,000170000088
WO-2170446,ASSET-00093,Preventive,,0,,000170000089
WO-2170447,ASSET-00093,Emergency,DIE-WEAR,474,1613,000170000089
WO-2170448,ASSET-00093,Preventive,,0,,000170000089
WO-2170449,ASSET-00094,Emergency,PNEUMATIC-LEAK,529,1483,000170000090
WO-2170450,ASSET-00094,Corrective,SENSOR-FAULT,40,1510,000170000090
WO-2170451,ASSET-00094,Preventive,,0,,000170000090
WO-2170452,ASSET-00094,Emergency,HYDRAULIC-LEAK,453,1931,000170000090
WO-2170453,ASSET-00094,Preventive,,0,,000170000090
WO-2170454,ASSET-00094,Preventive,,0,,000170000090
WO-2170455,ASSET-00095,Emergency,MOTOR-BURNOUT,336,1460,000170000091
WO-2170456,ASSET-00095,Corrective,BELT-FAILURE,84,1137,000170000091
WO-2170457,ASSET-00095,Preventive,,0,,000170000091
WO-2170458,ASSET-00095,Preventive,,0,,000170000091
WO-2170459,ASSET-00096,Corrective,BEARING-FAILURE,136,1108,000170000092
WO-2170460,ASSET-00096,Corrective,DIE-WEAR,105,275,000170000092
WO-2170461,ASSET-00096,Corrective,PNEUMATIC-LEAK,79,1985,000170000092
WO-2170462,ASSET-00096,Preventive,,0,,000170000092
WO-2170463,ASSET-00097,Corrective,HYDRAULIC-LEAK,73,1226,000170000093
WO-2170464,ASSET-00097,Corrective,HYDRAULIC-LEAK,137,1551,000170000093
WO-2170465,ASSET-00098,Preventive,,0,,
WO-2170466,ASSET-00098,Preventive,,0,,
WO-2170467,ASSET-00099,Corrective,BEARING-FAILURE,148,1349,000170000094
WO-2170468,ASSET-00099,Preventive,,0,,000170000094
WO-2170469,ASSET-00099,Preventive,,0,,000170000094
WO-2170470,ASSET-00099,Emergency,SPINDLE-SEIZURE,331,302,000170000094
WO-2170471,ASSET-00100,Corrective,BELT-FAILURE,212,1844,000170000095
WO-2170472,ASSET-00100,Emergency,SPINDLE-SEIZURE,553,1268,000170000095
WO-2170473,ASSET-00100,Corrective,PNEUMATIC-LEAK,239,800,000170000095
WO-2170474,ASSET-00100,Preventive,,0,,000170000095
WO-2170475,ASSET-00101,Preventive,,0,,000170000096
WO-2170476,ASSET-00101,Corrective,BELT-FAILURE,33,1464,000170000096
WO-2170477,ASSET-00102,Corrective,CALIBRATION-DRIFT,204,1314,000170000097
WO-2170478,ASSET-00102,Preventive,,0,,000170000097
WO-2170479,ASSET-00102,Corrective,SENSOR-FAULT,186,1598,000170000097
WO-2170480,ASSET-00103,Emergency,DIE-WEAR,340,725,000170000098
WO-2170481,ASSET-00103,Preventive,,0,,000170000098
WO-2170482,ASSET-00103,Emergency,SPINDLE-SEIZURE,552,1515,000170000098
WO-2170483,ASSET-00104,Preventive,,0,,000170000099
WO-2170484,ASSET-00104,Preventive,,0,,000170000099
WO-2170485,ASSET-00104,Corrective,DIE-WEAR,41,1508,000170000099
WO-2170486,ASSET-00104,Corrective,BELT-FAILURE,237,1183,000170000099
WO-2170487,ASSET-00104,Corrective,HYDRAULIC-LEAK,149,1038,000170000099
WO-2170488,ASSET-00105,Preventive,,0,,000170000100
WO-2170489,ASSET-00105,Corrective,BEARING-FAILURE,196,1068,000170000100
WO-2170490,ASSET-00105,Preventive,,0,,000170000100
WO-2170491,ASSET-00105,Corrective,CONTROLLER-FAULT,207,231,000170000100
WO-2170492,ASSET-00105,Corrective,DIE-WEAR,167,1424,000170000100
WO-2170493,ASSET-00106,Corrective,PNEUMATIC-LEAK,61,1110,000170000101
WO-2170494,ASSET-00106,Corrective,HYDRAULIC-LEAK,143,885,000170000101
WO-2170495,ASSET-00106,Preventive,,0,,000170000101
WO-2170496,ASSET-00106,Corrective,HYDRAULIC-LEAK,76,1055,000170000101
WO-2170497,ASSET-00106,Preventive,,0,,000170000101
WO-2170498,ASSET-00106,Corrective,MOTOR-BURNOUT,98,779,000170000101
WO-2170499,ASSET-00106,Preventive,,0,,000170000101
WO-2170500,ASSET-00107,Preventive,,0,,000170000102
WO-2170501,ASSET-00107,Corrective,CONTROLLER-FAULT,60,1437,000170000102
WO-2170502,ASSET-00107,Preventive,,0,,000170000102
WO-2170503,ASSET-00107,Preventive,,0,,000170000102
WO-2170504,ASSET-00107,Preventive,,0,,000170000102
WO-2170505,ASSET-00107,Corrective,CALIBRATION-DRIFT,188,1391,000170000102
WO-2170506,ASSET-00107,Corrective,BEARING-FAILURE,180,1759,000170000102
WO-2170507,ASSET-00108,Preventive,,0,,000170000103
WO-2170508,ASSET-00108,Preventive,,0,,000170000103
WO-2170509,ASSET-00108,Preventive,,0,,000170000103
WO-2170510,ASSET-00109,Emergency,SPINDLE-SEIZURE,275,1273,000170000104
WO-2170511,ASSET-00109,Emergency,CONTROLLER-FAULT,262,1112,000170000104
WO-2170512,ASSET-00109,Preventive,,0,,000170000104
WO-2170513,ASSET-00109,Corrective,SPINDLE-SEIZURE,79,748,000170000104
WO-2170514,ASSET-00109,Preventive,,0,,000170000104
WO-2170515,ASSET-00109,Preventive,,0,,000170000104
WO-2170516,ASSET-00110,Corrective,HYDRAULIC-LEAK,168,1983,000170000105
WO-2170517,ASSET-00110,Preventive,,0,,000170000105
WO-2170518,ASSET-00110,Corrective,CALIBRATION-DRIFT,206,1516,000170000105
WO-2170519,ASSET-00110,Corrective,PNEUMATIC-LEAK,110,1501,000170000105
WO-2170520,ASSET-00111,Preventive,,0,,
WO-2170521,ASSET-00111,Corrective,HYDRAULIC-LEAK,153,644,
WO-2170522,ASSET-00111,Preventive,,0,,
WO-2170523,ASSET-00111,Preventive,,0,,
WO-2170524,ASSET-00111,Preventive,,0,,
WO-2170525,ASSET-00111,Corrective,SENSOR-FAULT,78,591,
WO-2170526,ASSET-00111,Preventive,,0,,
WO-2170527,ASSET-00112,Preventive,,0,,000170000106
WO-2170528,ASSET-00112,Preventive,,0,,000170000106
WO-2170529,ASSET-00113,Preventive,,0,,000170000107
WO-2170530,ASSET-00113,Preventive,,0,,000170000107
WO-2170531,ASSET-00113,Corrective,PNEUMATIC-LEAK,99,247,000170000107
WO-2170532,ASSET-00113,Corrective,MOTOR-BURNOUT,112,1363,000170000107
WO-2170533,ASSET-00113,Preventive,,0,,000170000107
WO-2170534,ASSET-00113,Preventive,,0,,000170000107
WO-2170535,ASSET-00113,Emergency,DIE-WEAR,346,835,000170000107
WO-2170536,ASSET-00114,Preventive,,0,,000170000108
WO-2170537,ASSET-00114,Emergency,CALIBRATION-DRIFT,294,681,000170000108
WO-2170538,ASSET-00114,Preventive,,0,,000170000108
WO-2170539,ASSET-00115,Preventive,,0,,000170000109
WO-2170540,ASSET-00115,Corrective,HYDRAULIC-LEAK,180,1243,000170000109
WO-2170541,ASSET-00115,Preventive,,0,,000170000109
WO-2170542,ASSET-00115,Corrective,SPINDLE-SEIZURE,200,1507,000170000109
WO-2170543,ASSET-00115,Emergency,PNEUMATIC-LEAK,186,849,000170000109
WO-2170544,ASSET-00115,Preventive,,0,,000170000109
WO-2170545,ASSET-00115,Corrective,BEARING-FAILURE,167,1017,000170000109
WO-2170546,ASSET-00115,Corrective,BEARING-FAILURE,228,1186,000170000109
WO-2170547,ASSET-00116,Preventive,,0,,000170000110
WO-2170548,ASSET-00116,Preventive,,0,,000170000110
WO-2170549,ASSET-00116,Corrective,HYDRAULIC-LEAK,35,214,000170000110
WO-2170550,ASSET-00116,Corrective,BELT-FAILURE,161,482,000170000110
WO-2170551,ASSET-00116,Preventive,,0,,000170000110
WO-2170552,ASSET-00116,Preventive,,0,,000170000110
WO-2170553,ASSET-00117,Preventive,,0,,000170000111
WO-2170554,ASSET-00117,Preventive,,0,,000170000111
WO-2170555,ASSET-00117,Corrective,PNEUMATIC-LEAK,73,1170,000170000111
WO-2170556,ASSET-00117,Corrective,BEARING-FAILURE,30,1813,000170000111
WO-2170557,ASSET-00118,Emergency,CONTROLLER-FAULT,242,1289,000170000112
WO-2170558,ASSET-00118,Preventive,,0,,000170000112
WO-2170559,ASSET-00118,Preventive,,0,,000170000112
WO-2170560,ASSET-00118,Emergency,SENSOR-FAULT,228,395,000170000112
WO-2170561,ASSET-00118,Corrective,MOTOR-BURNOUT,71,1341,000170000112
WO-2170562,ASSET-00119,Preventive,,0,,000170000113
WO-2170563,ASSET-00119,Corrective,PNEUMATIC-LEAK,74,1318,000170000113
WO-2170564,ASSET-00119,Emergency,MOTOR-BURNOUT,197,1637,000170000113
WO-2170565,ASSET-00119,Preventive,,0,,000170000113
WO-2170566,ASSET-00119,Preventive,,0,,000170000113
WO-2170567,ASSET-00119,Preventive,,0,,000170000113
WO-2170568,ASSET-00119,Preventive,,0,,000170000113
WO-2170569,ASSET-00119,Preventive,,0,,000170000113
WO-2170570,ASSET-00120,Corrective,CONTROLLER-FAULT,140,1616,000170000114
WO-2170571,ASSET-00120,Preventive,,0,,000170000114
WO-2170572,ASSET-00120,Corrective,PNEUMATIC-LEAK,157,1845,000170000114
WO-2170573,ASSET-00120,Corrective,CALIBRATION-DRIFT,105,1423,000170000114
WO-2170574,ASSET-00121,Corrective,MOTOR-BURNOUT,231,1862,000170000115
WO-2170575,ASSET-00121,Preventive,,0,,000170000115
WO-2170576,ASSET-00121,Emergency,BELT-FAILURE,269,705,000170000115
WO-2170577,ASSET-00121,Corrective,SENSOR-FAULT,179,1830,000170000115
WO-2170578,ASSET-00121,Preventive,,0,,000170000115
WO-2170579,ASSET-00121,Corrective,PNEUMATIC-LEAK,239,465,000170000115
WO-2170580,ASSET-00121,Corrective,SPINDLE-SEIZURE,215,1817,000170000115
WO-2170581,ASSET-00122,Preventive,,0,,000170000116
WO-2170582,ASSET-00122,Corrective,PNEUMATIC-LEAK,91,1157,000170000116
WO-2170583,ASSET-00122,Preventive,,0,,000170000116
WO-2170584,ASSET-00123,Preventive,,0,,000170000117
WO-2170585,ASSET-00123,Corrective,BELT-FAILURE,97,689,000170000117
WO-2170586,ASSET-00123,Emergency,SENSOR-FAULT,502,1403,000170000117
WO-2170587,ASSET-00123,Emergency,SENSOR-FAULT,110,929,000170000117
WO-2170588,ASSET-00123,Corrective,BELT-FAILURE,53,1411,000170000117
WO-2170589,ASSET-00123,Preventive,,0,,000170000117
WO-2170590,ASSET-00123,Corrective,PNEUMATIC-LEAK,155,1085,000170000117
WO-2170591,ASSET-00124,Corrective,BELT-FAILURE,187,636,
WO-2170592,ASSET-00124,Emergency,CONTROLLER-FAULT,339,902,
WO-2170593,ASSET-00124,Corrective,MOTOR-BURNOUT,152,840,
WO-2170594,ASSET-00124,Preventive,,0,,
WO-2170595,ASSET-00125,Emergency,SPINDLE-SEIZURE,599,698,000170000118
WO-2170596,ASSET-00125,Preventive,,0,,000170000118
WO-2170597,ASSET-00125,Corrective,BEARING-FAILURE,142,576,000170000118
WO-2170598,ASSET-00125,Corrective,PNEUMATIC-LEAK,171,424,000170000118
WO-2170599,ASSET-00125,Preventive,,0,,000170000118
WO-2170600,ASSET-00126,Corrective,SPINDLE-SEIZURE,192,1254,000170000119
WO-2170601,ASSET-00126,Preventive,,0,,000170000119
WO-2170602,ASSET-00126,Corrective,BEARING-FAILURE,61,1282,000170000119
WO-2170603,ASSET-00126,Corrective,HYDRAULIC-LEAK,140,937,000170000119
WO-2170604,ASSET-00126,Corrective,CONTROLLER-FAULT,38,665,000170000119
WO-2170605,ASSET-00126,Corrective,BEARING-FAILURE,200,1344,000170000119
WO-2170606,ASSET-00127,Preventive,,0,,000170000120
WO-2170607,ASSET-00127,Preventive,,0,,000170000120
WO-2170608,ASSET-00127,Preventive,,0,,000170000120
WO-2170609,ASSET-00127,Corrective,CONTROLLER-FAULT,234,1517,000170000120
WO-2170610,ASSET-00127,Preventive,,0,,000170000120
WO-2170611,ASSET-00128,Preventive,,0,,000170000121
WO-2170612,ASSET-00128,Corrective,MOTOR-BURNOUT,74,1906,000170000121
WO-2170613,ASSET-00128,Corrective,PNEUMATIC-LEAK,35,442,000170000121
WO-2170614,ASSET-00128,Emergency,SENSOR-FAULT,481,1888,000170000121
WO-2170615,ASSET-00128,Corrective,SPINDLE-SEIZURE,174,541,000170000121
WO-2170616,ASSET-00129,Emergency,SENSOR-FAULT,562,1520,000170000122
WO-2170617,ASSET-00129,Preventive,,0,,000170000122
WO-2170618,ASSET-00130,Corrective,HYDRAULIC-LEAK,172,1410,000170000123
WO-2170619,ASSET-00130,Emergency,PNEUMATIC-LEAK,164,1557,000170000123
WO-2170620,ASSET-00130,Preventive,,0,,000170000123
WO-2170621,ASSET-00130,Preventive,,0,,000170000123
WO-2170622,ASSET-00130,Corrective,BEARING-FAILURE,110,271,000170000123
WO-2170623,ASSET-00130,Preventive,,0,,000170000123
WO-2170624,ASSET-00130,Emergency,DIE-WEAR,509,1101,000170000123
WO-2170625,ASSET-00131,Corrective,CALIBRATION-DRIFT,143,1764,000170000124
WO-2170626,ASSET-00131,Corrective,SENSOR-FAULT,219,869,000170000124
WO-2170627,ASSET-00131,Preventive,,0,,000170000124
WO-2170628,ASSET-00131,Emergency,SENSOR-FAULT,546,686,000170000124
WO-2170629,ASSET-00132,Corrective,BEARING-FAILURE,58,1921,000170000125
WO-2170630,ASSET-00132,Corrective,SENSOR-FAULT,107,1948,000170000125
WO-2170631,ASSET-00132,Preventive,,0,,000170000125
WO-2170632,ASSET-00132,Corrective,HYDRAULIC-LEAK,230,1982,000170000125
WO-2170633,ASSET-00132,Preventive,,0,,000170000125
WO-2170634,ASSET-00132,Preventive,,0,,000170000125
WO-2170635,ASSET-00133,Preventive,,0,,000170000126
WO-2170636,ASSET-00133,Corrective,SPINDLE-SEIZURE,117,1414,000170000126
WO-2170637,ASSET-00134,Preventive,,0,,000170000127
WO-2170638,ASSET-00134,Emergency,PNEUMATIC-LEAK,430,441,000170000127
WO-2170639,ASSET-00134,Corrective,BELT-FAILURE,89,1795,000170000127
WO-2170640,ASSET-00134,Preventive,,0,,000170000127
WO-2170641,ASSET-00134,Preventive,,0,,000170000127
WO-2170642,ASSET-00135,Emergency,HYDRAULIC-LEAK,419,1971,000170000128
WO-2170643,ASSET-00135,Corrective,BELT-FAILURE,172,749,000170000128
WO-2170644,ASSET-00135,Corrective,DIE-WEAR,38,376,000170000128
WO-2170645,ASSET-00135,Preventive,,0,,000170000128
WO-2170646,ASSET-00135,Preventive,,0,,000170000128
WO-2170647,ASSET-00135,Corrective,BELT-FAILURE,140,426,000170000128
WO-2170648,ASSET-00135,Preventive,,0,,000170000128
WO-2170649,ASSET-00135,Corrective,CALIBRATION-DRIFT,165,1822,000170000128
WO-2170650,ASSET-00136,Corrective,MOTOR-BURNOUT,133,970,000170000129
WO-2170651,ASSET-00136,Corrective,MOTOR-BURNOUT,159,1042,000170000129
WO-2170652,ASSET-00136,Preventive,,0,,000170000129
WO-2170653,ASSET-00136,Preventive,,0,,000170000129
WO-2170654,ASSET-00136,Corrective,CALIBRATION-DRIFT,62,1506,000170000129
WO-2170655,ASSET-00136,Preventive,,0,,000170000129
WO-2170656,ASSET-00137,Preventive,,0,,000170000130
WO-2170657,ASSET-00137,Preventive,,0,,000170000130
WO-2170658,ASSET-00138,Corrective,PNEUMATIC-LEAK,124,330,
WO-2170659,ASSET-00138,Corrective,HYDRAULIC-LEAK,222,785,
WO-2170660,ASSET-00138,Emergency,MOTOR-BURNOUT,588,1651,
WO-2170661,ASSET-00138,Preventive,,0,,
WO-2170662,ASSET-00139,Preventive,,0,,000170000131
WO-2170663,ASSET-00139,Preventive,,0,,000170000131
WO-2170664,ASSET-00139,Preventive,,0,,000170000131
WO-2170665,ASSET-00140,Corrective,CONTROLLER-FAULT,39,1280,000170000132
WO-2170666,ASSET-00140,Preventive,,0,,000170000132
WO-2170667,ASSET-00140,Corrective,CONTROLLER-FAULT,177,1785,000170000132
WO-2170668,ASSET-00140,Preventive,,0,,000170000132
WO-2170669,ASSET-00141,Preventive,,0,,000170000133
WO-2170670,ASSET-00141,Preventive,,0,,000170000133
WO-2170671,ASSET-00141,Preventive,,0,,000170000133
WO-2170672,ASSET-00141,Preventive,,0,,000170000133
WO-2170673,ASSET-00141,Preventive,,0,,000170000133
WO-2170674,ASSET-00141,Preventive,,0,,000170000133
WO-2170675,ASSET-00142,Emergency,MOTOR-BURNOUT,413,911,000170000134
WO-2170676,ASSET-00142,Emergency,DIE-WEAR,72,604,000170000134
WO-2170677,ASSET-00142,Preventive,,0,,000170000134
WO-2170678,ASSET-00142,Corrective,BEARING-FAILURE,92,659,000170000134
WO-2170679,ASSET-00142,Corrective,MOTOR-BURNOUT,92,1134,000170000134
WO-2170680,ASSET-00142,Corrective,BELT-FAILURE,38,1267,000170000134
WO-2170681,ASSET-00142,Preventive,,0,,000170000134
WO-2170682,ASSET-00142,Preventive,,0,,000170000134
WO-2170683,ASSET-00142,Preventive,,0,,000170000134
WO-2170684,ASSET-00143,Preventive,,0,,000170000135
WO-2170685,ASSET-00143,Preventive,,0,,000170000135
WO-2170686,ASSET-00144,Emergency,CONTROLLER-FAULT,293,1883,000170000136
WO-2170687,ASSET-00144,Preventive,,0,,000170000136
WO-2170688,ASSET-00144,Preventive,,0,,000170000136
WO-2170689,ASSET-00144,Preventive,,0,,000170000136
WO-2170690,ASSET-00145,Corrective,BELT-FAILURE,191,1526,
WO-2170691,ASSET-00145,Corrective,BEARING-FAILURE,163,653,
WO-2170692,ASSET-00145,Preventive,,0,,
WO-2170693,ASSET-00145,Corrective,CONTROLLER-FAULT,70,446,
WO-2170694,ASSET-00145,Preventive,,0,,
WO-2170695,ASSET-00145,Corrective,CONTROLLER-FAULT,108,1792,
WO-2170696,ASSET-00145,Preventive,,0,,
WO-2170697,ASSET-00145,Preventive,,0,,
WO-2170698,ASSET-00146,Emergency,SPINDLE-SEIZURE,439,1072,000170000137
WO-2170699,ASSET-00146,Preventive,,0,,000170000137
WO-2170700,ASSET-00147,Preventive,,0,,000170000138
WO-2170701,ASSET-00147,Preventive,,0,,000170000138
WO-2170702,ASSET-00147,Corrective,HYDRAULIC-LEAK,67,1208,000170000138
WO-2170703,ASSET-00147,Preventive,,0,,000170000138
WO-2170704,ASSET-00148,Preventive,,0,,000170000139
WO-2170705,ASSET-00149,Preventive,,0,,000170000140
WO-2170706,ASSET-00149,Corrective,HYDRAULIC-LEAK,96,1222,000170000140
WO-2170707,ASSET-00149,Corrective,PNEUMATIC-LEAK,66,798,000170000140
WO-2170708,ASSET-00149,Corrective,HYDRAULIC-LEAK,105,933,000170000140
WO-2170709,ASSET-00149,Corrective,HYDRAULIC-LEAK,188,1159,000170000140
WO-2170710,ASSET-00150,Emergency,SENSOR-FAULT,306,763,000170000141
WO-2170711,ASSET-00150,Preventive,,0,,000170000141
WO-2170712,ASSET-00150,Corrective,MOTOR-BURNOUT,62,860,000170000141
WO-2170713,ASSET-00150,Emergency,BELT-FAILURE,371,1268,000170000141
WO-2170714,ASSET-00151,Preventive,,0,,000170000142
WO-2170715,ASSET-00151,Corrective,HYDRAULIC-LEAK,189,1471,000170000142
WO-2170716,ASSET-00151,Preventive,,0,,000170000142
WO-2170717,ASSET-00151,Preventive,,0,,000170000142
WO-2170718,ASSET-00152,Corrective,MOTOR-BURNOUT,127,1349,000170000143
WO-2170719,ASSET-00152,Preventive,,0,,000170000143
WO-2170720,ASSET-00152,Emergency,BELT-FAILURE,104,1652,000170000143
WO-2170721,ASSET-00153,Corrective,CONTROLLER-FAULT,214,1769,000170000144
WO-2170722,ASSET-00153,Preventive,,0,,000170000144
WO-2170723,ASSET-00153,Preventive,,0,,000170000144
WO-2170724,ASSET-00153,Emergency,MOTOR-BURNOUT,430,1459,000170000144
WO-2170725,ASSET-00153,Preventive,,0,,000170000144
WO-2170726,ASSET-00154,Corrective,HYDRAULIC-LEAK,202,1864,000170000145
WO-2170727,ASSET-00154,Preventive,,0,,000170000145
WO-2170728,ASSET-00154,Preventive,,0,,000170000145
WO-2170729,ASSET-00155,Preventive,,0,,000170000146
WO-2170730,ASSET-00155,Preventive,,0,,000170000146
WO-2170731,ASSET-00155,Corrective,CONTROLLER-FAULT,176,866,000170000146
WO-2170732,ASSET-00155,Corrective,SENSOR-FAULT,182,1914,000170000146
WO-2170733,ASSET-00155,Preventive,,0,,000170000146
WO-2170734,ASSET-00155,Preventive,,0,,000170000146
WO-2170735,ASSET-00156,Corrective,PNEUMATIC-LEAK,227,1968,000170000147
WO-2170736,ASSET-00156,Preventive,,0,,000170000147
WO-2170737,ASSET-00156,Preventive,,0,,000170000147
WO-2170738,ASSET-00156,Corrective,HYDRAULIC-LEAK,184,1011,000170000147
WO-2170739,ASSET-00156,Emergency,BEARING-FAILURE,126,1905,000170000147
WO-2170740,ASSET-00156,Preventive,,0,,000170000147
WO-2170741,ASSET-00157,Corrective,HYDRAULIC-LEAK,231,548,000170000148
WO-2170742,ASSET-00157,Preventive,,0,,000170000148
WO-2170743,ASSET-00157,Preventive,,0,,000170000148
WO-2170744,ASSET-00157,Preventive,,0,,000170000148
WO-2170745,ASSET-00158,Preventive,,0,,000170000149
WO-2170746,ASSET-00158,Preventive,,0,,000170000149
WO-2170747,ASSET-00158,Emergency,DIE-WEAR,530,915,000170000149
WO-2170748,ASSET-00158,Emergency,HYDRAULIC-LEAK,261,470,000170000149
WO-2170749,ASSET-00158,Corrective,SENSOR-FAULT,108,921,000170000149
WO-2170750,ASSET-00158,Preventive,,0,,000170000149
WO-2170751,ASSET-00159,Corrective,CONTROLLER-FAULT,97,1796,000170000151
WO-2170752,ASSET-00159,Emergency,SENSOR-FAULT,250,1372,000170000151
WO-2170753,ASSET-00159,Corrective,DIE-WEAR,112,1556,000170000151
WO-2170754,ASSET-00160,Preventive,,0,,000170000152
WO-2170755,ASSET-00160,Preventive,,0,,000170000152
WO-2170756,ASSET-00160,Preventive,,0,,000170000152
WO-2170757,ASSET-00161,Preventive,,0,,
WO-2170758,ASSET-00161,Preventive,,0,,
WO-2170759,ASSET-00161,Preventive,,0,,
WO-2170760,ASSET-00161,Emergency,CONTROLLER-FAULT,167,414,
WO-2170761,ASSET-00161,Corrective,CALIBRATION-DRIFT,84,1910,
WO-2170762,ASSET-00161,Preventive,,0,,
WO-2170763,ASSET-00161,Emergency,CALIBRATION-DRIFT,379,1953,
WO-2170764,ASSET-00162,Preventive,,0,,
WO-2170765,ASSET-00162,Emergency,MOTOR-BURNOUT,561,961,
WO-2170766,ASSET-00162,Preventive,,0,,
WO-2170767,ASSET-00163,Preventive,,0,,000170000153
WO-2170768,ASSET-00163,Preventive,,0,,000170000153
WO-2170769,ASSET-00163,Preventive,,0,,000170000153
WO-2170770,ASSET-00163,Preventive,,0,,000170000153
WO-2170771,ASSET-00163,Corrective,CONTROLLER-FAULT,151,269,000170000153
WO-2170772,ASSET-00163,Corrective,PNEUMATIC-LEAK,153,585,000170000153
WO-2170773,ASSET-00164,Preventive,,0,,000170000154
WO-2170774,ASSET-00164,Corrective,MOTOR-BURNOUT,48,670,000170000154
WO-2170775,ASSET-00164,Corrective,HYDRAULIC-LEAK,102,723,000170000154
WO-2170776,ASSET-00164,Emergency,BELT-FAILURE,237,1652,000170000154
WO-2170777,ASSET-00165,Emergency,SPINDLE-SEIZURE,486,521,000170000155
WO-2170778,ASSET-00165,Corrective,MOTOR-BURNOUT,229,1196,000170000155
WO-2170779,ASSET-00165,Preventive,,0,,000170000155
WO-2170780,ASSET-00166,Preventive,,0,,000170000156
WO-2170781,ASSET-00166,Emergency,MOTOR-BURNOUT,157,1674,000170000156
WO-2170782,ASSET-00166,Preventive,,0,,000170000156
WO-2170783,ASSET-00166,Emergency,BELT-FAILURE,426,540,000170000156
WO-2170784,ASSET-00166,Emergency,CALIBRATION-DRIFT,272,1910,000170000156
WO-2170785,ASSET-00166,Corrective,BELT-FAILURE,160,369,000170000156
WO-2170786,ASSET-00166,Corrective,SPINDLE-SEIZURE,219,937,000170000156
WO-2170787,ASSET-00166,Preventive,,0,,000170000156
WO-2170788,ASSET-00166,Corrective,HYDRAULIC-LEAK,125,521,000170000156
WO-2170789,ASSET-00167,Preventive,,0,,000170000157
WO-2170790,ASSET-00167,Preventive,,0,,000170000157
WO-2170791,ASSET-00167,Preventive,,0,,000170000157
WO-2170792,ASSET-00167,Preventive,,0,,000170000157
WO-2170793,ASSET-00167,Corrective,DIE-WEAR,191,1092,000170000157
WO-2170794,ASSET-00168,Corrective,BELT-FAILURE,218,1447,000170000159
WO-2170795,ASSET-00168,Corrective,MOTOR-BURNOUT,150,1120,000170000159
WO-2170796,ASSET-00168,Preventive,,0,,000170000159
WO-2170797,ASSET-00168,Corrective,PNEUMATIC-LEAK,143,1862,000170000159
WO-2170798,ASSET-00168,Preventive,,0,,000170000159
WO-2170799,ASSET-00168,Corrective,PNEUMATIC-LEAK,180,665,000170000159
WO-2170800,ASSET-00169,Preventive,,0,,000170000160
WO-2170801,ASSET-00169,Corrective,PNEUMATIC-LEAK,225,1322,000170000160
WO-2170802,ASSET-00169,Preventive,,0,,000170000160
WO-2170803,ASSET-00169,Corrective,BELT-FAILURE,104,1503,000170000160
WO-2170804,ASSET-00169,Corrective,BEARING-FAILURE,192,721,000170000160
WO-2170805,ASSET-00169,Emergency,HYDRAULIC-LEAK,138,1101,000170000160
WO-2170806,ASSET-00169,Corrective,CONTROLLER-FAULT,31,368,000170000160
WO-2170807,ASSET-00169,Corrective,CALIBRATION-DRIFT,146,868,000170000160
WO-2170808,ASSET-00169,Corrective,CALIBRATION-DRIFT,196,540,000170000160
WO-2170809,ASSET-00170,Preventive,,0,,000170000161
WO-2170810,ASSET-00170,Preventive,,0,,000170000161
WO-2170811,ASSET-00170,Preventive,,0,,000170000161
WO-2170812,ASSET-00170,Preventive,,0,,000170000161
WO-2170813,ASSET-00170,Emergency,BELT-FAILURE,565,1260,000170000161
WO-2170814,ASSET-00170,Preventive,,0,,000170000161
WO-2170815,ASSET-00170,Preventive,,0,,000170000161
WO-2170816,ASSET-00170,Corrective,CALIBRATION-DRIFT,142,534,000170000161
WO-2170817,ASSET-00171,Preventive,,0,,000170000162
WO-2170818,ASSET-00171,Corrective,PNEUMATIC-LEAK,174,1922,000170000162
WO-2170819,ASSET-00171,Corrective,MOTOR-BURNOUT,127,1210,000170000162
WO-2170820,ASSET-00172,Emergency,BELT-FAILURE,236,519,000170000163
WO-2170821,ASSET-00172,Preventive,,0,,000170000163
WO-2170822,ASSET-00172,Corrective,PNEUMATIC-LEAK,198,1418,000170000163
WO-2170823,ASSET-00172,Preventive,,0,,000170000163
WO-2170824,ASSET-00172,Preventive,,0,,000170000163
WO-2170825,ASSET-00172,Preventive,,0,,000170000163
WO-2170826,ASSET-00172,Emergency,SENSOR-FAULT,425,1988,000170000163
WO-2170827,ASSET-00172,Preventive,,0,,000170000163
WO-2170828,ASSET-00173,Corrective,DIE-WEAR,117,787,000170000164
WO-2170829,ASSET-00173,Corrective,HYDRAULIC-LEAK,197,1564,000170000164
WO-2170830,ASSET-00173,Preventive,,0,,000170000164
WO-2170831,ASSET-00173,Corrective,CALIBRATION-DRIFT,198,1185,000170000164
WO-2170832,ASSET-00174,Corrective,SENSOR-FAULT,67,439,000170000165
WO-2170833,ASSET-00174,Emergency,MOTOR-BURNOUT,263,321,000170000165
WO-2170834,ASSET-00174,Preventive,,0,,000170000165
WO-2170835,ASSET-00174,Corrective,SENSOR-FAULT,69,880,000170000165
WO-2170836,ASSET-00174,Preventive,,0,,000170000165
WO-2170837,ASSET-00175,Preventive,,0,,000170000166
WO-2170838,ASSET-00175,Preventive,,0,,000170000166
WO-2170839,ASSET-00175,Emergency,MOTOR-BURNOUT,538,1604,000170000166
WO-2170840,ASSET-00175,Emergency,MOTOR-BURNOUT,457,234,000170000166
WO-2170841,ASSET-00175,Preventive,,0,,000170000166
WO-2170842,ASSET-00175,Corrective,SENSOR-FAULT,183,1970,000170000166
WO-2170843,ASSET-00175,Corrective,SENSOR-FAULT,76,1254,000170000166
WO-2170844,ASSET-00175,Corrective,PNEUMATIC-LEAK,82,1670,000170000166
WO-2170845,ASSET-00176,Preventive,,0,,000170000167
WO-2170846,ASSET-00176,Preventive,,0,,000170000167
WO-2170847,ASSET-00176,Preventive,,0,,000170000167
WO-2170848,ASSET-00176,Preventive,,0,,000170000167
WO-2170849,ASSET-00176,Corrective,BEARING-FAILURE,134,624,000170000167
WO-2170850,ASSET-00176,Preventive,,0,,000170000167
WO-2170851,ASSET-00177,Corrective,SENSOR-FAULT,180,935,000170000168
WO-2170852,ASSET-00177,Corrective,SENSOR-FAULT,49,1501,000170000168
WO-2170853,ASSET-00177,Corrective,SPINDLE-SEIZURE,134,1510,000170000168
WO-2170854,ASSET-00177,Emergency,MOTOR-BURNOUT,303,500,000170000168
WO-2170855,ASSET-00178,Corrective,BELT-FAILURE,59,663,000170000169
WO-2170856,ASSET-00178,Preventive,,0,,000170000169
WO-2170857,ASSET-00178,Corrective,SPINDLE-SEIZURE,162,920,000170000169
WO-2170858,ASSET-00178,Corrective,BELT-FAILURE,199,1891,000170000169
WO-2170859,ASSET-00178,Preventive,,0,,000170000169
WO-2170860,ASSET-00178,Preventive,,0,,000170000169
WO-2170861,ASSET-00179,Corrective,MOTOR-BURNOUT,197,1654,000170000170
WO-2170862,ASSET-00179,Preventive,,0,,000170000170
WO-2170863,ASSET-00179,Preventive,,0,,000170000170
WO-2170864,ASSET-00180,Preventive,,0,,000170000171
WO-2170865,ASSET-00180,Emergency,SPINDLE-SEIZURE,535,906,000170000171
WO-2170866,ASSET-00181,Preventive,,0,,000170000172
WO-2170867,ASSET-00181,Preventive,,0,,000170000172
WO-2170868,ASSET-00181,Preventive,,0,,000170000172
WO-2170869,ASSET-00181,Preventive,,0,,000170000172
WO-2170870,ASSET-00181,Preventive,,0,,000170000172
WO-2170871,ASSET-00181,Corrective,CONTROLLER-FAULT,80,477,000170000172
WO-2170872,ASSET-00181,Corrective,PNEUMATIC-LEAK,111,767,000170000172
WO-2170873,ASSET-00181,Preventive,,0,,000170000172
WO-2170874,ASSET-00182,Corrective,BEARING-FAILURE,168,1264,000170000173
WO-2170875,ASSET-00182,Preventive,,0,,000170000173
WO-2170876,ASSET-00182,Corrective,CALIBRATION-DRIFT,102,538,000170000173
WO-2170877,ASSET-00182,Preventive,,0,,000170000173
WO-2170878,ASSET-00182,Preventive,,0,,000170000173
WO-2170879,ASSET-00182,Corrective,PNEUMATIC-LEAK,46,811,000170000173
WO-2170880,ASSET-00183,Corrective,MOTOR-BURNOUT,83,1086,000170000174
WO-2170881,ASSET-00183,Corrective,CALIBRATION-DRIFT,114,1855,000170000174
WO-2170882,ASSET-00183,Preventive,,0,,000170000174
WO-2170883,ASSET-00183,Preventive,,0,,000170000174
WO-2170884,ASSET-00183,Preventive,,0,,000170000174
WO-2170885,ASSET-00183,Corrective,CONTROLLER-FAULT,155,1045,000170000174
WO-2170886,ASSET-00183,Corrective,SPINDLE-SEIZURE,172,1989,000170000174
WO-2170887,ASSET-00183,Corrective,SPINDLE-SEIZURE,93,1431,000170000174
WO-2170888,ASSET-00183,Corrective,MOTOR-BURNOUT,208,827,000170000174
WO-2170889,ASSET-00184,Emergency,PNEUMATIC-LEAK,356,976,000170000175
WO-2170890,ASSET-00184,Preventive,,0,,000170000175
WO-2170891,ASSET-00184,Preventive,,0,,000170000175
WO-2170892,ASSET-00184,Corrective,PNEUMATIC-LEAK,154,628,000170000175
WO-2170893,ASSET-00184,Corrective,BELT-FAILURE,171,518,000170000175
WO-2170894,ASSET-00184,Emergency,HYDRAULIC-LEAK,271,408,000170000175
WO-2170895,ASSET-00185,Corrective,SENSOR-FAULT,36,1142,000170000176
WO-2170896,ASSET-00185,Preventive,,0,,000170000176
WO-2170897,ASSET-00185,Preventive,,0,,000170000176
WO-2170898,ASSET-00185,Corrective,BELT-FAILURE,43,428,000170000176
WO-2170899,ASSET-00185,Emergency,SPINDLE-SEIZURE,130,269,000170000176
WO-2170900,ASSET-00186,Preventive,,0,,000170000177
WO-2170901,ASSET-00186,Preventive,,0,,000170000177
WO-2170902,ASSET-00186,Corrective,SPINDLE-SEIZURE,181,1574,000170000177
WO-2170903,ASSET-00186,Corrective,PNEUMATIC-LEAK,141,1653,000170000177
WO-2170904,ASSET-00186,Emergency,PNEUMATIC-LEAK,212,1460,000170000177
WO-2170905,ASSET-00186,Preventive,,0,,000170000177
WO-2170906,ASSET-00187,Corrective,MOTOR-BURNOUT,30,269,
WO-2170907,ASSET-00187,Corrective,PNEUMATIC-LEAK,101,982,
WO-2170908,ASSET-00187,Preventive,,0,,
WO-2170909,ASSET-00188,Emergency,BEARING-FAILURE,103,1916,000170000178
WO-2170910,ASSET-00188,Corrective,PNEUMATIC-LEAK,222,1764,000170000178
WO-2170911,ASSET-00188,Corrective,SENSOR-FAULT,81,1464,000170000178
WO-2170912,ASSET-00188,Preventive,,0,,000170000178
WO-2170913,ASSET-00188,Preventive,,0,,000170000178
WO-2170914,ASSET-00189,Emergency,DIE-WEAR,335,855,000170000179
WO-2170915,ASSET-00189,Corrective,SENSOR-FAULT,175,1138,000170000179
WO-2170916,ASSET-00189,Corrective,CONTROLLER-FAULT,191,1016,000170000179
WO-2170917,ASSET-00189,Preventive,,0,,000170000179
WO-2170918,ASSET-00190,Preventive,,0,,000170000180
WO-2170919,ASSET-00190,Corrective,CALIBRATION-DRIFT,128,304,000170000180
WO-2170920,ASSET-00190,Emergency,CONTROLLER-FAULT,249,1887,000170000180
WO-2170921,ASSET-00190,Corrective,SENSOR-FAULT,182,370,000170000180
WO-2170922,ASSET-00190,Preventive,,0,,000170000180
WO-2170923,ASSET-00190,Preventive,,0,,000170000180
WO-2170924,ASSET-00190,Corrective,PNEUMATIC-LEAK,240,1302,000170000180
WO-2170925,ASSET-00191,Emergency,SENSOR-FAULT,458,243,000170000181
WO-2170926,ASSET-00191,Preventive,,0,,000170000181
WO-2170927,ASSET-00191,Preventive,,0,,000170000181
WO-2170928,ASSET-00191,Corrective,BELT-FAILURE,136,1653,000170000181
WO-2170929,ASSET-00191,Corrective,CONTROLLER-FAULT,217,496,000170000181
WO-2170930,ASSET-00191,Corrective,HYDRAULIC-LEAK,210,1128,000170000181
WO-2170931,ASSET-00191,Preventive,,0,,000170000181
WO-2170932,ASSET-00191,Preventive,,0,,000170000181
WO-2170933,ASSET-00193,Emergency,DIE-WEAR,518,496,000170000183
WO-2170934,ASSET-00193,Preventive,,0,,000170000183
WO-2170935,ASSET-00193,Preventive,,0,,000170000183
WO-2170936,ASSET-00193,Corrective,BEARING-FAILURE,49,861,000170000183
WO-2170937,ASSET-00194,Corrective,MOTOR-BURNOUT,136,248,000170000184
WO-2170938,ASSET-00194,Preventive,,0,,000170000184
WO-2170939,ASSET-00194,Preventive,,0,,000170000184
WO-2170940,ASSET-00194,Emergency,PNEUMATIC-LEAK,515,516,000170000184
WO-2170941,ASSET-00194,Emergency,CONTROLLER-FAULT,121,1185,000170000184
WO-2170942,ASSET-00195,Preventive,,0,,000170000185
WO-2170943,ASSET-00195,Corrective,BEARING-FAILURE,37,238,000170000185
WO-2170944,ASSET-00195,Corrective,PNEUMATIC-LEAK,142,1353,000170000185
WO-2170945,ASSET-00195,Preventive,,0,,000170000185
WO-2170946,ASSET-00195,Preventive,,0,,000170000185
WO-2170947,ASSET-00195,Emergency,SPINDLE-SEIZURE,171,1962,000170000185
WO-2170948,ASSET-00195,Preventive,,0,,000170000185
WO-2170949,ASSET-00196,Corrective,CONTROLLER-FAULT,173,280,000170000186
WO-2170950,ASSET-00196,Corrective,CONTROLLER-FAULT,193,645,000170000186
WO-2170951,ASSET-00197,Corrective,SENSOR-FAULT,104,1985,
WO-2170952,ASSET-00197,Preventive,,0,,
WO-2170953,ASSET-00197,Preventive,,0,,
WO-2170954,ASSET-00197,Corrective,PNEUMATIC-LEAK,72,495,
WO-2170955,ASSET-00197,Preventive,,0,,
WO-2170956,ASSET-00197,Corrective,MOTOR-BURNOUT,132,1035,
WO-2170957,ASSET-00197,Corrective,DIE-WEAR,135,1812,
WO-2170958,ASSET-00198,Preventive,,0,,000170000187
WO-2170959,ASSET-00198,Corrective,MOTOR-BURNOUT,44,665,000170000187
WO-2170960,ASSET-00198,Preventive,,0,,000170000187
WO-2170961,ASSET-00198,Preventive,,0,,000170000187
WO-2170962,ASSET-00198,Corrective,DIE-WEAR,223,1844,000170000187
WO-2170963,ASSET-00198,Emergency,PNEUMATIC-LEAK,345,1647,000170000187
WO-2170964,ASSET-00198,Preventive,,0,,000170000187
WO-2170965,ASSET-00198,Emergency,SPINDLE-SEIZURE,317,714,000170000187
WO-2170966,ASSET-00199,Preventive,,0,,000170000188
WO-2170967,ASSET-00199,Corrective,SENSOR-FAULT,95,1222,000170000188
WO-2170968,ASSET-00199,Preventive,,0,,000170000188
WO-2170969,ASSET-00199,Corrective,SENSOR-FAULT,101,868,000170000188
WO-2170970,ASSET-00199,Corrective,BEARING-FAILURE,58,306,000170000188
WO-2170971,ASSET-00200,Corrective,SPINDLE-SEIZURE,216,857,000170000189
WO-2170972,ASSET-00200,Corrective,BELT-FAILURE,39,338,000170000189
WO-2170973,ASSET-00200,Preventive,,0,,000170000189
WO-2170974,ASSET-00200,Preventive,,0,,000170000189
WO-2170975,ASSET-00201,Preventive,,0,,000170000190
WO-2170976,ASSET-00201,Preventive,,0,,000170000190
WO-2170977,ASSET-00201,Corrective,CONTROLLER-FAULT,185,1950,000170000190
WO-2170978,ASSET-00201,Preventive,,0,,000170000190
WO-2170979,ASSET-00201,Preventive,,0,,000170000190
WO-2170980,ASSET-00201,Corrective,DIE-WEAR,164,606,000170000190
WO-2170981,ASSET-00201,Preventive,,0,,000170000190
WO-2170982,ASSET-00201,Preventive,,0,,000170000190
WO-2170983,ASSET-00201,Preventive,,0,,000170000190
WO-2170984,ASSET-00202,Corrective,PNEUMATIC-LEAK,64,210,
WO-2170985,ASSET-00202,Corrective,CALIBRATION-DRIFT,48,1285,
WO-2170986,ASSET-00202,Preventive,,0,,
WO-2170987,ASSET-00202,Corrective,BELT-FAILURE,211,1774,
WO-2170988,ASSET-00203,Preventive,,0,,000170000191
WO-2170989,ASSET-00203,Preventive,,0,,000170000191
WO-2170990,ASSET-00203,Preventive,,0,,000170000191
WO-2170991,ASSET-00203,Emergency,DIE-WEAR,271,492,000170000191
WO-2170992,ASSET-00204,Corrective,CONTROLLER-FAULT,71,1324,000170000192
WO-2170993,ASSET-00204,Preventive,,0,,000170000192
WO-2170994,ASSET-00204,Preventive,,0,,000170000192
WO-2170995,ASSET-00204,Preventive,,0,,000170000192
WO-2170996,ASSET-00204,Corrective,SPINDLE-SEIZURE,180,1868,000170000192
WO-2170997,ASSET-00204,Emergency,PNEUMATIC-LEAK,358,1788,000170000192
WO-2170998,ASSET-00205,Corrective,HYDRAULIC-LEAK,135,1767,000170000193
WO-2170999,ASSET-00205,Preventive,,0,,000170000193
WO-2171000,ASSET-00205,Corrective,CONTROLLER-FAULT,102,1552,000170000193
WO-2171001,ASSET-00205,Emergency,CALIBRATION-DRIFT,163,620,000170000193
WO-2171002,ASSET-00206,Preventive,,0,,000170000194
WO-2171003,ASSET-00206,Corrective,PNEUMATIC-LEAK,124,1872,000170000194
WO-2171004,ASSET-00206,Preventive,,0,,000170000194
WO-2171005,ASSET-00206,Preventive,,0,,000170000194
WO-2171006,ASSET-00206,Preventive,,0,,000170000194
WO-2171007,ASSET-00206,Preventive,,0,,000170000194
WO-2171008,ASSET-00207,Preventive,,0,,000170000195
WO-2171009,ASSET-00207,Preventive,,0,,000170000195
WO-2171010,ASSET-00207,Preventive,,0,,000170000195
WO-2171011,ASSET-00207,Preventive,,0,,000170000195
WO-2171012,ASSET-00207,Preventive,,0,,000170000195
WO-2171013,ASSET-00208,Corrective,HYDRAULIC-LEAK,162,911,000170000196
WO-2171014,ASSET-00208,Preventive,,0,,000170000196
WO-2171015,ASSET-00208,Preventive,,0,,000170000196
WO-2171016,ASSET-00210,Emergency,SENSOR-FAULT,100,1058,000170000198
WO-2171017,ASSET-00210,Preventive,,0,,000170000198
WO-2171018,ASSET-00211,Preventive,,0,,000170000199
WO-2171019,ASSET-00211,Preventive,,0,,000170000199
WO-2171020,ASSET-00211,Preventive,,0,,000170000199
WO-2171021,ASSET-00211,Preventive,,0,,000170000199
WO-2171022,ASSET-00212,Preventive,,0,,000170000200
WO-2171023,ASSET-00212,Preventive,,0,,000170000200
WO-2171024,ASSET-00212,Corrective,PNEUMATIC-LEAK,120,285,000170000200
WO-2171025,ASSET-00212,Corrective,CALIBRATION-DRIFT,204,1083,000170000200
WO-2171026,ASSET-00212,Preventive,,0,,000170000200
WO-2171027,ASSET-00213,Preventive,,0,,000170000201
WO-2171028,ASSET-00213,Preventive,,0,,000170000201
WO-2171029,ASSET-00213,Corrective,MOTOR-BURNOUT,196,1863,000170000201
WO-2171030,ASSET-00213,Preventive,,0,,000170000201
WO-2171031,ASSET-00213,Preventive,,0,,000170000201
WO-2171032,ASSET-00214,Preventive,,0,,000170000202
WO-2171033,ASSET-00214,Corrective,HYDRAULIC-LEAK,162,675,000170000202
WO-2171034,ASSET-00214,Corrective,CONTROLLER-FAULT,84,748,000170000202
WO-2171035,ASSET-00214,Preventive,,0,,000170000202
WO-2171036,ASSET-00214,Preventive,,0,,000170000202
WO-2171037,ASSET-00214,Emergency,CONTROLLER-FAULT,511,1217,000170000202
WO-2171038,ASSET-00215,Corrective,BEARING-FAILURE,224,1475,000170000203
WO-2171039,ASSET-00215,Preventive,,0,,000170000203
WO-2171040,ASSET-00215,Corrective,CONTROLLER-FAULT,166,1061,000170000203
WO-2171041,ASSET-00215,Preventive,,0,,000170000203
WO-2171042,ASSET-00215,Preventive,,0,,000170000203
WO-2171043,ASSET-00216,Preventive,,0,,000170000204
WO-2171044,ASSET-00216,Corrective,CONTROLLER-FAULT,233,715,000170000204
WO-2171045,ASSET-00217,Preventive,,0,,000170000205
WO-2171046,ASSET-00217,Corrective,BELT-FAILURE,71,1968,000170000205
WO-2171047,ASSET-00217,Preventive,,0,,000170000205
WO-2171048,ASSET-00218,Corrective,CALIBRATION-DRIFT,93,381,000170000206
WO-2171049,ASSET-00218,Emergency,MOTOR-BURNOUT,393,1177,000170000206
WO-2171050,ASSET-00218,Corrective,HYDRAULIC-LEAK,109,1316,000170000206
WO-2171051,ASSET-00218,Preventive,,0,,000170000206
WO-2171052,ASSET-00218,Preventive,,0,,000170000206
WO-2171053,ASSET-00218,Preventive,,0,,000170000206
WO-2171054,ASSET-00218,Preventive,,0,,000170000206
WO-2171055,ASSET-00219,Emergency,MOTOR-BURNOUT,125,1592,000170000207
WO-2171056,ASSET-00219,Corrective,HYDRAULIC-LEAK,202,331,000170000207
WO-2171057,ASSET-00219,Preventive,,0,,000170000207
WO-2171058,ASSET-00219,Preventive,,0,,000170000207
WO-2171059,ASSET-00220,Preventive,,0,,000170000208
WO-2171060,ASSET-00220,Corrective,CONTROLLER-FAULT,39,1484,000170000208
WO-2171061,ASSET-00220,Preventive,,0,,000170000208
WO-2171062,ASSET-00220,Preventive,,0,,000170000208
WO-2171063,ASSET-00220,Preventive,,0,,000170000208
WO-2171064,ASSET-00220,Corrective,BELT-FAILURE,101,659,000170000208
WO-2171065,ASSET-00220,Preventive,,0,,000170000208
WO-2171066,ASSET-00220,Preventive,,0,,000170000208
WO-2171067,ASSET-00221,Preventive,,0,,000170000209
WO-2171068,ASSET-00221,Preventive,,0,,000170000209
WO-2171069,ASSET-00221,Preventive,,0,,000170000209
WO-2171070,ASSET-00222,Preventive,,0,,000170000210
WO-2171071,ASSET-00222,Emergency,SPINDLE-SEIZURE,316,253,000170000210
WO-2171072,ASSET-00222,Emergency,PNEUMATIC-LEAK,459,594,000170000210
WO-2171073,ASSET-00222,Corrective,CONTROLLER-FAULT,167,1929,000170000210
WO-2171074,ASSET-00222,Preventive,,0,,000170000210
WO-2171075,ASSET-00223,Corrective,MOTOR-BURNOUT,172,293,000170000211
WO-2171076,ASSET-00223,Corrective,CALIBRATION-DRIFT,153,1195,000170000211
WO-2171077,ASSET-00223,Corrective,CONTROLLER-FAULT,151,1084,000170000211
WO-2171078,ASSET-00223,Emergency,DIE-WEAR,79,459,000170000211
WO-2171079,ASSET-00223,Corrective,SENSOR-FAULT,225,1840,000170000211
WO-2171080,ASSET-00223,Corrective,BELT-FAILURE,148,1865,000170000211
WO-2171081,ASSET-00224,Preventive,,0,,000170000213
WO-2171082,ASSET-00224,Preventive,,0,,000170000213
WO-2171083,ASSET-00225,Preventive,,0,,000170000214
WO-2171084,ASSET-00225,Corrective,PNEUMATIC-LEAK,157,813,000170000214
WO-2171085,ASSET-00225,Corrective,MOTOR-BURNOUT,36,1657,000170000214
WO-2171086,ASSET-00225,Preventive,,0,,000170000214
WO-2171087,ASSET-00225,Preventive,,0,,000170000214
WO-2171088,ASSET-00225,Preventive,,0,,000170000214
WO-2171089,ASSET-00226,Preventive,,0,,
WO-2171090,ASSET-00226,Emergency,BEARING-FAILURE,321,1419,
WO-2171091,ASSET-00226,Preventive,,0,,
WO-2171092,ASSET-00226,Preventive,,0,,
WO-2171093,ASSET-00226,Emergency,MOTOR-BURNOUT,333,526,
WO-2171094,ASSET-00226,Emergency,CALIBRATION-DRIFT,252,557,
WO-2171095,ASSET-00227,Preventive,,0,,000170000215
WO-2171096,ASSET-00227,Preventive,,0,,000170000215
WO-2171097,ASSET-00227,Preventive,,0,,000170000215
WO-2171098,ASSET-00227,Preventive,,0,,000170000215
WO-2171099,ASSET-00227,Corrective,PNEUMATIC-LEAK,235,1557,000170000215
WO-2171100,ASSET-00228,Corrective,MOTOR-BURNOUT,81,512,000170000216
WO-2171101,ASSET-00228,Emergency,DIE-WEAR,367,1224,000170000216
WO-2171102,ASSET-00228,Emergency,HYDRAULIC-LEAK,502,1067,000170000216
WO-2171103,ASSET-00228,Preventive,,0,,000170000216
WO-2171104,ASSET-00228,Preventive,,0,,000170000216
WO-2171105,ASSET-00228,Preventive,,0,,000170000216
WO-2171106,ASSET-00229,Corrective,DIE-WEAR,47,1291,000170000217
WO-2171107,ASSET-00229,Preventive,,0,,000170000217
WO-2171108,ASSET-00229,Emergency,SENSOR-FAULT,460,593,000170000217
WO-2171109,ASSET-00229,Preventive,,0,,000170000217
WO-2171110,ASSET-00229,Preventive,,0,,000170000217
WO-2171111,ASSET-00229,Corrective,CALIBRATION-DRIFT,219,531,000170000217
WO-2171112,ASSET-00229,Preventive,,0,,000170000217
WO-2171113,ASSET-00230,Preventive,,0,,000170000218
WO-2171114,ASSET-00230,Corrective,SPINDLE-SEIZURE,73,541,000170000218
WO-2171115,ASSET-00230,Corrective,BELT-FAILURE,206,267,000170000218
WO-2171116,ASSET-00230,Preventive,,0,,000170000218
WO-2171117,ASSET-00230,Emergency,DIE-WEAR,597,1275,000170000218
WO-2171118,ASSET-00231,Preventive,,0,,000170000219
WO-2171119,ASSET-00231,Corrective,BEARING-FAILURE,217,1761,000170000219
WO-2171120,ASSET-00231,Preventive,,0,,000170000219
WO-2171121,ASSET-00231,Preventive,,0,,000170000219
WO-2171122,ASSET-00231,Preventive,,0,,000170000219
WO-2171123,ASSET-00232,Corrective,BELT-FAILURE,68,690,000170000220
WO-2171124,ASSET-00232,Preventive,,0,,000170000220
WO-2171125,ASSET-00232,Preventive,,0,,000170000220
WO-2171126,ASSET-00233,Preventive,,0,,
WO-2171127,ASSET-00233,Corrective,PNEUMATIC-LEAK,83,885,
WO-2171128,ASSET-00233,Preventive,,0,,
WO-2171129,ASSET-00233,Preventive,,0,,
WO-2171130,ASSET-00234,Corrective,CONTROLLER-FAULT,148,1581,000170000221
WO-2171131,ASSET-00234,Preventive,,0,,000170000221
WO-2171132,ASSET-00234,Corrective,CALIBRATION-DRIFT,123,1251,000170000221
WO-2171133,ASSET-00234,Emergency,MOTOR-BURNOUT,576,1958,000170000221
WO-2171134,ASSET-00235,Preventive,,0,,000170000222
WO-2171135,ASSET-00235,Preventive,,0,,000170000222
WO-2171136,ASSET-00235,Corrective,DIE-WEAR,50,861,000170000222
WO-2171137,ASSET-00235,Preventive,,0,,000170000222
WO-2171138,ASSET-00236,Preventive,,0,,000170000223
WO-2171139,ASSET-00236,Preventive,,0,,000170000223
WO-2171140,ASSET-00236,Corrective,MOTOR-BURNOUT,94,1933,000170000223
WO-2171141,ASSET-00236,Preventive,,0,,000170000223
WO-2171142,ASSET-00236,Preventive,,0,,000170000223
WO-2171143,ASSET-00236,Preventive,,0,,000170000223
WO-2171144,ASSET-00236,Preventive,,0,,000170000223
WO-2171145,ASSET-00237,Preventive,,0,,000170000224
WO-2171146,ASSET-00237,Corrective,DIE-WEAR,220,1121,000170000224
WO-2171147,ASSET-00237,Preventive,,0,,000170000224
WO-2171148,ASSET-00237,Preventive,,0,,000170000224
WO-2171149,ASSET-00237,Emergency,DIE-WEAR,198,1708,000170000224
WO-2171150,ASSET-00237,Corrective,DIE-WEAR,157,973,000170000224
WO-2171151,ASSET-00237,Corrective,BEARING-FAILURE,56,1410,000170000224
WO-2171152,ASSET-00238,Preventive,,0,,000170000225
WO-2171153,ASSET-00238,Corrective,CONTROLLER-FAULT,195,813,000170000225
WO-2171154,ASSET-00238,Corrective,SPINDLE-SEIZURE,128,1314,000170000225
WO-2171155,ASSET-00238,Preventive,,0,,000170000225
WO-2171156,ASSET-00238,Preventive,,0,,000170000225
WO-2171157,ASSET-00238,Preventive,,0,,000170000225
WO-2171158,ASSET-00239,Emergency,SPINDLE-SEIZURE,217,1734,000170000226
WO-2171159,ASSET-00239,Preventive,,0,,000170000226
WO-2171160,ASSET-00239,Corrective,HYDRAULIC-LEAK,240,670,000170000226
WO-2171161,ASSET-00240,Corrective,CALIBRATION-DRIFT,219,1907,000170000227
WO-2171162,ASSET-00240,Corrective,CALIBRATION-DRIFT,37,1044,000170000227
WO-2171163,ASSET-00241,Corrective,SPINDLE-SEIZURE,60,1129,
WO-2171164,ASSET-00242,Preventive,,0,,000170000228
WO-2171165,ASSET-00242,Preventive,,0,,000170000228
WO-2171166,ASSET-00242,Corrective,MOTOR-BURNOUT,131,433,000170000228
WO-2171167,ASSET-00242,Emergency,HYDRAULIC-LEAK,494,905,000170000228
WO-2171168,ASSET-00242,Corrective,CALIBRATION-DRIFT,138,1807,000170000228
WO-2171169,ASSET-00243,Preventive,,0,,000170000229
WO-2171170,ASSET-00243,Preventive,,0,,000170000229
WO-2171171,ASSET-00243,Preventive,,0,,000170000229
WO-2171172,ASSET-00243,Emergency,SENSOR-FAULT,188,1496,000170000229
WO-2171173,ASSET-00243,Preventive,,0,,000170000229
WO-2171174,ASSET-00243,Preventive,,0,,000170000229
WO-2171175,ASSET-00243,Emergency,BEARING-FAILURE,387,425,000170000229
WO-2171176,ASSET-00243,Corrective,BELT-FAILURE,226,557,000170000229
WO-2171177,ASSET-00243,Corrective,MOTOR-BURNOUT,113,660,000170000229
WO-2171178,ASSET-00244,Preventive,,0,,000170000230
WO-2171179,ASSET-00244,Emergency,DIE-WEAR,428,1207,000170000230
WO-2171180,ASSET-00245,Corrective,CALIBRATION-DRIFT,74,1802,000170000231
WO-2171181,ASSET-00245,Corrective,MOTOR-BURNOUT,202,1627,000170000231
WO-2171182,ASSET-00245,Preventive,,0,,000170000231
WO-2171183,ASSET-00246,Emergency,CALIBRATION-DRIFT,270,1617,000170000232
WO-2171184,ASSET-00246,Preventive,,0,,000170000232
WO-2171185,ASSET-00246,Preventive,,0,,000170000232
WO-2171186,ASSET-00247,Preventive,,0,,000170000233
WO-2171187,ASSET-00247,Preventive,,0,,000170000233
WO-2171188,ASSET-00247,Corrective,SENSOR-FAULT,235,1378,000170000233
WO-2171189,ASSET-00247,Corrective,BELT-FAILURE,170,368,000170000233
WO-2171190,ASSET-00247,Preventive,,0,,000170000233
WO-2171191,ASSET-00247,Preventive,,0,,000170000233
WO-2171192,ASSET-00248,Preventive,,0,,000170000234
WO-2171193,ASSET-00248,Preventive,,0,,000170000234
WO-2171194,ASSET-00248,Preventive,,0,,000170000234
WO-2171195,ASSET-00248,Corrective,BELT-FAILURE,186,1689,000170000234
WO-2171196,ASSET-00248,Corrective,HYDRAULIC-LEAK,130,673,000170000234
WO-2171197,ASSET-00248,Corrective,MOTOR-BURNOUT,206,1751,000170000234
WO-2171198,ASSET-00248,Corrective,CONTROLLER-FAULT,108,203,000170000234
WO-2171199,ASSET-00249,Preventive,,0,,000170000235
WO-2171200,ASSET-00249,Corrective,MOTOR-BURNOUT,44,446,000170000235
WO-2171201,ASSET-00249,Corrective,MOTOR-BURNOUT,44,1387,000170000235
WO-2171202,ASSET-00249,Preventive,,0,,000170000235
WO-2171203,ASSET-00249,Corrective,SENSOR-FAULT,158,1156,000170000235
WO-2171204,ASSET-00249,Corrective,BEARING-FAILURE,197,996,000170000235
WO-2171205,ASSET-00250,Corrective,HYDRAULIC-LEAK,186,1317,000170000236
WO-2171206,ASSET-00250,Preventive,,0,,000170000236
WO-2171207,ASSET-00250,Preventive,,0,,000170000236
WO-2171208,ASSET-00250,Preventive,,0,,000170000236
WO-2171209,ASSET-00250,Corrective,HYDRAULIC-LEAK,225,930,000170000236
WO-2171210,ASSET-00250,Preventive,,0,,000170000236
WO-2171211,ASSET-00250,Preventive,,0,,000170000236
WO-2171212,ASSET-00250,Preventive,,0,,000170000236
WO-2171213,ASSET-00250,Preventive,,0,,000170000236
WO-2171214,ASSET-00251,Corrective,PNEUMATIC-LEAK,231,1350,000170000237
WO-2171215,ASSET-00251,Preventive,,0,,000170000237
WO-2171216,ASSET-00251,Corrective,DIE-WEAR,99,891,000170000237
WO-2171217,ASSET-00251,Preventive,,0,,000170000237
WO-2171218,ASSET-00251,Preventive,,0,,000170000237
WO-2171219,ASSET-00251,Preventive,,0,,000170000237
WO-2171220,ASSET-00252,Preventive,,0,,000170000238
WO-2171221,ASSET-00252,Corrective,BELT-FAILURE,188,1128,000170000238
WO-2171222,ASSET-00252,Emergency,MOTOR-BURNOUT,430,478,000170000238
WO-2171223,ASSET-00252,Preventive,,0,,000170000238
WO-2171224,ASSET-00252,Emergency,BELT-FAILURE,449,840,000170000238
WO-2171225,ASSET-00253,Corrective,DIE-WEAR,157,1669,000170000239
WO-2171226,ASSET-00253,Emergency,CALIBRATION-DRIFT,187,356,000170000239
WO-2171227,ASSET-00253,Preventive,,0,,000170000239
WO-2171228,ASSET-00253,Preventive,,0,,000170000239
WO-2171229,ASSET-00253,Corrective,MOTOR-BURNOUT,197,1607,000170000239
WO-2171230,ASSET-00253,Corrective,CONTROLLER-FAULT,132,1639,000170000239
WO-2171231,ASSET-00254,Preventive,,0,,000170000240
WO-2171232,ASSET-00254,Corrective,CALIBRATION-DRIFT,62,517,000170000240
WO-2171233,ASSET-00254,Preventive,,0,,000170000240
WO-2171234,ASSET-00254,Preventive,,0,,000170000240
WO-2171235,ASSET-00254,Emergency,DIE-WEAR,65,1300,000170000240
WO-2171236,ASSET-00255,Corrective,CONTROLLER-FAULT,159,1630,000170000241
WO-2171237,ASSET-00255,Preventive,,0,,000170000241
WO-2171238,ASSET-00255,Corrective,BEARING-FAILURE,212,1380,000170000241
WO-2171239,ASSET-00255,Preventive,,0,,000170000241
WO-2171240,ASSET-00255,Corrective,BEARING-FAILURE,149,1669,000170000241
WO-2171241,ASSET-00255,Corrective,DIE-WEAR,143,1135,000170000241
WO-2171242,ASSET-00256,Emergency,CONTROLLER-FAULT,173,1669,000170000242
WO-2171243,ASSET-00256,Corrective,HYDRAULIC-LEAK,178,1743,000170000242
WO-2171244,ASSET-00256,Corrective,CONTROLLER-FAULT,150,1673,000170000242
WO-2171245,ASSET-00256,Preventive,,0,,000170000242
WO-2171246,ASSET-00257,Preventive,,0,,000170000243
WO-2171247,ASSET-00257,Preventive,,0,,000170000243
WO-2171248,ASSET-00257,Preventive,,0,,000170000243
WO-2171249,ASSET-00258,Preventive,,0,,000170000244
WO-2171250,ASSET-00258,Preventive,,0,,000170000244
WO-2171251,ASSET-00258,Preventive,,0,,000170000244
WO-2171252,ASSET-00258,Corrective,BEARING-FAILURE,140,1928,000170000244
WO-2171253,ASSET-00259,Corrective,DIE-WEAR,50,1756,000170000245
WO-2171254,ASSET-00259,Corrective,BELT-FAILURE,188,673,000170000245
WO-2171255,ASSET-00259,Preventive,,0,,000170000245
WO-2171256,ASSET-00259,Corrective,BELT-FAILURE,155,236,000170000245
WO-2171257,ASSET-00259,Preventive,,0,,000170000245
WO-2171258,ASSET-00259,Preventive,,0,,000170000245
WO-2171259,ASSET-00259,Preventive,,0,,000170000245
WO-2171260,ASSET-00259,Preventive,,0,,000170000245
WO-2171261,ASSET-00260,Corrective,BELT-FAILURE,129,468,000170000246
WO-2171262,ASSET-00260,Preventive,,0,,000170000246
WO-2171263,ASSET-00260,Preventive,,0,,000170000246
WO-2171264,ASSET-00260,Preventive,,0,,000170000246
WO-2171265,ASSET-00260,Corrective,BEARING-FAILURE,43,1425,000170000246
WO-2171266,ASSET-00261,Corrective,MOTOR-BURNOUT,101,619,000170000247
WO-2171267,ASSET-00261,Preventive,,0,,000170000247
WO-2171268,ASSET-00261,Preventive,,0,,000170000247
WO-2171269,ASSET-00261,Corrective,PNEUMATIC-LEAK,89,296,000170000247
WO-2171270,ASSET-00262,Preventive,,0,,000170000248
WO-2171271,ASSET-00262,Preventive,,0,,000170000248
WO-2171272,ASSET-00262,Corrective,BELT-FAILURE,160,1669,000170000248
WO-2171273,ASSET-00262,Corrective,BEARING-FAILURE,104,1153,000170000248
WO-2171274,ASSET-00262,Preventive,,0,,000170000248
WO-2171275,ASSET-00263,Corrective,CALIBRATION-DRIFT,140,1758,000170000249
WO-2171276,ASSET-00263,Preventive,,0,,000170000249
WO-2171277,ASSET-00263,Preventive,,0,,000170000249
WO-2171278,ASSET-00263,Corrective,PNEUMATIC-LEAK,107,307,000170000249
WO-2171279,ASSET-00264,Corrective,MOTOR-BURNOUT,87,1679,000170000250
WO-2171280,ASSET-00264,Corrective,CALIBRATION-DRIFT,183,1194,000170000250
WO-2171281,ASSET-00264,Preventive,,0,,000170000250
WO-2171282,ASSET-00264,Corrective,SPINDLE-SEIZURE,153,519,000170000250
WO-2171283,ASSET-00264,Preventive,,0,,000170000250
WO-2171284,ASSET-00264,Corrective,PNEUMATIC-LEAK,32,1745,000170000250
WO-2171285,ASSET-00264,Preventive,,0,,000170000250
WO-2171286,ASSET-00264,Corrective,BELT-FAILURE,54,1613,000170000250
WO-2171287,ASSET-00264,Preventive,,0,,000170000250
WO-2171288,ASSET-00265,Preventive,,0,,000170000251
WO-2171289,ASSET-00265,Corrective,BEARING-FAILURE,236,552,000170000251
WO-2171290,ASSET-00265,Preventive,,0,,000170000251
WO-2171291,ASSET-00265,Preventive,,0,,000170000251
WO-2171292,ASSET-00265,Preventive,,0,,000170000251
WO-2171293,ASSET-00266,Corrective,SPINDLE-SEIZURE,175,635,000170000252
WO-2171294,ASSET-00266,Corrective,PNEUMATIC-LEAK,160,408,000170000252
WO-2171295,ASSET-00266,Corrective,DIE-WEAR,122,422,000170000252
WO-2171296,ASSET-00266,Preventive,,0,,000170000252
WO-2171297,ASSET-00267,Preventive,,0,,000170000253
WO-2171298,ASSET-00267,Preventive,,0,,000170000253
WO-2171299,ASSET-00267,Corrective,SPINDLE-SEIZURE,147,233,000170000253
WO-2171300,ASSET-00267,Preventive,,0,,000170000253
WO-2171301,ASSET-00268,Preventive,,0,,000170000254
WO-2171302,ASSET-00268,Emergency,SPINDLE-SEIZURE,588,472,000170000254
WO-2171303,ASSET-00268,Preventive,,0,,000170000254
WO-2171304,ASSET-00269,Preventive,,0,,000170000255
WO-2171305,ASSET-00269,Preventive,,0,,000170000255
WO-2171306,ASSET-00269,Preventive,,0,,000170000255
WO-2171307,ASSET-00269,Preventive,,0,,000170000255
WO-2171308,ASSET-00269,Preventive,,0,,000170000255
WO-2171309,ASSET-00269,Preventive,,0,,000170000255
WO-2171310,ASSET-00270,Emergency,SENSOR-FAULT,487,1742,000170000256
WO-2171311,ASSET-00270,Preventive,,0,,000170000256
WO-2171312,ASSET-00271,Preventive,,0,,000170000257
WO-2171313,ASSET-00271,Preventive,,0,,000170000257
WO-2171314,ASSET-00271,Corrective,HYDRAULIC-LEAK,101,1509,000170000257
WO-2171315,ASSET-00271,Corrective,CALIBRATION-DRIFT,235,777,000170000257
WO-2171316,ASSET-00271,Preventive,,0,,000170000257
WO-2171317,ASSET-00271,Preventive,,0,,000170000257
WO-2171318,ASSET-00271,Corrective,BEARING-FAILURE,211,202,000170000257
WO-2171319,ASSET-00272,Preventive,,0,,000170000258
WO-2171320,ASSET-00272,Preventive,,0,,000170000258
WO-2171321,ASSET-00272,Corrective,MOTOR-BURNOUT,44,440,000170000258
WO-2171322,ASSET-00272,Emergency,BELT-FAILURE,424,1823,000170000258
WO-2171323,ASSET-00272,Preventive,,0,,000170000258
WO-2171324,ASSET-00272,Preventive,,0,,000170000258
WO-2171325,ASSET-00273,Preventive,,0,,000170000259
WO-2171326,ASSET-00273,Preventive,,0,,000170000259
WO-2171327,ASSET-00273,Preventive,,0,,000170000259
WO-2171328,ASSET-00273,Preventive,,0,,000170000259
WO-2171329,ASSET-00273,Corrective,CALIBRATION-DRIFT,199,1133,000170000259
WO-2171330,ASSET-00273,Corrective,CONTROLLER-FAULT,30,1186,000170000259
WO-2171331,ASSET-00274,Corrective,BEARING-FAILURE,162,1731,
WO-2171332,ASSET-00274,Corrective,HYDRAULIC-LEAK,120,1185,
WO-2171333,ASSET-00274,Preventive,,0,,
WO-2171334,ASSET-00274,Corrective,PNEUMATIC-LEAK,158,1010,
WO-2171335,ASSET-00274,Corrective,CALIBRATION-DRIFT,74,1466,
WO-2171336,ASSET-00275,Preventive,,0,,000170000260
WO-2171337,ASSET-00275,Preventive,,0,,000170000260
WO-2171338,ASSET-00275,Corrective,DIE-WEAR,130,1695,000170000260
WO-2171339,ASSET-00275,Preventive,,0,,000170000260
WO-2171340,ASSET-00275,Corrective,MOTOR-BURNOUT,187,1733,000170000260
WO-2171341,ASSET-00276,Corrective,DIE-WEAR,136,1530,000170000261
WO-2171342,ASSET-00276,Preventive,,0,,000170000261
WO-2171343,ASSET-00276,Preventive,,0,,000170000261
WO-2171344,ASSET-00276,Preventive,,0,,000170000261
WO-2171345,ASSET-00276,Emergency,CALIBRATION-DRIFT,162,341,000170000261
WO-2171346,ASSET-00277,Preventive,,0,,000170000262
WO-2171347,ASSET-00277,Preventive,,0,,000170000262
WO-2171348,ASSET-00277,Corrective,BELT-FAILURE,210,1132,000170000262
WO-2171349,ASSET-00278,Corrective,HYDRAULIC-LEAK,84,968,000170000263
WO-2171350,ASSET-00278,Preventive,,0,,000170000263
WO-2171351,ASSET-00279,Preventive,,0,,000170000264
WO-2171352,ASSET-00279,Emergency,MOTOR-BURNOUT,487,911,000170000264
WO-2171353,ASSET-00279,Preventive,,0,,000170000264
WO-2171354,ASSET-00279,Corrective,PNEUMATIC-LEAK,87,1126,000170000264
WO-2171355,ASSET-00279,Preventive,,0,,000170000264
WO-2171356,ASSET-00279,Corrective,SPINDLE-SEIZURE,106,1002,000170000264
WO-2171357,ASSET-00280,Corrective,CONTROLLER-FAULT,48,1049,000170000265
WO-2171358,ASSET-00280,Corrective,CONTROLLER-FAULT,31,1399,000170000265
WO-2171359,ASSET-00280,Preventive,,0,,000170000265
WO-2171360,ASSET-00280,Preventive,,0,,000170000265
WO-2171361,ASSET-00280,Preventive,,0,,000170000265
WO-2171362,ASSET-00281,Preventive,,0,,000170000266
WO-2171363,ASSET-00281,Corrective,BEARING-FAILURE,143,1363,000170000266
WO-2171364,ASSET-00281,Preventive,,0,,000170000266
WO-2171365,ASSET-00282,Preventive,,0,,000170000268
WO-2171366,ASSET-00282,Preventive,,0,,000170000268
WO-2171367,ASSET-00282,Preventive,,0,,000170000268
WO-2171368,ASSET-00282,Corrective,CALIBRATION-DRIFT,106,424,000170000268
WO-2171369,ASSET-00282,Preventive,,0,,000170000268
WO-2171370,ASSET-00283,Preventive,,0,,000170000269
WO-2171371,ASSET-00283,Preventive,,0,,000170000269
WO-2171372,ASSET-00283,Preventive,,0,,000170000269
WO-2171373,ASSET-00283,Preventive,,0,,000170000269
WO-2171374,ASSET-00284,Corrective,CONTROLLER-FAULT,178,1326,000170000270
WO-2171375,ASSET-00284,Corrective,CALIBRATION-DRIFT,233,359,000170000270
WO-2171376,ASSET-00284,Corrective,BEARING-FAILURE,88,1241,000170000270
WO-2171377,ASSET-00284,Preventive,,0,,000170000270
WO-2171378,ASSET-00284,Corrective,BELT-FAILURE,108,1929,000170000270
WO-2171379,ASSET-00284,Preventive,,0,,000170000270
WO-2171380,ASSET-00284,Corrective,HYDRAULIC-LEAK,59,848,000170000270
WO-2171381,ASSET-00285,Preventive,,0,,000170000271
WO-2171382,ASSET-00285,Preventive,,0,,000170000271
WO-2171383,ASSET-00285,Emergency,DIE-WEAR,438,1401,000170000271
WO-2171384,ASSET-00285,Preventive,,0,,000170000271
WO-2171385,ASSET-00285,Emergency,BEARING-FAILURE,107,587,000170000271
WO-2171386,ASSET-00285,Preventive,,0,,000170000271
WO-2171387,ASSET-00285,Preventive,,0,,000170000271
WO-2171388,ASSET-00285,Preventive,,0,,000170000271
WO-2171389,ASSET-00286,Corrective,CONTROLLER-FAULT,189,1444,000170000272
WO-2171390,ASSET-00286,Emergency,PNEUMATIC-LEAK,299,608,000170000272
WO-2171391,ASSET-00287,Preventive,,0,,000170000273
WO-2171392,ASSET-00287,Corrective,SENSOR-FAULT,146,567,000170000273
WO-2171393,ASSET-00287,Preventive,,0,,000170000273
WO-2171394,ASSET-00287,Corrective,CALIBRATION-DRIFT,143,1799,000170000273
WO-2171395,ASSET-00287,Preventive,,0,,000170000273
WO-2171396,ASSET-00287,Preventive,,0,,000170000273
WO-2171397,ASSET-00288,Emergency,MOTOR-BURNOUT,224,809,000170000274
WO-2171398,ASSET-00288,Preventive,,0,,000170000274
WO-2171399,ASSET-00288,Preventive,,0,,000170000274
WO-2171400,ASSET-00289,Preventive,,0,,000170000275
WO-2171401,ASSET-00289,Preventive,,0,,000170000275
WO-2171402,ASSET-00289,Emergency,BEARING-FAILURE,276,1696,000170000275
WO-2171403,ASSET-00289,Corrective,SPINDLE-SEIZURE,205,1569,000170000275
WO-2171404,ASSET-00289,Corrective,CALIBRATION-DRIFT,204,993,000170000275
WO-2171405,ASSET-00289,Emergency,CONTROLLER-FAULT,445,846,000170000275
WO-2171406,ASSET-00290,Preventive,,0,,000170000276
WO-2171407,ASSET-00290,Corrective,BELT-FAILURE,199,1097,000170000276
WO-2171408,ASSET-00290,Preventive,,0,,000170000276
WO-2171409,ASSET-00291,Corrective,SPINDLE-SEIZURE,52,1395,000170000277
WO-2171410,ASSET-00291,Emergency,CONTROLLER-FAULT,438,323,000170000277
WO-2171411,ASSET-00291,Preventive,,0,,000170000277
WO-2171412,ASSET-00291,Preventive,,0,,000170000277
WO-2171413,ASSET-00291,Corrective,MOTOR-BURNOUT,144,1606,000170000277
WO-2171414,ASSET-00292,Preventive,,0,,000170000278
WO-2171415,ASSET-00293,Corrective,CALIBRATION-DRIFT,51,1532,
WO-2171416,ASSET-00293,Emergency,DIE-WEAR,276,714,
WO-2171417,ASSET-00293,Corrective,MOTOR-BURNOUT,94,552,
WO-2171418,ASSET-00294,Preventive,,0,,000170000279
WO-2171419,ASSET-00294,Preventive,,0,,000170000279
WO-2171420,ASSET-00294,Corrective,MOTOR-BURNOUT,86,1981,000170000279
WO-2171421,ASSET-00294,Preventive,,0,,000170000279
WO-2171422,ASSET-00294,Preventive,,0,,000170000279
WO-2171423,ASSET-00295,Corrective,PNEUMATIC-LEAK,186,1571,000170000280
WO-2171424,ASSET-00295,Corrective,HYDRAULIC-LEAK,116,956,000170000280
WO-2171425,ASSET-00297,Preventive,,0,,000170000282
WO-2171426,ASSET-00297,Corrective,MOTOR-BURNOUT,81,1129,000170000282
WO-2171427,ASSET-00297,Preventive,,0,,000170000282
WO-2171428,ASSET-00298,Preventive,,0,,000170000283
WO-2171429,ASSET-00298,Emergency,CONTROLLER-FAULT,154,966,000170000283
WO-2171430,ASSET-00298,Preventive,,0,,000170000283
WO-2171431,ASSET-00298,Preventive,,0,,000170000283
WO-2171432,ASSET-00298,Corrective,BELT-FAILURE,226,1885,000170000283
WO-2171433,ASSET-00298,Preventive,,0,,000170000283
WO-2171434,ASSET-00298,Corrective,BEARING-FAILURE,57,1081,000170000283
WO-2171435,ASSET-00298,Preventive,,0,,000170000283
WO-2171436,ASSET-00299,Corrective,BELT-FAILURE,111,654,000170000284
WO-2171437,ASSET-00299,Preventive,,0,,000170000284
WO-2171438,ASSET-00299,Corrective,DIE-WEAR,178,322,000170000284
WO-2171439,ASSET-00299,Preventive,,0,,000170000284
WO-2171440,ASSET-00299,Preventive,,0,,000170000284
WO-2171441,ASSET-00300,Preventive,,0,,000170000285
WO-2171442,ASSET-00300,Corrective,SPINDLE-SEIZURE,81,812,000170000285
WO-2171443,ASSET-00300,Corrective,CONTROLLER-FAULT,240,748,000170000285
WO-2171444,ASSET-00300,Corrective,CALIBRATION-DRIFT,115,925,000170000285
WO-2171445,ASSET-00300,Preventive,,0,,000170000285
WO-2171446,ASSET-00300,Corrective,DIE-WEAR,38,1053,000170000285
WO-2171447,ASSET-00301,Corrective,HYDRAULIC-LEAK,194,684,000170000286
WO-2171448,ASSET-00301,Emergency,BEARING-FAILURE,376,1911,000170000286
WO-2171449,ASSET-00301,Emergency,SPINDLE-SEIZURE,364,350,000170000286
WO-2171450,ASSET-00301,Corrective,CONTROLLER-FAULT,174,1735,000170000286
WO-2171451,ASSET-00301,Preventive,,0,,000170000286
WO-2171452,ASSET-00302,Preventive,,0,,000170000287
WO-2171453,ASSET-00302,Corrective,HYDRAULIC-LEAK,108,200,000170000287
WO-2171454,ASSET-00302,Preventive,,0,,000170000287
WO-2171455,ASSET-00302,Preventive,,0,,000170000287
WO-2171456,ASSET-00302,Emergency,CALIBRATION-DRIFT,315,655,000170000287
WO-2171457,ASSET-00302,Corrective,CALIBRATION-DRIFT,39,328,000170000287
WO-2171458,ASSET-00302,Corrective,PNEUMATIC-LEAK,119,1898,000170000287
WO-2171459,ASSET-00303,Preventive,,0,,000170000288
WO-2171460,ASSET-00303,Corrective,SPINDLE-SEIZURE,42,1027,000170000288
WO-2171461,ASSET-00303,Preventive,,0,,000170000288
WO-2171462,ASSET-00303,Corrective,SENSOR-FAULT,120,1794,000170000288
WO-2171463,ASSET-00303,Preventive,,0,,000170000288
WO-2171464,ASSET-00303,Preventive,,0,,000170000288
WO-2171465,ASSET-00303,Corrective,SENSOR-FAULT,121,1950,000170000288
WO-2171466,ASSET-00303,Preventive,,0,,000170000288
WO-2171467,ASSET-00304,Preventive,,0,,000170000289
WO-2171468,ASSET-00304,Preventive,,0,,000170000289
WO-2171469,ASSET-00304,Corrective,CONTROLLER-FAULT,201,819,000170000289
WO-2171470,ASSET-00304,Preventive,,0,,000170000289
WO-2171471,ASSET-00304,Preventive,,0,,000170000289
WO-2171472,ASSET-00304,Preventive,,0,,000170000289
WO-2171473,ASSET-00304,Corrective,MOTOR-BURNOUT,178,1983,000170000289
WO-2171474,ASSET-00305,Preventive,,0,,
WO-2171475,ASSET-00305,Corrective,SPINDLE-SEIZURE,153,1975,
WO-2171476,ASSET-00305,Preventive,,0,,
WO-2171477,ASSET-00305,Emergency,DIE-WEAR,130,1398,
WO-2171478,ASSET-00306,Emergency,CALIBRATION-DRIFT,353,1735,000170000290
WO-2171479,ASSET-00306,Preventive,,0,,000170000290
WO-2171480,ASSET-00306,Corrective,CONTROLLER-FAULT,204,1530,000170000290
WO-2171481,ASSET-00307,Preventive,,0,,000170000291
WO-2171482,ASSET-00307,Preventive,,0,,000170000291
WO-2171483,ASSET-00307,Corrective,SENSOR-FAULT,187,979,000170000291
WO-2171484,ASSET-00307,Corrective,SENSOR-FAULT,240,762,000170000291
WO-2171485,ASSET-00307,Preventive,,0,,000170000291
WO-2171486,ASSET-00307,Corrective,CONTROLLER-FAULT,113,1034,000170000291
WO-2171487,ASSET-00308,Preventive,,0,,000170000292
WO-2171488,ASSET-00308,Preventive,,0,,000170000292
WO-2171489,ASSET-00308,Corrective,DIE-WEAR,156,823,000170000292
WO-2171490,ASSET-00308,Emergency,HYDRAULIC-LEAK,287,695,000170000292
WO-2171491,ASSET-00308,Preventive,,0,,000170000292
WO-2171492,ASSET-00308,Preventive,,0,,000170000292
WO-2171493,ASSET-00309,Corrective,CONTROLLER-FAULT,232,1021,000170000293
WO-2171494,ASSET-00309,Preventive,,0,,000170000293
WO-2171495,ASSET-00309,Corrective,BEARING-FAILURE,115,1848,000170000293
WO-2171496,ASSET-00309,Preventive,,0,,000170000293
WO-2171497,ASSET-00310,Corrective,CALIBRATION-DRIFT,230,1434,
WO-2171498,ASSET-00310,Preventive,,0,,
WO-2171499,ASSET-00310,Corrective,CONTROLLER-FAULT,41,1402,
WO-2171500,ASSET-00310,Corrective,CONTROLLER-FAULT,116,209,
WO-2171501,ASSET-00310,Corrective,CONTROLLER-FAULT,156,222,
WO-2171502,ASSET-00311,Preventive,,0,,000170000294
WO-2171503,ASSET-00311,Preventive,,0,,000170000294
WO-2171504,ASSET-00311,Preventive,,0,,000170000294
WO-2171505,ASSET-00312,Preventive,,0,,000170000295
WO-2171506,ASSET-00312,Preventive,,0,,000170000295
WO-2171507,ASSET-00312,Corrective,PNEUMATIC-LEAK,34,1675,000170000295
WO-2171508,ASSET-00312,Preventive,,0,,000170000295
WO-2171509,ASSET-00312,Preventive,,0,,000170000295
WO-2171510,ASSET-00313,Corrective,BELT-FAILURE,179,1719,000170000296
WO-2171511,ASSET-00313,Preventive,,0,,000170000296
WO-2171512,ASSET-00313,Corrective,SPINDLE-SEIZURE,183,707,000170000296
WO-2171513,ASSET-00313,Preventive,,0,,000170000296
WO-2171514,ASSET-00313,Preventive,,0,,000170000296
WO-2171515,ASSET-00313,Preventive,,0,,000170000296
WO-2171516,ASSET-00313,Preventive,,0,,000170000296
WO-2171517,ASSET-00313,Corrective,HYDRAULIC-LEAK,32,1917,000170000296
WO-2171518,ASSET-00313,Preventive,,0,,000170000296
WO-2171519,ASSET-00314,Corrective,CONTROLLER-FAULT,38,482,
WO-2171520,ASSET-00314,Preventive,,0,,
WO-2171521,ASSET-00314,Preventive,,0,,
WO-2171522,ASSET-00314,Corrective,SENSOR-FAULT,204,401,
WO-2171523,ASSET-00314,Corrective,HYDRAULIC-LEAK,30,1052,
WO-2171524,ASSET-00314,Preventive,,0,,
WO-2171525,ASSET-00314,Preventive,,0,,
WO-2171526,ASSET-00315,Preventive,,0,,000170000297
WO-2171527,ASSET-00315,Emergency,DIE-WEAR,206,1414,000170000297
WO-2171528,ASSET-00315,Corrective,CALIBRATION-DRIFT,160,1368,000170000297
WO-2171529,ASSET-00315,Emergency,BEARING-FAILURE,191,287,000170000297
WO-2171530,ASSET-00315,Preventive,,0,,000170000297
WO-2171531,ASSET-00316,Corrective,BELT-FAILURE,84,1505,000170000298
WO-2171532,ASSET-00316,Emergency,BEARING-FAILURE,539,319,000170000298
WO-2171533,ASSET-00316,Preventive,,0,,000170000298
WO-2171534,ASSET-00316,Preventive,,0,,000170000298
WO-2171535,ASSET-00316,Preventive,,0,,000170000298
WO-2171536,ASSET-00316,Corrective,SENSOR-FAULT,50,1552,000170000298
WO-2171537,ASSET-00316,Preventive,,0,,000170000298
WO-2171538,ASSET-00316,Preventive,,0,,000170000298
WO-2171539,ASSET-00316,Preventive,,0,,000170000298
WO-2171540,ASSET-00317,Preventive,,0,,000170000299
WO-2171541,ASSET-00317,Preventive,,0,,000170000299
WO-2171542,ASSET-00317,Preventive,,0,,000170000299
WO-2171543,ASSET-00317,Corrective,DIE-WEAR,54,1919,000170000299
WO-2171544,ASSET-00317,Emergency,PNEUMATIC-LEAK,319,309,000170000299
WO-2171545,ASSET-00317,Preventive,,0,,000170000299
WO-2171546,ASSET-00317,Corrective,HYDRAULIC-LEAK,73,1035,000170000299
WO-2171547,ASSET-00318,Corrective,DIE-WEAR,167,679,000170000300
WO-2171548,ASSET-00318,Corrective,CALIBRATION-DRIFT,77,1385,000170000300
WO-2171549,ASSET-00318,Corrective,SENSOR-FAULT,173,830,000170000300
WO-2171550,ASSET-00318,Preventive,,0,,000170000300
WO-2171551,ASSET-00318,Corrective,MOTOR-BURNOUT,167,586,000170000300
WO-2171552,ASSET-00319,Preventive,,0,,000170000301
WO-2171553,ASSET-00319,Corrective,HYDRAULIC-LEAK,168,1211,000170000301
WO-2171554,ASSET-00319,Corrective,SENSOR-FAULT,114,1541,000170000301
WO-2171555,ASSET-00319,Preventive,,0,,000170000301
WO-2171556,ASSET-00319,Preventive,,0,,000170000301
WO-2171557,ASSET-00319,Preventive,,0,,000170000301
WO-2171558,ASSET-00319,Preventive,,0,,000170000301
WO-2171559,ASSET-00319,Corrective,PNEUMATIC-LEAK,84,719,000170000301
WO-2171560,ASSET-00319,Preventive,,0,,000170000301
WO-2171561,ASSET-00319,Corrective,CONTROLLER-FAULT,105,1836,000170000301
WO-2171562,ASSET-00319,Preventive,,0,,000170000301
WO-2171563,ASSET-00320,Corrective,SPINDLE-SEIZURE,101,1828,000170000302
WO-2171564,ASSET-00320,Preventive,,0,,000170000302
WO-2171565,ASSET-00320,Preventive,,0,,000170000302
WO-2171566,ASSET-00320,Emergency,DIE-WEAR,159,1677,000170000302
WO-2171567,ASSET-00320,Corrective,HYDRAULIC-LEAK,78,448,000170000302
WO-2171568,ASSET-00321,Preventive,,0,,000170000303
WO-2171569,ASSET-00321,Preventive,,0,,000170000303
WO-2171570,ASSET-00321,Corrective,DIE-WEAR,61,218,000170000303
WO-2171571,ASSET-00321,Corrective,SENSOR-FAULT,116,777,000170000303
WO-2171572,ASSET-00321,Emergency,CONTROLLER-FAULT,425,1276,000170000303
WO-2171573,ASSET-00321,Corrective,MOTOR-BURNOUT,198,1899,000170000303
WO-2171574,ASSET-00322,Preventive,,0,,
WO-2171575,ASSET-00322,Preventive,,0,,
WO-2171576,ASSET-00322,Preventive,,0,,
WO-2171577,ASSET-00322,Corrective,HYDRAULIC-LEAK,98,1820,
WO-2171578,ASSET-00322,Preventive,,0,,
WO-2171579,ASSET-00322,Corrective,HYDRAULIC-LEAK,118,916,
WO-2171580,ASSET-00322,Preventive,,0,,
WO-2171581,ASSET-00323,Corrective,BEARING-FAILURE,234,516,000170000304
WO-2171582,ASSET-00323,Corrective,SPINDLE-SEIZURE,106,1395,000170000304
WO-2171583,ASSET-00324,Corrective,CONTROLLER-FAULT,105,353,000170000305
WO-2171584,ASSET-00324,Preventive,,0,,000170000305
WO-2171585,ASSET-00324,Preventive,,0,,000170000305
WO-2171586,ASSET-00324,Emergency,CONTROLLER-FAULT,249,1484,000170000305
WO-2171587,ASSET-00324,Emergency,BEARING-FAILURE,554,748,000170000305
WO-2171588,ASSET-00324,Preventive,,0,,000170000305
WO-2171589,ASSET-00325,Emergency,BELT-FAILURE,400,905,000170000306
WO-2171590,ASSET-00325,Corrective,HYDRAULIC-LEAK,33,340,000170000306
WO-2171591,ASSET-00325,Emergency,BEARING-FAILURE,227,215,000170000306
WO-2171592,ASSET-00326,Preventive,,0,,000170000307
WO-2171593,ASSET-00326,Corrective,BEARING-FAILURE,109,1260,000170000307
WO-2171594,ASSET-00326,Corrective,HYDRAULIC-LEAK,63,718,000170000307
WO-2171595,ASSET-00326,Corrective,BEARING-FAILURE,136,797,000170000307
WO-2171596,ASSET-00326,Preventive,,0,,000170000307
WO-2171597,ASSET-00326,Corrective,PNEUMATIC-LEAK,85,1101,000170000307
WO-2171598,ASSET-00326,Corrective,CONTROLLER-FAULT,37,1104,000170000307
WO-2171599,ASSET-00326,Preventive,,0,,000170000307
WO-2171600,ASSET-00326,Corrective,SENSOR-FAULT,160,1168,000170000307
WO-2171601,ASSET-00327,Preventive,,0,,000170000308
WO-2171602,ASSET-00327,Corrective,SPINDLE-SEIZURE,197,1410,000170000308
WO-2171603,ASSET-00327,Corrective,BEARING-FAILURE,128,1935,000170000308
WO-2171604,ASSET-00327,Corrective,CALIBRATION-DRIFT,225,718,000170000308
WO-2171605,ASSET-00327,Emergency,CONTROLLER-FAULT,524,1712,000170000308
WO-2171606,ASSET-00328,Corrective,SPINDLE-SEIZURE,217,1457,000170000309
WO-2171607,ASSET-00328,Preventive,,0,,000170000309
WO-2171608,ASSET-00328,Preventive,,0,,000170000309
WO-2171609,ASSET-00328,Preventive,,0,,000170000309
WO-2171610,ASSET-00328,Emergency,BELT-FAILURE,337,876,000170000309
WO-2171611,ASSET-00329,Preventive,,0,,
WO-2171612,ASSET-00329,Preventive,,0,,
WO-2171613,ASSET-00329,Corrective,MOTOR-BURNOUT,37,1628,
WO-2171614,ASSET-00329,Preventive,,0,,
WO-2171615,ASSET-00329,Preventive,,0,,
WO-2171616,ASSET-00329,Preventive,,0,,
WO-2171617,ASSET-00329,Preventive,,0,,
WO-2171618,ASSET-00330,Preventive,,0,,000170000310
WO-2171619,ASSET-00330,Preventive,,0,,000170000310
WO-2171620,ASSET-00330,Corrective,CONTROLLER-FAULT,54,1359,000170000310
WO-2171621,ASSET-00330,Emergency,HYDRAULIC-LEAK,445,1370,000170000310
WO-2171622,ASSET-00330,Preventive,,0,,000170000310
WO-2171623,ASSET-00330,Corrective,PNEUMATIC-LEAK,168,427,000170000310
WO-2171624,ASSET-00330,Preventive,,0,,000170000310
WO-2171625,ASSET-00330,Corrective,DIE-WEAR,104,1205,000170000310
WO-2171626,ASSET-00331,Preventive,,0,,000170000311
WO-2171627,ASSET-00331,Emergency,HYDRAULIC-LEAK,419,1836,000170000311
WO-2171628,ASSET-00331,Corrective,BEARING-FAILURE,187,545,000170000311
WO-2171629,ASSET-00331,Corrective,DIE-WEAR,97,1604,000170000311
WO-2171630,ASSET-00332,Preventive,,0,,000170000312
WO-2171631,ASSET-00332,Emergency,SPINDLE-SEIZURE,213,214,000170000312
WO-2171632,ASSET-00332,Preventive,,0,,000170000312
WO-2171633,ASSET-00332,Preventive,,0,,000170000312
WO-2171634,ASSET-00333,Preventive,,0,,
WO-2171635,ASSET-00333,Preventive,,0,,
WO-2171636,ASSET-00333,Preventive,,0,,
WO-2171637,ASSET-00333,Emergency,BELT-FAILURE,480,1199,
WO-2171638,ASSET-00333,Preventive,,0,,
WO-2171639,ASSET-00334,Preventive,,0,,000170000313
WO-2171640,ASSET-00334,Corrective,CALIBRATION-DRIFT,166,1647,000170000313
WO-2171641,ASSET-00334,Corrective,CONTROLLER-FAULT,58,1589,000170000313
WO-2171642,ASSET-00334,Corrective,PNEUMATIC-LEAK,117,1775,000170000313
WO-2171643,ASSET-00334,Preventive,,0,,000170000313
WO-2171644,ASSET-00334,Corrective,MOTOR-BURNOUT,47,1805,000170000313
WO-2171645,ASSET-00335,Corrective,CALIBRATION-DRIFT,158,475,000170000314
WO-2171646,ASSET-00335,Corrective,PNEUMATIC-LEAK,39,707,000170000314
WO-2171647,ASSET-00335,Preventive,,0,,000170000314
WO-2171648,ASSET-00335,Preventive,,0,,000170000314
WO-2171649,ASSET-00335,Corrective,BEARING-FAILURE,240,1041,000170000314
WO-2171650,ASSET-00335,Preventive,,0,,000170000314
WO-2171651,ASSET-00335,Preventive,,0,,000170000314
WO-2171652,ASSET-00335,Preventive,,0,,000170000314
WO-2171653,ASSET-00336,Preventive,,0,,000170000315
WO-2171654,ASSET-00336,Preventive,,0,,000170000315
WO-2171655,ASSET-00336,Corrective,SENSOR-FAULT,142,206,000170000315
WO-2171656,ASSET-00336,Corrective,PNEUMATIC-LEAK,131,759,000170000315
WO-2171657,ASSET-00337,Preventive,,0,,000170000316
WO-2171658,ASSET-00337,Emergency,HYDRAULIC-LEAK,267,1860,000170000316
WO-2171659,ASSET-00337,Preventive,,0,,000170000316
WO-2171660,ASSET-00337,Preventive,,0,,000170000316
WO-2171661,ASSET-00337,Preventive,,0,,000170000316
WO-2171662,ASSET-00337,Corrective,SENSOR-FAULT,68,595,000170000316
WO-2171663,ASSET-00337,Corrective,CALIBRATION-DRIFT,196,1153,000170000316
WO-2171664,ASSET-00338,Preventive,,0,,
WO-2171665,ASSET-00338,Preventive,,0,,
WO-2171666,ASSET-00338,Corrective,PNEUMATIC-LEAK,164,486,
WO-2171667,ASSET-00338,Preventive,,0,,
WO-2171668,ASSET-00338,Preventive,,0,,
WO-2171669,ASSET-00338,Corrective,DIE-WEAR,196,297,
WO-2171670,ASSET-00339,Preventive,,0,,
WO-2171671,ASSET-00340,Preventive,,0,,000170000317
WO-2171672,ASSET-00340,Preventive,,0,,000170000317
WO-2171673,ASSET-00340,Corrective,SPINDLE-SEIZURE,224,1305,000170000317
WO-2171674,ASSET-00340,Preventive,,0,,000170000317
WO-2171675,ASSET-00340,Preventive,,0,,000170000317
WO-2171676,ASSET-00341,Preventive,,0,,000170000318
WO-2171677,ASSET-00341,Emergency,SPINDLE-SEIZURE,376,762,000170000318
WO-2171678,ASSET-00341,Corrective,SENSOR-FAULT,134,907,000170000318
WO-2171679,ASSET-00342,Preventive,,0,,000170000319
WO-2171680,ASSET-00342,Preventive,,0,,000170000319
WO-2171681,ASSET-00342,Corrective,BELT-FAILURE,65,1444,000170000319
WO-2171682,ASSET-00342,Preventive,,0,,000170000319
WO-2171683,ASSET-00342,Preventive,,0,,000170000319
WO-2171684,ASSET-00342,Preventive,,0,,000170000319
WO-2171685,ASSET-00343,Corrective,SENSOR-FAULT,163,1985,000170000320
WO-2171686,ASSET-00343,Corrective,CONTROLLER-FAULT,34,313,000170000320
WO-2171687,ASSET-00343,Corrective,BEARING-FAILURE,47,1791,000170000320
WO-2171688,ASSET-00343,Preventive,,0,,000170000320
WO-2171689,ASSET-00343,Preventive,,0,,000170000320
WO-2171690,ASSET-00344,Preventive,,0,,000170000321
WO-2171691,ASSET-00344,Preventive,,0,,000170000321
WO-2171692,ASSET-00345,Preventive,,0,,000170000322
WO-2171693,ASSET-00346,Corrective,MOTOR-BURNOUT,51,988,
WO-2171694,ASSET-00346,Preventive,,0,,
WO-2171695,ASSET-00346,Preventive,,0,,
WO-2171696,ASSET-00346,Preventive,,0,,
WO-2171697,ASSET-00346,Preventive,,0,,
WO-2171698,ASSET-00347,Corrective,SENSOR-FAULT,190,1400,000170000323
WO-2171699,ASSET-00347,Corrective,DIE-WEAR,75,338,000170000323
WO-2171700,ASSET-00347,Preventive,,0,,000170000323
WO-2171701,ASSET-00347,Preventive,,0,,000170000323
WO-2171702,ASSET-00347,Preventive,,0,,000170000323
WO-2171703,ASSET-00348,Corrective,HYDRAULIC-LEAK,86,950,000170000324
WO-2171704,ASSET-00348,Corrective,DIE-WEAR,107,1975,000170000324
WO-2171705,ASSET-00348,Corrective,SENSOR-FAULT,83,473,000170000324
WO-2171706,ASSET-00348,Corrective,CONTROLLER-FAULT,195,1121,000170000324
WO-2171707,ASSET-00348,Corrective,MOTOR-BURNOUT,225,245,000170000324
WO-2171708,ASSET-00348,Corrective,SENSOR-FAULT,202,1010,000170000324
WO-2171709,ASSET-00348,Preventive,,0,,000170000324
WO-2171710,ASSET-00348,Corrective,CALIBRATION-DRIFT,182,1326,000170000324
WO-2171711,ASSET-00349,Corrective,SENSOR-FAULT,112,344,000170000325
WO-2171712,ASSET-00349,Emergency,CALIBRATION-DRIFT,70,966,000170000325
WO-2171713,ASSET-00349,Preventive,,0,,000170000325
WO-2171714,ASSET-00349,Preventive,,0,,000170000325
WO-2171715,ASSET-00349,Corrective,SPINDLE-SEIZURE,175,261,000170000325
WO-2171716,ASSET-00350,Emergency,BEARING-FAILURE,336,381,000170000326
WO-2171717,ASSET-00350,Corrective,CALIBRATION-DRIFT,169,788,000170000326
WO-2171718,ASSET-00350,Preventive,,0,,000170000326
WO-2171719,ASSET-00350,Preventive,,0,,000170000326
WO-2171720,ASSET-00350,Preventive,,0,,000170000326
WO-2171721,ASSET-00350,Emergency,SENSOR-FAULT,256,1827,000170000326
WO-2171722,ASSET-00350,Preventive,,0,,000170000326
WO-2171723,ASSET-00350,Preventive,,0,,000170000326
WO-2171724,ASSET-00350,Corrective,CONTROLLER-FAULT,71,802,000170000326
WO-2171725,ASSET-00350,Preventive,,0,,000170000326
WO-2171726,ASSET-00350,Emergency,SPINDLE-SEIZURE,91,1271,000170000326
WO-2171727,ASSET-00351,Preventive,,0,,000170000327
WO-2171728,ASSET-00351,Corrective,HYDRAULIC-LEAK,171,706,000170000327
WO-2171729,ASSET-00351,Preventive,,0,,000170000327
WO-2171730,ASSET-00351,Corrective,SENSOR-FAULT,75,1378,000170000327
WO-2171731,ASSET-00351,Corrective,DIE-WEAR,105,688,000170000327
WO-2171732,ASSET-00351,Preventive,,0,,000170000327
WO-2171733,ASSET-00352,Corrective,CALIBRATION-DRIFT,154,1924,000170000328
WO-2171734,ASSET-00352,Corrective,BEARING-FAILURE,184,226,000170000328
WO-2171735,ASSET-00352,Preventive,,0,,000170000328
WO-2171736,ASSET-00352,Emergency,CALIBRATION-DRIFT,228,1211,000170000328
WO-2171737,ASSET-00352,Corrective,HYDRAULIC-LEAK,105,1434,000170000328
WO-2171738,ASSET-00352,Preventive,,0,,000170000328
WO-2171739,ASSET-00352,Corrective,SPINDLE-SEIZURE,238,391,000170000328
WO-2171740,ASSET-00353,Preventive,,0,,000170000329
WO-2171741,ASSET-00353,Preventive,,0,,000170000329
WO-2171742,ASSET-00353,Preventive,,0,,000170000329
WO-2171743,ASSET-00353,Preventive,,0,,000170000329
WO-2171744,ASSET-00354,Preventive,,0,,000170000330
WO-2171745,ASSET-00354,Preventive,,0,,000170000330
WO-2171746,ASSET-00355,Preventive,,0,,
WO-2171747,ASSET-00355,Preventive,,0,,
WO-2171748,ASSET-00355,Preventive,,0,,
WO-2171749,ASSET-00355,Preventive,,0,,
WO-2171750,ASSET-00355,Corrective,BEARING-FAILURE,103,1679,
WO-2171751,ASSET-00355,Corrective,CALIBRATION-DRIFT,202,372,
WO-2171752,ASSET-00356,Corrective,BELT-FAILURE,69,1007,000170000331
WO-2171753,ASSET-00356,Corrective,SPINDLE-SEIZURE,164,1860,000170000331
WO-2171754,ASSET-00356,Preventive,,0,,000170000331
WO-2171755,ASSET-00356,Preventive,,0,,000170000331
WO-2171756,ASSET-00357,Preventive,,0,,000170000332
WO-2171757,ASSET-00357,Corrective,DIE-WEAR,240,341,000170000332
WO-2171758,ASSET-00358,Preventive,,0,,
WO-2171759,ASSET-00358,Preventive,,0,,
WO-2171760,ASSET-00358,Corrective,BEARING-FAILURE,227,1641,
WO-2171761,ASSET-00358,Preventive,,0,,
WO-2171762,ASSET-00358,Emergency,DIE-WEAR,183,323,
WO-2171763,ASSET-00359,Preventive,,0,,000170000334
WO-2171764,ASSET-00359,Preventive,,0,,000170000334
WO-2171765,ASSET-00359,Preventive,,0,,000170000334
WO-2171766,ASSET-00359,Preventive,,0,,000170000334
WO-2171767,ASSET-00359,Corrective,PNEUMATIC-LEAK,61,1428,000170000334
WO-2171768,ASSET-00359,Preventive,,0,,000170000334
WO-2171769,ASSET-00360,Preventive,,0,,000170000335
WO-2171770,ASSET-00360,Preventive,,0,,000170000335
WO-2171771,ASSET-00360,Preventive,,0,,000170000335
WO-2171772,ASSET-00360,Preventive,,0,,000170000335
WO-2171773,ASSET-00360,Preventive,,0,,000170000335
WO-2171774,ASSET-00360,Preventive,,0,,000170000335
WO-2171775,ASSET-00360,Preventive,,0,,000170000335
WO-2171776,ASSET-00360,Corrective,SPINDLE-SEIZURE,106,1121,000170000335
WO-2171777,ASSET-00361,Corrective,BEARING-FAILURE,101,1336,000170000336
WO-2171778,ASSET-00361,Corrective,CONTROLLER-FAULT,174,208,000170000336
WO-2171779,ASSET-00361,Corrective,PNEUMATIC-LEAK,71,582,000170000336
WO-2171780,ASSET-00362,Corrective,MOTOR-BURNOUT,197,1351,000170000337
WO-2171781,ASSET-00362,Preventive,,0,,000170000337
WO-2171782,ASSET-00362,Preventive,,0,,000170000337
WO-2171783,ASSET-00362,Preventive,,0,,000170000337
WO-2171784,ASSET-00362,Corrective,BELT-FAILURE,62,247,000170000337
WO-2171785,ASSET-00362,Corrective,SENSOR-FAULT,173,215,000170000337
WO-2171786,ASSET-00362,Emergency,HYDRAULIC-LEAK,417,1611,000170000337
WO-2171787,ASSET-00363,Preventive,,0,,
WO-2171788,ASSET-00363,Preventive,,0,,
WO-2171789,ASSET-00363,Emergency,SENSOR-FAULT,304,1462,
WO-2171790,ASSET-00363,Preventive,,0,,
WO-2171791,ASSET-00363,Preventive,,0,,
WO-2171792,ASSET-00363,Preventive,,0,,
WO-2171793,ASSET-00364,Emergency,SPINDLE-SEIZURE,218,1368,000170000338
WO-2171794,ASSET-00364,Preventive,,0,,000170000338
WO-2171795,ASSET-00364,Corrective,HYDRAULIC-LEAK,92,1824,000170000338
WO-2171796,ASSET-00364,Preventive,,0,,000170000338
WO-2171797,ASSET-00364,Preventive,,0,,000170000338
WO-2171798,ASSET-00364,Preventive,,0,,000170000338
WO-2171799,ASSET-00365,Preventive,,0,,000170000339
WO-2171800,ASSET-00365,Corrective,HYDRAULIC-LEAK,86,666,000170000339
WO-2171801,ASSET-00365,Emergency,MOTOR-BURNOUT,460,292,000170000339
WO-2171802,ASSET-00365,Preventive,,0,,000170000339
WO-2171803,ASSET-00365,Preventive,,0,,000170000339
WO-2171804,ASSET-00366,Corrective,BEARING-FAILURE,173,1639,000170000340
WO-2171805,ASSET-00366,Preventive,,0,,000170000340
WO-2171806,ASSET-00366,Corrective,SENSOR-FAULT,209,1960,000170000340
WO-2171807,ASSET-00366,Corrective,MOTOR-BURNOUT,54,1886,000170000340
WO-2171808,ASSET-00367,Emergency,CONTROLLER-FAULT,566,1338,000170000341
WO-2171809,ASSET-00368,Corrective,PNEUMATIC-LEAK,227,1199,000170000342
WO-2171810,ASSET-00368,Corrective,CONTROLLER-FAULT,105,752,000170000342
WO-2171811,ASSET-00368,Corrective,HYDRAULIC-LEAK,35,1649,000170000342
WO-2171812,ASSET-00369,Preventive,,0,,000170000343
WO-2171813,ASSET-00369,Corrective,BEARING-FAILURE,156,1193,000170000343
WO-2171814,ASSET-00369,Preventive,,0,,000170000343
WO-2171815,ASSET-00369,Preventive,,0,,000170000343
WO-2171816,ASSET-00370,Preventive,,0,,000170000344
WO-2171817,ASSET-00370,Corrective,PNEUMATIC-LEAK,45,579,000170000344
WO-2171818,ASSET-00370,Preventive,,0,,000170000344
WO-2171819,ASSET-00370,Preventive,,0,,000170000344
WO-2171820,ASSET-00371,Preventive,,0,,000170000345
WO-2171821,ASSET-00371,Corrective,CALIBRATION-DRIFT,58,1344,000170000345
WO-2171822,ASSET-00371,Preventive,,0,,000170000345
WO-2171823,ASSET-00371,Emergency,SENSOR-FAULT,480,868,000170000345
WO-2171824,ASSET-00371,Preventive,,0,,000170000345
WO-2171825,ASSET-00371,Preventive,,0,,000170000345
WO-2171826,ASSET-00371,Preventive,,0,,000170000345
WO-2171827,ASSET-00372,Corrective,CONTROLLER-FAULT,142,1881,000170000346
WO-2171828,ASSET-00372,Preventive,,0,,000170000346
WO-2171829,ASSET-00372,Corrective,CALIBRATION-DRIFT,131,1443,000170000346
WO-2171830,ASSET-00372,Preventive,,0,,000170000346
WO-2171831,ASSET-00373,Corrective,CALIBRATION-DRIFT,201,569,000170000347
WO-2171832,ASSET-00373,Preventive,,0,,000170000347
WO-2171833,ASSET-00373,Preventive,,0,,000170000347
WO-2171834,ASSET-00373,Preventive,,0,,000170000347
WO-2171835,ASSET-00373,Preventive,,0,,000170000347
WO-2171836,ASSET-00374,Preventive,,0,,000170000348
WO-2171837,ASSET-00374,Preventive,,0,,000170000348
WO-2171838,ASSET-00374,Preventive,,0,,000170000348
WO-2171839,ASSET-00374,Corrective,DIE-WEAR,197,1011,000170000348
WO-2171840,ASSET-00374,Corrective,BELT-FAILURE,33,1368,000170000348
WO-2171841,ASSET-00374,Corrective,SENSOR-FAULT,129,557,000170000348
WO-2171842,ASSET-00375,Preventive,,0,,000170000349
WO-2171843,ASSET-00375,Emergency,DIE-WEAR,590,468,000170000349
WO-2171844,ASSET-00375,Preventive,,0,,000170000349
WO-2171845,ASSET-00376,Preventive,,0,,000170000350
WO-2171846,ASSET-00376,Preventive,,0,,000170000350
WO-2171847,ASSET-00376,Preventive,,0,,000170000350
WO-2171848,ASSET-00376,Preventive,,0,,000170000350
WO-2171849,ASSET-00377,Preventive,,0,,000170000351
WO-2171850,ASSET-00377,Emergency,CALIBRATION-DRIFT,346,1547,000170000351
WO-2171851,ASSET-00377,Preventive,,0,,000170000351
WO-2171852,ASSET-00377,Corrective,HYDRAULIC-LEAK,62,1708,000170000351
WO-2171853,ASSET-00377,Preventive,,0,,000170000351
WO-2171854,ASSET-00378,Preventive,,0,,000170000352
WO-2171855,ASSET-00379,Preventive,,0,,000170000353
WO-2171856,ASSET-00379,Preventive,,0,,000170000353
WO-2171857,ASSET-00379,Preventive,,0,,000170000353
WO-2171858,ASSET-00379,Preventive,,0,,000170000353
WO-2171859,ASSET-00380,Corrective,SENSOR-FAULT,146,848,000170000354
WO-2171860,ASSET-00380,Corrective,DIE-WEAR,192,726,000170000354
WO-2171861,ASSET-00380,Corrective,BEARING-FAILURE,48,788,000170000354
WO-2171862,ASSET-00380,Preventive,,0,,000170000354
WO-2171863,ASSET-00380,Corrective,SENSOR-FAULT,163,1630,000170000354
WO-2171864,ASSET-00380,Preventive,,0,,000170000354
WO-2171865,ASSET-00380,Corrective,HYDRAULIC-LEAK,45,319,000170000354
WO-2171866,ASSET-00380,Preventive,,0,,000170000354
WO-2171867,ASSET-00381,Emergency,HYDRAULIC-LEAK,76,385,000170000355
WO-2171868,ASSET-00381,Preventive,,0,,000170000355
WO-2171869,ASSET-00381,Preventive,,0,,000170000355
WO-2171870,ASSET-00381,Preventive,,0,,000170000355
WO-2171871,ASSET-00381,Preventive,,0,,000170000355
WO-2171872,ASSET-00381,Emergency,CALIBRATION-DRIFT,100,1567,000170000355
WO-2171873,ASSET-00381,Preventive,,0,,000170000355
WO-2171874,ASSET-00381,Corrective,SENSOR-FAULT,123,472,000170000355
WO-2171875,ASSET-00382,Emergency,HYDRAULIC-LEAK,116,1112,000170000356
WO-2171876,ASSET-00382,Preventive,,0,,000170000356
WO-2171877,ASSET-00382,Corrective,SENSOR-FAULT,199,1167,000170000356
WO-2171878,ASSET-00382,Preventive,,0,,000170000356
WO-2171879,ASSET-00383,Preventive,,0,,000170000357
WO-2171880,ASSET-00383,Corrective,HYDRAULIC-LEAK,73,1549,000170000357
WO-2171881,ASSET-00383,Preventive,,0,,000170000357
WO-2171882,ASSET-00383,Preventive,,0,,000170000357
WO-2171883,ASSET-00383,Preventive,,0,,000170000357
WO-2171884,ASSET-00383,Preventive,,0,,000170000357
WO-2171885,ASSET-00383,Preventive,,0,,000170000357
WO-2171886,ASSET-00383,Emergency,CALIBRATION-DRIFT,326,1127,000170000357
WO-2171887,ASSET-00384,Preventive,,0,,000170000358
WO-2171888,ASSET-00384,Corrective,BELT-FAILURE,127,1666,000170000358
WO-2171889,ASSET-00384,Preventive,,0,,000170000358
WO-2171890,ASSET-00385,Emergency,PNEUMATIC-LEAK,579,995,000170000359
WO-2171891,ASSET-00385,Preventive,,0,,000170000359
WO-2171892,ASSET-00385,Preventive,,0,,000170000359
WO-2171893,ASSET-00386,Corrective,BEARING-FAILURE,158,1546,000170000360
WO-2171894,ASSET-00386,Corrective,BELT-FAILURE,73,1380,000170000360
WO-2171895,ASSET-00386,Preventive,,0,,000170000360
WO-2171896,ASSET-00386,Preventive,,0,,000170000360
WO-2171897,ASSET-00386,Preventive,,0,,000170000360
WO-2171898,ASSET-00386,Corrective,HYDRAULIC-LEAK,103,1115,000170000360
WO-2171899,ASSET-00386,Corrective,SENSOR-FAULT,227,246,000170000360
WO-2171900,ASSET-00387,Corrective,DIE-WEAR,45,322,000170000361
WO-2171901,ASSET-00387,Preventive,,0,,000170000361
WO-2171902,ASSET-00387,Preventive,,0,,000170000361
WO-2171903,ASSET-00387,Corrective,CALIBRATION-DRIFT,224,379,000170000361
WO-2171904,ASSET-00388,Corrective,MOTOR-BURNOUT,205,1264,000170000362
WO-2171905,ASSET-00388,Corrective,SPINDLE-SEIZURE,52,1131,000170000362
WO-2171906,ASSET-00388,Preventive,,0,,000170000362
WO-2171907,ASSET-00389,Corrective,MOTOR-BURNOUT,180,1421,000170000363
WO-2171908,ASSET-00389,Preventive,,0,,000170000363
WO-2171909,ASSET-00389,Preventive,,0,,000170000363
WO-2171910,ASSET-00389,Corrective,CALIBRATION-DRIFT,108,1109,000170000363
WO-2171911,ASSET-00389,Preventive,,0,,000170000363
WO-2171912,ASSET-00390,Preventive,,0,,000170000364
WO-2171913,ASSET-00390,Corrective,CALIBRATION-DRIFT,64,1571,000170000364
WO-2171914,ASSET-00390,Corrective,CONTROLLER-FAULT,173,1665,000170000364
WO-2171915,ASSET-00390,Corrective,BEARING-FAILURE,163,1179,000170000364
WO-2171916,ASSET-00390,Emergency,CONTROLLER-FAULT,267,1502,000170000364
WO-2171917,ASSET-00390,Preventive,,0,,000170000364
WO-2171918,ASSET-00390,Emergency,BELT-FAILURE,396,1635,000170000364
WO-2171919,ASSET-00391,Preventive,,0,,000170000365
WO-2171920,ASSET-00391,Corrective,BELT-FAILURE,63,1265,000170000365
WO-2171921,ASSET-00391,Corrective,BEARING-FAILURE,240,248,000170000365
WO-2171922,ASSET-00391,Preventive,,0,,000170000365
WO-2171923,ASSET-00391,Corrective,CALIBRATION-DRIFT,168,1873,000170000365
WO-2171924,ASSET-00391,Emergency,PNEUMATIC-LEAK,283,1426,000170000365
WO-2171925,ASSET-00391,Corrective,CALIBRATION-DRIFT,126,936,000170000365
WO-2171926,ASSET-00392,Preventive,,0,,000170000366
WO-2171927,ASSET-00392,Preventive,,0,,000170000366
WO-2171928,ASSET-00392,Preventive,,0,,000170000366
WO-2171929,ASSET-00392,Corrective,BELT-FAILURE,62,549,000170000366
WO-2171930,ASSET-00392,Preventive,,0,,000170000366
WO-2171931,ASSET-00393,Corrective,SENSOR-FAULT,78,1491,000170000367
WO-2171932,ASSET-00393,Emergency,SENSOR-FAULT,164,1393,000170000367
WO-2171933,ASSET-00393,Emergency,DIE-WEAR,83,833,000170000367
WO-2171934,ASSET-00393,Corrective,SENSOR-FAULT,190,260,000170000367
WO-2171935,ASSET-00393,Preventive,,0,,000170000367
WO-2171936,ASSET-00394,Preventive,,0,,000170000368
WO-2171937,ASSET-00394,Corrective,BEARING-FAILURE,229,304,000170000368
WO-2171938,ASSET-00394,Preventive,,0,,000170000368
WO-2171939,ASSET-00394,Preventive,,0,,000170000368
WO-2171940,ASSET-00394,Corrective,PNEUMATIC-LEAK,62,206,000170000368
WO-2171941,ASSET-00395,Corrective,BELT-FAILURE,38,1829,000170000369
WO-2171942,ASSET-00395,Emergency,MOTOR-BURNOUT,370,1018,000170000369
WO-2171943,ASSET-00395,Preventive,,0,,000170000369
WO-2171944,ASSET-00395,Preventive,,0,,000170000369
WO-2171945,ASSET-00395,Preventive,,0,,000170000369
WO-2171946,ASSET-00395,Preventive,,0,,000170000369
WO-2171947,ASSET-00395,Corrective,BELT-FAILURE,46,608,000170000369
WO-2171948,ASSET-00396,Corrective,CONTROLLER-FAULT,225,1934,000170000370
WO-2171949,ASSET-00396,Corrective,SENSOR-FAULT,43,1564,000170000370
WO-2171950,ASSET-00396,Preventive,,0,,000170000370
WO-2171951,ASSET-00396,Corrective,SENSOR-FAULT,202,594,000170000370
WO-2171952,ASSET-00396,Preventive,,0,,000170000370
WO-2171953,ASSET-00396,Preventive,,0,,000170000370
WO-2171954,ASSET-00397,Preventive,,0,,000170000371
WO-2171955,ASSET-00397,Corrective,BEARING-FAILURE,99,676,000170000371
WO-2171956,ASSET-00397,Preventive,,0,,000170000371
WO-2171957,ASSET-00397,Corrective,PNEUMATIC-LEAK,180,630,000170000371
WO-2171958,ASSET-00398,Emergency,MOTOR-BURNOUT,76,1808,000170000372
WO-2171959,ASSET-00399,Preventive,,0,,000170000373
WO-2171960,ASSET-00399,Preventive,,0,,000170000373
WO-2171961,ASSET-00399,Emergency,CONTROLLER-FAULT,125,1815,000170000373
WO-2171962,ASSET-00399,Preventive,,0,,000170000373
WO-2171963,ASSET-00399,Corrective,PNEUMATIC-LEAK,172,1381,000170000373
WO-2171964,ASSET-00400,Corrective,SENSOR-FAULT,202,1789,000170000374
WO-2171965,ASSET-00400,Corrective,SPINDLE-SEIZURE,182,370,000170000374
WO-2171966,ASSET-00400,Corrective,SENSOR-FAULT,164,1437,000170000374
WO-2171967,ASSET-00400,Corrective,BELT-FAILURE,209,309,000170000374
WO-2171968,ASSET-00400,Preventive,,0,,000170000374
WO-2171969,ASSET-00400,Preventive,,0,,000170000374
WO-2171970,ASSET-00400,Emergency,SENSOR-FAULT,269,1278,000170000374
WO-2171971,ASSET-00400,Preventive,,0,,000170000374
WO-2171972,ASSET-00400,Corrective,CALIBRATION-DRIFT,97,1744,000170000374
WO-2171973,ASSET-00400,Corrective,CALIBRATION-DRIFT,203,1145,000170000374
WO-2171974,ASSET-00401,Preventive,,0,,000170000375
WO-2171975,ASSET-00401,Preventive,,0,,000170000375
WO-2171976,ASSET-00401,Preventive,,0,,000170000375
WO-2171977,ASSET-00402,Preventive,,0,,000170000376
WO-2171978,ASSET-00402,Preventive,,0,,000170000376
WO-2171979,ASSET-00402,Preventive,,0,,000170000376
WO-2171980,ASSET-00402,Preventive,,0,,000170000376
WO-2171981,ASSET-00403,Emergency,BELT-FAILURE,333,1959,000170000377
WO-2171982,ASSET-00403,Preventive,,0,,000170000377
WO-2171983,ASSET-00403,Preventive,,0,,000170000377
WO-2171984,ASSET-00403,Preventive,,0,,000170000377
WO-2171985,ASSET-00404,Preventive,,0,,000170000378
WO-2171986,ASSET-00404,Preventive,,0,,000170000378
WO-2171987,ASSET-00405,Corrective,SENSOR-FAULT,99,1790,000170000379
WO-2171988,ASSET-00405,Corrective,BEARING-FAILURE,145,1199,000170000379
WO-2171989,ASSET-00406,Corrective,HYDRAULIC-LEAK,43,1044,000170000380
WO-2171990,ASSET-00406,Corrective,CONTROLLER-FAULT,55,1418,000170000380
WO-2171991,ASSET-00406,Corrective,PNEUMATIC-LEAK,100,1303,000170000380
WO-2171992,ASSET-00407,Preventive,,0,,
WO-2171993,ASSET-00407,Preventive,,0,,
WO-2171994,ASSET-00407,Corrective,MOTOR-BURNOUT,170,1158,
WO-2171995,ASSET-00407,Corrective,MOTOR-BURNOUT,89,1835,
WO-2171996,ASSET-00408,Corrective,DIE-WEAR,35,1297,000170000381
WO-2171997,ASSET-00408,Preventive,,0,,000170000381
WO-2171998,ASSET-00408,Preventive,,0,,000170000381
WO-2171999,ASSET-00408,Preventive,,0,,000170000381
WO-2172000,ASSET-00409,Preventive,,0,,000170000382
WO-2172001,ASSET-00409,Emergency,CALIBRATION-DRIFT,558,1676,000170000382
WO-2172002,ASSET-00409,Preventive,,0,,000170000382
WO-2172003,ASSET-00409,Corrective,BEARING-FAILURE,74,1525,000170000382
WO-2172004,ASSET-00410,Corrective,CALIBRATION-DRIFT,191,1536,
WO-2172005,ASSET-00410,Corrective,MOTOR-BURNOUT,143,1427,
WO-2172006,ASSET-00410,Preventive,,0,,
WO-2172007,ASSET-00410,Emergency,BEARING-FAILURE,590,907,
WO-2172008,ASSET-00411,Preventive,,0,,
WO-2172009,ASSET-00411,Emergency,BELT-FAILURE,580,788,
WO-2172010,ASSET-00411,Corrective,BEARING-FAILURE,90,1580,
WO-2172011,ASSET-00411,Preventive,,0,,
WO-2172012,ASSET-00412,Corrective,MOTOR-BURNOUT,69,464,000170000383
WO-2172013,ASSET-00412,Emergency,CONTROLLER-FAULT,326,636,000170000383
WO-2172014,ASSET-00412,Corrective,MOTOR-BURNOUT,40,959,000170000383
WO-2172015,ASSET-00412,Preventive,,0,,000170000383
WO-2172016,ASSET-00412,Preventive,,0,,000170000383
WO-2172017,ASSET-00413,Preventive,,0,,000170000384
WO-2172018,ASSET-00413,Corrective,CONTROLLER-FAULT,130,306,000170000384
WO-2172019,ASSET-00413,Corrective,BEARING-FAILURE,219,378,000170000384
WO-2172020,ASSET-00413,Corrective,HYDRAULIC-LEAK,167,1286,000170000384
WO-2172021,ASSET-00413,Preventive,,0,,000170000384
WO-2172022,ASSET-00413,Corrective,CONTROLLER-FAULT,93,1723,000170000384
WO-2172023,ASSET-00413,Preventive,,0,,000170000384
WO-2172024,ASSET-00413,Emergency,PNEUMATIC-LEAK,206,1262,000170000384
WO-2172025,ASSET-00414,Corrective,SENSOR-FAULT,88,532,000170000385
WO-2172026,ASSET-00414,Corrective,BEARING-FAILURE,51,1488,000170000385
WO-2172027,ASSET-00414,Preventive,,0,,000170000385
WO-2172028,ASSET-00414,Corrective,BEARING-FAILURE,227,919,000170000385
WO-2172029,ASSET-00414,Preventive,,0,,000170000385
WO-2172030,ASSET-00414,Corrective,SPINDLE-SEIZURE,155,1263,000170000385
WO-2172031,ASSET-00414,Corrective,CONTROLLER-FAULT,64,1223,000170000385
WO-2172032,ASSET-00415,Preventive,,0,,000170000386
WO-2172033,ASSET-00415,Corrective,BELT-FAILURE,230,695,000170000386
WO-2172034,ASSET-00415,Preventive,,0,,000170000386
WO-2172035,ASSET-00416,Preventive,,0,,000170000387
WO-2172036,ASSET-00416,Preventive,,0,,000170000387
WO-2172037,ASSET-00416,Corrective,MOTOR-BURNOUT,174,1378,000170000387
WO-2172038,ASSET-00416,Corrective,SPINDLE-SEIZURE,119,1496,000170000387
WO-2172039,ASSET-00416,Preventive,,0,,000170000387
WO-2172040,ASSET-00416,Corrective,BELT-FAILURE,233,794,000170000387
WO-2172041,ASSET-00417,Corrective,PNEUMATIC-LEAK,139,1834,000170000388
WO-2172042,ASSET-00417,Emergency,PNEUMATIC-LEAK,164,893,000170000388
WO-2172043,ASSET-00417,Corrective,MOTOR-BURNOUT,62,1076,000170000388
WO-2172044,ASSET-00417,Preventive,,0,,000170000388
WO-2172045,ASSET-00417,Preventive,,0,,000170000388
WO-2172046,ASSET-00418,Preventive,,0,,000170000389
WO-2172047,ASSET-00418,Preventive,,0,,000170000389
WO-2172048,ASSET-00418,Preventive,,0,,000170000389
WO-2172049,ASSET-00418,Emergency,CALIBRATION-DRIFT,250,1612,000170000389
WO-2172050,ASSET-00418,Emergency,CALIBRATION-DRIFT,384,1105,000170000389
WO-2172051,ASSET-00418,Corrective,SENSOR-FAULT,185,367,000170000389
WO-2172052,ASSET-00418,Preventive,,0,,000170000389
WO-2172053,ASSET-00418,Corrective,PNEUMATIC-LEAK,111,231,000170000389
WO-2172054,ASSET-00419,Preventive,,0,,000170000390
WO-2172055,ASSET-00419,Preventive,,0,,000170000390
WO-2172056,ASSET-00419,Preventive,,0,,000170000390
WO-2172057,ASSET-00419,Preventive,,0,,000170000390
WO-2172058,ASSET-00419,Corrective,BELT-FAILURE,222,503,000170000390
WO-2172059,ASSET-00419,Preventive,,0,,000170000390
WO-2172060,ASSET-00420,Preventive,,0,,000170000391
WO-2172061,ASSET-00420,Emergency,PNEUMATIC-LEAK,297,1011,000170000391
WO-2172062,ASSET-00420,Preventive,,0,,000170000391
WO-2172063,ASSET-00420,Corrective,BEARING-FAILURE,225,762,000170000391
WO-2172064,ASSET-00421,Preventive,,0,,000170000392
WO-2172065,ASSET-00421,Corrective,MOTOR-BURNOUT,53,269,000170000392
WO-2172066,ASSET-00421,Preventive,,0,,000170000392
WO-2172067,ASSET-00422,Preventive,,0,,000170000393
WO-2172068,ASSET-00422,Preventive,,0,,000170000393
WO-2172069,ASSET-00422,Corrective,SPINDLE-SEIZURE,61,1968,000170000393
WO-2172070,ASSET-00422,Corrective,SENSOR-FAULT,48,720,000170000393
WO-2172071,ASSET-00422,Preventive,,0,,000170000393
WO-2172072,ASSET-00423,Preventive,,0,,000170000394
WO-2172073,ASSET-00423,Preventive,,0,,000170000394
WO-2172074,ASSET-00423,Preventive,,0,,000170000394
WO-2172075,ASSET-00423,Preventive,,0,,000170000394
WO-2172076,ASSET-00423,Preventive,,0,,000170000394
WO-2172077,ASSET-00424,Corrective,SENSOR-FAULT,38,295,000170000395
WO-2172078,ASSET-00424,Corrective,SENSOR-FAULT,101,568,000170000395
WO-2172079,ASSET-00424,Preventive,,0,,000170000395
WO-2172080,ASSET-00424,Preventive,,0,,000170000395
WO-2172081,ASSET-00424,Corrective,BEARING-FAILURE,216,314,000170000395
WO-2172082,ASSET-00425,Emergency,PNEUMATIC-LEAK,96,679,000170000396
WO-2172083,ASSET-00425,Corrective,CONTROLLER-FAULT,71,1503,000170000396
WO-2172084,ASSET-00425,Preventive,,0,,000170000396
WO-2172085,ASSET-00425,Preventive,,0,,000170000396
WO-2172086,ASSET-00425,Emergency,SPINDLE-SEIZURE,190,1581,000170000396
WO-2172087,ASSET-00425,Corrective,BEARING-FAILURE,76,1163,000170000396
WO-2172088,ASSET-00425,Preventive,,0,,000170000396
WO-2172089,ASSET-00426,Preventive,,0,,000170000397
WO-2172090,ASSET-00426,Preventive,,0,,000170000397
WO-2172091,ASSET-00426,Corrective,PNEUMATIC-LEAK,74,1185,000170000397
WO-2172092,ASSET-00426,Preventive,,0,,000170000397
WO-2172093,ASSET-00426,Corrective,PNEUMATIC-LEAK,74,819,000170000397
WO-2172094,ASSET-00426,Emergency,SENSOR-FAULT,264,1132,000170000397
WO-2172095,ASSET-00426,Preventive,,0,,000170000397
WO-2172096,ASSET-00427,Preventive,,0,,000170000398
WO-2172097,ASSET-00427,Corrective,BELT-FAILURE,136,438,000170000398
WO-2172098,ASSET-00427,Preventive,,0,,000170000398
WO-2172099,ASSET-00427,Emergency,DIE-WEAR,168,1693,000170000398
WO-2172100,ASSET-00427,Corrective,SENSOR-FAULT,73,1010,000170000398
WO-2172101,ASSET-00427,Preventive,,0,,000170000398
WO-2172102,ASSET-00428,Preventive,,0,,000170000399
WO-2172103,ASSET-00428,Corrective,BEARING-FAILURE,217,1210,000170000399
WO-2172104,ASSET-00428,Preventive,,0,,000170000399
WO-2172105,ASSET-00428,Preventive,,0,,000170000399
WO-2172106,ASSET-00428,Preventive,,0,,000170000399
WO-2172107,ASSET-00428,Preventive,,0,,000170000399
WO-2172108,ASSET-00429,Preventive,,0,,000170000400
WO-2172109,ASSET-00429,Preventive,,0,,000170000400
WO-2172110,ASSET-00429,Corrective,PNEUMATIC-LEAK,142,1251,000170000400
WO-2172111,ASSET-00429,Preventive,,0,,000170000400
WO-2172112,ASSET-00429,Preventive,,0,,000170000400
WO-2172113,ASSET-00429,Preventive,,0,,000170000400
WO-2172114,ASSET-00429,Corrective,CONTROLLER-FAULT,188,224,000170000400
WO-2172115,ASSET-00430,Corrective,MOTOR-BURNOUT,177,1703,000170000401
WO-2172116,ASSET-00430,Emergency,DIE-WEAR,235,1813,000170000401
WO-2172117,ASSET-00430,Corrective,CONTROLLER-FAULT,238,1808,000170000401
WO-2172118,ASSET-00430,Corrective,MOTOR-BURNOUT,181,275,000170000401
WO-2172119,ASSET-00431,Preventive,,0,,000170000402
WO-2172120,ASSET-00431,Corrective,HYDRAULIC-LEAK,118,565,000170000402
WO-2172121,ASSET-00431,Preventive,,0,,000170000402
WO-2172122,ASSET-00431,Preventive,,0,,000170000402
WO-2172123,ASSET-00432,Preventive,,0,,000170000403
WO-2172124,ASSET-00432,Preventive,,0,,000170000403
WO-2172125,ASSET-00432,Preventive,,0,,000170000403
WO-2172126,ASSET-00432,Preventive,,0,,000170000403
WO-2172127,ASSET-00432,Corrective,PNEUMATIC-LEAK,95,1457,000170000403
WO-2172128,ASSET-00433,Preventive,,0,,000170000404
WO-2172129,ASSET-00433,Preventive,,0,,000170000404
WO-2172130,ASSET-00433,Corrective,MOTOR-BURNOUT,191,1782,000170000404
WO-2172131,ASSET-00433,Emergency,CONTROLLER-FAULT,62,701,000170000404
WO-2172132,ASSET-00433,Preventive,,0,,000170000404
WO-2172133,ASSET-00434,Corrective,CONTROLLER-FAULT,130,1516,000170000405
WO-2172134,ASSET-00434,Corrective,BEARING-FAILURE,214,895,000170000405
WO-2172135,ASSET-00435,Preventive,,0,,000170000406
WO-2172136,ASSET-00435,Preventive,,0,,000170000406
WO-2172137,ASSET-00435,Corrective,CONTROLLER-FAULT,231,849,000170000406
WO-2172138,ASSET-00436,Preventive,,0,,000170000407
WO-2172139,ASSET-00436,Corrective,PNEUMATIC-LEAK,201,367,000170000407
WO-2172140,ASSET-00436,Preventive,,0,,000170000407
WO-2172141,ASSET-00436,Preventive,,0,,000170000407
WO-2172142,ASSET-00437,Preventive,,0,,000170000408
WO-2172143,ASSET-00437,Corrective,DIE-WEAR,129,1960,000170000408
WO-2172144,ASSET-00437,Emergency,MOTOR-BURNOUT,445,1823,000170000408
WO-2172145,ASSET-00437,Preventive,,0,,000170000408
WO-2172146,ASSET-00437,Preventive,,0,,000170000408
WO-2172147,ASSET-00438,Preventive,,0,,000170000410
WO-2172148,ASSET-00438,Corrective,HYDRAULIC-LEAK,30,1786,000170000410
WO-2172149,ASSET-00438,Corrective,BEARING-FAILURE,44,1619,000170000410
WO-2172150,ASSET-00438,Preventive,,0,,000170000410
WO-2172151,ASSET-00439,Preventive,,0,,
WO-2172152,ASSET-00439,Corrective,SPINDLE-SEIZURE,126,1727,
WO-2172153,ASSET-00439,Corrective,HYDRAULIC-LEAK,232,1128,
WO-2172154,ASSET-00439,Corrective,CALIBRATION-DRIFT,222,1894,
WO-2172155,ASSET-00440,Corrective,MOTOR-BURNOUT,34,1769,000170000411
WO-2172156,ASSET-00440,Corrective,DIE-WEAR,216,1501,000170000411
WO-2172157,ASSET-00440,Preventive,,0,,000170000411
WO-2172158,ASSET-00440,Corrective,SPINDLE-SEIZURE,131,1195,000170000411
WO-2172159,ASSET-00441,Preventive,,0,,
WO-2172160,ASSET-00441,Preventive,,0,,
WO-2172161,ASSET-00441,Corrective,CALIBRATION-DRIFT,107,390,
WO-2172162,ASSET-00441,Preventive,,0,,
WO-2172163,ASSET-00442,Preventive,,0,,000170000412
WO-2172164,ASSET-00442,Emergency,SENSOR-FAULT,246,1652,000170000412
WO-2172165,ASSET-00442,Preventive,,0,,000170000412
WO-2172166,ASSET-00443,Preventive,,0,,000170000413
WO-2172167,ASSET-00443,Corrective,BELT-FAILURE,39,1831,000170000413
WO-2172168,ASSET-00443,Corrective,CONTROLLER-FAULT,104,1022,000170000413
WO-2172169,ASSET-00443,Preventive,,0,,000170000413
WO-2172170,ASSET-00443,Preventive,,0,,000170000413
WO-2172171,ASSET-00444,Emergency,CALIBRATION-DRIFT,481,204,000170000414
WO-2172172,ASSET-00444,Preventive,,0,,000170000414
WO-2172173,ASSET-00444,Corrective,SPINDLE-SEIZURE,220,476,000170000414
WO-2172174,ASSET-00444,Corrective,BEARING-FAILURE,163,913,000170000414
WO-2172175,ASSET-00444,Corrective,DIE-WEAR,91,1381,000170000414
WO-2172176,ASSET-00444,Preventive,,0,,000170000414
WO-2172177,ASSET-00444,Corrective,HYDRAULIC-LEAK,176,837,000170000414
WO-2172178,ASSET-00445,Preventive,,0,,000170000415
WO-2172179,ASSET-00446,Preventive,,0,,000170000416
WO-2172180,ASSET-00446,Corrective,CONTROLLER-FAULT,157,438,000170000416
WO-2172181,ASSET-00447,Corrective,HYDRAULIC-LEAK,139,1216,000170000417
WO-2172182,ASSET-00447,Preventive,,0,,000170000417
WO-2172183,ASSET-00447,Preventive,,0,,000170000417
WO-2172184,ASSET-00447,Corrective,SPINDLE-SEIZURE,191,732,000170000417
WO-2172185,ASSET-00447,Preventive,,0,,000170000417
WO-2172186,ASSET-00447,Preventive,,0,,000170000417
WO-2172187,ASSET-00447,Corrective,HYDRAULIC-LEAK,54,1727,000170000417
WO-2172188,ASSET-00448,Corrective,SPINDLE-SEIZURE,240,921,000170000418
WO-2172189,ASSET-00448,Emergency,MOTOR-BURNOUT,529,1560,000170000418
WO-2172190,ASSET-00448,Preventive,,0,,000170000418
WO-2172191,ASSET-00448,Preventive,,0,,000170000418
WO-2172192,ASSET-00449,Preventive,,0,,000170000419
WO-2172193,ASSET-00449,Preventive,,0,,000170000419
WO-2172194,ASSET-00449,Emergency,CONTROLLER-FAULT,319,876,000170000419
WO-2172195,ASSET-00449,Emergency,MOTOR-BURNOUT,441,622,000170000419
WO-2172196,ASSET-00449,Emergency,BEARING-FAILURE,243,826,000170000419
WO-2172197,ASSET-00449,Preventive,,0,,000170000419
WO-2172198,ASSET-00449,Preventive,,0,,000170000419
WO-2172199,ASSET-00449,Corrective,BELT-FAILURE,86,1291,000170000419
WO-2172200,ASSET-00450,Emergency,MOTOR-BURNOUT,209,330,000170000420
WO-2172201,ASSET-00450,Preventive,,0,,000170000420
WO-2172202,ASSET-00450,Corrective,BEARING-FAILURE,194,1154,000170000420
WO-2172203,ASSET-00450,Preventive,,0,,000170000420
WO-2172204,ASSET-00450,Preventive,,0,,000170000420
WO-2172205,ASSET-00450,Preventive,,0,,000170000420
WO-2172206,ASSET-00450,Corrective,BELT-FAILURE,39,922,000170000420
WO-2172207,ASSET-00450,Corrective,CALIBRATION-DRIFT,171,739,000170000420
WO-2172208,ASSET-00450,Preventive,,0,,000170000420
WO-2172209,ASSET-00451,Preventive,,0,,000170000421
WO-2172210,ASSET-00451,Corrective,BELT-FAILURE,67,1754,000170000421
WO-2172211,ASSET-00451,Emergency,BELT-FAILURE,558,1164,000170000421
WO-2172212,ASSET-00451,Preventive,,0,,000170000421
WO-2172213,ASSET-00451,Corrective,BELT-FAILURE,165,1371,000170000421
WO-2172214,ASSET-00452,Emergency,MOTOR-BURNOUT,465,532,000170000422
WO-2172215,ASSET-00452,Preventive,,0,,000170000422
WO-2172216,ASSET-00452,Corrective,SENSOR-FAULT,101,356,000170000422
WO-2172217,ASSET-00452,Preventive,,0,,000170000422
WO-2172218,ASSET-00453,Corrective,BEARING-FAILURE,142,496,000170000423
WO-2172219,ASSET-00453,Corrective,CALIBRATION-DRIFT,160,1069,000170000423
WO-2172220,ASSET-00453,Preventive,,0,,000170000423
WO-2172221,ASSET-00453,Preventive,,0,,000170000423
WO-2172222,ASSET-00453,Corrective,BEARING-FAILURE,173,505,000170000423
WO-2172223,ASSET-00453,Preventive,,0,,000170000423
WO-2172224,ASSET-00453,Preventive,,0,,000170000423
WO-2172225,ASSET-00454,Preventive,,0,,000170000424
WO-2172226,ASSET-00454,Corrective,BELT-FAILURE,204,801,000170000424
WO-2172227,ASSET-00454,Emergency,SPINDLE-SEIZURE,114,1535,000170000424
WO-2172228,ASSET-00454,Emergency,MOTOR-BURNOUT,86,642,000170000424
WO-2172229,ASSET-00454,Corrective,CALIBRATION-DRIFT,240,1438,000170000424
WO-2172230,ASSET-00455,Preventive,,0,,000170000425
WO-2172231,ASSET-00455,Corrective,DIE-WEAR,66,263,000170000425
WO-2172232,ASSET-00455,Preventive,,0,,000170000425
WO-2172233,ASSET-00455,Preventive,,0,,000170000425
WO-2172234,ASSET-00455,Preventive,,0,,000170000425
WO-2172235,ASSET-00455,Corrective,CALIBRATION-DRIFT,217,221,000170000425
WO-2172236,ASSET-00455,Preventive,,0,,000170000425
WO-2172237,ASSET-00455,Preventive,,0,,000170000425
WO-2172238,ASSET-00456,Preventive,,0,,000170000426
WO-2172239,ASSET-00456,Emergency,DIE-WEAR,216,1693,000170000426
WO-2172240,ASSET-00456,Preventive,,0,,000170000426
WO-2172241,ASSET-00456,Preventive,,0,,000170000426
WO-2172242,ASSET-00456,Corrective,SPINDLE-SEIZURE,74,714,000170000426
WO-2172243,ASSET-00457,Emergency,MOTOR-BURNOUT,130,1663,000170000427
WO-2172244,ASSET-00458,Preventive,,0,,000170000428
WO-2172245,ASSET-00458,Preventive,,0,,000170000428
WO-2172246,ASSET-00458,Corrective,BEARING-FAILURE,62,565,000170000428
WO-2172247,ASSET-00458,Preventive,,0,,000170000428
WO-2172248,ASSET-00459,Emergency,HYDRAULIC-LEAK,549,1120,000170000429
WO-2172249,ASSET-00459,Preventive,,0,,000170000429
WO-2172250,ASSET-00459,Corrective,BEARING-FAILURE,103,585,000170000429
WO-2172251,ASSET-00459,Preventive,,0,,000170000429
WO-2172252,ASSET-00459,Preventive,,0,,000170000429
WO-2172253,ASSET-00460,Corrective,CONTROLLER-FAULT,90,934,000170000430
WO-2172254,ASSET-00460,Corrective,CONTROLLER-FAULT,88,1432,000170000430
WO-2172255,ASSET-00460,Emergency,CONTROLLER-FAULT,460,764,000170000430
WO-2172256,ASSET-00460,Preventive,,0,,000170000430
WO-2172257,ASSET-00460,Preventive,,0,,000170000430
WO-2172258,ASSET-00460,Preventive,,0,,000170000430
WO-2172259,ASSET-00460,Corrective,SPINDLE-SEIZURE,230,790,000170000430
WO-2172260,ASSET-00461,Preventive,,0,,000170000431
WO-2172261,ASSET-00461,Preventive,,0,,000170000431
WO-2172262,ASSET-00461,Preventive,,0,,000170000431
WO-2172263,ASSET-00461,Preventive,,0,,000170000431
WO-2172264,ASSET-00461,Preventive,,0,,000170000431
WO-2172265,ASSET-00461,Emergency,CALIBRATION-DRIFT,441,1744,000170000431
WO-2172266,ASSET-00462,Corrective,CONTROLLER-FAULT,114,1800,000170000432
WO-2172267,ASSET-00462,Preventive,,0,,000170000432
WO-2172268,ASSET-00462,Corrective,BELT-FAILURE,103,282,000170000432
WO-2172269,ASSET-00462,Preventive,,0,,000170000432
WO-2172270,ASSET-00463,Preventive,,0,,000170000433
WO-2172271,ASSET-00464,Preventive,,0,,000170000434
WO-2172272,ASSET-00464,Preventive,,0,,000170000434
WO-2172273,ASSET-00464,Preventive,,0,,000170000434
WO-2172274,ASSET-00464,Corrective,SENSOR-FAULT,122,1776,000170000434
WO-2172275,ASSET-00464,Emergency,MOTOR-BURNOUT,248,1328,000170000434
WO-2172276,ASSET-00464,Emergency,HYDRAULIC-LEAK,280,396,000170000434
WO-2172277,ASSET-00464,Preventive,,0,,000170000434
WO-2172278,ASSET-00464,Preventive,,0,,000170000434
WO-2172279,ASSET-00465,Preventive,,0,,
WO-2172280,ASSET-00465,Corrective,SPINDLE-SEIZURE,114,934,
WO-2172281,ASSET-00465,Emergency,DIE-WEAR,452,1127,
WO-2172282,ASSET-00465,Preventive,,0,,
WO-2172283,ASSET-00465,Corrective,CALIBRATION-DRIFT,186,240,
WO-2172284,ASSET-00465,Emergency,HYDRAULIC-LEAK,296,1205,
WO-2172285,ASSET-00465,Corrective,BEARING-FAILURE,35,509,
WO-2172286,ASSET-00466,Preventive,,0,,000170000435
WO-2172287,ASSET-00466,Corrective,BELT-FAILURE,93,1183,000170000435
WO-2172288,ASSET-00466,Corrective,CALIBRATION-DRIFT,159,932,000170000435
WO-2172289,ASSET-00466,Corrective,HYDRAULIC-LEAK,71,1597,000170000435
WO-2172290,ASSET-00466,Preventive,,0,,000170000435
WO-2172291,ASSET-00467,Corrective,SENSOR-FAULT,151,243,000170000436
WO-2172292,ASSET-00467,Corrective,SPINDLE-SEIZURE,109,845,000170000436
WO-2172293,ASSET-00467,Emergency,MOTOR-BURNOUT,286,626,000170000436
WO-2172294,ASSET-00467,Emergency,MOTOR-BURNOUT,444,1957,000170000436
WO-2172295,ASSET-00468,Preventive,,0,,000170000437
WO-2172296,ASSET-00468,Preventive,,0,,000170000437
WO-2172297,ASSET-00468,Corrective,SPINDLE-SEIZURE,126,911,000170000437
WO-2172298,ASSET-00469,Corrective,CALIBRATION-DRIFT,96,1697,000170000438
WO-2172299,ASSET-00469,Preventive,,0,,000170000438
WO-2172300,ASSET-00470,Preventive,,0,,000170000439
WO-2172301,ASSET-00470,Emergency,PNEUMATIC-LEAK,329,1257,000170000439
WO-2172302,ASSET-00470,Emergency,BELT-FAILURE,117,846,000170000439
WO-2172303,ASSET-00470,Corrective,PNEUMATIC-LEAK,238,993,000170000439
WO-2172304,ASSET-00470,Corrective,BELT-FAILURE,36,1122,000170000439
WO-2172305,ASSET-00470,Preventive,,0,,000170000439
WO-2172306,ASSET-00470,Preventive,,0,,000170000439
WO-2172307,ASSET-00470,Emergency,HYDRAULIC-LEAK,334,307,000170000439
WO-2172308,ASSET-00470,Preventive,,0,,000170000439
WO-2172309,ASSET-00470,Preventive,,0,,000170000439
WO-2172310,ASSET-00471,Preventive,,0,,000170000440
WO-2172311,ASSET-00471,Preventive,,0,,000170000440
WO-2172312,ASSET-00471,Corrective,SENSOR-FAULT,66,1631,000170000440
WO-2172313,ASSET-00472,Preventive,,0,,000170000441
WO-2172314,ASSET-00472,Corrective,CALIBRATION-DRIFT,161,1270,000170000441
WO-2172315,ASSET-00472,Corrective,BEARING-FAILURE,131,1930,000170000441
WO-2172316,ASSET-00472,Preventive,,0,,000170000441
WO-2172317,ASSET-00472,Preventive,,0,,000170000441
WO-2172318,ASSET-00472,Emergency,DIE-WEAR,372,505,000170000441
WO-2172319,ASSET-00472,Corrective,SPINDLE-SEIZURE,98,1669,000170000441
WO-2172320,ASSET-00473,Corrective,BELT-FAILURE,85,1088,000170000442
WO-2172321,ASSET-00473,Preventive,,0,,000170000442
WO-2172322,ASSET-00473,Preventive,,0,,000170000442
WO-2172323,ASSET-00473,Corrective,SPINDLE-SEIZURE,227,1762,000170000442
WO-2172324,ASSET-00473,Preventive,,0,,000170000442
WO-2172325,ASSET-00473,Corrective,HYDRAULIC-LEAK,88,899,000170000442
WO-2172326,ASSET-00473,Preventive,,0,,000170000442
WO-2172327,ASSET-00473,Corrective,DIE-WEAR,212,455,000170000442
WO-2172328,ASSET-00474,Corrective,DIE-WEAR,133,567,000170000443
WO-2172329,ASSET-00474,Corrective,CONTROLLER-FAULT,147,836,000170000443
WO-2172330,ASSET-00474,Preventive,,0,,000170000443
WO-2172331,ASSET-00474,Emergency,DIE-WEAR,165,1597,000170000443
WO-2172332,ASSET-00474,Corrective,CALIBRATION-DRIFT,182,467,000170000443
WO-2172333,ASSET-00474,Preventive,,0,,000170000443
WO-2172334,ASSET-00474,Preventive,,0,,000170000443
WO-2172335,ASSET-00474,Preventive,,0,,000170000443
WO-2172336,ASSET-00475,Preventive,,0,,000170000444
WO-2172337,ASSET-00475,Preventive,,0,,000170000444
WO-2172338,ASSET-00475,Emergency,HYDRAULIC-LEAK,592,1589,000170000444
WO-2172339,ASSET-00475,Preventive,,0,,000170000444
WO-2172340,ASSET-00475,Preventive,,0,,000170000444
WO-2172341,ASSET-00475,Preventive,,0,,000170000444
WO-2172342,ASSET-00475,Preventive,,0,,000170000444
WO-2172343,ASSET-00476,Preventive,,0,,000170000445
WO-2172344,ASSET-00476,Corrective,BEARING-FAILURE,31,1721,000170000445
WO-2172345,ASSET-00476,Preventive,,0,,000170000445
WO-2172346,ASSET-00476,Emergency,SENSOR-FAULT,418,510,000170000445
WO-2172347,ASSET-00476,Preventive,,0,,000170000445
WO-2172348,ASSET-00476,Preventive,,0,,000170000445
WO-2172349,ASSET-00476,Preventive,,0,,000170000445
WO-2172350,ASSET-00477,Preventive,,0,,000170000446
WO-2172351,ASSET-00477,Preventive,,0,,000170000446
WO-2172352,ASSET-00477,Preventive,,0,,000170000446
WO-2172353,ASSET-00478,Preventive,,0,,000170000447
WO-2172354,ASSET-00478,Corrective,DIE-WEAR,77,1099,000170000447
WO-2172355,ASSET-00478,Preventive,,0,,000170000447
WO-2172356,ASSET-00478,Preventive,,0,,000170000447
WO-2172357,ASSET-00478,Preventive,,0,,000170000447
WO-2172358,ASSET-00478,Corrective,SPINDLE-SEIZURE,166,1135,000170000447
WO-2172359,ASSET-00479,Corrective,CALIBRATION-DRIFT,216,1214,000170000448
WO-2172360,ASSET-00479,Corrective,HYDRAULIC-LEAK,184,1185,000170000448
WO-2172361,ASSET-00479,Preventive,,0,,000170000448
WO-2172362,ASSET-00479,Preventive,,0,,000170000448
WO-2172363,ASSET-00479,Preventive,,0,,000170000448
WO-2172364,ASSET-00479,Corrective,DIE-WEAR,94,955,000170000448
WO-2172365,ASSET-00479,Preventive,,0,,000170000448
WO-2172366,ASSET-00479,Corrective,MOTOR-BURNOUT,238,1967,000170000448
WO-2172367,ASSET-00479,Corrective,CALIBRATION-DRIFT,108,642,000170000448
WO-2172368,ASSET-00480,Preventive,,0,,000170000449
WO-2172369,ASSET-00480,Corrective,CONTROLLER-FAULT,235,1714,000170000449
WO-2172370,ASSET-00480,Preventive,,0,,000170000449
WO-2172371,ASSET-00480,Corrective,PNEUMATIC-LEAK,192,589,000170000449
WO-2172372,ASSET-00481,Preventive,,0,,000170000450
WO-2172373,ASSET-00481,Corrective,BELT-FAILURE,156,692,000170000450
WO-2172374,ASSET-00481,Corrective,CALIBRATION-DRIFT,200,1850,000170000450
WO-2172375,ASSET-00481,Preventive,,0,,000170000450
WO-2172376,ASSET-00481,Corrective,BEARING-FAILURE,32,317,000170000450
WO-2172377,ASSET-00482,Preventive,,0,,000170000451
WO-2172378,ASSET-00482,Corrective,SPINDLE-SEIZURE,83,856,000170000451
WO-2172379,ASSET-00482,Preventive,,0,,000170000451
WO-2172380,ASSET-00482,Preventive,,0,,000170000451
WO-2172381,ASSET-00482,Corrective,DIE-WEAR,113,455,000170000451
WO-2172382,ASSET-00483,Preventive,,0,,000170000452
WO-2172383,ASSET-00483,Emergency,SPINDLE-SEIZURE,356,211,000170000452
WO-2172384,ASSET-00483,Corrective,SENSOR-FAULT,164,1914,000170000452
WO-2172385,ASSET-00483,Preventive,,0,,000170000452
WO-2172386,ASSET-00483,Corrective,HYDRAULIC-LEAK,105,331,000170000452
WO-2172387,ASSET-00484,Preventive,,0,,000170000453
WO-2172388,ASSET-00484,Corrective,BELT-FAILURE,95,1424,000170000453
WO-2172389,ASSET-00484,Preventive,,0,,000170000453
WO-2172390,ASSET-00485,Preventive,,0,,000170000454
WO-2172391,ASSET-00485,Corrective,BELT-FAILURE,222,611,000170000454
WO-2172392,ASSET-00485,Preventive,,0,,000170000454
WO-2172393,ASSET-00485,Corrective,SPINDLE-SEIZURE,177,1818,000170000454
WO-2172394,ASSET-00485,Preventive,,0,,000170000454
WO-2172395,ASSET-00485,Corrective,HYDRAULIC-LEAK,227,1771,000170000454
WO-2172396,ASSET-00485,Preventive,,0,,000170000454
WO-2172397,ASSET-00486,Corrective,SENSOR-FAULT,153,943,000170000455
WO-2172398,ASSET-00486,Preventive,,0,,000170000455
WO-2172399,ASSET-00486,Preventive,,0,,000170000455
WO-2172400,ASSET-00486,Corrective,MOTOR-BURNOUT,111,242,000170000455
WO-2172401,ASSET-00487,Corrective,SPINDLE-SEIZURE,126,1766,000170000456
WO-2172402,ASSET-00487,Preventive,,0,,000170000456
WO-2172403,ASSET-00487,Preventive,,0,,000170000456
WO-2172404,ASSET-00487,Corrective,MOTOR-BURNOUT,46,1708,000170000456
WO-2172405,ASSET-00487,Preventive,,0,,000170000456
WO-2172406,ASSET-00487,Corrective,BELT-FAILURE,213,1939,000170000456
WO-2172407,ASSET-00487,Corrective,CALIBRATION-DRIFT,151,1788,000170000456
WO-2172408,ASSET-00487,Preventive,,0,,000170000456
WO-2172409,ASSET-00487,Corrective,CALIBRATION-DRIFT,158,1212,000170000456
WO-2172410,ASSET-00488,Corrective,PNEUMATIC-LEAK,96,1884,000170000457
WO-2172411,ASSET-00488,Preventive,,0,,000170000457
WO-2172412,ASSET-00488,Preventive,,0,,000170000457
WO-2172413,ASSET-00488,Corrective,SENSOR-FAULT,67,1707,000170000457
WO-2172414,ASSET-00488,Emergency,BEARING-FAILURE,504,864,000170000457
WO-2172415,ASSET-00488,Preventive,,0,,000170000457
WO-2172416,ASSET-00489,Preventive,,0,,000170000458
WO-2172417,ASSET-00489,Preventive,,0,,000170000458
WO-2172418,ASSET-00489,Preventive,,0,,000170000458
WO-2172419,ASSET-00489,Emergency,DIE-WEAR,427,1645,000170000458
WO-2172420,ASSET-00489,Corrective,SPINDLE-SEIZURE,149,1310,000170000458
WO-2172421,ASSET-00490,Preventive,,0,,000170000459
WO-2172422,ASSET-00490,Preventive,,0,,000170000459
WO-2172423,ASSET-00490,Corrective,MOTOR-BURNOUT,118,1195,000170000459
WO-2172424,ASSET-00490,Corrective,CALIBRATION-DRIFT,166,1484,000170000459
WO-2172425,ASSET-00490,Preventive,,0,,000170000459
WO-2172426,ASSET-00490,Preventive,,0,,000170000459
WO-2172427,ASSET-00490,Preventive,,0,,000170000459
WO-2172428,ASSET-00491,Preventive,,0,,000170000460
WO-2172429,ASSET-00491,Corrective,SENSOR-FAULT,199,864,000170000460
WO-2172430,ASSET-00491,Corrective,CALIBRATION-DRIFT,191,361,000170000460
WO-2172431,ASSET-00491,Emergency,HYDRAULIC-LEAK,122,1747,000170000460
WO-2172432,ASSET-00492,Preventive,,0,,000170000461
WO-2172433,ASSET-00492,Preventive,,0,,000170000461
WO-2172434,ASSET-00492,Preventive,,0,,000170000461
WO-2172435,ASSET-00492,Corrective,SENSOR-FAULT,106,1792,000170000461
WO-2172436,ASSET-00493,Corrective,HYDRAULIC-LEAK,36,791,000170000462
WO-2172437,ASSET-00493,Preventive,,0,,000170000462
WO-2172438,ASSET-00493,Preventive,,0,,000170000462
WO-2172439,ASSET-00493,Preventive,,0,,000170000462
WO-2172440,ASSET-00493,Corrective,HYDRAULIC-LEAK,94,1069,000170000462
WO-2172441,ASSET-00493,Corrective,BEARING-FAILURE,121,760,000170000462
WO-2172442,ASSET-00494,Preventive,,0,,000170000463
WO-2172443,ASSET-00494,Preventive,,0,,000170000463
WO-2172444,ASSET-00494,Corrective,BEARING-FAILURE,187,621,000170000463
WO-2172445,ASSET-00494,Corrective,DIE-WEAR,168,1323,000170000463
WO-2172446,ASSET-00494,Preventive,,0,,000170000463
WO-2172447,ASSET-00494,Preventive,,0,,000170000463
WO-2172448,ASSET-00494,Emergency,HYDRAULIC-LEAK,322,408,000170000463
WO-2172449,ASSET-00494,Emergency,HYDRAULIC-LEAK,357,1710,000170000463
WO-2172450,ASSET-00494,Preventive,,0,,000170000463
WO-2172451,ASSET-00494,Preventive,,0,,000170000463
WO-2172452,ASSET-00495,Preventive,,0,,000170000464
WO-2172453,ASSET-00495,Corrective,CALIBRATION-DRIFT,207,587,000170000464
WO-2172454,ASSET-00495,Preventive,,0,,000170000464
WO-2172455,ASSET-00495,Corrective,HYDRAULIC-LEAK,133,503,000170000464
WO-2172456,ASSET-00496,Emergency,HYDRAULIC-LEAK,484,816,000170000465
WO-2172457,ASSET-00496,Corrective,HYDRAULIC-LEAK,46,1920,000170000465
WO-2172458,ASSET-00496,Preventive,,0,,000170000465
WO-2172459,ASSET-00496,Corrective,MOTOR-BURNOUT,188,695,000170000465
WO-2172460,ASSET-00496,Preventive,,0,,000170000465
WO-2172461,ASSET-00496,Preventive,,0,,000170000465
WO-2172462,ASSET-00497,Preventive,,0,,000170000466
WO-2172463,ASSET-00497,Corrective,SENSOR-FAULT,66,702,000170000466
WO-2172464,ASSET-00497,Preventive,,0,,000170000466
WO-2172465,ASSET-00497,Preventive,,0,,000170000466
WO-2172466,ASSET-00497,Corrective,PNEUMATIC-LEAK,33,327,000170000466
WO-2172467,ASSET-00498,Preventive,,0,,000170000467
WO-2172468,ASSET-00498,Preventive,,0,,000170000467
WO-2172469,ASSET-00498,Preventive,,0,,000170000467
WO-2172470,ASSET-00498,Preventive,,0,,000170000467
WO-2172471,ASSET-00498,Preventive,,0,,000170000467
WO-2172472,ASSET-00498,Preventive,,0,,000170000467
WO-2172473,ASSET-00499,Preventive,,0,,000170000468
WO-2172474,ASSET-00499,Corrective,HYDRAULIC-LEAK,132,215,000170000468
WO-2172475,ASSET-00499,Corrective,DIE-WEAR,83,349,000170000468
WO-2172476,ASSET-00499,Preventive,,0,,000170000468
WO-2172477,ASSET-00499,Emergency,DIE-WEAR,466,1527,000170000468
WO-2172478,ASSET-00500,Corrective,DIE-WEAR,192,257,000170000469
WO-2172479,ASSET-00500,Corrective,MOTOR-BURNOUT,187,1327,000170000469
WO-2172480,ASSET-00500,Preventive,,0,,000170000469
WO-2172481,ASSET-00501,Corrective,PNEUMATIC-LEAK,149,1136,000170000470
WO-2172482,ASSET-00501,Corrective,DIE-WEAR,214,234,000170000470
WO-2172483,ASSET-00501,Corrective,PNEUMATIC-LEAK,212,1997,000170000470
WO-2172484,ASSET-00501,Corrective,MOTOR-BURNOUT,199,240,000170000470
WO-2172485,ASSET-00502,Corrective,BEARING-FAILURE,77,1197,
WO-2172486,ASSET-00502,Corrective,DIE-WEAR,49,1829,
WO-2172487,ASSET-00502,Preventive,,0,,
WO-2172488,ASSET-00502,Preventive,,0,,
WO-2172489,ASSET-00502,Corrective,HYDRAULIC-LEAK,67,1455,
WO-2172490,ASSET-00502,Preventive,,0,,
WO-2172491,ASSET-00502,Emergency,BELT-FAILURE,193,1485,
WO-2172492,ASSET-00502,Preventive,,0,,
WO-2172493,ASSET-00503,Emergency,DIE-WEAR,495,815,000170000471
WO-2172494,ASSET-00503,Corrective,BEARING-FAILURE,78,761,000170000471
WO-2172495,ASSET-00503,Preventive,,0,,000170000471
WO-2172496,ASSET-00504,Preventive,,0,,000170000472
WO-2172497,ASSET-00504,Corrective,CALIBRATION-DRIFT,147,964,000170000472
WO-2172498,ASSET-00504,Corrective,HYDRAULIC-LEAK,191,440,000170000472
WO-2172499,ASSET-00504,Preventive,,0,,000170000472
WO-2172500,ASSET-00504,Corrective,CALIBRATION-DRIFT,190,1631,000170000472
WO-2172501,ASSET-00504,Preventive,,0,,000170000472
WO-2172502,ASSET-00504,Corrective,MOTOR-BURNOUT,137,558,000170000472
WO-2172503,ASSET-00505,Preventive,,0,,
WO-2172504,ASSET-00505,Corrective,CONTROLLER-FAULT,198,1011,
WO-2172505,ASSET-00505,Preventive,,0,,
WO-2172506,ASSET-00505,Preventive,,0,,
WO-2172507,ASSET-00505,Preventive,,0,,
WO-2172508,ASSET-00506,Preventive,,0,,000170000473
WO-2172509,ASSET-00506,Preventive,,0,,000170000473
WO-2172510,ASSET-00507,Preventive,,0,,000170000474
WO-2172511,ASSET-00507,Preventive,,0,,000170000474
WO-2172512,ASSET-00507,Preventive,,0,,000170000474
WO-2172513,ASSET-00507,Preventive,,0,,000170000474
WO-2172514,ASSET-00507,Corrective,MOTOR-BURNOUT,191,1930,000170000474
WO-2172515,ASSET-00507,Corrective,PNEUMATIC-LEAK,198,842,000170000474
WO-2172516,ASSET-00508,Preventive,,0,,000170000475
WO-2172517,ASSET-00508,Preventive,,0,,000170000475
WO-2172518,ASSET-00508,Preventive,,0,,000170000475
WO-2172519,ASSET-00508,Preventive,,0,,000170000475
WO-2172520,ASSET-00508,Corrective,HYDRAULIC-LEAK,125,1662,000170000475
WO-2172521,ASSET-00508,Preventive,,0,,000170000475
WO-2172522,ASSET-00508,Corrective,DIE-WEAR,36,1516,000170000475
WO-2172523,ASSET-00508,Preventive,,0,,000170000475
WO-2172524,ASSET-00508,Preventive,,0,,000170000475
WO-2172525,ASSET-00509,Preventive,,0,,000170000476
WO-2172526,ASSET-00509,Preventive,,0,,000170000476
WO-2172527,ASSET-00509,Corrective,HYDRAULIC-LEAK,156,292,000170000476
WO-2172528,ASSET-00509,Preventive,,0,,000170000476
WO-2172529,ASSET-00509,Corrective,MOTOR-BURNOUT,77,1277,000170000476
WO-2172530,ASSET-00509,Preventive,,0,,000170000476
WO-2172531,ASSET-00509,Preventive,,0,,000170000476
WO-2172532,ASSET-00510,Corrective,SPINDLE-SEIZURE,221,1760,000170000477
WO-2172533,ASSET-00510,Preventive,,0,,000170000477
WO-2172534,ASSET-00510,Emergency,CONTROLLER-FAULT,434,1662,000170000477
WO-2172535,ASSET-00510,Preventive,,0,,000170000477
WO-2172536,ASSET-00510,Emergency,SPINDLE-SEIZURE,589,1314,000170000477
WO-2172537,ASSET-00510,Corrective,PNEUMATIC-LEAK,111,1030,000170000477
WO-2172538,ASSET-00511,Preventive,,0,,000170000478
WO-2172539,ASSET-00511,Preventive,,0,,000170000478
WO-2172540,ASSET-00511,Preventive,,0,,000170000478
WO-2172541,ASSET-00511,Preventive,,0,,000170000478
WO-2172542,ASSET-00511,Emergency,SENSOR-FAULT,516,907,000170000478
WO-2172543,ASSET-00511,Corrective,PNEUMATIC-LEAK,191,1273,000170000478
WO-2172544,ASSET-00511,Corrective,SENSOR-FAULT,93,669,000170000478
WO-2172545,ASSET-00511,Preventive,,0,,000170000478
WO-2172546,ASSET-00512,Corrective,CALIBRATION-DRIFT,157,355,
WO-2172547,ASSET-00512,Preventive,,0,,
WO-2172548,ASSET-00512,Corrective,SPINDLE-SEIZURE,224,386,
WO-2172549,ASSET-00512,Preventive,,0,,
WO-2172550,ASSET-00513,Corrective,SENSOR-FAULT,194,1715,000170000479
WO-2172551,ASSET-00513,Preventive,,0,,000170000479
WO-2172552,ASSET-00513,Preventive,,0,,000170000479
WO-2172553,ASSET-00514,Preventive,,0,,000170000480
WO-2172554,ASSET-00514,Corrective,DIE-WEAR,63,1784,000170000480
WO-2172555,ASSET-00514,Corrective,PNEUMATIC-LEAK,101,837,000170000480
WO-2172556,ASSET-00514,Emergency,SPINDLE-SEIZURE,145,1610,000170000480
WO-2172557,ASSET-00514,Corrective,DIE-WEAR,133,491,000170000480
WO-2172558,ASSET-00514,Preventive,,0,,000170000480
WO-2172559,ASSET-00515,Emergency,BELT-FAILURE,171,309,000170000481
WO-2172560,ASSET-00515,Preventive,,0,,000170000481
WO-2172561,ASSET-00516,Preventive,,0,,000170000482
WO-2172562,ASSET-00516,Preventive,,0,,000170000482
WO-2172563,ASSET-00516,Preventive,,0,,000170000482
WO-2172564,ASSET-00516,Preventive,,0,,000170000482
WO-2172565,ASSET-00516,Corrective,CONTROLLER-FAULT,200,1212,000170000482
WO-2172566,ASSET-00516,Preventive,,0,,000170000482
WO-2172567,ASSET-00516,Preventive,,0,,000170000482
WO-2172568,ASSET-00517,Preventive,,0,,000170000483
WO-2172569,ASSET-00517,Emergency,SENSOR-FAULT,525,1323,000170000483
WO-2172570,ASSET-00517,Corrective,HYDRAULIC-LEAK,40,1087,000170000483
WO-2172571,ASSET-00517,Preventive,,0,,000170000483
WO-2172572,ASSET-00517,Corrective,CONTROLLER-FAULT,197,1749,000170000483
WO-2172573,ASSET-00517,Preventive,,0,,000170000483
WO-2172574,ASSET-00518,Preventive,,0,,000170000484
WO-2172575,ASSET-00518,Corrective,PNEUMATIC-LEAK,185,1655,000170000484
WO-2172576,ASSET-00518,Corrective,HYDRAULIC-LEAK,181,1871,000170000484
WO-2172577,ASSET-00518,Corrective,CONTROLLER-FAULT,146,1011,000170000484
WO-2172578,ASSET-00518,Emergency,BELT-FAILURE,164,855,000170000484
WO-2172579,ASSET-00518,Emergency,BEARING-FAILURE,585,1946,000170000484
WO-2172580,ASSET-00518,Corrective,MOTOR-BURNOUT,171,631,000170000484
WO-2172581,ASSET-00519,Preventive,,0,,000170000485
WO-2172582,ASSET-00519,Preventive,,0,,000170000485
WO-2172583,ASSET-00519,Preventive,,0,,000170000485
WO-2172584,ASSET-00519,Preventive,,0,,000170000485
WO-2172585,ASSET-00520,Corrective,PNEUMATIC-LEAK,77,1020,000170000486
WO-2172586,ASSET-00520,Preventive,,0,,000170000486
WO-2172587,ASSET-00520,Preventive,,0,,000170000486
WO-2172588,ASSET-00520,Corrective,PNEUMATIC-LEAK,86,1980,000170000486
WO-2172589,ASSET-00520,Preventive,,0,,000170000486
WO-2172590,ASSET-00520,Preventive,,0,,000170000486
WO-2172591,ASSET-00521,Emergency,BEARING-FAILURE,179,1906,
WO-2172592,ASSET-00521,Preventive,,0,,
WO-2172593,ASSET-00521,Preventive,,0,,
WO-2172594,ASSET-00521,Preventive,,0,,
WO-2172595,ASSET-00521,Preventive,,0,,
WO-2172596,ASSET-00521,Preventive,,0,,
WO-2172597,ASSET-00521,Preventive,,0,,
WO-2172598,ASSET-00521,Corrective,HYDRAULIC-LEAK,94,745,
WO-2172599,ASSET-00522,Preventive,,0,,000170000487
WO-2172600,ASSET-00522,Preventive,,0,,000170000487
WO-2172601,ASSET-00522,Preventive,,0,,000170000487
WO-2172602,ASSET-00522,Preventive,,0,,000170000487
WO-2172603,ASSET-00522,Corrective,PNEUMATIC-LEAK,199,1653,000170000487
WO-2172604,ASSET-00522,Preventive,,0,,000170000487
WO-2172605,ASSET-00522,Preventive,,0,,000170000487
WO-2172606,ASSET-00523,Preventive,,0,,000170000488
WO-2172607,ASSET-00523,Corrective,CALIBRATION-DRIFT,91,539,000170000488
WO-2172608,ASSET-00523,Preventive,,0,,000170000488
WO-2172609,ASSET-00523,Preventive,,0,,000170000488
WO-2172610,ASSET-00523,Corrective,CONTROLLER-FAULT,156,1631,000170000488
WO-2172611,ASSET-00523,Corrective,SPINDLE-SEIZURE,194,1925,000170000488
WO-2172612,ASSET-00523,Corrective,SENSOR-FAULT,227,1166,000170000488
WO-2172613,ASSET-00523,Corrective,CALIBRATION-DRIFT,97,1395,000170000488
WO-2172614,ASSET-00524,Corrective,HYDRAULIC-LEAK,83,1680,000170000489
WO-2172615,ASSET-00524,Corrective,BEARING-FAILURE,114,356,000170000489
WO-2172616,ASSET-00524,Preventive,,0,,000170000489
WO-2172617,ASSET-00524,Preventive,,0,,000170000489
WO-2172618,ASSET-00524,Preventive,,0,,000170000489
WO-2172619,ASSET-00524,Preventive,,0,,000170000489
WO-2172620,ASSET-00524,Preventive,,0,,000170000489
WO-2172621,ASSET-00524,Corrective,SENSOR-FAULT,134,1107,000170000489
WO-2172622,ASSET-00525,Corrective,MOTOR-BURNOUT,240,969,000170000490
WO-2172623,ASSET-00525,Preventive,,0,,000170000490
WO-2172624,ASSET-00525,Preventive,,0,,000170000490
WO-2172625,ASSET-00525,Preventive,,0,,000170000490
WO-2172626,ASSET-00525,Preventive,,0,,000170000490
WO-2172627,ASSET-00525,Preventive,,0,,000170000490
WO-2172628,ASSET-00525,Corrective,DIE-WEAR,78,505,000170000490
WO-2172629,ASSET-00525,Corrective,CONTROLLER-FAULT,138,1181,000170000490
WO-2172630,ASSET-00525,Preventive,,0,,000170000490
WO-2172631,ASSET-00526,Emergency,PNEUMATIC-LEAK,290,915,000170000491
WO-2172632,ASSET-00526,Corrective,SPINDLE-SEIZURE,140,252,000170000491
WO-2172633,ASSET-00526,Preventive,,0,,000170000491
WO-2172634,ASSET-00526,Emergency,BEARING-FAILURE,506,1639,000170000491
WO-2172635,ASSET-00527,Preventive,,0,,000170000492
WO-2172636,ASSET-00528,Corrective,CALIBRATION-DRIFT,153,1897,000170000493
WO-2172637,ASSET-00528,Preventive,,0,,000170000493
WO-2172638,ASSET-00528,Corrective,MOTOR-BURNOUT,55,1310,000170000493
WO-2172639,ASSET-00528,Preventive,,0,,000170000493
WO-2172640,ASSET-00529,Preventive,,0,,000170000494
WO-2172641,ASSET-00529,Preventive,,0,,000170000494
WO-2172642,ASSET-00529,Emergency,BELT-FAILURE,83,508,000170000494
WO-2172643,ASSET-00529,Preventive,,0,,000170000494
WO-2172644,ASSET-00529,Preventive,,0,,000170000494
WO-2172645,ASSET-00529,Corrective,MOTOR-BURNOUT,78,703,000170000494
WO-2172646,ASSET-00530,Preventive,,0,,000170000495
WO-2172647,ASSET-00530,Preventive,,0,,000170000495
WO-2172648,ASSET-00530,Corrective,SENSOR-FAULT,83,732,000170000495
WO-2172649,ASSET-00530,Preventive,,0,,000170000495
WO-2172650,ASSET-00531,Preventive,,0,,000170000496
WO-2172651,ASSET-00531,Preventive,,0,,000170000496
WO-2172652,ASSET-00531,Preventive,,0,,000170000496
WO-2172653,ASSET-00531,Preventive,,0,,000170000496
WO-2172654,ASSET-00531,Emergency,BEARING-FAILURE,495,860,000170000496
WO-2172655,ASSET-00531,Preventive,,0,,000170000496
WO-2172656,ASSET-00531,Corrective,BEARING-FAILURE,157,1756,000170000496
WO-2172657,ASSET-00531,Corrective,DIE-WEAR,228,711,000170000496
WO-2172658,ASSET-00532,Corrective,CONTROLLER-FAULT,90,1574,000170000497
WO-2172659,ASSET-00532,Emergency,DIE-WEAR,164,1267,000170000497
WO-2172660,ASSET-00532,Emergency,DIE-WEAR,380,302,000170000497
WO-2172661,ASSET-00532,Corrective,SENSOR-FAULT,133,1538,000170000497
WO-2172662,ASSET-00533,Corrective,PNEUMATIC-LEAK,192,1288,000170000498
WO-2172663,ASSET-00533,Emergency,CALIBRATION-DRIFT,203,291,000170000498
WO-2172664,ASSET-00533,Preventive,,0,,000170000498
WO-2172665,ASSET-00533,Corrective,BEARING-FAILURE,140,1747,000170000498
WO-2172666,ASSET-00533,Preventive,,0,,000170000498
WO-2172667,ASSET-00533,Preventive,,0,,000170000498
WO-2172668,ASSET-00534,Corrective,PNEUMATIC-LEAK,106,1169,
WO-2172669,ASSET-00534,Preventive,,0,,
WO-2172670,ASSET-00534,Preventive,,0,,
WO-2172671,ASSET-00534,Preventive,,0,,
WO-2172672,ASSET-00534,Emergency,CONTROLLER-FAULT,542,1983,
WO-2172673,ASSET-00535,Preventive,,0,,
WO-2172674,ASSET-00535,Preventive,,0,,
WO-2172675,ASSET-00535,Preventive,,0,,
WO-2172676,ASSET-00535,Corrective,HYDRAULIC-LEAK,110,1782,
WO-2172677,ASSET-00535,Preventive,,0,,
WO-2172678,ASSET-00536,Preventive,,0,,000170000499
WO-2172679,ASSET-00536,Corrective,PNEUMATIC-LEAK,217,1337,000170000499
WO-2172680,ASSET-00536,Preventive,,0,,000170000499
WO-2172681,ASSET-00536,Corrective,MOTOR-BURNOUT,211,1491,000170000499
WO-2172682,ASSET-00536,Preventive,,0,,000170000499
WO-2172683,ASSET-00536,Preventive,,0,,000170000499
WO-2172684,ASSET-00537,Preventive,,0,,000170000500
WO-2172685,ASSET-00537,Corrective,CALIBRATION-DRIFT,33,931,000170000500
WO-2172686,ASSET-00537,Preventive,,0,,000170000500
WO-2172687,ASSET-00537,Preventive,,0,,000170000500
WO-2172688,ASSET-00537,Preventive,,0,,000170000500
WO-2172689,ASSET-00537,Preventive,,0,,000170000500
WO-2172690,ASSET-00537,Preventive,,0,,000170000500
WO-2172691,ASSET-00538,Preventive,,0,,000170000501
WO-2172692,ASSET-00538,Preventive,,0,,000170000501
WO-2172693,ASSET-00538,Emergency,BEARING-FAILURE,373,587,000170000501
WO-2172694,ASSET-00538,Corrective,CALIBRATION-DRIFT,150,1111,000170000501
WO-2172695,ASSET-00538,Corrective,BEARING-FAILURE,157,482,000170000501
WO-2172696,ASSET-00539,Preventive,,0,,000170000502
WO-2172697,ASSET-00539,Preventive,,0,,000170000502
WO-2172698,ASSET-00539,Corrective,BELT-FAILURE,131,1222,000170000502
WO-2172699,ASSET-00539,Preventive,,0,,000170000502
WO-2172700,ASSET-00539,Preventive,,0,,000170000502
WO-2172701,ASSET-00539,Preventive,,0,,000170000502
WO-2172702,ASSET-00540,Preventive,,0,,000170000503
WO-2172703,ASSET-00540,Preventive,,0,,000170000503
WO-2172704,ASSET-00540,Preventive,,0,,000170000503
WO-2172705,ASSET-00540,Corrective,CALIBRATION-DRIFT,117,1921,000170000503
WO-2172706,ASSET-00540,Preventive,,0,,000170000503
WO-2172707,ASSET-00541,Preventive,,0,,000170000504
WO-2172708,ASSET-00541,Preventive,,0,,000170000504
WO-2172709,ASSET-00541,Emergency,PNEUMATIC-LEAK,412,1718,000170000504
WO-2172710,ASSET-00541,Corrective,HYDRAULIC-LEAK,155,1424,000170000504
WO-2172711,ASSET-00542,Preventive,,0,,000170000505
WO-2172712,ASSET-00542,Corrective,MOTOR-BURNOUT,202,485,000170000505
WO-2172713,ASSET-00542,Preventive,,0,,000170000505
WO-2172714,ASSET-00542,Preventive,,0,,000170000505
WO-2172715,ASSET-00542,Corrective,MOTOR-BURNOUT,167,662,000170000505
WO-2172716,ASSET-00542,Emergency,SENSOR-FAULT,139,1953,000170000505
WO-2172717,ASSET-00543,Preventive,,0,,000170000506
WO-2172718,ASSET-00543,Preventive,,0,,000170000506
WO-2172719,ASSET-00543,Preventive,,0,,000170000506
WO-2172720,ASSET-00543,Corrective,HYDRAULIC-LEAK,221,732,000170000506
WO-2172721,ASSET-00543,Preventive,,0,,000170000506
WO-2172722,ASSET-00544,Preventive,,0,,000170000507
WO-2172723,ASSET-00544,Corrective,CONTROLLER-FAULT,182,1755,000170000507
WO-2172724,ASSET-00544,Preventive,,0,,000170000507
WO-2172725,ASSET-00544,Preventive,,0,,000170000507
WO-2172726,ASSET-00544,Preventive,,0,,000170000507
WO-2172727,ASSET-00545,Corrective,PNEUMATIC-LEAK,71,1275,000170000508
WO-2172728,ASSET-00545,Preventive,,0,,000170000508
WO-2172729,ASSET-00545,Corrective,SENSOR-FAULT,215,1067,000170000508
WO-2172730,ASSET-00545,Corrective,HYDRAULIC-LEAK,237,949,000170000508
WO-2172731,ASSET-00545,Preventive,,0,,000170000508
WO-2172732,ASSET-00545,Corrective,SENSOR-FAULT,104,560,000170000508
WO-2172733,ASSET-00545,Emergency,HYDRAULIC-LEAK,484,1922,000170000508
WO-2172734,ASSET-00545,Preventive,,0,,000170000508
WO-2172735,ASSET-00546,Preventive,,0,,
WO-2172736,ASSET-00546,Preventive,,0,,
WO-2172737,ASSET-00546,Corrective,SPINDLE-SEIZURE,195,1652,
WO-2172738,ASSET-00546,Preventive,,0,,
WO-2172739,ASSET-00547,Corrective,BELT-FAILURE,42,895,000170000509
WO-2172740,ASSET-00547,Emergency,DIE-WEAR,586,233,000170000509
WO-2172741,ASSET-00547,Corrective,CALIBRATION-DRIFT,57,323,000170000509
WO-2172742,ASSET-00547,Emergency,DIE-WEAR,295,1773,000170000509
WO-2172743,ASSET-00547,Preventive,,0,,000170000509
WO-2172744,ASSET-00547,Preventive,,0,,000170000509
WO-2172745,ASSET-00548,Preventive,,0,,
WO-2172746,ASSET-00548,Emergency,SPINDLE-SEIZURE,253,1300,
WO-2172747,ASSET-00548,Corrective,SPINDLE-SEIZURE,216,1997,
WO-2172748,ASSET-00548,Corrective,BEARING-FAILURE,222,1286,
WO-2172749,ASSET-00548,Emergency,BELT-FAILURE,513,502,
WO-2172750,ASSET-00548,Preventive,,0,,
WO-2172751,ASSET-00548,Preventive,,0,,
WO-2172752,ASSET-00549,Corrective,CONTROLLER-FAULT,114,1354,000170000510
WO-2172753,ASSET-00549,Preventive,,0,,000170000510
WO-2172754,ASSET-00549,Corrective,SENSOR-FAULT,113,1915,000170000510
WO-2172755,ASSET-00549,Emergency,BEARING-FAILURE,69,1893,000170000510
WO-2172756,ASSET-00549,Preventive,,0,,000170000510
WO-2172757,ASSET-00549,Preventive,,0,,000170000510
WO-2172758,ASSET-00550,Corrective,BEARING-FAILURE,49,688,000170000511
WO-2172759,ASSET-00550,Corrective,BEARING-FAILURE,136,581,000170000511
WO-2172760,ASSET-00550,Preventive,,0,,000170000511
WO-2172761,ASSET-00550,Emergency,PNEUMATIC-LEAK,315,1905,000170000511
WO-2172762,ASSET-00550,Corrective,CONTROLLER-FAULT,142,1580,000170000511
WO-2172763,ASSET-00550,Preventive,,0,,000170000511
WO-2172764,ASSET-00550,Corrective,CALIBRATION-DRIFT,42,1285,000170000511
WO-2172765,ASSET-00551,Preventive,,0,,000170000512
WO-2172766,ASSET-00551,Corrective,CALIBRATION-DRIFT,175,1230,000170000512
WO-2172767,ASSET-00551,Preventive,,0,,000170000512
WO-2172768,ASSET-00551,Preventive,,0,,000170000512
WO-2172769,ASSET-00551,Preventive,,0,,000170000512
WO-2172770,ASSET-00551,Corrective,MOTOR-BURNOUT,185,516,000170000512
WO-2172771,ASSET-00551,Preventive,,0,,000170000512
WO-2172772,ASSET-00552,Corrective,MOTOR-BURNOUT,201,390,000170000513
WO-2172773,ASSET-00552,Corrective,MOTOR-BURNOUT,154,1918,000170000513
WO-2172774,ASSET-00553,Corrective,CALIBRATION-DRIFT,161,724,000170000514
WO-2172775,ASSET-00553,Emergency,SENSOR-FAULT,225,1827,000170000514
WO-2172776,ASSET-00553,Preventive,,0,,000170000514
WO-2172777,ASSET-00553,Preventive,,0,,000170000514
WO-2172778,ASSET-00553,Corrective,BELT-FAILURE,53,983,000170000514
WO-2172779,ASSET-00553,Corrective,SPINDLE-SEIZURE,197,1539,000170000514
WO-2172780,ASSET-00554,Emergency,BEARING-FAILURE,66,648,000170000515
WO-2172781,ASSET-00554,Preventive,,0,,000170000515
WO-2172782,ASSET-00554,Preventive,,0,,000170000515
WO-2172783,ASSET-00554,Preventive,,0,,000170000515
WO-2172784,ASSET-00554,Corrective,HYDRAULIC-LEAK,221,503,000170000515
WO-2172785,ASSET-00554,Preventive,,0,,000170000515
WO-2172786,ASSET-00554,Corrective,BELT-FAILURE,199,1644,000170000515
WO-2172787,ASSET-00554,Preventive,,0,,000170000515
WO-2172788,ASSET-00554,Preventive,,0,,000170000515
WO-2172789,ASSET-00555,Preventive,,0,,000170000516
WO-2172790,ASSET-00555,Corrective,SPINDLE-SEIZURE,191,1631,000170000516
WO-2172791,ASSET-00555,Emergency,BEARING-FAILURE,235,376,000170000516
WO-2172792,ASSET-00555,Emergency,BELT-FAILURE,390,322,000170000516
WO-2172793,ASSET-00556,Preventive,,0,,000170000517
WO-2172794,ASSET-00556,Preventive,,0,,000170000517
WO-2172795,ASSET-00556,Preventive,,0,,000170000517
WO-2172796,ASSET-00556,Preventive,,0,,000170000517
WO-2172797,ASSET-00556,Preventive,,0,,000170000517
WO-2172798,ASSET-00557,Corrective,SPINDLE-SEIZURE,146,1536,000170000518
WO-2172799,ASSET-00557,Corrective,SPINDLE-SEIZURE,181,558,000170000518
WO-2172800,ASSET-00558,Preventive,,0,,000170000519
WO-2172801,ASSET-00558,Preventive,,0,,000170000519
WO-2172802,ASSET-00558,Emergency,PNEUMATIC-LEAK,270,259,000170000519
WO-2172803,ASSET-00558,Corrective,HYDRAULIC-LEAK,211,845,000170000519
WO-2172804,ASSET-00558,Preventive,,0,,000170000519
WO-2172805,ASSET-00558,Preventive,,0,,000170000519
WO-2172806,ASSET-00559,Preventive,,0,,000170000520
WO-2172807,ASSET-00559,Corrective,PNEUMATIC-LEAK,170,1083,000170000520
WO-2172808,ASSET-00559,Preventive,,0,,000170000520
WO-2172809,ASSET-00559,Preventive,,0,,000170000520
WO-2172810,ASSET-00559,Emergency,SPINDLE-SEIZURE,186,1468,000170000520
WO-2172811,ASSET-00559,Preventive,,0,,000170000520
WO-2172812,ASSET-00559,Preventive,,0,,000170000520
WO-2172813,ASSET-00559,Preventive,,0,,000170000520
WO-2172814,ASSET-00560,Preventive,,0,,000170000521
WO-2172815,ASSET-00560,Corrective,HYDRAULIC-LEAK,186,1891,000170000521
WO-2172816,ASSET-00560,Corrective,DIE-WEAR,220,1940,000170000521
WO-2172817,ASSET-00560,Corrective,PNEUMATIC-LEAK,110,1390,000170000521
WO-2172818,ASSET-00560,Preventive,,0,,000170000521
WO-2172819,ASSET-00560,Preventive,,0,,000170000521
WO-2172820,ASSET-00561,Corrective,CONTROLLER-FAULT,201,1396,000170000522
WO-2172821,ASSET-00561,Preventive,,0,,000170000522
WO-2172822,ASSET-00561,Preventive,,0,,000170000522
WO-2172823,ASSET-00561,Corrective,MOTOR-BURNOUT,189,1800,000170000522
WO-2172824,ASSET-00561,Preventive,,0,,000170000522
WO-2172825,ASSET-00561,Corrective,HYDRAULIC-LEAK,161,1758,000170000522
WO-2172826,ASSET-00562,Corrective,CONTROLLER-FAULT,191,1282,000170000523
WO-2172827,ASSET-00562,Preventive,,0,,000170000523
WO-2172828,ASSET-00562,Preventive,,0,,000170000523
WO-2172829,ASSET-00563,Corrective,DIE-WEAR,51,354,
WO-2172830,ASSET-00563,Emergency,MOTOR-BURNOUT,584,889,
WO-2172831,ASSET-00563,Preventive,,0,,
WO-2172832,ASSET-00563,Preventive,,0,,
WO-2172833,ASSET-00563,Corrective,DIE-WEAR,94,409,
WO-2172834,ASSET-00564,Preventive,,0,,000170000524
WO-2172835,ASSET-00564,Preventive,,0,,000170000524
WO-2172836,ASSET-00564,Corrective,CALIBRATION-DRIFT,185,1792,000170000524
WO-2172837,ASSET-00564,Corrective,PNEUMATIC-LEAK,117,579,000170000524
WO-2172838,ASSET-00564,Corrective,BEARING-FAILURE,73,1205,000170000524
WO-2172839,ASSET-00564,Preventive,,0,,000170000524
WO-2172840,ASSET-00564,Preventive,,0,,000170000524
WO-2172841,ASSET-00565,Preventive,,0,,000170000525
WO-2172842,ASSET-00565,Preventive,,0,,000170000525
WO-2172843,ASSET-00565,Preventive,,0,,000170000525
WO-2172844,ASSET-00565,Emergency,MOTOR-BURNOUT,585,1594,000170000525
WO-2172845,ASSET-00566,Preventive,,0,,000170000526
WO-2172846,ASSET-00566,Corrective,CALIBRATION-DRIFT,112,709,000170000526
WO-2172847,ASSET-00566,Corrective,SPINDLE-SEIZURE,188,1605,000170000526
WO-2172848,ASSET-00566,Corrective,BEARING-FAILURE,235,954,000170000526
WO-2172849,ASSET-00566,Emergency,BEARING-FAILURE,256,1380,000170000526
WO-2172850,ASSET-00567,Preventive,,0,,000170000527
WO-2172851,ASSET-00567,Preventive,,0,,000170000527
WO-2172852,ASSET-00567,Preventive,,0,,000170000527
WO-2172853,ASSET-00567,Preventive,,0,,000170000527
WO-2172854,ASSET-00567,Preventive,,0,,000170000527
WO-2172855,ASSET-00567,Corrective,SPINDLE-SEIZURE,109,207,000170000527
WO-2172856,ASSET-00568,Preventive,,0,,
WO-2172857,ASSET-00568,Preventive,,0,,
WO-2172858,ASSET-00568,Emergency,SPINDLE-SEIZURE,123,587,
WO-2172859,ASSET-00568,Emergency,DIE-WEAR,140,425,
WO-2172860,ASSET-00568,Preventive,,0,,
WO-2172861,ASSET-00569,Emergency,BELT-FAILURE,393,1467,000170000528
WO-2172862,ASSET-00569,Preventive,,0,,000170000528
WO-2172863,ASSET-00569,Emergency,BEARING-FAILURE,298,994,000170000528
WO-2172864,ASSET-00569,Preventive,,0,,000170000528
WO-2172865,ASSET-00569,Preventive,,0,,000170000528
WO-2172866,ASSET-00570,Corrective,CALIBRATION-DRIFT,57,1900,000170000529
WO-2172867,ASSET-00570,Emergency,HYDRAULIC-LEAK,375,1821,000170000529
WO-2172868,ASSET-00570,Preventive,,0,,000170000529
WO-2172869,ASSET-00570,Emergency,CALIBRATION-DRIFT,146,472,000170000529
WO-2172870,ASSET-00570,Corrective,HYDRAULIC-LEAK,54,1313,000170000529
WO-2172871,ASSET-00571,Corrective,MOTOR-BURNOUT,214,1367,000170000530
WO-2172872,ASSET-00571,Corrective,HYDRAULIC-LEAK,69,1254,000170000530
WO-2172873,ASSET-00571,Preventive,,0,,000170000530
WO-2172874,ASSET-00572,Preventive,,0,,000170000531
WO-2172875,ASSET-00572,Preventive,,0,,000170000531
WO-2172876,ASSET-00572,Corrective,CONTROLLER-FAULT,143,1204,000170000531
WO-2172877,ASSET-00572,Emergency,SENSOR-FAULT,371,1728,000170000531
WO-2172878,ASSET-00573,Preventive,,0,,000170000532
WO-2172879,ASSET-00573,Emergency,BELT-FAILURE,83,342,000170000532
WO-2172880,ASSET-00573,Corrective,SPINDLE-SEIZURE,176,354,000170000532
WO-2172881,ASSET-00573,Corrective,MOTOR-BURNOUT,70,477,000170000532
WO-2172882,ASSET-00574,Emergency,CONTROLLER-FAULT,339,1156,000170000533
WO-2172883,ASSET-00574,Corrective,SENSOR-FAULT,47,1959,000170000533
WO-2172884,ASSET-00574,Corrective,BELT-FAILURE,124,880,000170000533
WO-2172885,ASSET-00574,Corrective,MOTOR-BURNOUT,55,1737,000170000533
WO-2172886,ASSET-00574,Preventive,,0,,000170000533
WO-2172887,ASSET-00574,Corrective,SPINDLE-SEIZURE,182,1217,000170000533
WO-2172888,ASSET-00575,Preventive,,0,,000170000534
WO-2172889,ASSET-00575,Preventive,,0,,000170000534
WO-2172890,ASSET-00575,Preventive,,0,,000170000534
WO-2172891,ASSET-00575,Preventive,,0,,000170000534
WO-2172892,ASSET-00575,Preventive,,0,,000170000534
WO-2172893,ASSET-00576,Corrective,CONTROLLER-FAULT,216,974,000170000535
WO-2172894,ASSET-00576,Preventive,,0,,000170000535
WO-2172895,ASSET-00576,Preventive,,0,,000170000535
WO-2172896,ASSET-00576,Preventive,,0,,000170000535
WO-2172897,ASSET-00576,Preventive,,0,,000170000535
WO-2172898,ASSET-00576,Emergency,HYDRAULIC-LEAK,292,1740,000170000535
WO-2172899,ASSET-00576,Preventive,,0,,000170000535
WO-2172900,ASSET-00577,Corrective,PNEUMATIC-LEAK,83,1568,000170000536
WO-2172901,ASSET-00577,Corrective,CALIBRATION-DRIFT,37,1535,000170000536
WO-2172902,ASSET-00577,Preventive,,0,,000170000536
WO-2172903,ASSET-00577,Preventive,,0,,000170000536
WO-2172904,ASSET-00577,Preventive,,0,,000170000536
WO-2172905,ASSET-00577,Corrective,CALIBRATION-DRIFT,75,470,000170000536
WO-2172906,ASSET-00578,Corrective,HYDRAULIC-LEAK,213,755,000170000537
WO-2172907,ASSET-00578,Corrective,HYDRAULIC-LEAK,36,1155,000170000537
WO-2172908,ASSET-00578,Preventive,,0,,000170000537
WO-2172909,ASSET-00578,Corrective,BEARING-FAILURE,89,1593,000170000537
WO-2172910,ASSET-00579,Corrective,HYDRAULIC-LEAK,44,1026,000170000538
WO-2172911,ASSET-00579,Preventive,,0,,000170000538
WO-2172912,ASSET-00579,Emergency,CONTROLLER-FAULT,312,1529,000170000538
WO-2172913,ASSET-00579,Preventive,,0,,000170000538
WO-2172914,ASSET-00579,Preventive,,0,,000170000538
WO-2172915,ASSET-00579,Corrective,CALIBRATION-DRIFT,59,602,000170000538
WO-2172916,ASSET-00579,Preventive,,0,,000170000538
WO-2172917,ASSET-00580,Corrective,SPINDLE-SEIZURE,232,588,000170000539
WO-2172918,ASSET-00580,Preventive,,0,,000170000539
WO-2172919,ASSET-00580,Emergency,CONTROLLER-FAULT,446,1460,000170000539
WO-2172920,ASSET-00580,Preventive,,0,,000170000539
WO-2172921,ASSET-00580,Preventive,,0,,000170000539
WO-2172922,ASSET-00581,Preventive,,0,,
WO-2172923,ASSET-00581,Corrective,SPINDLE-SEIZURE,149,1772,
WO-2172924,ASSET-00581,Preventive,,0,,
WO-2172925,ASSET-00582,Preventive,,0,,
WO-2172926,ASSET-00582,Preventive,,0,,
WO-2172927,ASSET-00582,Corrective,BEARING-FAILURE,191,969,
WO-2172928,ASSET-00582,Corrective,PNEUMATIC-LEAK,73,986,
WO-2172929,ASSET-00582,Emergency,HYDRAULIC-LEAK,465,271,
WO-2172930,ASSET-00582,Corrective,DIE-WEAR,61,1782,
WO-2172931,ASSET-00583,Preventive,,0,,000170000540
WO-2172932,ASSET-00583,Preventive,,0,,000170000540
WO-2172933,ASSET-00583,Preventive,,0,,000170000540
WO-2172934,ASSET-00583,Preventive,,0,,000170000540
WO-2172935,ASSET-00584,Preventive,,0,,000170000541
WO-2172936,ASSET-00584,Emergency,CALIBRATION-DRIFT,281,1187,000170000541
WO-2172937,ASSET-00584,Emergency,HYDRAULIC-LEAK,557,1580,000170000541
WO-2172938,ASSET-00585,Corrective,BELT-FAILURE,55,662,000170000542
WO-2172939,ASSET-00585,Corrective,SENSOR-FAULT,104,265,000170000542
WO-2172940,ASSET-00585,Corrective,BELT-FAILURE,86,1732,000170000542
WO-2172941,ASSET-00585,Corrective,MOTOR-BURNOUT,122,593,000170000542
WO-2172942,ASSET-00586,Corrective,SPINDLE-SEIZURE,56,457,000170000543
WO-2172943,ASSET-00586,Corrective,SPINDLE-SEIZURE,40,1370,000170000543
WO-2172944,ASSET-00586,Preventive,,0,,000170000543
WO-2172945,ASSET-00586,Corrective,BEARING-FAILURE,148,1482,000170000543
WO-2172946,ASSET-00586,Preventive,,0,,000170000543
WO-2172947,ASSET-00587,Corrective,SPINDLE-SEIZURE,186,790,000170000544
WO-2172948,ASSET-00587,Preventive,,0,,000170000544
WO-2172949,ASSET-00588,Preventive,,0,,
WO-2172950,ASSET-00588,Preventive,,0,,
WO-2172951,ASSET-00588,Preventive,,0,,
WO-2172952,ASSET-00589,Preventive,,0,,000170000545
WO-2172953,ASSET-00589,Preventive,,0,,000170000545
WO-2172954,ASSET-00589,Preventive,,0,,000170000545
WO-2172955,ASSET-00589,Emergency,SPINDLE-SEIZURE,586,1443,000170000545
WO-2172956,ASSET-00590,Corrective,MOTOR-BURNOUT,238,1709,000170000546
WO-2172957,ASSET-00590,Corrective,SENSOR-FAULT,65,964,000170000546
WO-2172958,ASSET-00590,Preventive,,0,,000170000546
WO-2172959,ASSET-00590,Corrective,PNEUMATIC-LEAK,236,1439,000170000546
WO-2172960,ASSET-00590,Preventive,,0,,000170000546
WO-2172961,ASSET-00590,Preventive,,0,,000170000546
WO-2172962,ASSET-00590,Preventive,,0,,000170000546
WO-2172963,ASSET-00590,Preventive,,0,,000170000546
WO-2172964,ASSET-00590,Preventive,,0,,000170000546
WO-2172965,ASSET-00590,Preventive,,0,,000170000546
WO-2172966,ASSET-00591,Corrective,SENSOR-FAULT,143,983,000170000547
WO-2172967,ASSET-00591,Corrective,SPINDLE-SEIZURE,200,524,000170000547
WO-2172968,ASSET-00591,Corrective,SENSOR-FAULT,81,420,000170000547
WO-2172969,ASSET-00591,Preventive,,0,,000170000547
WO-2172970,ASSET-00592,Preventive,,0,,000170000548
WO-2172971,ASSET-00592,Preventive,,0,,000170000548
WO-2172972,ASSET-00592,Corrective,CONTROLLER-FAULT,202,524,000170000548
WO-2172973,ASSET-00592,Preventive,,0,,000170000548
WO-2172974,ASSET-00592,Preventive,,0,,000170000548
WO-2172975,ASSET-00592,Preventive,,0,,000170000548
WO-2172976,ASSET-00592,Corrective,HYDRAULIC-LEAK,150,1442,000170000548
WO-2172977,ASSET-00592,Preventive,,0,,000170000548
WO-2172978,ASSET-00593,Preventive,,0,,000170000549
WO-2172979,ASSET-00593,Corrective,CALIBRATION-DRIFT,219,1763,000170000549
WO-2172980,ASSET-00593,Corrective,SPINDLE-SEIZURE,57,1692,000170000549
WO-2172981,ASSET-00593,Corrective,MOTOR-BURNOUT,170,275,000170000549
WO-2172982,ASSET-00593,Preventive,,0,,000170000549
WO-2172983,ASSET-00594,Preventive,,0,,
WO-2172984,ASSET-00594,Preventive,,0,,
WO-2172985,ASSET-00594,Preventive,,0,,
WO-2172986,ASSET-00594,Preventive,,0,,
WO-2172987,ASSET-00594,Corrective,MOTOR-BURNOUT,183,1643,
WO-2172988,ASSET-00595,Corrective,BEARING-FAILURE,39,435,000170000550
WO-2172989,ASSET-00596,Preventive,,0,,000170000551
WO-2172990,ASSET-00596,Corrective,CALIBRATION-DRIFT,232,1652,000170000551
WO-2172991,ASSET-00596,Corrective,SPINDLE-SEIZURE,233,623,000170000551
WO-2172992,ASSET-00596,Preventive,,0,,000170000551
WO-2172993,ASSET-00596,Preventive,,0,,000170000551
WO-2172994,ASSET-00596,Corrective,DIE-WEAR,240,230,000170000551
WO-2172995,ASSET-00596,Emergency,SENSOR-FAULT,258,578,000170000551
WO-2172996,ASSET-00596,Preventive,,0,,000170000551
WO-2172997,ASSET-00596,Emergency,MOTOR-BURNOUT,397,623,000170000551
WO-2172998,ASSET-00596,Preventive,,0,,000170000551
WO-2172999,ASSET-00596,Corrective,SENSOR-FAULT,137,445,000170000551
WO-2173000,ASSET-00596,Preventive,,0,,000170000551
WO-2173001,ASSET-00596,Emergency,BELT-FAILURE,85,1157,000170000551
WO-2173002,ASSET-00597,Preventive,,0,,000170000552
WO-2173003,ASSET-00598,Corrective,PNEUMATIC-LEAK,136,707,000170000553
WO-2173004,ASSET-00598,Preventive,,0,,000170000553
WO-2173005,ASSET-00598,Corrective,BELT-FAILURE,39,1233,000170000553
WO-2173006,ASSET-00598,Preventive,,0,,000170000553
WO-2173007,ASSET-00599,Preventive,,0,,000170000554
WO-2173008,ASSET-00599,Preventive,,0,,000170000554
WO-2173009,ASSET-00599,Corrective,SENSOR-FAULT,50,1935,000170000554
WO-2173010,ASSET-00599,Preventive,,0,,000170000554
WO-2173011,ASSET-00599,Preventive,,0,,000170000554
WO-2173012,ASSET-00599,Preventive,,0,,000170000554
WO-2173013,ASSET-00599,Preventive,,0,,000170000554
WO-2173014,ASSET-00599,Preventive,,0,,000170000554
WO-2173015,ASSET-00599,Corrective,SENSOR-FAULT,104,559,000170000554
WO-2173016,ASSET-00600,Preventive,,0,,000170000555
WO-2173017,ASSET-00600,Emergency,CALIBRATION-DRIFT,415,1264,000170000555
WO-2173018,ASSET-00600,Preventive,,0,,000170000555
WO-2173019,ASSET-00600,Corrective,MOTOR-BURNOUT,78,1812,000170000555
WO-2173020,ASSET-00600,Corrective,BEARING-FAILURE,195,961,000170000555
WO-2173021,ASSET-00600,Preventive,,0,,000170000555
WO-2173022,ASSET-00600,Corrective,CALIBRATION-DRIFT,101,1652,000170000555
WO-2173023,ASSET-00600,Emergency,SENSOR-FAULT,381,1691,000170000555
WO-2173024,ASSET-00601,Preventive,,0,,000170000556
WO-2173025,ASSET-00601,Preventive,,0,,000170000556
WO-2173026,ASSET-00601,Corrective,CALIBRATION-DRIFT,150,1071,000170000556
WO-2173027,ASSET-00601,Preventive,,0,,000170000556
WO-2173028,ASSET-00602,Emergency,SENSOR-FAULT,394,521,000170000557
WO-2173029,ASSET-00602,Corrective,CONTROLLER-FAULT,201,324,000170000557
WO-2173030,ASSET-00602,Preventive,,0,,000170000557
WO-2173031,ASSET-00602,Corrective,PNEUMATIC-LEAK,238,1654,000170000557
WO-2173032,ASSET-00602,Preventive,,0,,000170000557
WO-2173033,ASSET-00602,Preventive,,0,,000170000557
WO-2173034,ASSET-00603,Preventive,,0,,000170000558
WO-2173035,ASSET-00603,Preventive,,0,,000170000558
WO-2173036,ASSET-00603,Preventive,,0,,000170000558
WO-2173037,ASSET-00603,Emergency,MOTOR-BURNOUT,105,1849,000170000558
WO-2173038,ASSET-00604,Corrective,BELT-FAILURE,203,1365,000170000559
WO-2173039,ASSET-00604,Preventive,,0,,000170000559
WO-2173040,ASSET-00605,Emergency,SPINDLE-SEIZURE,172,432,000170000560
WO-2173041,ASSET-00605,Corrective,BEARING-FAILURE,186,1736,000170000560
WO-2173042,ASSET-00605,Preventive,,0,,000170000560
WO-2173043,ASSET-00605,Preventive,,0,,000170000560
WO-2173044,ASSET-00605,Preventive,,0,,000170000560
WO-2173045,ASSET-00605,Corrective,MOTOR-BURNOUT,161,912,000170000560
WO-2173046,ASSET-00605,Corrective,CONTROLLER-FAULT,190,1798,000170000560
WO-2173047,ASSET-00606,Preventive,,0,,000170000561
WO-2173048,ASSET-00606,Corrective,PNEUMATIC-LEAK,218,1761,000170000561
WO-2173049,ASSET-00606,Preventive,,0,,000170000561
WO-2173050,ASSET-00606,Corrective,DIE-WEAR,111,413,000170000561
WO-2173051,ASSET-00607,Corrective,HYDRAULIC-LEAK,177,592,000170000562
WO-2173052,ASSET-00607,Preventive,,0,,000170000562
WO-2173053,ASSET-00607,Preventive,,0,,000170000562
WO-2173054,ASSET-00607,Preventive,,0,,000170000562
WO-2173055,ASSET-00607,Preventive,,0,,000170000562
WO-2173056,ASSET-00607,Preventive,,0,,000170000562
WO-2173057,ASSET-00608,Preventive,,0,,000170000563
WO-2173058,ASSET-00608,Preventive,,0,,000170000563
WO-2173059,ASSET-00608,Corrective,CONTROLLER-FAULT,221,578,000170000563
WO-2173060,ASSET-00609,Preventive,,0,,000170000564
WO-2173061,ASSET-00609,Corrective,HYDRAULIC-LEAK,67,864,000170000564
WO-2173062,ASSET-00609,Preventive,,0,,000170000564
WO-2173063,ASSET-00609,Preventive,,0,,000170000564
WO-2173064,ASSET-00609,Preventive,,0,,000170000564
WO-2173065,ASSET-00610,Corrective,BELT-FAILURE,50,1774,000170000565
WO-2173066,ASSET-00610,Corrective,SPINDLE-SEIZURE,210,1368,000170000565
WO-2173067,ASSET-00610,Emergency,BEARING-FAILURE,181,1099,000170000565
WO-2173068,ASSET-00610,Corrective,MOTOR-BURNOUT,102,1061,000170000565
WO-2173069,ASSET-00611,Preventive,,0,,000170000566
WO-2173070,ASSET-00611,Corrective,BELT-FAILURE,186,617,000170000566
WO-2173071,ASSET-00611,Preventive,,0,,000170000566
WO-2173072,ASSET-00611,Preventive,,0,,000170000566
WO-2173073,ASSET-00611,Corrective,SPINDLE-SEIZURE,155,1350,000170000566
WO-2173074,ASSET-00612,Preventive,,0,,000170000567
WO-2173075,ASSET-00612,Corrective,BEARING-FAILURE,53,1198,000170000567
WO-2173076,ASSET-00612,Preventive,,0,,000170000567
WO-2173077,ASSET-00612,Corrective,SPINDLE-SEIZURE,199,1243,000170000567
WO-2173078,ASSET-00612,Corrective,PNEUMATIC-LEAK,119,438,000170000567
WO-2173079,ASSET-00613,Corrective,SPINDLE-SEIZURE,182,1742,000170000568
WO-2173080,ASSET-00613,Preventive,,0,,000170000568
WO-2173081,ASSET-00613,Preventive,,0,,000170000568
WO-2173082,ASSET-00613,Preventive,,0,,000170000568
WO-2173083,ASSET-00613,Preventive,,0,,000170000568
WO-2173084,ASSET-00614,Corrective,HYDRAULIC-LEAK,94,1069,000170000569
WO-2173085,ASSET-00614,Corrective,BELT-FAILURE,123,1628,000170000569
WO-2173086,ASSET-00614,Emergency,PNEUMATIC-LEAK,126,801,000170000569
WO-2173087,ASSET-00614,Preventive,,0,,000170000569
WO-2173088,ASSET-00614,Corrective,SENSOR-FAULT,146,1278,000170000569
WO-2173089,ASSET-00614,Corrective,CALIBRATION-DRIFT,32,232,000170000569
WO-2173090,ASSET-00614,Corrective,BELT-FAILURE,122,1745,000170000569
WO-2173091,ASSET-00615,Corrective,CONTROLLER-FAULT,232,1907,000170000570
WO-2173092,ASSET-00615,Preventive,,0,,000170000570
WO-2173093,ASSET-00615,Preventive,,0,,000170000570
WO-2173094,ASSET-00615,Corrective,BELT-FAILURE,54,851,000170000570
WO-2173095,ASSET-00615,Preventive,,0,,000170000570
WO-2173096,ASSET-00616,Preventive,,0,,000170000571
WO-2173097,ASSET-00616,Corrective,SENSOR-FAULT,46,807,000170000571
WO-2173098,ASSET-00616,Corrective,SPINDLE-SEIZURE,32,330,000170000571
WO-2173099,ASSET-00617,Preventive,,0,,000170000572
WO-2173100,ASSET-00617,Preventive,,0,,000170000572
WO-2173101,ASSET-00618,Emergency,BEARING-FAILURE,155,900,000170000573
WO-2173102,ASSET-00618,Preventive,,0,,000170000573
WO-2173103,ASSET-00618,Preventive,,0,,000170000573
WO-2173104,ASSET-00618,Corrective,BELT-FAILURE,104,1433,000170000573
WO-2173105,ASSET-00618,Corrective,DIE-WEAR,131,1182,000170000573
WO-2173106,ASSET-00619,Corrective,PNEUMATIC-LEAK,106,1231,000170000574
WO-2173107,ASSET-00619,Corrective,PNEUMATIC-LEAK,221,746,000170000574
WO-2173108,ASSET-00619,Preventive,,0,,000170000574
WO-2173109,ASSET-00619,Preventive,,0,,000170000574
WO-2173110,ASSET-00620,Corrective,SPINDLE-SEIZURE,128,1411,000170000575
WO-2173111,ASSET-00620,Preventive,,0,,000170000575
WO-2173112,ASSET-00620,Corrective,SENSOR-FAULT,151,237,000170000575
WO-2173113,ASSET-00620,Preventive,,0,,000170000575
WO-2173114,ASSET-00620,Emergency,CALIBRATION-DRIFT,255,212,000170000575
WO-2173115,ASSET-00620,Preventive,,0,,000170000575
WO-2173116,ASSET-00621,Preventive,,0,,000170000576
WO-2173117,ASSET-00621,Emergency,SENSOR-FAULT,380,388,000170000576
WO-2173118,ASSET-00621,Emergency,BEARING-FAILURE,572,249,000170000576
WO-2173119,ASSET-00621,Corrective,MOTOR-BURNOUT,73,1457,000170000576
WO-2173120,ASSET-00621,Preventive,,0,,000170000576
WO-2173121,ASSET-00622,Emergency,CALIBRATION-DRIFT,246,326,000170000577
WO-2173122,ASSET-00622,Corrective,SPINDLE-SEIZURE,228,1063,000170000577
WO-2173123,ASSET-00622,Preventive,,0,,000170000577
WO-2173124,ASSET-00622,Preventive,,0,,000170000577
WO-2173125,ASSET-00622,Corrective,DIE-WEAR,40,1495,000170000577
WO-2173126,ASSET-00622,Preventive,,0,,000170000577
WO-2173127,ASSET-00622,Corrective,PNEUMATIC-LEAK,83,578,000170000577
WO-2173128,ASSET-00622,Preventive,,0,,000170000577
WO-2173129,ASSET-00622,Preventive,,0,,000170000577
WO-2173130,ASSET-00622,Corrective,BELT-FAILURE,196,884,000170000577
WO-2173131,ASSET-00623,Corrective,HYDRAULIC-LEAK,85,813,000170000578
WO-2173132,ASSET-00623,Preventive,,0,,000170000578
WO-2173133,ASSET-00623,Preventive,,0,,000170000578
WO-2173134,ASSET-00623,Emergency,BELT-FAILURE,438,1566,000170000578
WO-2173135,ASSET-00623,Preventive,,0,,000170000578
WO-2173136,ASSET-00623,Emergency,SENSOR-FAULT,412,1449,000170000578
WO-2173137,ASSET-00623,Corrective,HYDRAULIC-LEAK,69,1019,000170000578
WO-2173138,ASSET-00624,Preventive,,0,,000170000579
WO-2173139,ASSET-00624,Corrective,BEARING-FAILURE,127,1702,000170000579
WO-2173140,ASSET-00624,Corrective,SPINDLE-SEIZURE,33,1139,000170000579
WO-2173141,ASSET-00624,Corrective,BELT-FAILURE,45,1108,000170000579
WO-2173142,ASSET-00625,Preventive,,0,,000170000580
WO-2173143,ASSET-00625,Preventive,,0,,000170000580
WO-2173144,ASSET-00625,Preventive,,0,,000170000580
WO-2173145,ASSET-00625,Preventive,,0,,000170000580
WO-2173146,ASSET-00625,Emergency,HYDRAULIC-LEAK,237,962,000170000580
WO-2173147,ASSET-00626,Preventive,,0,,000170000581
WO-2173148,ASSET-00626,Corrective,SENSOR-FAULT,237,1856,000170000581
WO-2173149,ASSET-00626,Preventive,,0,,000170000581
WO-2173150,ASSET-00626,Emergency,CALIBRATION-DRIFT,211,280,000170000581
WO-2173151,ASSET-00626,Emergency,CONTROLLER-FAULT,414,1738,000170000581
WO-2173152,ASSET-00626,Preventive,,0,,000170000581
WO-2173153,ASSET-00626,Corrective,MOTOR-BURNOUT,180,769,000170000581
WO-2173154,ASSET-00626,Emergency,BEARING-FAILURE,269,1280,000170000581
WO-2173155,ASSET-00628,Preventive,,0,,000170000583
WO-2173156,ASSET-00628,Preventive,,0,,000170000583
WO-2173157,ASSET-00628,Corrective,BEARING-FAILURE,174,1550,000170000583
WO-2173158,ASSET-00629,Corrective,SPINDLE-SEIZURE,104,402,000170000584
WO-2173159,ASSET-00629,Emergency,HYDRAULIC-LEAK,593,498,000170000584
WO-2173160,ASSET-00629,Emergency,BELT-FAILURE,179,590,000170000584
WO-2173161,ASSET-00629,Preventive,,0,,000170000584
WO-2173162,ASSET-00630,Preventive,,0,,000170000585
WO-2173163,ASSET-00630,Preventive,,0,,000170000585
WO-2173164,ASSET-00630,Corrective,CALIBRATION-DRIFT,156,292,000170000585
WO-2173165,ASSET-00630,Preventive,,0,,000170000585
WO-2173166,ASSET-00630,Preventive,,0,,000170000585
WO-2173167,ASSET-00631,Preventive,,0,,000170000586
WO-2173168,ASSET-00631,Preventive,,0,,000170000586
WO-2173169,ASSET-00631,Preventive,,0,,000170000586
WO-2173170,ASSET-00631,Preventive,,0,,000170000586
WO-2173171,ASSET-00631,Preventive,,0,,000170000586
WO-2173172,ASSET-00631,Preventive,,0,,000170000586
WO-2173173,ASSET-00631,Preventive,,0,,000170000586
WO-2173174,ASSET-00631,Preventive,,0,,000170000586
WO-2173175,ASSET-00631,Corrective,BEARING-FAILURE,84,1309,000170000586
WO-2173176,ASSET-00631,Emergency,CALIBRATION-DRIFT,80,1776,000170000586
WO-2173177,ASSET-00632,Corrective,CONTROLLER-FAULT,104,1355,000170000587
WO-2173178,ASSET-00632,Corrective,MOTOR-BURNOUT,145,656,000170000587
WO-2173179,ASSET-00632,Corrective,SENSOR-FAULT,237,1970,000170000587
WO-2173180,ASSET-00632,Emergency,SPINDLE-SEIZURE,215,1952,000170000587
WO-2173181,ASSET-00632,Corrective,CALIBRATION-DRIFT,65,1822,000170000587
WO-2173182,ASSET-00632,Corrective,CONTROLLER-FAULT,91,1667,000170000587
WO-2173183,ASSET-00632,Preventive,,0,,000170000587
WO-2173184,ASSET-00632,Corrective,BELT-FAILURE,38,1364,000170000587
WO-2173185,ASSET-00633,Emergency,PNEUMATIC-LEAK,523,1898,000170000588
WO-2173186,ASSET-00633,Emergency,MOTOR-BURNOUT,84,1916,000170000588
WO-2173187,ASSET-00633,Corrective,CONTROLLER-FAULT,164,418,000170000588
WO-2173188,ASSET-00633,Preventive,,0,,000170000588
WO-2173189,ASSET-00633,Corrective,HYDRAULIC-LEAK,141,1344,000170000588
WO-2173190,ASSET-00633,Corrective,CONTROLLER-FAULT,178,1251,000170000588
WO-2173191,ASSET-00634,Corrective,CALIBRATION-DRIFT,190,1058,000170000589
WO-2173192,ASSET-00634,Corrective,BELT-FAILURE,148,1009,000170000589
WO-2173193,ASSET-00634,Corrective,BEARING-FAILURE,75,1809,000170000589
WO-2173194,ASSET-00634,Preventive,,0,,000170000589
WO-2173195,ASSET-00635,Preventive,,0,,000170000590
WO-2173196,ASSET-00635,Corrective,HYDRAULIC-LEAK,190,428,000170000590
WO-2173197,ASSET-00635,Preventive,,0,,000170000590
WO-2173198,ASSET-00635,Preventive,,0,,000170000590
WO-2173199,ASSET-00636,Preventive,,0,,000170000591
WO-2173200,ASSET-00636,Emergency,SENSOR-FAULT,345,1707,000170000591
WO-2173201,ASSET-00636,Preventive,,0,,000170000591
WO-2173202,ASSET-00636,Preventive,,0,,000170000591
WO-2173203,ASSET-00637,Corrective,HYDRAULIC-LEAK,149,1762,000170000592
WO-2173204,ASSET-00637,Corrective,BEARING-FAILURE,238,1131,000170000592
WO-2173205,ASSET-00637,Emergency,SENSOR-FAULT,224,749,000170000592
WO-2173206,ASSET-00638,Preventive,,0,,000170000593
WO-2173207,ASSET-00638,Preventive,,0,,000170000593
WO-2173208,ASSET-00638,Corrective,SENSOR-FAULT,57,648,000170000593
WO-2173209,ASSET-00638,Preventive,,0,,000170000593
WO-2173210,ASSET-00638,Preventive,,0,,000170000593
WO-2173211,ASSET-00638,Corrective,CALIBRATION-DRIFT,51,213,000170000593
WO-2173212,ASSET-00639,Preventive,,0,,000170000594
WO-2173213,ASSET-00639,Corrective,PNEUMATIC-LEAK,42,524,000170000594
WO-2173214,ASSET-00639,Preventive,,0,,000170000594
WO-2173215,ASSET-00639,Corrective,BELT-FAILURE,65,787,000170000594
WO-2173216,ASSET-00639,Preventive,,0,,000170000594
WO-2173217,ASSET-00639,Corrective,PNEUMATIC-LEAK,201,1160,000170000594
WO-2173218,ASSET-00639,Corrective,PNEUMATIC-LEAK,98,1673,000170000594
WO-2173219,ASSET-00639,Preventive,,0,,000170000594
WO-2173220,ASSET-00640,Preventive,,0,,000170000595
WO-2173221,ASSET-00640,Preventive,,0,,000170000595
WO-2173222,ASSET-00640,Preventive,,0,,000170000595
WO-2173223,ASSET-00640,Emergency,DIE-WEAR,364,875,000170000595
WO-2173224,ASSET-00641,Preventive,,0,,000170000596
WO-2173225,ASSET-00641,Corrective,DIE-WEAR,141,1294,000170000596
WO-2173226,ASSET-00641,Preventive,,0,,000170000596
WO-2173227,ASSET-00642,Corrective,CONTROLLER-FAULT,153,1232,000170000597
WO-2173228,ASSET-00642,Preventive,,0,,000170000597
WO-2173229,ASSET-00642,Corrective,BEARING-FAILURE,153,969,000170000597
WO-2173230,ASSET-00642,Preventive,,0,,000170000597
WO-2173231,ASSET-00642,Preventive,,0,,000170000597
WO-2173232,ASSET-00643,Emergency,BELT-FAILURE,495,396,000170000598
WO-2173233,ASSET-00643,Preventive,,0,,000170000598
WO-2173234,ASSET-00643,Corrective,HYDRAULIC-LEAK,98,541,000170000598
WO-2173235,ASSET-00643,Preventive,,0,,000170000598
WO-2173236,ASSET-00643,Preventive,,0,,000170000598
WO-2173237,ASSET-00643,Corrective,MOTOR-BURNOUT,189,1133,000170000598
WO-2173238,ASSET-00644,Emergency,CONTROLLER-FAULT,177,284,000170000599
WO-2173239,ASSET-00644,Preventive,,0,,000170000599
WO-2173240,ASSET-00645,Preventive,,0,,000170000600
WO-2173241,ASSET-00645,Emergency,BELT-FAILURE,223,670,000170000600
WO-2173242,ASSET-00645,Corrective,BEARING-FAILURE,153,379,000170000600
WO-2173243,ASSET-00645,Preventive,,0,,000170000600
WO-2173244,ASSET-00645,Emergency,SPINDLE-SEIZURE,68,237,000170000600
WO-2173245,ASSET-00646,Preventive,,0,,000170000601
WO-2173246,ASSET-00646,Preventive,,0,,000170000601
WO-2173247,ASSET-00646,Corrective,BEARING-FAILURE,39,1249,000170000601
WO-2173248,ASSET-00646,Preventive,,0,,000170000601
WO-2173249,ASSET-00647,Preventive,,0,,000170000602
WO-2173250,ASSET-00647,Preventive,,0,,000170000602
WO-2173251,ASSET-00647,Corrective,BELT-FAILURE,103,1370,000170000602
WO-2173252,ASSET-00647,Preventive,,0,,000170000602
WO-2173253,ASSET-00648,Emergency,SPINDLE-SEIZURE,304,1509,000170000603
WO-2173254,ASSET-00648,Preventive,,0,,000170000603
WO-2173255,ASSET-00648,Emergency,DIE-WEAR,186,608,000170000603
WO-2173256,ASSET-00648,Preventive,,0,,000170000603
WO-2173257,ASSET-00648,Preventive,,0,,000170000603
WO-2173258,ASSET-00648,Preventive,,0,,000170000603
WO-2173259,ASSET-00649,Preventive,,0,,000170000604
WO-2173260,ASSET-00649,Preventive,,0,,000170000604
WO-2173261,ASSET-00649,Emergency,CALIBRATION-DRIFT,425,1363,000170000604
WO-2173262,ASSET-00649,Preventive,,0,,000170000604
WO-2173263,ASSET-00649,Preventive,,0,,000170000604
WO-2173264,ASSET-00650,Preventive,,0,,000170000605
WO-2173265,ASSET-00650,Corrective,HYDRAULIC-LEAK,98,1120,000170000605
WO-2173266,ASSET-00650,Preventive,,0,,000170000605
WO-2173267,ASSET-00651,Emergency,CALIBRATION-DRIFT,500,473,000170000606
WO-2173268,ASSET-00651,Corrective,BELT-FAILURE,111,890,000170000606
WO-2173269,ASSET-00651,Corrective,CONTROLLER-FAULT,133,403,000170000606
WO-2173270,ASSET-00651,Corrective,CALIBRATION-DRIFT,63,926,000170000606
WO-2173271,ASSET-00651,Preventive,,0,,000170000606
WO-2173272,ASSET-00651,Preventive,,0,,000170000606
WO-2173273,ASSET-00652,Preventive,,0,,000170000607
WO-2173274,ASSET-00652,Preventive,,0,,000170000607
WO-2173275,ASSET-00652,Preventive,,0,,000170000607
WO-2173276,ASSET-00652,Corrective,CONTROLLER-FAULT,185,557,000170000607
WO-2173277,ASSET-00652,Preventive,,0,,000170000607
WO-2173278,ASSET-00653,Corrective,CONTROLLER-FAULT,83,357,000170000608
WO-2173279,ASSET-00653,Emergency,MOTOR-BURNOUT,341,1271,000170000608
WO-2173280,ASSET-00653,Corrective,BELT-FAILURE,234,1413,000170000608
WO-2173281,ASSET-00653,Preventive,,0,,000170000608
WO-2173282,ASSET-00653,Preventive,,0,,000170000608
WO-2173283,ASSET-00653,Preventive,,0,,000170000608
WO-2173284,ASSET-00653,Preventive,,0,,000170000608
WO-2173285,ASSET-00654,Preventive,,0,,000170000609
WO-2173286,ASSET-00654,Corrective,BELT-FAILURE,42,1625,000170000609
WO-2173287,ASSET-00654,Preventive,,0,,000170000609
WO-2173288,ASSET-00654,Preventive,,0,,000170000609
WO-2173289,ASSET-00654,Emergency,CONTROLLER-FAULT,101,1425,000170000609
WO-2173290,ASSET-00654,Corrective,DIE-WEAR,82,1135,000170000609
WO-2173291,ASSET-00655,Preventive,,0,,000170000610
WO-2173292,ASSET-00656,Preventive,,0,,000170000612
WO-2173293,ASSET-00656,Preventive,,0,,000170000612
WO-2173294,ASSET-00656,Preventive,,0,,000170000612
WO-2173295,ASSET-00656,Preventive,,0,,000170000612
WO-2173296,ASSET-00656,Preventive,,0,,000170000612
WO-2173297,ASSET-00656,Preventive,,0,,000170000612
WO-2173298,ASSET-00657,Corrective,CONTROLLER-FAULT,187,232,000170000613
WO-2173299,ASSET-00657,Corrective,CONTROLLER-FAULT,186,1316,000170000613
WO-2173300,ASSET-00657,Corrective,BELT-FAILURE,60,1173,000170000613
WO-2173301,ASSET-00657,Preventive,,0,,000170000613
WO-2173302,ASSET-00657,Corrective,DIE-WEAR,127,1794,000170000613
WO-2173303,ASSET-00657,Preventive,,0,,000170000613
WO-2173304,ASSET-00658,Corrective,SENSOR-FAULT,34,1860,000170000614
WO-2173305,ASSET-00658,Preventive,,0,,000170000614
WO-2173306,ASSET-00659,Preventive,,0,,000170000615
WO-2173307,ASSET-00659,Preventive,,0,,000170000615
WO-2173308,ASSET-00659,Corrective,BEARING-FAILURE,223,481,000170000615
WO-2173309,ASSET-00659,Corrective,MOTOR-BURNOUT,73,768,000170000615
WO-2173310,ASSET-00659,Preventive,,0,,000170000615
WO-2173311,ASSET-00660,Preventive,,0,,000170000616
WO-2173312,ASSET-00660,Preventive,,0,,000170000616
WO-2173313,ASSET-00660,Emergency,CONTROLLER-FAULT,94,400,000170000616
WO-2173314,ASSET-00661,Preventive,,0,,000170000617
WO-2173315,ASSET-00661,Emergency,SENSOR-FAULT,127,1171,000170000617
WO-2173316,ASSET-00661,Emergency,CALIBRATION-DRIFT,148,1098,000170000617
WO-2173317,ASSET-00661,Preventive,,0,,000170000617
WO-2173318,ASSET-00662,Preventive,,0,,000170000618
WO-2173319,ASSET-00662,Preventive,,0,,000170000618
WO-2173320,ASSET-00662,Corrective,SPINDLE-SEIZURE,216,393,000170000618
WO-2173321,ASSET-00662,Preventive,,0,,000170000618
WO-2173322,ASSET-00662,Preventive,,0,,000170000618
WO-2173323,ASSET-00662,Corrective,BELT-FAILURE,63,1534,000170000618
WO-2173324,ASSET-00662,Corrective,PNEUMATIC-LEAK,36,1425,000170000618
WO-2173325,ASSET-00662,Preventive,,0,,000170000618
WO-2173326,ASSET-00662,Preventive,,0,,000170000618
WO-2173327,ASSET-00663,Corrective,BELT-FAILURE,237,617,000170000619
WO-2173328,ASSET-00663,Emergency,DIE-WEAR,347,431,000170000619
WO-2173329,ASSET-00664,Preventive,,0,,000170000620
WO-2173330,ASSET-00664,Emergency,BEARING-FAILURE,259,1877,000170000620
WO-2173331,ASSET-00664,Corrective,CALIBRATION-DRIFT,187,1804,000170000620
WO-2173332,ASSET-00664,Preventive,,0,,000170000620
WO-2173333,ASSET-00664,Corrective,CALIBRATION-DRIFT,168,785,000170000620
WO-2173334,ASSET-00664,Preventive,,0,,000170000620
WO-2173335,ASSET-00665,Preventive,,0,,000170000621
WO-2173336,ASSET-00665,Preventive,,0,,000170000621
WO-2173337,ASSET-00665,Preventive,,0,,000170000621
WO-2173338,ASSET-00665,Preventive,,0,,000170000621
WO-2173339,ASSET-00665,Corrective,SPINDLE-SEIZURE,171,1609,000170000621
WO-2173340,ASSET-00665,Corrective,HYDRAULIC-LEAK,194,536,000170000621
WO-2173341,ASSET-00665,Corrective,HYDRAULIC-LEAK,185,1004,000170000621
WO-2173342,ASSET-00667,Preventive,,0,,000170000623
WO-2173343,ASSET-00667,Preventive,,0,,000170000623
WO-2173344,ASSET-00667,Corrective,BELT-FAILURE,144,626,000170000623
WO-2173345,ASSET-00667,Preventive,,0,,000170000623
WO-2173346,ASSET-00668,Corrective,BEARING-FAILURE,80,673,000170000624
WO-2173347,ASSET-00668,Emergency,SENSOR-FAULT,129,436,000170000624
WO-2173348,ASSET-00669,Corrective,CALIBRATION-DRIFT,154,1112,000170000625
WO-2173349,ASSET-00669,Corrective,BELT-FAILURE,208,902,000170000625
WO-2173350,ASSET-00669,Emergency,BEARING-FAILURE,510,1935,000170000625
WO-2173351,ASSET-00670,Preventive,,0,,000170000627
WO-2173352,ASSET-00670,Preventive,,0,,000170000627
WO-2173353,ASSET-00670,Corrective,DIE-WEAR,172,275,000170000627
WO-2173354,ASSET-00670,Preventive,,0,,000170000627
WO-2173355,ASSET-00670,Preventive,,0,,000170000627
WO-2173356,ASSET-00670,Corrective,PNEUMATIC-LEAK,50,1768,000170000627
WO-2173357,ASSET-00670,Preventive,,0,,000170000627
WO-2173358,ASSET-00670,Corrective,CALIBRATION-DRIFT,131,1164,000170000627
WO-2173359,ASSET-00670,Preventive,,0,,000170000627
WO-2173360,ASSET-00670,Preventive,,0,,000170000627
WO-2173361,ASSET-00671,Emergency,MOTOR-BURNOUT,299,1488,000170000628
WO-2173362,ASSET-00671,Preventive,,0,,000170000628
WO-2173363,ASSET-00671,Preventive,,0,,000170000628
WO-2173364,ASSET-00671,Preventive,,0,,000170000628
WO-2173365,ASSET-00671,Preventive,,0,,000170000628
WO-2173366,ASSET-00671,Preventive,,0,,000170000628
WO-2173367,ASSET-00672,Preventive,,0,,000170000629
WO-2173368,ASSET-00672,Preventive,,0,,000170000629
WO-2173369,ASSET-00672,Emergency,SPINDLE-SEIZURE,586,1725,000170000629
WO-2173370,ASSET-00672,Corrective,BEARING-FAILURE,53,545,000170000629
WO-2173371,ASSET-00673,Preventive,,0,,000170000630
WO-2173372,ASSET-00674,Corrective,SENSOR-FAULT,174,496,000170000631
WO-2173373,ASSET-00674,Preventive,,0,,000170000631
WO-2173374,ASSET-00674,Preventive,,0,,000170000631
WO-2173375,ASSET-00674,Preventive,,0,,000170000631
WO-2173376,ASSET-00674,Preventive,,0,,000170000631
WO-2173377,ASSET-00674,Preventive,,0,,000170000631
WO-2173378,ASSET-00674,Corrective,PNEUMATIC-LEAK,42,1717,000170000631
WO-2173379,ASSET-00675,Preventive,,0,,000170000632
WO-2173380,ASSET-00675,Corrective,CALIBRATION-DRIFT,232,1086,000170000632
WO-2173381,ASSET-00676,Emergency,CONTROLLER-FAULT,595,273,000170000633
WO-2173382,ASSET-00676,Corrective,DIE-WEAR,39,1736,000170000633
WO-2173383,ASSET-00676,Preventive,,0,,000170000633
WO-2173384,ASSET-00676,Preventive,,0,,000170000633
WO-2173385,ASSET-00676,Preventive,,0,,000170000633
WO-2173386,ASSET-00677,Corrective,SPINDLE-SEIZURE,231,1605,000170000634
WO-2173387,ASSET-00677,Preventive,,0,,000170000634
WO-2173388,ASSET-00678,Corrective,BELT-FAILURE,161,1808,000170000635
WO-2173389,ASSET-00678,Preventive,,0,,000170000635
WO-2173390,ASSET-00678,Emergency,MOTOR-BURNOUT,438,964,000170000635
WO-2173391,ASSET-00679,Preventive,,0,,000170000636
WO-2173392,ASSET-00679,Emergency,DIE-WEAR,175,637,000170000636
WO-2173393,ASSET-00679,Corrective,BEARING-FAILURE,95,1612,000170000636
WO-2173394,ASSET-00679,Corrective,SPINDLE-SEIZURE,42,1409,000170000636
WO-2173395,ASSET-00679,Emergency,PNEUMATIC-LEAK,572,1676,000170000636
WO-2173396,ASSET-00679,Corrective,BEARING-FAILURE,160,1099,000170000636
WO-2173397,ASSET-00680,Corrective,PNEUMATIC-LEAK,121,1907,000170000637
WO-2173398,ASSET-00680,Preventive,,0,,000170000637
WO-2173399,ASSET-00680,Corrective,MOTOR-BURNOUT,138,936,000170000637
WO-2173400,ASSET-00680,Corrective,HYDRAULIC-LEAK,178,1032,000170000637
WO-2173401,ASSET-00680,Emergency,DIE-WEAR,379,367,000170000637
WO-2173402,ASSET-00681,Corrective,HYDRAULIC-LEAK,76,880,000170000638
WO-2173403,ASSET-00681,Preventive,,0,,000170000638
WO-2173404,ASSET-00681,Emergency,SPINDLE-SEIZURE,213,974,000170000638
WO-2173405,ASSET-00681,Corrective,SENSOR-FAULT,144,1665,000170000638
WO-2173406,ASSET-00682,Corrective,CALIBRATION-DRIFT,236,1166,000170000640
WO-2173407,ASSET-00682,Corrective,SPINDLE-SEIZURE,97,1684,000170000640
WO-2173408,ASSET-00682,Preventive,,0,,000170000640
WO-2173409,ASSET-00682,Preventive,,0,,000170000640
WO-2173410,ASSET-00682,Corrective,DIE-WEAR,98,836,000170000640
WO-2173411,ASSET-00682,Corrective,CALIBRATION-DRIFT,193,1895,000170000640
WO-2173412,ASSET-00682,Corrective,HYDRAULIC-LEAK,158,258,000170000640
WO-2173413,ASSET-00683,Preventive,,0,,000170000641
WO-2173414,ASSET-00683,Corrective,SENSOR-FAULT,108,688,000170000641
WO-2173415,ASSET-00683,Preventive,,0,,000170000641
WO-2173416,ASSET-00683,Preventive,,0,,000170000641
WO-2173417,ASSET-00683,Corrective,SENSOR-FAULT,194,620,000170000641
WO-2173418,ASSET-00684,Corrective,DIE-WEAR,150,291,000170000642
WO-2173419,ASSET-00684,Preventive,,0,,000170000642
WO-2173420,ASSET-00684,Corrective,SENSOR-FAULT,211,998,000170000642
WO-2173421,ASSET-00684,Corrective,MOTOR-BURNOUT,57,1067,000170000642
WO-2173422,ASSET-00684,Corrective,CONTROLLER-FAULT,83,209,000170000642
WO-2173423,ASSET-00684,Preventive,,0,,000170000642
WO-2173424,ASSET-00684,Preventive,,0,,000170000642
WO-2173425,ASSET-00684,Preventive,,0,,000170000642
WO-2173426,ASSET-00685,Preventive,,0,,000170000643
WO-2173427,ASSET-00685,Corrective,BEARING-FAILURE,223,1353,000170000643
WO-2173428,ASSET-00685,Emergency,SPINDLE-SEIZURE,461,1797,000170000643
WO-2173429,ASSET-00685,Corrective,HYDRAULIC-LEAK,222,570,000170000643
WO-2173430,ASSET-00685,Preventive,,0,,000170000643
WO-2173431,ASSET-00686,Corrective,HYDRAULIC-LEAK,74,526,000170000644
WO-2173432,ASSET-00686,Corrective,HYDRAULIC-LEAK,206,441,000170000644
WO-2173433,ASSET-00686,Preventive,,0,,000170000644
WO-2173434,ASSET-00686,Preventive,,0,,000170000644
WO-2173435,ASSET-00687,Preventive,,0,,000170000645
WO-2173436,ASSET-00687,Preventive,,0,,000170000645
WO-2173437,ASSET-00687,Preventive,,0,,000170000645
WO-2173438,ASSET-00687,Preventive,,0,,000170000645
WO-2173439,ASSET-00689,Corrective,CONTROLLER-FAULT,104,1838,000170000647
WO-2173440,ASSET-00689,Preventive,,0,,000170000647
WO-2173441,ASSET-00689,Corrective,CONTROLLER-FAULT,145,480,000170000647
WO-2173442,ASSET-00690,Corrective,SPINDLE-SEIZURE,205,1668,000170000648
WO-2173443,ASSET-00690,Corrective,SPINDLE-SEIZURE,180,1088,000170000648
WO-2173444,ASSET-00690,Preventive,,0,,000170000648
WO-2173445,ASSET-00690,Preventive,,0,,000170000648
WO-2173446,ASSET-00690,Corrective,HYDRAULIC-LEAK,34,220,000170000648
WO-2173447,ASSET-00690,Corrective,CONTROLLER-FAULT,184,1707,000170000648
WO-2173448,ASSET-00690,Corrective,BELT-FAILURE,75,837,000170000648
WO-2173449,ASSET-00691,Preventive,,0,,000170000650
WO-2173450,ASSET-00691,Preventive,,0,,000170000650
WO-2173451,ASSET-00691,Preventive,,0,,000170000650
WO-2173452,ASSET-00691,Corrective,SENSOR-FAULT,136,601,000170000650
WO-2173453,ASSET-00691,Corrective,PNEUMATIC-LEAK,112,1773,000170000650
WO-2173454,ASSET-00691,Preventive,,0,,000170000650
WO-2173455,ASSET-00691,Preventive,,0,,000170000650
WO-2173456,ASSET-00691,Preventive,,0,,000170000650
WO-2173457,ASSET-00691,Preventive,,0,,000170000650
WO-2173458,ASSET-00692,Corrective,HYDRAULIC-LEAK,187,1186,000170000651
WO-2173459,ASSET-00692,Corrective,SENSOR-FAULT,215,488,000170000651
WO-2173460,ASSET-00692,Corrective,BELT-FAILURE,72,1581,000170000651
WO-2173461,ASSET-00693,Preventive,,0,,000170000652
WO-2173462,ASSET-00693,Preventive,,0,,000170000652
WO-2173463,ASSET-00694,Corrective,HYDRAULIC-LEAK,52,1418,000170000653
WO-2173464,ASSET-00694,Preventive,,0,,000170000653
WO-2173465,ASSET-00694,Corrective,CALIBRATION-DRIFT,112,1154,000170000653
WO-2173466,ASSET-00694,Preventive,,0,,000170000653
WO-2173467,ASSET-00694,Corrective,CONTROLLER-FAULT,57,1756,000170000653
WO-2173468,ASSET-00694,Corrective,DIE-WEAR,202,1648,000170000653
WO-2173469,ASSET-00694,Emergency,CALIBRATION-DRIFT,125,1652,000170000653
WO-2173470,ASSET-00694,Preventive,,0,,000170000653
WO-2173471,ASSET-00695,Preventive,,0,,000170000654
WO-2173472,ASSET-00695,Preventive,,0,,000170000654
WO-2173473,ASSET-00695,Corrective,PNEUMATIC-LEAK,39,631,000170000654
WO-2173474,ASSET-00695,Preventive,,0,,000170000654
WO-2173475,ASSET-00695,Preventive,,0,,000170000654
WO-2173476,ASSET-00696,Preventive,,0,,000170000655
WO-2173477,ASSET-00696,Corrective,SENSOR-FAULT,108,427,000170000655
WO-2173478,ASSET-00696,Preventive,,0,,000170000655
WO-2173479,ASSET-00697,Corrective,CONTROLLER-FAULT,184,1514,000170000656
WO-2173480,ASSET-00697,Preventive,,0,,000170000656
WO-2173481,ASSET-00697,Preventive,,0,,000170000656
WO-2173482,ASSET-00697,Emergency,SPINDLE-SEIZURE,378,1964,000170000656
WO-2173483,ASSET-00698,Corrective,BEARING-FAILURE,216,750,000170000657
WO-2173484,ASSET-00698,Corrective,HYDRAULIC-LEAK,35,222,000170000657
WO-2173485,ASSET-00698,Preventive,,0,,000170000657
WO-2173486,ASSET-00698,Preventive,,0,,000170000657
WO-2173487,ASSET-00698,Preventive,,0,,000170000657
WO-2173488,ASSET-00699,Preventive,,0,,000170000658
WO-2173489,ASSET-00699,Emergency,BEARING-FAILURE,156,1469,000170000658
WO-2173490,ASSET-00700,Preventive,,0,,000170000659
WO-2173491,ASSET-00700,Preventive,,0,,000170000659
WO-2173492,ASSET-00700,Preventive,,0,,000170000659
WO-2173493,ASSET-00700,Preventive,,0,,000170000659
WO-2173494,ASSET-00700,Emergency,CALIBRATION-DRIFT,140,1276,000170000659
WO-2173495,ASSET-00700,Corrective,PNEUMATIC-LEAK,146,1770,000170000659
WO-2173496,ASSET-00700,Corrective,HYDRAULIC-LEAK,95,1156,000170000659
WO-2173497,ASSET-00701,Preventive,,0,,000170000660
WO-2173498,ASSET-00701,Preventive,,0,,000170000660
WO-2173499,ASSET-00701,Preventive,,0,,000170000660
WO-2173500,ASSET-00701,Emergency,BEARING-FAILURE,464,456,000170000660
WO-2173501,ASSET-00702,Corrective,DIE-WEAR,169,630,000170000661
WO-2173502,ASSET-00702,Preventive,,0,,000170000661
WO-2173503,ASSET-00702,Corrective,DIE-WEAR,141,1167,000170000661
WO-2173504,ASSET-00702,Corrective,PNEUMATIC-LEAK,116,1050,000170000661
WO-2173505,ASSET-00702,Corrective,CALIBRATION-DRIFT,149,1011,000170000661
WO-2173506,ASSET-00702,Preventive,,0,,000170000661
WO-2173507,ASSET-00702,Preventive,,0,,000170000661
WO-2173508,ASSET-00702,Preventive,,0,,000170000661
WO-2173509,ASSET-00702,Corrective,SPINDLE-SEIZURE,125,1509,000170000661
WO-2173510,ASSET-00702,Corrective,SPINDLE-SEIZURE,139,670,000170000661
WO-2173511,ASSET-00703,Preventive,,0,,000170000662
WO-2173512,ASSET-00703,Preventive,,0,,000170000662
WO-2173513,ASSET-00703,Corrective,SENSOR-FAULT,136,1065,000170000662
WO-2173514,ASSET-00704,Preventive,,0,,000170000663
WO-2173515,ASSET-00704,Preventive,,0,,000170000663
WO-2173516,ASSET-00704,Preventive,,0,,000170000663
WO-2173517,ASSET-00704,Preventive,,0,,000170000663
WO-2173518,ASSET-00704,Corrective,HYDRAULIC-LEAK,144,639,000170000663
WO-2173519,ASSET-00704,Corrective,SPINDLE-SEIZURE,227,636,000170000663
WO-2173520,ASSET-00704,Corrective,SPINDLE-SEIZURE,73,1621,000170000663
WO-2173521,ASSET-00705,Preventive,,0,,000170000664
WO-2173522,ASSET-00705,Preventive,,0,,000170000664
WO-2173523,ASSET-00705,Corrective,DIE-WEAR,64,1845,000170000664
WO-2173524,ASSET-00705,Preventive,,0,,000170000664
WO-2173525,ASSET-00705,Preventive,,0,,000170000664
WO-2173526,ASSET-00705,Corrective,MOTOR-BURNOUT,199,565,000170000664
WO-2173527,ASSET-00706,Corrective,PNEUMATIC-LEAK,101,334,000170000665
WO-2173528,ASSET-00706,Corrective,HYDRAULIC-LEAK,37,859,000170000665
WO-2173529,ASSET-00706,Preventive,,0,,000170000665
WO-2173530,ASSET-00706,Preventive,,0,,000170000665
WO-2173531,ASSET-00706,Preventive,,0,,000170000665
WO-2173532,ASSET-00706,Corrective,SPINDLE-SEIZURE,169,215,000170000665
WO-2173533,ASSET-00706,Preventive,,0,,000170000665
WO-2173534,ASSET-00707,Corrective,DIE-WEAR,39,350,000170000666
WO-2173535,ASSET-00707,Emergency,SENSOR-FAULT,61,1407,000170000666
WO-2173536,ASSET-00707,Preventive,,0,,000170000666
WO-2173537,ASSET-00708,Preventive,,0,,000170000667
WO-2173538,ASSET-00708,Corrective,CALIBRATION-DRIFT,212,1943,000170000667
WO-2173539,ASSET-00708,Corrective,DIE-WEAR,75,1690,000170000667
WO-2173540,ASSET-00709,Preventive,,0,,000170000668
WO-2173541,ASSET-00709,Preventive,,0,,000170000668
WO-2173542,ASSET-00709,Corrective,BELT-FAILURE,74,1394,000170000668
WO-2173543,ASSET-00709,Corrective,PNEUMATIC-LEAK,146,1768,000170000668
WO-2173544,ASSET-00710,Preventive,,0,,000170000669
WO-2173545,ASSET-00710,Emergency,SENSOR-FAULT,372,428,000170000669
WO-2173546,ASSET-00710,Preventive,,0,,000170000669
WO-2173547,ASSET-00710,Preventive,,0,,000170000669
WO-2173548,ASSET-00711,Preventive,,0,,000170000670
WO-2173549,ASSET-00711,Preventive,,0,,000170000670
WO-2173550,ASSET-00711,Preventive,,0,,000170000670
WO-2173551,ASSET-00711,Preventive,,0,,000170000670
WO-2173552,ASSET-00712,Preventive,,0,,000170000671
WO-2173553,ASSET-00712,Emergency,CONTROLLER-FAULT,478,459,000170000671
WO-2173554,ASSET-00712,Preventive,,0,,000170000671
WO-2173555,ASSET-00712,Preventive,,0,,000170000671
WO-2173556,ASSET-00712,Preventive,,0,,000170000671
WO-2173557,ASSET-00712,Preventive,,0,,000170000671
WO-2173558,ASSET-00713,Preventive,,0,,000170000672
WO-2173559,ASSET-00713,Corrective,PNEUMATIC-LEAK,125,1159,000170000672
WO-2173560,ASSET-00713,Preventive,,0,,000170000672
WO-2173561,ASSET-00713,Corrective,PNEUMATIC-LEAK,220,1476,000170000672
WO-2173562,ASSET-00713,Emergency,MOTOR-BURNOUT,433,1371,000170000672
WO-2173563,ASSET-00714,Preventive,,0,,000170000673
WO-2173564,ASSET-00714,Preventive,,0,,000170000673
WO-2173565,ASSET-00714,Preventive,,0,,000170000673
WO-2173566,ASSET-00714,Preventive,,0,,000170000673
WO-2173567,ASSET-00714,Preventive,,0,,000170000673
WO-2173568,ASSET-00715,Preventive,,0,,000170000674
WO-2173569,ASSET-00715,Preventive,,0,,000170000674
WO-2173570,ASSET-00715,Preventive,,0,,000170000674
WO-2173571,ASSET-00715,Corrective,CALIBRATION-DRIFT,224,1135,000170000674
WO-2173572,ASSET-00715,Emergency,HYDRAULIC-LEAK,317,599,000170000674
WO-2173573,ASSET-00715,Preventive,,0,,000170000674
WO-2173574,ASSET-00715,Preventive,,0,,000170000674
WO-2173575,ASSET-00715,Corrective,DIE-WEAR,119,1435,000170000674
WO-2173576,ASSET-00715,Preventive,,0,,000170000674
WO-2173577,ASSET-00715,Preventive,,0,,000170000674
WO-2173578,ASSET-00715,Corrective,CALIBRATION-DRIFT,172,1533,000170000674
WO-2173579,ASSET-00715,Preventive,,0,,000170000674
WO-2173580,ASSET-00715,Corrective,CALIBRATION-DRIFT,52,1242,000170000674
WO-2173581,ASSET-00716,Preventive,,0,,000170000675
WO-2173582,ASSET-00716,Preventive,,0,,000170000675
WO-2173583,ASSET-00716,Corrective,CALIBRATION-DRIFT,65,1864,000170000675
WO-2173584,ASSET-00716,Corrective,SPINDLE-SEIZURE,204,1273,000170000675
WO-2173585,ASSET-00716,Corrective,BEARING-FAILURE,33,727,000170000675
WO-2173586,ASSET-00717,Preventive,,0,,000170000676
WO-2173587,ASSET-00717,Preventive,,0,,000170000676
WO-2173588,ASSET-00717,Emergency,DIE-WEAR,281,1387,000170000676
WO-2173589,ASSET-00717,Preventive,,0,,000170000676
WO-2173590,ASSET-00717,Preventive,,0,,000170000676
WO-2173591,ASSET-00718,Preventive,,0,,000170000677
WO-2173592,ASSET-00718,Corrective,DIE-WEAR,171,550,000170000677
WO-2173593,ASSET-00718,Preventive,,0,,000170000677
WO-2173594,ASSET-00718,Preventive,,0,,000170000677
WO-2173595,ASSET-00719,Preventive,,0,,000170000678
WO-2173596,ASSET-00719,Preventive,,0,,000170000678
WO-2173597,ASSET-00719,Corrective,DIE-WEAR,189,1172,000170000678
WO-2173598,ASSET-00719,Preventive,,0,,000170000678
WO-2173599,ASSET-00719,Preventive,,0,,000170000678
WO-2173600,ASSET-00719,Corrective,BELT-FAILURE,37,1427,000170000678
WO-2173601,ASSET-00720,Corrective,SENSOR-FAULT,118,1428,000170000679
WO-2173602,ASSET-00720,Preventive,,0,,000170000679
WO-2173603,ASSET-00720,Preventive,,0,,000170000679
WO-2173604,ASSET-00720,Preventive,,0,,000170000679
WO-2173605,ASSET-00720,Corrective,BEARING-FAILURE,47,1242,000170000679
WO-2173606,ASSET-00722,Preventive,,0,,000170000681
WO-2173607,ASSET-00722,Corrective,SENSOR-FAULT,112,613,000170000681
WO-2173608,ASSET-00722,Preventive,,0,,000170000681
WO-2173609,ASSET-00722,Corrective,CONTROLLER-FAULT,38,567,000170000681
WO-2173610,ASSET-00722,Preventive,,0,,000170000681
WO-2173611,ASSET-00723,Corrective,CONTROLLER-FAULT,80,1191,000170000682
WO-2173612,ASSET-00723,Preventive,,0,,000170000682
WO-2173613,ASSET-00723,Corrective,PNEUMATIC-LEAK,106,1219,000170000682
WO-2173614,ASSET-00723,Preventive,,0,,000170000682
WO-2173615,ASSET-00723,Preventive,,0,,000170000682
WO-2173616,ASSET-00724,Preventive,,0,,000170000683
WO-2173617,ASSET-00724,Emergency,CALIBRATION-DRIFT,412,286,000170000683
WO-2173618,ASSET-00724,Preventive,,0,,000170000683
WO-2173619,ASSET-00724,Preventive,,0,,000170000683
WO-2173620,ASSET-00724,Preventive,,0,,000170000683
WO-2173621,ASSET-00725,Corrective,BELT-FAILURE,221,909,000170000684
WO-2173622,ASSET-00725,Preventive,,0,,000170000684
WO-2173623,ASSET-00726,Corrective,DIE-WEAR,98,1824,000170000685
WO-2173624,ASSET-00726,Corrective,SPINDLE-SEIZURE,104,884,000170000685
WO-2173625,ASSET-00726,Corrective,CONTROLLER-FAULT,33,1184,000170000685
WO-2173626,ASSET-00726,Emergency,SENSOR-FAULT,530,1108,000170000685
WO-2173627,ASSET-00726,Preventive,,0,,000170000685
WO-2173628,ASSET-00727,Corrective,CALIBRATION-DRIFT,63,1396,000170000686
WO-2173629,ASSET-00727,Corrective,BELT-FAILURE,55,1385,000170000686
WO-2173630,ASSET-00727,Corrective,BEARING-FAILURE,201,1153,000170000686
WO-2173631,ASSET-00728,Emergency,BEARING-FAILURE,497,679,000170000687
WO-2173632,ASSET-00728,Corrective,CONTROLLER-FAULT,130,1959,000170000687
WO-2173633,ASSET-00728,Emergency,PNEUMATIC-LEAK,327,1619,000170000687
WO-2173634,ASSET-00728,Corrective,PNEUMATIC-LEAK,41,380,000170000687
WO-2173635,ASSET-00728,Preventive,,0,,000170000687
WO-2173636,ASSET-00729,Preventive,,0,,000170000688
WO-2173637,ASSET-00729,Preventive,,0,,000170000688
WO-2173638,ASSET-00729,Preventive,,0,,000170000688
WO-2173639,ASSET-00729,Corrective,MOTOR-BURNOUT,140,1906,000170000688
WO-2173640,ASSET-00730,Emergency,SENSOR-FAULT,144,838,000170000689
WO-2173641,ASSET-00730,Preventive,,0,,000170000689
WO-2173642,ASSET-00730,Preventive,,0,,000170000689
WO-2173643,ASSET-00730,Preventive,,0,,000170000689
WO-2173644,ASSET-00731,Corrective,CALIBRATION-DRIFT,103,1273,000170000690
WO-2173645,ASSET-00731,Corrective,SENSOR-FAULT,223,240,000170000690
WO-2173646,ASSET-00731,Corrective,DIE-WEAR,168,1055,000170000690
WO-2173647,ASSET-00732,Corrective,SPINDLE-SEIZURE,122,218,000170000691
WO-2173648,ASSET-00732,Preventive,,0,,000170000691
WO-2173649,ASSET-00732,Emergency,DIE-WEAR,539,1745,000170000691
WO-2173650,ASSET-00732,Preventive,,0,,000170000691
WO-2173651,ASSET-00732,Preventive,,0,,000170000691
WO-2173652,ASSET-00732,Corrective,CONTROLLER-FAULT,206,962,000170000691
WO-2173653,ASSET-00732,Preventive,,0,,000170000691
WO-2173654,ASSET-00733,Corrective,MOTOR-BURNOUT,81,1202,000170000692
WO-2173655,ASSET-00733,Preventive,,0,,000170000692
WO-2173656,ASSET-00734,Corrective,HYDRAULIC-LEAK,85,1589,000170000693
WO-2173657,ASSET-00734,Preventive,,0,,000170000693
WO-2173658,ASSET-00734,Emergency,BELT-FAILURE,444,494,000170000693
WO-2173659,ASSET-00734,Preventive,,0,,000170000693
WO-2173660,ASSET-00735,Corrective,CONTROLLER-FAULT,227,1820,000170000694
WO-2173661,ASSET-00735,Preventive,,0,,000170000694
WO-2173662,ASSET-00735,Preventive,,0,,000170000694
WO-2173663,ASSET-00735,Corrective,DIE-WEAR,225,1443,000170000694
WO-2173664,ASSET-00736,Preventive,,0,,000170000695
WO-2173665,ASSET-00736,Emergency,SENSOR-FAULT,243,979,000170000695
WO-2173666,ASSET-00736,Preventive,,0,,000170000695
WO-2173667,ASSET-00737,Preventive,,0,,000170000696
WO-2173668,ASSET-00737,Corrective,BELT-FAILURE,132,1307,000170000696
WO-2173669,ASSET-00737,Preventive,,0,,000170000696
WO-2173670,ASSET-00737,Preventive,,0,,000170000696
WO-2173671,ASSET-00737,Preventive,,0,,000170000696
WO-2173672,ASSET-00737,Preventive,,0,,000170000696
WO-2173673,ASSET-00738,Preventive,,0,,000170000697
WO-2173674,ASSET-00738,Emergency,MOTOR-BURNOUT,171,1257,000170000697
WO-2173675,ASSET-00738,Emergency,CONTROLLER-FAULT,431,362,000170000697
WO-2173676,ASSET-00739,Corrective,SPINDLE-SEIZURE,163,1925,000170000698
WO-2173677,ASSET-00739,Preventive,,0,,000170000698
WO-2173678,ASSET-00740,Corrective,CALIBRATION-DRIFT,101,1253,000170000699
WO-2173679,ASSET-00740,Preventive,,0,,000170000699
WO-2173680,ASSET-00740,Preventive,,0,,000170000699
WO-2173681,ASSET-00740,Preventive,,0,,000170000699
WO-2173682,ASSET-00740,Preventive,,0,,000170000699
WO-2173683,ASSET-00741,Corrective,CONTROLLER-FAULT,110,1298,000170000700
WO-2173684,ASSET-00741,Corrective,BEARING-FAILURE,58,830,000170000700
WO-2173685,ASSET-00741,Corrective,HYDRAULIC-LEAK,198,314,000170000700
WO-2173686,ASSET-00741,Emergency,CALIBRATION-DRIFT,477,1026,000170000700
WO-2173687,ASSET-00741,Preventive,,0,,000170000700
WO-2173688,ASSET-00742,Preventive,,0,,000170000701
WO-2173689,ASSET-00742,Corrective,BELT-FAILURE,151,1956,000170000701
WO-2173690,ASSET-00742,Corrective,CALIBRATION-DRIFT,199,1453,000170000701
WO-2173691,ASSET-00742,Preventive,,0,,000170000701
WO-2173692,ASSET-00742,Preventive,,0,,000170000701
WO-2173693,ASSET-00742,Preventive,,0,,000170000701
WO-2173694,ASSET-00742,Preventive,,0,,000170000701
WO-2173695,ASSET-00743,Preventive,,0,,000170000702
WO-2173696,ASSET-00743,Preventive,,0,,000170000702
WO-2173697,ASSET-00743,Corrective,BELT-FAILURE,172,505,000170000702
WO-2173698,ASSET-00743,Corrective,DIE-WEAR,106,1686,000170000702
WO-2173699,ASSET-00744,Emergency,BELT-FAILURE,520,1263,000170000703
WO-2173700,ASSET-00744,Corrective,DIE-WEAR,55,1417,000170000703
WO-2173701,ASSET-00744,Preventive,,0,,000170000703
WO-2173702,ASSET-00744,Preventive,,0,,000170000703
WO-2173703,ASSET-00745,Corrective,SPINDLE-SEIZURE,75,1192,000170000704
WO-2173704,ASSET-00745,Preventive,,0,,000170000704
WO-2173705,ASSET-00745,Preventive,,0,,000170000704
WO-2173706,ASSET-00745,Corrective,HYDRAULIC-LEAK,125,1384,000170000704
WO-2173707,ASSET-00745,Preventive,,0,,000170000704
WO-2173708,ASSET-00745,Emergency,SENSOR-FAULT,375,1968,000170000704
WO-2173709,ASSET-00745,Corrective,CONTROLLER-FAULT,98,343,000170000704
WO-2173710,ASSET-00745,Corrective,HYDRAULIC-LEAK,50,461,000170000704
WO-2173711,ASSET-00746,Preventive,,0,,000170000705
WO-2173712,ASSET-00746,Emergency,BEARING-FAILURE,264,1291,000170000705
WO-2173713,ASSET-00746,Corrective,SPINDLE-SEIZURE,115,1560,000170000705
WO-2173714,ASSET-00746,Corrective,SPINDLE-SEIZURE,163,1291,000170000705
WO-2173715,ASSET-00747,Preventive,,0,,000170000706
WO-2173716,ASSET-00747,Preventive,,0,,000170000706
WO-2173717,ASSET-00747,Corrective,HYDRAULIC-LEAK,38,1679,000170000706
WO-2173718,ASSET-00747,Preventive,,0,,000170000706
WO-2173719,ASSET-00747,Emergency,BELT-FAILURE,369,688,000170000706
WO-2173720,ASSET-00747,Corrective,SENSOR-FAULT,55,1156,000170000706
WO-2173721,ASSET-00747,Preventive,,0,,000170000706
WO-2173722,ASSET-00748,Preventive,,0,,000170000707
WO-2173723,ASSET-00748,Preventive,,0,,000170000707
WO-2173724,ASSET-00748,Preventive,,0,,000170000707
WO-2173725,ASSET-00748,Preventive,,0,,000170000707
WO-2173726,ASSET-00749,Emergency,BELT-FAILURE,512,668,000170000708
WO-2173727,ASSET-00749,Corrective,DIE-WEAR,217,1747,000170000708
WO-2173728,ASSET-00749,Corrective,SPINDLE-SEIZURE,222,893,000170000708
WO-2173729,ASSET-00749,Corrective,CALIBRATION-DRIFT,208,237,000170000708
WO-2173730,ASSET-00749,Emergency,DIE-WEAR,405,882,000170000708
WO-2173731,ASSET-00750,Preventive,,0,,000170000709
WO-2173732,ASSET-00750,Preventive,,0,,000170000709
WO-2173733,ASSET-00750,Corrective,HYDRAULIC-LEAK,196,264,000170000709
WO-2173734,ASSET-00751,Preventive,,0,,000170000710
WO-2173735,ASSET-00751,Emergency,HYDRAULIC-LEAK,351,1131,000170000710
WO-2173736,ASSET-00751,Preventive,,0,,000170000710
WO-2173737,ASSET-00751,Preventive,,0,,000170000710
WO-2173738,ASSET-00751,Corrective,SPINDLE-SEIZURE,39,401,000170000710
WO-2173739,ASSET-00752,Corrective,MOTOR-BURNOUT,134,1091,000170000711
WO-2173740,ASSET-00752,Preventive,,0,,000170000711
WO-2173741,ASSET-00752,Emergency,CONTROLLER-FAULT,317,1533,000170000711
WO-2173742,ASSET-00752,Corrective,SENSOR-FAULT,226,458,000170000711
WO-2173743,ASSET-00752,Preventive,,0,,000170000711
WO-2173744,ASSET-00753,Preventive,,0,,000170000712
WO-2173745,ASSET-00753,Emergency,MOTOR-BURNOUT,548,327,000170000712
WO-2173746,ASSET-00753,Preventive,,0,,000170000712
WO-2173747,ASSET-00753,Preventive,,0,,000170000712
WO-2173748,ASSET-00753,Preventive,,0,,000170000712
WO-2173749,ASSET-00753,Preventive,,0,,000170000712
WO-2173750,ASSET-00753,Corrective,MOTOR-BURNOUT,102,231,000170000712
WO-2173751,ASSET-00754,Preventive,,0,,000170000713
WO-2173752,ASSET-00754,Preventive,,0,,000170000713
WO-2173753,ASSET-00754,Preventive,,0,,000170000713
WO-2173754,ASSET-00754,Preventive,,0,,000170000713
WO-2173755,ASSET-00754,Preventive,,0,,000170000713
WO-2173756,ASSET-00754,Corrective,BELT-FAILURE,171,1096,000170000713
WO-2173757,ASSET-00754,Preventive,,0,,000170000713
WO-2173758,ASSET-00756,Preventive,,0,,000170000715
WO-2173759,ASSET-00756,Preventive,,0,,000170000715
WO-2173760,ASSET-00756,Corrective,BELT-FAILURE,88,1623,000170000715
WO-2173761,ASSET-00756,Emergency,DIE-WEAR,198,1356,000170000715
WO-2173762,ASSET-00757,Corrective,CONTROLLER-FAULT,90,1290,000170000716
WO-2173763,ASSET-00757,Preventive,,0,,000170000716
WO-2173764,ASSET-00757,Preventive,,0,,000170000716
WO-2173765,ASSET-00758,Emergency,CONTROLLER-FAULT,179,473,000170000717
WO-2173766,ASSET-00758,Preventive,,0,,000170000717
WO-2173767,ASSET-00758,Preventive,,0,,000170000717
WO-2173768,ASSET-00758,Corrective,BEARING-FAILURE,212,433,000170000717
WO-2173769,ASSET-00758,Corrective,CONTROLLER-FAULT,137,1246,000170000717
WO-2173770,ASSET-00758,Corrective,BELT-FAILURE,120,1377,000170000717
WO-2173771,ASSET-00758,Corrective,MOTOR-BURNOUT,52,1374,000170000717
WO-2173772,ASSET-00758,Corrective,BEARING-FAILURE,190,780,000170000717
WO-2173773,ASSET-00759,Preventive,,0,,000170000718
WO-2173774,ASSET-00759,Preventive,,0,,000170000718
WO-2173775,ASSET-00759,Corrective,CALIBRATION-DRIFT,195,328,000170000718
WO-2173776,ASSET-00759,Preventive,,0,,000170000718
WO-2173777,ASSET-00760,Preventive,,0,,000170000719
WO-2173778,ASSET-00760,Corrective,CONTROLLER-FAULT,116,549,000170000719
WO-2173779,ASSET-00760,Corrective,DIE-WEAR,164,1721,000170000719
WO-2173780,ASSET-00760,Preventive,,0,,000170000719
WO-2173781,ASSET-00760,Preventive,,0,,000170000719
WO-2173782,ASSET-00761,Preventive,,0,,000170000720
WO-2173783,ASSET-00761,Emergency,BEARING-FAILURE,526,1077,000170000720
WO-2173784,ASSET-00761,Preventive,,0,,000170000720
WO-2173785,ASSET-00762,Corrective,HYDRAULIC-LEAK,215,574,000170000721
WO-2173786,ASSET-00762,Corrective,CALIBRATION-DRIFT,145,201,000170000721
WO-2173787,ASSET-00762,Preventive,,0,,000170000721
WO-2173788,ASSET-00762,Preventive,,0,,000170000721
WO-2173789,ASSET-00763,Corrective,CONTROLLER-FAULT,158,1624,000170000722
WO-2173790,ASSET-00763,Corrective,SENSOR-FAULT,85,602,000170000722
WO-2173791,ASSET-00763,Preventive,,0,,000170000722
WO-2173792,ASSET-00763,Preventive,,0,,000170000722
WO-2173793,ASSET-00763,Preventive,,0,,000170000722
WO-2173794,ASSET-00763,Preventive,,0,,000170000722
WO-2173795,ASSET-00764,Corrective,PNEUMATIC-LEAK,156,1153,000170000723
WO-2173796,ASSET-00764,Preventive,,0,,000170000723
WO-2173797,ASSET-00764,Emergency,BELT-FAILURE,273,890,000170000723
WO-2173798,ASSET-00764,Preventive,,0,,000170000723
WO-2173799,ASSET-00765,Corrective,SPINDLE-SEIZURE,140,1043,000170000724
WO-2173800,ASSET-00765,Preventive,,0,,000170000724
WO-2173801,ASSET-00765,Preventive,,0,,000170000724
WO-2173802,ASSET-00765,Preventive,,0,,000170000724
WO-2173803,ASSET-00765,Preventive,,0,,000170000724
WO-2173804,ASSET-00765,Corrective,BELT-FAILURE,121,991,000170000724
WO-2173805,ASSET-00766,Preventive,,0,,000170000725
WO-2173806,ASSET-00766,Preventive,,0,,000170000725
WO-2173807,ASSET-00766,Corrective,PNEUMATIC-LEAK,216,846,000170000725
WO-2173808,ASSET-00766,Preventive,,0,,000170000725
WO-2173809,ASSET-00766,Emergency,BEARING-FAILURE,458,1977,000170000725
WO-2173810,ASSET-00766,Preventive,,0,,000170000725
WO-2173811,ASSET-00766,Corrective,MOTOR-BURNOUT,50,1991,000170000725
WO-2173812,ASSET-00766,Preventive,,0,,000170000725
WO-2173813,ASSET-00767,Preventive,,0,,000170000726
WO-2173814,ASSET-00767,Corrective,PNEUMATIC-LEAK,138,1580,000170000726
WO-2173815,ASSET-00767,Preventive,,0,,000170000726
WO-2173816,ASSET-00767,Preventive,,0,,000170000726
WO-2173817,ASSET-00767,Preventive,,0,,000170000726
WO-2173818,ASSET-00768,Corrective,MOTOR-BURNOUT,100,205,000170000727
WO-2173819,ASSET-00768,Preventive,,0,,000170000727
WO-2173820,ASSET-00768,Preventive,,0,,000170000727
WO-2173821,ASSET-00768,Corrective,BEARING-FAILURE,186,329,000170000727
WO-2173822,ASSET-00768,Corrective,MOTOR-BURNOUT,39,1987,000170000727
WO-2173823,ASSET-00769,Preventive,,0,,000170000728
WO-2173824,ASSET-00769,Preventive,,0,,000170000728
WO-2173825,ASSET-00769,Preventive,,0,,000170000728
WO-2173826,ASSET-00769,Corrective,MOTOR-BURNOUT,239,309,000170000728
WO-2173827,ASSET-00769,Preventive,,0,,000170000728
WO-2173828,ASSET-00769,Preventive,,0,,000170000728
WO-2173829,ASSET-00769,Preventive,,0,,000170000728
WO-2173830,ASSET-00769,Preventive,,0,,000170000728
WO-2173831,ASSET-00770,Preventive,,0,,000170000729
WO-2173832,ASSET-00770,Preventive,,0,,000170000729
WO-2173833,ASSET-00770,Emergency,CONTROLLER-FAULT,446,1924,000170000729
WO-2173834,ASSET-00770,Preventive,,0,,000170000729
WO-2173835,ASSET-00770,Corrective,BEARING-FAILURE,180,1194,000170000729
WO-2173836,ASSET-00770,Corrective,HYDRAULIC-LEAK,46,1538,000170000729
WO-2173837,ASSET-00770,Preventive,,0,,000170000729
WO-2173838,ASSET-00771,Preventive,,0,,000170000730
WO-2173839,ASSET-00771,Preventive,,0,,000170000730
WO-2173840,ASSET-00771,Corrective,DIE-WEAR,214,1189,000170000730
WO-2173841,ASSET-00771,Corrective,CONTROLLER-FAULT,111,511,000170000730
WO-2173842,ASSET-00772,Corrective,HYDRAULIC-LEAK,34,1396,000170000731
WO-2173843,ASSET-00772,Corrective,CALIBRATION-DRIFT,140,1089,000170000731
WO-2173844,ASSET-00772,Corrective,DIE-WEAR,173,299,000170000731
WO-2173845,ASSET-00772,Corrective,SPINDLE-SEIZURE,56,1649,000170000731
WO-2173846,ASSET-00772,Emergency,MOTOR-BURNOUT,437,638,000170000731
WO-2173847,ASSET-00772,Corrective,BEARING-FAILURE,166,1264,000170000731
WO-2173848,ASSET-00772,Emergency,HYDRAULIC-LEAK,231,1066,000170000731
WO-2173849,ASSET-00773,Preventive,,0,,000170000732
WO-2173850,ASSET-00773,Preventive,,0,,000170000732
WO-2173851,ASSET-00773,Preventive,,0,,000170000732
WO-2173852,ASSET-00773,Emergency,BELT-FAILURE,406,1921,000170000732
WO-2173853,ASSET-00773,Corrective,BEARING-FAILURE,64,1722,000170000732
WO-2173854,ASSET-00773,Corrective,CONTROLLER-FAULT,55,203,000170000732
WO-2173855,ASSET-00773,Preventive,,0,,000170000732
WO-2173856,ASSET-00773,Preventive,,0,,000170000732
WO-2173857,ASSET-00774,Corrective,MOTOR-BURNOUT,190,333,000170000733
WO-2173858,ASSET-00774,Corrective,CALIBRATION-DRIFT,220,483,000170000733
WO-2173859,ASSET-00774,Preventive,,0,,000170000733
WO-2173860,ASSET-00774,Preventive,,0,,000170000733
WO-2173861,ASSET-00774,Preventive,,0,,000170000733
WO-2173862,ASSET-00774,Emergency,HYDRAULIC-LEAK,101,1932,000170000733
WO-2173863,ASSET-00774,Emergency,MOTOR-BURNOUT,508,940,000170000733
WO-2173864,ASSET-00774,Preventive,,0,,000170000733
WO-2173865,ASSET-00774,Preventive,,0,,000170000733
WO-2173866,ASSET-00774,Corrective,SENSOR-FAULT,82,1823,000170000733
WO-2173867,ASSET-00775,Preventive,,0,,000170000734
WO-2173868,ASSET-00775,Corrective,PNEUMATIC-LEAK,65,477,000170000734
WO-2173869,ASSET-00775,Preventive,,0,,000170000734
WO-2173870,ASSET-00775,Preventive,,0,,000170000734
WO-2173871,ASSET-00775,Preventive,,0,,000170000734
WO-2173872,ASSET-00776,Corrective,CONTROLLER-FAULT,48,913,000170000735
WO-2173873,ASSET-00776,Preventive,,0,,000170000735
WO-2173874,ASSET-00776,Preventive,,0,,000170000735
WO-2173875,ASSET-00776,Emergency,CONTROLLER-FAULT,511,1770,000170000735
WO-2173876,ASSET-00777,Preventive,,0,,000170000737
WO-2173877,ASSET-00777,Corrective,CALIBRATION-DRIFT,137,1478,000170000737
WO-2173878,ASSET-00777,Preventive,,0,,000170000737
WO-2173879,ASSET-00777,Preventive,,0,,000170000737
WO-2173880,ASSET-00777,Corrective,DIE-WEAR,215,580,000170000737
WO-2173881,ASSET-00778,Emergency,SENSOR-FAULT,382,885,000170000738
WO-2173882,ASSET-00778,Preventive,,0,,000170000738
WO-2173883,ASSET-00778,Preventive,,0,,000170000738
WO-2173884,ASSET-00778,Preventive,,0,,000170000738
WO-2173885,ASSET-00778,Emergency,MOTOR-BURNOUT,307,1562,000170000738
WO-2173886,ASSET-00779,Corrective,BEARING-FAILURE,57,201,000170000739
WO-2173887,ASSET-00779,Corrective,DIE-WEAR,206,759,000170000739
WO-2173888,ASSET-00779,Corrective,SPINDLE-SEIZURE,131,794,000170000739
WO-2173889,ASSET-00779,Corrective,BEARING-FAILURE,117,474,000170000739
WO-2173890,ASSET-00779,Preventive,,0,,000170000739
WO-2173891,ASSET-00779,Preventive,,0,,000170000739
WO-2173892,ASSET-00779,Preventive,,0,,000170000739
WO-2173893,ASSET-00779,Corrective,PNEUMATIC-LEAK,222,1659,000170000739
WO-2173894,ASSET-00779,Emergency,CALIBRATION-DRIFT,456,340,000170000739
WO-2173895,ASSET-00780,Preventive,,0,,000170000740
WO-2173896,ASSET-00780,Preventive,,0,,000170000740
WO-2173897,ASSET-00780,Corrective,MOTOR-BURNOUT,200,269,000170000740
WO-2173898,ASSET-00780,Preventive,,0,,000170000740
WO-2173899,ASSET-00780,Preventive,,0,,000170000740
WO-2173900,ASSET-00780,Preventive,,0,,000170000740
WO-2173901,ASSET-00780,Corrective,PNEUMATIC-LEAK,208,463,000170000740
WO-2173902,ASSET-00780,Preventive,,0,,000170000740
WO-2173903,ASSET-00780,Preventive,,0,,000170000740
WO-2173904,ASSET-00781,Corrective,SPINDLE-SEIZURE,126,278,000170000741
WO-2173905,ASSET-00781,Corrective,HYDRAULIC-LEAK,135,1022,000170000741
WO-2173906,ASSET-00781,Preventive,,0,,000170000741
WO-2173907,ASSET-00781,Corrective,CALIBRATION-DRIFT,179,609,000170000741
WO-2173908,ASSET-00781,Preventive,,0,,000170000741
WO-2173909,ASSET-00782,Corrective,SPINDLE-SEIZURE,178,1119,000170000742
WO-2173910,ASSET-00782,Preventive,,0,,000170000742
WO-2173911,ASSET-00782,Preventive,,0,,000170000742
WO-2173912,ASSET-00782,Corrective,CONTROLLER-FAULT,109,285,000170000742
WO-2173913,ASSET-00782,Corrective,MOTOR-BURNOUT,193,1502,000170000742
WO-2173914,ASSET-00782,Corrective,CONTROLLER-FAULT,221,667,000170000742
WO-2173915,ASSET-00783,Preventive,,0,,000170000743
WO-2173916,ASSET-00783,Corrective,SPINDLE-SEIZURE,194,1498,000170000743
WO-2173917,ASSET-00783,Preventive,,0,,000170000743
WO-2173918,ASSET-00783,Corrective,SPINDLE-SEIZURE,197,1710,000170000743
WO-2173919,ASSET-00783,Corrective,CONTROLLER-FAULT,30,1030,000170000743
WO-2173920,ASSET-00783,Corrective,PNEUMATIC-LEAK,166,1887,000170000743
WO-2173921,ASSET-00784,Corrective,DIE-WEAR,192,242,000170000744
WO-2173922,ASSET-00784,Corrective,SENSOR-FAULT,138,1227,000170000744
WO-2173923,ASSET-00784,Corrective,BEARING-FAILURE,208,230,000170000744
WO-2173924,ASSET-00784,Preventive,,0,,000170000744
WO-2173925,ASSET-00785,Preventive,,0,,000170000745
WO-2173926,ASSET-00785,Corrective,BELT-FAILURE,121,207,000170000745
WO-2173927,ASSET-00785,Preventive,,0,,000170000745
WO-2173928,ASSET-00786,Emergency,HYDRAULIC-LEAK,422,802,000170000746
WO-2173929,ASSET-00786,Preventive,,0,,000170000746
WO-2173930,ASSET-00786,Corrective,SPINDLE-SEIZURE,44,406,000170000746
WO-2173931,ASSET-00786,Preventive,,0,,000170000746
WO-2173932,ASSET-00786,Corrective,MOTOR-BURNOUT,102,721,000170000746
WO-2173933,ASSET-00786,Preventive,,0,,000170000746
WO-2173934,ASSET-00786,Preventive,,0,,000170000746
WO-2173935,ASSET-00787,Corrective,CONTROLLER-FAULT,210,1511,000170000747
WO-2173936,ASSET-00787,Preventive,,0,,000170000747
WO-2173937,ASSET-00787,Preventive,,0,,000170000747
WO-2173938,ASSET-00787,Corrective,PNEUMATIC-LEAK,232,1292,000170000747
WO-2173939,ASSET-00788,Corrective,SENSOR-FAULT,99,616,000170000748
WO-2173940,ASSET-00788,Corrective,DIE-WEAR,94,295,000170000748
WO-2173941,ASSET-00788,Corrective,DIE-WEAR,180,502,000170000748
WO-2173942,ASSET-00788,Corrective,SPINDLE-SEIZURE,67,1464,000170000748
WO-2173943,ASSET-00789,Preventive,,0,,000170000749
WO-2173944,ASSET-00789,Preventive,,0,,000170000749
WO-2173945,ASSET-00789,Corrective,SPINDLE-SEIZURE,46,826,000170000749
WO-2173946,ASSET-00790,Emergency,CALIBRATION-DRIFT,326,752,000170000750
WO-2173947,ASSET-00790,Preventive,,0,,000170000750
WO-2173948,ASSET-00790,Preventive,,0,,000170000750
WO-2173949,ASSET-00790,Corrective,HYDRAULIC-LEAK,219,524,000170000750
WO-2173950,ASSET-00790,Preventive,,0,,000170000750
WO-2173951,ASSET-00790,Corrective,BEARING-FAILURE,52,965,000170000750
WO-2173952,ASSET-00790,Preventive,,0,,000170000750
WO-2173953,ASSET-00790,Corrective,BELT-FAILURE,42,1524,000170000750
WO-2173954,ASSET-00791,Emergency,SENSOR-FAULT,106,1194,000170000751
WO-2173955,ASSET-00791,Corrective,CALIBRATION-DRIFT,215,346,000170000751
WO-2173956,ASSET-00791,Preventive,,0,,000170000751
WO-2173957,ASSET-00791,Corrective,HYDRAULIC-LEAK,220,815,000170000751
WO-2173958,ASSET-00792,Corrective,HYDRAULIC-LEAK,172,1307,000170000752
WO-2173959,ASSET-00792,Preventive,,0,,000170000752
WO-2173960,ASSET-00792,Corrective,SENSOR-FAULT,31,1394,000170000752
WO-2173961,ASSET-00792,Preventive,,0,,000170000752
WO-2173962,ASSET-00792,Corrective,CALIBRATION-DRIFT,136,1318,000170000752
WO-2173963,ASSET-00793,Preventive,,0,,000170000753
WO-2173964,ASSET-00793,Corrective,SPINDLE-SEIZURE,162,1658,000170000753
WO-2173965,ASSET-00793,Preventive,,0,,000170000753
WO-2173966,ASSET-00793,Preventive,,0,,000170000753
WO-2173967,ASSET-00793,Preventive,,0,,000170000753
WO-2173968,ASSET-00793,Preventive,,0,,000170000753
WO-2173969,ASSET-00793,Corrective,SPINDLE-SEIZURE,48,1789,000170000753
WO-2173970,ASSET-00794,Preventive,,0,,000170000754
WO-2173971,ASSET-00794,Preventive,,0,,000170000754
WO-2173972,ASSET-00794,Corrective,DIE-WEAR,146,652,000170000754
WO-2173973,ASSET-00795,Corrective,DIE-WEAR,234,1585,000170000755
WO-2173974,ASSET-00795,Emergency,SENSOR-FAULT,504,1076,000170000755
WO-2173975,ASSET-00795,Corrective,BEARING-FAILURE,154,1208,000170000755
WO-2173976,ASSET-00795,Preventive,,0,,000170000755
WO-2173977,ASSET-00795,Emergency,BELT-FAILURE,507,1752,000170000755
WO-2173978,ASSET-00795,Preventive,,0,,000170000755
WO-2173979,ASSET-00795,Corrective,PNEUMATIC-LEAK,211,441,000170000755
WO-2173980,ASSET-00796,Emergency,PNEUMATIC-LEAK,393,226,000170000756
WO-2173981,ASSET-00796,Emergency,BEARING-FAILURE,554,1851,000170000756
WO-2173982,ASSET-00796,Corrective,DIE-WEAR,56,1122,000170000756
WO-2173983,ASSET-00796,Preventive,,0,,000170000756
WO-2173984,ASSET-00796,Preventive,,0,,000170000756
WO-2173985,ASSET-00796,Preventive,,0,,000170000756
WO-2173986,ASSET-00796,Preventive,,0,,000170000756
WO-2173987,ASSET-00797,Preventive,,0,,000170000757
WO-2173988,ASSET-00797,Corrective,HYDRAULIC-LEAK,184,1163,000170000757
WO-2173989,ASSET-00797,Corrective,CONTROLLER-FAULT,143,1110,000170000757
WO-2173990,ASSET-00797,Emergency,PNEUMATIC-LEAK,464,1019,000170000757
WO-2173991,ASSET-00797,Preventive,,0,,000170000757
WO-2173992,ASSET-00797,Preventive,,0,,000170000757
WO-2173993,ASSET-00798,Corrective,HYDRAULIC-LEAK,40,1314,000170000758
WO-2173994,ASSET-00798,Corrective,CONTROLLER-FAULT,66,266,000170000758
WO-2173995,ASSET-00798,Preventive,,0,,000170000758
WO-2173996,ASSET-00798,Preventive,,0,,000170000758
WO-2173997,ASSET-00799,Preventive,,0,,000170000759
WO-2173998,ASSET-00799,Preventive,,0,,000170000759
WO-2173999,ASSET-00799,Preventive,,0,,000170000759
WO-2174000,ASSET-00799,Corrective,SENSOR-FAULT,132,1999,000170000759
WO-2174001,ASSET-00799,Corrective,PNEUMATIC-LEAK,70,1779,000170000759
WO-2174002,ASSET-00799,Preventive,,0,,000170000759
WO-2174003,ASSET-00800,Corrective,CONTROLLER-FAULT,223,1453,000170000760
WO-2174004,ASSET-00800,Preventive,,0,,000170000760
WO-2174005,ASSET-00800,Emergency,BEARING-FAILURE,209,1317,000170000760
WO-2174006,ASSET-00800,Preventive,,0,,000170000760
WO-2174007,ASSET-00801,Corrective,BEARING-FAILURE,229,1512,000170000761
WO-2174008,ASSET-00801,Emergency,BELT-FAILURE,137,1378,000170000761
WO-2174009,ASSET-00801,Preventive,,0,,000170000761
WO-2174010,ASSET-00802,Corrective,CALIBRATION-DRIFT,158,1366,000170000762
WO-2174011,ASSET-00802,Emergency,DIE-WEAR,412,258,000170000762
WO-2174012,ASSET-00802,Corrective,SPINDLE-SEIZURE,110,502,000170000762
WO-2174013,ASSET-00802,Corrective,SPINDLE-SEIZURE,193,1250,000170000762
WO-2174014,ASSET-00803,Preventive,,0,,000170000763
WO-2174015,ASSET-00803,Emergency,SENSOR-FAULT,210,960,000170000763
WO-2174016,ASSET-00803,Preventive,,0,,000170000763
WO-2174017,ASSET-00803,Preventive,,0,,000170000763
WO-2174018,ASSET-00803,Corrective,DIE-WEAR,102,1854,000170000763
WO-2174019,ASSET-00803,Preventive,,0,,000170000763
WO-2174020,ASSET-00804,Preventive,,0,,000170000764
WO-2174021,ASSET-00804,Corrective,BEARING-FAILURE,233,1632,000170000764
WO-2174022,ASSET-00804,Emergency,CALIBRATION-DRIFT,118,1142,000170000764
WO-2174023,ASSET-00804,Preventive,,0,,000170000764
WO-2174024,ASSET-00804,Preventive,,0,,000170000764
WO-2174025,ASSET-00805,Corrective,HYDRAULIC-LEAK,118,829,000170000765
WO-2174026,ASSET-00805,Corrective,BELT-FAILURE,219,210,000170000765
WO-2174027,ASSET-00805,Corrective,SENSOR-FAULT,136,621,000170000765
WO-2174028,ASSET-00805,Corrective,MOTOR-BURNOUT,206,537,000170000765
WO-2174029,ASSET-00805,Corrective,DIE-WEAR,139,1123,000170000765
WO-2174030,ASSET-00805,Preventive,,0,,000170000765
WO-2174031,ASSET-00805,Preventive,,0,,000170000765
WO-2174032,ASSET-00806,Preventive,,0,,000170000766
WO-2174033,ASSET-00806,Preventive,,0,,000170000766
WO-2174034,ASSET-00806,Corrective,CONTROLLER-FAULT,179,1618,000170000766
WO-2174035,ASSET-00807,Corrective,MOTOR-BURNOUT,104,476,000170000767
WO-2174036,ASSET-00807,Preventive,,0,,000170000767
WO-2174037,ASSET-00807,Preventive,,0,,000170000767
WO-2174038,ASSET-00808,Corrective,BEARING-FAILURE,156,1453,000170000768
WO-2174039,ASSET-00808,Emergency,PNEUMATIC-LEAK,493,750,000170000768
WO-2174040,ASSET-00808,Corrective,SENSOR-FAULT,203,1323,000170000768
WO-2174041,ASSET-00809,Preventive,,0,,000170000769
WO-2174042,ASSET-00809,Preventive,,0,,000170000769
WO-2174043,ASSET-00809,Corrective,MOTOR-BURNOUT,120,418,000170000769
WO-2174044,ASSET-00809,Emergency,SENSOR-FAULT,201,601,000170000769
WO-2174045,ASSET-00809,Emergency,DIE-WEAR,502,1064,000170000769
WO-2174046,ASSET-00809,Corrective,MOTOR-BURNOUT,212,1772,000170000769
WO-2174047,ASSET-00810,Preventive,,0,,000170000770
WO-2174048,ASSET-00810,Preventive,,0,,000170000770
WO-2174049,ASSET-00810,Corrective,DIE-WEAR,189,1680,000170000770
WO-2174050,ASSET-00810,Preventive,,0,,000170000770
WO-2174051,ASSET-00810,Preventive,,0,,000170000770
WO-2174052,ASSET-00810,Preventive,,0,,000170000770
WO-2174053,ASSET-00811,Preventive,,0,,000170000771
WO-2174054,ASSET-00811,Preventive,,0,,000170000771
WO-2174055,ASSET-00811,Emergency,HYDRAULIC-LEAK,280,598,000170000771
WO-2174056,ASSET-00811,Corrective,CALIBRATION-DRIFT,48,729,000170000771
WO-2174057,ASSET-00811,Preventive,,0,,000170000771
WO-2174058,ASSET-00811,Emergency,BEARING-FAILURE,296,716,000170000771
WO-2174059,ASSET-00811,Preventive,,0,,000170000771
WO-2174060,ASSET-00811,Corrective,MOTOR-BURNOUT,233,688,000170000771
WO-2174061,ASSET-00811,Preventive,,0,,000170000771
WO-2174062,ASSET-00812,Corrective,PNEUMATIC-LEAK,220,1872,000170000772
WO-2174063,ASSET-00812,Preventive,,0,,000170000772
WO-2174064,ASSET-00812,Preventive,,0,,000170000772
WO-2174065,ASSET-00812,Preventive,,0,,000170000772
WO-2174066,ASSET-00812,Preventive,,0,,000170000772
WO-2174067,ASSET-00812,Corrective,BEARING-FAILURE,189,938,000170000772
WO-2174068,ASSET-00812,Corrective,PNEUMATIC-LEAK,200,1666,000170000772
WO-2174069,ASSET-00813,Preventive,,0,,000170000773
WO-2174070,ASSET-00813,Corrective,DIE-WEAR,233,1188,000170000773
WO-2174071,ASSET-00813,Corrective,PNEUMATIC-LEAK,107,1864,000170000773
WO-2174072,ASSET-00813,Preventive,,0,,000170000773
WO-2174073,ASSET-00813,Corrective,BELT-FAILURE,139,508,000170000773
WO-2174074,ASSET-00814,Corrective,MOTOR-BURNOUT,180,824,000170000774
WO-2174075,ASSET-00814,Preventive,,0,,000170000774
WO-2174076,ASSET-00814,Preventive,,0,,000170000774
WO-2174077,ASSET-00814,Preventive,,0,,000170000774
WO-2174078,ASSET-00814,Corrective,CALIBRATION-DRIFT,229,425,000170000774
WO-2174079,ASSET-00814,Preventive,,0,,000170000774
WO-2174080,ASSET-00814,Corrective,CALIBRATION-DRIFT,123,277,000170000774
WO-2174081,ASSET-00814,Emergency,SENSOR-FAULT,466,1951,000170000774
WO-2174082,ASSET-00815,Corrective,CALIBRATION-DRIFT,135,1337,000170000775
WO-2174083,ASSET-00815,Corrective,BEARING-FAILURE,238,1524,000170000775
WO-2174084,ASSET-00815,Corrective,SENSOR-FAULT,215,1044,000170000775
WO-2174085,ASSET-00815,Corrective,BEARING-FAILURE,35,1770,000170000775
WO-2174086,ASSET-00815,Preventive,,0,,000170000775
WO-2174087,ASSET-00815,Corrective,HYDRAULIC-LEAK,152,326,000170000775
WO-2174088,ASSET-00815,Corrective,DIE-WEAR,63,1143,000170000775
WO-2174089,ASSET-00815,Corrective,PNEUMATIC-LEAK,185,613,000170000775
WO-2174090,ASSET-00816,Emergency,PNEUMATIC-LEAK,155,1441,000170000776
WO-2174091,ASSET-00816,Preventive,,0,,000170000776
WO-2174092,ASSET-00816,Preventive,,0,,000170000776
WO-2174093,ASSET-00816,Preventive,,0,,000170000776
WO-2174094,ASSET-00817,Preventive,,0,,000170000777
WO-2174095,ASSET-00817,Preventive,,0,,000170000777
WO-2174096,ASSET-00817,Emergency,BEARING-FAILURE,490,719,000170000777
WO-2174097,ASSET-00817,Preventive,,0,,000170000777
WO-2174098,ASSET-00817,Emergency,DIE-WEAR,90,1066,000170000777
WO-2174099,ASSET-00817,Corrective,BEARING-FAILURE,165,1558,000170000777
WO-2174100,ASSET-00818,Corrective,SPINDLE-SEIZURE,143,567,000170000778
WO-2174101,ASSET-00818,Emergency,HYDRAULIC-LEAK,217,1622,000170000778
WO-2174102,ASSET-00818,Preventive,,0,,000170000778
WO-2174103,ASSET-00818,Corrective,BEARING-FAILURE,144,1867,000170000778
WO-2174104,ASSET-00818,Preventive,,0,,000170000778
WO-2174105,ASSET-00818,Preventive,,0,,000170000778
WO-2174106,ASSET-00819,Corrective,PNEUMATIC-LEAK,207,1850,000170000779
WO-2174107,ASSET-00819,Corrective,PNEUMATIC-LEAK,170,1131,000170000779
WO-2174108,ASSET-00819,Preventive,,0,,000170000779
WO-2174109,ASSET-00819,Emergency,SENSOR-FAULT,167,1708,000170000779
WO-2174110,ASSET-00819,Corrective,CONTROLLER-FAULT,102,1629,000170000779
WO-2174111,ASSET-00819,Preventive,,0,,000170000779
WO-2174112,ASSET-00820,Preventive,,0,,000170000780
WO-2174113,ASSET-00820,Corrective,HYDRAULIC-LEAK,229,780,000170000780
WO-2174114,ASSET-00820,Preventive,,0,,000170000780
WO-2174115,ASSET-00820,Preventive,,0,,000170000780
WO-2174116,ASSET-00820,Preventive,,0,,000170000780
WO-2174117,ASSET-00821,Preventive,,0,,000170000781
WO-2174118,ASSET-00821,Emergency,SENSOR-FAULT,244,319,000170000781
WO-2174119,ASSET-00821,Corrective,MOTOR-BURNOUT,87,1260,000170000781
WO-2174120,ASSET-00821,Corrective,HYDRAULIC-LEAK,154,889,000170000781
WO-2174121,ASSET-00821,Corrective,HYDRAULIC-LEAK,77,1589,000170000781
WO-2174122,ASSET-00821,Preventive,,0,,000170000781
WO-2174123,ASSET-00822,Emergency,BEARING-FAILURE,367,362,000170000782
WO-2174124,ASSET-00822,Corrective,SPINDLE-SEIZURE,61,1603,000170000782
WO-2174125,ASSET-00822,Corrective,BELT-FAILURE,55,816,000170000782
WO-2174126,ASSET-00822,Emergency,DIE-WEAR,498,1552,000170000782
WO-2174127,ASSET-00822,Corrective,DIE-WEAR,121,869,000170000782
WO-2174128,ASSET-00822,Corrective,CALIBRATION-DRIFT,34,1726,000170000782
WO-2174129,ASSET-00822,Preventive,,0,,000170000782
WO-2174130,ASSET-00823,Corrective,SENSOR-FAULT,229,650,000170000783
WO-2174131,ASSET-00823,Preventive,,0,,000170000783
WO-2174132,ASSET-00823,Corrective,CONTROLLER-FAULT,114,856,000170000783
WO-2174133,ASSET-00823,Preventive,,0,,000170000783
WO-2174134,ASSET-00824,Preventive,,0,,000170000784
WO-2174135,ASSET-00824,Corrective,MOTOR-BURNOUT,130,1772,000170000784
WO-2174136,ASSET-00824,Preventive,,0,,000170000784
WO-2174137,ASSET-00824,Corrective,BELT-FAILURE,49,1034,000170000784
WO-2174138,ASSET-00825,Preventive,,0,,000170000785
WO-2174139,ASSET-00825,Corrective,HYDRAULIC-LEAK,56,1392,000170000785
WO-2174140,ASSET-00826,Corrective,SPINDLE-SEIZURE,130,1491,000170000786
WO-2174141,ASSET-00826,Emergency,BELT-FAILURE,449,1280,000170000786
WO-2174142,ASSET-00827,Preventive,,0,,000170000787
WO-2174143,ASSET-00827,Preventive,,0,,000170000787
WO-2174144,ASSET-00828,Preventive,,0,,000170000788
WO-2174145,ASSET-00828,Preventive,,0,,000170000788
WO-2174146,ASSET-00829,Corrective,CONTROLLER-FAULT,200,1914,000170000789
WO-2174147,ASSET-00829,Preventive,,0,,000170000789
WO-2174148,ASSET-00829,Corrective,MOTOR-BURNOUT,163,548,000170000789
WO-2174149,ASSET-00829,Preventive,,0,,000170000789
WO-2174150,ASSET-00830,Preventive,,0,,000170000790
WO-2174151,ASSET-00830,Preventive,,0,,000170000790
WO-2174152,ASSET-00830,Emergency,CALIBRATION-DRIFT,457,842,000170000790
WO-2174153,ASSET-00831,Preventive,,0,,000170000791
WO-2174154,ASSET-00831,Corrective,DIE-WEAR,176,1135,000170000791
WO-2174155,ASSET-00831,Preventive,,0,,000170000791
WO-2174156,ASSET-00831,Preventive,,0,,000170000791
WO-2174157,ASSET-00831,Preventive,,0,,000170000791
WO-2174158,ASSET-00832,Preventive,,0,,000170000792
WO-2174159,ASSET-00832,Preventive,,0,,000170000792
WO-2174160,ASSET-00832,Emergency,SENSOR-FAULT,296,1970,000170000792
WO-2174161,ASSET-00832,Corrective,BEARING-FAILURE,178,1678,000170000792
WO-2174162,ASSET-00832,Preventive,,0,,000170000792
WO-2174163,ASSET-00833,Corrective,PNEUMATIC-LEAK,133,1378,000170000793
WO-2174164,ASSET-00834,Preventive,,0,,000170000794
WO-2174165,ASSET-00834,Corrective,MOTOR-BURNOUT,159,733,000170000794
WO-2174166,ASSET-00834,Preventive,,0,,000170000794
WO-2174167,ASSET-00834,Preventive,,0,,000170000794
WO-2174168,ASSET-00835,Preventive,,0,,000170000795
WO-2174169,ASSET-00835,Corrective,PNEUMATIC-LEAK,44,1710,000170000795
WO-2174170,ASSET-00835,Preventive,,0,,000170000795
WO-2174171,ASSET-00835,Preventive,,0,,000170000795
WO-2174172,ASSET-00835,Preventive,,0,,000170000795
WO-2174173,ASSET-00835,Preventive,,0,,000170000795
WO-2174174,ASSET-00835,Emergency,MOTOR-BURNOUT,580,945,000170000795
WO-2174175,ASSET-00836,Corrective,CALIBRATION-DRIFT,189,1058,000170000796
WO-2174176,ASSET-00836,Emergency,BELT-FAILURE,325,1419,000170000796
WO-2174177,ASSET-00836,Preventive,,0,,000170000796
WO-2174178,ASSET-00836,Emergency,PNEUMATIC-LEAK,362,1874,000170000796
WO-2174179,ASSET-00837,Corrective,MOTOR-BURNOUT,143,1297,000170000797
WO-2174180,ASSET-00837,Corrective,SPINDLE-SEIZURE,99,1660,000170000797
WO-2174181,ASSET-00837,Corrective,HYDRAULIC-LEAK,155,960,000170000797
WO-2174182,ASSET-00837,Emergency,SPINDLE-SEIZURE,561,1958,000170000797
WO-2174183,ASSET-00837,Emergency,DIE-WEAR,339,204,000170000797
WO-2174184,ASSET-00838,Corrective,DIE-WEAR,55,298,000170000798
WO-2174185,ASSET-00838,Preventive,,0,,000170000798
WO-2174186,ASSET-00838,Emergency,PNEUMATIC-LEAK,99,1498,000170000798
WO-2174187,ASSET-00838,Preventive,,0,,000170000798
WO-2174188,ASSET-00838,Preventive,,0,,000170000798
WO-2174189,ASSET-00838,Preventive,,0,,000170000798
WO-2174190,ASSET-00838,Corrective,CALIBRATION-DRIFT,179,385,000170000798
WO-2174191,ASSET-00839,Corrective,DIE-WEAR,207,707,000170000799
WO-2174192,ASSET-00839,Preventive,,0,,000170000799
WO-2174193,ASSET-00840,Corrective,CONTROLLER-FAULT,73,1128,000170000800
WO-2174194,ASSET-00840,Corrective,PNEUMATIC-LEAK,76,1696,000170000800
WO-2174195,ASSET-00840,Corrective,MOTOR-BURNOUT,186,1985,000170000800
WO-2174196,ASSET-00840,Emergency,BEARING-FAILURE,317,319,000170000800
WO-2174197,ASSET-00840,Preventive,,0,,000170000800
WO-2174198,ASSET-00840,Preventive,,0,,000170000800
WO-2174199,ASSET-00841,Preventive,,0,,000170000801
WO-2174200,ASSET-00841,Preventive,,0,,000170000801
WO-2174201,ASSET-00841,Corrective,CALIBRATION-DRIFT,100,1430,000170000801
WO-2174202,ASSET-00841,Corrective,SENSOR-FAULT,38,864,000170000801
WO-2174203,ASSET-00841,Preventive,,0,,000170000801
WO-2174204,ASSET-00841,Corrective,SENSOR-FAULT,126,1769,000170000801
WO-2174205,ASSET-00841,Corrective,SPINDLE-SEIZURE,95,1738,000170000801
WO-2174206,ASSET-00842,Corrective,BEARING-FAILURE,126,357,000170000802
WO-2174207,ASSET-00842,Corrective,BELT-FAILURE,202,1983,000170000802
WO-2174208,ASSET-00842,Preventive,,0,,000170000802
WO-2174209,ASSET-00843,Corrective,SENSOR-FAULT,96,1334,000170000803
WO-2174210,ASSET-00843,Corrective,SPINDLE-SEIZURE,234,1073,000170000803
WO-2174211,ASSET-00843,Preventive,,0,,000170000803
WO-2174212,ASSET-00844,Preventive,,0,,000170000804
WO-2174213,ASSET-00844,Preventive,,0,,000170000804
WO-2174214,ASSET-00844,Preventive,,0,,000170000804
WO-2174215,ASSET-00844,Corrective,CONTROLLER-FAULT,175,504,000170000804
WO-2174216,ASSET-00844,Preventive,,0,,000170000804
WO-2174217,ASSET-00844,Emergency,SPINDLE-SEIZURE,369,1295,000170000804
WO-2174218,ASSET-00844,Emergency,CONTROLLER-FAULT,229,773,000170000804
WO-2174219,ASSET-00845,Emergency,SENSOR-FAULT,373,1193,000170000805
WO-2174220,ASSET-00845,Corrective,CALIBRATION-DRIFT,38,555,000170000805
WO-2174221,ASSET-00846,Emergency,CALIBRATION-DRIFT,163,470,000170000806
WO-2174222,ASSET-00846,Corrective,MOTOR-BURNOUT,149,344,000170000806
WO-2174223,ASSET-00846,Corrective,BEARING-FAILURE,108,1986,000170000806
WO-2174224,ASSET-00846,Corrective,CALIBRATION-DRIFT,184,539,000170000806
WO-2174225,ASSET-00846,Preventive,,0,,000170000806
WO-2174226,ASSET-00847,Corrective,CALIBRATION-DRIFT,92,839,000170000807
WO-2174227,ASSET-00847,Preventive,,0,,000170000807
WO-2174228,ASSET-00847,Preventive,,0,,000170000807
WO-2174229,ASSET-00848,Corrective,BELT-FAILURE,171,752,000170000808
WO-2174230,ASSET-00848,Preventive,,0,,000170000808
WO-2174231,ASSET-00848,Emergency,CALIBRATION-DRIFT,422,248,000170000808
WO-2174232,ASSET-00848,Corrective,BEARING-FAILURE,112,668,000170000808
WO-2174233,ASSET-00848,Preventive,,0,,000170000808
WO-2174234,ASSET-00849,Preventive,,0,,000170000809
WO-2174235,ASSET-00849,Preventive,,0,,000170000809
WO-2174236,ASSET-00849,Corrective,CONTROLLER-FAULT,240,1128,000170000809
WO-2174237,ASSET-00849,Corrective,BEARING-FAILURE,235,1682,000170000809
WO-2174238,ASSET-00849,Preventive,,0,,000170000809
WO-2174239,ASSET-00849,Preventive,,0,,000170000809
WO-2174240,ASSET-00849,Corrective,BEARING-FAILURE,162,1195,000170000809
WO-2174241,ASSET-00849,Emergency,MOTOR-BURNOUT,335,1226,000170000809
WO-2174242,ASSET-00849,Preventive,,0,,000170000809
WO-2174243,ASSET-00849,Corrective,HYDRAULIC-LEAK,125,1937,000170000809
WO-2174244,ASSET-00849,Preventive,,0,,000170000809
WO-2174245,ASSET-00849,Preventive,,0,,000170000809
WO-2174246,ASSET-00850,Corrective,CONTROLLER-FAULT,48,782,000170000810
WO-2174247,ASSET-00850,Corrective,MOTOR-BURNOUT,222,635,000170000810
WO-2174248,ASSET-00850,Corrective,HYDRAULIC-LEAK,128,1412,000170000810
WO-2174249,ASSET-00850,Preventive,,0,,000170000810
WO-2174250,ASSET-00851,Preventive,,0,,000170000811
WO-2174251,ASSET-00852,Preventive,,0,,000170000812
WO-2174252,ASSET-00852,Corrective,SPINDLE-SEIZURE,153,1774,000170000812
WO-2174253,ASSET-00852,Preventive,,0,,000170000812
WO-2174254,ASSET-00852,Preventive,,0,,000170000812
WO-2174255,ASSET-00852,Corrective,CALIBRATION-DRIFT,108,474,000170000812
WO-2174256,ASSET-00852,Emergency,BELT-FAILURE,122,1584,000170000812
WO-2174257,ASSET-00852,Preventive,,0,,000170000812
WO-2174258,ASSET-00852,Preventive,,0,,000170000812
WO-2174259,ASSET-00853,Preventive,,0,,000170000813
WO-2174260,ASSET-00853,Corrective,DIE-WEAR,169,1035,000170000813
WO-2174261,ASSET-00853,Preventive,,0,,000170000813
WO-2174262,ASSET-00853,Emergency,CONTROLLER-FAULT,265,473,000170000813
WO-2174263,ASSET-00853,Preventive,,0,,000170000813
WO-2174264,ASSET-00854,Corrective,CONTROLLER-FAULT,115,757,000170000814
WO-2174265,ASSET-00854,Preventive,,0,,000170000814
WO-2174266,ASSET-00854,Corrective,CONTROLLER-FAULT,136,804,000170000814
WO-2174267,ASSET-00854,Preventive,,0,,000170000814
WO-2174268,ASSET-00854,Preventive,,0,,000170000814
WO-2174269,ASSET-00855,Corrective,CONTROLLER-FAULT,234,343,000170000815
WO-2174270,ASSET-00855,Preventive,,0,,000170000815
WO-2174271,ASSET-00855,Emergency,BEARING-FAILURE,273,1369,000170000815
WO-2174272,ASSET-00855,Preventive,,0,,000170000815
WO-2174273,ASSET-00855,Corrective,PNEUMATIC-LEAK,228,1623,000170000815
WO-2174274,ASSET-00855,Corrective,PNEUMATIC-LEAK,189,725,000170000815
WO-2174275,ASSET-00855,Emergency,HYDRAULIC-LEAK,374,864,000170000815
WO-2174276,ASSET-00856,Preventive,,0,,000170000816
WO-2174277,ASSET-00856,Preventive,,0,,000170000816
WO-2174278,ASSET-00856,Preventive,,0,,000170000816
WO-2174279,ASSET-00856,Preventive,,0,,000170000816
WO-2174280,ASSET-00856,Corrective,CALIBRATION-DRIFT,206,1006,000170000816
WO-2174281,ASSET-00856,Preventive,,0,,000170000816
WO-2174282,ASSET-00856,Emergency,MOTOR-BURNOUT,421,1920,000170000816
WO-2174283,ASSET-00857,Preventive,,0,,000170000817
WO-2174284,ASSET-00857,Preventive,,0,,000170000817
WO-2174285,ASSET-00857,Preventive,,0,,000170000817
WO-2174286,ASSET-00858,Preventive,,0,,000170000818
WO-2174287,ASSET-00858,Corrective,SPINDLE-SEIZURE,41,773,000170000818
WO-2174288,ASSET-00858,Corrective,BEARING-FAILURE,59,245,000170000818
WO-2174289,ASSET-00858,Preventive,,0,,000170000818
WO-2174290,ASSET-00858,Corrective,PNEUMATIC-LEAK,136,1275,000170000818
WO-2174291,ASSET-00859,Corrective,DIE-WEAR,104,1314,000170000819
WO-2174292,ASSET-00859,Preventive,,0,,000170000819
WO-2174293,ASSET-00859,Emergency,BELT-FAILURE,130,1928,000170000819
WO-2174294,ASSET-00859,Corrective,SENSOR-FAULT,116,1226,000170000819
WO-2174295,ASSET-00860,Corrective,SPINDLE-SEIZURE,102,1983,000170000820
WO-2174296,ASSET-00860,Corrective,PNEUMATIC-LEAK,40,1166,000170000820
WO-2174297,ASSET-00861,Preventive,,0,,000170000821
WO-2174298,ASSET-00861,Corrective,MOTOR-BURNOUT,175,1677,000170000821
WO-2174299,ASSET-00861,Preventive,,0,,000170000821
WO-2174300,ASSET-00861,Corrective,MOTOR-BURNOUT,82,1487,000170000821
WO-2174301,ASSET-00861,Corrective,CALIBRATION-DRIFT,237,854,000170000821
WO-2174302,ASSET-00861,Corrective,BELT-FAILURE,116,1437,000170000821
WO-2174303,ASSET-00862,Corrective,PNEUMATIC-LEAK,177,795,000170000822
WO-2174304,ASSET-00862,Preventive,,0,,000170000822
WO-2174305,ASSET-00862,Preventive,,0,,000170000822
WO-2174306,ASSET-00863,Preventive,,0,,000170000823
WO-2174307,ASSET-00863,Corrective,BEARING-FAILURE,65,860,000170000823
WO-2174308,ASSET-00863,Preventive,,0,,000170000823
WO-2174309,ASSET-00863,Corrective,CALIBRATION-DRIFT,110,1086,000170000823
WO-2174310,ASSET-00864,Corrective,DIE-WEAR,218,1766,000170000824
WO-2174311,ASSET-00864,Corrective,CONTROLLER-FAULT,227,869,000170000824
WO-2174312,ASSET-00864,Preventive,,0,,000170000824
WO-2174313,ASSET-00864,Emergency,BELT-FAILURE,474,1402,000170000824
WO-2174314,ASSET-00865,Preventive,,0,,000170000825
WO-2174315,ASSET-00866,Emergency,CALIBRATION-DRIFT,563,546,000170000826
WO-2174316,ASSET-00866,Preventive,,0,,000170000826
WO-2174317,ASSET-00866,Preventive,,0,,000170000826
WO-2174318,ASSET-00867,Preventive,,0,,000170000827
WO-2174319,ASSET-00867,Preventive,,0,,000170000827
WO-2174320,ASSET-00867,Preventive,,0,,000170000827
WO-2174321,ASSET-00867,Emergency,MOTOR-BURNOUT,572,1814,000170000827
WO-2174322,ASSET-00867,Corrective,SENSOR-FAULT,208,442,000170000827
WO-2174323,ASSET-00867,Preventive,,0,,000170000827
WO-2174324,ASSET-00867,Corrective,HYDRAULIC-LEAK,192,1101,000170000827
WO-2174325,ASSET-00868,Preventive,,0,,000170000828
WO-2174326,ASSET-00868,Preventive,,0,,000170000828
WO-2174327,ASSET-00868,Corrective,DIE-WEAR,210,1076,000170000828
WO-2174328,ASSET-00868,Preventive,,0,,000170000828
WO-2174329,ASSET-00869,Preventive,,0,,000170000829
WO-2174330,ASSET-00869,Corrective,BEARING-FAILURE,77,435,000170000829
WO-2174331,ASSET-00869,Preventive,,0,,000170000829
WO-2174332,ASSET-00870,Preventive,,0,,000170000830
WO-2174333,ASSET-00870,Preventive,,0,,000170000830
WO-2174334,ASSET-00871,Corrective,CALIBRATION-DRIFT,203,902,000170000831
WO-2174335,ASSET-00871,Preventive,,0,,000170000831
WO-2174336,ASSET-00871,Corrective,SENSOR-FAULT,62,1177,000170000831
WO-2174337,ASSET-00872,Corrective,HYDRAULIC-LEAK,192,613,000170000832
WO-2174338,ASSET-00872,Emergency,BELT-FAILURE,103,1823,000170000832
WO-2174339,ASSET-00872,Preventive,,0,,000170000832
WO-2174340,ASSET-00872,Preventive,,0,,000170000832
WO-2174341,ASSET-00872,Corrective,BEARING-FAILURE,226,1597,000170000832
WO-2174342,ASSET-00872,Corrective,DIE-WEAR,118,443,000170000832
WO-2174343,ASSET-00873,Corrective,PNEUMATIC-LEAK,111,405,000170000833
WO-2174344,ASSET-00873,Preventive,,0,,000170000833
WO-2174345,ASSET-00873,Corrective,CALIBRATION-DRIFT,86,299,000170000833
WO-2174346,ASSET-00873,Corrective,MOTOR-BURNOUT,98,1662,000170000833
WO-2174347,ASSET-00874,Corrective,MOTOR-BURNOUT,199,1618,000170000834
WO-2174348,ASSET-00874,Preventive,,0,,000170000834
WO-2174349,ASSET-00874,Corrective,DIE-WEAR,229,378,000170000834
WO-2174350,ASSET-00875,Preventive,,0,,000170000835
WO-2174351,ASSET-00875,Corrective,HYDRAULIC-LEAK,143,323,000170000835
WO-2174352,ASSET-00875,Preventive,,0,,000170000835
WO-2174353,ASSET-00875,Corrective,PNEUMATIC-LEAK,119,1032,000170000835
WO-2174354,ASSET-00875,Preventive,,0,,000170000835
WO-2174355,ASSET-00875,Corrective,DIE-WEAR,75,943,000170000835
WO-2174356,ASSET-00875,Corrective,BELT-FAILURE,118,1856,000170000835
WO-2174357,ASSET-00876,Corrective,SPINDLE-SEIZURE,227,1932,000170000836
WO-2174358,ASSET-00876,Preventive,,0,,000170000836
WO-2174359,ASSET-00877,Preventive,,0,,000170000837
WO-2174360,ASSET-00877,Corrective,HYDRAULIC-LEAK,200,1511,000170000837
WO-2174361,ASSET-00877,Corrective,PNEUMATIC-LEAK,47,1375,000170000837
WO-2174362,ASSET-00878,Preventive,,0,,000170000838
WO-2174363,ASSET-00878,Preventive,,0,,000170000838
WO-2174364,ASSET-00878,Corrective,HYDRAULIC-LEAK,81,1393,000170000838
WO-2174365,ASSET-00878,Preventive,,0,,000170000838
WO-2174366,ASSET-00878,Corrective,SPINDLE-SEIZURE,231,374,000170000838
WO-2174367,ASSET-00878,Preventive,,0,,000170000838
WO-2174368,ASSET-00879,Emergency,SPINDLE-SEIZURE,279,1459,000170000839
WO-2174369,ASSET-00879,Corrective,BEARING-FAILURE,186,969,000170000839
WO-2174370,ASSET-00879,Preventive,,0,,000170000839
WO-2174371,ASSET-00879,Corrective,SPINDLE-SEIZURE,209,1661,000170000839
WO-2174372,ASSET-00880,Corrective,CALIBRATION-DRIFT,98,1919,000170000840
WO-2174373,ASSET-00880,Corrective,BELT-FAILURE,56,700,000170000840
WO-2174374,ASSET-00880,Emergency,SPINDLE-SEIZURE,591,1402,000170000840
WO-2174375,ASSET-00880,Emergency,PNEUMATIC-LEAK,304,1317,000170000840
WO-2174376,ASSET-00880,Preventive,,0,,000170000840
WO-2174377,ASSET-00881,Corrective,MOTOR-BURNOUT,89,679,000170000842
WO-2174378,ASSET-00881,Corrective,MOTOR-BURNOUT,93,1831,000170000842
WO-2174379,ASSET-00881,Preventive,,0,,000170000842
WO-2174380,ASSET-00881,Preventive,,0,,000170000842
WO-2174381,ASSET-00881,Preventive,,0,,000170000842
WO-2174382,ASSET-00881,Preventive,,0,,000170000842
WO-2174383,ASSET-00882,Preventive,,0,,000170000843
WO-2174384,ASSET-00882,Preventive,,0,,000170000843
WO-2174385,ASSET-00882,Corrective,SENSOR-FAULT,111,423,000170000843
WO-2174386,ASSET-00882,Preventive,,0,,000170000843
WO-2174387,ASSET-00882,Emergency,MOTOR-BURNOUT,144,500,000170000843
WO-2174388,ASSET-00883,Preventive,,0,,000170000844
WO-2174389,ASSET-00883,Preventive,,0,,000170000844
WO-2174390,ASSET-00883,Preventive,,0,,000170000844
WO-2174391,ASSET-00883,Corrective,BEARING-FAILURE,144,1540,000170000844
WO-2174392,ASSET-00883,Preventive,,0,,000170000844
WO-2174393,ASSET-00883,Preventive,,0,,000170000844
WO-2174394,ASSET-00883,Corrective,SPINDLE-SEIZURE,119,349,000170000844
WO-2174395,ASSET-00884,Preventive,,0,,000170000845
WO-2174396,ASSET-00884,Corrective,MOTOR-BURNOUT,71,1239,000170000845
WO-2174397,ASSET-00884,Preventive,,0,,000170000845
WO-2174398,ASSET-00884,Preventive,,0,,000170000845
WO-2174399,ASSET-00884,Preventive,,0,,000170000845
WO-2174400,ASSET-00884,Preventive,,0,,000170000845
WO-2174401,ASSET-00885,Emergency,CONTROLLER-FAULT,262,1145,000170000846
WO-2174402,ASSET-00885,Preventive,,0,,000170000846
WO-2174403,ASSET-00885,Corrective,CALIBRATION-DRIFT,199,1120,000170000846
WO-2174404,ASSET-00885,Preventive,,0,,000170000846
WO-2174405,ASSET-00885,Preventive,,0,,000170000846
WO-2174406,ASSET-00886,Corrective,PNEUMATIC-LEAK,210,489,000170000847
WO-2174407,ASSET-00886,Preventive,,0,,000170000847
WO-2174408,ASSET-00887,Preventive,,0,,000170000849
WO-2174409,ASSET-00887,Corrective,MOTOR-BURNOUT,54,1881,000170000849
WO-2174410,ASSET-00887,Corrective,HYDRAULIC-LEAK,59,304,000170000849
WO-2174411,ASSET-00887,Emergency,SENSOR-FAULT,511,299,000170000849
WO-2174412,ASSET-00887,Preventive,,0,,000170000849
WO-2174413,ASSET-00888,Corrective,CONTROLLER-FAULT,74,468,000170000850
WO-2174414,ASSET-00888,Corrective,SENSOR-FAULT,227,577,000170000850
WO-2174415,ASSET-00888,Preventive,,0,,000170000850
WO-2174416,ASSET-00889,Preventive,,0,,000170000851
WO-2174417,ASSET-00889,Preventive,,0,,000170000851
WO-2174418,ASSET-00889,Corrective,SPINDLE-SEIZURE,56,587,000170000851
WO-2174419,ASSET-00889,Corrective,BELT-FAILURE,161,897,000170000851
WO-2174420,ASSET-00889,Corrective,PNEUMATIC-LEAK,126,1777,000170000851
WO-2174421,ASSET-00889,Corrective,HYDRAULIC-LEAK,120,1725,000170000851
WO-2174422,ASSET-00889,Preventive,,0,,000170000851
WO-2174423,ASSET-00889,Corrective,CALIBRATION-DRIFT,110,225,000170000851
WO-2174424,ASSET-00889,Corrective,CONTROLLER-FAULT,205,1542,000170000851
WO-2174425,ASSET-00889,Preventive,,0,,000170000851
WO-2174426,ASSET-00890,Preventive,,0,,000170000852
WO-2174427,ASSET-00890,Preventive,,0,,000170000852
WO-2174428,ASSET-00890,Preventive,,0,,000170000852
WO-2174429,ASSET-00890,Preventive,,0,,000170000852
WO-2174430,ASSET-00890,Emergency,PNEUMATIC-LEAK,90,971,000170000852
WO-2174431,ASSET-00890,Emergency,SENSOR-FAULT,331,1351,000170000852
WO-2174432,ASSET-00891,Corrective,BELT-FAILURE,220,878,000170000853
WO-2174433,ASSET-00891,Preventive,,0,,000170000853
WO-2174434,ASSET-00891,Preventive,,0,,000170000853
WO-2174435,ASSET-00891,Preventive,,0,,000170000853
WO-2174436,ASSET-00891,Emergency,PNEUMATIC-LEAK,111,1695,000170000853
WO-2174437,ASSET-00891,Corrective,SPINDLE-SEIZURE,62,1480,000170000853
WO-2174438,ASSET-00891,Preventive,,0,,000170000853
WO-2174439,ASSET-00892,Corrective,BEARING-FAILURE,116,1441,000170000854
WO-2174440,ASSET-00892,Preventive,,0,,000170000854
WO-2174441,ASSET-00892,Corrective,DIE-WEAR,109,342,000170000854
WO-2174442,ASSET-00892,Preventive,,0,,000170000854
WO-2174443,ASSET-00893,Preventive,,0,,000170000855
WO-2174444,ASSET-00893,Preventive,,0,,000170000855
WO-2174445,ASSET-00893,Preventive,,0,,000170000855
WO-2174446,ASSET-00893,Preventive,,0,,000170000855
WO-2174447,ASSET-00894,Preventive,,0,,000170000856
WO-2174448,ASSET-00894,Corrective,MOTOR-BURNOUT,138,1886,000170000856
WO-2174449,ASSET-00894,Preventive,,0,,000170000856
WO-2174450,ASSET-00894,Preventive,,0,,000170000856
WO-2174451,ASSET-00894,Preventive,,0,,000170000856
WO-2174452,ASSET-00894,Preventive,,0,,000170000856
WO-2174453,ASSET-00895,Corrective,BELT-FAILURE,186,1261,000170000857
WO-2174454,ASSET-00895,Preventive,,0,,000170000857
WO-2174455,ASSET-00895,Corrective,CONTROLLER-FAULT,171,1241,000170000857
WO-2174456,ASSET-00895,Emergency,PNEUMATIC-LEAK,347,835,000170000857
WO-2174457,ASSET-00895,Emergency,HYDRAULIC-LEAK,104,727,000170000857
WO-2174458,ASSET-00895,Corrective,BELT-FAILURE,121,927,000170000857
WO-2174459,ASSET-00896,Preventive,,0,,000170000858
WO-2174460,ASSET-00896,Preventive,,0,,000170000858
WO-2174461,ASSET-00896,Preventive,,0,,000170000858
WO-2174462,ASSET-00896,Preventive,,0,,000170000858
WO-2174463,ASSET-00897,Corrective,PNEUMATIC-LEAK,91,1524,000170000859
WO-2174464,ASSET-00897,Corrective,CONTROLLER-FAULT,116,1158,000170000859
WO-2174465,ASSET-00897,Preventive,,0,,000170000859
WO-2174466,ASSET-00897,Preventive,,0,,000170000859
WO-2174467,ASSET-00898,Preventive,,0,,000170000860
WO-2174468,ASSET-00898,Preventive,,0,,000170000860
WO-2174469,ASSET-00898,Preventive,,0,,000170000860
WO-2174470,ASSET-00898,Preventive,,0,,000170000860
WO-2174471,ASSET-00898,Preventive,,0,,000170000860
WO-2174472,ASSET-00898,Preventive,,0,,000170000860
WO-2174473,ASSET-00898,Preventive,,0,,000170000860
WO-2174474,ASSET-00899,Preventive,,0,,000170000861
WO-2174475,ASSET-00899,Emergency,SPINDLE-SEIZURE,550,1193,000170000861
WO-2174476,ASSET-00899,Corrective,HYDRAULIC-LEAK,40,1308,000170000861
WO-2174477,ASSET-00899,Preventive,,0,,000170000861
WO-2174478,ASSET-00899,Preventive,,0,,000170000861
WO-2174479,ASSET-00900,Corrective,PNEUMATIC-LEAK,92,1820,000170000862
WO-2174480,ASSET-00900,Corrective,BEARING-FAILURE,45,264,000170000862
WO-2174481,ASSET-00900,Preventive,,0,,000170000862
WO-2174482,ASSET-00900,Preventive,,0,,000170000862
WO-2174483,ASSET-00901,Corrective,DIE-WEAR,223,1763,000170000863
WO-2174484,ASSET-00901,Corrective,CALIBRATION-DRIFT,121,613,000170000863
WO-2174485,ASSET-00901,Preventive,,0,,000170000863
WO-2174486,ASSET-00901,Preventive,,0,,000170000863
WO-2174487,ASSET-00902,Preventive,,0,,000170000864
WO-2174488,ASSET-00902,Corrective,SPINDLE-SEIZURE,61,333,000170000864
WO-2174489,ASSET-00902,Corrective,DIE-WEAR,176,260,000170000864
WO-2174490,ASSET-00902,Preventive,,0,,000170000864
WO-2174491,ASSET-00902,Preventive,,0,,000170000864
WO-2174492,ASSET-00902,Corrective,PNEUMATIC-LEAK,147,844,000170000864
WO-2174493,ASSET-00902,Corrective,SENSOR-FAULT,209,1000,000170000864
WO-2174494,ASSET-00902,Corrective,CALIBRATION-DRIFT,99,657,000170000864
WO-2174495,ASSET-00903,Preventive,,0,,000170000865
WO-2174496,ASSET-00903,Emergency,BELT-FAILURE,365,1804,000170000865
WO-2174497,ASSET-00904,Corrective,BEARING-FAILURE,80,436,000170000866
WO-2174498,ASSET-00904,Preventive,,0,,000170000866
WO-2174499,ASSET-00904,Preventive,,0,,000170000866
WO-2174500,ASSET-00904,Corrective,PNEUMATIC-LEAK,139,1691,000170000866
WO-2174501,ASSET-00904,Preventive,,0,,000170000866
WO-2174502,ASSET-00905,Preventive,,0,,000170000867
WO-2174503,ASSET-00905,Emergency,DIE-WEAR,93,848,000170000867
WO-2174504,ASSET-00905,Preventive,,0,,000170000867
WO-2174505,ASSET-00905,Preventive,,0,,000170000867
WO-2174506,ASSET-00905,Preventive,,0,,000170000867
WO-2174507,ASSET-00905,Preventive,,0,,000170000867
WO-2174508,ASSET-00906,Corrective,PNEUMATIC-LEAK,34,599,000170000868
WO-2174509,ASSET-00906,Corrective,BEARING-FAILURE,146,1555,000170000868
WO-2174510,ASSET-00906,Emergency,SPINDLE-SEIZURE,199,741,000170000868
WO-2174511,ASSET-00906,Corrective,CONTROLLER-FAULT,183,1965,000170000868
WO-2174512,ASSET-00907,Preventive,,0,,000170000869
WO-2174513,ASSET-00907,Emergency,BEARING-FAILURE,375,546,000170000869
WO-2174514,ASSET-00907,Corrective,BELT-FAILURE,177,808,000170000869
WO-2174515,ASSET-00907,Emergency,DIE-WEAR,424,359,000170000869
WO-2174516,ASSET-00907,Emergency,CONTROLLER-FAULT,309,1416,000170000869
WO-2174517,ASSET-00907,Preventive,,0,,000170000869
WO-2174518,ASSET-00907,Corrective,PNEUMATIC-LEAK,178,237,000170000869
WO-2174519,ASSET-00908,Corrective,SPINDLE-SEIZURE,158,1684,000170000870
WO-2174520,ASSET-00908,Corrective,DIE-WEAR,153,1634,000170000870
WO-2174521,ASSET-00909,Corrective,SPINDLE-SEIZURE,189,1791,000170000871
WO-2174522,ASSET-00910,Corrective,SPINDLE-SEIZURE,134,510,000170000872
WO-2174523,ASSET-00910,Corrective,PNEUMATIC-LEAK,34,1128,000170000872
WO-2174524,ASSET-00910,Corrective,CONTROLLER-FAULT,128,284,000170000872
WO-2174525,ASSET-00910,Corrective,PNEUMATIC-LEAK,154,1738,000170000872
WO-2174526,ASSET-00910,Preventive,,0,,000170000872
WO-2174527,ASSET-00910,Preventive,,0,,000170000872
WO-2174528,ASSET-00910,Corrective,SPINDLE-SEIZURE,154,1208,000170000872
WO-2174529,ASSET-00910,Corrective,PNEUMATIC-LEAK,102,1549,000170000872
WO-2174530,ASSET-00910,Preventive,,0,,000170000872
WO-2174531,ASSET-00910,Preventive,,0,,000170000872
WO-2174532,ASSET-00911,Preventive,,0,,000170000873
WO-2174533,ASSET-00911,Corrective,DIE-WEAR,36,646,000170000873
WO-2174534,ASSET-00911,Preventive,,0,,000170000873
WO-2174535,ASSET-00911,Corrective,MOTOR-BURNOUT,184,1501,000170000873
WO-2174536,ASSET-00911,Corrective,PNEUMATIC-LEAK,202,917,000170000873
WO-2174537,ASSET-00912,Corrective,HYDRAULIC-LEAK,228,1822,000170000874
WO-2174538,ASSET-00912,Emergency,SPINDLE-SEIZURE,514,1957,000170000874
WO-2174539,ASSET-00912,Preventive,,0,,000170000874
WO-2174540,ASSET-00912,Preventive,,0,,000170000874
WO-2174541,ASSET-00912,Preventive,,0,,000170000874
WO-2174542,ASSET-00913,Preventive,,0,,000170000875
WO-2174543,ASSET-00913,Corrective,MOTOR-BURNOUT,152,1384,000170000875
WO-2174544,ASSET-00913,Preventive,,0,,000170000875
WO-2174545,ASSET-00913,Preventive,,0,,000170000875
WO-2174546,ASSET-00913,Corrective,CALIBRATION-DRIFT,195,275,000170000875
WO-2174547,ASSET-00913,Preventive,,0,,000170000875
WO-2174548,ASSET-00913,Preventive,,0,,000170000875
WO-2174549,ASSET-00914,Corrective,BELT-FAILURE,59,495,000170000876
WO-2174550,ASSET-00915,Preventive,,0,,000170000877
WO-2174551,ASSET-00915,Preventive,,0,,000170000877
WO-2174552,ASSET-00915,Preventive,,0,,000170000877
WO-2174553,ASSET-00915,Preventive,,0,,000170000877
WO-2174554,ASSET-00915,Corrective,PNEUMATIC-LEAK,115,508,000170000877
WO-2174555,ASSET-00915,Preventive,,0,,000170000877
WO-2174556,ASSET-00915,Emergency,BELT-FAILURE,443,1406,000170000877
WO-2174557,ASSET-00916,Preventive,,0,,000170000878
WO-2174558,ASSET-00916,Corrective,DIE-WEAR,160,571,000170000878
WO-2174559,ASSET-00916,Preventive,,0,,000170000878
WO-2174560,ASSET-00916,Preventive,,0,,000170000878
WO-2174561,ASSET-00917,Preventive,,0,,000170000879
WO-2174562,ASSET-00917,Preventive,,0,,000170000879
WO-2174563,ASSET-00917,Preventive,,0,,000170000879
WO-2174564,ASSET-00918,Corrective,DIE-WEAR,57,208,000170000880
WO-2174565,ASSET-00918,Preventive,,0,,000170000880
WO-2174566,ASSET-00918,Preventive,,0,,000170000880
WO-2174567,ASSET-00918,Corrective,DIE-WEAR,30,1554,000170000880
WO-2174568,ASSET-00918,Emergency,CALIBRATION-DRIFT,293,1457,000170000880
WO-2174569,ASSET-00918,Preventive,,0,,000170000880
WO-2174570,ASSET-00919,Preventive,,0,,000170000881
WO-2174571,ASSET-00919,Preventive,,0,,000170000881
WO-2174572,ASSET-00919,Corrective,BEARING-FAILURE,164,767,000170000881
WO-2174573,ASSET-00919,Preventive,,0,,000170000881
WO-2174574,ASSET-00919,Corrective,MOTOR-BURNOUT,33,409,000170000881
WO-2174575,ASSET-00920,Corrective,PNEUMATIC-LEAK,50,663,000170000882
WO-2174576,ASSET-00920,Preventive,,0,,000170000882
WO-2174577,ASSET-00920,Preventive,,0,,000170000882
WO-2174578,ASSET-00920,Preventive,,0,,000170000882
WO-2174579,ASSET-00920,Preventive,,0,,000170000882
WO-2174580,ASSET-00920,Preventive,,0,,000170000882
WO-2174581,ASSET-00920,Preventive,,0,,000170000882
WO-2174582,ASSET-00920,Corrective,SPINDLE-SEIZURE,47,332,000170000882
WO-2174583,ASSET-00920,Preventive,,0,,000170000882
WO-2174584,ASSET-00921,Preventive,,0,,000170000883
WO-2174585,ASSET-00921,Preventive,,0,,000170000883
WO-2174586,ASSET-00921,Preventive,,0,,000170000883
WO-2174587,ASSET-00921,Preventive,,0,,000170000883
WO-2174588,ASSET-00921,Emergency,HYDRAULIC-LEAK,538,893,000170000883
WO-2174589,ASSET-00922,Preventive,,0,,000170000884
WO-2174590,ASSET-00922,Preventive,,0,,000170000884
WO-2174591,ASSET-00922,Corrective,HYDRAULIC-LEAK,113,597,000170000884
WO-2174592,ASSET-00922,Corrective,HYDRAULIC-LEAK,39,1234,000170000884
WO-2174593,ASSET-00922,Preventive,,0,,000170000884
WO-2174594,ASSET-00923,Corrective,MOTOR-BURNOUT,207,984,000170000885
WO-2174595,ASSET-00923,Emergency,MOTOR-BURNOUT,526,891,000170000885
WO-2174596,ASSET-00923,Corrective,CALIBRATION-DRIFT,40,1304,000170000885
WO-2174597,ASSET-00923,Preventive,,0,,000170000885
WO-2174598,ASSET-00923,Preventive,,0,,000170000885
WO-2174599,ASSET-00924,Preventive,,0,,000170000886
WO-2174600,ASSET-00924,Preventive,,0,,000170000886
WO-2174601,ASSET-00924,Emergency,SPINDLE-SEIZURE,134,220,000170000886
WO-2174602,ASSET-00924,Preventive,,0,,000170000886
WO-2174603,ASSET-00924,Preventive,,0,,000170000886
WO-2174604,ASSET-00924,Preventive,,0,,000170000886
WO-2174605,ASSET-00925,Preventive,,0,,000170000887
WO-2174606,ASSET-00925,Corrective,CONTROLLER-FAULT,53,1030,000170000887
WO-2174607,ASSET-00926,Preventive,,0,,000170000888
WO-2174608,ASSET-00926,Preventive,,0,,000170000888
WO-2174609,ASSET-00926,Preventive,,0,,000170000888
WO-2174610,ASSET-00926,Preventive,,0,,000170000888
WO-2174611,ASSET-00927,Emergency,PNEUMATIC-LEAK,277,406,000170000889
WO-2174612,ASSET-00927,Emergency,SPINDLE-SEIZURE,130,1772,000170000889
WO-2174613,ASSET-00927,Preventive,,0,,000170000889
WO-2174614,ASSET-00928,Preventive,,0,,000170000890
WO-2174615,ASSET-00928,Emergency,MOTOR-BURNOUT,109,1395,000170000890
WO-2174616,ASSET-00928,Preventive,,0,,000170000890
WO-2174617,ASSET-00928,Corrective,HYDRAULIC-LEAK,191,523,000170000890
WO-2174618,ASSET-00929,Corrective,HYDRAULIC-LEAK,192,672,000170000891
WO-2174619,ASSET-00929,Corrective,SENSOR-FAULT,122,1754,000170000891
WO-2174620,ASSET-00929,Preventive,,0,,000170000891
WO-2174621,ASSET-00929,Emergency,PNEUMATIC-LEAK,320,561,000170000891
WO-2174622,ASSET-00930,Corrective,SPINDLE-SEIZURE,235,1236,000170000892
WO-2174623,ASSET-00930,Preventive,,0,,000170000892
WO-2174624,ASSET-00930,Corrective,CONTROLLER-FAULT,185,1127,000170000892
WO-2174625,ASSET-00930,Preventive,,0,,000170000892
WO-2174626,ASSET-00930,Preventive,,0,,000170000892
WO-2174627,ASSET-00930,Preventive,,0,,000170000892
WO-2174628,ASSET-00930,Preventive,,0,,000170000892
WO-2174629,ASSET-00931,Corrective,BEARING-FAILURE,32,539,000170000893
WO-2174630,ASSET-00931,Emergency,CALIBRATION-DRIFT,561,342,000170000893
WO-2174631,ASSET-00931,Preventive,,0,,000170000893
WO-2174632,ASSET-00931,Emergency,BEARING-FAILURE,209,1978,000170000893
WO-2174633,ASSET-00931,Preventive,,0,,000170000893
WO-2174634,ASSET-00932,Preventive,,0,,000170000894
WO-2174635,ASSET-00932,Corrective,BELT-FAILURE,66,1341,000170000894
WO-2174636,ASSET-00932,Preventive,,0,,000170000894
WO-2174637,ASSET-00933,Corrective,MOTOR-BURNOUT,215,1319,000170000895
WO-2174638,ASSET-00933,Corrective,BELT-FAILURE,199,988,000170000895
WO-2174639,ASSET-00933,Corrective,SPINDLE-SEIZURE,169,1902,000170000895
WO-2174640,ASSET-00934,Preventive,,0,,000170000896
WO-2174641,ASSET-00934,Corrective,SPINDLE-SEIZURE,110,1647,000170000896
WO-2174642,ASSET-00934,Emergency,DIE-WEAR,345,315,000170000896
WO-2174643,ASSET-00934,Preventive,,0,,000170000896
WO-2174644,ASSET-00935,Emergency,MOTOR-BURNOUT,234,1326,000170000897
WO-2174645,ASSET-00935,Preventive,,0,,000170000897
WO-2174646,ASSET-00935,Preventive,,0,,000170000897
WO-2174647,ASSET-00935,Preventive,,0,,000170000897
WO-2174648,ASSET-00935,Corrective,SPINDLE-SEIZURE,32,1310,000170000897
WO-2174649,ASSET-00935,Emergency,SPINDLE-SEIZURE,404,1618,000170000897
WO-2174650,ASSET-00935,Corrective,SENSOR-FAULT,163,314,000170000897
WO-2174651,ASSET-00936,Corrective,BEARING-FAILURE,197,1158,000170000898
WO-2174652,ASSET-00936,Corrective,HYDRAULIC-LEAK,67,1321,000170000898
WO-2174653,ASSET-00936,Preventive,,0,,000170000898
WO-2174654,ASSET-00936,Preventive,,0,,000170000898
WO-2174655,ASSET-00936,Preventive,,0,,000170000898
WO-2174656,ASSET-00936,Preventive,,0,,000170000898
WO-2174657,ASSET-00936,Emergency,PNEUMATIC-LEAK,91,1406,000170000898
WO-2174658,ASSET-00936,Preventive,,0,,000170000898
WO-2174659,ASSET-00937,Preventive,,0,,000170000899
WO-2174660,ASSET-00937,Emergency,BELT-FAILURE,390,1406,000170000899
WO-2174661,ASSET-00937,Preventive,,0,,000170000899
WO-2174662,ASSET-00937,Preventive,,0,,000170000899
WO-2174663,ASSET-00937,Emergency,BELT-FAILURE,386,1554,000170000899
WO-2174664,ASSET-00938,Preventive,,0,,000170000900
WO-2174665,ASSET-00938,Corrective,PNEUMATIC-LEAK,83,1085,000170000900
WO-2174666,ASSET-00938,Preventive,,0,,000170000900
WO-2174667,ASSET-00938,Corrective,CALIBRATION-DRIFT,83,525,000170000900
WO-2174668,ASSET-00938,Corrective,CONTROLLER-FAULT,137,229,000170000900
WO-2174669,ASSET-00938,Emergency,BEARING-FAILURE,165,1444,000170000900
WO-2174670,ASSET-00938,Corrective,DIE-WEAR,128,1611,000170000900
WO-2174671,ASSET-00939,Preventive,,0,,000170000901
WO-2174672,ASSET-00939,Corrective,BELT-FAILURE,196,1126,000170000901
WO-2174673,ASSET-00939,Corrective,MOTOR-BURNOUT,75,215,000170000901
WO-2174674,ASSET-00939,Preventive,,0,,000170000901
WO-2174675,ASSET-00939,Corrective,HYDRAULIC-LEAK,146,1109,000170000901
WO-2174676,ASSET-00939,Corrective,DIE-WEAR,121,1845,000170000901
WO-2174677,ASSET-00940,Preventive,,0,,000170000902
WO-2174678,ASSET-00940,Preventive,,0,,000170000902
WO-2174679,ASSET-00940,Preventive,,0,,000170000902
WO-2174680,ASSET-00940,Corrective,MOTOR-BURNOUT,125,1485,000170000902
WO-2174681,ASSET-00940,Corrective,SENSOR-FAULT,62,361,000170000902
WO-2174682,ASSET-00941,Corrective,DIE-WEAR,169,1747,000170000903
WO-2174683,ASSET-00942,Preventive,,0,,000170000904
WO-2174684,ASSET-00942,Preventive,,0,,000170000904
WO-2174685,ASSET-00943,Preventive,,0,,000170000905
WO-2174686,ASSET-00943,Preventive,,0,,000170000905
WO-2174687,ASSET-00943,Preventive,,0,,000170000905
WO-2174688,ASSET-00943,Preventive,,0,,000170000905
WO-2174689,ASSET-00943,Corrective,BELT-FAILURE,34,747,000170000905
WO-2174690,ASSET-00943,Preventive,,0,,000170000905
WO-2174691,ASSET-00944,Preventive,,0,,000170000906
WO-2174692,ASSET-00944,Emergency,PNEUMATIC-LEAK,114,783,000170000906
WO-2174693,ASSET-00944,Corrective,PNEUMATIC-LEAK,79,1080,000170000906
WO-2174694,ASSET-00946,Corrective,CONTROLLER-FAULT,201,1794,000170000908
WO-2174695,ASSET-00946,Preventive,,0,,000170000908
WO-2174696,ASSET-00946,Preventive,,0,,000170000908
WO-2174697,ASSET-00947,Preventive,,0,,000170000909
WO-2174698,ASSET-00947,Preventive,,0,,000170000909
WO-2174699,ASSET-00947,Corrective,BELT-FAILURE,76,618,000170000909
WO-2174700,ASSET-00947,Preventive,,0,,000170000909
WO-2174701,ASSET-00947,Preventive,,0,,000170000909
WO-2174702,ASSET-00947,Corrective,SENSOR-FAULT,201,1558,000170000909
WO-2174703,ASSET-00947,Corrective,PNEUMATIC-LEAK,188,478,000170000909
WO-2174704,ASSET-00947,Preventive,,0,,000170000909
WO-2174705,ASSET-00947,Emergency,PNEUMATIC-LEAK,282,515,000170000909
WO-2174706,ASSET-00947,Preventive,,0,,000170000909
WO-2174707,ASSET-00948,Preventive,,0,,000170000910
WO-2174708,ASSET-00948,Preventive,,0,,000170000910
WO-2174709,ASSET-00948,Corrective,SPINDLE-SEIZURE,185,208,000170000910
WO-2174710,ASSET-00949,Corrective,PNEUMATIC-LEAK,228,757,000170000911
WO-2174711,ASSET-00949,Preventive,,0,,000170000911
WO-2174712,ASSET-00949,Emergency,SENSOR-FAULT,312,980,000170000911
WO-2174713,ASSET-00949,Preventive,,0,,000170000911
WO-2174714,ASSET-00950,Emergency,BEARING-FAILURE,303,245,000170000912
WO-2174715,ASSET-00950,Emergency,CONTROLLER-FAULT,254,823,000170000912
WO-2174716,ASSET-00950,Preventive,,0,,000170000912
WO-2174717,ASSET-00950,Preventive,,0,,000170000912
WO-2174718,ASSET-00950,Preventive,,0,,000170000912
WO-2174719,ASSET-00950,Preventive,,0,,000170000912
WO-2174720,ASSET-00950,Corrective,HYDRAULIC-LEAK,217,1908,000170000912
WO-2174721,ASSET-00950,Preventive,,0,,000170000912
WO-2174722,ASSET-00951,Preventive,,0,,000170000913
WO-2174723,ASSET-00951,Preventive,,0,,000170000913
WO-2174724,ASSET-00951,Preventive,,0,,000170000913
WO-2174725,ASSET-00951,Preventive,,0,,000170000913
WO-2174726,ASSET-00951,Preventive,,0,,000170000913
WO-2174727,ASSET-00951,Corrective,DIE-WEAR,157,1991,000170000913
WO-2174728,ASSET-00951,Corrective,SPINDLE-SEIZURE,142,1721,000170000913
WO-2174729,ASSET-00952,Preventive,,0,,000170000914
WO-2174730,ASSET-00952,Preventive,,0,,000170000914
WO-2174731,ASSET-00953,Corrective,BELT-FAILURE,69,1966,000170000915
WO-2174732,ASSET-00953,Corrective,SENSOR-FAULT,49,884,000170000915
WO-2174733,ASSET-00953,Preventive,,0,,000170000915
WO-2174734,ASSET-00953,Preventive,,0,,000170000915
WO-2174735,ASSET-00953,Preventive,,0,,000170000915
WO-2174736,ASSET-00953,Preventive,,0,,000170000915
WO-2174737,ASSET-00953,Corrective,HYDRAULIC-LEAK,117,427,000170000915
WO-2174738,ASSET-00953,Preventive,,0,,000170000915
WO-2174739,ASSET-00954,Preventive,,0,,000170000916
WO-2174740,ASSET-00954,Preventive,,0,,000170000916
WO-2174741,ASSET-00954,Corrective,SENSOR-FAULT,105,477,000170000916
WO-2174742,ASSET-00954,Corrective,HYDRAULIC-LEAK,166,265,000170000916
WO-2174743,ASSET-00954,Emergency,PNEUMATIC-LEAK,176,1621,000170000916
WO-2174744,ASSET-00954,Corrective,CALIBRATION-DRIFT,208,1582,000170000916
WO-2174745,ASSET-00954,Preventive,,0,,000170000916
WO-2174746,ASSET-00955,Corrective,BEARING-FAILURE,169,1940,000170000917
WO-2174747,ASSET-00955,Preventive,,0,,000170000917
WO-2174748,ASSET-00955,Emergency,PNEUMATIC-LEAK,208,1712,000170000917
WO-2174749,ASSET-00955,Emergency,DIE-WEAR,583,1228,000170000917
WO-2174750,ASSET-00956,Corrective,MOTOR-BURNOUT,200,1993,000170000918
WO-2174751,ASSET-00956,Preventive,,0,,000170000918
WO-2174752,ASSET-00956,Preventive,,0,,000170000918
WO-2174753,ASSET-00956,Corrective,PNEUMATIC-LEAK,44,1844,000170000918
WO-2174754,ASSET-00956,Preventive,,0,,000170000918
WO-2174755,ASSET-00956,Preventive,,0,,000170000918
WO-2174756,ASSET-00957,Preventive,,0,,000170000919
WO-2174757,ASSET-00957,Preventive,,0,,000170000919
WO-2174758,ASSET-00957,Corrective,SENSOR-FAULT,173,1989,000170000919
WO-2174759,ASSET-00957,Preventive,,0,,000170000919
WO-2174760,ASSET-00958,Preventive,,0,,000170000920
WO-2174761,ASSET-00958,Corrective,CONTROLLER-FAULT,46,1727,000170000920
WO-2174762,ASSET-00958,Preventive,,0,,000170000920
WO-2174763,ASSET-00958,Preventive,,0,,000170000920
WO-2174764,ASSET-00958,Corrective,HYDRAULIC-LEAK,197,1793,000170000920
WO-2174765,ASSET-00959,Corrective,MOTOR-BURNOUT,143,473,000170000921
WO-2174766,ASSET-00959,Preventive,,0,,000170000921
WO-2174767,ASSET-00959,Preventive,,0,,000170000921
WO-2174768,ASSET-00959,Preventive,,0,,000170000921
WO-2174769,ASSET-00959,Corrective,CONTROLLER-FAULT,31,285,000170000921
WO-2174770,ASSET-00959,Preventive,,0,,000170000921
WO-2174771,ASSET-00959,Emergency,BELT-FAILURE,156,1698,000170000921
WO-2174772,ASSET-00959,Preventive,,0,,000170000921
WO-2174773,ASSET-00960,Preventive,,0,,000170000923
WO-2174774,ASSET-00960,Preventive,,0,,000170000923
WO-2174775,ASSET-00960,Corrective,MOTOR-BURNOUT,51,820,000170000923
WO-2174776,ASSET-00960,Preventive,,0,,000170000923
WO-2174777,ASSET-00961,Corrective,BELT-FAILURE,136,1696,000170000924
WO-2174778,ASSET-00961,Preventive,,0,,000170000924
WO-2174779,ASSET-00962,Emergency,PNEUMATIC-LEAK,216,992,000170000925
WO-2174780,ASSET-00962,Preventive,,0,,000170000925
WO-2174781,ASSET-00962,Preventive,,0,,000170000925
WO-2174782,ASSET-00962,Preventive,,0,,000170000925
WO-2174783,ASSET-00963,Emergency,CONTROLLER-FAULT,140,1038,000170000926
WO-2174784,ASSET-00963,Emergency,HYDRAULIC-LEAK,285,1269,000170000926
WO-2174785,ASSET-00963,Corrective,CONTROLLER-FAULT,192,1433,000170000926
WO-2174786,ASSET-00963,Preventive,,0,,000170000926
WO-2174787,ASSET-00964,Emergency,BEARING-FAILURE,148,857,000170000927
WO-2174788,ASSET-00964,Preventive,,0,,000170000927
WO-2174789,ASSET-00964,Corrective,DIE-WEAR,236,903,000170000927
WO-2174790,ASSET-00964,Corrective,CONTROLLER-FAULT,132,1034,000170000927
WO-2174791,ASSET-00965,Corrective,PNEUMATIC-LEAK,206,1088,000170000928
WO-2174792,ASSET-00965,Corrective,PNEUMATIC-LEAK,162,1392,000170000928
WO-2174793,ASSET-00965,Emergency,HYDRAULIC-LEAK,467,1719,000170000928
WO-2174794,ASSET-00965,Preventive,,0,,000170000928
WO-2174795,ASSET-00966,Preventive,,0,,000170000929
WO-2174796,ASSET-00966,Preventive,,0,,000170000929
WO-2174797,ASSET-00967,Preventive,,0,,000170000930
WO-2174798,ASSET-00967,Preventive,,0,,000170000930
WO-2174799,ASSET-00968,Emergency,DIE-WEAR,420,1152,000170000931
WO-2174800,ASSET-00968,Preventive,,0,,000170000931
WO-2174801,ASSET-00969,Corrective,DIE-WEAR,178,1872,000170000933
WO-2174802,ASSET-00969,Preventive,,0,,000170000933
WO-2174803,ASSET-00969,Preventive,,0,,000170000933
WO-2174804,ASSET-00969,Corrective,SENSOR-FAULT,146,670,000170000933
WO-2174805,ASSET-00970,Corrective,CALIBRATION-DRIFT,142,1259,000170000934
WO-2174806,ASSET-00970,Preventive,,0,,000170000934
WO-2174807,ASSET-00970,Corrective,HYDRAULIC-LEAK,179,346,000170000934
WO-2174808,ASSET-00970,Emergency,SENSOR-FAULT,469,294,000170000934
WO-2174809,ASSET-00970,Preventive,,0,,000170000934
WO-2174810,ASSET-00970,Preventive,,0,,000170000934
WO-2174811,ASSET-00970,Corrective,SENSOR-FAULT,230,1293,000170000934
WO-2174812,ASSET-00970,Preventive,,0,,000170000934
WO-2174813,ASSET-00971,Corrective,BEARING-FAILURE,194,521,000170000935
WO-2174814,ASSET-00971,Corrective,CALIBRATION-DRIFT,138,718,000170000935
WO-2174815,ASSET-00971,Corrective,CONTROLLER-FAULT,118,514,000170000935
WO-2174816,ASSET-00972,Preventive,,0,,000170000936
WO-2174817,ASSET-00973,Preventive,,0,,000170000938
WO-2174818,ASSET-00974,Emergency,PNEUMATIC-LEAK,530,664,000170000939
WO-2174819,ASSET-00974,Preventive,,0,,000170000939
WO-2174820,ASSET-00974,Corrective,MOTOR-BURNOUT,161,1643,000170000939
WO-2174821,ASSET-00974,Preventive,,0,,000170000939
WO-2174822,ASSET-00975,Preventive,,0,,000170000940
WO-2174823,ASSET-00975,Emergency,BELT-FAILURE,499,614,000170000940
WO-2174824,ASSET-00975,Corrective,PNEUMATIC-LEAK,177,1186,000170000940
WO-2174825,ASSET-00975,Preventive,,0,,000170000940
WO-2174826,ASSET-00976,Emergency,SPINDLE-SEIZURE,506,1311,000170000941
WO-2174827,ASSET-00976,Preventive,,0,,000170000941
WO-2174828,ASSET-00976,Preventive,,0,,000170000941
WO-2174829,ASSET-00977,Corrective,SPINDLE-SEIZURE,111,1865,000170000942
WO-2174830,ASSET-00977,Preventive,,0,,000170000942
WO-2174831,ASSET-00977,Preventive,,0,,000170000942
WO-2174832,ASSET-00977,Emergency,MOTOR-BURNOUT,86,1474,000170000942
WO-2174833,ASSET-00977,Preventive,,0,,000170000942
WO-2174834,ASSET-00977,Corrective,CONTROLLER-FAULT,136,474,000170000942
WO-2174835,ASSET-00977,Preventive,,0,,000170000942
WO-2174836,ASSET-00978,Corrective,SENSOR-FAULT,229,1952,000170000943
WO-2174837,ASSET-00978,Preventive,,0,,000170000943
WO-2174838,ASSET-00978,Preventive,,0,,000170000943
WO-2174839,ASSET-00978,Preventive,,0,,000170000943
WO-2174840,ASSET-00978,Emergency,PNEUMATIC-LEAK,600,286,000170000943
WO-2174841,ASSET-00978,Corrective,CONTROLLER-FAULT,207,1464,000170000943
WO-2174842,ASSET-00978,Corrective,HYDRAULIC-LEAK,193,1833,000170000943
WO-2174843,ASSET-00979,Corrective,PNEUMATIC-LEAK,88,295,000170000944
WO-2174844,ASSET-00979,Corrective,SENSOR-FAULT,221,1642,000170000944
WO-2174845,ASSET-00979,Corrective,PNEUMATIC-LEAK,139,1198,000170000944
WO-2174846,ASSET-00980,Emergency,PNEUMATIC-LEAK,519,294,000170000945
WO-2174847,ASSET-00980,Corrective,CONTROLLER-FAULT,119,394,000170000945
WO-2174848,ASSET-00980,Corrective,SENSOR-FAULT,63,1770,000170000945
WO-2174849,ASSET-00981,Preventive,,0,,000170000946
WO-2174850,ASSET-00981,Corrective,BEARING-FAILURE,225,438,000170000946
WO-2174851,ASSET-00981,Preventive,,0,,000170000946
WO-2174852,ASSET-00981,Corrective,SENSOR-FAULT,114,267,000170000946
WO-2174853,ASSET-00982,Corrective,BEARING-FAILURE,196,1935,000170000947
WO-2174854,ASSET-00982,Emergency,SENSOR-FAULT,61,504,000170000947
WO-2174855,ASSET-00983,Preventive,,0,,000170000948
WO-2174856,ASSET-00983,Emergency,BELT-FAILURE,265,225,000170000948
WO-2174857,ASSET-00983,Preventive,,0,,000170000948
WO-2174858,ASSET-00983,Corrective,MOTOR-BURNOUT,223,1333,000170000948
WO-2174859,ASSET-00983,Preventive,,0,,000170000948
WO-2174860,ASSET-00984,Corrective,BELT-FAILURE,124,1858,000170000949
WO-2174861,ASSET-00984,Preventive,,0,,000170000949
WO-2174862,ASSET-00984,Preventive,,0,,000170000949
WO-2174863,ASSET-00984,Corrective,MOTOR-BURNOUT,68,721,000170000949
WO-2174864,ASSET-00984,Corrective,CALIBRATION-DRIFT,143,1534,000170000949
WO-2174865,ASSET-00984,Preventive,,0,,000170000949
WO-2174866,ASSET-00984,Emergency,SENSOR-FAULT,171,1057,000170000949
WO-2174867,ASSET-00984,Corrective,DIE-WEAR,216,1865,000170000949
WO-2174868,ASSET-00984,Emergency,BELT-FAILURE,443,1535,000170000949
WO-2174869,ASSET-00984,Preventive,,0,,000170000949
WO-2174870,ASSET-00985,Corrective,MOTOR-BURNOUT,215,955,000170000950
WO-2174871,ASSET-00985,Emergency,MOTOR-BURNOUT,525,369,000170000950
WO-2174872,ASSET-00985,Preventive,,0,,000170000950
WO-2174873,ASSET-00985,Emergency,SENSOR-FAULT,565,1702,000170000950
WO-2174874,ASSET-00985,Preventive,,0,,000170000950
WO-2174875,ASSET-00985,Emergency,PNEUMATIC-LEAK,329,1131,000170000950
WO-2174876,ASSET-00986,Corrective,PNEUMATIC-LEAK,108,665,000170000951
WO-2174877,ASSET-00986,Preventive,,0,,000170000951
WO-2174878,ASSET-00986,Emergency,CONTROLLER-FAULT,283,743,000170000951
WO-2174879,ASSET-00986,Corrective,DIE-WEAR,231,862,000170000951
WO-2174880,ASSET-00987,Corrective,PNEUMATIC-LEAK,93,1713,000170000952
WO-2174881,ASSET-00987,Corrective,DIE-WEAR,208,901,000170000952
WO-2174882,ASSET-00987,Preventive,,0,,000170000952
WO-2174883,ASSET-00987,Preventive,,0,,000170000952
WO-2174884,ASSET-00987,Corrective,SPINDLE-SEIZURE,96,1460,000170000952
WO-2174885,ASSET-00987,Corrective,SPINDLE-SEIZURE,123,1603,000170000952
WO-2174886,ASSET-00988,Preventive,,0,,000170000953
WO-2174887,ASSET-00988,Preventive,,0,,000170000953
WO-2174888,ASSET-00988,Corrective,HYDRAULIC-LEAK,238,1182,000170000953
WO-2174889,ASSET-00988,Emergency,SENSOR-FAULT,219,410,000170000953
WO-2174890,ASSET-00988,Corrective,CALIBRATION-DRIFT,67,392,000170000953
WO-2174891,ASSET-00988,Corrective,PNEUMATIC-LEAK,125,1018,000170000953
WO-2174892,ASSET-00989,Corrective,PNEUMATIC-LEAK,104,369,000170000954
WO-2174893,ASSET-00989,Corrective,BELT-FAILURE,230,1517,000170000954
WO-2174894,ASSET-00989,Corrective,DIE-WEAR,166,891,000170000954
WO-2174895,ASSET-00989,Preventive,,0,,000170000954
WO-2174896,ASSET-00989,Preventive,,0,,000170000954
WO-2174897,ASSET-00990,Preventive,,0,,000170000955
WO-2174898,ASSET-00990,Preventive,,0,,000170000955
WO-2174899,ASSET-00990,Emergency,BELT-FAILURE,92,702,000170000955
WO-2174900,ASSET-00991,Preventive,,0,,000170000956
WO-2174901,ASSET-00991,Emergency,PNEUMATIC-LEAK,398,750,000170000956
WO-2174902,ASSET-00991,Preventive,,0,,000170000956
WO-2174903,ASSET-00991,Preventive,,0,,000170000956
WO-2174904,ASSET-00991,Preventive,,0,,000170000956
WO-2174905,ASSET-00991,Corrective,DIE-WEAR,129,1820,000170000956
WO-2174906,ASSET-00992,Corrective,BEARING-FAILURE,148,292,000170000957
WO-2174907,ASSET-00992,Corrective,PNEUMATIC-LEAK,197,1489,000170000957
WO-2174908,ASSET-00992,Corrective,BEARING-FAILURE,82,1322,000170000957
WO-2174909,ASSET-00992,Corrective,DIE-WEAR,105,924,000170000957
WO-2174910,ASSET-00992,Preventive,,0,,000170000957
WO-2174911,ASSET-00992,Preventive,,0,,000170000957
WO-2174912,ASSET-00993,Preventive,,0,,000170000958
WO-2174913,ASSET-00993,Corrective,HYDRAULIC-LEAK,129,601,000170000958
WO-2174914,ASSET-00993,Emergency,PNEUMATIC-LEAK,560,383,000170000958
WO-2174915,ASSET-00993,Preventive,,0,,000170000958
WO-2174916,ASSET-00993,Preventive,,0,,000170000958
WO-2174917,ASSET-00994,Preventive,,0,,000170000959
WO-2174918,ASSET-00994,Corrective,CALIBRATION-DRIFT,110,1424,000170000959
WO-2174919,ASSET-00995,Corrective,BEARING-FAILURE,72,317,000170000960
WO-2174920,ASSET-00995,Corrective,MOTOR-BURNOUT,193,1556,000170000960
WO-2174921,ASSET-00995,Corrective,CALIBRATION-DRIFT,230,1630,000170000960
WO-2174922,ASSET-00995,Preventive,,0,,000170000960
WO-2174923,ASSET-00995,Corrective,BEARING-FAILURE,117,607,000170000960
WO-2174924,ASSET-00995,Preventive,,0,,000170000960
WO-2174925,ASSET-00995,Preventive,,0,,000170000960
WO-2174926,ASSET-00996,Preventive,,0,,000170000961
WO-2174927,ASSET-00996,Corrective,PNEUMATIC-LEAK,153,1383,000170000961
WO-2174928,ASSET-00996,Preventive,,0,,000170000961
WO-2174929,ASSET-00996,Preventive,,0,,000170000961
WO-2174930,ASSET-00996,Preventive,,0,,000170000961
WO-2174931,ASSET-00996,Corrective,MOTOR-BURNOUT,125,1923,000170000961
WO-2174932,ASSET-00996,Corrective,BELT-FAILURE,147,733,000170000961
WO-2174933,ASSET-00997,Preventive,,0,,000170000962
WO-2174934,ASSET-00997,Preventive,,0,,000170000962
WO-2174935,ASSET-00998,Preventive,,0,,000170000963
WO-2174936,ASSET-00998,Preventive,,0,,000170000963
WO-2174937,ASSET-00998,Preventive,,0,,000170000963
WO-2174938,ASSET-00998,Preventive,,0,,000170000963
WO-2174939,ASSET-00998,Corrective,BELT-FAILURE,86,425,000170000963
WO-2174940,ASSET-00999,Preventive,,0,,000170000964
WO-2174941,ASSET-00999,Preventive,,0,,000170000964
WO-2174942,ASSET-00999,Corrective,PNEUMATIC-LEAK,166,1348,000170000964
WO-2174943,ASSET-00999,Preventive,,0,,000170000964
WO-2174944,ASSET-01000,Preventive,,0,,000170000966
WO-2174945,ASSET-01000,Preventive,,0,,000170000966
WO-2174946,ASSET-01000,Emergency,SENSOR-FAULT,306,336,000170000966
WO-2174947,ASSET-01000,Emergency,SENSOR-FAULT,165,1631,000170000966
WO-2174948,ASSET-01000,Preventive,,0,,000170000966
WO-2174949,ASSET-01001,Corrective,DIE-WEAR,229,449,000170000967
WO-2174950,ASSET-01001,Corrective,DIE-WEAR,68,773,000170000967
WO-2174951,ASSET-01001,Emergency,BELT-FAILURE,176,964,000170000967
WO-2174952,ASSET-01001,Emergency,MOTOR-BURNOUT,259,426,000170000967
WO-2174953,ASSET-01001,Preventive,,0,,000170000967
WO-2174954,ASSET-01001,Preventive,,0,,000170000967
WO-2174955,ASSET-01002,Preventive,,0,,000170000968
WO-2174956,ASSET-01002,Corrective,BELT-FAILURE,201,1313,000170000968
WO-2174957,ASSET-01002,Preventive,,0,,000170000968
WO-2174958,ASSET-01003,Corrective,CONTROLLER-FAULT,63,305,000170000969
WO-2174959,ASSET-01003,Preventive,,0,,000170000969
WO-2174960,ASSET-01003,Preventive,,0,,000170000969
WO-2174961,ASSET-01004,Preventive,,0,,000170000970
WO-2174962,ASSET-01004,Corrective,BEARING-FAILURE,45,1779,000170000970
WO-2174963,ASSET-01004,Corrective,BEARING-FAILURE,38,1675,000170000970
WO-2174964,ASSET-01004,Emergency,MOTOR-BURNOUT,259,944,000170000970
WO-2174965,ASSET-01004,Corrective,SENSOR-FAULT,200,1387,000170000970
WO-2174966,ASSET-01004,Preventive,,0,,000170000970
WO-2174967,ASSET-01005,Preventive,,0,,000170000971
WO-2174968,ASSET-01005,Preventive,,0,,000170000971
WO-2174969,ASSET-01005,Preventive,,0,,000170000971
WO-2174970,ASSET-01005,Preventive,,0,,000170000971
WO-2174971,ASSET-01005,Corrective,SPINDLE-SEIZURE,105,1409,000170000971
WO-2174972,ASSET-01006,Corrective,SENSOR-FAULT,65,1887,000170000972
WO-2174973,ASSET-01006,Corrective,SENSOR-FAULT,134,1914,000170000972
WO-2174974,ASSET-01006,Corrective,CALIBRATION-DRIFT,112,1820,000170000972
WO-2174975,ASSET-01007,Preventive,,0,,000170000974
WO-2174976,ASSET-01007,Preventive,,0,,000170000974
WO-2174977,ASSET-01007,Corrective,HYDRAULIC-LEAK,140,1306,000170000974
WO-2174978,ASSET-01007,Preventive,,0,,000170000974
WO-2174979,ASSET-01007,Emergency,PNEUMATIC-LEAK,296,825,000170000974
WO-2174980,ASSET-01008,Corrective,PNEUMATIC-LEAK,46,1223,000170000975
WO-2174981,ASSET-01008,Preventive,,0,,000170000975
WO-2174982,ASSET-01008,Preventive,,0,,000170000975
WO-2174983,ASSET-01008,Corrective,SENSOR-FAULT,56,1275,000170000975
WO-2174984,ASSET-01008,Preventive,,0,,000170000975
WO-2174985,ASSET-01008,Preventive,,0,,000170000975
WO-2174986,ASSET-01008,Preventive,,0,,000170000975
WO-2174987,ASSET-01008,Emergency,MOTOR-BURNOUT,370,1771,000170000975
WO-2174988,ASSET-01009,Corrective,BELT-FAILURE,203,483,000170000976
WO-2174989,ASSET-01009,Corrective,MOTOR-BURNOUT,102,866,000170000976
WO-2174990,ASSET-01009,Preventive,,0,,000170000976
WO-2174991,ASSET-01009,Corrective,BELT-FAILURE,187,673,000170000976
WO-2174992,ASSET-01009,Preventive,,0,,000170000976
WO-2174993,ASSET-01009,Preventive,,0,,000170000976
WO-2174994,ASSET-01009,Preventive,,0,,000170000976
WO-2174995,ASSET-01010,Emergency,PNEUMATIC-LEAK,235,1849,000170000977
WO-2174996,ASSET-01010,Corrective,DIE-WEAR,207,1610,000170000977
WO-2174997,ASSET-01010,Preventive,,0,,000170000977
WO-2174998,ASSET-01010,Corrective,DIE-WEAR,55,718,000170000977
WO-2174999,ASSET-01011,Corrective,PNEUMATIC-LEAK,219,1141,000170000978
WO-2175000,ASSET-01011,Preventive,,0,,000170000978
WO-2175001,ASSET-01011,Emergency,CALIBRATION-DRIFT,333,856,000170000978
WO-2175002,ASSET-01011,Emergency,PNEUMATIC-LEAK,511,406,000170000978
WO-2175003,ASSET-01011,Preventive,,0,,000170000978
WO-2175004,ASSET-01011,Corrective,HYDRAULIC-LEAK,33,644,000170000978
WO-2175005,ASSET-01012,Preventive,,0,,000170000979
WO-2175006,ASSET-01013,Preventive,,0,,000170000980
WO-2175007,ASSET-01013,Preventive,,0,,000170000980
WO-2175008,ASSET-01013,Preventive,,0,,000170000980
WO-2175009,ASSET-01013,Emergency,CONTROLLER-FAULT,194,328,000170000980
WO-2175010,ASSET-01013,Preventive,,0,,000170000980
WO-2175011,ASSET-01014,Corrective,SENSOR-FAULT,65,906,000170000981
WO-2175012,ASSET-01014,Corrective,BEARING-FAILURE,86,1491,000170000981
WO-2175013,ASSET-01014,Corrective,MOTOR-BURNOUT,149,1659,000170000981
WO-2175014,ASSET-01014,Preventive,,0,,000170000981
WO-2175015,ASSET-01015,Preventive,,0,,000170000982
WO-2175016,ASSET-01015,Corrective,CONTROLLER-FAULT,87,1730,000170000982
WO-2175017,ASSET-01015,Preventive,,0,,000170000982
WO-2175018,ASSET-01015,Preventive,,0,,000170000982
WO-2175019,ASSET-01015,Preventive,,0,,000170000982
WO-2175020,ASSET-01015,Corrective,MOTOR-BURNOUT,176,724,000170000982
WO-2175021,ASSET-01015,Preventive,,0,,000170000982
WO-2175022,ASSET-01015,Preventive,,0,,000170000982
WO-2175023,ASSET-01016,Corrective,CONTROLLER-FAULT,62,573,000170000983
WO-2175024,ASSET-01016,Preventive,,0,,000170000983
WO-2175025,ASSET-01016,Corrective,HYDRAULIC-LEAK,222,1433,000170000983
WO-2175026,ASSET-01016,Emergency,HYDRAULIC-LEAK,201,380,000170000983
WO-2175027,ASSET-01017,Preventive,,0,,000170000984
WO-2175028,ASSET-01017,Corrective,BELT-FAILURE,233,779,000170000984
WO-2175029,ASSET-01017,Preventive,,0,,000170000984
WO-2175030,ASSET-01017,Preventive,,0,,000170000984
WO-2175031,ASSET-01017,Preventive,,0,,000170000984
WO-2175032,ASSET-01017,Preventive,,0,,000170000984
WO-2175033,ASSET-01018,Corrective,MOTOR-BURNOUT,77,837,000170000985
WO-2175034,ASSET-01018,Corrective,HYDRAULIC-LEAK,236,328,000170000985
WO-2175035,ASSET-01018,Preventive,,0,,000170000985
WO-2175036,ASSET-01018,Preventive,,0,,000170000985
WO-2175037,ASSET-01018,Corrective,DIE-WEAR,48,581,000170000985
WO-2175038,ASSET-01019,Preventive,,0,,000170000986
WO-2175039,ASSET-01019,Corrective,MOTOR-BURNOUT,57,1279,000170000986
WO-2175040,ASSET-01019,Preventive,,0,,000170000986
WO-2175041,ASSET-01019,Corrective,HYDRAULIC-LEAK,183,1874,000170000986
WO-2175042,ASSET-01019,Preventive,,0,,000170000986
WO-2175043,ASSET-01019,Preventive,,0,,000170000986
WO-2175044,ASSET-01019,Preventive,,0,,000170000986
WO-2175045,ASSET-01020,Preventive,,0,,000170000987
WO-2175046,ASSET-01020,Preventive,,0,,000170000987
WO-2175047,ASSET-01020,Preventive,,0,,000170000987
WO-2175048,ASSET-01020,Preventive,,0,,000170000987
WO-2175049,ASSET-01020,Preventive,,0,,000170000987
WO-2175050,ASSET-01020,Preventive,,0,,000170000987
WO-2175051,ASSET-01021,Preventive,,0,,000170000988
WO-2175052,ASSET-01021,Corrective,CONTROLLER-FAULT,142,1249,000170000988
WO-2175053,ASSET-01022,Corrective,HYDRAULIC-LEAK,70,804,000170000989
WO-2175054,ASSET-01022,Corrective,SENSOR-FAULT,126,685,000170000989
WO-2175055,ASSET-01022,Preventive,,0,,000170000989
WO-2175056,ASSET-01023,Corrective,BEARING-FAILURE,209,1978,000170000990
WO-2175057,ASSET-01023,Corrective,CALIBRATION-DRIFT,156,944,000170000990
WO-2175058,ASSET-01023,Corrective,DIE-WEAR,159,821,000170000990
WO-2175059,ASSET-01023,Preventive,,0,,000170000990
WO-2175060,ASSET-01023,Preventive,,0,,000170000990
WO-2175061,ASSET-01024,Corrective,CALIBRATION-DRIFT,82,1030,000170000991
WO-2175062,ASSET-01024,Emergency,MOTOR-BURNOUT,234,292,000170000991
WO-2175063,ASSET-01024,Corrective,PNEUMATIC-LEAK,36,1109,000170000991
WO-2175064,ASSET-01024,Preventive,,0,,000170000991
WO-2175065,ASSET-01025,Corrective,SPINDLE-SEIZURE,64,1058,000170000992
WO-2175066,ASSET-01025,Corrective,CALIBRATION-DRIFT,229,1457,000170000992
WO-2175067,ASSET-01025,Preventive,,0,,000170000992
WO-2175068,ASSET-01025,Corrective,PNEUMATIC-LEAK,82,362,000170000992
WO-2175069,ASSET-01026,Corrective,MOTOR-BURNOUT,116,1986,000170000993
WO-2175070,ASSET-01026,Corrective,HYDRAULIC-LEAK,98,772,000170000993
WO-2175071,ASSET-01026,Corrective,BELT-FAILURE,70,493,000170000993
WO-2175072,ASSET-01026,Preventive,,0,,000170000993
WO-2175073,ASSET-01027,Preventive,,0,,000170000994
WO-2175074,ASSET-01027,Preventive,,0,,000170000994
WO-2175075,ASSET-01027,Preventive,,0,,000170000994
WO-2175076,ASSET-01027,Emergency,BEARING-FAILURE,250,738,000170000994
WO-2175077,ASSET-01027,Preventive,,0,,000170000994
WO-2175078,ASSET-01028,Preventive,,0,,000170000995
WO-2175079,ASSET-01028,Corrective,PNEUMATIC-LEAK,236,1187,000170000995
WO-2175080,ASSET-01028,Preventive,,0,,000170000995
WO-2175081,ASSET-01028,Corrective,CONTROLLER-FAULT,208,1288,000170000995
WO-2175082,ASSET-01028,Preventive,,0,,000170000995
WO-2175083,ASSET-01028,Preventive,,0,,000170000995
WO-2175084,ASSET-01029,Preventive,,0,,000170000996
WO-2175085,ASSET-01029,Preventive,,0,,000170000996
WO-2175086,ASSET-01029,Preventive,,0,,000170000996
WO-2175087,ASSET-01029,Preventive,,0,,000170000996
WO-2175088,ASSET-01029,Corrective,DIE-WEAR,36,899,000170000996
WO-2175089,ASSET-01029,Corrective,DIE-WEAR,177,1404,000170000996
WO-2175090,ASSET-01029,Emergency,BEARING-FAILURE,297,445,000170000996
WO-2175091,ASSET-01029,Corrective,CALIBRATION-DRIFT,194,487,000170000996
WO-2175092,ASSET-01030,Corrective,DIE-WEAR,194,1661,000170000997
WO-2175093,ASSET-01030,Preventive,,0,,000170000997
WO-2175094,ASSET-01030,Preventive,,0,,000170000997
WO-2175095,ASSET-01030,Preventive,,0,,000170000997
WO-2175096,ASSET-01031,Preventive,,0,,000170000998
WO-2175097,ASSET-01031,Corrective,SENSOR-FAULT,209,583,000170000998
WO-2175098,ASSET-01031,Emergency,BELT-FAILURE,529,1892,000170000998
WO-2175099,ASSET-01031,Preventive,,0,,000170000998
WO-2175100,ASSET-01031,Preventive,,0,,000170000998
WO-2175101,ASSET-01031,Corrective,SPINDLE-SEIZURE,118,866,000170000998
WO-2175102,ASSET-01031,Preventive,,0,,000170000998
WO-2175103,ASSET-01031,Preventive,,0,,000170000998
WO-2175104,ASSET-01031,Emergency,CONTROLLER-FAULT,126,1409,000170000998
WO-2175105,ASSET-01032,Corrective,SENSOR-FAULT,62,1706,000170000999
WO-2175106,ASSET-01032,Preventive,,0,,000170000999
WO-2175107,ASSET-01032,Corrective,DIE-WEAR,231,1749,000170000999
WO-2175108,ASSET-01032,Emergency,HYDRAULIC-LEAK,333,537,000170000999
WO-2175109,ASSET-01032,Corrective,BEARING-FAILURE,62,1361,000170000999
WO-2175110,ASSET-01033,Preventive,,0,,000170001000
WO-2175111,ASSET-01033,Preventive,,0,,000170001000
WO-2175112,ASSET-01033,Preventive,,0,,000170001000
WO-2175113,ASSET-01033,Preventive,,0,,000170001000
WO-2175114,ASSET-01033,Preventive,,0,,000170001000
WO-2175115,ASSET-01033,Corrective,SPINDLE-SEIZURE,58,758,000170001000
WO-2175116,ASSET-01033,Corrective,CALIBRATION-DRIFT,220,1320,000170001000
WO-2175117,ASSET-01033,Preventive,,0,,000170001000
WO-2175118,ASSET-01034,Preventive,,0,,000170001001
WO-2175119,ASSET-01034,Preventive,,0,,000170001001
WO-2175120,ASSET-01034,Preventive,,0,,000170001001
WO-2175121,ASSET-01034,Preventive,,0,,000170001001
WO-2175122,ASSET-01034,Corrective,HYDRAULIC-LEAK,145,1199,000170001001
WO-2175123,ASSET-01034,Preventive,,0,,000170001001
WO-2175124,ASSET-01035,Corrective,SPINDLE-SEIZURE,184,1573,000170001002
WO-2175125,ASSET-01035,Preventive,,0,,000170001002
WO-2175126,ASSET-01035,Preventive,,0,,000170001002
WO-2175127,ASSET-01036,Preventive,,0,,000170001003
WO-2175128,ASSET-01036,Corrective,PNEUMATIC-LEAK,143,217,000170001003
WO-2175129,ASSET-01036,Corrective,CONTROLLER-FAULT,148,779,000170001003
WO-2175130,ASSET-01036,Corrective,SENSOR-FAULT,66,1352,000170001003
WO-2175131,ASSET-01036,Corrective,HYDRAULIC-LEAK,103,470,000170001003
WO-2175132,ASSET-01036,Preventive,,0,,000170001003
WO-2175133,ASSET-01036,Preventive,,0,,000170001003
WO-2175134,ASSET-01037,Corrective,BELT-FAILURE,122,1572,000170001004
WO-2175135,ASSET-01037,Preventive,,0,,000170001004
WO-2175136,ASSET-01037,Preventive,,0,,000170001004
WO-2175137,ASSET-01037,Corrective,HYDRAULIC-LEAK,94,1729,000170001004
WO-2175138,ASSET-01038,Corrective,HYDRAULIC-LEAK,105,1384,000170001005
WO-2175139,ASSET-01038,Preventive,,0,,000170001005
WO-2175140,ASSET-01038,Corrective,HYDRAULIC-LEAK,224,1894,000170001005
WO-2175141,ASSET-01038,Preventive,,0,,000170001005
WO-2175142,ASSET-01038,Preventive,,0,,000170001005
WO-2175143,ASSET-01039,Corrective,SENSOR-FAULT,89,501,000170001006
WO-2175144,ASSET-01039,Preventive,,0,,000170001006
WO-2175145,ASSET-01039,Preventive,,0,,000170001006
WO-2175146,ASSET-01039,Emergency,PNEUMATIC-LEAK,169,943,000170001006
WO-2175147,ASSET-01039,Corrective,DIE-WEAR,38,1190,000170001006
WO-2175148,ASSET-01039,Preventive,,0,,000170001006
WO-2175149,ASSET-01039,Corrective,SPINDLE-SEIZURE,95,1291,000170001006
WO-2175150,ASSET-01039,Corrective,MOTOR-BURNOUT,131,1215,000170001006
WO-2175151,ASSET-01040,Corrective,DIE-WEAR,101,440,000170001007
WO-2175152,ASSET-01040,Preventive,,0,,000170001007
WO-2175153,ASSET-01041,Corrective,CALIBRATION-DRIFT,225,207,000170001008
WO-2175154,ASSET-01041,Preventive,,0,,000170001008
WO-2175155,ASSET-01041,Preventive,,0,,000170001008
WO-2175156,ASSET-01041,Preventive,,0,,000170001008
WO-2175157,ASSET-01041,Corrective,BEARING-FAILURE,190,343,000170001008
WO-2175158,ASSET-01042,Corrective,SENSOR-FAULT,75,1062,000170001009
WO-2175159,ASSET-01042,Preventive,,0,,000170001009
WO-2175160,ASSET-01042,Preventive,,0,,000170001009
WO-2175161,ASSET-01042,Preventive,,0,,000170001009
WO-2175162,ASSET-01043,Preventive,,0,,000170001010
WO-2175163,ASSET-01043,Corrective,DIE-WEAR,86,756,000170001010
WO-2175164,ASSET-01043,Corrective,BELT-FAILURE,212,1516,000170001010
WO-2175165,ASSET-01043,Preventive,,0,,000170001010
WO-2175166,ASSET-01044,Preventive,,0,,000170001011
WO-2175167,ASSET-01044,Preventive,,0,,000170001011
WO-2175168,ASSET-01045,Corrective,MOTOR-BURNOUT,183,1081,000170001012
WO-2175169,ASSET-01045,Preventive,,0,,000170001012
WO-2175170,ASSET-01045,Preventive,,0,,000170001012
WO-2175171,ASSET-01046,Corrective,MOTOR-BURNOUT,106,1280,000170001013
WO-2175172,ASSET-01046,Corrective,BELT-FAILURE,174,1144,000170001013
WO-2175173,ASSET-01046,Corrective,PNEUMATIC-LEAK,40,418,000170001013
WO-2175174,ASSET-01046,Corrective,DIE-WEAR,221,494,000170001013
WO-2175175,ASSET-01047,Corrective,BEARING-FAILURE,54,1947,000170001014
WO-2175176,ASSET-01047,Preventive,,0,,000170001014
WO-2175177,ASSET-01047,Preventive,,0,,000170001014
WO-2175178,ASSET-01047,Preventive,,0,,000170001014
WO-2175179,ASSET-01047,Preventive,,0,,000170001014
WO-2175180,ASSET-01047,Corrective,HYDRAULIC-LEAK,149,1360,000170001014
WO-2175181,ASSET-01047,Preventive,,0,,000170001014
WO-2175182,ASSET-01047,Preventive,,0,,000170001014
WO-2175183,ASSET-01047,Corrective,BEARING-FAILURE,194,1539,000170001014
WO-2175184,ASSET-01047,Preventive,,0,,000170001014
WO-2175185,ASSET-01048,Preventive,,0,,000170001015
WO-2175186,ASSET-01048,Emergency,CONTROLLER-FAULT,484,826,000170001015
WO-2175187,ASSET-01048,Corrective,CONTROLLER-FAULT,162,415,000170001015
WO-2175188,ASSET-01048,Corrective,PNEUMATIC-LEAK,90,1992,000170001015
WO-2175189,ASSET-01049,Preventive,,0,,000170001016
WO-2175190,ASSET-01049,Preventive,,0,,000170001016
WO-2175191,ASSET-01049,Preventive,,0,,000170001016
WO-2175192,ASSET-01049,Preventive,,0,,000170001016
WO-2175193,ASSET-01050,Emergency,BEARING-FAILURE,346,1589,000170001017
WO-2175194,ASSET-01050,Preventive,,0,,000170001017
WO-2175195,ASSET-01050,Preventive,,0,,000170001017
WO-2175196,ASSET-01050,Preventive,,0,,000170001017
WO-2175197,ASSET-01050,Emergency,DIE-WEAR,180,1125,000170001017
WO-2175198,ASSET-01051,Emergency,BELT-FAILURE,390,704,000170001018
WO-2175199,ASSET-01051,Preventive,,0,,000170001018
WO-2175200,ASSET-01051,Emergency,MOTOR-BURNOUT,565,1026,000170001018
WO-2175201,ASSET-01051,Corrective,HYDRAULIC-LEAK,85,238,000170001018
WO-2175202,ASSET-01051,Corrective,CONTROLLER-FAULT,124,339,000170001018
WO-2175203,ASSET-01052,Preventive,,0,,000170001019
WO-2175204,ASSET-01052,Preventive,,0,,000170001019
WO-2175205,ASSET-01052,Corrective,PNEUMATIC-LEAK,140,1270,000170001019
WO-2175206,ASSET-01053,Preventive,,0,,000170001020
WO-2175207,ASSET-01053,Corrective,HYDRAULIC-LEAK,129,1690,000170001020
WO-2175208,ASSET-01053,Corrective,BEARING-FAILURE,95,1723,000170001020
WO-2175209,ASSET-01053,Emergency,HYDRAULIC-LEAK,465,468,000170001020
WO-2175210,ASSET-01054,Emergency,HYDRAULIC-LEAK,362,1211,000170001021
WO-2175211,ASSET-01054,Preventive,,0,,000170001021
WO-2175212,ASSET-01054,Emergency,HYDRAULIC-LEAK,191,1568,000170001021
WO-2175213,ASSET-01054,Preventive,,0,,000170001021
WO-2175214,ASSET-01054,Preventive,,0,,000170001021
WO-2175215,ASSET-01054,Preventive,,0,,000170001021
WO-2175216,ASSET-01054,Preventive,,0,,000170001021
WO-2175217,ASSET-01055,Corrective,CONTROLLER-FAULT,198,1723,000170001022
WO-2175218,ASSET-01055,Corrective,PNEUMATIC-LEAK,101,1113,000170001022
WO-2175219,ASSET-01055,Preventive,,0,,000170001022
WO-2175220,ASSET-01055,Preventive,,0,,000170001022
WO-2175221,ASSET-01055,Preventive,,0,,000170001022
WO-2175222,ASSET-01056,Corrective,BELT-FAILURE,193,1083,000170001023
WO-2175223,ASSET-01056,Preventive,,0,,000170001023
WO-2175224,ASSET-01056,Preventive,,0,,000170001023
WO-2175225,ASSET-01056,Preventive,,0,,000170001023
WO-2175226,ASSET-01056,Preventive,,0,,000170001023
WO-2175227,ASSET-01056,Corrective,PNEUMATIC-LEAK,73,323,000170001023
WO-2175228,ASSET-01056,Preventive,,0,,000170001023
WO-2175229,ASSET-01057,Emergency,PNEUMATIC-LEAK,111,1463,000170001024
WO-2175230,ASSET-01057,Preventive,,0,,000170001024
WO-2175231,ASSET-01057,Preventive,,0,,000170001024
WO-2175232,ASSET-01057,Corrective,CALIBRATION-DRIFT,82,1421,000170001024
WO-2175233,ASSET-01057,Preventive,,0,,000170001024
WO-2175234,ASSET-01058,Preventive,,0,,000170001025
WO-2175235,ASSET-01058,Corrective,SENSOR-FAULT,205,409,000170001025
WO-2175236,ASSET-01058,Corrective,MOTOR-BURNOUT,66,1159,000170001025
WO-2175237,ASSET-01059,Preventive,,0,,000170001026
WO-2175238,ASSET-01059,Preventive,,0,,000170001026
WO-2175239,ASSET-01059,Preventive,,0,,000170001026
WO-2175240,ASSET-01059,Corrective,BEARING-FAILURE,234,1834,000170001026
WO-2175241,ASSET-01059,Preventive,,0,,000170001026
WO-2175242,ASSET-01059,Preventive,,0,,000170001026
WO-2175243,ASSET-01060,Preventive,,0,,000170001027
WO-2175244,ASSET-01060,Preventive,,0,,000170001027
WO-2175245,ASSET-01060,Preventive,,0,,000170001027
WO-2175246,ASSET-01060,Preventive,,0,,000170001027
WO-2175247,ASSET-01060,Preventive,,0,,000170001027
WO-2175248,ASSET-01060,Preventive,,0,,000170001027
WO-2175249,ASSET-01060,Preventive,,0,,000170001027
WO-2175250,ASSET-01060,Corrective,BELT-FAILURE,160,1624,000170001027
WO-2175251,ASSET-01061,Corrective,PNEUMATIC-LEAK,131,1621,000170001028
WO-2175252,ASSET-01061,Corrective,HYDRAULIC-LEAK,182,1391,000170001028
WO-2175253,ASSET-01062,Preventive,,0,,000170001029
WO-2175254,ASSET-01062,Preventive,,0,,000170001029
WO-2175255,ASSET-01062,Preventive,,0,,000170001029
WO-2175256,ASSET-01063,Preventive,,0,,000170001030
WO-2175257,ASSET-01063,Corrective,DIE-WEAR,56,1062,000170001030
WO-2175258,ASSET-01063,Preventive,,0,,000170001030
WO-2175259,ASSET-01063,Corrective,CONTROLLER-FAULT,117,1055,000170001030
WO-2175260,ASSET-01063,Corrective,PNEUMATIC-LEAK,61,1736,000170001030
WO-2175261,ASSET-01063,Corrective,SENSOR-FAULT,216,1727,000170001030
WO-2175262,ASSET-01064,Corrective,BELT-FAILURE,126,1145,000170001031
WO-2175263,ASSET-01064,Emergency,CALIBRATION-DRIFT,336,1353,000170001031
WO-2175264,ASSET-01064,Corrective,BEARING-FAILURE,234,915,000170001031
WO-2175265,ASSET-01064,Preventive,,0,,000170001031
WO-2175266,ASSET-01064,Corrective,HYDRAULIC-LEAK,111,1194,000170001031
WO-2175267,ASSET-01065,Preventive,,0,,000170001032
WO-2175268,ASSET-01065,Corrective,SPINDLE-SEIZURE,228,1590,000170001032
WO-2175269,ASSET-01065,Corrective,BELT-FAILURE,62,1668,000170001032
WO-2175270,ASSET-01065,Preventive,,0,,000170001032
WO-2175271,ASSET-01066,Preventive,,0,,000170001033
WO-2175272,ASSET-01066,Preventive,,0,,000170001033
WO-2175273,ASSET-01066,Preventive,,0,,000170001033
WO-2175274,ASSET-01066,Emergency,SPINDLE-SEIZURE,355,986,000170001033
WO-2175275,ASSET-01066,Preventive,,0,,000170001033
WO-2175276,ASSET-01067,Preventive,,0,,000170001035
WO-2175277,ASSET-01067,Preventive,,0,,000170001035
WO-2175278,ASSET-01067,Corrective,HYDRAULIC-LEAK,67,830,000170001035
WO-2175279,ASSET-01067,Corrective,HYDRAULIC-LEAK,171,1621,000170001035
WO-2175280,ASSET-01067,Preventive,,0,,000170001035
WO-2175281,ASSET-01067,Preventive,,0,,000170001035
WO-2175282,ASSET-01067,Corrective,SPINDLE-SEIZURE,199,1502,000170001035
WO-2175283,ASSET-01067,Preventive,,0,,000170001035
WO-2175284,ASSET-01067,Preventive,,0,,000170001035
WO-2175285,ASSET-01068,Corrective,BEARING-FAILURE,116,1027,000170001036
WO-2175286,ASSET-01068,Emergency,BEARING-FAILURE,303,707,000170001036
WO-2175287,ASSET-01068,Corrective,CALIBRATION-DRIFT,63,1122,000170001036
WO-2175288,ASSET-01068,Preventive,,0,,000170001036
WO-2175289,ASSET-01068,Preventive,,0,,000170001036
WO-2175290,ASSET-01068,Preventive,,0,,000170001036
WO-2175291,ASSET-01069,Emergency,PNEUMATIC-LEAK,504,615,000170001037
WO-2175292,ASSET-01069,Preventive,,0,,000170001037
WO-2175293,ASSET-01069,Emergency,DIE-WEAR,314,1699,000170001037
WO-2175294,ASSET-01069,Preventive,,0,,000170001037
WO-2175295,ASSET-01070,Corrective,BEARING-FAILURE,45,1711,000170001038
WO-2175296,ASSET-01070,Corrective,HYDRAULIC-LEAK,35,472,000170001038
WO-2175297,ASSET-01070,Corrective,MOTOR-BURNOUT,78,1347,000170001038
WO-2175298,ASSET-01070,Preventive,,0,,000170001038
WO-2175299,ASSET-01070,Preventive,,0,,000170001038
WO-2175300,ASSET-01070,Emergency,BELT-FAILURE,91,998,000170001038
WO-2175301,ASSET-01070,Corrective,BELT-FAILURE,223,1130,000170001038
WO-2175302,ASSET-01071,Preventive,,0,,000170001039
WO-2175303,ASSET-01071,Preventive,,0,,000170001039
WO-2175304,ASSET-01071,Preventive,,0,,000170001039
WO-2175305,ASSET-01071,Preventive,,0,,000170001039
WO-2175306,ASSET-01071,Corrective,MOTOR-BURNOUT,42,389,000170001039
WO-2175307,ASSET-01072,Corrective,PNEUMATIC-LEAK,159,239,000170001040
WO-2175308,ASSET-01072,Preventive,,0,,000170001040
WO-2175309,ASSET-01073,Corrective,PNEUMATIC-LEAK,46,1482,000170001041
WO-2175310,ASSET-01073,Preventive,,0,,000170001041
WO-2175311,ASSET-01073,Preventive,,0,,000170001041
WO-2175312,ASSET-01073,Preventive,,0,,000170001041
WO-2175313,ASSET-01073,Corrective,DIE-WEAR,141,792,000170001041
WO-2175314,ASSET-01073,Preventive,,0,,000170001041
WO-2175315,ASSET-01073,Corrective,SENSOR-FAULT,102,855,000170001041
WO-2175316,ASSET-01074,Preventive,,0,,000170001042
WO-2175317,ASSET-01074,Preventive,,0,,000170001042
WO-2175318,ASSET-01074,Preventive,,0,,000170001042
WO-2175319,ASSET-01074,Preventive,,0,,000170001042
WO-2175320,ASSET-01074,Emergency,BELT-FAILURE,119,1586,000170001042
WO-2175321,ASSET-01075,Preventive,,0,,000170001043
WO-2175322,ASSET-01075,Corrective,CONTROLLER-FAULT,89,793,000170001043
WO-2175323,ASSET-01075,Preventive,,0,,000170001043
WO-2175324,ASSET-01075,Preventive,,0,,000170001043
WO-2175325,ASSET-01075,Corrective,DIE-WEAR,175,1791,000170001043
WO-2175326,ASSET-01075,Emergency,SENSOR-FAULT,427,612,000170001043
WO-2175327,ASSET-01075,Corrective,BEARING-FAILURE,113,636,000170001043
WO-2175328,ASSET-01075,Corrective,SENSOR-FAULT,102,1906,000170001043
WO-2175329,ASSET-01076,Emergency,HYDRAULIC-LEAK,427,1898,000170001044
WO-2175330,ASSET-01076,Preventive,,0,,000170001044
WO-2175331,ASSET-01076,Preventive,,0,,000170001044
WO-2175332,ASSET-01076,Corrective,SENSOR-FAULT,64,887,000170001044
WO-2175333,ASSET-01076,Emergency,CONTROLLER-FAULT,216,1885,000170001044
WO-2175334,ASSET-01077,Emergency,SENSOR-FAULT,223,1438,000170001045
WO-2175335,ASSET-01077,Preventive,,0,,000170001045
WO-2175336,ASSET-01078,Preventive,,0,,000170001046
WO-2175337,ASSET-01078,Preventive,,0,,000170001046
WO-2175338,ASSET-01078,Preventive,,0,,000170001046
WO-2175339,ASSET-01078,Preventive,,0,,000170001046
WO-2175340,ASSET-01078,Corrective,CONTROLLER-FAULT,163,686,000170001046
WO-2175341,ASSET-01078,Corrective,SENSOR-FAULT,91,1138,000170001046
WO-2175342,ASSET-01078,Corrective,CALIBRATION-DRIFT,163,1677,000170001046
WO-2175343,ASSET-01078,Corrective,DIE-WEAR,79,1622,000170001046
WO-2175344,ASSET-01079,Emergency,SENSOR-FAULT,475,1029,000170001047
WO-2175345,ASSET-01079,Preventive,,0,,000170001047
WO-2175346,ASSET-01079,Emergency,CALIBRATION-DRIFT,406,808,000170001047
WO-2175347,ASSET-01079,Corrective,SENSOR-FAULT,212,921,000170001047
WO-2175348,ASSET-01079,Preventive,,0,,000170001047
WO-2175349,ASSET-01080,Corrective,SENSOR-FAULT,165,1228,000170001048
WO-2175350,ASSET-01080,Emergency,PNEUMATIC-LEAK,68,1772,000170001048
WO-2175351,ASSET-01080,Emergency,SPINDLE-SEIZURE,437,523,000170001048
WO-2175352,ASSET-01080,Corrective,DIE-WEAR,168,599,000170001048
WO-2175353,ASSET-01081,Emergency,MOTOR-BURNOUT,80,1685,000170001049
WO-2175354,ASSET-01081,Corrective,BELT-FAILURE,107,1714,000170001049
WO-2175355,ASSET-01081,Corrective,BEARING-FAILURE,79,711,000170001049
WO-2175356,ASSET-01082,Corrective,BEARING-FAILURE,213,1292,000170001050
WO-2175357,ASSET-01082,Corrective,BEARING-FAILURE,47,723,000170001050
WO-2175358,ASSET-01082,Corrective,HYDRAULIC-LEAK,72,1632,000170001050
WO-2175359,ASSET-01082,Corrective,SPINDLE-SEIZURE,51,595,000170001050
WO-2175360,ASSET-01082,Preventive,,0,,000170001050
WO-2175361,ASSET-01082,Preventive,,0,,000170001050
WO-2175362,ASSET-01082,Preventive,,0,,000170001050
WO-2175363,ASSET-01083,Preventive,,0,,000170001051
WO-2175364,ASSET-01083,Preventive,,0,,000170001051
WO-2175365,ASSET-01083,Preventive,,0,,000170001051
WO-2175366,ASSET-01083,Preventive,,0,,000170001051
WO-2175367,ASSET-01083,Preventive,,0,,000170001051
WO-2175368,ASSET-01083,Preventive,,0,,000170001051
WO-2175369,ASSET-01084,Preventive,,0,,000170001052
WO-2175370,ASSET-01084,Preventive,,0,,000170001052
WO-2175371,ASSET-01084,Emergency,HYDRAULIC-LEAK,107,561,000170001052
WO-2175372,ASSET-01085,Corrective,MOTOR-BURNOUT,202,1099,000170001053
WO-2175373,ASSET-01085,Preventive,,0,,000170001053
WO-2175374,ASSET-01085,Preventive,,0,,000170001053
WO-2175375,ASSET-01085,Preventive,,0,,000170001053
WO-2175376,ASSET-01085,Preventive,,0,,000170001053
WO-2175377,ASSET-01085,Preventive,,0,,000170001053
WO-2175378,ASSET-01085,Preventive,,0,,000170001053
WO-2175379,ASSET-01086,Preventive,,0,,000170001054
WO-2175380,ASSET-01086,Preventive,,0,,000170001054
WO-2175381,ASSET-01086,Preventive,,0,,000170001054
WO-2175382,ASSET-01086,Corrective,HYDRAULIC-LEAK,217,1411,000170001054
WO-2175383,ASSET-01087,Corrective,PNEUMATIC-LEAK,226,980,000170001055
WO-2175384,ASSET-01087,Preventive,,0,,000170001055
WO-2175385,ASSET-01087,Preventive,,0,,000170001055
WO-2175386,ASSET-01087,Emergency,CALIBRATION-DRIFT,231,654,000170001055
WO-2175387,ASSET-01088,Corrective,SENSOR-FAULT,162,634,000170001056
WO-2175388,ASSET-01088,Preventive,,0,,000170001056
WO-2175389,ASSET-01088,Preventive,,0,,000170001056
WO-2175390,ASSET-01088,Corrective,HYDRAULIC-LEAK,43,1213,000170001056
WO-2175391,ASSET-01088,Preventive,,0,,000170001056
WO-2175392,ASSET-01089,Corrective,PNEUMATIC-LEAK,186,1509,000170001057
WO-2175393,ASSET-01090,Preventive,,0,,000170001058
WO-2175394,ASSET-01090,Corrective,SPINDLE-SEIZURE,130,1662,000170001058
WO-2175395,ASSET-01090,Corrective,SPINDLE-SEIZURE,32,973,000170001058
WO-2175396,ASSET-01090,Preventive,,0,,000170001058
WO-2175397,ASSET-01090,Corrective,CALIBRATION-DRIFT,198,476,000170001058
WO-2175398,ASSET-01091,Preventive,,0,,000170001059
WO-2175399,ASSET-01091,Preventive,,0,,000170001059
WO-2175400,ASSET-01091,Corrective,PNEUMATIC-LEAK,52,1579,000170001059
WO-2175401,ASSET-01091,Corrective,HYDRAULIC-LEAK,127,1189,000170001059
WO-2175402,ASSET-01091,Preventive,,0,,000170001059
WO-2175403,ASSET-01092,Preventive,,0,,000170001060
WO-2175404,ASSET-01092,Preventive,,0,,000170001060
WO-2175405,ASSET-01092,Preventive,,0,,000170001060
WO-2175406,ASSET-01092,Preventive,,0,,000170001060
WO-2175407,ASSET-01092,Preventive,,0,,000170001060
WO-2175408,ASSET-01092,Preventive,,0,,000170001060
WO-2175409,ASSET-01092,Preventive,,0,,000170001060
WO-2175410,ASSET-01093,Preventive,,0,,000170001061
WO-2175411,ASSET-01093,Corrective,MOTOR-BURNOUT,215,1839,000170001061
WO-2175412,ASSET-01093,Corrective,SENSOR-FAULT,87,440,000170001061
WO-2175413,ASSET-01093,Preventive,,0,,000170001061
WO-2175414,ASSET-01093,Preventive,,0,,000170001061
WO-2175415,ASSET-01093,Emergency,BELT-FAILURE,65,1943,000170001061
WO-2175416,ASSET-01094,Corrective,MOTOR-BURNOUT,184,807,000170001062
WO-2175417,ASSET-01094,Preventive,,0,,000170001062
WO-2175418,ASSET-01094,Emergency,CALIBRATION-DRIFT,467,838,000170001062
WO-2175419,ASSET-01095,Preventive,,0,,000170001063
WO-2175420,ASSET-01095,Corrective,SPINDLE-SEIZURE,237,1709,000170001063
WO-2175421,ASSET-01095,Preventive,,0,,000170001063
WO-2175422,ASSET-01095,Corrective,CALIBRATION-DRIFT,35,664,000170001063
WO-2175423,ASSET-01096,Preventive,,0,,000170001064
WO-2175424,ASSET-01096,Preventive,,0,,000170001064
WO-2175425,ASSET-01096,Corrective,PNEUMATIC-LEAK,117,1769,000170001064
WO-2175426,ASSET-01096,Corrective,CONTROLLER-FAULT,98,368,000170001064
WO-2175427,ASSET-01096,Emergency,SENSOR-FAULT,434,1513,000170001064
WO-2175428,ASSET-01096,Preventive,,0,,000170001064
WO-2175429,ASSET-01097,Preventive,,0,,000170001065
WO-2175430,ASSET-01097,Preventive,,0,,000170001065
WO-2175431,ASSET-01097,Preventive,,0,,000170001065
WO-2175432,ASSET-01097,Corrective,BELT-FAILURE,33,564,000170001065
WO-2175433,ASSET-01097,Corrective,CALIBRATION-DRIFT,100,1436,000170001065
WO-2175434,ASSET-01097,Preventive,,0,,000170001065
WO-2175435,ASSET-01098,Preventive,,0,,000170001066
WO-2175436,ASSET-01098,Preventive,,0,,000170001066
WO-2175437,ASSET-01098,Preventive,,0,,000170001066
WO-2175438,ASSET-01098,Corrective,CALIBRATION-DRIFT,118,1746,000170001066
WO-2175439,ASSET-01098,Preventive,,0,,000170001066
WO-2175440,ASSET-01098,Preventive,,0,,000170001066
WO-2175441,ASSET-01098,Preventive,,0,,000170001066
WO-2175442,ASSET-01098,Corrective,PNEUMATIC-LEAK,64,1833,000170001066
WO-2175443,ASSET-01098,Corrective,MOTOR-BURNOUT,36,1578,000170001066
WO-2175444,ASSET-01099,Preventive,,0,,000170001067
WO-2175445,ASSET-01099,Preventive,,0,,000170001067
WO-2175446,ASSET-01100,Preventive,,0,,000170001068
WO-2175447,ASSET-01100,Preventive,,0,,000170001068
WO-2175448,ASSET-01100,Preventive,,0,,000170001068
WO-2175449,ASSET-01100,Preventive,,0,,000170001068
WO-2175450,ASSET-01100,Emergency,SENSOR-FAULT,462,1545,000170001068
WO-2175451,ASSET-01100,Emergency,MOTOR-BURNOUT,83,306,000170001068
WO-2175452,ASSET-01100,Corrective,CONTROLLER-FAULT,36,794,000170001068
WO-2175453,ASSET-01101,Preventive,,0,,000170001069
WO-2175454,ASSET-01102,Preventive,,0,,000170001070
WO-2175455,ASSET-01102,Emergency,BELT-FAILURE,189,396,000170001070
WO-2175456,ASSET-01102,Corrective,DIE-WEAR,173,734,000170001070
WO-2175457,ASSET-01102,Preventive,,0,,000170001070
WO-2175458,ASSET-01102,Preventive,,0,,000170001070
WO-2175459,ASSET-01103,Preventive,,0,,000170001071
WO-2175460,ASSET-01103,Preventive,,0,,000170001071
WO-2175461,ASSET-01103,Corrective,BEARING-FAILURE,137,1745,000170001071
WO-2175462,ASSET-01103,Preventive,,0,,000170001071
WO-2175463,ASSET-01103,Preventive,,0,,000170001071
WO-2175464,ASSET-01103,Preventive,,0,,000170001071
WO-2175465,ASSET-01104,Preventive,,0,,000170001072
WO-2175466,ASSET-01104,Corrective,SENSOR-FAULT,71,588,000170001072
WO-2175467,ASSET-01104,Preventive,,0,,000170001072
WO-2175468,ASSET-01104,Preventive,,0,,000170001072
WO-2175469,ASSET-01104,Corrective,SPINDLE-SEIZURE,181,1783,000170001072
WO-2175470,ASSET-01105,Preventive,,0,,000170001073
WO-2175471,ASSET-01105,Emergency,BELT-FAILURE,516,510,000170001073
WO-2175472,ASSET-01105,Corrective,CALIBRATION-DRIFT,114,1093,000170001073
WO-2175473,ASSET-01106,Corrective,SENSOR-FAULT,98,686,000170001074
WO-2175474,ASSET-01106,Preventive,,0,,000170001074
WO-2175475,ASSET-01106,Corrective,CONTROLLER-FAULT,174,662,000170001074
WO-2175476,ASSET-01106,Preventive,,0,,000170001074
WO-2175477,ASSET-01107,Corrective,HYDRAULIC-LEAK,122,1768,000170001075
WO-2175478,ASSET-01107,Corrective,CONTROLLER-FAULT,234,1273,000170001075
WO-2175479,ASSET-01107,Preventive,,0,,000170001075
WO-2175480,ASSET-01107,Emergency,BEARING-FAILURE,210,1606,000170001075
WO-2175481,ASSET-01107,Preventive,,0,,000170001075
WO-2175482,ASSET-01107,Corrective,SPINDLE-SEIZURE,179,1570,000170001075
WO-2175483,ASSET-01107,Preventive,,0,,000170001075
WO-2175484,ASSET-01108,Corrective,HYDRAULIC-LEAK,45,604,000170001076
WO-2175485,ASSET-01108,Preventive,,0,,000170001076
WO-2175486,ASSET-01108,Preventive,,0,,000170001076
WO-2175487,ASSET-01108,Preventive,,0,,000170001076
WO-2175488,ASSET-01108,Preventive,,0,,000170001076
WO-2175489,ASSET-01108,Preventive,,0,,000170001076
WO-2175490,ASSET-01108,Preventive,,0,,000170001076
WO-2175491,ASSET-01109,Preventive,,0,,000170001077
WO-2175492,ASSET-01109,Emergency,MOTOR-BURNOUT,305,1215,000170001077
WO-2175493,ASSET-01109,Preventive,,0,,000170001077
WO-2175494,ASSET-01109,Corrective,MOTOR-BURNOUT,229,585,000170001077
WO-2175495,ASSET-01109,Preventive,,0,,000170001077
WO-2175496,ASSET-01109,Corrective,MOTOR-BURNOUT,136,396,000170001077
WO-2175497,ASSET-01109,Preventive,,0,,000170001077
WO-2175498,ASSET-01109,Emergency,SENSOR-FAULT,501,1806,000170001077
WO-2175499,ASSET-01109,Emergency,BEARING-FAILURE,573,954,000170001077
WO-2175500,ASSET-01110,Preventive,,0,,000170001078
WO-2175501,ASSET-01110,Preventive,,0,,000170001078
WO-2175502,ASSET-01110,Corrective,BELT-FAILURE,124,1767,000170001078
WO-2175503,ASSET-01110,Corrective,HYDRAULIC-LEAK,190,1395,000170001078
WO-2175504,ASSET-01110,Preventive,,0,,000170001078
WO-2175505,ASSET-01110,Corrective,BEARING-FAILURE,209,1457,000170001078
WO-2175506,ASSET-01110,Emergency,DIE-WEAR,551,1017,000170001078
WO-2175507,ASSET-01111,Preventive,,0,,000170001079
WO-2175508,ASSET-01111,Corrective,SPINDLE-SEIZURE,170,1068,000170001079
WO-2175509,ASSET-01111,Preventive,,0,,000170001079
WO-2175510,ASSET-01111,Preventive,,0,,000170001079
WO-2175511,ASSET-01111,Preventive,,0,,000170001079
WO-2175512,ASSET-01112,Corrective,DIE-WEAR,133,478,000170001080
WO-2175513,ASSET-01112,Preventive,,0,,000170001080
WO-2175514,ASSET-01112,Corrective,DIE-WEAR,116,479,000170001080
WO-2175515,ASSET-01112,Preventive,,0,,000170001080
WO-2175516,ASSET-01113,Preventive,,0,,000170001081
WO-2175517,ASSET-01113,Preventive,,0,,000170001081
WO-2175518,ASSET-01113,Preventive,,0,,000170001081
WO-2175519,ASSET-01113,Corrective,CONTROLLER-FAULT,71,1465,000170001081
WO-2175520,ASSET-01113,Preventive,,0,,000170001081
WO-2175521,ASSET-01113,Corrective,SPINDLE-SEIZURE,207,975,000170001081
WO-2175522,ASSET-01113,Preventive,,0,,000170001081
WO-2175523,ASSET-01113,Preventive,,0,,000170001081
WO-2175524,ASSET-01113,Preventive,,0,,000170001081
WO-2175525,ASSET-01114,Preventive,,0,,000170001082
WO-2175526,ASSET-01114,Preventive,,0,,000170001082
WO-2175527,ASSET-01114,Preventive,,0,,000170001082
WO-2175528,ASSET-01114,Preventive,,0,,000170001082
WO-2175529,ASSET-01114,Preventive,,0,,000170001082
WO-2175530,ASSET-01114,Corrective,DIE-WEAR,75,458,000170001082
WO-2175531,ASSET-01114,Corrective,HYDRAULIC-LEAK,44,1245,000170001082
WO-2175532,ASSET-01114,Corrective,PNEUMATIC-LEAK,68,283,000170001082
WO-2175533,ASSET-01114,Emergency,MOTOR-BURNOUT,576,851,000170001082
WO-2175534,ASSET-01114,Corrective,BELT-FAILURE,107,1817,000170001082
WO-2175535,ASSET-01114,Corrective,DIE-WEAR,123,1092,000170001082
WO-2175536,ASSET-01115,Preventive,,0,,000170001083
WO-2175537,ASSET-01115,Preventive,,0,,000170001083
WO-2175538,ASSET-01116,Preventive,,0,,000170001084
WO-2175539,ASSET-01116,Corrective,SPINDLE-SEIZURE,91,1460,000170001084
WO-2175540,ASSET-01116,Corrective,BELT-FAILURE,191,247,000170001084
WO-2175541,ASSET-01117,Corrective,SENSOR-FAULT,230,1909,000170001085
WO-2175542,ASSET-01117,Preventive,,0,,000170001085
WO-2175543,ASSET-01117,Corrective,CALIBRATION-DRIFT,204,1254,000170001085
WO-2175544,ASSET-01117,Preventive,,0,,000170001085
WO-2175545,ASSET-01117,Preventive,,0,,000170001085
WO-2175546,ASSET-01117,Corrective,BELT-FAILURE,217,1435,000170001085
WO-2175547,ASSET-01118,Corrective,SENSOR-FAULT,126,570,000170001086
WO-2175548,ASSET-01118,Preventive,,0,,000170001086
WO-2175549,ASSET-01118,Preventive,,0,,000170001086
WO-2175550,ASSET-01118,Preventive,,0,,000170001086
WO-2175551,ASSET-01118,Corrective,CONTROLLER-FAULT,85,666,000170001086
WO-2175552,ASSET-01118,Corrective,MOTOR-BURNOUT,41,921,000170001086
WO-2175553,ASSET-01119,Corrective,SPINDLE-SEIZURE,217,885,000170001087
WO-2175554,ASSET-01119,Corrective,SPINDLE-SEIZURE,171,458,000170001087
WO-2175555,ASSET-01119,Corrective,HYDRAULIC-LEAK,236,1410,000170001087
WO-2175556,ASSET-01119,Preventive,,0,,000170001087
WO-2175557,ASSET-01119,Preventive,,0,,000170001087
WO-2175558,ASSET-01119,Corrective,BELT-FAILURE,157,431,000170001087
WO-2175559,ASSET-01120,Corrective,SPINDLE-SEIZURE,166,1683,000170001088
WO-2175560,ASSET-01120,Corrective,PNEUMATIC-LEAK,43,825,000170001088
WO-2175561,ASSET-01120,Preventive,,0,,000170001088
WO-2175562,ASSET-01121,Corrective,CONTROLLER-FAULT,80,1985,000170001089
WO-2175563,ASSET-01121,Preventive,,0,,000170001089
WO-2175564,ASSET-01121,Preventive,,0,,000170001089
WO-2175565,ASSET-01121,Preventive,,0,,000170001089
WO-2175566,ASSET-01121,Corrective,BELT-FAILURE,138,1567,000170001089
WO-2175567,ASSET-01122,Preventive,,0,,000170001090
WO-2175568,ASSET-01122,Emergency,BEARING-FAILURE,448,1975,000170001090
WO-2175569,ASSET-01123,Preventive,,0,,000170001091
WO-2175570,ASSET-01123,Preventive,,0,,000170001091
WO-2175571,ASSET-01123,Corrective,DIE-WEAR,227,1103,000170001091
WO-2175572,ASSET-01124,Preventive,,0,,000170001092
WO-2175573,ASSET-01124,Preventive,,0,,000170001092
WO-2175574,ASSET-01124,Preventive,,0,,000170001092
WO-2175575,ASSET-01124,Preventive,,0,,000170001092
WO-2175576,ASSET-01125,Preventive,,0,,000170001093
WO-2175577,ASSET-01125,Corrective,CONTROLLER-FAULT,79,783,000170001093
WO-2175578,ASSET-01125,Corrective,BELT-FAILURE,126,220,000170001093
WO-2175579,ASSET-01125,Preventive,,0,,000170001093
WO-2175580,ASSET-01125,Preventive,,0,,000170001093
WO-2175581,ASSET-01125,Preventive,,0,,000170001093
WO-2175582,ASSET-01125,Preventive,,0,,000170001093
WO-2175583,ASSET-01125,Corrective,DIE-WEAR,88,1582,000170001093
WO-2175584,ASSET-01126,Corrective,MOTOR-BURNOUT,131,950,000170001094
WO-2175585,ASSET-01126,Preventive,,0,,000170001094
WO-2175586,ASSET-01126,Corrective,CALIBRATION-DRIFT,59,1375,000170001094
WO-2175587,ASSET-01126,Corrective,BEARING-FAILURE,158,1928,000170001094
WO-2175588,ASSET-01127,Preventive,,0,,000170001095
WO-2175589,ASSET-01127,Corrective,HYDRAULIC-LEAK,116,1539,000170001095
WO-2175590,ASSET-01127,Emergency,SPINDLE-SEIZURE,531,915,000170001095
WO-2175591,ASSET-01127,Preventive,,0,,000170001095
WO-2175592,ASSET-01127,Emergency,CONTROLLER-FAULT,216,1645,000170001095
WO-2175593,ASSET-01127,Preventive,,0,,000170001095
WO-2175594,ASSET-01128,Emergency,DIE-WEAR,478,1611,000170001096
WO-2175595,ASSET-01128,Corrective,BELT-FAILURE,105,1498,000170001096
WO-2175596,ASSET-01128,Preventive,,0,,000170001096
WO-2175597,ASSET-01128,Corrective,SPINDLE-SEIZURE,220,1608,000170001096
WO-2175598,ASSET-01128,Preventive,,0,,000170001096
WO-2175599,ASSET-01128,Corrective,SENSOR-FAULT,217,1338,000170001096
WO-2175600,ASSET-01129,Preventive,,0,,000170001097
WO-2175601,ASSET-01129,Preventive,,0,,000170001097
WO-2175602,ASSET-01130,Preventive,,0,,000170001098
WO-2175603,ASSET-01131,Corrective,BELT-FAILURE,205,230,000170001099
WO-2175604,ASSET-01131,Corrective,DIE-WEAR,91,632,000170001099
WO-2175605,ASSET-01131,Corrective,BEARING-FAILURE,86,1049,000170001099
WO-2175606,ASSET-01131,Preventive,,0,,000170001099
WO-2175607,ASSET-01131,Preventive,,0,,000170001099
WO-2175608,ASSET-01131,Preventive,,0,,000170001099
WO-2175609,ASSET-01131,Preventive,,0,,000170001099
WO-2175610,ASSET-01131,Preventive,,0,,000170001099
WO-2175611,ASSET-01132,Corrective,BELT-FAILURE,71,862,000170001100
WO-2175612,ASSET-01132,Corrective,MOTOR-BURNOUT,111,1327,000170001100
WO-2175613,ASSET-01132,Emergency,SPINDLE-SEIZURE,480,435,000170001100
WO-2175614,ASSET-01132,Emergency,SPINDLE-SEIZURE,292,1479,000170001100
WO-2175615,ASSET-01133,Preventive,,0,,000170001101
WO-2175616,ASSET-01133,Preventive,,0,,000170001101
WO-2175617,ASSET-01133,Preventive,,0,,000170001101
WO-2175618,ASSET-01133,Preventive,,0,,000170001101
WO-2175619,ASSET-01134,Corrective,BEARING-FAILURE,163,1596,000170001102
WO-2175620,ASSET-01134,Corrective,PNEUMATIC-LEAK,216,1810,000170001102
WO-2175621,ASSET-01134,Preventive,,0,,000170001102
WO-2175622,ASSET-01134,Preventive,,0,,000170001102
WO-2175623,ASSET-01134,Preventive,,0,,000170001102
WO-2175624,ASSET-01135,Corrective,BEARING-FAILURE,171,1667,000170001103
WO-2175625,ASSET-01135,Preventive,,0,,000170001103
WO-2175626,ASSET-01135,Preventive,,0,,000170001103
WO-2175627,ASSET-01135,Preventive,,0,,000170001103
WO-2175628,ASSET-01135,Emergency,PNEUMATIC-LEAK,115,1681,000170001103
WO-2175629,ASSET-01136,Preventive,,0,,000170001104
WO-2175630,ASSET-01136,Corrective,MOTOR-BURNOUT,83,1811,000170001104
WO-2175631,ASSET-01137,Preventive,,0,,000170001105
WO-2175632,ASSET-01137,Preventive,,0,,000170001105
WO-2175633,ASSET-01137,Preventive,,0,,000170001105
WO-2175634,ASSET-01137,Corrective,CONTROLLER-FAULT,215,879,000170001105
WO-2175635,ASSET-01138,Emergency,CONTROLLER-FAULT,141,710,000170001106
WO-2175636,ASSET-01138,Corrective,CALIBRATION-DRIFT,229,431,000170001106
WO-2175637,ASSET-01138,Emergency,SPINDLE-SEIZURE,316,1822,000170001106
WO-2175638,ASSET-01138,Preventive,,0,,000170001106
WO-2175639,ASSET-01138,Corrective,DIE-WEAR,56,814,000170001106
WO-2175640,ASSET-01139,Corrective,BEARING-FAILURE,76,1044,000170001107
WO-2175641,ASSET-01139,Corrective,DIE-WEAR,216,701,000170001107
WO-2175642,ASSET-01139,Preventive,,0,,000170001107
WO-2175643,ASSET-01139,Preventive,,0,,000170001107
WO-2175644,ASSET-01139,Preventive,,0,,000170001107
WO-2175645,ASSET-01139,Corrective,HYDRAULIC-LEAK,67,653,000170001107
WO-2175646,ASSET-01139,Preventive,,0,,000170001107
WO-2175647,ASSET-01140,Corrective,SPINDLE-SEIZURE,127,658,000170001108
WO-2175648,ASSET-01140,Preventive,,0,,000170001108
WO-2175649,ASSET-01140,Preventive,,0,,000170001108
WO-2175650,ASSET-01140,Corrective,HYDRAULIC-LEAK,176,899,000170001108
WO-2175651,ASSET-01140,Corrective,MOTOR-BURNOUT,114,362,000170001108
WO-2175652,ASSET-01141,Corrective,SENSOR-FAULT,109,1540,000170001109
WO-2175653,ASSET-01141,Preventive,,0,,000170001109
WO-2175654,ASSET-01141,Emergency,PNEUMATIC-LEAK,338,259,000170001109
WO-2175655,ASSET-01142,Preventive,,0,,000170001110
WO-2175656,ASSET-01142,Preventive,,0,,000170001110
WO-2175657,ASSET-01142,Preventive,,0,,000170001110
WO-2175658,ASSET-01142,Preventive,,0,,000170001110
WO-2175659,ASSET-01142,Corrective,SPINDLE-SEIZURE,212,583,000170001110
WO-2175660,ASSET-01142,Preventive,,0,,000170001110
WO-2175661,ASSET-01142,Preventive,,0,,000170001110
WO-2175662,ASSET-01142,Corrective,DIE-WEAR,105,1604,000170001110
WO-2175663,ASSET-01143,Preventive,,0,,000170001111
WO-2175664,ASSET-01143,Corrective,SPINDLE-SEIZURE,34,719,000170001111
WO-2175665,ASSET-01143,Preventive,,0,,000170001111
WO-2175666,ASSET-01143,Corrective,HYDRAULIC-LEAK,211,692,000170001111
WO-2175667,ASSET-01143,Preventive,,0,,000170001111
WO-2175668,ASSET-01143,Preventive,,0,,000170001111
WO-2175669,ASSET-01144,Emergency,MOTOR-BURNOUT,274,818,000170001112
WO-2175670,ASSET-01144,Corrective,MOTOR-BURNOUT,103,1519,000170001112
WO-2175671,ASSET-01145,Preventive,,0,,000170001113
WO-2175672,ASSET-01145,Corrective,CONTROLLER-FAULT,84,1854,000170001113
WO-2175673,ASSET-01145,Preventive,,0,,000170001113
WO-2175674,ASSET-01145,Preventive,,0,,000170001113
WO-2175675,ASSET-01145,Corrective,SPINDLE-SEIZURE,172,918,000170001113
WO-2175676,ASSET-01145,Corrective,PNEUMATIC-LEAK,210,507,000170001113
WO-2175677,ASSET-01145,Preventive,,0,,000170001113
WO-2175678,ASSET-01145,Preventive,,0,,000170001113
WO-2175679,ASSET-01145,Preventive,,0,,000170001113
WO-2175680,ASSET-01146,Preventive,,0,,000170001114
WO-2175681,ASSET-01146,Preventive,,0,,000170001114
WO-2175682,ASSET-01146,Corrective,SPINDLE-SEIZURE,222,1091,000170001114
WO-2175683,ASSET-01146,Corrective,HYDRAULIC-LEAK,87,908,000170001114
WO-2175684,ASSET-01146,Corrective,BEARING-FAILURE,34,962,000170001114
WO-2175685,ASSET-01146,Preventive,,0,,000170001114
WO-2175686,ASSET-01146,Preventive,,0,,000170001114
WO-2175687,ASSET-01147,Preventive,,0,,000170001115
WO-2175688,ASSET-01147,Preventive,,0,,000170001115
WO-2175689,ASSET-01147,Preventive,,0,,000170001115
WO-2175690,ASSET-01147,Preventive,,0,,000170001115
WO-2175691,ASSET-01147,Preventive,,0,,000170001115
WO-2175692,ASSET-01147,Corrective,CALIBRATION-DRIFT,102,961,000170001115
WO-2175693,ASSET-01147,Preventive,,0,,000170001115
WO-2175694,ASSET-01147,Preventive,,0,,000170001115
WO-2175695,ASSET-01147,Preventive,,0,,000170001115
WO-2175696,ASSET-01148,Corrective,MOTOR-BURNOUT,108,288,000170001116
WO-2175697,ASSET-01148,Preventive,,0,,000170001116
WO-2175698,ASSET-01148,Preventive,,0,,000170001116
WO-2175699,ASSET-01148,Corrective,BEARING-FAILURE,81,429,000170001116
WO-2175700,ASSET-01148,Preventive,,0,,000170001116
WO-2175701,ASSET-01149,Preventive,,0,,000170001117
WO-2175702,ASSET-01149,Preventive,,0,,000170001117
WO-2175703,ASSET-01149,Corrective,SENSOR-FAULT,141,1509,000170001117
WO-2175704,ASSET-01149,Preventive,,0,,000170001117
WO-2175705,ASSET-01149,Emergency,BELT-FAILURE,68,453,000170001117
WO-2175706,ASSET-01149,Preventive,,0,,000170001117
WO-2175707,ASSET-01150,Corrective,BELT-FAILURE,108,881,000170001118
WO-2175708,ASSET-01150,Preventive,,0,,000170001118
WO-2175709,ASSET-01150,Preventive,,0,,000170001118
WO-2175710,ASSET-01150,Preventive,,0,,000170001118
WO-2175711,ASSET-01150,Preventive,,0,,000170001118
WO-2175712,ASSET-01151,Corrective,PNEUMATIC-LEAK,237,435,000170001119
WO-2175713,ASSET-01151,Emergency,SENSOR-FAULT,368,1164,000170001119
WO-2175714,ASSET-01151,Corrective,MOTOR-BURNOUT,181,1554,000170001119
WO-2175715,ASSET-01151,Emergency,SPINDLE-SEIZURE,384,326,000170001119
WO-2175716,ASSET-01151,Preventive,,0,,000170001119
WO-2175717,ASSET-01151,Corrective,PNEUMATIC-LEAK,121,1224,000170001119
WO-2175718,ASSET-01152,Corrective,CONTROLLER-FAULT,108,1088,000170001120
WO-2175719,ASSET-01152,Corrective,DIE-WEAR,103,1506,000170001120
WO-2175720,ASSET-01152,Corrective,CONTROLLER-FAULT,38,695,000170001120
WO-2175721,ASSET-01152,Preventive,,0,,000170001120
WO-2175722,ASSET-01153,Preventive,,0,,000170001121
WO-2175723,ASSET-01153,Preventive,,0,,000170001121
WO-2175724,ASSET-01153,Preventive,,0,,000170001121
WO-2175725,ASSET-01153,Corrective,MOTOR-BURNOUT,216,1958,000170001121
WO-2175726,ASSET-01154,Corrective,CALIBRATION-DRIFT,213,506,000170001122
WO-2175727,ASSET-01154,Corrective,CALIBRATION-DRIFT,79,1482,000170001122
WO-2175728,ASSET-01154,Corrective,BEARING-FAILURE,89,1998,000170001122
WO-2175729,ASSET-01154,Preventive,,0,,000170001122
WO-2175730,ASSET-01154,Corrective,HYDRAULIC-LEAK,147,1820,000170001122
WO-2175731,ASSET-01154,Corrective,MOTOR-BURNOUT,193,1446,000170001122
WO-2175732,ASSET-01154,Corrective,SENSOR-FAULT,30,1432,000170001122
WO-2175733,ASSET-01154,Preventive,,0,,000170001122
WO-2175734,ASSET-01155,Corrective,SPINDLE-SEIZURE,223,1442,000170001123
WO-2175735,ASSET-01155,Preventive,,0,,000170001123
WO-2175736,ASSET-01155,Emergency,BELT-FAILURE,547,321,000170001123
WO-2175737,ASSET-01155,Preventive,,0,,000170001123
WO-2175738,ASSET-01155,Preventive,,0,,000170001123
WO-2175739,ASSET-01156,Preventive,,0,,000170001124
WO-2175740,ASSET-01156,Preventive,,0,,000170001124
WO-2175741,ASSET-01156,Preventive,,0,,000170001124
WO-2175742,ASSET-01157,Preventive,,0,,000170001125
WO-2175743,ASSET-01157,Preventive,,0,,000170001125
WO-2175744,ASSET-01157,Preventive,,0,,000170001125
WO-2175745,ASSET-01157,Preventive,,0,,000170001125
WO-2175746,ASSET-01157,Preventive,,0,,000170001125
WO-2175747,ASSET-01157,Preventive,,0,,000170001125
WO-2175748,ASSET-01157,Preventive,,0,,000170001125
WO-2175749,ASSET-01158,Corrective,HYDRAULIC-LEAK,95,499,000170001126
WO-2175750,ASSET-01158,Corrective,BELT-FAILURE,58,690,000170001126
WO-2175751,ASSET-01158,Corrective,SPINDLE-SEIZURE,130,852,000170001126
WO-2175752,ASSET-01158,Corrective,SPINDLE-SEIZURE,106,1717,000170001126
WO-2175753,ASSET-01158,Preventive,,0,,000170001126
WO-2175754,ASSET-01158,Preventive,,0,,000170001126
WO-2175755,ASSET-01158,Emergency,SPINDLE-SEIZURE,541,309,000170001126
WO-2175756,ASSET-01159,Preventive,,0,,000170001127
WO-2175757,ASSET-01159,Preventive,,0,,000170001127
WO-2175758,ASSET-01159,Corrective,PNEUMATIC-LEAK,121,823,000170001127
WO-2175759,ASSET-01159,Corrective,CONTROLLER-FAULT,38,989,000170001127
WO-2175760,ASSET-01159,Preventive,,0,,000170001127
WO-2175761,ASSET-01160,Corrective,SPINDLE-SEIZURE,169,360,000170001128
WO-2175762,ASSET-01160,Preventive,,0,,000170001128
WO-2175763,ASSET-01160,Corrective,BELT-FAILURE,197,919,000170001128
WO-2175764,ASSET-01160,Preventive,,0,,000170001128
WO-2175765,ASSET-01160,Preventive,,0,,000170001128
WO-2175766,ASSET-01160,Corrective,DIE-WEAR,215,1491,000170001128
WO-2175767,ASSET-01161,Preventive,,0,,000170001129
WO-2175768,ASSET-01161,Emergency,SENSOR-FAULT,525,1790,000170001129
WO-2175769,ASSET-01162,Corrective,SPINDLE-SEIZURE,223,1637,000170001130
WO-2175770,ASSET-01162,Preventive,,0,,000170001130
WO-2175771,ASSET-01162,Preventive,,0,,000170001130
WO-2175772,ASSET-01162,Corrective,BELT-FAILURE,87,1448,000170001130
WO-2175773,ASSET-01162,Corrective,CONTROLLER-FAULT,169,853,000170001130
WO-2175774,ASSET-01163,Preventive,,0,,000170001131
WO-2175775,ASSET-01163,Corrective,PNEUMATIC-LEAK,46,1986,000170001131
WO-2175776,ASSET-01163,Preventive,,0,,000170001131
WO-2175777,ASSET-01163,Preventive,,0,,000170001131
WO-2175778,ASSET-01163,Preventive,,0,,000170001131
WO-2175779,ASSET-01163,Preventive,,0,,000170001131
WO-2175780,ASSET-01163,Preventive,,0,,000170001131
WO-2175781,ASSET-01163,Preventive,,0,,000170001131
WO-2175782,ASSET-01164,Preventive,,0,,000170001132
WO-2175783,ASSET-01165,Preventive,,0,,000170001133
WO-2175784,ASSET-01165,Corrective,SENSOR-FAULT,48,1667,000170001133
WO-2175785,ASSET-01165,Preventive,,0,,000170001133
WO-2175786,ASSET-01165,Preventive,,0,,000170001133
WO-2175787,ASSET-01166,Corrective,CALIBRATION-DRIFT,99,1616,000170001134
WO-2175788,ASSET-01166,Corrective,DIE-WEAR,200,898,000170001134
WO-2175789,ASSET-01167,Corrective,MOTOR-BURNOUT,152,1965,000170001135
WO-2175790,ASSET-01167,Corrective,BEARING-FAILURE,191,351,000170001135
WO-2175791,ASSET-01167,Corrective,CALIBRATION-DRIFT,61,1509,000170001135
WO-2175792,ASSET-01167,Preventive,,0,,000170001135
WO-2175793,ASSET-01167,Preventive,,0,,000170001135
WO-2175794,ASSET-01167,Emergency,CALIBRATION-DRIFT,279,805,000170001135
WO-2175795,ASSET-01168,Corrective,BELT-FAILURE,208,1336,000170001136
WO-2175796,ASSET-01168,Emergency,SENSOR-FAULT,366,1670,000170001136
WO-2175797,ASSET-01168,Corrective,SPINDLE-SEIZURE,216,275,000170001136
WO-2175798,ASSET-01168,Preventive,,0,,000170001136
WO-2175799,ASSET-01168,Preventive,,0,,000170001136
WO-2175800,ASSET-01168,Preventive,,0,,000170001136
WO-2175801,ASSET-01169,Preventive,,0,,000170001137
WO-2175802,ASSET-01169,Emergency,DIE-WEAR,449,1317,000170001137
WO-2175803,ASSET-01169,Corrective,SENSOR-FAULT,44,546,000170001137
WO-2175804,ASSET-01169,Preventive,,0,,000170001137
WO-2175805,ASSET-01169,Preventive,,0,,000170001137
WO-2175806,ASSET-01169,Preventive,,0,,000170001137
WO-2175807,ASSET-01169,Preventive,,0,,000170001137
WO-2175808,ASSET-01170,Preventive,,0,,000170001138
WO-2175809,ASSET-01170,Corrective,BELT-FAILURE,102,274,000170001138
WO-2175810,ASSET-01170,Preventive,,0,,000170001138
WO-2175811,ASSET-01170,Corrective,SENSOR-FAULT,86,955,000170001138
WO-2175812,ASSET-01170,Corrective,BEARING-FAILURE,228,470,000170001138
WO-2175813,ASSET-01170,Preventive,,0,,000170001138
WO-2175814,ASSET-01170,Corrective,CONTROLLER-FAULT,46,1180,000170001138
WO-2175815,ASSET-01171,Preventive,,0,,000170001139
WO-2175816,ASSET-01171,Preventive,,0,,000170001139
WO-2175817,ASSET-01171,Preventive,,0,,000170001139
WO-2175818,ASSET-01171,Corrective,CONTROLLER-FAULT,140,1602,000170001139
WO-2175819,ASSET-01171,Preventive,,0,,000170001139
WO-2175820,ASSET-01171,Corrective,CONTROLLER-FAULT,181,1584,000170001139
WO-2175821,ASSET-01172,Preventive,,0,,000170001140
WO-2175822,ASSET-01172,Preventive,,0,,000170001140
WO-2175823,ASSET-01172,Corrective,SENSOR-FAULT,38,245,000170001140
WO-2175824,ASSET-01172,Preventive,,0,,000170001140
WO-2175825,ASSET-01173,Corrective,SPINDLE-SEIZURE,233,539,000170001141
WO-2175826,ASSET-01173,Preventive,,0,,000170001141
WO-2175827,ASSET-01173,Preventive,,0,,000170001141
WO-2175828,ASSET-01173,Preventive,,0,,000170001141
WO-2175829,ASSET-01173,Emergency,DIE-WEAR,452,935,000170001141
WO-2175830,ASSET-01173,Preventive,,0,,000170001141
WO-2175831,ASSET-01173,Preventive,,0,,000170001141
WO-2175832,ASSET-01174,Preventive,,0,,000170001142
WO-2175833,ASSET-01174,Preventive,,0,,000170001142
WO-2175834,ASSET-01174,Corrective,BEARING-FAILURE,191,703,000170001142
WO-2175835,ASSET-01174,Preventive,,0,,000170001142
WO-2175836,ASSET-01174,Corrective,PNEUMATIC-LEAK,126,355,000170001142
WO-2175837,ASSET-01174,Preventive,,0,,000170001142
WO-2175838,ASSET-01174,Preventive,,0,,000170001142
WO-2175839,ASSET-01175,Emergency,DIE-WEAR,105,1851,000170001143
WO-2175840,ASSET-01175,Preventive,,0,,000170001143
WO-2175841,ASSET-01175,Preventive,,0,,000170001143
WO-2175842,ASSET-01175,Preventive,,0,,000170001143
WO-2175843,ASSET-01176,Corrective,SENSOR-FAULT,184,818,000170001144
WO-2175844,ASSET-01176,Corrective,SENSOR-FAULT,119,1310,000170001144
WO-2175845,ASSET-01176,Preventive,,0,,000170001144
WO-2175846,ASSET-01176,Emergency,BELT-FAILURE,181,449,000170001144
WO-2175847,ASSET-01176,Preventive,,0,,000170001144
WO-2175848,ASSET-01176,Preventive,,0,,000170001144
WO-2175849,ASSET-01177,Preventive,,0,,000170001145
WO-2175850,ASSET-01177,Preventive,,0,,000170001145
WO-2175851,ASSET-01177,Emergency,PNEUMATIC-LEAK,97,1860,000170001145
WO-2175852,ASSET-01177,Preventive,,0,,000170001145
WO-2175853,ASSET-01178,Corrective,PNEUMATIC-LEAK,171,983,000170001146
WO-2175854,ASSET-01178,Preventive,,0,,000170001146
WO-2175855,ASSET-01178,Emergency,SENSOR-FAULT,444,1917,000170001146
WO-2175856,ASSET-01179,Preventive,,0,,000170001147
WO-2175857,ASSET-01179,Corrective,PNEUMATIC-LEAK,228,1571,000170001147
WO-2175858,ASSET-01179,Preventive,,0,,000170001147
WO-2175859,ASSET-01179,Preventive,,0,,000170001147
WO-2175860,ASSET-01179,Emergency,MOTOR-BURNOUT,330,400,000170001147
WO-2175861,ASSET-01180,Corrective,SENSOR-FAULT,52,574,000170001148
WO-2175862,ASSET-01180,Corrective,MOTOR-BURNOUT,66,804,000170001148
WO-2175863,ASSET-01180,Emergency,CONTROLLER-FAULT,597,435,000170001148
WO-2175864,ASSET-01180,Preventive,,0,,000170001148
WO-2175865,ASSET-01181,Preventive,,0,,000170001149
WO-2175866,ASSET-01181,Preventive,,0,,000170001149
WO-2175867,ASSET-01182,Preventive,,0,,000170001150
WO-2175868,ASSET-01182,Preventive,,0,,000170001150
WO-2175869,ASSET-01182,Preventive,,0,,000170001150
WO-2175870,ASSET-01183,Preventive,,0,,000170001151
WO-2175871,ASSET-01183,Emergency,BELT-FAILURE,77,1579,000170001151
WO-2175872,ASSET-01183,Preventive,,0,,000170001151
WO-2175873,ASSET-01183,Preventive,,0,,000170001151
WO-2175874,ASSET-01183,Corrective,DIE-WEAR,188,824,000170001151
WO-2175875,ASSET-01183,Corrective,BELT-FAILURE,60,918,000170001151
WO-2175876,ASSET-01184,Preventive,,0,,000170001152
WO-2175877,ASSET-01184,Corrective,SENSOR-FAULT,40,819,000170001152
WO-2175878,ASSET-01184,Emergency,HYDRAULIC-LEAK,553,1857,000170001152
WO-2175879,ASSET-01184,Emergency,SENSOR-FAULT,228,1680,000170001152
WO-2175880,ASSET-01184,Preventive,,0,,000170001152
WO-2175881,ASSET-01184,Preventive,,0,,000170001152
WO-2175882,ASSET-01185,Emergency,CONTROLLER-FAULT,297,1451,000170001153
WO-2175883,ASSET-01185,Preventive,,0,,000170001153
WO-2175884,ASSET-01185,Preventive,,0,,000170001153
WO-2175885,ASSET-01185,Emergency,CONTROLLER-FAULT,64,1364,000170001153
WO-2175886,ASSET-01185,Preventive,,0,,000170001153
WO-2175887,ASSET-01185,Preventive,,0,,000170001153
WO-2175888,ASSET-01186,Preventive,,0,,000170001154
WO-2175889,ASSET-01186,Preventive,,0,,000170001154
WO-2175890,ASSET-01186,Corrective,PNEUMATIC-LEAK,237,1261,000170001154
WO-2175891,ASSET-01187,Preventive,,0,,000170001155
WO-2175892,ASSET-01187,Preventive,,0,,000170001155
WO-2175893,ASSET-01187,Emergency,SPINDLE-SEIZURE,422,496,000170001155
WO-2175894,ASSET-01187,Preventive,,0,,000170001155
WO-2175895,ASSET-01188,Emergency,DIE-WEAR,315,1273,000170001156
WO-2175896,ASSET-01188,Preventive,,0,,000170001156
WO-2175897,ASSET-01188,Preventive,,0,,000170001156
WO-2175898,ASSET-01188,Preventive,,0,,000170001156
WO-2175899,ASSET-01189,Preventive,,0,,000170001157
WO-2175900,ASSET-01189,Preventive,,0,,000170001157
WO-2175901,ASSET-01189,Preventive,,0,,000170001157
WO-2175902,ASSET-01189,Corrective,CALIBRATION-DRIFT,206,221,000170001157
WO-2175903,ASSET-01189,Corrective,DIE-WEAR,133,1711,000170001157
WO-2175904,ASSET-01190,Corrective,PNEUMATIC-LEAK,171,1348,000170001158
WO-2175905,ASSET-01190,Preventive,,0,,000170001158
WO-2175906,ASSET-01190,Preventive,,0,,000170001158
WO-2175907,ASSET-01190,Corrective,CONTROLLER-FAULT,32,1670,000170001158
WO-2175908,ASSET-01190,Preventive,,0,,000170001158
WO-2175909,ASSET-01190,Preventive,,0,,000170001158
WO-2175910,ASSET-01191,Preventive,,0,,000170001159
WO-2175911,ASSET-01191,Corrective,MOTOR-BURNOUT,238,1554,000170001159
WO-2175912,ASSET-01191,Corrective,SPINDLE-SEIZURE,81,1717,000170001159
WO-2175913,ASSET-01191,Preventive,,0,,000170001159
WO-2175914,ASSET-01191,Preventive,,0,,000170001159
WO-2175915,ASSET-01191,Preventive,,0,,000170001159
WO-2175916,ASSET-01192,Preventive,,0,,000170001160
WO-2175917,ASSET-01192,Preventive,,0,,000170001160
WO-2175918,ASSET-01192,Preventive,,0,,000170001160
WO-2175919,ASSET-01192,Preventive,,0,,000170001160
WO-2175920,ASSET-01192,Preventive,,0,,000170001160
WO-2175921,ASSET-01192,Emergency,SENSOR-FAULT,554,586,000170001160
WO-2175922,ASSET-01192,Preventive,,0,,000170001160
WO-2175923,ASSET-01193,Preventive,,0,,000170001161
WO-2175924,ASSET-01193,Corrective,SENSOR-FAULT,175,370,000170001161
WO-2175925,ASSET-01193,Preventive,,0,,000170001161
WO-2175926,ASSET-01193,Preventive,,0,,000170001161
WO-2175927,ASSET-01193,Preventive,,0,,000170001161
WO-2175928,ASSET-01193,Preventive,,0,,000170001161
WO-2175929,ASSET-01193,Preventive,,0,,000170001161
WO-2175930,ASSET-01194,Preventive,,0,,000170001162
WO-2175931,ASSET-01194,Corrective,SENSOR-FAULT,76,1877,000170001162
WO-2175932,ASSET-01194,Preventive,,0,,000170001162
WO-2175933,ASSET-01194,Emergency,HYDRAULIC-LEAK,566,1356,000170001162
WO-2175934,ASSET-01194,Preventive,,0,,000170001162
WO-2175935,ASSET-01195,Preventive,,0,,000170001163
WO-2175936,ASSET-01195,Corrective,BELT-FAILURE,62,1182,000170001163
WO-2175937,ASSET-01195,Corrective,CALIBRATION-DRIFT,31,616,000170001163
WO-2175938,ASSET-01195,Corrective,BELT-FAILURE,220,789,000170001163
WO-2175939,ASSET-01196,Corrective,SPINDLE-SEIZURE,51,526,000170001164
WO-2175940,ASSET-01196,Corrective,CALIBRATION-DRIFT,148,1283,000170001164
WO-2175941,ASSET-01196,Preventive,,0,,000170001164
WO-2175942,ASSET-01196,Preventive,,0,,000170001164
WO-2175943,ASSET-01196,Preventive,,0,,000170001164
WO-2175944,ASSET-01197,Preventive,,0,,000170001165
WO-2175945,ASSET-01197,Preventive,,0,,000170001165
WO-2175946,ASSET-01197,Preventive,,0,,000170001165
WO-2175947,ASSET-01197,Corrective,DIE-WEAR,65,931,000170001165
WO-2175948,ASSET-01197,Emergency,PNEUMATIC-LEAK,145,1524,000170001165
WO-2175949,ASSET-01197,Preventive,,0,,000170001165
WO-2175950,ASSET-01197,Corrective,CALIBRATION-DRIFT,98,1698,000170001165
WO-2175951,ASSET-01198,Preventive,,0,,000170001166
WO-2175952,ASSET-01198,Preventive,,0,,000170001166
WO-2175953,ASSET-01198,Preventive,,0,,000170001166
WO-2175954,ASSET-01198,Corrective,MOTOR-BURNOUT,186,1344,000170001166
WO-2175955,ASSET-01198,Preventive,,0,,000170001166
WO-2175956,ASSET-01198,Emergency,HYDRAULIC-LEAK,212,1031,000170001166
WO-2175957,ASSET-01198,Preventive,,0,,000170001166
WO-2175958,ASSET-01199,Preventive,,0,,000170001167
WO-2175959,ASSET-01199,Corrective,BELT-FAILURE,212,1609,000170001167
WO-2175960,ASSET-01199,Corrective,PNEUMATIC-LEAK,100,227,000170001167
WO-2175961,ASSET-01199,Emergency,BELT-FAILURE,524,1257,000170001167
WO-2175962,ASSET-01199,Preventive,,0,,000170001167
WO-2175963,ASSET-01199,Corrective,HYDRAULIC-LEAK,134,1309,000170001167
WO-2175964,ASSET-01199,Corrective,HYDRAULIC-LEAK,217,626,000170001167
WO-2175965,ASSET-01199,Corrective,CONTROLLER-FAULT,178,1519,000170001167
WO-2175966,ASSET-01200,Preventive,,0,,000170001168
WO-2175967,ASSET-01200,Preventive,,0,,000170001168
WO-2175968,ASSET-01201,Emergency,CALIBRATION-DRIFT,214,1664,000170001169
WO-2175969,ASSET-01201,Preventive,,0,,000170001169
WO-2175970,ASSET-01201,Corrective,CALIBRATION-DRIFT,70,1162,000170001169
WO-2175971,ASSET-01201,Preventive,,0,,000170001169
WO-2175972,ASSET-01202,Preventive,,0,,000170001170
WO-2175973,ASSET-01202,Preventive,,0,,000170001170
WO-2175974,ASSET-01202,Preventive,,0,,000170001170
WO-2175975,ASSET-01202,Corrective,DIE-WEAR,68,599,000170001170
WO-2175976,ASSET-01202,Corrective,SENSOR-FAULT,45,1292,000170001170
WO-2175977,ASSET-01203,Preventive,,0,,000170001171
WO-2175978,ASSET-01203,Corrective,SENSOR-FAULT,219,1584,000170001171
WO-2175979,ASSET-01203,Preventive,,0,,000170001171
WO-2175980,ASSET-01203,Corrective,SENSOR-FAULT,240,858,000170001171
WO-2175981,ASSET-01203,Emergency,SPINDLE-SEIZURE,487,1628,000170001171
WO-2175982,ASSET-01204,Preventive,,0,,000170001172
WO-2175983,ASSET-01204,Corrective,HYDRAULIC-LEAK,36,343,000170001172
WO-2175984,ASSET-01204,Corrective,DIE-WEAR,176,573,000170001172
WO-2175985,ASSET-01204,Preventive,,0,,000170001172
WO-2175986,ASSET-01204,Emergency,PNEUMATIC-LEAK,563,1830,000170001172
WO-2175987,ASSET-01204,Preventive,,0,,000170001172
WO-2175988,ASSET-01204,Preventive,,0,,000170001172
WO-2175989,ASSET-01205,Preventive,,0,,000170001173
WO-2175990,ASSET-01205,Corrective,SPINDLE-SEIZURE,51,1405,000170001173
WO-2175991,ASSET-01205,Preventive,,0,,000170001173
WO-2175992,ASSET-01205,Preventive,,0,,000170001173
WO-2175993,ASSET-01205,Corrective,CONTROLLER-FAULT,225,1003,000170001173
WO-2175994,ASSET-01205,Emergency,BEARING-FAILURE,417,1949,000170001173
WO-2175995,ASSET-01206,Preventive,,0,,000170001174
WO-2175996,ASSET-01206,Preventive,,0,,000170001174
WO-2175997,ASSET-01207,Preventive,,0,,000170001175
WO-2175998,ASSET-01207,Corrective,MOTOR-BURNOUT,151,607,000170001175
WO-2175999,ASSET-01207,Corrective,BELT-FAILURE,124,579,000170001175
WO-2176000,ASSET-01207,Preventive,,0,,000170001175
WO-2176001,ASSET-01207,Preventive,,0,,000170001175
WO-2176002,ASSET-01207,Preventive,,0,,000170001175
WO-2176003,ASSET-01207,Corrective,PNEUMATIC-LEAK,208,1892,000170001175
WO-2176004,ASSET-01207,Corrective,BEARING-FAILURE,100,422,000170001175
WO-2176005,ASSET-01208,Corrective,SPINDLE-SEIZURE,176,1133,000170001176
WO-2176006,ASSET-01208,Preventive,,0,,000170001176
WO-2176007,ASSET-01208,Preventive,,0,,000170001176
WO-2176008,ASSET-01208,Preventive,,0,,000170001176
WO-2176009,ASSET-01208,Preventive,,0,,000170001176
WO-2176010,ASSET-01209,Corrective,MOTOR-BURNOUT,140,591,000170001177
WO-2176011,ASSET-01209,Emergency,BELT-FAILURE,104,383,000170001177
WO-2176012,ASSET-01209,Preventive,,0,,000170001177
WO-2176013,ASSET-01209,Emergency,DIE-WEAR,88,935,000170001177
WO-2176014,ASSET-01209,Preventive,,0,,000170001177
WO-2176015,ASSET-01209,Preventive,,0,,000170001177
WO-2176016,ASSET-01209,Emergency,DIE-WEAR,525,1363,000170001177
WO-2176017,ASSET-01209,Preventive,,0,,000170001177
WO-2176018,ASSET-01210,Preventive,,0,,000170001178
WO-2176019,ASSET-01210,Corrective,SPINDLE-SEIZURE,55,458,000170001178
WO-2176020,ASSET-01210,Corrective,PNEUMATIC-LEAK,81,446,000170001178
WO-2176021,ASSET-01210,Preventive,,0,,000170001178
WO-2176022,ASSET-01211,Preventive,,0,,000170001179
WO-2176023,ASSET-01211,Preventive,,0,,000170001179
WO-2176024,ASSET-01211,Preventive,,0,,000170001179
WO-2176025,ASSET-01211,Preventive,,0,,000170001179
WO-2176026,ASSET-01211,Preventive,,0,,000170001179
WO-2176027,ASSET-01211,Preventive,,0,,000170001179
WO-2176028,ASSET-01211,Emergency,CONTROLLER-FAULT,354,1478,000170001179
WO-2176029,ASSET-01212,Corrective,DIE-WEAR,220,1665,000170001181
WO-2176030,ASSET-01212,Corrective,CALIBRATION-DRIFT,84,305,000170001181
WO-2176031,ASSET-01212,Preventive,,0,,000170001181
WO-2176032,ASSET-01213,Preventive,,0,,000170001182
WO-2176033,ASSET-01213,Emergency,HYDRAULIC-LEAK,290,1406,000170001182
WO-2176034,ASSET-01214,Corrective,MOTOR-BURNOUT,76,1183,000170001183
WO-2176035,ASSET-01214,Preventive,,0,,000170001183
WO-2176036,ASSET-01215,Preventive,,0,,000170001184
WO-2176037,ASSET-01215,Corrective,DIE-WEAR,137,1475,000170001184
WO-2176038,ASSET-01215,Preventive,,0,,000170001184
WO-2176039,ASSET-01215,Corrective,DIE-WEAR,213,1375,000170001184
WO-2176040,ASSET-01215,Preventive,,0,,000170001184
WO-2176041,ASSET-01215,Preventive,,0,,000170001184
WO-2176042,ASSET-01216,Corrective,CONTROLLER-FAULT,84,596,000170001185
WO-2176043,ASSET-01216,Preventive,,0,,000170001185
WO-2176044,ASSET-01216,Preventive,,0,,000170001185
WO-2176045,ASSET-01216,Preventive,,0,,000170001185
WO-2176046,ASSET-01217,Corrective,DIE-WEAR,151,1741,000170001186
WO-2176047,ASSET-01217,Preventive,,0,,000170001186
WO-2176048,ASSET-01217,Preventive,,0,,000170001186
WO-2176049,ASSET-01217,Preventive,,0,,000170001186
WO-2176050,ASSET-01217,Corrective,SPINDLE-SEIZURE,166,1836,000170001186
WO-2176051,ASSET-01217,Preventive,,0,,000170001186
WO-2176052,ASSET-01218,Preventive,,0,,000170001187
WO-2176053,ASSET-01218,Corrective,BEARING-FAILURE,199,1045,000170001187
WO-2176054,ASSET-01218,Preventive,,0,,000170001187
WO-2176055,ASSET-01218,Corrective,PNEUMATIC-LEAK,37,1716,000170001187
WO-2176056,ASSET-01218,Preventive,,0,,000170001187
WO-2176057,ASSET-01219,Preventive,,0,,000170001188
WO-2176058,ASSET-01219,Preventive,,0,,000170001188
WO-2176059,ASSET-01219,Corrective,PNEUMATIC-LEAK,184,1792,000170001188
WO-2176060,ASSET-01219,Preventive,,0,,000170001188
WO-2176061,ASSET-01220,Preventive,,0,,000170001189
WO-2176062,ASSET-01220,Preventive,,0,,000170001189
WO-2176063,ASSET-01220,Preventive,,0,,000170001189
WO-2176064,ASSET-01221,Preventive,,0,,000170001190
WO-2176065,ASSET-01221,Preventive,,0,,000170001190
WO-2176066,ASSET-01221,Preventive,,0,,000170001190
WO-2176067,ASSET-01221,Corrective,CONTROLLER-FAULT,185,1664,000170001190
WO-2176068,ASSET-01222,Corrective,DIE-WEAR,107,1631,000170001191
WO-2176069,ASSET-01222,Preventive,,0,,000170001191
WO-2176070,ASSET-01222,Emergency,SPINDLE-SEIZURE,138,202,000170001191
WO-2176071,ASSET-01222,Preventive,,0,,000170001191
WO-2176072,ASSET-01223,Emergency,BEARING-FAILURE,68,543,000170001192
WO-2176073,ASSET-01223,Corrective,SENSOR-FAULT,154,1313,000170001192
WO-2176074,ASSET-01223,Corrective,PNEUMATIC-LEAK,221,316,000170001192
WO-2176075,ASSET-01223,Preventive,,0,,000170001192
WO-2176076,ASSET-01224,Preventive,,0,,000170001193
WO-2176077,ASSET-01224,Corrective,CONTROLLER-FAULT,116,613,000170001193
WO-2176078,ASSET-01224,Preventive,,0,,000170001193
WO-2176079,ASSET-01224,Preventive,,0,,000170001193
WO-2176080,ASSET-01225,Preventive,,0,,000170001194
WO-2176081,ASSET-01225,Preventive,,0,,000170001194
WO-2176082,ASSET-01225,Preventive,,0,,000170001194
WO-2176083,ASSET-01225,Corrective,CONTROLLER-FAULT,131,1279,000170001194
WO-2176084,ASSET-01225,Corrective,BELT-FAILURE,88,1972,000170001194
WO-2176085,ASSET-01225,Preventive,,0,,000170001194
WO-2176086,ASSET-01226,Corrective,CALIBRATION-DRIFT,238,1462,000170001195
WO-2176087,ASSET-01226,Corrective,SENSOR-FAULT,124,1253,000170001195
WO-2176088,ASSET-01226,Emergency,CALIBRATION-DRIFT,279,1860,000170001195
WO-2176089,ASSET-01226,Preventive,,0,,000170001195
WO-2176090,ASSET-01226,Preventive,,0,,000170001195
WO-2176091,ASSET-01226,Preventive,,0,,000170001195
WO-2176092,ASSET-01226,Preventive,,0,,000170001195
WO-2176093,ASSET-01226,Corrective,PNEUMATIC-LEAK,196,1523,000170001195
WO-2176094,ASSET-01226,Corrective,BEARING-FAILURE,36,989,000170001195
WO-2176095,ASSET-01227,Preventive,,0,,000170001196
WO-2176096,ASSET-01227,Emergency,HYDRAULIC-LEAK,396,406,000170001196
WO-2176097,ASSET-01227,Preventive,,0,,000170001196
WO-2176098,ASSET-01227,Emergency,PNEUMATIC-LEAK,404,1365,000170001196
WO-2176099,ASSET-01227,Emergency,MOTOR-BURNOUT,300,1237,000170001196
WO-2176100,ASSET-01227,Corrective,BEARING-FAILURE,36,1170,000170001196
WO-2176101,ASSET-01227,Corrective,MOTOR-BURNOUT,133,595,000170001196
WO-2176102,ASSET-01228,Corrective,SENSOR-FAULT,139,571,000170001197
WO-2176103,ASSET-01228,Corrective,BELT-FAILURE,81,1663,000170001197
WO-2176104,ASSET-01228,Corrective,PNEUMATIC-LEAK,171,1688,000170001197
WO-2176105,ASSET-01228,Preventive,,0,,000170001197
WO-2176106,ASSET-01228,Corrective,BEARING-FAILURE,143,810,000170001197
WO-2176107,ASSET-01229,Preventive,,0,,000170001198
WO-2176108,ASSET-01229,Corrective,SENSOR-FAULT,97,1544,000170001198
WO-2176109,ASSET-01229,Preventive,,0,,000170001198
WO-2176110,ASSET-01229,Preventive,,0,,000170001198
WO-2176111,ASSET-01229,Preventive,,0,,000170001198
WO-2176112,ASSET-01229,Preventive,,0,,000170001198
WO-2176113,ASSET-01229,Corrective,SPINDLE-SEIZURE,240,1727,000170001198
WO-2176114,ASSET-01229,Corrective,DIE-WEAR,38,1743,000170001198
WO-2176115,ASSET-01230,Corrective,BEARING-FAILURE,229,419,000170001199
WO-2176116,ASSET-01230,Emergency,MOTOR-BURNOUT,234,1479,000170001199
WO-2176117,ASSET-01230,Preventive,,0,,000170001199
WO-2176118,ASSET-01231,Preventive,,0,,000170001200
WO-2176119,ASSET-01231,Preventive,,0,,000170001200
WO-2176120,ASSET-01231,Corrective,CONTROLLER-FAULT,42,1044,000170001200
WO-2176121,ASSET-01231,Corrective,SPINDLE-SEIZURE,225,210,000170001200
WO-2176122,ASSET-01231,Corrective,SPINDLE-SEIZURE,164,1441,000170001200
WO-2176123,ASSET-01232,Emergency,DIE-WEAR,360,1138,000170001201
WO-2176124,ASSET-01232,Corrective,HYDRAULIC-LEAK,75,495,000170001201
WO-2176125,ASSET-01232,Corrective,PNEUMATIC-LEAK,212,1319,000170001201
WO-2176126,ASSET-01232,Preventive,,0,,000170001201
WO-2176127,ASSET-01232,Preventive,,0,,000170001201
WO-2176128,ASSET-01232,Preventive,,0,,000170001201
WO-2176129,ASSET-01232,Corrective,MOTOR-BURNOUT,220,293,000170001201
WO-2176130,ASSET-01232,Preventive,,0,,000170001201
WO-2176131,ASSET-01232,Corrective,HYDRAULIC-LEAK,176,1095,000170001201
WO-2176132,ASSET-01233,Preventive,,0,,000170001202
WO-2176133,ASSET-01233,Preventive,,0,,000170001202
WO-2176134,ASSET-01233,Preventive,,0,,000170001202
WO-2176135,ASSET-01234,Corrective,BELT-FAILURE,173,801,000170001203
WO-2176136,ASSET-01234,Preventive,,0,,000170001203
WO-2176137,ASSET-01234,Corrective,CALIBRATION-DRIFT,109,284,000170001203
WO-2176138,ASSET-01234,Corrective,PNEUMATIC-LEAK,122,1074,000170001203
WO-2176139,ASSET-01234,Preventive,,0,,000170001203
WO-2176140,ASSET-01234,Corrective,CALIBRATION-DRIFT,145,537,000170001203
WO-2176141,ASSET-01234,Corrective,DIE-WEAR,95,1355,000170001203
WO-2176142,ASSET-01235,Preventive,,0,,000170001204
WO-2176143,ASSET-01235,Corrective,SENSOR-FAULT,94,1393,000170001204
WO-2176144,ASSET-01235,Corrective,HYDRAULIC-LEAK,52,309,000170001204
WO-2176145,ASSET-01235,Corrective,BELT-FAILURE,215,1304,000170001204
WO-2176146,ASSET-01235,Preventive,,0,,000170001204
WO-2176147,ASSET-01235,Corrective,SENSOR-FAULT,173,1587,000170001204
WO-2176148,ASSET-01235,Corrective,SENSOR-FAULT,191,1228,000170001204
WO-2176149,ASSET-01236,Preventive,,0,,000170001205
WO-2176150,ASSET-01236,Corrective,BELT-FAILURE,157,564,000170001205
WO-2176151,ASSET-01236,Corrective,SENSOR-FAULT,120,1384,000170001205
WO-2176152,ASSET-01236,Corrective,CONTROLLER-FAULT,160,1017,000170001205
WO-2176153,ASSET-01236,Preventive,,0,,000170001205
WO-2176154,ASSET-01237,Preventive,,0,,000170001206
WO-2176155,ASSET-01237,Corrective,SPINDLE-SEIZURE,162,286,000170001206
WO-2176156,ASSET-01238,Preventive,,0,,000170001207
WO-2176157,ASSET-01238,Preventive,,0,,000170001207
WO-2176158,ASSET-01238,Corrective,CONTROLLER-FAULT,126,821,000170001207
WO-2176159,ASSET-01238,Corrective,MOTOR-BURNOUT,75,1934,000170001207
WO-2176160,ASSET-01239,Corrective,HYDRAULIC-LEAK,116,1832,000170001208
WO-2176161,ASSET-01240,Preventive,,0,,000170001209
WO-2176162,ASSET-01240,Preventive,,0,,000170001209
WO-2176163,ASSET-01240,Emergency,CALIBRATION-DRIFT,498,1240,000170001209
WO-2176164,ASSET-01240,Corrective,BELT-FAILURE,74,768,000170001209
WO-2176165,ASSET-01241,Preventive,,0,,000170001210
WO-2176166,ASSET-01241,Preventive,,0,,000170001210
WO-2176167,ASSET-01241,Emergency,DIE-WEAR,424,1082,000170001210
WO-2176168,ASSET-01242,Preventive,,0,,000170001211
WO-2176169,ASSET-01242,Preventive,,0,,000170001211
WO-2176170,ASSET-01242,Preventive,,0,,000170001211
WO-2176171,ASSET-01242,Corrective,DIE-WEAR,57,1997,000170001211
WO-2176172,ASSET-01243,Corrective,CONTROLLER-FAULT,220,319,000170001212
WO-2176173,ASSET-01243,Corrective,CALIBRATION-DRIFT,197,1321,000170001212
WO-2176174,ASSET-01243,Preventive,,0,,000170001212
WO-2176175,ASSET-01244,Corrective,BELT-FAILURE,92,1634,000170001213
WO-2176176,ASSET-01244,Preventive,,0,,000170001213
WO-2176177,ASSET-01245,Corrective,HYDRAULIC-LEAK,193,1344,000170001214
WO-2176178,ASSET-01245,Corrective,BEARING-FAILURE,125,665,000170001214
WO-2176179,ASSET-01245,Emergency,SPINDLE-SEIZURE,457,1036,000170001214
WO-2176180,ASSET-01245,Preventive,,0,,000170001214
WO-2176181,ASSET-01246,Corrective,CALIBRATION-DRIFT,141,551,000170001215
WO-2176182,ASSET-01246,Preventive,,0,,000170001215
WO-2176183,ASSET-01246,Preventive,,0,,000170001215
WO-2176184,ASSET-01246,Preventive,,0,,000170001215
WO-2176185,ASSET-01246,Corrective,HYDRAULIC-LEAK,103,1232,000170001215
WO-2176186,ASSET-01247,Corrective,BELT-FAILURE,69,1571,000170001216
WO-2176187,ASSET-01247,Preventive,,0,,000170001216
WO-2176188,ASSET-01247,Corrective,PNEUMATIC-LEAK,226,1961,000170001216
WO-2176189,ASSET-01247,Corrective,SPINDLE-SEIZURE,95,1522,000170001216
WO-2176190,ASSET-01248,Preventive,,0,,000170001217
WO-2176191,ASSET-01248,Preventive,,0,,000170001217
WO-2176192,ASSET-01248,Preventive,,0,,000170001217
WO-2176193,ASSET-01248,Emergency,HYDRAULIC-LEAK,511,1343,000170001217
WO-2176194,ASSET-01248,Preventive,,0,,000170001217
WO-2176195,ASSET-01248,Preventive,,0,,000170001217
WO-2176196,ASSET-01248,Preventive,,0,,000170001217
WO-2176197,ASSET-01249,Emergency,CONTROLLER-FAULT,391,1558,000170001218
WO-2176198,ASSET-01249,Preventive,,0,,000170001218
WO-2176199,ASSET-01250,Preventive,,0,,000170001219
WO-2176200,ASSET-01250,Preventive,,0,,000170001219
WO-2176201,ASSET-01250,Corrective,PNEUMATIC-LEAK,67,432,000170001219
WO-2176202,ASSET-01250,Corrective,CONTROLLER-FAULT,122,1497,000170001219
WO-2176203,ASSET-01250,Emergency,PNEUMATIC-LEAK,265,552,000170001219
WO-2176204,ASSET-01251,Preventive,,0,,000170001220
WO-2176205,ASSET-01251,Preventive,,0,,000170001220
WO-2176206,ASSET-01251,Preventive,,0,,000170001220
WO-2176207,ASSET-01251,Preventive,,0,,000170001220
WO-2176208,ASSET-01251,Preventive,,0,,000170001220
WO-2176209,ASSET-01251,Preventive,,0,,000170001220
WO-2176210,ASSET-01251,Preventive,,0,,000170001220
WO-2176211,ASSET-01252,Preventive,,0,,000170001221
WO-2176212,ASSET-01252,Preventive,,0,,000170001221
WO-2176213,ASSET-01252,Corrective,CONTROLLER-FAULT,57,1798,000170001221
WO-2176214,ASSET-01252,Corrective,MOTOR-BURNOUT,134,1884,000170001221
WO-2176215,ASSET-01252,Emergency,CALIBRATION-DRIFT,245,1013,000170001221
WO-2176216,ASSET-01253,Preventive,,0,,000170001222
WO-2176217,ASSET-01253,Preventive,,0,,000170001222
WO-2176218,ASSET-01253,Preventive,,0,,000170001222
WO-2176219,ASSET-01253,Preventive,,0,,000170001222
WO-2176220,ASSET-01253,Corrective,MOTOR-BURNOUT,155,1285,000170001222
WO-2176221,ASSET-01253,Preventive,,0,,000170001222
WO-2176222,ASSET-01254,Emergency,DIE-WEAR,148,283,000170001223
WO-2176223,ASSET-01254,Preventive,,0,,000170001223
WO-2176224,ASSET-01254,Preventive,,0,,000170001223
WO-2176225,ASSET-01254,Emergency,HYDRAULIC-LEAK,385,361,000170001223
WO-2176226,ASSET-01254,Corrective,SENSOR-FAULT,81,1286,000170001223
WO-2176227,ASSET-01254,Preventive,,0,,000170001223
WO-2176228,ASSET-01255,Preventive,,0,,000170001224
WO-2176229,ASSET-01255,Corrective,PNEUMATIC-LEAK,224,417,000170001224
WO-2176230,ASSET-01255,Preventive,,0,,000170001224
WO-2176231,ASSET-01255,Preventive,,0,,000170001224
WO-2176232,ASSET-01255,Corrective,SENSOR-FAULT,215,1689,000170001224
WO-2176233,ASSET-01255,Corrective,BELT-FAILURE,112,634,000170001224
WO-2176234,ASSET-01255,Corrective,CALIBRATION-DRIFT,109,248,000170001224
WO-2176235,ASSET-01256,Corrective,DIE-WEAR,105,470,000170001225
WO-2176236,ASSET-01256,Corrective,PNEUMATIC-LEAK,206,1257,000170001225
WO-2176237,ASSET-01256,Preventive,,0,,000170001225
WO-2176238,ASSET-01256,Preventive,,0,,000170001225
WO-2176239,ASSET-01256,Preventive,,0,,000170001225
WO-2176240,ASSET-01256,Corrective,SPINDLE-SEIZURE,140,377,000170001225
WO-2176241,ASSET-01257,Preventive,,0,,000170001226
WO-2176242,ASSET-01257,Corrective,SPINDLE-SEIZURE,62,798,000170001226
WO-2176243,ASSET-01257,Preventive,,0,,000170001226
WO-2176244,ASSET-01257,Emergency,CONTROLLER-FAULT,344,343,000170001226
WO-2176245,ASSET-01257,Corrective,MOTOR-BURNOUT,118,1308,000170001226
WO-2176246,ASSET-01257,Corrective,BELT-FAILURE,98,833,000170001226
WO-2176247,ASSET-01258,Preventive,,0,,000170001227
WO-2176248,ASSET-01258,Preventive,,0,,000170001227
WO-2176249,ASSET-01258,Preventive,,0,,000170001227
WO-2176250,ASSET-01259,Corrective,HYDRAULIC-LEAK,200,250,000170001228
WO-2176251,ASSET-01259,Preventive,,0,,000170001228
WO-2176252,ASSET-01259,Preventive,,0,,000170001228
WO-2176253,ASSET-01259,Preventive,,0,,000170001228
WO-2176254,ASSET-01259,Emergency,CALIBRATION-DRIFT,176,579,000170001228
WO-2176255,ASSET-01259,Preventive,,0,,000170001228
WO-2176256,ASSET-01259,Preventive,,0,,000170001228
WO-2176257,ASSET-01260,Preventive,,0,,000170001229
WO-2176258,ASSET-01260,Preventive,,0,,000170001229
WO-2176259,ASSET-01260,Corrective,BELT-FAILURE,43,422,000170001229
WO-2176260,ASSET-01260,Corrective,CALIBRATION-DRIFT,62,720,000170001229
WO-2176261,ASSET-01260,Preventive,,0,,000170001229
WO-2176262,ASSET-01261,Preventive,,0,,000170001230
WO-2176263,ASSET-01261,Preventive,,0,,000170001230
WO-2176264,ASSET-01261,Preventive,,0,,000170001230
WO-2176265,ASSET-01261,Preventive,,0,,000170001230
WO-2176266,ASSET-01261,Preventive,,0,,000170001230
WO-2176267,ASSET-01261,Preventive,,0,,000170001230
WO-2176268,ASSET-01261,Preventive,,0,,000170001230
WO-2176269,ASSET-01262,Corrective,BEARING-FAILURE,90,1096,000170001231
WO-2176270,ASSET-01262,Preventive,,0,,000170001231
WO-2176271,ASSET-01262,Corrective,DIE-WEAR,132,1380,000170001231
WO-2176272,ASSET-01262,Emergency,SPINDLE-SEIZURE,149,636,000170001231
WO-2176273,ASSET-01262,Corrective,SPINDLE-SEIZURE,90,611,000170001231
WO-2176274,ASSET-01262,Emergency,BELT-FAILURE,133,1381,000170001231
WO-2176275,ASSET-01263,Preventive,,0,,000170001232
WO-2176276,ASSET-01263,Corrective,BEARING-FAILURE,38,577,000170001232
WO-2176277,ASSET-01263,Corrective,CONTROLLER-FAULT,235,631,000170001232
WO-2176278,ASSET-01264,Preventive,,0,,000170001233
WO-2176279,ASSET-01264,Preventive,,0,,000170001233
WO-2176280,ASSET-01264,Preventive,,0,,000170001233
WO-2176281,ASSET-01264,Corrective,CONTROLLER-FAULT,91,1770,000170001233
WO-2176282,ASSET-01264,Corrective,SPINDLE-SEIZURE,121,1707,000170001233
WO-2176283,ASSET-01264,Preventive,,0,,000170001233
WO-2176284,ASSET-01264,Emergency,PNEUMATIC-LEAK,312,1691,000170001233
WO-2176285,ASSET-01265,Preventive,,0,,000170001234
WO-2176286,ASSET-01265,Preventive,,0,,000170001234
WO-2176287,ASSET-01265,Emergency,MOTOR-BURNOUT,355,1680,000170001234
WO-2176288,ASSET-01266,Corrective,DIE-WEAR,32,1739,000170001235
WO-2176289,ASSET-01266,Corrective,CONTROLLER-FAULT,185,917,000170001235
WO-2176290,ASSET-01266,Corrective,SPINDLE-SEIZURE,213,1953,000170001235
WO-2176291,ASSET-01266,Emergency,DIE-WEAR,236,703,000170001235
WO-2176292,ASSET-01266,Preventive,,0,,000170001235
WO-2176293,ASSET-01266,Corrective,CONTROLLER-FAULT,236,1681,000170001235
WO-2176294,ASSET-01266,Emergency,PNEUMATIC-LEAK,449,1640,000170001235
WO-2176295,ASSET-01266,Preventive,,0,,000170001235
WO-2176296,ASSET-01267,Corrective,BELT-FAILURE,191,1973,000170001236
WO-2176297,ASSET-01267,Preventive,,0,,000170001236
WO-2176298,ASSET-01267,Emergency,HYDRAULIC-LEAK,461,1435,000170001236
WO-2176299,ASSET-01267,Preventive,,0,,000170001236
WO-2176300,ASSET-01267,Corrective,SPINDLE-SEIZURE,113,773,000170001236
WO-2176301,ASSET-01267,Corrective,BEARING-FAILURE,231,1326,000170001236
WO-2176302,ASSET-01267,Corrective,CALIBRATION-DRIFT,133,1901,000170001236
WO-2176303,ASSET-01268,Corrective,HYDRAULIC-LEAK,66,268,000170001237
WO-2176304,ASSET-01268,Preventive,,0,,000170001237
WO-2176305,ASSET-01268,Preventive,,0,,000170001237
WO-2176306,ASSET-01268,Corrective,SPINDLE-SEIZURE,92,888,000170001237
WO-2176307,ASSET-01268,Preventive,,0,,000170001237
WO-2176308,ASSET-01269,Preventive,,0,,000170001238
WO-2176309,ASSET-01269,Corrective,PNEUMATIC-LEAK,156,475,000170001238
WO-2176310,ASSET-01269,Emergency,SPINDLE-SEIZURE,217,1633,000170001238
WO-2176311,ASSET-01269,Preventive,,0,,000170001238
WO-2176312,ASSET-01269,Preventive,,0,,000170001238
WO-2176313,ASSET-01269,Preventive,,0,,000170001238
WO-2176314,ASSET-01269,Preventive,,0,,000170001238
WO-2176315,ASSET-01269,Corrective,SENSOR-FAULT,231,757,000170001238
WO-2176316,ASSET-01269,Emergency,BELT-FAILURE,296,1489,000170001238
WO-2176317,ASSET-01269,Preventive,,0,,000170001238
WO-2176318,ASSET-01269,Corrective,BEARING-FAILURE,75,1800,000170001238
WO-2176319,ASSET-01270,Corrective,CALIBRATION-DRIFT,217,802,000170001239
WO-2176320,ASSET-01270,Preventive,,0,,000170001239
WO-2176321,ASSET-01271,Preventive,,0,,000170001240
WO-2176322,ASSET-01271,Preventive,,0,,000170001240
WO-2176323,ASSET-01271,Preventive,,0,,000170001240
WO-2176324,ASSET-01271,Preventive,,0,,000170001240
WO-2176325,ASSET-01271,Preventive,,0,,000170001240
WO-2176326,ASSET-01271,Corrective,BEARING-FAILURE,221,297,000170001240
WO-2176327,ASSET-01271,Preventive,,0,,000170001240
WO-2176328,ASSET-01271,Preventive,,0,,000170001240
WO-2176329,ASSET-01272,Preventive,,0,,000170001241
WO-2176330,ASSET-01272,Preventive,,0,,000170001241
WO-2176331,ASSET-01272,Corrective,SPINDLE-SEIZURE,108,1356,000170001241
WO-2176332,ASSET-01272,Corrective,DIE-WEAR,112,1340,000170001241
WO-2176333,ASSET-01273,Preventive,,0,,000170001242
WO-2176334,ASSET-01273,Preventive,,0,,000170001242
WO-2176335,ASSET-01273,Preventive,,0,,000170001242
WO-2176336,ASSET-01273,Preventive,,0,,000170001242
WO-2176337,ASSET-01273,Corrective,SENSOR-FAULT,109,713,000170001242
WO-2176338,ASSET-01273,Corrective,HYDRAULIC-LEAK,91,392,000170001242
WO-2176339,ASSET-01273,Preventive,,0,,000170001242
WO-2176340,ASSET-01273,Corrective,SPINDLE-SEIZURE,140,1126,000170001242
WO-2176341,ASSET-01274,Preventive,,0,,000170001243
WO-2176342,ASSET-01274,Preventive,,0,,000170001243
WO-2176343,ASSET-01274,Corrective,SPINDLE-SEIZURE,133,1051,000170001243
WO-2176344,ASSET-01274,Corrective,BELT-FAILURE,143,820,000170001243
WO-2176345,ASSET-01275,Preventive,,0,,000170001244
WO-2176346,ASSET-01276,Emergency,CONTROLLER-FAULT,474,1456,000170001245
WO-2176347,ASSET-01276,Corrective,DIE-WEAR,77,632,000170001245
WO-2176348,ASSET-01276,Emergency,CONTROLLER-FAULT,519,460,000170001245
WO-2176349,ASSET-01276,Emergency,HYDRAULIC-LEAK,231,1547,000170001245
WO-2176350,ASSET-01276,Emergency,BELT-FAILURE,431,577,000170001245
WO-2176351,ASSET-01276,Corrective,BELT-FAILURE,223,1096,000170001245
WO-2176352,ASSET-01276,Emergency,SPINDLE-SEIZURE,267,541,000170001245
WO-2176353,ASSET-01277,Preventive,,0,,000170001246
WO-2176354,ASSET-01277,Preventive,,0,,000170001246
WO-2176355,ASSET-01277,Preventive,,0,,000170001246
WO-2176356,ASSET-01277,Preventive,,0,,000170001246
WO-2176357,ASSET-01277,Preventive,,0,,000170001246
WO-2176358,ASSET-01277,Preventive,,0,,000170001246
WO-2176359,ASSET-01277,Preventive,,0,,000170001246
WO-2176360,ASSET-01278,Emergency,DIE-WEAR,254,1444,000170001247
WO-2176361,ASSET-01278,Corrective,HYDRAULIC-LEAK,188,918,000170001247
WO-2176362,ASSET-01278,Emergency,MOTOR-BURNOUT,305,660,000170001247
WO-2176363,ASSET-01278,Preventive,,0,,000170001247
WO-2176364,ASSET-01278,Preventive,,0,,000170001247
WO-2176365,ASSET-01278,Emergency,SENSOR-FAULT,108,331,000170001247
WO-2176366,ASSET-01278,Preventive,,0,,000170001247
WO-2176367,ASSET-01279,Preventive,,0,,000170001248
WO-2176368,ASSET-01279,Preventive,,0,,000170001248
WO-2176369,ASSET-01279,Preventive,,0,,000170001248
WO-2176370,ASSET-01279,Corrective,HYDRAULIC-LEAK,182,1421,000170001248
WO-2176371,ASSET-01279,Preventive,,0,,000170001248
WO-2176372,ASSET-01279,Preventive,,0,,000170001248
WO-2176373,ASSET-01279,Emergency,SPINDLE-SEIZURE,371,756,000170001248
WO-2176374,ASSET-01280,Preventive,,0,,000170001249
WO-2176375,ASSET-01280,Preventive,,0,,000170001249
WO-2176376,ASSET-01280,Preventive,,0,,000170001249
WO-2176377,ASSET-01280,Corrective,PNEUMATIC-LEAK,194,1334,000170001249
WO-2176378,ASSET-01280,Corrective,SENSOR-FAULT,211,1831,000170001249
WO-2176379,ASSET-01281,Corrective,CONTROLLER-FAULT,203,1147,000170001250
WO-2176380,ASSET-01281,Emergency,CALIBRATION-DRIFT,502,209,000170001250
WO-2176381,ASSET-01281,Preventive,,0,,000170001250
WO-2176382,ASSET-01281,Preventive,,0,,000170001250
WO-2176383,ASSET-01282,Preventive,,0,,000170001251
WO-2176384,ASSET-01282,Corrective,BEARING-FAILURE,47,1679,000170001251
WO-2176385,ASSET-01282,Preventive,,0,,000170001251
WO-2176386,ASSET-01282,Preventive,,0,,000170001251
WO-2176387,ASSET-01282,Preventive,,0,,000170001251
WO-2176388,ASSET-01282,Preventive,,0,,000170001251
WO-2176389,ASSET-01282,Corrective,DIE-WEAR,237,1748,000170001251
WO-2176390,ASSET-01282,Corrective,SPINDLE-SEIZURE,103,454,000170001251
WO-2176391,ASSET-01282,Corrective,BEARING-FAILURE,109,1457,000170001251
WO-2176392,ASSET-01282,Corrective,HYDRAULIC-LEAK,62,1159,000170001251
WO-2176393,ASSET-01282,Preventive,,0,,000170001251
WO-2176394,ASSET-01282,Preventive,,0,,000170001251
WO-2176395,ASSET-01283,Preventive,,0,,000170001252
WO-2176396,ASSET-01283,Preventive,,0,,000170001252
WO-2176397,ASSET-01283,Emergency,MOTOR-BURNOUT,311,1403,000170001252
WO-2176398,ASSET-01283,Preventive,,0,,000170001252
WO-2176399,ASSET-01284,Preventive,,0,,000170001253
WO-2176400,ASSET-01284,Emergency,PNEUMATIC-LEAK,65,430,000170001253
WO-2176401,ASSET-01284,Preventive,,0,,000170001253
WO-2176402,ASSET-01285,Corrective,BEARING-FAILURE,109,1155,000170001254
WO-2176403,ASSET-01285,Corrective,CONTROLLER-FAULT,177,967,000170001254
WO-2176404,ASSET-01285,Preventive,,0,,000170001254
WO-2176405,ASSET-01285,Preventive,,0,,000170001254
WO-2176406,ASSET-01285,Corrective,PNEUMATIC-LEAK,213,1291,000170001254
WO-2176407,ASSET-01285,Preventive,,0,,000170001254
WO-2176408,ASSET-01286,Corrective,HYDRAULIC-LEAK,153,1715,000170001255
WO-2176409,ASSET-01286,Preventive,,0,,000170001255
WO-2176410,ASSET-01287,Corrective,SENSOR-FAULT,111,1505,000170001256
WO-2176411,ASSET-01287,Preventive,,0,,000170001256
WO-2176412,ASSET-01287,Corrective,SPINDLE-SEIZURE,152,1696,000170001256
WO-2176413,ASSET-01287,Corrective,MOTOR-BURNOUT,139,1779,000170001256
WO-2176414,ASSET-01288,Corrective,BEARING-FAILURE,222,802,000170001257
WO-2176415,ASSET-01288,Corrective,PNEUMATIC-LEAK,153,1220,000170001257
WO-2176416,ASSET-01288,Preventive,,0,,000170001257
WO-2176417,ASSET-01288,Preventive,,0,,000170001257
WO-2176418,ASSET-01289,Preventive,,0,,000170001258
WO-2176419,ASSET-01289,Preventive,,0,,000170001258
WO-2176420,ASSET-01289,Preventive,,0,,000170001258
WO-2176421,ASSET-01289,Preventive,,0,,000170001258
WO-2176422,ASSET-01289,Corrective,HYDRAULIC-LEAK,107,1432,000170001258
WO-2176423,ASSET-01289,Corrective,HYDRAULIC-LEAK,52,1136,000170001258
WO-2176424,ASSET-01289,Preventive,,0,,000170001258
WO-2176425,ASSET-01289,Preventive,,0,,000170001258
WO-2176426,ASSET-01290,Preventive,,0,,000170001259
WO-2176427,ASSET-01290,Emergency,CALIBRATION-DRIFT,533,393,000170001259
WO-2176428,ASSET-01290,Preventive,,0,,000170001259
WO-2176429,ASSET-01290,Corrective,CONTROLLER-FAULT,39,1955,000170001259
WO-2176430,ASSET-01290,Corrective,BELT-FAILURE,157,656,000170001259
WO-2176431,ASSET-01291,Corrective,SPINDLE-SEIZURE,128,1307,000170001260
WO-2176432,ASSET-01291,Preventive,,0,,000170001260
WO-2176433,ASSET-01291,Corrective,DIE-WEAR,99,926,000170001260
WO-2176434,ASSET-01291,Corrective,PNEUMATIC-LEAK,70,733,000170001260
WO-2176435,ASSET-01291,Corrective,CONTROLLER-FAULT,100,1546,000170001260
WO-2176436,ASSET-01292,Corrective,PNEUMATIC-LEAK,98,1004,000170001261
WO-2176437,ASSET-01292,Corrective,MOTOR-BURNOUT,102,316,000170001261
WO-2176438,ASSET-01293,Preventive,,0,,000170001262
WO-2176439,ASSET-01293,Preventive,,0,,000170001262
WO-2176440,ASSET-01293,Preventive,,0,,000170001262
WO-2176441,ASSET-01293,Preventive,,0,,000170001262
WO-2176442,ASSET-01294,Preventive,,0,,000170001263
WO-2176443,ASSET-01294,Preventive,,0,,000170001263
WO-2176444,ASSET-01294,Emergency,BEARING-FAILURE,124,644,000170001263
WO-2176445,ASSET-01294,Preventive,,0,,000170001263
WO-2176446,ASSET-01295,Corrective,SENSOR-FAULT,132,320,000170001264
WO-2176447,ASSET-01295,Corrective,DIE-WEAR,44,573,000170001264
WO-2176448,ASSET-01295,Corrective,DIE-WEAR,106,1217,000170001264
WO-2176449,ASSET-01295,Preventive,,0,,000170001264
WO-2176450,ASSET-01295,Preventive,,0,,000170001264
WO-2176451,ASSET-01296,Emergency,CALIBRATION-DRIFT,169,1278,000170001265
WO-2176452,ASSET-01296,Preventive,,0,,000170001265
WO-2176453,ASSET-01296,Emergency,CONTROLLER-FAULT,414,1646,000170001265
WO-2176454,ASSET-01296,Preventive,,0,,000170001265
WO-2176455,ASSET-01296,Corrective,CONTROLLER-FAULT,179,1287,000170001265
WO-2176456,ASSET-01296,Preventive,,0,,000170001265
WO-2176457,ASSET-01297,Corrective,PNEUMATIC-LEAK,149,803,000170001266
WO-2176458,ASSET-01297,Corrective,SENSOR-FAULT,173,1470,000170001266
WO-2176459,ASSET-01297,Corrective,PNEUMATIC-LEAK,228,223,000170001266
WO-2176460,ASSET-01297,Preventive,,0,,000170001266
WO-2176461,ASSET-01297,Corrective,HYDRAULIC-LEAK,102,1626,000170001266
WO-2176462,ASSET-01297,Emergency,CONTROLLER-FAULT,574,1642,000170001266
WO-2176463,ASSET-01298,Preventive,,0,,000170001267
WO-2176464,ASSET-01298,Corrective,MOTOR-BURNOUT,209,1008,000170001267
WO-2176465,ASSET-01298,Corrective,SENSOR-FAULT,76,649,000170001267
WO-2176466,ASSET-01298,Preventive,,0,,000170001267
WO-2176467,ASSET-01298,Preventive,,0,,000170001267
WO-2176468,ASSET-01299,Preventive,,0,,000170001268
WO-2176469,ASSET-01299,Emergency,CALIBRATION-DRIFT,321,951,000170001268
WO-2176470,ASSET-01299,Emergency,BELT-FAILURE,328,1169,000170001268
WO-2176471,ASSET-01299,Preventive,,0,,000170001268
WO-2176472,ASSET-01300,Corrective,PNEUMATIC-LEAK,163,983,000170001269
WO-2176473,ASSET-01300,Preventive,,0,,000170001269
WO-2176474,ASSET-01300,Preventive,,0,,000170001269
WO-2176475,ASSET-01301,Corrective,BEARING-FAILURE,155,1306,000170001270
WO-2176476,ASSET-01301,Emergency,PNEUMATIC-LEAK,446,671,000170001270
WO-2176477,ASSET-01301,Preventive,,0,,000170001270
WO-2176478,ASSET-01301,Preventive,,0,,000170001270
WO-2176479,ASSET-01301,Preventive,,0,,000170001270
WO-2176480,ASSET-01301,Emergency,PNEUMATIC-LEAK,235,1506,000170001270
WO-2176481,ASSET-01303,Preventive,,0,,000170001272
WO-2176482,ASSET-01303,Preventive,,0,,000170001272
WO-2176483,ASSET-01303,Emergency,MOTOR-BURNOUT,212,779,000170001272
WO-2176484,ASSET-01303,Preventive,,0,,000170001272
WO-2176485,ASSET-01304,Corrective,PNEUMATIC-LEAK,177,242,000170001273
WO-2176486,ASSET-01304,Preventive,,0,,000170001273
WO-2176487,ASSET-01304,Corrective,CALIBRATION-DRIFT,143,1069,000170001273
WO-2176488,ASSET-01305,Corrective,SPINDLE-SEIZURE,207,1027,000170001274
WO-2176489,ASSET-01305,Corrective,HYDRAULIC-LEAK,46,1876,000170001274
WO-2176490,ASSET-01305,Preventive,,0,,000170001274
WO-2176491,ASSET-01305,Preventive,,0,,000170001274
WO-2176492,ASSET-01305,Corrective,CALIBRATION-DRIFT,49,1789,000170001274
WO-2176493,ASSET-01305,Preventive,,0,,000170001274
WO-2176494,ASSET-01306,Corrective,MOTOR-BURNOUT,35,1847,000170001275
WO-2176495,ASSET-01306,Preventive,,0,,000170001275
WO-2176496,ASSET-01306,Corrective,BELT-FAILURE,207,1570,000170001275
WO-2176497,ASSET-01307,Corrective,CALIBRATION-DRIFT,142,240,000170001276
WO-2176498,ASSET-01307,Corrective,SPINDLE-SEIZURE,202,1692,000170001276
WO-2176499,ASSET-01307,Corrective,CALIBRATION-DRIFT,163,1828,000170001276
WO-2176500,ASSET-01308,Preventive,,0,,000170001277
WO-2176501,ASSET-01308,Preventive,,0,,000170001277
WO-2176502,ASSET-01308,Corrective,MOTOR-BURNOUT,201,307,000170001277
WO-2176503,ASSET-01309,Preventive,,0,,000170001278
WO-2176504,ASSET-01309,Preventive,,0,,000170001278
WO-2176505,ASSET-01309,Preventive,,0,,000170001278
WO-2176506,ASSET-01310,Preventive,,0,,000170001279
WO-2176507,ASSET-01310,Corrective,BEARING-FAILURE,98,730,000170001279
WO-2176508,ASSET-01311,Preventive,,0,,000170001280
WO-2176509,ASSET-01311,Corrective,DIE-WEAR,56,201,000170001280
WO-2176510,ASSET-01311,Preventive,,0,,000170001280
WO-2176511,ASSET-01312,Preventive,,0,,000170001281
WO-2176512,ASSET-01312,Preventive,,0,,000170001281
WO-2176513,ASSET-01312,Corrective,SPINDLE-SEIZURE,236,1323,000170001281
WO-2176514,ASSET-01312,Corrective,MOTOR-BURNOUT,137,253,000170001281
WO-2176515,ASSET-01312,Preventive,,0,,000170001281
WO-2176516,ASSET-01312,Preventive,,0,,000170001281
WO-2176517,ASSET-01312,Preventive,,0,,000170001281
WO-2176518,ASSET-01312,Preventive,,0,,000170001281
WO-2176519,ASSET-01313,Corrective,DIE-WEAR,80,775,000170001282
WO-2176520,ASSET-01313,Preventive,,0,,000170001282
WO-2176521,ASSET-01313,Preventive,,0,,000170001282
WO-2176522,ASSET-01313,Emergency,HYDRAULIC-LEAK,205,283,000170001282
WO-2176523,ASSET-01313,Corrective,CONTROLLER-FAULT,31,1901,000170001282
WO-2176524,ASSET-01313,Preventive,,0,,000170001282
WO-2176525,ASSET-01314,Corrective,SPINDLE-SEIZURE,182,1969,000170001283
WO-2176526,ASSET-01314,Corrective,BELT-FAILURE,101,1813,000170001283
WO-2176527,ASSET-01314,Preventive,,0,,000170001283
WO-2176528,ASSET-01314,Corrective,HYDRAULIC-LEAK,104,1929,000170001283
WO-2176529,ASSET-01314,Emergency,CONTROLLER-FAULT,297,1916,000170001283
WO-2176530,ASSET-01314,Corrective,MOTOR-BURNOUT,46,1109,000170001283
WO-2176531,ASSET-01314,Preventive,,0,,000170001283
WO-2176532,ASSET-01315,Corrective,PNEUMATIC-LEAK,107,1662,000170001284
WO-2176533,ASSET-01315,Preventive,,0,,000170001284
WO-2176534,ASSET-01315,Preventive,,0,,000170001284
WO-2176535,ASSET-01315,Preventive,,0,,000170001284
WO-2176536,ASSET-01315,Corrective,SENSOR-FAULT,106,938,000170001284
WO-2176537,ASSET-01316,Preventive,,0,,000170001285
WO-2176538,ASSET-01316,Corrective,HYDRAULIC-LEAK,175,1495,000170001285
WO-2176539,ASSET-01316,Preventive,,0,,000170001285
WO-2176540,ASSET-01316,Preventive,,0,,000170001285
WO-2176541,ASSET-01317,Preventive,,0,,000170001286
WO-2176542,ASSET-01317,Preventive,,0,,000170001286
WO-2176543,ASSET-01317,Preventive,,0,,000170001286
WO-2176544,ASSET-01317,Preventive,,0,,000170001286
WO-2176545,ASSET-01317,Corrective,SENSOR-FAULT,194,1167,000170001286
WO-2176546,ASSET-01317,Corrective,HYDRAULIC-LEAK,220,747,000170001286
WO-2176547,ASSET-01318,Preventive,,0,,000170001287
WO-2176548,ASSET-01318,Preventive,,0,,000170001287
WO-2176549,ASSET-01318,Corrective,PNEUMATIC-LEAK,93,1228,000170001287
WO-2176550,ASSET-01318,Corrective,BELT-FAILURE,126,1903,000170001287
WO-2176551,ASSET-01318,Corrective,BEARING-FAILURE,82,1671,000170001287
WO-2176552,ASSET-01319,Preventive,,0,,000170001288
WO-2176553,ASSET-01319,Emergency,DIE-WEAR,437,546,000170001288
WO-2176554,ASSET-01319,Preventive,,0,,000170001288
WO-2176555,ASSET-01319,Preventive,,0,,000170001288
WO-2176556,ASSET-01319,Emergency,PNEUMATIC-LEAK,231,1400,000170001288
WO-2176557,ASSET-01319,Corrective,SENSOR-FAULT,206,293,000170001288
WO-2176558,ASSET-01319,Preventive,,0,,000170001288
WO-2176559,ASSET-01320,Preventive,,0,,000170001289
WO-2176560,ASSET-01320,Corrective,DIE-WEAR,208,1825,000170001289
WO-2176561,ASSET-01320,Preventive,,0,,000170001289
WO-2176562,ASSET-01320,Corrective,PNEUMATIC-LEAK,230,1577,000170001289
WO-2176563,ASSET-01321,Preventive,,0,,000170001290
WO-2176564,ASSET-01321,Preventive,,0,,000170001290
WO-2176565,ASSET-01321,Emergency,CONTROLLER-FAULT,198,805,000170001290
WO-2176566,ASSET-01321,Emergency,SENSOR-FAULT,443,1947,000170001290
WO-2176567,ASSET-01321,Corrective,DIE-WEAR,100,1400,000170001290
WO-2176568,ASSET-01321,Preventive,,0,,000170001290
WO-2176569,ASSET-01321,Preventive,,0,,000170001290
WO-2176570,ASSET-01321,Preventive,,0,,000170001290
WO-2176571,ASSET-01322,Corrective,PNEUMATIC-LEAK,102,1558,000170001291
WO-2176572,ASSET-01322,Corrective,SPINDLE-SEIZURE,212,450,000170001291
WO-2176573,ASSET-01323,Preventive,,0,,000170001292
WO-2176574,ASSET-01323,Preventive,,0,,000170001292
WO-2176575,ASSET-01323,Emergency,SPINDLE-SEIZURE,217,1981,000170001292
WO-2176576,ASSET-01323,Corrective,CONTROLLER-FAULT,103,1190,000170001292
WO-2176577,ASSET-01323,Corrective,MOTOR-BURNOUT,119,980,000170001292
WO-2176578,ASSET-01323,Preventive,,0,,000170001292
WO-2176579,ASSET-01323,Preventive,,0,,000170001292
WO-2176580,ASSET-01323,Preventive,,0,,000170001292
WO-2176581,ASSET-01324,Corrective,MOTOR-BURNOUT,43,1315,000170001293
WO-2176582,ASSET-01324,Preventive,,0,,000170001293
WO-2176583,ASSET-01324,Corrective,DIE-WEAR,108,238,000170001293
WO-2176584,ASSET-01324,Preventive,,0,,000170001293
WO-2176585,ASSET-01324,Preventive,,0,,000170001293
WO-2176586,ASSET-01324,Preventive,,0,,000170001293
WO-2176587,ASSET-01324,Preventive,,0,,000170001293
WO-2176588,ASSET-01324,Corrective,CONTROLLER-FAULT,75,708,000170001293
WO-2176589,ASSET-01324,Preventive,,0,,000170001293
WO-2176590,ASSET-01325,Corrective,BELT-FAILURE,149,1208,000170001294
WO-2176591,ASSET-01325,Preventive,,0,,000170001294
WO-2176592,ASSET-01325,Preventive,,0,,000170001294
WO-2176593,ASSET-01325,Corrective,SPINDLE-SEIZURE,221,1858,000170001294
WO-2176594,ASSET-01325,Preventive,,0,,000170001294
WO-2176595,ASSET-01326,Corrective,SPINDLE-SEIZURE,103,252,000170001295
WO-2176596,ASSET-01326,Preventive,,0,,000170001295
WO-2176597,ASSET-01326,Corrective,HYDRAULIC-LEAK,188,1462,000170001295
WO-2176598,ASSET-01326,Preventive,,0,,000170001295
WO-2176599,ASSET-01326,Corrective,SPINDLE-SEIZURE,43,525,000170001295
WO-2176600,ASSET-01327,Preventive,,0,,000170001296
WO-2176601,ASSET-01327,Preventive,,0,,000170001296
WO-2176602,ASSET-01327,Corrective,CONTROLLER-FAULT,189,1573,000170001296
WO-2176603,ASSET-01327,Preventive,,0,,000170001296
WO-2176604,ASSET-01327,Corrective,SENSOR-FAULT,215,1312,000170001296
WO-2176605,ASSET-01327,Corrective,PNEUMATIC-LEAK,49,1380,000170001296
WO-2176606,ASSET-01328,Corrective,SPINDLE-SEIZURE,32,651,000170001297
WO-2176607,ASSET-01328,Emergency,BELT-FAILURE,234,1450,000170001297
WO-2176608,ASSET-01328,Preventive,,0,,000170001297
WO-2176609,ASSET-01328,Corrective,SENSOR-FAULT,204,1312,000170001297
WO-2176610,ASSET-01329,Corrective,SENSOR-FAULT,146,1409,000170001298
WO-2176611,ASSET-01329,Corrective,CONTROLLER-FAULT,107,1940,000170001298
WO-2176612,ASSET-01329,Preventive,,0,,000170001298
WO-2176613,ASSET-01329,Preventive,,0,,000170001298
WO-2176614,ASSET-01329,Preventive,,0,,000170001298
WO-2176615,ASSET-01329,Preventive,,0,,000170001298
WO-2176616,ASSET-01329,Preventive,,0,,000170001298
WO-2176617,ASSET-01330,Emergency,CONTROLLER-FAULT,136,887,000170001299
WO-2176618,ASSET-01330,Preventive,,0,,000170001299
WO-2176619,ASSET-01330,Emergency,PNEUMATIC-LEAK,429,1088,000170001299
WO-2176620,ASSET-01330,Preventive,,0,,000170001299
WO-2176621,ASSET-01331,Corrective,MOTOR-BURNOUT,185,306,000170001300
WO-2176622,ASSET-01331,Emergency,CALIBRATION-DRIFT,183,658,000170001300
WO-2176623,ASSET-01331,Preventive,,0,,000170001300
WO-2176624,ASSET-01332,Preventive,,0,,000170001301
WO-2176625,ASSET-01332,Preventive,,0,,000170001301
WO-2176626,ASSET-01332,Preventive,,0,,000170001301
WO-2176627,ASSET-01333,Preventive,,0,,000170001302
WO-2176628,ASSET-01333,Corrective,CALIBRATION-DRIFT,206,1299,000170001302
WO-2176629,ASSET-01333,Preventive,,0,,000170001302
WO-2176630,ASSET-01334,Preventive,,0,,000170001303
WO-2176631,ASSET-01334,Emergency,CONTROLLER-FAULT,99,965,000170001303
WO-2176632,ASSET-01334,Corrective,BEARING-FAILURE,34,1864,000170001303
WO-2176633,ASSET-01334,Emergency,BELT-FAILURE,85,1150,000170001303
WO-2176634,ASSET-01334,Preventive,,0,,000170001303
WO-2176635,ASSET-01335,Corrective,BELT-FAILURE,176,1685,000170001304
WO-2176636,ASSET-01335,Preventive,,0,,000170001304
WO-2176637,ASSET-01335,Emergency,MOTOR-BURNOUT,212,947,000170001304
WO-2176638,ASSET-01335,Preventive,,0,,000170001304
WO-2176639,ASSET-01335,Preventive,,0,,000170001304
WO-2176640,ASSET-01335,Preventive,,0,,000170001304
WO-2176641,ASSET-01335,Preventive,,0,,000170001304
WO-2176642,ASSET-01335,Corrective,CONTROLLER-FAULT,52,1121,000170001304
WO-2176643,ASSET-01335,Corrective,BELT-FAILURE,51,1283,000170001304
WO-2176644,ASSET-01335,Corrective,SPINDLE-SEIZURE,84,1681,000170001304
WO-2176645,ASSET-01336,Preventive,,0,,000170001305
WO-2176646,ASSET-01336,Preventive,,0,,000170001305
WO-2176647,ASSET-01336,Corrective,DIE-WEAR,117,1071,000170001305
WO-2176648,ASSET-01336,Preventive,,0,,000170001305
WO-2176649,ASSET-01336,Corrective,HYDRAULIC-LEAK,215,877,000170001305
WO-2176650,ASSET-01337,Preventive,,0,,000170001306
WO-2176651,ASSET-01337,Preventive,,0,,000170001306
WO-2176652,ASSET-01337,Corrective,MOTOR-BURNOUT,133,729,000170001306
WO-2176653,ASSET-01337,Emergency,SPINDLE-SEIZURE,490,1527,000170001306
WO-2176654,ASSET-01337,Emergency,BEARING-FAILURE,380,520,000170001306
WO-2176655,ASSET-01338,Preventive,,0,,000170001307
WO-2176656,ASSET-01338,Preventive,,0,,000170001307
WO-2176657,ASSET-01338,Preventive,,0,,000170001307
WO-2176658,ASSET-01338,Corrective,SPINDLE-SEIZURE,81,492,000170001307
WO-2176659,ASSET-01338,Corrective,DIE-WEAR,130,1904,000170001307
WO-2176660,ASSET-01338,Corrective,PNEUMATIC-LEAK,123,693,000170001307
WO-2176661,ASSET-01339,Preventive,,0,,000170001308
WO-2176662,ASSET-01339,Preventive,,0,,000170001308
WO-2176663,ASSET-01339,Preventive,,0,,000170001308
WO-2176664,ASSET-01340,Preventive,,0,,000170001309
WO-2176665,ASSET-01340,Corrective,HYDRAULIC-LEAK,192,488,000170001309
WO-2176666,ASSET-01340,Emergency,CALIBRATION-DRIFT,344,1128,000170001309
WO-2176667,ASSET-01340,Corrective,BEARING-FAILURE,81,796,000170001309
WO-2176668,ASSET-01340,Emergency,DIE-WEAR,543,1227,000170001309
WO-2176669,ASSET-01340,Preventive,,0,,000170001309
WO-2176670,ASSET-01340,Emergency,SENSOR-FAULT,122,785,000170001309
WO-2176671,ASSET-01340,Preventive,,0,,000170001309
WO-2176672,ASSET-01341,Emergency,CALIBRATION-DRIFT,418,1420,000170001310
WO-2176673,ASSET-01341,Emergency,BEARING-FAILURE,319,1417,000170001310
WO-2176674,ASSET-01341,Corrective,BEARING-FAILURE,238,1317,000170001310
WO-2176675,ASSET-01341,Preventive,,0,,000170001310
WO-2176676,ASSET-01341,Corrective,BELT-FAILURE,139,1894,000170001310
WO-2176677,ASSET-01342,Preventive,,0,,000170001311
WO-2176678,ASSET-01342,Preventive,,0,,000170001311
WO-2176679,ASSET-01342,Emergency,DIE-WEAR,167,1897,000170001311
WO-2176680,ASSET-01342,Emergency,CONTROLLER-FAULT,280,1593,000170001311
WO-2176681,ASSET-01342,Preventive,,0,,000170001311
WO-2176682,ASSET-01342,Preventive,,0,,000170001311
WO-2176683,ASSET-01342,Emergency,CONTROLLER-FAULT,76,1990,000170001311
WO-2176684,ASSET-01343,Emergency,CONTROLLER-FAULT,480,285,000170001312
WO-2176685,ASSET-01343,Corrective,SPINDLE-SEIZURE,120,1087,000170001312
WO-2176686,ASSET-01343,Corrective,BELT-FAILURE,222,483,000170001312
WO-2176687,ASSET-01343,Preventive,,0,,000170001312
WO-2176688,ASSET-01343,Preventive,,0,,000170001312
WO-2176689,ASSET-01343,Corrective,SENSOR-FAULT,157,499,000170001312
WO-2176690,ASSET-01344,Preventive,,0,,000170001313
WO-2176691,ASSET-01344,Preventive,,0,,000170001313
WO-2176692,ASSET-01344,Preventive,,0,,000170001313
WO-2176693,ASSET-01344,Preventive,,0,,000170001313
WO-2176694,ASSET-01345,Preventive,,0,,000170001314
WO-2176695,ASSET-01345,Preventive,,0,,000170001314
WO-2176696,ASSET-01345,Preventive,,0,,000170001314
WO-2176697,ASSET-01346,Corrective,HYDRAULIC-LEAK,191,1380,000170001315
WO-2176698,ASSET-01346,Emergency,BELT-FAILURE,318,433,000170001315
WO-2176699,ASSET-01346,Corrective,PNEUMATIC-LEAK,203,1357,000170001315
WO-2176700,ASSET-01346,Preventive,,0,,000170001315
WO-2176701,ASSET-01346,Emergency,BELT-FAILURE,197,303,000170001315
WO-2176702,ASSET-01346,Corrective,PNEUMATIC-LEAK,145,1415,000170001315
WO-2176703,ASSET-01346,Preventive,,0,,000170001315
WO-2176704,ASSET-01346,Preventive,,0,,000170001315
WO-2176705,ASSET-01347,Preventive,,0,,000170001316
WO-2176706,ASSET-01347,Corrective,HYDRAULIC-LEAK,119,1724,000170001316
WO-2176707,ASSET-01347,Preventive,,0,,000170001316
WO-2176708,ASSET-01347,Corrective,HYDRAULIC-LEAK,194,750,000170001316
WO-2176709,ASSET-01348,Preventive,,0,,000170001317
WO-2176710,ASSET-01348,Preventive,,0,,000170001317
WO-2176711,ASSET-01348,Emergency,MOTOR-BURNOUT,275,1065,000170001317
WO-2176712,ASSET-01348,Corrective,BELT-FAILURE,227,1708,000170001317
WO-2176713,ASSET-01348,Preventive,,0,,000170001317
WO-2176714,ASSET-01349,Corrective,CALIBRATION-DRIFT,43,1736,000170001318
WO-2176715,ASSET-01349,Preventive,,0,,000170001318
WO-2176716,ASSET-01349,Preventive,,0,,000170001318
WO-2176717,ASSET-01349,Preventive,,0,,000170001318
WO-2176718,ASSET-01349,Preventive,,0,,000170001318
WO-2176719,ASSET-01349,Emergency,CONTROLLER-FAULT,298,807,000170001318
WO-2176720,ASSET-01349,Corrective,DIE-WEAR,169,1165,000170001318
WO-2176721,ASSET-01349,Preventive,,0,,000170001318
WO-2176722,ASSET-01349,Preventive,,0,,000170001318
WO-2176723,ASSET-01349,Preventive,,0,,000170001318
WO-2176724,ASSET-01349,Corrective,CONTROLLER-FAULT,103,1911,000170001318
