WorkOrderID,EquipmentID,WOType,FailureCode,DowntimeMinutes,MTBF_Hours,ERPAssetRef
WO-2080001,ASSET-00001,Preventive,,0,,000080000001
WO-2080002,ASSET-00001,Emergency,DIE-WEAR,437,1337,000080000001
WO-2080003,ASSET-00002,Preventive,,0,,000080000003
WO-2080004,ASSET-00002,Corrective,CONTROLLER-FAULT,99,1878,000080000003
WO-2080005,ASSET-00002,Corrective,BELT-FAILURE,209,397,000080000003
WO-2080006,ASSET-00002,Corrective,SENSOR-FAULT,81,1453,000080000003
WO-2080007,ASSET-00002,Preventive,,0,,000080000003
WO-2080008,ASSET-00002,Preventive,,0,,000080000003
WO-2080009,ASSET-00003,Preventive,,0,,000080000004
WO-2080010,ASSET-00003,Corrective,MOTOR-BURNOUT,69,792,000080000004
WO-2080011,ASSET-00003,Emergency,SENSOR-FAULT,578,1544,000080000004
WO-2080012,ASSET-00003,Emergency,DIE-WEAR,503,1057,000080000004
WO-2080013,ASSET-00003,Emergency,MOTOR-BURNOUT,581,1894,000080000004
WO-2080014,ASSET-00003,Emergency,CONTROLLER-FAULT,244,246,000080000004
WO-2080015,ASSET-00004,Corrective,SPINDLE-SEIZURE,226,1465,000080000005
WO-2080016,ASSET-00004,Preventive,,0,,000080000005
WO-2080017,ASSET-00004,Preventive,,0,,000080000005
WO-2080018,ASSET-00004,Emergency,DIE-WEAR,137,706,000080000005
WO-2080019,ASSET-00004,Preventive,,0,,000080000005
WO-2080020,ASSET-00004,Emergency,BELT-FAILURE,477,580,000080000005
WO-2080021,ASSET-00005,Preventive,,0,,000080000006
WO-2080022,ASSET-00005,Preventive,,0,,000080000006
WO-2080023,ASSET-00005,Corrective,MOTOR-BURNOUT,144,736,000080000006
WO-2080024,ASSET-00005,Preventive,,0,,000080000006
WO-2080025,ASSET-00007,Emergency,CALIBRATION-DRIFT,241,739,000080000008
WO-2080026,ASSET-00007,Preventive,,0,,000080000008
WO-2080027,ASSET-00007,Preventive,,0,,000080000008
WO-2080028,ASSET-00007,Preventive,,0,,000080000008
WO-2080029,ASSET-00007,Preventive,,0,,000080000008
WO-2080030,ASSET-00007,Preventive,,0,,000080000008
WO-2080031,ASSET-00007,Preventive,,0,,000080000008
WO-2080032,ASSET-00007,Preventive,,0,,000080000008
WO-2080033,ASSET-00007,Corrective,HYDRAULIC-LEAK,206,1267,000080000008
WO-2080034,ASSET-00008,Emergency,PNEUMATIC-LEAK,346,1477,000080000009
WO-2080035,ASSET-00008,Corrective,BELT-FAILURE,187,234,000080000009
WO-2080036,ASSET-00008,Emergency,CALIBRATION-DRIFT,138,882,000080000009
WO-2080037,ASSET-00008,Preventive,,0,,000080000009
WO-2080038,ASSET-00008,Preventive,,0,,000080000009
WO-2080039,ASSET-00008,Preventive,,0,,000080000009
WO-2080040,ASSET-00008,Preventive,,0,,000080000009
WO-2080041,ASSET-00009,Preventive,,0,,000080000010
WO-2080042,ASSET-00009,Preventive,,0,,000080000010
WO-2080043,ASSET-00009,Corrective,BEARING-FAILURE,200,1891,000080000010
WO-2080044,ASSET-00009,Corrective,SPINDLE-SEIZURE,95,428,000080000010
WO-2080045,ASSET-00010,Preventive,,0,,000080000011
WO-2080046,ASSET-00010,Preventive,,0,,000080000011
WO-2080047,ASSET-00010,Preventive,,0,,000080000011
WO-2080048,ASSET-00010,Emergency,HYDRAULIC-LEAK,374,1561,000080000011
WO-2080049,ASSET-00010,Preventive,,0,,000080000011
WO-2080050,ASSET-00011,Preventive,,0,,000080000012
WO-2080051,ASSET-00011,Corrective,BEARING-FAILURE,106,1247,000080000012
WO-2080052,ASSET-00011,Preventive,,0,,000080000012
WO-2080053,ASSET-00011,Preventive,,0,,000080000012
WO-2080054,ASSET-00012,Emergency,HYDRAULIC-LEAK,481,957,
WO-2080055,ASSET-00012,Preventive,,0,,
WO-2080056,ASSET-00012,Emergency,PNEUMATIC-LEAK,121,236,
WO-2080057,ASSET-00012,Preventive,,0,,
WO-2080058,ASSET-00012,Corrective,MOTOR-BURNOUT,151,612,
WO-2080059,ASSET-00013,Corrective,CALIBRATION-DRIFT,118,1785,000080000013
WO-2080060,ASSET-00013,Preventive,,0,,000080000013
WO-2080061,ASSET-00013,Preventive,,0,,000080000013
WO-2080062,ASSET-00013,Corrective,DIE-WEAR,221,830,000080000013
WO-2080063,ASSET-00013,Emergency,SENSOR-FAULT,463,806,000080000013
WO-2080064,ASSET-00013,Corrective,PNEUMATIC-LEAK,68,1740,000080000013
WO-2080065,ASSET-00014,Preventive,,0,,000080000014
WO-2080066,ASSET-00014,Corrective,SENSOR-FAULT,208,1685,000080000014
WO-2080067,ASSET-00014,Corrective,PNEUMATIC-LEAK,238,1562,000080000014
WO-2080068,ASSET-00014,Emergency,CONTROLLER-FAULT,556,1063,000080000014
WO-2080069,ASSET-00014,Preventive,,0,,000080000014
WO-2080070,ASSET-00014,Preventive,,0,,000080000014
WO-2080071,ASSET-00014,Preventive,,0,,000080000014
WO-2080072,ASSET-00015,Preventive,,0,,000080000015
WO-2080073,ASSET-00015,Corrective,CONTROLLER-FAULT,63,1069,000080000015
WO-2080074,ASSET-00015,Corrective,HYDRAULIC-LEAK,149,831,000080000015
WO-2080075,ASSET-00015,Corrective,SENSOR-FAULT,202,241,000080000015
WO-2080076,ASSET-00015,Preventive,,0,,000080000015
WO-2080077,ASSET-00015,Preventive,,0,,000080000015
WO-2080078,ASSET-00015,Corrective,DIE-WEAR,152,417,000080000015
WO-2080079,ASSET-00015,Corrective,BELT-FAILURE,87,1544,000080000015
WO-2080080,ASSET-00015,Corrective,SENSOR-FAULT,34,1700,000080000015
WO-2080081,ASSET-00015,Preventive,,0,,000080000015
WO-2080082,ASSET-00016,Emergency,CONTROLLER-FAULT,210,1967,000080000017
WO-2080083,ASSET-00016,Emergency,BEARING-FAILURE,593,1097,000080000017
WO-2080084,ASSET-00016,Corrective,CONTROLLER-FAULT,92,903,000080000017
WO-2080085,ASSET-00016,Preventive,,0,,000080000017
WO-2080086,ASSET-00017,Corrective,CONTROLLER-FAULT,88,726,000080000018
WO-2080087,ASSET-00017,Emergency,CONTROLLER-FAULT,473,544,000080000018
WO-2080088,ASSET-00017,Preventive,,0,,000080000018
WO-2080089,ASSET-00018,Corrective,BEARING-FAILURE,87,523,000080000019
WO-2080090,ASSET-00018,Preventive,,0,,000080000019
WO-2080091,ASSET-00018,Corrective,HYDRAULIC-LEAK,130,1926,000080000019
WO-2080092,ASSET-00018,Corrective,BEARING-FAILURE,71,1118,000080000019
WO-2080093,ASSET-00018,Preventive,,0,,000080000019
WO-2080094,ASSET-00018,Preventive,,0,,000080000019
WO-2080095,ASSET-00018,Preventive,,0,,000080000019
WO-2080096,ASSET-00018,Preventive,,0,,000080000019
WO-2080097,ASSET-00018,Emergency,MOTOR-BURNOUT,345,1064,000080000019
WO-2080098,ASSET-00019,Preventive,,0,,000080000020
WO-2080099,ASSET-00019,Preventive,,0,,000080000020
WO-2080100,ASSET-00019,Preventive,,0,,000080000020
WO-2080101,ASSET-00019,Preventive,,0,,000080000020
WO-2080102,ASSET-00020,Preventive,,0,,000080000021
WO-2080103,ASSET-00020,Corrective,CALIBRATION-DRIFT,80,1018,000080000021
WO-2080104,ASSET-00020,Preventive,,0,,000080000021
WO-2080105,ASSET-00020,Preventive,,0,,000080000021
WO-2080106,ASSET-00020,Corrective,SENSOR-FAULT,150,490,000080000021
WO-2080107,ASSET-00021,Preventive,,0,,
WO-2080108,ASSET-00021,Preventive,,0,,
WO-2080109,ASSET-00021,Preventive,,0,,
WO-2080110,ASSET-00021,Corrective,DIE-WEAR,102,1033,
WO-2080111,ASSET-00021,Corrective,MOTOR-BURNOUT,193,1469,
WO-2080112,ASSET-00021,Emergency,DIE-WEAR,598,1865,
WO-2080113,ASSET-00021,Corrective,MOTOR-BURNOUT,229,1663,
WO-2080114,ASSET-00021,Corrective,BEARING-FAILURE,198,680,
WO-2080115,ASSET-00022,Corrective,DIE-WEAR,139,577,000080000022
WO-2080116,ASSET-00022,Preventive,,0,,000080000022
WO-2080117,ASSET-00022,Corrective,SENSOR-FAULT,120,369,000080000022
WO-2080118,ASSET-00022,Preventive,,0,,000080000022
WO-2080119,ASSET-00022,Preventive,,0,,000080000022
WO-2080120,ASSET-00022,Preventive,,0,,000080000022
WO-2080121,ASSET-00023,Corrective,BEARING-FAILURE,163,1174,000080000023
WO-2080122,ASSET-00023,Preventive,,0,,000080000023
WO-2080123,ASSET-00023,Preventive,,0,,000080000023
WO-2080124,ASSET-00023,Corrective,DIE-WEAR,54,1521,000080000023
WO-2080125,ASSET-00023,Corrective,DIE-WEAR,130,1154,000080000023
WO-2080126,ASSET-00024,Corrective,BEARING-FAILURE,215,1460,000080000024
WO-2080127,ASSET-00024,Corrective,CALIBRATION-DRIFT,238,847,000080000024
WO-2080128,ASSET-00024,Preventive,,0,,000080000024
WO-2080129,ASSET-00024,Corrective,CONTROLLER-FAULT,133,710,000080000024
WO-2080130,ASSET-00025,Preventive,,0,,000080000025
WO-2080131,ASSET-00025,Preventive,,0,,000080000025
WO-2080132,ASSET-00025,Corrective,DIE-WEAR,229,1077,000080000025
WO-2080133,ASSET-00025,Corrective,SPINDLE-SEIZURE,176,567,000080000025
WO-2080134,ASSET-00025,Preventive,,0,,000080000025
WO-2080135,ASSET-00025,Preventive,,0,,000080000025
WO-2080136,ASSET-00025,Emergency,BEARING-FAILURE,343,383,000080000025
WO-2080137,ASSET-00026,Preventive,,0,,000080000026
WO-2080138,ASSET-00026,Preventive,,0,,000080000026
WO-2080139,ASSET-00027,Preventive,,0,,000080000027
WO-2080140,ASSET-00027,Emergency,DIE-WEAR,442,1637,000080000027
WO-2080141,ASSET-00028,Emergency,DIE-WEAR,274,463,000080000028
WO-2080142,ASSET-00028,Preventive,,0,,000080000028
WO-2080143,ASSET-00028,Corrective,SPINDLE-SEIZURE,131,202,000080000028
WO-2080144,ASSET-00028,Preventive,,0,,000080000028
WO-2080145,ASSET-00028,Emergency,CALIBRATION-DRIFT,205,1198,000080000028
WO-2080146,ASSET-00028,Preventive,,0,,000080000028
WO-2080147,ASSET-00028,Corrective,SENSOR-FAULT,131,1308,000080000028
WO-2080148,ASSET-00028,Corrective,BEARING-FAILURE,112,1591,000080000028
WO-2080149,ASSET-00029,Corrective,MOTOR-BURNOUT,46,321,000080000029
WO-2080150,ASSET-00029,Emergency,PNEUMATIC-LEAK,114,1619,000080000029
WO-2080151,ASSET-00029,Corrective,HYDRAULIC-LEAK,73,1658,000080000029
WO-2080152,ASSET-00029,Emergency,MOTOR-BURNOUT,137,1854,000080000029
WO-2080153,ASSET-00029,Corrective,CONTROLLER-FAULT,188,1397,000080000029
WO-2080154,ASSET-00029,Corrective,HYDRAULIC-LEAK,214,1929,000080000029
WO-2080155,ASSET-00030,Preventive,,0,,000080000030
WO-2080156,ASSET-00030,Corrective,SPINDLE-SEIZURE,165,1309,000080000030
WO-2080157,ASSET-00031,Preventive,,0,,000080000031
WO-2080158,ASSET-00031,Preventive,,0,,000080000031
WO-2080159,ASSET-00032,Emergency,CONTROLLER-FAULT,61,1192,000080000032
WO-2080160,ASSET-00032,Preventive,,0,,000080000032
WO-2080161,ASSET-00032,Preventive,,0,,000080000032
WO-2080162,ASSET-00032,Preventive,,0,,000080000032
WO-2080163,ASSET-00032,Preventive,,0,,000080000032
WO-2080164,ASSET-00033,Preventive,,0,,000080000033
WO-2080165,ASSET-00033,Emergency,SPINDLE-SEIZURE,457,620,000080000033
WO-2080166,ASSET-00033,Emergency,PNEUMATIC-LEAK,519,1379,000080000033
WO-2080167,ASSET-00033,Preventive,,0,,000080000033
WO-2080168,ASSET-00034,Preventive,,0,,000080000034
WO-2080169,ASSET-00034,Corrective,CONTROLLER-FAULT,48,1708,000080000034
WO-2080170,ASSET-00034,Corrective,PNEUMATIC-LEAK,120,933,000080000034
WO-2080171,ASSET-00034,Preventive,,0,,000080000034
WO-2080172,ASSET-00034,Emergency,DIE-WEAR,425,986,000080000034
WO-2080173,ASSET-00035,Preventive,,0,,000080000035
WO-2080174,ASSET-00035,Preventive,,0,,000080000035
WO-2080175,ASSET-00035,Preventive,,0,,000080000035
WO-2080176,ASSET-00035,Corrective,SPINDLE-SEIZURE,126,770,000080000035
WO-2080177,ASSET-00036,Corrective,SPINDLE-SEIZURE,100,1127,000080000036
WO-2080178,ASSET-00036,Corrective,BELT-FAILURE,81,1621,000080000036
WO-2080179,ASSET-00036,Preventive,,0,,000080000036
WO-2080180,ASSET-00036,Corrective,MOTOR-BURNOUT,195,1883,000080000036
WO-2080181,ASSET-00036,Corrective,BEARING-FAILURE,215,423,000080000036
WO-2080182,ASSET-00036,Preventive,,0,,000080000036
WO-2080183,ASSET-00037,Corrective,HYDRAULIC-LEAK,45,795,000080000037
WO-2080184,ASSET-00037,Corrective,SPINDLE-SEIZURE,182,1387,000080000037
WO-2080185,ASSET-00037,Preventive,,0,,000080000037
WO-2080186,ASSET-00037,Preventive,,0,,000080000037
WO-2080187,ASSET-00038,Preventive,,0,,
WO-2080188,ASSET-00038,Preventive,,0,,
WO-2080189,ASSET-00038,Preventive,,0,,
WO-2080190,ASSET-00038,Preventive,,0,,
WO-2080191,ASSET-00039,Preventive,,0,,000080000038
WO-2080192,ASSET-00039,Preventive,,0,,000080000038
WO-2080193,ASSET-00039,Preventive,,0,,000080000038
WO-2080194,ASSET-00040,Preventive,,0,,
WO-2080195,ASSET-00040,Corrective,CALIBRATION-DRIFT,207,708,
WO-2080196,ASSET-00040,Preventive,,0,,
WO-2080197,ASSET-00040,Corrective,BEARING-FAILURE,86,1794,
WO-2080198,ASSET-00040,Preventive,,0,,
WO-2080199,ASSET-00040,Preventive,,0,,
WO-2080200,ASSET-00041,Emergency,BEARING-FAILURE,69,264,
WO-2080201,ASSET-00041,Preventive,,0,,
WO-2080202,ASSET-00042,Preventive,,0,,000080000039
WO-2080203,ASSET-00042,Corrective,MOTOR-BURNOUT,235,437,000080000039
WO-2080204,ASSET-00042,Corrective,SPINDLE-SEIZURE,156,1154,000080000039
WO-2080205,ASSET-00042,Preventive,,0,,000080000039
WO-2080206,ASSET-00042,Emergency,CONTROLLER-FAULT,477,1897,000080000039
WO-2080207,ASSET-00042,Emergency,CONTROLLER-FAULT,560,1900,000080000039
WO-2080208,ASSET-00043,Preventive,,0,,000080000040
WO-2080209,ASSET-00043,Corrective,CALIBRATION-DRIFT,162,1141,000080000040
WO-2080210,ASSET-00043,Preventive,,0,,000080000040
WO-2080211,ASSET-00043,Preventive,,0,,000080000040
WO-2080212,ASSET-00043,Corrective,CONTROLLER-FAULT,181,818,000080000040
WO-2080213,ASSET-00043,Preventive,,0,,000080000040
WO-2080214,ASSET-00043,Preventive,,0,,000080000040
WO-2080215,ASSET-00044,Preventive,,0,,000080000041
WO-2080216,ASSET-00044,Preventive,,0,,000080000041
WO-2080217,ASSET-00044,Corrective,BELT-FAILURE,169,1672,000080000041
WO-2080218,ASSET-00044,Corrective,BELT-FAILURE,208,1504,000080000041
WO-2080219,ASSET-00045,Preventive,,0,,000080000042
WO-2080220,ASSET-00045,Corrective,PNEUMATIC-LEAK,167,1555,000080000042
WO-2080221,ASSET-00045,Preventive,,0,,000080000042
WO-2080222,ASSET-00045,Corrective,SPINDLE-SEIZURE,214,889,000080000042
WO-2080223,ASSET-00046,Preventive,,0,,000080000043
WO-2080224,ASSET-00046,Corrective,MOTOR-BURNOUT,160,1704,000080000043
WO-2080225,ASSET-00046,Corrective,CALIBRATION-DRIFT,169,202,000080000043
WO-2080226,ASSET-00046,Corrective,PNEUMATIC-LEAK,70,314,000080000043
WO-2080227,ASSET-00046,Preventive,,0,,000080000043
WO-2080228,ASSET-00046,Preventive,,0,,000080000043
WO-2080229,ASSET-00046,Corrective,PNEUMATIC-LEAK,122,1238,000080000043
WO-2080230,ASSET-00047,Corrective,SPINDLE-SEIZURE,151,1107,000080000044
WO-2080231,ASSET-00047,Preventive,,0,,000080000044
WO-2080232,ASSET-00047,Emergency,PNEUMATIC-LEAK,396,1661,000080000044
WO-2080233,ASSET-00047,Corrective,HYDRAULIC-LEAK,195,798,000080000044
WO-2080234,ASSET-00047,Emergency,SPINDLE-SEIZURE,228,1824,000080000044
WO-2080235,ASSET-00048,Preventive,,0,,000080000045
WO-2080236,ASSET-00048,Preventive,,0,,000080000045
WO-2080237,ASSET-00048,Corrective,PNEUMATIC-LEAK,51,1102,000080000045
WO-2080238,ASSET-00049,Preventive,,0,,000080000046
WO-2080239,ASSET-00049,Preventive,,0,,000080000046
WO-2080240,ASSET-00049,Corrective,MOTOR-BURNOUT,46,295,000080000046
WO-2080241,ASSET-00049,Preventive,,0,,000080000046
WO-2080242,ASSET-00049,Preventive,,0,,000080000046
WO-2080243,ASSET-00049,Preventive,,0,,000080000046
WO-2080244,ASSET-00050,Emergency,MOTOR-BURNOUT,397,1009,000080000047
WO-2080245,ASSET-00050,Preventive,,0,,000080000047
WO-2080246,ASSET-00050,Corrective,SPINDLE-SEIZURE,167,868,000080000047
WO-2080247,ASSET-00050,Preventive,,0,,000080000047
WO-2080248,ASSET-00050,Preventive,,0,,000080000047
WO-2080249,ASSET-00050,Preventive,,0,,000080000047
WO-2080250,ASSET-00050,Corrective,CONTROLLER-FAULT,39,229,000080000047
WO-2080251,ASSET-00050,Corrective,MOTOR-BURNOUT,66,1590,000080000047
WO-2080252,ASSET-00051,Corrective,MOTOR-BURNOUT,154,1905,000080000048
WO-2080253,ASSET-00051,Preventive,,0,,000080000048
WO-2080254,ASSET-00052,Preventive,,0,,000080000049
WO-2080255,ASSET-00052,Corrective,SENSOR-FAULT,194,1425,000080000049
WO-2080256,ASSET-00052,Emergency,PNEUMATIC-LEAK,594,1392,000080000049
WO-2080257,ASSET-00052,Corrective,SPINDLE-SEIZURE,133,589,000080000049
WO-2080258,ASSET-00052,Preventive,,0,,000080000049
WO-2080259,ASSET-00052,Preventive,,0,,000080000049
WO-2080260,ASSET-00053,Preventive,,0,,000080000050
WO-2080261,ASSET-00053,Preventive,,0,,000080000050
WO-2080262,ASSET-00053,Preventive,,0,,000080000050
WO-2080263,ASSET-00053,Preventive,,0,,000080000050
WO-2080264,ASSET-00053,Corrective,BELT-FAILURE,108,512,000080000050
WO-2080265,ASSET-00053,Preventive,,0,,000080000050
WO-2080266,ASSET-00053,Corrective,BELT-FAILURE,178,1704,000080000050
WO-2080267,ASSET-00053,Preventive,,0,,000080000050
WO-2080268,ASSET-00053,Preventive,,0,,000080000050
WO-2080269,ASSET-00054,Preventive,,0,,000080000051
WO-2080270,ASSET-00054,Preventive,,0,,000080000051
WO-2080271,ASSET-00054,Preventive,,0,,000080000051
WO-2080272,ASSET-00054,Preventive,,0,,000080000051
WO-2080273,ASSET-00054,Preventive,,0,,000080000051
WO-2080274,ASSET-00054,Preventive,,0,,000080000051
WO-2080275,ASSET-00055,Preventive,,0,,000080000052
WO-2080276,ASSET-00055,Corrective,DIE-WEAR,57,1451,000080000052
WO-2080277,ASSET-00056,Preventive,,0,,000080000053
WO-2080278,ASSET-00056,Corrective,BEARING-FAILURE,62,1330,000080000053
WO-2080279,ASSET-00056,Preventive,,0,,000080000053
WO-2080280,ASSET-00056,Preventive,,0,,000080000053
WO-2080281,ASSET-00057,Corrective,BELT-FAILURE,73,1730,000080000054
WO-2080282,ASSET-00057,Preventive,,0,,000080000054
WO-2080283,ASSET-00057,Corrective,DIE-WEAR,99,774,000080000054
WO-2080284,ASSET-00057,Corrective,SPINDLE-SEIZURE,124,967,000080000054
WO-2080285,ASSET-00057,Emergency,BELT-FAILURE,494,1418,000080000054
WO-2080286,ASSET-00057,Corrective,SENSOR-FAULT,158,1863,000080000054
WO-2080287,ASSET-00058,Corrective,MOTOR-BURNOUT,164,1854,000080000055
WO-2080288,ASSET-00058,Corrective,PNEUMATIC-LEAK,95,1371,000080000055
WO-2080289,ASSET-00058,Preventive,,0,,000080000055
WO-2080290,ASSET-00058,Preventive,,0,,000080000055
WO-2080291,ASSET-00058,Corrective,HYDRAULIC-LEAK,92,368,000080000055
WO-2080292,ASSET-00059,Corrective,MOTOR-BURNOUT,230,403,000080000056
WO-2080293,ASSET-00059,Preventive,,0,,000080000056
WO-2080294,ASSET-00059,Corrective,HYDRAULIC-LEAK,100,754,000080000056
WO-2080295,ASSET-00059,Preventive,,0,,000080000056
WO-2080296,ASSET-00059,Preventive,,0,,000080000056
WO-2080297,ASSET-00059,Preventive,,0,,000080000056
WO-2080298,ASSET-00059,Emergency,CONTROLLER-FAULT,250,623,000080000056
WO-2080299,ASSET-00060,Emergency,PNEUMATIC-LEAK,561,1721,
WO-2080300,ASSET-00060,Preventive,,0,,
WO-2080301,ASSET-00060,Corrective,HYDRAULIC-LEAK,125,923,
WO-2080302,ASSET-00060,Corrective,SENSOR-FAULT,225,204,
WO-2080303,ASSET-00060,Corrective,MOTOR-BURNOUT,123,597,
WO-2080304,ASSET-00060,Corrective,BELT-FAILURE,156,1274,
WO-2080305,ASSET-00061,Corrective,HYDRAULIC-LEAK,222,1716,000080000057
WO-2080306,ASSET-00061,Corrective,PNEUMATIC-LEAK,190,1348,000080000057
WO-2080307,ASSET-00061,Emergency,SENSOR-FAULT,410,622,000080000057
WO-2080308,ASSET-00061,Preventive,,0,,000080000057
WO-2080309,ASSET-00061,Corrective,DIE-WEAR,236,1634,000080000057
WO-2080310,ASSET-00062,Preventive,,0,,000080000058
WO-2080311,ASSET-00062,Preventive,,0,,000080000058
WO-2080312,ASSET-00062,Preventive,,0,,000080000058
WO-2080313,ASSET-00063,Emergency,SPINDLE-SEIZURE,356,1617,000080000059
WO-2080314,ASSET-00063,Preventive,,0,,000080000059
WO-2080315,ASSET-00063,Preventive,,0,,000080000059
WO-2080316,ASSET-00063,Preventive,,0,,000080000059
WO-2080317,ASSET-00063,Emergency,PNEUMATIC-LEAK,413,470,000080000059
WO-2080318,ASSET-00063,Preventive,,0,,000080000059
WO-2080319,ASSET-00063,Corrective,CONTROLLER-FAULT,203,601,000080000059
WO-2080320,ASSET-00063,Corrective,CALIBRATION-DRIFT,150,827,000080000059
WO-2080321,ASSET-00064,Corrective,CALIBRATION-DRIFT,39,339,000080000060
WO-2080322,ASSET-00064,Preventive,,0,,000080000060
WO-2080323,ASSET-00064,Preventive,,0,,000080000060
WO-2080324,ASSET-00065,Preventive,,0,,000080000061
WO-2080325,ASSET-00065,Preventive,,0,,000080000061
WO-2080326,ASSET-00065,Preventive,,0,,000080000061
WO-2080327,ASSET-00065,Corrective,DIE-WEAR,81,1706,000080000061
WO-2080328,ASSET-00065,Corrective,CONTROLLER-FAULT,231,803,000080000061
WO-2080329,ASSET-00065,Corrective,HYDRAULIC-LEAK,160,1285,000080000061
WO-2080330,ASSET-00065,Emergency,CONTROLLER-FAULT,530,1265,000080000061
WO-2080331,ASSET-00065,Corrective,BELT-FAILURE,225,1111,000080000061
WO-2080332,ASSET-00065,Corrective,BELT-FAILURE,117,1452,000080000061
WO-2080333,ASSET-00065,Preventive,,0,,000080000061
WO-2080334,ASSET-00066,Corrective,DIE-WEAR,103,615,000080000062
WO-2080335,ASSET-00066,Preventive,,0,,000080000062
WO-2080336,ASSET-00066,Preventive,,0,,000080000062
WO-2080337,ASSET-00066,Corrective,PNEUMATIC-LEAK,34,644,000080000062
WO-2080338,ASSET-00066,Preventive,,0,,000080000062
WO-2080339,ASSET-00066,Corrective,MOTOR-BURNOUT,154,590,000080000062
WO-2080340,ASSET-00067,Preventive,,0,,000080000063
WO-2080341,ASSET-00067,Corrective,SPINDLE-SEIZURE,148,1098,000080000063
WO-2080342,ASSET-00067,Preventive,,0,,000080000063
WO-2080343,ASSET-00067,Preventive,,0,,000080000063
WO-2080344,ASSET-00067,Corrective,MOTOR-BURNOUT,164,1394,000080000063
WO-2080345,ASSET-00067,Preventive,,0,,000080000063
WO-2080346,ASSET-00067,Preventive,,0,,000080000063
WO-2080347,ASSET-00067,Emergency,HYDRAULIC-LEAK,406,1223,000080000063
WO-2080348,ASSET-00068,Preventive,,0,,000080000064
WO-2080349,ASSET-00068,Preventive,,0,,000080000064
WO-2080350,ASSET-00068,Corrective,MOTOR-BURNOUT,164,1245,000080000064
WO-2080351,ASSET-00068,Preventive,,0,,000080000064
WO-2080352,ASSET-00068,Corrective,CALIBRATION-DRIFT,211,1553,000080000064
WO-2080353,ASSET-00069,Corrective,MOTOR-BURNOUT,125,1695,000080000065
WO-2080354,ASSET-00069,Preventive,,0,,000080000065
WO-2080355,ASSET-00069,Corrective,DIE-WEAR,92,1502,000080000065
WO-2080356,ASSET-00070,Emergency,BELT-FAILURE,69,1533,000080000066
WO-2080357,ASSET-00070,Corrective,BELT-FAILURE,77,477,000080000066
WO-2080358,ASSET-00070,Preventive,,0,,000080000066
WO-2080359,ASSET-00070,Preventive,,0,,000080000066
WO-2080360,ASSET-00070,Corrective,HYDRAULIC-LEAK,236,906,000080000066
WO-2080361,ASSET-00070,Preventive,,0,,000080000066
WO-2080362,ASSET-00070,Preventive,,0,,000080000066
WO-2080363,ASSET-00070,Preventive,,0,,000080000066
WO-2080364,ASSET-00071,Corrective,BELT-FAILURE,69,638,000080000067
WO-2080365,ASSET-00071,Preventive,,0,,000080000067
WO-2080366,ASSET-00071,Corrective,BELT-FAILURE,177,1712,000080000067
WO-2080367,ASSET-00072,Preventive,,0,,000080000068
WO-2080368,ASSET-00072,Preventive,,0,,000080000068
WO-2080369,ASSET-00072,Corrective,BELT-FAILURE,224,1083,000080000068
WO-2080370,ASSET-00072,Preventive,,0,,000080000068
WO-2080371,ASSET-00072,Preventive,,0,,000080000068
WO-2080372,ASSET-00072,Preventive,,0,,000080000068
WO-2080373,ASSET-00072,Preventive,,0,,000080000068
WO-2080374,ASSET-00072,Corrective,PNEUMATIC-LEAK,213,851,000080000068
WO-2080375,ASSET-00072,Corrective,CONTROLLER-FAULT,72,1039,000080000068
WO-2080376,ASSET-00073,Preventive,,0,,000080000069
WO-2080377,ASSET-00073,Corrective,BELT-FAILURE,236,1596,000080000069
WO-2080378,ASSET-00073,Preventive,,0,,000080000069
WO-2080379,ASSET-00073,Preventive,,0,,000080000069
WO-2080380,ASSET-00073,Corrective,PNEUMATIC-LEAK,30,507,000080000069
WO-2080381,ASSET-00073,Corrective,PNEUMATIC-LEAK,71,1331,000080000069
WO-2080382,ASSET-00074,Preventive,,0,,000080000070
WO-2080383,ASSET-00074,Emergency,DIE-WEAR,599,622,000080000070
WO-2080384,ASSET-00074,Emergency,DIE-WEAR,341,207,000080000070
WO-2080385,ASSET-00074,Preventive,,0,,000080000070
WO-2080386,ASSET-00074,Corrective,CONTROLLER-FAULT,73,1999,000080000070
WO-2080387,ASSET-00075,Emergency,DIE-WEAR,458,1310,000080000071
WO-2080388,ASSET-00075,Corrective,MOTOR-BURNOUT,226,441,000080000071
WO-2080389,ASSET-00075,Preventive,,0,,000080000071
WO-2080390,ASSET-00075,Emergency,DIE-WEAR,571,1563,000080000071
WO-2080391,ASSET-00075,Preventive,,0,,000080000071
WO-2080392,ASSET-00076,Preventive,,0,,000080000072
WO-2080393,ASSET-00076,Corrective,SPINDLE-SEIZURE,51,803,000080000072
WO-2080394,ASSET-00076,Preventive,,0,,000080000072
WO-2080395,ASSET-00076,Preventive,,0,,000080000072
WO-2080396,ASSET-00076,Corrective,SPINDLE-SEIZURE,197,1999,000080000072
WO-2080397,ASSET-00076,Emergency,CONTROLLER-FAULT,531,1520,000080000072
WO-2080398,ASSET-00077,Preventive,,0,,000080000073
WO-2080399,ASSET-00077,Preventive,,0,,000080000073
WO-2080400,ASSET-00078,Preventive,,0,,000080000074
WO-2080401,ASSET-00078,Preventive,,0,,000080000074
WO-2080402,ASSET-00078,Preventive,,0,,000080000074
WO-2080403,ASSET-00079,Preventive,,0,,000080000075
WO-2080404,ASSET-00079,Corrective,BELT-FAILURE,216,613,000080000075
WO-2080405,ASSET-00079,Preventive,,0,,000080000075
WO-2080406,ASSET-00079,Corrective,MOTOR-BURNOUT,136,932,000080000075
WO-2080407,ASSET-00080,Preventive,,0,,000080000076
WO-2080408,ASSET-00080,Preventive,,0,,000080000076
WO-2080409,ASSET-00080,Preventive,,0,,000080000076
WO-2080410,ASSET-00080,Preventive,,0,,000080000076
WO-2080411,ASSET-00080,Emergency,HYDRAULIC-LEAK,547,1498,000080000076
WO-2080412,ASSET-00080,Preventive,,0,,000080000076
WO-2080413,ASSET-00080,Preventive,,0,,000080000076
WO-2080414,ASSET-00080,Preventive,,0,,000080000076
WO-2080415,ASSET-00081,Corrective,CONTROLLER-FAULT,141,502,
WO-2080416,ASSET-00081,Emergency,SPINDLE-SEIZURE,163,656,
WO-2080417,ASSET-00081,Preventive,,0,,
WO-2080418,ASSET-00081,Preventive,,0,,
WO-2080419,ASSET-00081,Corrective,PNEUMATIC-LEAK,129,587,
WO-2080420,ASSET-00081,Emergency,HYDRAULIC-LEAK,463,1211,
WO-2080421,ASSET-00081,Preventive,,0,,
WO-2080422,ASSET-00081,Preventive,,0,,
WO-2080423,ASSET-00081,Preventive,,0,,
WO-2080424,ASSET-00082,Corrective,BELT-FAILURE,34,653,000080000077
WO-2080425,ASSET-00082,Preventive,,0,,000080000077
WO-2080426,ASSET-00082,Preventive,,0,,000080000077
WO-2080427,ASSET-00082,Preventive,,0,,000080000077
WO-2080428,ASSET-00082,Corrective,DIE-WEAR,33,1632,000080000077
WO-2080429,ASSET-00082,Preventive,,0,,000080000077
WO-2080430,ASSET-00083,Corrective,BELT-FAILURE,32,641,000080000078
WO-2080431,ASSET-00083,Corrective,BEARING-FAILURE,37,474,000080000078
WO-2080432,ASSET-00083,Corrective,CONTROLLER-FAULT,76,477,000080000078
WO-2080433,ASSET-00083,Preventive,,0,,000080000078
WO-2080434,ASSET-00083,Preventive,,0,,000080000078
WO-2080435,ASSET-00083,Corrective,HYDRAULIC-LEAK,44,1183,000080000078
WO-2080436,ASSET-00084,Corrective,SENSOR-FAULT,37,636,000080000079
WO-2080437,ASSET-00084,Preventive,,0,,000080000079
WO-2080438,ASSET-00084,Preventive,,0,,000080000079
WO-2080439,ASSET-00084,Preventive,,0,,000080000079
WO-2080440,ASSET-00084,Preventive,,0,,000080000079
WO-2080441,ASSET-00084,Corrective,SPINDLE-SEIZURE,30,634,000080000079
WO-2080442,ASSET-00085,Corrective,BEARING-FAILURE,184,968,000080000080
WO-2080443,ASSET-00085,Preventive,,0,,000080000080
WO-2080444,ASSET-00085,Preventive,,0,,000080000080
WO-2080445,ASSET-00086,Corrective,MOTOR-BURNOUT,39,1176,000080000081
WO-2080446,ASSET-00086,Preventive,,0,,000080000081
WO-2080447,ASSET-00087,Preventive,,0,,000080000082
WO-2080448,ASSET-00087,Corrective,CALIBRATION-DRIFT,137,216,000080000082
WO-2080449,ASSET-00087,Corrective,BELT-FAILURE,81,1099,000080000082
WO-2080450,ASSET-00088,Corrective,SENSOR-FAULT,204,1160,000080000083
WO-2080451,ASSET-00088,Preventive,,0,,000080000083
WO-2080452,ASSET-00088,Preventive,,0,,000080000083
WO-2080453,ASSET-00088,Preventive,,0,,000080000083
WO-2080454,ASSET-00088,Emergency,MOTOR-BURNOUT,141,332,000080000083
WO-2080455,ASSET-00088,Preventive,,0,,000080000083
WO-2080456,ASSET-00088,Corrective,HYDRAULIC-LEAK,100,1709,000080000083
WO-2080457,ASSET-00089,Preventive,,0,,000080000084
WO-2080458,ASSET-00089,Corrective,CALIBRATION-DRIFT,119,845,000080000084
WO-2080459,ASSET-00089,Preventive,,0,,000080000084
WO-2080460,ASSET-00089,Preventive,,0,,000080000084
WO-2080461,ASSET-00089,Preventive,,0,,000080000084
WO-2080462,ASSET-00089,Corrective,BELT-FAILURE,151,1484,000080000084
WO-2080463,ASSET-00089,Preventive,,0,,000080000084
WO-2080464,ASSET-00089,Preventive,,0,,000080000084
WO-2080465,ASSET-00089,Preventive,,0,,000080000084
WO-2080466,ASSET-00090,Preventive,,0,,000080000085
WO-2080467,ASSET-00090,Corrective,CONTROLLER-FAULT,149,1428,000080000085
WO-2080468,ASSET-00090,Preventive,,0,,000080000085
WO-2080469,ASSET-00090,Preventive,,0,,000080000085
WO-2080470,ASSET-00090,Preventive,,0,,000080000085
WO-2080471,ASSET-00090,Preventive,,0,,000080000085
WO-2080472,ASSET-00090,Preventive,,0,,000080000085
WO-2080473,ASSET-00091,Emergency,CALIBRATION-DRIFT,500,502,000080000086
WO-2080474,ASSET-00091,Preventive,,0,,000080000086
WO-2080475,ASSET-00091,Corrective,BELT-FAILURE,113,1407,000080000086
WO-2080476,ASSET-00091,Emergency,BELT-FAILURE,182,1181,000080000086
WO-2080477,ASSET-00091,Preventive,,0,,000080000086
WO-2080478,ASSET-00091,Corrective,HYDRAULIC-LEAK,169,757,000080000086
WO-2080479,ASSET-00091,Preventive,,0,,000080000086
WO-2080480,ASSET-00091,Preventive,,0,,000080000086
WO-2080481,ASSET-00092,Emergency,CALIBRATION-DRIFT,347,1219,000080000087
WO-2080482,ASSET-00092,Corrective,BELT-FAILURE,82,224,000080000087
WO-2080483,ASSET-00092,Preventive,,0,,000080000087
WO-2080484,ASSET-00092,Emergency,SENSOR-FAULT,569,1381,000080000087
WO-2080485,ASSET-00092,Preventive,,0,,000080000087
WO-2080486,ASSET-00092,Preventive,,0,,000080000087
WO-2080487,ASSET-00092,Preventive,,0,,000080000087
WO-2080488,ASSET-00092,Corrective,HYDRAULIC-LEAK,211,1498,000080000087
WO-2080489,ASSET-00092,Preventive,,0,,000080000087
WO-2080490,ASSET-00093,Preventive,,0,,000080000088
WO-2080491,ASSET-00093,Emergency,SPINDLE-SEIZURE,380,1614,000080000088
WO-2080492,ASSET-00093,Preventive,,0,,000080000088
WO-2080493,ASSET-00093,Preventive,,0,,000080000088
WO-2080494,ASSET-00094,Emergency,CALIBRATION-DRIFT,381,1574,
WO-2080495,ASSET-00094,Corrective,MOTOR-BURNOUT,132,693,
WO-2080496,ASSET-00094,Preventive,,0,,
WO-2080497,ASSET-00094,Corrective,DIE-WEAR,95,745,
WO-2080498,ASSET-00095,Preventive,,0,,000080000089
WO-2080499,ASSET-00095,Preventive,,0,,000080000089
WO-2080500,ASSET-00095,Preventive,,0,,000080000089
WO-2080501,ASSET-00095,Corrective,HYDRAULIC-LEAK,232,1459,000080000089
WO-2080502,ASSET-00096,Corrective,CONTROLLER-FAULT,81,1398,000080000090
WO-2080503,ASSET-00096,Emergency,HYDRAULIC-LEAK,419,1417,000080000090
WO-2080504,ASSET-00096,Corrective,DIE-WEAR,119,253,000080000090
WO-2080505,ASSET-00096,Preventive,,0,,000080000090
WO-2080506,ASSET-00096,Corrective,SENSOR-FAULT,61,1199,000080000090
WO-2080507,ASSET-00096,Preventive,,0,,000080000090
WO-2080508,ASSET-00096,Corrective,MOTOR-BURNOUT,72,1312,000080000090
WO-2080509,ASSET-00097,Preventive,,0,,000080000091
WO-2080510,ASSET-00097,Corrective,MOTOR-BURNOUT,100,552,000080000091
WO-2080511,ASSET-00097,Corrective,SENSOR-FAULT,74,1378,000080000091
WO-2080512,ASSET-00097,Corrective,BELT-FAILURE,32,538,000080000091
WO-2080513,ASSET-00097,Preventive,,0,,000080000091
WO-2080514,ASSET-00097,Preventive,,0,,000080000091
WO-2080515,ASSET-00097,Preventive,,0,,000080000091
WO-2080516,ASSET-00097,Preventive,,0,,000080000091
WO-2080517,ASSET-00097,Emergency,BELT-FAILURE,293,739,000080000091
WO-2080518,ASSET-00097,Corrective,MOTOR-BURNOUT,166,319,000080000091
WO-2080519,ASSET-00098,Corrective,HYDRAULIC-LEAK,137,446,000080000092
WO-2080520,ASSET-00098,Preventive,,0,,000080000092
WO-2080521,ASSET-00098,Preventive,,0,,000080000092
WO-2080522,ASSET-00098,Emergency,SPINDLE-SEIZURE,90,588,000080000092
WO-2080523,ASSET-00098,Corrective,PNEUMATIC-LEAK,71,1461,000080000092
WO-2080524,ASSET-00099,Preventive,,0,,000080000093
WO-2080525,ASSET-00099,Corrective,PNEUMATIC-LEAK,38,983,000080000093
WO-2080526,ASSET-00099,Preventive,,0,,000080000093
WO-2080527,ASSET-00099,Preventive,,0,,000080000093
WO-2080528,ASSET-00099,Preventive,,0,,000080000093
WO-2080529,ASSET-00099,Corrective,MOTOR-BURNOUT,97,1508,000080000093
WO-2080530,ASSET-00099,Preventive,,0,,000080000093
WO-2080531,ASSET-00100,Corrective,CALIBRATION-DRIFT,44,1077,
WO-2080532,ASSET-00100,Preventive,,0,,
WO-2080533,ASSET-00100,Preventive,,0,,
WO-2080534,ASSET-00100,Preventive,,0,,
WO-2080535,ASSET-00100,Preventive,,0,,
WO-2080536,ASSET-00100,Emergency,CONTROLLER-FAULT,489,719,
WO-2080537,ASSET-00101,Preventive,,0,,
WO-2080538,ASSET-00101,Corrective,SPINDLE-SEIZURE,228,927,
WO-2080539,ASSET-00101,Corrective,HYDRAULIC-LEAK,79,1435,
WO-2080540,ASSET-00101,Corrective,SPINDLE-SEIZURE,149,1703,
WO-2080541,ASSET-00101,Preventive,,0,,
WO-2080542,ASSET-00101,Preventive,,0,,
WO-2080543,ASSET-00101,Preventive,,0,,
WO-2080544,ASSET-00101,Corrective,DIE-WEAR,145,1886,
WO-2080545,ASSET-00102,Preventive,,0,,000080000094
WO-2080546,ASSET-00102,Corrective,HYDRAULIC-LEAK,81,908,000080000094
WO-2080547,ASSET-00102,Corrective,MOTOR-BURNOUT,118,788,000080000094
WO-2080548,ASSET-00103,Emergency,DIE-WEAR,414,1709,000080000095
WO-2080549,ASSET-00103,Preventive,,0,,000080000095
WO-2080550,ASSET-00103,Preventive,,0,,000080000095
WO-2080551,ASSET-00103,Preventive,,0,,000080000095
WO-2080552,ASSET-00104,Preventive,,0,,000080000096
WO-2080553,ASSET-00104,Corrective,BELT-FAILURE,208,331,000080000096
WO-2080554,ASSET-00104,Corrective,SENSOR-FAULT,177,1736,000080000096
WO-2080555,ASSET-00104,Emergency,DIE-WEAR,326,1452,000080000096
WO-2080556,ASSET-00104,Preventive,,0,,000080000096
WO-2080557,ASSET-00105,Preventive,,0,,000080000097
WO-2080558,ASSET-00105,Preventive,,0,,000080000097
WO-2080559,ASSET-00105,Preventive,,0,,000080000097
WO-2080560,ASSET-00105,Preventive,,0,,000080000097
WO-2080561,ASSET-00105,Preventive,,0,,000080000097
WO-2080562,ASSET-00105,Preventive,,0,,000080000097
WO-2080563,ASSET-00105,Emergency,BEARING-FAILURE,71,522,000080000097
WO-2080564,ASSET-00105,Preventive,,0,,000080000097
WO-2080565,ASSET-00105,Preventive,,0,,000080000097
WO-2080566,ASSET-00105,Preventive,,0,,000080000097
WO-2080567,ASSET-00106,Preventive,,0,,000080000098
WO-2080568,ASSET-00106,Preventive,,0,,000080000098
WO-2080569,ASSET-00107,Preventive,,0,,000080000099
WO-2080570,ASSET-00107,Corrective,SENSOR-FAULT,86,1097,000080000099
WO-2080571,ASSET-00107,Preventive,,0,,000080000099
WO-2080572,ASSET-00107,Preventive,,0,,000080000099
WO-2080573,ASSET-00107,Preventive,,0,,000080000099
WO-2080574,ASSET-00108,Preventive,,0,,000080000100
WO-2080575,ASSET-00108,Preventive,,0,,000080000100
WO-2080576,ASSET-00108,Preventive,,0,,000080000100
WO-2080577,ASSET-00108,Corrective,CALIBRATION-DRIFT,195,743,000080000100
WO-2080578,ASSET-00108,Preventive,,0,,000080000100
WO-2080579,ASSET-00108,Corrective,MOTOR-BURNOUT,103,1316,000080000100
WO-2080580,ASSET-00109,Preventive,,0,,000080000101
WO-2080581,ASSET-00109,Corrective,CONTROLLER-FAULT,103,222,000080000101
WO-2080582,ASSET-00109,Preventive,,0,,000080000101
WO-2080583,ASSET-00110,Preventive,,0,,000080000102
WO-2080584,ASSET-00110,Preventive,,0,,000080000102
WO-2080585,ASSET-00110,Preventive,,0,,000080000102
WO-2080586,ASSET-00110,Preventive,,0,,000080000102
WO-2080587,ASSET-00110,Preventive,,0,,000080000102
WO-2080588,ASSET-00111,Emergency,MOTOR-BURNOUT,117,1811,000080000103
WO-2080589,ASSET-00111,Preventive,,0,,000080000103
WO-2080590,ASSET-00111,Corrective,BELT-FAILURE,215,1151,000080000103
WO-2080591,ASSET-00111,Preventive,,0,,000080000103
WO-2080592,ASSET-00111,Emergency,BELT-FAILURE,564,1731,000080000103
WO-2080593,ASSET-00112,Emergency,CONTROLLER-FAULT,97,1571,000080000104
WO-2080594,ASSET-00112,Preventive,,0,,000080000104
WO-2080595,ASSET-00112,Corrective,PNEUMATIC-LEAK,161,1610,000080000104
WO-2080596,ASSET-00112,Preventive,,0,,000080000104
WO-2080597,ASSET-00112,Preventive,,0,,000080000104
WO-2080598,ASSET-00112,Emergency,CONTROLLER-FAULT,490,288,000080000104
WO-2080599,ASSET-00112,Corrective,PNEUMATIC-LEAK,228,1000,000080000104
WO-2080600,ASSET-00113,Preventive,,0,,000080000105
WO-2080601,ASSET-00114,Preventive,,0,,000080000106
WO-2080602,ASSET-00114,Preventive,,0,,000080000106
WO-2080603,ASSET-00114,Corrective,BEARING-FAILURE,85,433,000080000106
WO-2080604,ASSET-00115,Preventive,,0,,000080000107
WO-2080605,ASSET-00115,Preventive,,0,,000080000107
WO-2080606,ASSET-00115,Preventive,,0,,000080000107
WO-2080607,ASSET-00115,Corrective,MOTOR-BURNOUT,63,361,000080000107
WO-2080608,ASSET-00116,Corrective,BELT-FAILURE,132,1324,000080000108
WO-2080609,ASSET-00116,Emergency,SENSOR-FAULT,592,369,000080000108
WO-2080610,ASSET-00116,Preventive,,0,,000080000108
WO-2080611,ASSET-00117,Preventive,,0,,000080000109
WO-2080612,ASSET-00117,Corrective,SENSOR-FAULT,106,1313,000080000109
WO-2080613,ASSET-00117,Preventive,,0,,000080000109
WO-2080614,ASSET-00118,Preventive,,0,,000080000110
WO-2080615,ASSET-00118,Corrective,SPINDLE-SEIZURE,171,1109,000080000110
WO-2080616,ASSET-00118,Corrective,PNEUMATIC-LEAK,234,1316,000080000110
WO-2080617,ASSET-00118,Preventive,,0,,000080000110
WO-2080618,ASSET-00119,Preventive,,0,,000080000111
WO-2080619,ASSET-00119,Corrective,SENSOR-FAULT,177,1113,000080000111
WO-2080620,ASSET-00119,Preventive,,0,,000080000111
WO-2080621,ASSET-00119,Preventive,,0,,000080000111
WO-2080622,ASSET-00119,Corrective,MOTOR-BURNOUT,186,1428,000080000111
WO-2080623,ASSET-00120,Corrective,HYDRAULIC-LEAK,124,628,000080000112
WO-2080624,ASSET-00120,Preventive,,0,,000080000112
WO-2080625,ASSET-00120,Corrective,DIE-WEAR,154,1030,000080000112
WO-2080626,ASSET-00121,Corrective,CONTROLLER-FAULT,87,943,000080000113
WO-2080627,ASSET-00121,Emergency,CALIBRATION-DRIFT,378,828,000080000113
WO-2080628,ASSET-00122,Emergency,SPINDLE-SEIZURE,408,1501,000080000114
WO-2080629,ASSET-00122,Preventive,,0,,000080000114
WO-2080630,ASSET-00122,Emergency,SENSOR-FAULT,231,733,000080000114
WO-2080631,ASSET-00122,Emergency,PNEUMATIC-LEAK,287,1777,000080000114
WO-2080632,ASSET-00122,Preventive,,0,,000080000114
WO-2080633,ASSET-00122,Corrective,SENSOR-FAULT,219,827,000080000114
WO-2080634,ASSET-00122,Corrective,BEARING-FAILURE,214,371,000080000114
WO-2080635,ASSET-00122,Preventive,,0,,000080000114
WO-2080636,ASSET-00122,Preventive,,0,,000080000114
WO-2080637,ASSET-00123,Preventive,,0,,000080000115
WO-2080638,ASSET-00123,Preventive,,0,,000080000115
WO-2080639,ASSET-00123,Preventive,,0,,000080000115
WO-2080640,ASSET-00123,Corrective,SENSOR-FAULT,178,1580,000080000115
WO-2080641,ASSET-00123,Preventive,,0,,000080000115
WO-2080642,ASSET-00124,Corrective,BELT-FAILURE,61,721,000080000116
WO-2080643,ASSET-00124,Preventive,,0,,000080000116
WO-2080644,ASSET-00124,Preventive,,0,,000080000116
WO-2080645,ASSET-00124,Preventive,,0,,000080000116
WO-2080646,ASSET-00124,Preventive,,0,,000080000116
WO-2080647,ASSET-00124,Preventive,,0,,000080000116
WO-2080648,ASSET-00124,Corrective,BEARING-FAILURE,178,1374,000080000116
WO-2080649,ASSET-00125,Preventive,,0,,000080000117
WO-2080650,ASSET-00125,Corrective,CALIBRATION-DRIFT,33,361,000080000117
WO-2080651,ASSET-00125,Preventive,,0,,000080000117
WO-2080652,ASSET-00125,Preventive,,0,,000080000117
WO-2080653,ASSET-00126,Corrective,BEARING-FAILURE,59,983,000080000118
WO-2080654,ASSET-00126,Corrective,MOTOR-BURNOUT,98,1636,000080000118
WO-2080655,ASSET-00126,Preventive,,0,,000080000118
WO-2080656,ASSET-00126,Preventive,,0,,000080000118
WO-2080657,ASSET-00126,Corrective,BELT-FAILURE,76,1676,000080000118
WO-2080658,ASSET-00127,Corrective,BEARING-FAILURE,158,1570,000080000119
WO-2080659,ASSET-00127,Corrective,CALIBRATION-DRIFT,160,1640,000080000119
WO-2080660,ASSET-00127,Preventive,,0,,000080000119
WO-2080661,ASSET-00128,Preventive,,0,,000080000121
WO-2080662,ASSET-00129,Preventive,,0,,000080000122
WO-2080663,ASSET-00129,Corrective,CALIBRATION-DRIFT,173,1342,000080000122
WO-2080664,ASSET-00129,Emergency,SENSOR-FAULT,323,1986,000080000122
WO-2080665,ASSET-00129,Emergency,HYDRAULIC-LEAK,72,1486,000080000122
WO-2080666,ASSET-00130,Corrective,SENSOR-FAULT,87,1618,000080000123
WO-2080667,ASSET-00130,Preventive,,0,,000080000123
WO-2080668,ASSET-00130,Preventive,,0,,000080000123
WO-2080669,ASSET-00130,Corrective,DIE-WEAR,96,1229,000080000123
WO-2080670,ASSET-00131,Preventive,,0,,000080000124
WO-2080671,ASSET-00131,Corrective,DIE-WEAR,207,566,000080000124
WO-2080672,ASSET-00131,Preventive,,0,,000080000124
WO-2080673,ASSET-00132,Preventive,,0,,000080000125
WO-2080674,ASSET-00132,Preventive,,0,,000080000125
WO-2080675,ASSET-00132,Preventive,,0,,000080000125
WO-2080676,ASSET-00132,Preventive,,0,,000080000125
WO-2080677,ASSET-00132,Preventive,,0,,000080000125
WO-2080678,ASSET-00133,Preventive,,0,,000080000126
WO-2080679,ASSET-00133,Corrective,BEARING-FAILURE,117,1544,000080000126
WO-2080680,ASSET-00133,Preventive,,0,,000080000126
WO-2080681,ASSET-00133,Corrective,BELT-FAILURE,222,639,000080000126
WO-2080682,ASSET-00134,Preventive,,0,,000080000127
WO-2080683,ASSET-00134,Corrective,SPINDLE-SEIZURE,166,1267,000080000127
WO-2080684,ASSET-00134,Preventive,,0,,000080000127
WO-2080685,ASSET-00134,Corrective,MOTOR-BURNOUT,180,1387,000080000127
WO-2080686,ASSET-00134,Corrective,MOTOR-BURNOUT,180,1546,000080000127
WO-2080687,ASSET-00135,Corrective,DIE-WEAR,135,460,000080000128
WO-2080688,ASSET-00135,Preventive,,0,,000080000128
WO-2080689,ASSET-00135,Corrective,SPINDLE-SEIZURE,52,263,000080000128
WO-2080690,ASSET-00135,Preventive,,0,,000080000128
WO-2080691,ASSET-00135,Emergency,PNEUMATIC-LEAK,591,1462,000080000128
WO-2080692,ASSET-00135,Corrective,BELT-FAILURE,173,1207,000080000128
WO-2080693,ASSET-00135,Preventive,,0,,000080000128
WO-2080694,ASSET-00135,Corrective,DIE-WEAR,71,924,000080000128
WO-2080695,ASSET-00135,Preventive,,0,,000080000128
WO-2080696,ASSET-00135,Preventive,,0,,000080000128
WO-2080697,ASSET-00136,Corrective,CONTROLLER-FAULT,134,1560,000080000129
WO-2080698,ASSET-00136,Corrective,PNEUMATIC-LEAK,55,1553,000080000129
WO-2080699,ASSET-00136,Preventive,,0,,000080000129
WO-2080700,ASSET-00136,Preventive,,0,,000080000129
WO-2080701,ASSET-00136,Corrective,SPINDLE-SEIZURE,113,1058,000080000129
WO-2080702,ASSET-00137,Preventive,,0,,000080000130
WO-2080703,ASSET-00137,Preventive,,0,,000080000130
WO-2080704,ASSET-00137,Preventive,,0,,000080000130
WO-2080705,ASSET-00138,Preventive,,0,,000080000131
WO-2080706,ASSET-00138,Preventive,,0,,000080000131
WO-2080707,ASSET-00138,Corrective,SENSOR-FAULT,135,757,000080000131
WO-2080708,ASSET-00138,Preventive,,0,,000080000131
WO-2080709,ASSET-00138,Emergency,MOTOR-BURNOUT,222,412,000080000131
WO-2080710,ASSET-00138,Corrective,CALIBRATION-DRIFT,169,1150,000080000131
WO-2080711,ASSET-00138,Preventive,,0,,000080000131
WO-2080712,ASSET-00139,Corrective,DIE-WEAR,51,1557,000080000132
WO-2080713,ASSET-00139,Emergency,CALIBRATION-DRIFT,545,609,000080000132
WO-2080714,ASSET-00140,Preventive,,0,,000080000133
WO-2080715,ASSET-00140,Corrective,BELT-FAILURE,193,1497,000080000133
WO-2080716,ASSET-00140,Preventive,,0,,000080000133
WO-2080717,ASSET-00140,Preventive,,0,,000080000133
WO-2080718,ASSET-00142,Corrective,SPINDLE-SEIZURE,197,1420,000080000136
WO-2080719,ASSET-00142,Preventive,,0,,000080000136
WO-2080720,ASSET-00142,Corrective,CONTROLLER-FAULT,234,688,000080000136
WO-2080721,ASSET-00142,Corrective,BEARING-FAILURE,130,1156,000080000136
WO-2080722,ASSET-00143,Corrective,SPINDLE-SEIZURE,200,340,
WO-2080723,ASSET-00143,Preventive,,0,,
WO-2080724,ASSET-00143,Emergency,SENSOR-FAULT,129,299,
WO-2080725,ASSET-00144,Corrective,DIE-WEAR,193,1047,000080000137
WO-2080726,ASSET-00144,Corrective,CALIBRATION-DRIFT,30,1471,000080000137
WO-2080727,ASSET-00144,Preventive,,0,,000080000137
WO-2080728,ASSET-00144,Preventive,,0,,000080000137
WO-2080729,ASSET-00144,Preventive,,0,,000080000137
WO-2080730,ASSET-00144,Preventive,,0,,000080000137
WO-2080731,ASSET-00144,Preventive,,0,,000080000137
WO-2080732,ASSET-00144,Corrective,HYDRAULIC-LEAK,166,1015,000080000137
WO-2080733,ASSET-00145,Preventive,,0,,000080000138
WO-2080734,ASSET-00145,Preventive,,0,,000080000138
WO-2080735,ASSET-00145,Preventive,,0,,000080000138
WO-2080736,ASSET-00145,Corrective,HYDRAULIC-LEAK,61,476,000080000138
WO-2080737,ASSET-00146,Corrective,CONTROLLER-FAULT,130,1488,000080000139
WO-2080738,ASSET-00146,Preventive,,0,,000080000139
WO-2080739,ASSET-00146,Preventive,,0,,000080000139
WO-2080740,ASSET-00146,Preventive,,0,,000080000139
WO-2080741,ASSET-00146,Corrective,SENSOR-FAULT,227,718,000080000139
WO-2080742,ASSET-00147,Preventive,,0,,000080000140
WO-2080743,ASSET-00147,Corrective,MOTOR-BURNOUT,131,1903,000080000140
WO-2080744,ASSET-00147,Corrective,SENSOR-FAULT,151,656,000080000140
WO-2080745,ASSET-00147,Corrective,SENSOR-FAULT,205,1444,000080000140
WO-2080746,ASSET-00148,Emergency,CONTROLLER-FAULT,196,1267,000080000141
WO-2080747,ASSET-00148,Corrective,SPINDLE-SEIZURE,79,1568,000080000141
WO-2080748,ASSET-00148,Preventive,,0,,000080000141
WO-2080749,ASSET-00148,Corrective,MOTOR-BURNOUT,227,1777,000080000141
WO-2080750,ASSET-00148,Preventive,,0,,000080000141
WO-2080751,ASSET-00149,Preventive,,0,,000080000142
WO-2080752,ASSET-00149,Preventive,,0,,000080000142
WO-2080753,ASSET-00149,Corrective,DIE-WEAR,89,1817,000080000142
WO-2080754,ASSET-00149,Corrective,SPINDLE-SEIZURE,101,719,000080000142
WO-2080755,ASSET-00149,Preventive,,0,,000080000142
WO-2080756,ASSET-00149,Preventive,,0,,000080000142
WO-2080757,ASSET-00150,Corrective,MOTOR-BURNOUT,228,1403,000080000143
WO-2080758,ASSET-00150,Preventive,,0,,000080000143
WO-2080759,ASSET-00150,Corrective,PNEUMATIC-LEAK,210,410,000080000143
WO-2080760,ASSET-00150,Corrective,CONTROLLER-FAULT,150,429,000080000143
WO-2080761,ASSET-00151,Corrective,BEARING-FAILURE,196,343,
WO-2080762,ASSET-00151,Preventive,,0,,
WO-2080763,ASSET-00151,Corrective,PNEUMATIC-LEAK,139,1234,
WO-2080764,ASSET-00151,Preventive,,0,,
WO-2080765,ASSET-00151,Preventive,,0,,
WO-2080766,ASSET-00152,Corrective,BELT-FAILURE,97,738,000080000144
WO-2080767,ASSET-00152,Corrective,CONTROLLER-FAULT,33,1252,000080000144
WO-2080768,ASSET-00152,Preventive,,0,,000080000144
WO-2080769,ASSET-00152,Preventive,,0,,000080000144
WO-2080770,ASSET-00153,Emergency,BEARING-FAILURE,117,628,000080000145
WO-2080771,ASSET-00153,Corrective,CONTROLLER-FAULT,107,250,000080000145
WO-2080772,ASSET-00153,Corrective,SENSOR-FAULT,225,1124,000080000145
WO-2080773,ASSET-00154,Corrective,BELT-FAILURE,162,980,
WO-2080774,ASSET-00154,Corrective,HYDRAULIC-LEAK,224,1429,
WO-2080775,ASSET-00154,Preventive,,0,,
WO-2080776,ASSET-00154,Emergency,DIE-WEAR,443,900,
WO-2080777,ASSET-00154,Preventive,,0,,
WO-2080778,ASSET-00155,Preventive,,0,,000080000146
WO-2080779,ASSET-00155,Preventive,,0,,000080000146
WO-2080780,ASSET-00155,Corrective,SPINDLE-SEIZURE,214,338,000080000146
WO-2080781,ASSET-00155,Preventive,,0,,000080000146
WO-2080782,ASSET-00156,Preventive,,0,,000080000147
WO-2080783,ASSET-00156,Corrective,PNEUMATIC-LEAK,155,378,000080000147
WO-2080784,ASSET-00156,Corrective,PNEUMATIC-LEAK,233,1155,000080000147
WO-2080785,ASSET-00156,Preventive,,0,,000080000147
WO-2080786,ASSET-00156,Emergency,SPINDLE-SEIZURE,401,357,000080000147
WO-2080787,ASSET-00156,Corrective,CONTROLLER-FAULT,36,1491,000080000147
WO-2080788,ASSET-00157,Preventive,,0,,000080000148
WO-2080789,ASSET-00157,Corrective,BEARING-FAILURE,117,1822,000080000148
WO-2080790,ASSET-00157,Preventive,,0,,000080000148
WO-2080791,ASSET-00157,Corrective,HYDRAULIC-LEAK,185,1637,000080000148
WO-2080792,ASSET-00157,Corrective,CALIBRATION-DRIFT,147,280,000080000148
WO-2080793,ASSET-00157,Corrective,BELT-FAILURE,95,1015,000080000148
WO-2080794,ASSET-00157,Emergency,SENSOR-FAULT,306,1177,000080000148
WO-2080795,ASSET-00158,Emergency,BEARING-FAILURE,491,369,000080000149
WO-2080796,ASSET-00158,Preventive,,0,,000080000149
WO-2080797,ASSET-00158,Corrective,DIE-WEAR,53,1743,000080000149
WO-2080798,ASSET-00158,Preventive,,0,,000080000149
WO-2080799,ASSET-00159,Preventive,,0,,000080000150
WO-2080800,ASSET-00159,Preventive,,0,,000080000150
WO-2080801,ASSET-00159,Preventive,,0,,000080000150
WO-2080802,ASSET-00159,Preventive,,0,,000080000150
WO-2080803,ASSET-00159,Preventive,,0,,000080000150
WO-2080804,ASSET-00160,Emergency,HYDRAULIC-LEAK,177,936,000080000151
WO-2080805,ASSET-00160,Corrective,PNEUMATIC-LEAK,182,1523,000080000151
WO-2080806,ASSET-00160,Emergency,DIE-WEAR,565,1244,000080000151
WO-2080807,ASSET-00160,Preventive,,0,,000080000151
WO-2080808,ASSET-00160,Preventive,,0,,000080000151
WO-2080809,ASSET-00160,Preventive,,0,,000080000151
WO-2080810,ASSET-00160,Preventive,,0,,000080000151
WO-2080811,ASSET-00160,Preventive,,0,,000080000151
WO-2080812,ASSET-00161,Preventive,,0,,
WO-2080813,ASSET-00161,Preventive,,0,,
WO-2080814,ASSET-00161,Corrective,CALIBRATION-DRIFT,41,432,
WO-2080815,ASSET-00162,Corrective,MOTOR-BURNOUT,146,1208,000080000152
WO-2080816,ASSET-00162,Emergency,BELT-FAILURE,180,1518,000080000152
WO-2080817,ASSET-00162,Preventive,,0,,000080000152
WO-2080818,ASSET-00162,Preventive,,0,,000080000152
WO-2080819,ASSET-00162,Corrective,BEARING-FAILURE,63,1780,000080000152
WO-2080820,ASSET-00162,Corrective,MOTOR-BURNOUT,66,1206,000080000152
WO-2080821,ASSET-00163,Preventive,,0,,000080000153
WO-2080822,ASSET-00163,Preventive,,0,,000080000153
WO-2080823,ASSET-00163,Preventive,,0,,000080000153
WO-2080824,ASSET-00163,Preventive,,0,,000080000153
WO-2080825,ASSET-00163,Preventive,,0,,000080000153
WO-2080826,ASSET-00163,Preventive,,0,,000080000153
WO-2080827,ASSET-00164,Emergency,PNEUMATIC-LEAK,529,1619,000080000154
WO-2080828,ASSET-00164,Corrective,SPINDLE-SEIZURE,180,1190,000080000154
WO-2080829,ASSET-00164,Emergency,SPINDLE-SEIZURE,274,1082,000080000154
WO-2080830,ASSET-00164,Preventive,,0,,000080000154
WO-2080831,ASSET-00165,Preventive,,0,,000080000155
WO-2080832,ASSET-00165,Preventive,,0,,000080000155
WO-2080833,ASSET-00165,Emergency,SENSOR-FAULT,599,1541,000080000155
WO-2080834,ASSET-00165,Corrective,DIE-WEAR,37,427,000080000155
WO-2080835,ASSET-00165,Corrective,SENSOR-FAULT,172,1812,000080000155
WO-2080836,ASSET-00166,Preventive,,0,,000080000156
WO-2080837,ASSET-00166,Preventive,,0,,000080000156
WO-2080838,ASSET-00166,Preventive,,0,,000080000156
WO-2080839,ASSET-00166,Preventive,,0,,000080000156
WO-2080840,ASSET-00166,Preventive,,0,,000080000156
WO-2080841,ASSET-00167,Preventive,,0,,000080000157
WO-2080842,ASSET-00167,Emergency,SENSOR-FAULT,431,681,000080000157
WO-2080843,ASSET-00167,Emergency,BELT-FAILURE,443,424,000080000157
WO-2080844,ASSET-00167,Preventive,,0,,000080000157
WO-2080845,ASSET-00167,Preventive,,0,,000080000157
WO-2080846,ASSET-00168,Preventive,,0,,000080000158
WO-2080847,ASSET-00168,Preventive,,0,,000080000158
WO-2080848,ASSET-00168,Preventive,,0,,000080000158
WO-2080849,ASSET-00168,Preventive,,0,,000080000158
WO-2080850,ASSET-00169,Preventive,,0,,
WO-2080851,ASSET-00169,Corrective,CALIBRATION-DRIFT,65,1164,
WO-2080852,ASSET-00169,Corrective,MOTOR-BURNOUT,59,1166,
WO-2080853,ASSET-00170,Corrective,PNEUMATIC-LEAK,67,1647,000080000159
WO-2080854,ASSET-00170,Preventive,,0,,000080000159
WO-2080855,ASSET-00170,Emergency,CALIBRATION-DRIFT,423,1723,000080000159
WO-2080856,ASSET-00170,Preventive,,0,,000080000159
WO-2080857,ASSET-00170,Preventive,,0,,000080000159
WO-2080858,ASSET-00170,Corrective,SPINDLE-SEIZURE,240,1691,000080000159
WO-2080859,ASSET-00171,Corrective,BEARING-FAILURE,58,1447,000080000160
WO-2080860,ASSET-00171,Corrective,BELT-FAILURE,169,1651,000080000160
WO-2080861,ASSET-00171,Corrective,BELT-FAILURE,161,284,000080000160
WO-2080862,ASSET-00171,Preventive,,0,,000080000160
WO-2080863,ASSET-00171,Emergency,CONTROLLER-FAULT,85,1364,000080000160
WO-2080864,ASSET-00172,Preventive,,0,,000080000161
WO-2080865,ASSET-00172,Emergency,CALIBRATION-DRIFT,414,1431,000080000161
WO-2080866,ASSET-00172,Emergency,SPINDLE-SEIZURE,536,1750,000080000161
WO-2080867,ASSET-00172,Preventive,,0,,000080000161
WO-2080868,ASSET-00173,Preventive,,0,,000080000162
WO-2080869,ASSET-00173,Corrective,PNEUMATIC-LEAK,195,827,000080000162
WO-2080870,ASSET-00173,Preventive,,0,,000080000162
WO-2080871,ASSET-00173,Corrective,MOTOR-BURNOUT,128,1683,000080000162
WO-2080872,ASSET-00173,Preventive,,0,,000080000162
WO-2080873,ASSET-00173,Emergency,SPINDLE-SEIZURE,182,539,000080000162
WO-2080874,ASSET-00174,Emergency,BEARING-FAILURE,214,1102,000080000163
WO-2080875,ASSET-00174,Preventive,,0,,000080000163
WO-2080876,ASSET-00174,Preventive,,0,,000080000163
WO-2080877,ASSET-00174,Preventive,,0,,000080000163
WO-2080878,ASSET-00174,Preventive,,0,,000080000163
WO-2080879,ASSET-00174,Preventive,,0,,000080000163
WO-2080880,ASSET-00175,Preventive,,0,,000080000164
WO-2080881,ASSET-00175,Preventive,,0,,000080000164
WO-2080882,ASSET-00175,Corrective,BELT-FAILURE,151,1207,000080000164
WO-2080883,ASSET-00175,Preventive,,0,,000080000164
WO-2080884,ASSET-00175,Corrective,SPINDLE-SEIZURE,168,486,000080000164
WO-2080885,ASSET-00176,Preventive,,0,,000080000165
WO-2080886,ASSET-00176,Preventive,,0,,000080000165
WO-2080887,ASSET-00177,Preventive,,0,,
WO-2080888,ASSET-00177,Preventive,,0,,
WO-2080889,ASSET-00177,Corrective,BELT-FAILURE,208,1218,
WO-2080890,ASSET-00177,Corrective,BEARING-FAILURE,85,607,
WO-2080891,ASSET-00177,Corrective,BELT-FAILURE,206,461,
WO-2080892,ASSET-00177,Preventive,,0,,
WO-2080893,ASSET-00177,Preventive,,0,,
WO-2080894,ASSET-00178,Preventive,,0,,
WO-2080895,ASSET-00178,Emergency,MOTOR-BURNOUT,112,1743,
WO-2080896,ASSET-00178,Corrective,BELT-FAILURE,207,236,
WO-2080897,ASSET-00178,Corrective,MOTOR-BURNOUT,164,413,
WO-2080898,ASSET-00178,Emergency,BELT-FAILURE,170,545,
WO-2080899,ASSET-00178,Preventive,,0,,
WO-2080900,ASSET-00178,Preventive,,0,,
WO-2080901,ASSET-00178,Corrective,DIE-WEAR,111,1094,
WO-2080902,ASSET-00179,Preventive,,0,,000080000166
WO-2080903,ASSET-00179,Preventive,,0,,000080000166
WO-2080904,ASSET-00179,Corrective,MOTOR-BURNOUT,97,1338,000080000166
WO-2080905,ASSET-00179,Corrective,BELT-FAILURE,186,995,000080000166
WO-2080906,ASSET-00179,Preventive,,0,,000080000166
WO-2080907,ASSET-00179,Preventive,,0,,000080000166
WO-2080908,ASSET-00179,Preventive,,0,,000080000166
WO-2080909,ASSET-00180,Preventive,,0,,000080000167
WO-2080910,ASSET-00180,Preventive,,0,,000080000167
WO-2080911,ASSET-00180,Corrective,BELT-FAILURE,76,928,000080000167
WO-2080912,ASSET-00180,Preventive,,0,,000080000167
WO-2080913,ASSET-00180,Preventive,,0,,000080000167
WO-2080914,ASSET-00181,Preventive,,0,,000080000168
WO-2080915,ASSET-00181,Preventive,,0,,000080000168
WO-2080916,ASSET-00181,Preventive,,0,,000080000168
WO-2080917,ASSET-00181,Emergency,PNEUMATIC-LEAK,456,1389,000080000168
WO-2080918,ASSET-00181,Emergency,CALIBRATION-DRIFT,174,1771,000080000168
WO-2080919,ASSET-00181,Corrective,MOTOR-BURNOUT,115,814,000080000168
WO-2080920,ASSET-00182,Preventive,,0,,000080000169
WO-2080921,ASSET-00182,Preventive,,0,,000080000169
WO-2080922,ASSET-00182,Corrective,PNEUMATIC-LEAK,219,670,000080000169
WO-2080923,ASSET-00182,Corrective,HYDRAULIC-LEAK,51,406,000080000169
WO-2080924,ASSET-00182,Corrective,PNEUMATIC-LEAK,177,453,000080000169
WO-2080925,ASSET-00183,Preventive,,0,,000080000170
WO-2080926,ASSET-00183,Preventive,,0,,000080000170
WO-2080927,ASSET-00183,Preventive,,0,,000080000170
WO-2080928,ASSET-00184,Preventive,,0,,000080000171
WO-2080929,ASSET-00184,Corrective,BEARING-FAILURE,214,1739,000080000171
WO-2080930,ASSET-00184,Preventive,,0,,000080000171
WO-2080931,ASSET-00184,Preventive,,0,,000080000171
WO-2080932,ASSET-00184,Corrective,SPINDLE-SEIZURE,95,480,000080000171
WO-2080933,ASSET-00185,Preventive,,0,,000080000172
WO-2080934,ASSET-00185,Preventive,,0,,000080000172
WO-2080935,ASSET-00185,Preventive,,0,,000080000172
WO-2080936,ASSET-00185,Preventive,,0,,000080000172
WO-2080937,ASSET-00186,Preventive,,0,,000080000173
WO-2080938,ASSET-00186,Preventive,,0,,000080000173
WO-2080939,ASSET-00186,Corrective,CALIBRATION-DRIFT,222,1714,000080000173
WO-2080940,ASSET-00187,Preventive,,0,,000080000174
WO-2080941,ASSET-00187,Preventive,,0,,000080000174
WO-2080942,ASSET-00187,Preventive,,0,,000080000174
WO-2080943,ASSET-00187,Corrective,HYDRAULIC-LEAK,150,277,000080000174
WO-2080944,ASSET-00188,Corrective,MOTOR-BURNOUT,213,876,000080000175
WO-2080945,ASSET-00188,Preventive,,0,,000080000175
WO-2080946,ASSET-00188,Corrective,HYDRAULIC-LEAK,181,920,000080000175
WO-2080947,ASSET-00188,Preventive,,0,,000080000175
WO-2080948,ASSET-00188,Preventive,,0,,000080000175
WO-2080949,ASSET-00188,Corrective,SENSOR-FAULT,213,897,000080000175
WO-2080950,ASSET-00188,Preventive,,0,,000080000175
WO-2080951,ASSET-00189,Corrective,MOTOR-BURNOUT,33,1392,000080000176
WO-2080952,ASSET-00189,Corrective,BEARING-FAILURE,237,1685,000080000176
WO-2080953,ASSET-00189,Emergency,BELT-FAILURE,270,545,000080000176
WO-2080954,ASSET-00189,Emergency,HYDRAULIC-LEAK,413,246,000080000176
WO-2080955,ASSET-00189,Preventive,,0,,000080000176
WO-2080956,ASSET-00189,Corrective,CALIBRATION-DRIFT,220,751,000080000176
WO-2080957,ASSET-00189,Preventive,,0,,000080000176
WO-2080958,ASSET-00189,Corrective,CONTROLLER-FAULT,140,1843,000080000176
WO-2080959,ASSET-00189,Preventive,,0,,000080000176
WO-2080960,ASSET-00189,Corrective,MOTOR-BURNOUT,127,1822,000080000176
WO-2080961,ASSET-00189,Preventive,,0,,000080000176
WO-2080962,ASSET-00190,Corrective,SENSOR-FAULT,160,950,000080000177
WO-2080963,ASSET-00190,Emergency,PNEUMATIC-LEAK,396,1295,000080000177
WO-2080964,ASSET-00190,Preventive,,0,,000080000177
WO-2080965,ASSET-00190,Preventive,,0,,000080000177
WO-2080966,ASSET-00190,Preventive,,0,,000080000177
WO-2080967,ASSET-00190,Preventive,,0,,000080000177
WO-2080968,ASSET-00190,Preventive,,0,,000080000177
WO-2080969,ASSET-00191,Preventive,,0,,
WO-2080970,ASSET-00191,Preventive,,0,,
WO-2080971,ASSET-00191,Preventive,,0,,
WO-2080972,ASSET-00192,Preventive,,0,,000080000178
WO-2080973,ASSET-00192,Preventive,,0,,000080000178
WO-2080974,ASSET-00192,Corrective,SENSOR-FAULT,213,388,000080000178
WO-2080975,ASSET-00192,Preventive,,0,,000080000178
WO-2080976,ASSET-00192,Preventive,,0,,000080000178
WO-2080977,ASSET-00192,Corrective,CALIBRATION-DRIFT,89,1837,000080000178
WO-2080978,ASSET-00192,Corrective,BEARING-FAILURE,176,742,000080000178
WO-2080979,ASSET-00193,Preventive,,0,,000080000179
WO-2080980,ASSET-00194,Corrective,HYDRAULIC-LEAK,186,1870,000080000180
WO-2080981,ASSET-00194,Preventive,,0,,000080000180
WO-2080982,ASSET-00194,Preventive,,0,,000080000180
WO-2080983,ASSET-00194,Preventive,,0,,000080000180
WO-2080984,ASSET-00194,Preventive,,0,,000080000180
WO-2080985,ASSET-00194,Preventive,,0,,000080000180
WO-2080986,ASSET-00194,Corrective,CONTROLLER-FAULT,126,1054,000080000180
WO-2080987,ASSET-00195,Corrective,CONTROLLER-FAULT,82,692,000080000181
WO-2080988,ASSET-00195,Preventive,,0,,000080000181
WO-2080989,ASSET-00195,Emergency,CONTROLLER-FAULT,391,1666,000080000181
WO-2080990,ASSET-00195,Preventive,,0,,000080000181
WO-2080991,ASSET-00195,Preventive,,0,,000080000181
WO-2080992,ASSET-00195,Preventive,,0,,000080000181
WO-2080993,ASSET-00195,Corrective,SPINDLE-SEIZURE,199,948,000080000181
WO-2080994,ASSET-00195,Preventive,,0,,000080000181
WO-2080995,ASSET-00195,Preventive,,0,,000080000181
WO-2080996,ASSET-00196,Emergency,BELT-FAILURE,489,1476,000080000182
WO-2080997,ASSET-00196,Corrective,BELT-FAILURE,52,1685,000080000182
WO-2080998,ASSET-00196,Preventive,,0,,000080000182
WO-2080999,ASSET-00196,Preventive,,0,,000080000182
WO-2081000,ASSET-00196,Corrective,CONTROLLER-FAULT,162,1689,000080000182
WO-2081001,ASSET-00196,Corrective,MOTOR-BURNOUT,204,269,000080000182
WO-2081002,ASSET-00196,Preventive,,0,,000080000182
WO-2081003,ASSET-00197,Corrective,PNEUMATIC-LEAK,157,1871,000080000183
WO-2081004,ASSET-00197,Corrective,BELT-FAILURE,225,1941,000080000183
WO-2081005,ASSET-00197,Preventive,,0,,000080000183
WO-2081006,ASSET-00197,Corrective,HYDRAULIC-LEAK,59,1159,000080000183
WO-2081007,ASSET-00197,Preventive,,0,,000080000183
WO-2081008,ASSET-00197,Preventive,,0,,000080000183
WO-2081009,ASSET-00197,Preventive,,0,,000080000183
WO-2081010,ASSET-00198,Preventive,,0,,000080000184
WO-2081011,ASSET-00198,Preventive,,0,,000080000184
WO-2081012,ASSET-00198,Preventive,,0,,000080000184
WO-2081013,ASSET-00198,Corrective,SPINDLE-SEIZURE,152,1877,000080000184
WO-2081014,ASSET-00198,Corrective,SPINDLE-SEIZURE,36,1433,000080000184
WO-2081015,ASSET-00198,Corrective,SPINDLE-SEIZURE,159,864,000080000184
WO-2081016,ASSET-00198,Emergency,BELT-FAILURE,314,767,000080000184
WO-2081017,ASSET-00199,Corrective,SPINDLE-SEIZURE,240,1535,000080000185
WO-2081018,ASSET-00199,Preventive,,0,,000080000185
WO-2081019,ASSET-00199,Corrective,CONTROLLER-FAULT,192,776,000080000185
WO-2081020,ASSET-00199,Corrective,CALIBRATION-DRIFT,177,572,000080000185
WO-2081021,ASSET-00199,Corrective,BEARING-FAILURE,172,1746,000080000185
WO-2081022,ASSET-00199,Corrective,MOTOR-BURNOUT,141,1135,000080000185
WO-2081023,ASSET-00199,Corrective,CONTROLLER-FAULT,203,672,000080000185
WO-2081024,ASSET-00200,Corrective,CONTROLLER-FAULT,101,1727,000080000186
WO-2081025,ASSET-00200,Preventive,,0,,000080000186
WO-2081026,ASSET-00200,Corrective,DIE-WEAR,111,906,000080000186
WO-2081027,ASSET-00201,Corrective,PNEUMATIC-LEAK,93,1450,000080000187
WO-2081028,ASSET-00201,Preventive,,0,,000080000187
WO-2081029,ASSET-00201,Corrective,DIE-WEAR,144,529,000080000187
WO-2081030,ASSET-00201,Corrective,HYDRAULIC-LEAK,166,1126,000080000187
WO-2081031,ASSET-00201,Emergency,CONTROLLER-FAULT,207,367,000080000187
WO-2081032,ASSET-00201,Emergency,DIE-WEAR,347,1520,000080000187
WO-2081033,ASSET-00202,Emergency,CONTROLLER-FAULT,139,1090,000080000188
WO-2081034,ASSET-00202,Preventive,,0,,000080000188
WO-2081035,ASSET-00202,Corrective,BELT-FAILURE,81,1603,000080000188
WO-2081036,ASSET-00202,Preventive,,0,,000080000188
WO-2081037,ASSET-00202,Corrective,DIE-WEAR,123,1006,000080000188
WO-2081038,ASSET-00202,Preventive,,0,,000080000188
WO-2081039,ASSET-00202,Corrective,BEARING-FAILURE,138,1255,000080000188
WO-2081040,ASSET-00202,Preventive,,0,,000080000188
WO-2081041,ASSET-00202,Corrective,SPINDLE-SEIZURE,185,893,000080000188
WO-2081042,ASSET-00203,Emergency,SENSOR-FAULT,530,1352,000080000189
WO-2081043,ASSET-00203,Preventive,,0,,000080000189
WO-2081044,ASSET-00203,Corrective,BELT-FAILURE,156,1420,000080000189
WO-2081045,ASSET-00203,Preventive,,0,,000080000189
WO-2081046,ASSET-00203,Preventive,,0,,000080000189
WO-2081047,ASSET-00204,Corrective,DIE-WEAR,214,304,000080000190
WO-2081048,ASSET-00204,Preventive,,0,,000080000190
WO-2081049,ASSET-00204,Preventive,,0,,000080000190
WO-2081050,ASSET-00205,Corrective,SPINDLE-SEIZURE,142,1461,000080000191
WO-2081051,ASSET-00205,Emergency,MOTOR-BURNOUT,184,296,000080000191
WO-2081052,ASSET-00206,Corrective,PNEUMATIC-LEAK,187,1427,000080000192
WO-2081053,ASSET-00206,Emergency,MOTOR-BURNOUT,362,1499,000080000192
WO-2081054,ASSET-00206,Preventive,,0,,000080000192
WO-2081055,ASSET-00207,Preventive,,0,,000080000193
WO-2081056,ASSET-00207,Preventive,,0,,000080000193
WO-2081057,ASSET-00207,Corrective,CALIBRATION-DRIFT,129,1472,000080000193
WO-2081058,ASSET-00207,Preventive,,0,,000080000193
WO-2081059,ASSET-00207,Corrective,HYDRAULIC-LEAK,143,801,000080000193
WO-2081060,ASSET-00207,Preventive,,0,,000080000193
WO-2081061,ASSET-00207,Preventive,,0,,000080000193
WO-2081062,ASSET-00208,Corrective,CONTROLLER-FAULT,135,1264,000080000194
WO-2081063,ASSET-00208,Corrective,PNEUMATIC-LEAK,173,1695,000080000194
WO-2081064,ASSET-00208,Preventive,,0,,000080000194
WO-2081065,ASSET-00208,Emergency,CONTROLLER-FAULT,261,387,000080000194
WO-2081066,ASSET-00209,Corrective,BEARING-FAILURE,47,1803,000080000195
WO-2081067,ASSET-00209,Preventive,,0,,000080000195
WO-2081068,ASSET-00209,Preventive,,0,,000080000195
WO-2081069,ASSET-00209,Emergency,DIE-WEAR,310,1023,000080000195
WO-2081070,ASSET-00209,Preventive,,0,,000080000195
WO-2081071,ASSET-00210,Preventive,,0,,000080000196
WO-2081072,ASSET-00210,Emergency,BEARING-FAILURE,359,1687,000080000196
WO-2081073,ASSET-00210,Emergency,PNEUMATIC-LEAK,301,1690,000080000196
WO-2081074,ASSET-00210,Preventive,,0,,000080000196
WO-2081075,ASSET-00210,Preventive,,0,,000080000196
WO-2081076,ASSET-00210,Preventive,,0,,000080000196
WO-2081077,ASSET-00210,Preventive,,0,,000080000196
WO-2081078,ASSET-00210,Corrective,MOTOR-BURNOUT,168,1132,000080000196
WO-2081079,ASSET-00211,Corrective,MOTOR-BURNOUT,69,1170,000080000197
WO-2081080,ASSET-00211,Preventive,,0,,000080000197
WO-2081081,ASSET-00211,Preventive,,0,,000080000197
WO-2081082,ASSET-00211,Corrective,BEARING-FAILURE,141,628,000080000197
WO-2081083,ASSET-00211,Preventive,,0,,000080000197
WO-2081084,ASSET-00211,Corrective,SPINDLE-SEIZURE,132,1277,000080000197
WO-2081085,ASSET-00212,Corrective,SPINDLE-SEIZURE,183,385,000080000198
WO-2081086,ASSET-00212,Corrective,MOTOR-BURNOUT,72,439,000080000198
WO-2081087,ASSET-00212,Preventive,,0,,000080000198
WO-2081088,ASSET-00212,Corrective,MOTOR-BURNOUT,52,296,000080000198
WO-2081089,ASSET-00212,Preventive,,0,,000080000198
WO-2081090,ASSET-00213,Preventive,,0,,000080000199
WO-2081091,ASSET-00213,Preventive,,0,,000080000199
WO-2081092,ASSET-00214,Preventive,,0,,000080000200
WO-2081093,ASSET-00214,Preventive,,0,,000080000200
WO-2081094,ASSET-00214,Preventive,,0,,000080000200
WO-2081095,ASSET-00214,Emergency,BEARING-FAILURE,211,516,000080000200
WO-2081096,ASSET-00214,Preventive,,0,,000080000200
WO-2081097,ASSET-00214,Preventive,,0,,000080000200
WO-2081098,ASSET-00215,Corrective,PNEUMATIC-LEAK,180,660,000080000201
WO-2081099,ASSET-00215,Preventive,,0,,000080000201
WO-2081100,ASSET-00215,Preventive,,0,,000080000201
WO-2081101,ASSET-00215,Preventive,,0,,000080000201
WO-2081102,ASSET-00215,Preventive,,0,,000080000201
WO-2081103,ASSET-00215,Preventive,,0,,000080000201
WO-2081104,ASSET-00216,Preventive,,0,,000080000202
WO-2081105,ASSET-00216,Corrective,SPINDLE-SEIZURE,193,1722,000080000202
WO-2081106,ASSET-00216,Preventive,,0,,000080000202
WO-2081107,ASSET-00216,Corrective,SENSOR-FAULT,90,1857,000080000202
WO-2081108,ASSET-00217,Preventive,,0,,000080000203
WO-2081109,ASSET-00217,Corrective,BELT-FAILURE,165,1191,000080000203
WO-2081110,ASSET-00217,Corrective,CONTROLLER-FAULT,46,584,000080000203
WO-2081111,ASSET-00217,Preventive,,0,,000080000203
WO-2081112,ASSET-00217,Preventive,,0,,000080000203
WO-2081113,ASSET-00217,Corrective,SPINDLE-SEIZURE,158,307,000080000203
WO-2081114,ASSET-00217,Preventive,,0,,000080000203
WO-2081115,ASSET-00217,Preventive,,0,,000080000203
WO-2081116,ASSET-00217,Emergency,SENSOR-FAULT,123,1660,000080000203
WO-2081117,ASSET-00218,Corrective,SPINDLE-SEIZURE,70,1907,000080000204
WO-2081118,ASSET-00218,Corrective,PNEUMATIC-LEAK,233,890,000080000204
WO-2081119,ASSET-00218,Corrective,MOTOR-BURNOUT,143,1216,000080000204
WO-2081120,ASSET-00218,Corrective,CALIBRATION-DRIFT,136,1198,000080000204
WO-2081121,ASSET-00218,Preventive,,0,,000080000204
WO-2081122,ASSET-00218,Preventive,,0,,000080000204
WO-2081123,ASSET-00218,Preventive,,0,,000080000204
WO-2081124,ASSET-00219,Emergency,PNEUMATIC-LEAK,113,1928,000080000205
WO-2081125,ASSET-00219,Preventive,,0,,000080000205
WO-2081126,ASSET-00219,Preventive,,0,,000080000205
WO-2081127,ASSET-00219,Preventive,,0,,000080000205
WO-2081128,ASSET-00220,Corrective,SENSOR-FAULT,46,1727,000080000206
WO-2081129,ASSET-00220,Emergency,SENSOR-FAULT,454,1035,000080000206
WO-2081130,ASSET-00220,Preventive,,0,,000080000206
WO-2081131,ASSET-00220,Corrective,BEARING-FAILURE,191,1232,000080000206
WO-2081132,ASSET-00221,Preventive,,0,,000080000207
WO-2081133,ASSET-00221,Emergency,CONTROLLER-FAULT,524,461,000080000207
WO-2081134,ASSET-00221,Preventive,,0,,000080000207
WO-2081135,ASSET-00221,Preventive,,0,,000080000207
WO-2081136,ASSET-00221,Corrective,MOTOR-BURNOUT,218,881,000080000207
WO-2081137,ASSET-00221,Corrective,DIE-WEAR,153,1930,000080000207
WO-2081138,ASSET-00221,Preventive,,0,,000080000207
WO-2081139,ASSET-00222,Corrective,CONTROLLER-FAULT,45,1543,000080000208
WO-2081140,ASSET-00222,Emergency,SPINDLE-SEIZURE,258,1961,000080000208
WO-2081141,ASSET-00222,Emergency,CALIBRATION-DRIFT,487,1006,000080000208
WO-2081142,ASSET-00222,Preventive,,0,,000080000208
WO-2081143,ASSET-00223,Preventive,,0,,000080000209
WO-2081144,ASSET-00223,Preventive,,0,,000080000209
WO-2081145,ASSET-00223,Preventive,,0,,000080000209
WO-2081146,ASSET-00223,Preventive,,0,,000080000209
WO-2081147,ASSET-00223,Preventive,,0,,000080000209
WO-2081148,ASSET-00223,Preventive,,0,,000080000209
WO-2081149,ASSET-00223,Preventive,,0,,000080000209
WO-2081150,ASSET-00224,Preventive,,0,,000080000210
WO-2081151,ASSET-00224,Preventive,,0,,000080000210
WO-2081152,ASSET-00224,Preventive,,0,,000080000210
WO-2081153,ASSET-00224,Preventive,,0,,000080000210
WO-2081154,ASSET-00224,Corrective,PNEUMATIC-LEAK,142,666,000080000210
WO-2081155,ASSET-00225,Corrective,PNEUMATIC-LEAK,234,924,000080000211
WO-2081156,ASSET-00225,Emergency,DIE-WEAR,498,1036,000080000211
WO-2081157,ASSET-00225,Emergency,BELT-FAILURE,169,1573,000080000211
WO-2081158,ASSET-00225,Preventive,,0,,000080000211
WO-2081159,ASSET-00225,Preventive,,0,,000080000211
WO-2081160,ASSET-00225,Emergency,DIE-WEAR,528,1454,000080000211
WO-2081161,ASSET-00225,Preventive,,0,,000080000211
WO-2081162,ASSET-00226,Emergency,HYDRAULIC-LEAK,298,1836,000080000212
WO-2081163,ASSET-00226,Preventive,,0,,000080000212
WO-2081164,ASSET-00226,Corrective,DIE-WEAR,170,1627,000080000212
WO-2081165,ASSET-00226,Preventive,,0,,000080000212
WO-2081166,ASSET-00226,Preventive,,0,,000080000212
WO-2081167,ASSET-00227,Preventive,,0,,000080000213
WO-2081168,ASSET-00227,Corrective,SPINDLE-SEIZURE,110,578,000080000213
WO-2081169,ASSET-00227,Preventive,,0,,000080000213
WO-2081170,ASSET-00227,Preventive,,0,,000080000213
WO-2081171,ASSET-00227,Preventive,,0,,000080000213
WO-2081172,ASSET-00228,Preventive,,0,,000080000214
WO-2081173,ASSET-00228,Emergency,DIE-WEAR,198,583,000080000214
WO-2081174,ASSET-00229,Corrective,BELT-FAILURE,129,1973,000080000215
WO-2081175,ASSET-00229,Preventive,,0,,000080000215
WO-2081176,ASSET-00229,Emergency,BEARING-FAILURE,119,770,000080000215
WO-2081177,ASSET-00229,Corrective,SENSOR-FAULT,52,327,000080000215
WO-2081178,ASSET-00229,Corrective,CALIBRATION-DRIFT,173,579,000080000215
WO-2081179,ASSET-00229,Preventive,,0,,000080000215
WO-2081180,ASSET-00229,Preventive,,0,,000080000215
WO-2081181,ASSET-00230,Corrective,PNEUMATIC-LEAK,99,1433,000080000216
WO-2081182,ASSET-00230,Corrective,MOTOR-BURNOUT,45,828,000080000216
WO-2081183,ASSET-00230,Preventive,,0,,000080000216
WO-2081184,ASSET-00231,Preventive,,0,,000080000217
WO-2081185,ASSET-00231,Preventive,,0,,000080000217
WO-2081186,ASSET-00231,Preventive,,0,,000080000217
WO-2081187,ASSET-00231,Preventive,,0,,000080000217
WO-2081188,ASSET-00231,Corrective,BEARING-FAILURE,203,1394,000080000217
WO-2081189,ASSET-00232,Corrective,BELT-FAILURE,74,382,000080000218
WO-2081190,ASSET-00232,Preventive,,0,,000080000218
WO-2081191,ASSET-00232,Preventive,,0,,000080000218
WO-2081192,ASSET-00232,Corrective,DIE-WEAR,109,1300,000080000218
WO-2081193,ASSET-00233,Preventive,,0,,000080000219
WO-2081194,ASSET-00233,Preventive,,0,,000080000219
WO-2081195,ASSET-00233,Preventive,,0,,000080000219
WO-2081196,ASSET-00233,Corrective,PNEUMATIC-LEAK,55,1338,000080000219
WO-2081197,ASSET-00234,Emergency,BEARING-FAILURE,145,543,000080000220
WO-2081198,ASSET-00234,Corrective,CONTROLLER-FAULT,140,539,000080000220
WO-2081199,ASSET-00235,Corrective,PNEUMATIC-LEAK,142,1871,000080000221
WO-2081200,ASSET-00235,Corrective,DIE-WEAR,82,1416,000080000221
WO-2081201,ASSET-00235,Corrective,CALIBRATION-DRIFT,108,470,000080000221
WO-2081202,ASSET-00236,Preventive,,0,,000080000222
WO-2081203,ASSET-00236,Preventive,,0,,000080000222
WO-2081204,ASSET-00236,Corrective,MOTOR-BURNOUT,204,379,000080000222
WO-2081205,ASSET-00236,Corrective,CALIBRATION-DRIFT,206,400,000080000222
WO-2081206,ASSET-00237,Preventive,,0,,
WO-2081207,ASSET-00237,Preventive,,0,,
WO-2081208,ASSET-00237,Preventive,,0,,
WO-2081209,ASSET-00237,Preventive,,0,,
WO-2081210,ASSET-00238,Preventive,,0,,000080000223
WO-2081211,ASSET-00238,Corrective,MOTOR-BURNOUT,134,1905,000080000223
WO-2081212,ASSET-00238,Preventive,,0,,000080000223
WO-2081213,ASSET-00238,Preventive,,0,,000080000223
WO-2081214,ASSET-00239,Preventive,,0,,000080000224
WO-2081215,ASSET-00239,Preventive,,0,,000080000224
WO-2081216,ASSET-00239,Preventive,,0,,000080000224
WO-2081217,ASSET-00239,Preventive,,0,,000080000224
WO-2081218,ASSET-00239,Corrective,PNEUMATIC-LEAK,120,731,000080000224
WO-2081219,ASSET-00239,Corrective,HYDRAULIC-LEAK,103,1050,000080000224
WO-2081220,ASSET-00240,Preventive,,0,,000080000225
WO-2081221,ASSET-00240,Preventive,,0,,000080000225
WO-2081222,ASSET-00240,Corrective,SPINDLE-SEIZURE,231,1956,000080000225
WO-2081223,ASSET-00240,Preventive,,0,,000080000225
WO-2081224,ASSET-00241,Emergency,DIE-WEAR,414,284,000080000226
WO-2081225,ASSET-00241,Preventive,,0,,000080000226
WO-2081226,ASSET-00241,Corrective,PNEUMATIC-LEAK,139,503,000080000226
WO-2081227,ASSET-00241,Corrective,CALIBRATION-DRIFT,205,1656,000080000226
WO-2081228,ASSET-00241,Preventive,,0,,000080000226
WO-2081229,ASSET-00241,Preventive,,0,,000080000226
WO-2081230,ASSET-00242,Preventive,,0,,000080000227
WO-2081231,ASSET-00242,Preventive,,0,,000080000227
WO-2081232,ASSET-00243,Preventive,,0,,000080000228
WO-2081233,ASSET-00243,Preventive,,0,,000080000228
WO-2081234,ASSET-00244,Emergency,MOTOR-BURNOUT,198,254,000080000229
WO-2081235,ASSET-00244,Emergency,CONTROLLER-FAULT,487,1995,000080000229
WO-2081236,ASSET-00244,Corrective,HYDRAULIC-LEAK,65,1158,000080000229
WO-2081237,ASSET-00244,Preventive,,0,,000080000229
WO-2081238,ASSET-00244,Preventive,,0,,000080000229
WO-2081239,ASSET-00244,Corrective,BEARING-FAILURE,238,1421,000080000229
WO-2081240,ASSET-00244,Preventive,,0,,000080000229
WO-2081241,ASSET-00244,Corrective,PNEUMATIC-LEAK,215,1448,000080000229
WO-2081242,ASSET-00244,Preventive,,0,,000080000229
WO-2081243,ASSET-00245,Preventive,,0,,000080000230
WO-2081244,ASSET-00245,Preventive,,0,,000080000230
WO-2081245,ASSET-00245,Preventive,,0,,000080000230
WO-2081246,ASSET-00245,Preventive,,0,,000080000230
WO-2081247,ASSET-00245,Corrective,MOTOR-BURNOUT,31,1204,000080000230
WO-2081248,ASSET-00246,Corrective,PNEUMATIC-LEAK,99,1725,000080000231
WO-2081249,ASSET-00246,Preventive,,0,,000080000231
WO-2081250,ASSET-00246,Preventive,,0,,000080000231
WO-2081251,ASSET-00246,Preventive,,0,,000080000231
WO-2081252,ASSET-00246,Corrective,BEARING-FAILURE,105,712,000080000231
WO-2081253,ASSET-00246,Preventive,,0,,000080000231
WO-2081254,ASSET-00246,Corrective,SPINDLE-SEIZURE,109,1817,000080000231
WO-2081255,ASSET-00247,Preventive,,0,,000080000232
WO-2081256,ASSET-00247,Corrective,BEARING-FAILURE,240,1722,000080000232
WO-2081257,ASSET-00247,Corrective,SPINDLE-SEIZURE,73,1168,000080000232
WO-2081258,ASSET-00247,Preventive,,0,,000080000232
WO-2081259,ASSET-00247,Emergency,DIE-WEAR,141,206,000080000232
WO-2081260,ASSET-00247,Emergency,BELT-FAILURE,498,773,000080000232
WO-2081261,ASSET-00248,Corrective,CONTROLLER-FAULT,227,1498,000080000233
WO-2081262,ASSET-00248,Emergency,BEARING-FAILURE,538,1467,000080000233
WO-2081263,ASSET-00248,Corrective,MOTOR-BURNOUT,87,1518,000080000233
WO-2081264,ASSET-00248,Emergency,MOTOR-BURNOUT,443,1583,000080000233
WO-2081265,ASSET-00248,Preventive,,0,,000080000233
WO-2081266,ASSET-00248,Preventive,,0,,000080000233
WO-2081267,ASSET-00248,Corrective,BEARING-FAILURE,130,564,000080000233
WO-2081268,ASSET-00249,Preventive,,0,,000080000234
WO-2081269,ASSET-00249,Preventive,,0,,000080000234
WO-2081270,ASSET-00249,Preventive,,0,,000080000234
WO-2081271,ASSET-00250,Corrective,SPINDLE-SEIZURE,160,939,000080000235
WO-2081272,ASSET-00250,Preventive,,0,,000080000235
WO-2081273,ASSET-00250,Preventive,,0,,000080000235
WO-2081274,ASSET-00250,Corrective,DIE-WEAR,96,1517,000080000235
WO-2081275,ASSET-00251,Preventive,,0,,000080000236
WO-2081276,ASSET-00251,Corrective,CONTROLLER-FAULT,96,340,000080000236
WO-2081277,ASSET-00251,Preventive,,0,,000080000236
WO-2081278,ASSET-00251,Emergency,BEARING-FAILURE,240,1320,000080000236
WO-2081279,ASSET-00251,Corrective,DIE-WEAR,188,1580,000080000236
WO-2081280,ASSET-00251,Preventive,,0,,000080000236
WO-2081281,ASSET-00251,Preventive,,0,,000080000236
WO-2081282,ASSET-00251,Preventive,,0,,000080000236
WO-2081283,ASSET-00252,Corrective,CALIBRATION-DRIFT,139,561,000080000237
WO-2081284,ASSET-00252,Preventive,,0,,000080000237
WO-2081285,ASSET-00252,Corrective,DIE-WEAR,231,1555,000080000237
WO-2081286,ASSET-00252,Corrective,CONTROLLER-FAULT,183,254,000080000237
WO-2081287,ASSET-00253,Preventive,,0,,000080000238
WO-2081288,ASSET-00253,Corrective,SPINDLE-SEIZURE,119,896,000080000238
WO-2081289,ASSET-00254,Corrective,CONTROLLER-FAULT,226,1556,000080000239
WO-2081290,ASSET-00254,Emergency,CALIBRATION-DRIFT,323,1158,000080000239
WO-2081291,ASSET-00254,Preventive,,0,,000080000239
WO-2081292,ASSET-00254,Preventive,,0,,000080000239
WO-2081293,ASSET-00254,Emergency,PNEUMATIC-LEAK,393,393,000080000239
WO-2081294,ASSET-00254,Preventive,,0,,000080000239
WO-2081295,ASSET-00255,Corrective,BEARING-FAILURE,157,1416,000080000240
WO-2081296,ASSET-00255,Preventive,,0,,000080000240
WO-2081297,ASSET-00256,Preventive,,0,,000080000241
WO-2081298,ASSET-00256,Corrective,PNEUMATIC-LEAK,39,1408,000080000241
WO-2081299,ASSET-00256,Preventive,,0,,000080000241
WO-2081300,ASSET-00257,Preventive,,0,,000080000242
WO-2081301,ASSET-00257,Corrective,MOTOR-BURNOUT,124,473,000080000242
WO-2081302,ASSET-00257,Preventive,,0,,000080000242
WO-2081303,ASSET-00257,Corrective,PNEUMATIC-LEAK,211,559,000080000242
WO-2081304,ASSET-00257,Preventive,,0,,000080000242
WO-2081305,ASSET-00257,Preventive,,0,,000080000242
WO-2081306,ASSET-00257,Corrective,HYDRAULIC-LEAK,101,1982,000080000242
WO-2081307,ASSET-00257,Preventive,,0,,000080000242
WO-2081308,ASSET-00258,Corrective,BEARING-FAILURE,50,1247,000080000243
WO-2081309,ASSET-00258,Corrective,PNEUMATIC-LEAK,233,1587,000080000243
WO-2081310,ASSET-00258,Preventive,,0,,000080000243
WO-2081311,ASSET-00258,Corrective,CONTROLLER-FAULT,57,1498,000080000243
WO-2081312,ASSET-00258,Preventive,,0,,000080000243
WO-2081313,ASSET-00259,Preventive,,0,,000080000244
WO-2081314,ASSET-00259,Preventive,,0,,000080000244
WO-2081315,ASSET-00259,Preventive,,0,,000080000244
WO-2081316,ASSET-00259,Preventive,,0,,000080000244
WO-2081317,ASSET-00260,Corrective,SENSOR-FAULT,230,1621,000080000245
WO-2081318,ASSET-00261,Emergency,SENSOR-FAULT,590,657,000080000246
WO-2081319,ASSET-00261,Preventive,,0,,000080000246
WO-2081320,ASSET-00261,Preventive,,0,,000080000246
WO-2081321,ASSET-00261,Preventive,,0,,000080000246
WO-2081322,ASSET-00261,Preventive,,0,,000080000246
WO-2081323,ASSET-00262,Preventive,,0,,000080000247
WO-2081324,ASSET-00262,Emergency,HYDRAULIC-LEAK,200,1728,000080000247
WO-2081325,ASSET-00262,Corrective,CONTROLLER-FAULT,139,461,000080000247
WO-2081326,ASSET-00262,Preventive,,0,,000080000247
WO-2081327,ASSET-00262,Corrective,CALIBRATION-DRIFT,96,1093,000080000247
WO-2081328,ASSET-00262,Corrective,SPINDLE-SEIZURE,90,549,000080000247
WO-2081329,ASSET-00263,Preventive,,0,,000080000248
WO-2081330,ASSET-00263,Corrective,BEARING-FAILURE,141,219,000080000248
WO-2081331,ASSET-00263,Preventive,,0,,000080000248
WO-2081332,ASSET-00263,Emergency,HYDRAULIC-LEAK,544,1875,000080000248
WO-2081333,ASSET-00264,Preventive,,0,,000080000249
WO-2081334,ASSET-00264,Corrective,DIE-WEAR,48,373,000080000249
WO-2081335,ASSET-00265,Preventive,,0,,000080000250
WO-2081336,ASSET-00265,Corrective,CALIBRATION-DRIFT,238,1679,000080000250
WO-2081337,ASSET-00265,Corrective,PNEUMATIC-LEAK,206,908,000080000250
WO-2081338,ASSET-00265,Preventive,,0,,000080000250
WO-2081339,ASSET-00266,Corrective,SENSOR-FAULT,169,1476,000080000252
WO-2081340,ASSET-00266,Preventive,,0,,000080000252
WO-2081341,ASSET-00266,Corrective,MOTOR-BURNOUT,133,799,000080000252
WO-2081342,ASSET-00266,Preventive,,0,,000080000252
WO-2081343,ASSET-00267,Corrective,DIE-WEAR,140,250,000080000253
WO-2081344,ASSET-00267,Corrective,PNEUMATIC-LEAK,194,289,000080000253
WO-2081345,ASSET-00267,Corrective,CONTROLLER-FAULT,133,877,000080000253
WO-2081346,ASSET-00267,Preventive,,0,,000080000253
WO-2081347,ASSET-00267,Preventive,,0,,000080000253
WO-2081348,ASSET-00267,Corrective,SENSOR-FAULT,223,1335,000080000253
WO-2081349,ASSET-00268,Preventive,,0,,000080000254
WO-2081350,ASSET-00268,Corrective,MOTOR-BURNOUT,178,536,000080000254
WO-2081351,ASSET-00268,Preventive,,0,,000080000254
WO-2081352,ASSET-00268,Preventive,,0,,000080000254
WO-2081353,ASSET-00269,Corrective,MOTOR-BURNOUT,182,594,000080000255
WO-2081354,ASSET-00269,Corrective,CONTROLLER-FAULT,183,472,000080000255
WO-2081355,ASSET-00269,Preventive,,0,,000080000255
WO-2081356,ASSET-00269,Preventive,,0,,000080000255
WO-2081357,ASSET-00269,Corrective,CALIBRATION-DRIFT,114,236,000080000255
WO-2081358,ASSET-00269,Corrective,CONTROLLER-FAULT,195,216,000080000255
WO-2081359,ASSET-00269,Preventive,,0,,000080000255
WO-2081360,ASSET-00270,Preventive,,0,,000080000256
WO-2081361,ASSET-00270,Corrective,CALIBRATION-DRIFT,213,665,000080000256
WO-2081362,ASSET-00270,Preventive,,0,,000080000256
WO-2081363,ASSET-00270,Corrective,DIE-WEAR,236,1656,000080000256
WO-2081364,ASSET-00270,Corrective,SPINDLE-SEIZURE,39,1226,000080000256
WO-2081365,ASSET-00271,Preventive,,0,,000080000257
WO-2081366,ASSET-00271,Emergency,DIE-WEAR,64,424,000080000257
WO-2081367,ASSET-00271,Corrective,SPINDLE-SEIZURE,222,1137,000080000257
WO-2081368,ASSET-00271,Corrective,SENSOR-FAULT,60,446,000080000257
WO-2081369,ASSET-00272,Corrective,PNEUMATIC-LEAK,116,526,000080000258
WO-2081370,ASSET-00272,Preventive,,0,,000080000258
WO-2081371,ASSET-00272,Preventive,,0,,000080000258
WO-2081372,ASSET-00272,Preventive,,0,,000080000258
WO-2081373,ASSET-00272,Corrective,PNEUMATIC-LEAK,117,1299,000080000258
WO-2081374,ASSET-00273,Corrective,MOTOR-BURNOUT,133,1525,000080000259
WO-2081375,ASSET-00273,Preventive,,0,,000080000259
WO-2081376,ASSET-00273,Corrective,SPINDLE-SEIZURE,201,540,000080000259
WO-2081377,ASSET-00273,Corrective,PNEUMATIC-LEAK,62,1445,000080000259
WO-2081378,ASSET-00274,Corrective,CONTROLLER-FAULT,86,247,000080000260
WO-2081379,ASSET-00274,Preventive,,0,,000080000260
WO-2081380,ASSET-00274,Preventive,,0,,000080000260
WO-2081381,ASSET-00275,Corrective,BELT-FAILURE,211,1651,000080000261
WO-2081382,ASSET-00275,Corrective,CONTROLLER-FAULT,82,283,000080000261
WO-2081383,ASSET-00275,Preventive,,0,,000080000261
WO-2081384,ASSET-00275,Corrective,BELT-FAILURE,155,613,000080000261
WO-2081385,ASSET-00275,Corrective,HYDRAULIC-LEAK,40,386,000080000261
WO-2081386,ASSET-00276,Corrective,BELT-FAILURE,128,496,000080000262
WO-2081387,ASSET-00276,Preventive,,0,,000080000262
WO-2081388,ASSET-00276,Corrective,MOTOR-BURNOUT,141,1767,000080000262
WO-2081389,ASSET-00277,Preventive,,0,,000080000263
WO-2081390,ASSET-00277,Preventive,,0,,000080000263
WO-2081391,ASSET-00277,Corrective,PNEUMATIC-LEAK,141,346,000080000263
WO-2081392,ASSET-00277,Corrective,HYDRAULIC-LEAK,99,1107,000080000263
WO-2081393,ASSET-00277,Corrective,MOTOR-BURNOUT,213,1280,000080000263
WO-2081394,ASSET-00277,Corrective,HYDRAULIC-LEAK,199,527,000080000263
WO-2081395,ASSET-00278,Preventive,,0,,000080000264
WO-2081396,ASSET-00278,Preventive,,0,,000080000264
WO-2081397,ASSET-00278,Preventive,,0,,000080000264
WO-2081398,ASSET-00278,Preventive,,0,,000080000264
WO-2081399,ASSET-00278,Preventive,,0,,000080000264
WO-2081400,ASSET-00279,Corrective,DIE-WEAR,78,1463,000080000265
WO-2081401,ASSET-00279,Preventive,,0,,000080000265
WO-2081402,ASSET-00279,Preventive,,0,,000080000265
WO-2081403,ASSET-00279,Corrective,CONTROLLER-FAULT,108,563,000080000265
WO-2081404,ASSET-00279,Corrective,CONTROLLER-FAULT,181,1431,000080000265
WO-2081405,ASSET-00279,Corrective,HYDRAULIC-LEAK,194,1020,000080000265
WO-2081406,ASSET-00279,Preventive,,0,,000080000265
WO-2081407,ASSET-00279,Corrective,MOTOR-BURNOUT,111,777,000080000265
WO-2081408,ASSET-00280,Preventive,,0,,000080000266
WO-2081409,ASSET-00280,Corrective,BEARING-FAILURE,181,1794,000080000266
WO-2081410,ASSET-00280,Preventive,,0,,000080000266
WO-2081411,ASSET-00280,Emergency,BELT-FAILURE,586,1123,000080000266
WO-2081412,ASSET-00280,Emergency,CALIBRATION-DRIFT,141,272,000080000266
WO-2081413,ASSET-00280,Preventive,,0,,000080000266
WO-2081414,ASSET-00280,Preventive,,0,,000080000266
WO-2081415,ASSET-00280,Corrective,HYDRAULIC-LEAK,155,766,000080000266
WO-2081416,ASSET-00280,Preventive,,0,,000080000266
WO-2081417,ASSET-00280,Corrective,MOTOR-BURNOUT,97,350,000080000266
WO-2081418,ASSET-00281,Corrective,MOTOR-BURNOUT,34,791,000080000267
WO-2081419,ASSET-00281,Corrective,SPINDLE-SEIZURE,223,564,000080000267
WO-2081420,ASSET-00281,Preventive,,0,,000080000267
WO-2081421,ASSET-00281,Corrective,SPINDLE-SEIZURE,85,1597,000080000267
WO-2081422,ASSET-00281,Corrective,HYDRAULIC-LEAK,122,959,000080000267
WO-2081423,ASSET-00281,Preventive,,0,,000080000267
WO-2081424,ASSET-00281,Preventive,,0,,000080000267
WO-2081425,ASSET-00282,Preventive,,0,,000080000268
WO-2081426,ASSET-00282,Corrective,BELT-FAILURE,171,1995,000080000268
WO-2081427,ASSET-00282,Corrective,SENSOR-FAULT,101,213,000080000268
WO-2081428,ASSET-00282,Corrective,PNEUMATIC-LEAK,110,1492,000080000268
WO-2081429,ASSET-00283,Corrective,BELT-FAILURE,209,1219,000080000269
WO-2081430,ASSET-00283,Corrective,PNEUMATIC-LEAK,233,693,000080000269
WO-2081431,ASSET-00283,Preventive,,0,,000080000269
WO-2081432,ASSET-00283,Preventive,,0,,000080000269
WO-2081433,ASSET-00283,Preventive,,0,,000080000269
WO-2081434,ASSET-00283,Corrective,MOTOR-BURNOUT,238,1506,000080000269
WO-2081435,ASSET-00283,Corrective,HYDRAULIC-LEAK,191,868,000080000269
WO-2081436,ASSET-00284,Emergency,CALIBRATION-DRIFT,424,613,000080000270
WO-2081437,ASSET-00284,Preventive,,0,,000080000270
WO-2081438,ASSET-00284,Preventive,,0,,000080000270
WO-2081439,ASSET-00284,Corrective,DIE-WEAR,67,1099,000080000270
WO-2081440,ASSET-00284,Preventive,,0,,000080000270
WO-2081441,ASSET-00285,Corrective,BELT-FAILURE,148,696,000080000271
WO-2081442,ASSET-00285,Emergency,SPINDLE-SEIZURE,414,1774,000080000271
WO-2081443,ASSET-00285,Preventive,,0,,000080000271
WO-2081444,ASSET-00285,Corrective,CONTROLLER-FAULT,65,1950,000080000271
WO-2081445,ASSET-00285,Corrective,CALIBRATION-DRIFT,187,603,000080000271
WO-2081446,ASSET-00285,Preventive,,0,,000080000271
WO-2081447,ASSET-00285,Corrective,HYDRAULIC-LEAK,92,1330,000080000271
WO-2081448,ASSET-00286,Preventive,,0,,000080000272
WO-2081449,ASSET-00286,Corrective,BEARING-FAILURE,104,1993,000080000272
WO-2081450,ASSET-00287,Corrective,HYDRAULIC-LEAK,77,220,000080000273
WO-2081451,ASSET-00287,Emergency,MOTOR-BURNOUT,491,396,000080000273
WO-2081452,ASSET-00287,Preventive,,0,,000080000273
WO-2081453,ASSET-00288,Corrective,CONTROLLER-FAULT,195,494,000080000274
WO-2081454,ASSET-00288,Preventive,,0,,000080000274
WO-2081455,ASSET-00288,Preventive,,0,,000080000274
WO-2081456,ASSET-00288,Preventive,,0,,000080000274
WO-2081457,ASSET-00288,Preventive,,0,,000080000274
WO-2081458,ASSET-00289,Emergency,MOTOR-BURNOUT,289,1225,000080000275
WO-2081459,ASSET-00289,Corrective,HYDRAULIC-LEAK,129,1084,000080000275
WO-2081460,ASSET-00289,Emergency,BELT-FAILURE,280,1838,000080000275
WO-2081461,ASSET-00289,Corrective,BELT-FAILURE,66,1659,000080000275
WO-2081462,ASSET-00289,Preventive,,0,,000080000275
WO-2081463,ASSET-00289,Preventive,,0,,000080000275
WO-2081464,ASSET-00290,Emergency,CALIBRATION-DRIFT,544,1658,000080000276
WO-2081465,ASSET-00290,Corrective,CALIBRATION-DRIFT,150,1554,000080000276
WO-2081466,ASSET-00290,Corrective,SPINDLE-SEIZURE,216,874,000080000276
WO-2081467,ASSET-00290,Emergency,CALIBRATION-DRIFT,416,1502,000080000276
WO-2081468,ASSET-00290,Preventive,,0,,000080000276
WO-2081469,ASSET-00291,Preventive,,0,,000080000277
WO-2081470,ASSET-00291,Preventive,,0,,000080000277
WO-2081471,ASSET-00291,Preventive,,0,,000080000277
WO-2081472,ASSET-00292,Corrective,PNEUMATIC-LEAK,183,453,000080000278
WO-2081473,ASSET-00292,Preventive,,0,,000080000278
WO-2081474,ASSET-00292,Preventive,,0,,000080000278
WO-2081475,ASSET-00293,Emergency,MOTOR-BURNOUT,150,339,000080000279
WO-2081476,ASSET-00293,Preventive,,0,,000080000279
WO-2081477,ASSET-00293,Corrective,BEARING-FAILURE,130,1375,000080000279
WO-2081478,ASSET-00293,Corrective,SENSOR-FAULT,226,1390,000080000279
WO-2081479,ASSET-00293,Emergency,CALIBRATION-DRIFT,568,253,000080000279
WO-2081480,ASSET-00294,Preventive,,0,,000080000280
WO-2081481,ASSET-00294,Preventive,,0,,000080000280
WO-2081482,ASSET-00294,Preventive,,0,,000080000280
WO-2081483,ASSET-00294,Emergency,CALIBRATION-DRIFT,163,1357,000080000280
WO-2081484,ASSET-00294,Preventive,,0,,000080000280
WO-2081485,ASSET-00295,Preventive,,0,,000080000281
WO-2081486,ASSET-00295,Preventive,,0,,000080000281
WO-2081487,ASSET-00295,Preventive,,0,,000080000281
WO-2081488,ASSET-00295,Corrective,HYDRAULIC-LEAK,142,396,000080000281
WO-2081489,ASSET-00295,Preventive,,0,,000080000281
WO-2081490,ASSET-00295,Preventive,,0,,000080000281
WO-2081491,ASSET-00296,Corrective,DIE-WEAR,113,1746,000080000282
WO-2081492,ASSET-00296,Emergency,HYDRAULIC-LEAK,101,218,000080000282
WO-2081493,ASSET-00296,Emergency,MOTOR-BURNOUT,269,1571,000080000282
WO-2081494,ASSET-00296,Preventive,,0,,000080000282
WO-2081495,ASSET-00296,Corrective,SENSOR-FAULT,125,1218,000080000282
WO-2081496,ASSET-00296,Preventive,,0,,000080000282
WO-2081497,ASSET-00296,Preventive,,0,,000080000282
WO-2081498,ASSET-00296,Preventive,,0,,000080000282
WO-2081499,ASSET-00296,Preventive,,0,,000080000282
WO-2081500,ASSET-00296,Preventive,,0,,000080000282
WO-2081501,ASSET-00297,Preventive,,0,,000080000283
WO-2081502,ASSET-00297,Corrective,HYDRAULIC-LEAK,72,1838,000080000283
WO-2081503,ASSET-00297,Preventive,,0,,000080000283
WO-2081504,ASSET-00298,Corrective,SENSOR-FAULT,239,422,000080000284
WO-2081505,ASSET-00298,Corrective,CONTROLLER-FAULT,239,1028,000080000284
WO-2081506,ASSET-00298,Corrective,CONTROLLER-FAULT,223,629,000080000284
WO-2081507,ASSET-00298,Preventive,,0,,000080000284
WO-2081508,ASSET-00298,Preventive,,0,,000080000284
WO-2081509,ASSET-00298,Preventive,,0,,000080000284
WO-2081510,ASSET-00299,Preventive,,0,,000080000285
WO-2081511,ASSET-00299,Preventive,,0,,000080000285
WO-2081512,ASSET-00299,Corrective,SPINDLE-SEIZURE,57,1183,000080000285
WO-2081513,ASSET-00299,Preventive,,0,,000080000285
WO-2081514,ASSET-00299,Preventive,,0,,000080000285
WO-2081515,ASSET-00300,Preventive,,0,,000080000286
WO-2081516,ASSET-00300,Emergency,DIE-WEAR,95,1149,000080000286
WO-2081517,ASSET-00300,Corrective,HYDRAULIC-LEAK,95,969,000080000286
WO-2081518,ASSET-00300,Emergency,SENSOR-FAULT,395,382,000080000286
WO-2081519,ASSET-00300,Preventive,,0,,000080000286
WO-2081520,ASSET-00300,Emergency,BEARING-FAILURE,80,408,000080000286
WO-2081521,ASSET-00300,Preventive,,0,,000080000286
WO-2081522,ASSET-00301,Preventive,,0,,000080000287
WO-2081523,ASSET-00301,Preventive,,0,,000080000287
WO-2081524,ASSET-00301,Corrective,MOTOR-BURNOUT,72,1517,000080000287
WO-2081525,ASSET-00302,Preventive,,0,,000080000288
WO-2081526,ASSET-00302,Preventive,,0,,000080000288
WO-2081527,ASSET-00302,Corrective,DIE-WEAR,76,493,000080000288
WO-2081528,ASSET-00302,Preventive,,0,,000080000288
WO-2081529,ASSET-00302,Corrective,CONTROLLER-FAULT,61,1364,000080000288
WO-2081530,ASSET-00303,Preventive,,0,,000080000289
WO-2081531,ASSET-00303,Corrective,HYDRAULIC-LEAK,105,1991,000080000289
WO-2081532,ASSET-00303,Preventive,,0,,000080000289
WO-2081533,ASSET-00303,Corrective,MOTOR-BURNOUT,166,952,000080000289
WO-2081534,ASSET-00303,Corrective,SPINDLE-SEIZURE,223,1135,000080000289
WO-2081535,ASSET-00304,Preventive,,0,,000080000290
WO-2081536,ASSET-00304,Corrective,BELT-FAILURE,234,895,000080000290
WO-2081537,ASSET-00305,Corrective,MOTOR-BURNOUT,191,1487,000080000291
WO-2081538,ASSET-00305,Preventive,,0,,000080000291
WO-2081539,ASSET-00305,Preventive,,0,,000080000291
WO-2081540,ASSET-00305,Corrective,MOTOR-BURNOUT,106,1715,000080000291
WO-2081541,ASSET-00305,Corrective,CALIBRATION-DRIFT,167,1482,000080000291
WO-2081542,ASSET-00305,Preventive,,0,,000080000291
WO-2081543,ASSET-00306,Preventive,,0,,000080000292
WO-2081544,ASSET-00306,Preventive,,0,,000080000292
WO-2081545,ASSET-00306,Preventive,,0,,000080000292
WO-2081546,ASSET-00306,Preventive,,0,,000080000292
WO-2081547,ASSET-00306,Corrective,SENSOR-FAULT,210,726,000080000292
WO-2081548,ASSET-00306,Preventive,,0,,000080000292
WO-2081549,ASSET-00306,Preventive,,0,,000080000292
WO-2081550,ASSET-00306,Preventive,,0,,000080000292
WO-2081551,ASSET-00306,Corrective,CALIBRATION-DRIFT,33,1040,000080000292
WO-2081552,ASSET-00306,Corrective,SPINDLE-SEIZURE,116,1070,000080000292
WO-2081553,ASSET-00306,Preventive,,0,,000080000292
WO-2081554,ASSET-00306,Preventive,,0,,000080000292
WO-2081555,ASSET-00307,Preventive,,0,,000080000293
WO-2081556,ASSET-00307,Preventive,,0,,000080000293
WO-2081557,ASSET-00307,Emergency,HYDRAULIC-LEAK,318,606,000080000293
WO-2081558,ASSET-00307,Preventive,,0,,000080000293
WO-2081559,ASSET-00308,Preventive,,0,,000080000294
WO-2081560,ASSET-00308,Preventive,,0,,000080000294
WO-2081561,ASSET-00308,Preventive,,0,,000080000294
WO-2081562,ASSET-00308,Preventive,,0,,000080000294
WO-2081563,ASSET-00309,Preventive,,0,,000080000295
WO-2081564,ASSET-00309,Corrective,SENSOR-FAULT,148,482,000080000295
WO-2081565,ASSET-00309,Corrective,SPINDLE-SEIZURE,201,1523,000080000295
WO-2081566,ASSET-00309,Corrective,CALIBRATION-DRIFT,123,812,000080000295
WO-2081567,ASSET-00309,Corrective,CONTROLLER-FAULT,40,705,000080000295
WO-2081568,ASSET-00309,Preventive,,0,,000080000295
WO-2081569,ASSET-00310,Preventive,,0,,000080000296
WO-2081570,ASSET-00310,Corrective,MOTOR-BURNOUT,123,1853,000080000296
WO-2081571,ASSET-00310,Corrective,PNEUMATIC-LEAK,180,969,000080000296
WO-2081572,ASSET-00311,Preventive,,0,,000080000297
WO-2081573,ASSET-00311,Corrective,SPINDLE-SEIZURE,107,1417,000080000297
WO-2081574,ASSET-00311,Preventive,,0,,000080000297
WO-2081575,ASSET-00312,Corrective,CALIBRATION-DRIFT,71,1757,000080000298
WO-2081576,ASSET-00312,Preventive,,0,,000080000298
WO-2081577,ASSET-00312,Corrective,BELT-FAILURE,121,818,000080000298
WO-2081578,ASSET-00312,Preventive,,0,,000080000298
WO-2081579,ASSET-00312,Corrective,PNEUMATIC-LEAK,117,524,000080000298
WO-2081580,ASSET-00312,Preventive,,0,,000080000298
WO-2081581,ASSET-00312,Preventive,,0,,000080000298
WO-2081582,ASSET-00313,Preventive,,0,,000080000299
WO-2081583,ASSET-00313,Preventive,,0,,000080000299
WO-2081584,ASSET-00313,Corrective,SPINDLE-SEIZURE,202,607,000080000299
WO-2081585,ASSET-00313,Corrective,HYDRAULIC-LEAK,217,325,000080000299
WO-2081586,ASSET-00314,Corrective,BELT-FAILURE,36,1630,000080000301
WO-2081587,ASSET-00314,Corrective,CONTROLLER-FAULT,107,979,000080000301
WO-2081588,ASSET-00314,Preventive,,0,,000080000301
WO-2081589,ASSET-00314,Corrective,BELT-FAILURE,159,530,000080000301
WO-2081590,ASSET-00315,Preventive,,0,,000080000302
WO-2081591,ASSET-00315,Preventive,,0,,000080000302
WO-2081592,ASSET-00315,Preventive,,0,,000080000302
WO-2081593,ASSET-00315,Corrective,SENSOR-FAULT,97,1235,000080000302
WO-2081594,ASSET-00315,Preventive,,0,,000080000302
WO-2081595,ASSET-00316,Corrective,DIE-WEAR,71,1913,000080000303
WO-2081596,ASSET-00316,Corrective,DIE-WEAR,73,441,000080000303
WO-2081597,ASSET-00316,Preventive,,0,,000080000303
WO-2081598,ASSET-00316,Corrective,CONTROLLER-FAULT,214,1707,000080000303
WO-2081599,ASSET-00316,Preventive,,0,,000080000303
WO-2081600,ASSET-00316,Emergency,SPINDLE-SEIZURE,429,1933,000080000303
WO-2081601,ASSET-00317,Preventive,,0,,000080000304
WO-2081602,ASSET-00317,Preventive,,0,,000080000304
WO-2081603,ASSET-00317,Corrective,SPINDLE-SEIZURE,99,1494,000080000304
WO-2081604,ASSET-00317,Corrective,BELT-FAILURE,121,1351,000080000304
WO-2081605,ASSET-00318,Preventive,,0,,000080000305
WO-2081606,ASSET-00318,Corrective,CALIBRATION-DRIFT,211,1075,000080000305
WO-2081607,ASSET-00318,Preventive,,0,,000080000305
WO-2081608,ASSET-00319,Preventive,,0,,000080000306
WO-2081609,ASSET-00319,Corrective,DIE-WEAR,126,1458,000080000306
WO-2081610,ASSET-00319,Emergency,HYDRAULIC-LEAK,495,1775,000080000306
WO-2081611,ASSET-00320,Corrective,SPINDLE-SEIZURE,228,899,000080000307
WO-2081612,ASSET-00320,Preventive,,0,,000080000307
WO-2081613,ASSET-00320,Preventive,,0,,000080000307
WO-2081614,ASSET-00320,Preventive,,0,,000080000307
WO-2081615,ASSET-00321,Preventive,,0,,000080000308
WO-2081616,ASSET-00321,Preventive,,0,,000080000308
WO-2081617,ASSET-00321,Corrective,BELT-FAILURE,133,321,000080000308
WO-2081618,ASSET-00321,Preventive,,0,,000080000308
WO-2081619,ASSET-00321,Preventive,,0,,000080000308
WO-2081620,ASSET-00321,Preventive,,0,,000080000308
WO-2081621,ASSET-00321,Corrective,DIE-WEAR,39,1382,000080000308
WO-2081622,ASSET-00321,Preventive,,0,,000080000308
WO-2081623,ASSET-00322,Preventive,,0,,000080000309
WO-2081624,ASSET-00322,Preventive,,0,,000080000309
WO-2081625,ASSET-00322,Corrective,SENSOR-FAULT,59,1371,000080000309
WO-2081626,ASSET-00322,Preventive,,0,,000080000309
WO-2081627,ASSET-00323,Preventive,,0,,000080000310
WO-2081628,ASSET-00323,Emergency,CONTROLLER-FAULT,540,326,000080000310
WO-2081629,ASSET-00323,Preventive,,0,,000080000310
WO-2081630,ASSET-00323,Preventive,,0,,000080000310
WO-2081631,ASSET-00323,Emergency,HYDRAULIC-LEAK,470,880,000080000310
WO-2081632,ASSET-00323,Preventive,,0,,000080000310
WO-2081633,ASSET-00323,Preventive,,0,,000080000310
WO-2081634,ASSET-00323,Preventive,,0,,000080000310
WO-2081635,ASSET-00324,Corrective,MOTOR-BURNOUT,176,1558,000080000311
WO-2081636,ASSET-00324,Corrective,DIE-WEAR,217,995,000080000311
WO-2081637,ASSET-00325,Corrective,SPINDLE-SEIZURE,187,1205,000080000312
WO-2081638,ASSET-00325,Preventive,,0,,000080000312
WO-2081639,ASSET-00325,Emergency,HYDRAULIC-LEAK,332,1462,000080000312
WO-2081640,ASSET-00325,Preventive,,0,,000080000312
WO-2081641,ASSET-00326,Preventive,,0,,000080000313
WO-2081642,ASSET-00326,Corrective,HYDRAULIC-LEAK,32,400,000080000313
WO-2081643,ASSET-00326,Corrective,HYDRAULIC-LEAK,98,1384,000080000313
WO-2081644,ASSET-00326,Corrective,MOTOR-BURNOUT,211,963,000080000313
WO-2081645,ASSET-00327,Emergency,BELT-FAILURE,288,657,000080000314
WO-2081646,ASSET-00327,Preventive,,0,,000080000314
WO-2081647,ASSET-00327,Emergency,DIE-WEAR,86,1327,000080000314
WO-2081648,ASSET-00327,Preventive,,0,,000080000314
WO-2081649,ASSET-00327,Corrective,HYDRAULIC-LEAK,91,1487,000080000314
WO-2081650,ASSET-00328,Emergency,SENSOR-FAULT,342,285,000080000315
WO-2081651,ASSET-00328,Preventive,,0,,000080000315
WO-2081652,ASSET-00328,Corrective,PNEUMATIC-LEAK,52,1726,000080000315
WO-2081653,ASSET-00328,Preventive,,0,,000080000315
WO-2081654,ASSET-00328,Preventive,,0,,000080000315
WO-2081655,ASSET-00329,Preventive,,0,,000080000316
WO-2081656,ASSET-00329,Corrective,BELT-FAILURE,157,1700,000080000316
WO-2081657,ASSET-00329,Corrective,BEARING-FAILURE,60,576,000080000316
WO-2081658,ASSET-00329,Preventive,,0,,000080000316
WO-2081659,ASSET-00330,Preventive,,0,,000080000317
WO-2081660,ASSET-00330,Corrective,CALIBRATION-DRIFT,45,945,000080000317
WO-2081661,ASSET-00330,Preventive,,0,,000080000317
WO-2081662,ASSET-00331,Corrective,BELT-FAILURE,30,1065,000080000318
WO-2081663,ASSET-00331,Corrective,CALIBRATION-DRIFT,220,720,000080000318
WO-2081664,ASSET-00331,Preventive,,0,,000080000318
WO-2081665,ASSET-00332,Preventive,,0,,000080000319
WO-2081666,ASSET-00332,Corrective,SENSOR-FAULT,137,317,000080000319
WO-2081667,ASSET-00332,Emergency,DIE-WEAR,331,742,000080000319
WO-2081668,ASSET-00332,Corrective,BEARING-FAILURE,99,723,000080000319
WO-2081669,ASSET-00332,Preventive,,0,,000080000319
WO-2081670,ASSET-00333,Preventive,,0,,000080000320
WO-2081671,ASSET-00333,Preventive,,0,,000080000320
WO-2081672,ASSET-00333,Corrective,MOTOR-BURNOUT,118,1148,000080000320
WO-2081673,ASSET-00333,Corrective,HYDRAULIC-LEAK,119,1474,000080000320
WO-2081674,ASSET-00333,Preventive,,0,,000080000320
WO-2081675,ASSET-00334,Preventive,,0,,000080000321
WO-2081676,ASSET-00334,Preventive,,0,,000080000321
WO-2081677,ASSET-00334,Emergency,HYDRAULIC-LEAK,64,1246,000080000321
WO-2081678,ASSET-00334,Emergency,BELT-FAILURE,218,814,000080000321
WO-2081679,ASSET-00335,Preventive,,0,,000080000322
WO-2081680,ASSET-00335,Corrective,PNEUMATIC-LEAK,187,1788,000080000322
WO-2081681,ASSET-00335,Preventive,,0,,000080000322
WO-2081682,ASSET-00336,Preventive,,0,,000080000323
WO-2081683,ASSET-00336,Preventive,,0,,000080000323
WO-2081684,ASSET-00336,Corrective,SPINDLE-SEIZURE,114,1370,000080000323
WO-2081685,ASSET-00336,Preventive,,0,,000080000323
WO-2081686,ASSET-00336,Preventive,,0,,000080000323
WO-2081687,ASSET-00337,Preventive,,0,,000080000324
WO-2081688,ASSET-00337,Preventive,,0,,000080000324
WO-2081689,ASSET-00337,Preventive,,0,,000080000324
WO-2081690,ASSET-00337,Emergency,CONTROLLER-FAULT,396,1794,000080000324
WO-2081691,ASSET-00337,Preventive,,0,,000080000324
WO-2081692,ASSET-00337,Preventive,,0,,000080000324
WO-2081693,ASSET-00337,Corrective,MOTOR-BURNOUT,152,1239,000080000324
WO-2081694,ASSET-00337,Preventive,,0,,000080000324
WO-2081695,ASSET-00337,Corrective,CONTROLLER-FAULT,108,1422,000080000324
WO-2081696,ASSET-00338,Corrective,CONTROLLER-FAULT,67,236,000080000325
WO-2081697,ASSET-00338,Preventive,,0,,000080000325
WO-2081698,ASSET-00339,Emergency,HYDRAULIC-LEAK,539,1551,000080000326
WO-2081699,ASSET-00339,Preventive,,0,,000080000326
WO-2081700,ASSET-00339,Corrective,SPINDLE-SEIZURE,111,1259,000080000326
WO-2081701,ASSET-00339,Corrective,BELT-FAILURE,38,1541,000080000326
WO-2081702,ASSET-00339,Preventive,,0,,000080000326
WO-2081703,ASSET-00340,Preventive,,0,,000080000327
WO-2081704,ASSET-00340,Preventive,,0,,000080000327
WO-2081705,ASSET-00340,Corrective,CALIBRATION-DRIFT,123,1207,000080000327
WO-2081706,ASSET-00340,Preventive,,0,,000080000327
WO-2081707,ASSET-00340,Corrective,PNEUMATIC-LEAK,122,1970,000080000327
WO-2081708,ASSET-00340,Preventive,,0,,000080000327
WO-2081709,ASSET-00341,Preventive,,0,,000080000328
WO-2081710,ASSET-00341,Preventive,,0,,000080000328
WO-2081711,ASSET-00341,Emergency,HYDRAULIC-LEAK,134,1482,000080000328
WO-2081712,ASSET-00341,Preventive,,0,,000080000328
WO-2081713,ASSET-00341,Emergency,HYDRAULIC-LEAK,570,1231,000080000328
WO-2081714,ASSET-00341,Preventive,,0,,000080000328
WO-2081715,ASSET-00342,Preventive,,0,,000080000329
WO-2081716,ASSET-00343,Preventive,,0,,000080000330
WO-2081717,ASSET-00343,Corrective,BEARING-FAILURE,201,1043,000080000330
WO-2081718,ASSET-00343,Corrective,SENSOR-FAULT,223,1972,000080000330
WO-2081719,ASSET-00343,Emergency,SPINDLE-SEIZURE,545,1292,000080000330
WO-2081720,ASSET-00344,Preventive,,0,,000080000331
WO-2081721,ASSET-00345,Corrective,MOTOR-BURNOUT,125,1610,000080000332
WO-2081722,ASSET-00345,Corrective,HYDRAULIC-LEAK,55,619,000080000332
WO-2081723,ASSET-00346,Preventive,,0,,000080000333
WO-2081724,ASSET-00346,Preventive,,0,,000080000333
WO-2081725,ASSET-00346,Preventive,,0,,000080000333
WO-2081726,ASSET-00346,Preventive,,0,,000080000333
WO-2081727,ASSET-00346,Preventive,,0,,000080000333
WO-2081728,ASSET-00346,Preventive,,0,,000080000333
WO-2081729,ASSET-00346,Preventive,,0,,000080000333
WO-2081730,ASSET-00346,Preventive,,0,,000080000333
WO-2081731,ASSET-00346,Corrective,BEARING-FAILURE,183,982,000080000333
WO-2081732,ASSET-00347,Corrective,PNEUMATIC-LEAK,66,1554,000080000334
WO-2081733,ASSET-00347,Preventive,,0,,000080000334
WO-2081734,ASSET-00347,Preventive,,0,,000080000334
WO-2081735,ASSET-00347,Preventive,,0,,000080000334
WO-2081736,ASSET-00347,Preventive,,0,,000080000334
WO-2081737,ASSET-00347,Corrective,BEARING-FAILURE,59,1365,000080000334
WO-2081738,ASSET-00347,Preventive,,0,,000080000334
WO-2081739,ASSET-00347,Emergency,SENSOR-FAULT,414,609,000080000334
WO-2081740,ASSET-00348,Preventive,,0,,000080000335
WO-2081741,ASSET-00348,Preventive,,0,,000080000335
WO-2081742,ASSET-00348,Corrective,SENSOR-FAULT,240,1462,000080000335
WO-2081743,ASSET-00348,Corrective,CALIBRATION-DRIFT,173,867,000080000335
WO-2081744,ASSET-00349,Emergency,HYDRAULIC-LEAK,167,1617,000080000336
WO-2081745,ASSET-00349,Corrective,CALIBRATION-DRIFT,196,1252,000080000336
WO-2081746,ASSET-00349,Preventive,,0,,000080000336
WO-2081747,ASSET-00349,Emergency,HYDRAULIC-LEAK,228,721,000080000336
WO-2081748,ASSET-00349,Preventive,,0,,000080000336
WO-2081749,ASSET-00350,Preventive,,0,,000080000337
WO-2081750,ASSET-00350,Preventive,,0,,000080000337
WO-2081751,ASSET-00350,Corrective,CALIBRATION-DRIFT,239,1288,000080000337
WO-2081752,ASSET-00351,Preventive,,0,,000080000338
WO-2081753,ASSET-00351,Preventive,,0,,000080000338
WO-2081754,ASSET-00351,Preventive,,0,,000080000338
WO-2081755,ASSET-00351,Preventive,,0,,000080000338
WO-2081756,ASSET-00351,Corrective,SENSOR-FAULT,96,420,000080000338
WO-2081757,ASSET-00351,Corrective,MOTOR-BURNOUT,118,877,000080000338
WO-2081758,ASSET-00352,Preventive,,0,,000080000339
WO-2081759,ASSET-00352,Corrective,CALIBRATION-DRIFT,134,792,000080000339
WO-2081760,ASSET-00352,Preventive,,0,,000080000339
WO-2081761,ASSET-00352,Preventive,,0,,000080000339
WO-2081762,ASSET-00352,Preventive,,0,,000080000339
WO-2081763,ASSET-00352,Preventive,,0,,000080000339
WO-2081764,ASSET-00352,Corrective,MOTOR-BURNOUT,122,741,000080000339
WO-2081765,ASSET-00353,Preventive,,0,,000080000340
WO-2081766,ASSET-00353,Preventive,,0,,000080000340
WO-2081767,ASSET-00354,Preventive,,0,,000080000341
WO-2081768,ASSET-00354,Corrective,SENSOR-FAULT,52,1527,000080000341
WO-2081769,ASSET-00354,Preventive,,0,,000080000341
WO-2081770,ASSET-00354,Preventive,,0,,000080000341
WO-2081771,ASSET-00354,Emergency,DIE-WEAR,267,338,000080000341
WO-2081772,ASSET-00354,Preventive,,0,,000080000341
WO-2081773,ASSET-00354,Preventive,,0,,000080000341
WO-2081774,ASSET-00355,Preventive,,0,,000080000342
WO-2081775,ASSET-00355,Preventive,,0,,000080000342
WO-2081776,ASSET-00355,Preventive,,0,,000080000342
WO-2081777,ASSET-00355,Preventive,,0,,000080000342
WO-2081778,ASSET-00355,Preventive,,0,,000080000342
WO-2081779,ASSET-00355,Preventive,,0,,000080000342
WO-2081780,ASSET-00356,Emergency,HYDRAULIC-LEAK,473,208,000080000343
WO-2081781,ASSET-00356,Preventive,,0,,000080000343
WO-2081782,ASSET-00356,Corrective,CALIBRATION-DRIFT,140,892,000080000343
WO-2081783,ASSET-00356,Preventive,,0,,000080000343
WO-2081784,ASSET-00356,Corrective,DIE-WEAR,125,1826,000080000343
WO-2081785,ASSET-00356,Corrective,PNEUMATIC-LEAK,117,1405,000080000343
WO-2081786,ASSET-00356,Corrective,SENSOR-FAULT,130,1352,000080000343
WO-2081787,ASSET-00357,Corrective,SENSOR-FAULT,111,484,000080000344
WO-2081788,ASSET-00357,Preventive,,0,,000080000344
WO-2081789,ASSET-00358,Corrective,CONTROLLER-FAULT,50,308,000080000345
WO-2081790,ASSET-00358,Preventive,,0,,000080000345
WO-2081791,ASSET-00358,Corrective,PNEUMATIC-LEAK,102,1772,000080000345
WO-2081792,ASSET-00358,Preventive,,0,,000080000345
WO-2081793,ASSET-00358,Corrective,HYDRAULIC-LEAK,178,827,000080000345
WO-2081794,ASSET-00358,Preventive,,0,,000080000345
WO-2081795,ASSET-00359,Emergency,SENSOR-FAULT,234,1418,000080000346
WO-2081796,ASSET-00359,Corrective,CONTROLLER-FAULT,200,1626,000080000346
WO-2081797,ASSET-00359,Corrective,SENSOR-FAULT,42,1990,000080000346
WO-2081798,ASSET-00359,Preventive,,0,,000080000346
WO-2081799,ASSET-00359,Emergency,PNEUMATIC-LEAK,508,275,000080000346
WO-2081800,ASSET-00360,Emergency,BEARING-FAILURE,487,585,000080000347
WO-2081801,ASSET-00360,Preventive,,0,,000080000347
WO-2081802,ASSET-00360,Preventive,,0,,000080000347
WO-2081803,ASSET-00361,Preventive,,0,,000080000348
WO-2081804,ASSET-00361,Preventive,,0,,000080000348
WO-2081805,ASSET-00361,Emergency,SENSOR-FAULT,252,1100,000080000348
WO-2081806,ASSET-00361,Preventive,,0,,000080000348
WO-2081807,ASSET-00361,Corrective,PNEUMATIC-LEAK,139,1886,000080000348
WO-2081808,ASSET-00361,Preventive,,0,,000080000348
WO-2081809,ASSET-00362,Corrective,SENSOR-FAULT,214,560,000080000349
WO-2081810,ASSET-00362,Preventive,,0,,000080000349
WO-2081811,ASSET-00362,Corrective,BELT-FAILURE,69,1983,000080000349
WO-2081812,ASSET-00362,Corrective,BEARING-FAILURE,35,1208,000080000349
WO-2081813,ASSET-00362,Corrective,CALIBRATION-DRIFT,196,526,000080000349
WO-2081814,ASSET-00362,Corrective,CALIBRATION-DRIFT,66,1589,000080000349
WO-2081815,ASSET-00362,Preventive,,0,,000080000349
WO-2081816,ASSET-00363,Preventive,,0,,000080000350
WO-2081817,ASSET-00363,Emergency,CONTROLLER-FAULT,580,1505,000080000350
WO-2081818,ASSET-00363,Emergency,SPINDLE-SEIZURE,493,1666,000080000350
WO-2081819,ASSET-00364,Corrective,CALIBRATION-DRIFT,203,1864,000080000351
WO-2081820,ASSET-00364,Preventive,,0,,000080000351
WO-2081821,ASSET-00364,Preventive,,0,,000080000351
WO-2081822,ASSET-00364,Preventive,,0,,000080000351
WO-2081823,ASSET-00364,Preventive,,0,,000080000351
WO-2081824,ASSET-00364,Preventive,,0,,000080000351
WO-2081825,ASSET-00364,Preventive,,0,,000080000351
WO-2081826,ASSET-00365,Emergency,HYDRAULIC-LEAK,374,381,000080000352
WO-2081827,ASSET-00365,Preventive,,0,,000080000352
WO-2081828,ASSET-00365,Preventive,,0,,000080000352
WO-2081829,ASSET-00365,Emergency,SPINDLE-SEIZURE,376,998,000080000352
WO-2081830,ASSET-00365,Emergency,BEARING-FAILURE,231,1609,000080000352
WO-2081831,ASSET-00365,Preventive,,0,,000080000352
WO-2081832,ASSET-00365,Preventive,,0,,000080000352
WO-2081833,ASSET-00366,Preventive,,0,,000080000353
WO-2081834,ASSET-00366,Corrective,SENSOR-FAULT,120,1860,000080000353
WO-2081835,ASSET-00366,Corrective,BEARING-FAILURE,121,1268,000080000353
WO-2081836,ASSET-00366,Corrective,SPINDLE-SEIZURE,150,1454,000080000353
WO-2081837,ASSET-00366,Corrective,MOTOR-BURNOUT,180,1639,000080000353
WO-2081838,ASSET-00366,Corrective,CALIBRATION-DRIFT,84,1220,000080000353
WO-2081839,ASSET-00366,Emergency,PNEUMATIC-LEAK,564,1542,000080000353
WO-2081840,ASSET-00366,Corrective,SPINDLE-SEIZURE,112,1498,000080000353
WO-2081841,ASSET-00366,Corrective,PNEUMATIC-LEAK,132,1712,000080000353
WO-2081842,ASSET-00366,Preventive,,0,,000080000353
WO-2081843,ASSET-00366,Corrective,PNEUMATIC-LEAK,154,1433,000080000353
WO-2081844,ASSET-00366,Preventive,,0,,000080000353
WO-2081845,ASSET-00367,Emergency,CALIBRATION-DRIFT,381,1938,000080000354
WO-2081846,ASSET-00367,Preventive,,0,,000080000354
WO-2081847,ASSET-00367,Corrective,HYDRAULIC-LEAK,74,1363,000080000354
WO-2081848,ASSET-00367,Corrective,MOTOR-BURNOUT,83,1208,000080000354
WO-2081849,ASSET-00367,Corrective,MOTOR-BURNOUT,132,1334,000080000354
WO-2081850,ASSET-00367,Preventive,,0,,000080000354
WO-2081851,ASSET-00368,Preventive,,0,,000080000355
WO-2081852,ASSET-00368,Emergency,CONTROLLER-FAULT,440,1253,000080000355
WO-2081853,ASSET-00368,Emergency,BEARING-FAILURE,173,850,000080000355
WO-2081854,ASSET-00368,Preventive,,0,,000080000355
WO-2081855,ASSET-00368,Corrective,SPINDLE-SEIZURE,49,1602,000080000355
WO-2081856,ASSET-00369,Corrective,CALIBRATION-DRIFT,130,1790,000080000356
WO-2081857,ASSET-00369,Preventive,,0,,000080000356
WO-2081858,ASSET-00369,Preventive,,0,,000080000356
WO-2081859,ASSET-00369,Corrective,SENSOR-FAULT,92,1138,000080000356
WO-2081860,ASSET-00369,Corrective,CALIBRATION-DRIFT,226,1149,000080000356
WO-2081861,ASSET-00369,Corrective,PNEUMATIC-LEAK,197,1976,000080000356
WO-2081862,ASSET-00370,Emergency,MOTOR-BURNOUT,441,1668,000080000357
WO-2081863,ASSET-00370,Corrective,HYDRAULIC-LEAK,53,255,000080000357
WO-2081864,ASSET-00370,Corrective,SPINDLE-SEIZURE,120,906,000080000357
WO-2081865,ASSET-00370,Corrective,BEARING-FAILURE,165,1341,000080000357
WO-2081866,ASSET-00370,Emergency,PNEUMATIC-LEAK,510,431,000080000357
WO-2081867,ASSET-00370,Corrective,BEARING-FAILURE,108,1156,000080000357
WO-2081868,ASSET-00371,Preventive,,0,,000080000358
WO-2081869,ASSET-00371,Preventive,,0,,000080000358
WO-2081870,ASSET-00371,Preventive,,0,,000080000358
WO-2081871,ASSET-00371,Corrective,PNEUMATIC-LEAK,124,991,000080000358
WO-2081872,ASSET-00371,Corrective,CONTROLLER-FAULT,128,1100,000080000358
WO-2081873,ASSET-00371,Preventive,,0,,000080000358
WO-2081874,ASSET-00371,Preventive,,0,,000080000358
WO-2081875,ASSET-00371,Corrective,SENSOR-FAULT,172,1836,000080000358
WO-2081876,ASSET-00371,Corrective,CONTROLLER-FAULT,201,1179,000080000358
WO-2081877,ASSET-00372,Preventive,,0,,000080000359
WO-2081878,ASSET-00372,Preventive,,0,,000080000359
WO-2081879,ASSET-00373,Emergency,BELT-FAILURE,161,235,000080000360
WO-2081880,ASSET-00373,Corrective,MOTOR-BURNOUT,214,1671,000080000360
WO-2081881,ASSET-00373,Preventive,,0,,000080000360
WO-2081882,ASSET-00373,Preventive,,0,,000080000360
WO-2081883,ASSET-00373,Preventive,,0,,000080000360
WO-2081884,ASSET-00373,Preventive,,0,,000080000360
WO-2081885,ASSET-00374,Corrective,CALIBRATION-DRIFT,163,217,000080000361
WO-2081886,ASSET-00374,Emergency,SENSOR-FAULT,243,1689,000080000361
WO-2081887,ASSET-00374,Preventive,,0,,000080000361
WO-2081888,ASSET-00374,Emergency,CALIBRATION-DRIFT,485,1717,000080000361
WO-2081889,ASSET-00375,Emergency,HYDRAULIC-LEAK,591,1900,000080000362
WO-2081890,ASSET-00375,Preventive,,0,,000080000362
WO-2081891,ASSET-00375,Preventive,,0,,000080000362
WO-2081892,ASSET-00376,Preventive,,0,,000080000363
WO-2081893,ASSET-00376,Corrective,SENSOR-FAULT,78,1541,000080000363
WO-2081894,ASSET-00376,Emergency,BELT-FAILURE,521,875,000080000363
WO-2081895,ASSET-00376,Preventive,,0,,000080000363
WO-2081896,ASSET-00377,Preventive,,0,,000080000364
WO-2081897,ASSET-00377,Corrective,BEARING-FAILURE,82,547,000080000364
WO-2081898,ASSET-00377,Emergency,PNEUMATIC-LEAK,211,727,000080000364
WO-2081899,ASSET-00377,Preventive,,0,,000080000364
WO-2081900,ASSET-00377,Preventive,,0,,000080000364
WO-2081901,ASSET-00377,Corrective,CONTROLLER-FAULT,137,1690,000080000364
WO-2081902,ASSET-00377,Preventive,,0,,000080000364
WO-2081903,ASSET-00378,Emergency,SPINDLE-SEIZURE,301,1994,000080000365
WO-2081904,ASSET-00378,Corrective,BELT-FAILURE,39,297,000080000365
WO-2081905,ASSET-00378,Emergency,DIE-WEAR,539,1436,000080000365
WO-2081906,ASSET-00378,Corrective,SPINDLE-SEIZURE,64,1590,000080000365
WO-2081907,ASSET-00378,Preventive,,0,,000080000365
WO-2081908,ASSET-00378,Preventive,,0,,000080000365
WO-2081909,ASSET-00378,Corrective,BEARING-FAILURE,188,1579,000080000365
WO-2081910,ASSET-00378,Corrective,BELT-FAILURE,122,716,000080000365
WO-2081911,ASSET-00379,Preventive,,0,,000080000366
WO-2081912,ASSET-00379,Emergency,BEARING-FAILURE,108,705,000080000366
WO-2081913,ASSET-00379,Preventive,,0,,000080000366
WO-2081914,ASSET-00379,Corrective,BELT-FAILURE,84,736,000080000366
WO-2081915,ASSET-00379,Corrective,PNEUMATIC-LEAK,73,1297,000080000366
WO-2081916,ASSET-00379,Preventive,,0,,000080000366
WO-2081917,ASSET-00379,Preventive,,0,,000080000366
WO-2081918,ASSET-00380,Preventive,,0,,000080000367
WO-2081919,ASSET-00380,Preventive,,0,,000080000367
WO-2081920,ASSET-00380,Corrective,CONTROLLER-FAULT,222,223,000080000367
WO-2081921,ASSET-00380,Preventive,,0,,000080000367
WO-2081922,ASSET-00380,Corrective,DIE-WEAR,144,569,000080000367
WO-2081923,ASSET-00380,Preventive,,0,,000080000367
WO-2081924,ASSET-00381,Preventive,,0,,000080000368
WO-2081925,ASSET-00382,Emergency,PNEUMATIC-LEAK,234,648,000080000369
WO-2081926,ASSET-00382,Preventive,,0,,000080000369
WO-2081927,ASSET-00382,Emergency,BELT-FAILURE,273,340,000080000369
WO-2081928,ASSET-00382,Preventive,,0,,000080000369
WO-2081929,ASSET-00382,Corrective,SENSOR-FAULT,105,476,000080000369
WO-2081930,ASSET-00382,Preventive,,0,,000080000369
WO-2081931,ASSET-00383,Preventive,,0,,000080000370
WO-2081932,ASSET-00383,Preventive,,0,,000080000370
WO-2081933,ASSET-00383,Corrective,BELT-FAILURE,193,1631,000080000370
WO-2081934,ASSET-00383,Preventive,,0,,000080000370
WO-2081935,ASSET-00383,Corrective,CALIBRATION-DRIFT,84,1627,000080000370
WO-2081936,ASSET-00384,Preventive,,0,,000080000371
WO-2081937,ASSET-00384,Preventive,,0,,000080000371
WO-2081938,ASSET-00384,Corrective,PNEUMATIC-LEAK,68,216,000080000371
WO-2081939,ASSET-00384,Corrective,CALIBRATION-DRIFT,140,573,000080000371
WO-2081940,ASSET-00384,Preventive,,0,,000080000371
WO-2081941,ASSET-00385,Corrective,HYDRAULIC-LEAK,52,755,000080000372
WO-2081942,ASSET-00385,Preventive,,0,,000080000372
WO-2081943,ASSET-00385,Corrective,HYDRAULIC-LEAK,123,529,000080000372
WO-2081944,ASSET-00386,Preventive,,0,,000080000373
WO-2081945,ASSET-00386,Corrective,SENSOR-FAULT,148,687,000080000373
WO-2081946,ASSET-00386,Preventive,,0,,000080000373
WO-2081947,ASSET-00386,Preventive,,0,,000080000373
WO-2081948,ASSET-00387,Preventive,,0,,000080000374
WO-2081949,ASSET-00387,Preventive,,0,,000080000374
WO-2081950,ASSET-00388,Preventive,,0,,000080000375
WO-2081951,ASSET-00388,Corrective,MOTOR-BURNOUT,217,528,000080000375
WO-2081952,ASSET-00388,Corrective,MOTOR-BURNOUT,89,241,000080000375
WO-2081953,ASSET-00388,Preventive,,0,,000080000375
WO-2081954,ASSET-00388,Preventive,,0,,000080000375
WO-2081955,ASSET-00388,Corrective,MOTOR-BURNOUT,143,1168,000080000375
WO-2081956,ASSET-00389,Preventive,,0,,000080000376
WO-2081957,ASSET-00389,Corrective,HYDRAULIC-LEAK,117,616,000080000376
WO-2081958,ASSET-00389,Preventive,,0,,000080000376
WO-2081959,ASSET-00389,Corrective,MOTOR-BURNOUT,191,1057,000080000376
WO-2081960,ASSET-00389,Preventive,,0,,000080000376
WO-2081961,ASSET-00389,Emergency,BEARING-FAILURE,439,1459,000080000376
WO-2081962,ASSET-00389,Preventive,,0,,000080000376
WO-2081963,ASSET-00389,Preventive,,0,,000080000376
WO-2081964,ASSET-00389,Preventive,,0,,000080000376
WO-2081965,ASSET-00389,Preventive,,0,,000080000376
WO-2081966,ASSET-00389,Preventive,,0,,000080000376
WO-2081967,ASSET-00389,Corrective,SPINDLE-SEIZURE,224,1770,000080000376
WO-2081968,ASSET-00390,Preventive,,0,,000080000377
WO-2081969,ASSET-00390,Corrective,CONTROLLER-FAULT,118,759,000080000377
WO-2081970,ASSET-00391,Corrective,HYDRAULIC-LEAK,67,1340,000080000378
WO-2081971,ASSET-00392,Corrective,MOTOR-BURNOUT,91,1075,000080000379
WO-2081972,ASSET-00392,Preventive,,0,,000080000379
WO-2081973,ASSET-00392,Preventive,,0,,000080000379
WO-2081974,ASSET-00393,Preventive,,0,,000080000380
WO-2081975,ASSET-00393,Corrective,DIE-WEAR,95,1719,000080000380
WO-2081976,ASSET-00393,Preventive,,0,,000080000380
WO-2081977,ASSET-00393,Preventive,,0,,000080000380
WO-2081978,ASSET-00393,Corrective,SENSOR-FAULT,219,296,000080000380
WO-2081979,ASSET-00394,Preventive,,0,,000080000381
WO-2081980,ASSET-00394,Emergency,DIE-WEAR,367,223,000080000381
WO-2081981,ASSET-00394,Corrective,BELT-FAILURE,179,453,000080000381
WO-2081982,ASSET-00395,Emergency,BELT-FAILURE,475,1065,000080000382
WO-2081983,ASSET-00395,Emergency,PNEUMATIC-LEAK,141,685,000080000382
WO-2081984,ASSET-00395,Corrective,HYDRAULIC-LEAK,191,1408,000080000382
WO-2081985,ASSET-00395,Corrective,BELT-FAILURE,153,961,000080000382
WO-2081986,ASSET-00395,Preventive,,0,,000080000382
WO-2081987,ASSET-00395,Preventive,,0,,000080000382
WO-2081988,ASSET-00395,Preventive,,0,,000080000382
WO-2081989,ASSET-00396,Preventive,,0,,000080000383
WO-2081990,ASSET-00396,Preventive,,0,,000080000383
WO-2081991,ASSET-00396,Preventive,,0,,000080000383
WO-2081992,ASSET-00397,Preventive,,0,,000080000384
WO-2081993,ASSET-00397,Emergency,BEARING-FAILURE,217,450,000080000384
WO-2081994,ASSET-00397,Preventive,,0,,000080000384
WO-2081995,ASSET-00397,Preventive,,0,,000080000384
WO-2081996,ASSET-00397,Corrective,HYDRAULIC-LEAK,147,1576,000080000384
WO-2081997,ASSET-00398,Preventive,,0,,000080000385
WO-2081998,ASSET-00398,Emergency,SPINDLE-SEIZURE,510,1567,000080000385
WO-2081999,ASSET-00398,Corrective,PNEUMATIC-LEAK,227,1932,000080000385
WO-2082000,ASSET-00398,Preventive,,0,,000080000385
WO-2082001,ASSET-00399,Preventive,,0,,000080000386
WO-2082002,ASSET-00399,Preventive,,0,,000080000386
WO-2082003,ASSET-00400,Preventive,,0,,000080000387
WO-2082004,ASSET-00400,Preventive,,0,,000080000387
WO-2082005,ASSET-00400,Corrective,PNEUMATIC-LEAK,56,892,000080000387
WO-2082006,ASSET-00400,Preventive,,0,,000080000387
WO-2082007,ASSET-00400,Preventive,,0,,000080000387
WO-2082008,ASSET-00400,Preventive,,0,,000080000387
WO-2082009,ASSET-00401,Corrective,PNEUMATIC-LEAK,32,830,000080000388
WO-2082010,ASSET-00401,Emergency,PNEUMATIC-LEAK,150,1794,000080000388
WO-2082011,ASSET-00401,Corrective,SPINDLE-SEIZURE,193,745,000080000388
WO-2082012,ASSET-00402,Preventive,,0,,000080000389
WO-2082013,ASSET-00402,Preventive,,0,,000080000389
WO-2082014,ASSET-00402,Preventive,,0,,000080000389
WO-2082015,ASSET-00402,Corrective,SENSOR-FAULT,173,881,000080000389
WO-2082016,ASSET-00402,Preventive,,0,,000080000389
WO-2082017,ASSET-00402,Emergency,CALIBRATION-DRIFT,519,834,000080000389
WO-2082018,ASSET-00402,Preventive,,0,,000080000389
WO-2082019,ASSET-00403,Preventive,,0,,000080000390
WO-2082020,ASSET-00403,Corrective,BEARING-FAILURE,40,230,000080000390
WO-2082021,ASSET-00403,Preventive,,0,,000080000390
WO-2082022,ASSET-00403,Corrective,MOTOR-BURNOUT,31,1990,000080000390
WO-2082023,ASSET-00403,Preventive,,0,,000080000390
WO-2082024,ASSET-00403,Preventive,,0,,000080000390
WO-2082025,ASSET-00403,Preventive,,0,,000080000390
WO-2082026,ASSET-00403,Preventive,,0,,000080000390
WO-2082027,ASSET-00404,Preventive,,0,,000080000391
WO-2082028,ASSET-00404,Preventive,,0,,000080000391
WO-2082029,ASSET-00404,Preventive,,0,,000080000391
WO-2082030,ASSET-00404,Preventive,,0,,000080000391
WO-2082031,ASSET-00404,Corrective,CONTROLLER-FAULT,56,1918,000080000391
WO-2082032,ASSET-00405,Preventive,,0,,000080000392
WO-2082033,ASSET-00405,Emergency,BEARING-FAILURE,550,1283,000080000392
WO-2082034,ASSET-00405,Corrective,BELT-FAILURE,69,1772,000080000392
WO-2082035,ASSET-00406,Preventive,,0,,000080000393
WO-2082036,ASSET-00406,Corrective,BEARING-FAILURE,192,1358,000080000393
WO-2082037,ASSET-00406,Preventive,,0,,000080000393
WO-2082038,ASSET-00406,Preventive,,0,,000080000393
WO-2082039,ASSET-00406,Preventive,,0,,000080000393
WO-2082040,ASSET-00407,Corrective,CONTROLLER-FAULT,179,319,000080000394
WO-2082041,ASSET-00407,Corrective,CALIBRATION-DRIFT,88,847,000080000394
WO-2082042,ASSET-00408,Preventive,,0,,000080000395
WO-2082043,ASSET-00408,Corrective,CONTROLLER-FAULT,219,1832,000080000395
WO-2082044,ASSET-00408,Corrective,MOTOR-BURNOUT,33,1175,000080000395
WO-2082045,ASSET-00408,Corrective,BEARING-FAILURE,206,525,000080000395
WO-2082046,ASSET-00408,Preventive,,0,,000080000395
WO-2082047,ASSET-00408,Preventive,,0,,000080000395
WO-2082048,ASSET-00408,Corrective,DIE-WEAR,43,1151,000080000395
WO-2082049,ASSET-00408,Preventive,,0,,000080000395
WO-2082050,ASSET-00409,Preventive,,0,,000080000396
WO-2082051,ASSET-00409,Preventive,,0,,000080000396
WO-2082052,ASSET-00409,Preventive,,0,,000080000396
WO-2082053,ASSET-00409,Corrective,DIE-WEAR,165,1508,000080000396
WO-2082054,ASSET-00410,Corrective,DIE-WEAR,199,897,000080000397
WO-2082055,ASSET-00410,Preventive,,0,,000080000397
WO-2082056,ASSET-00410,Preventive,,0,,000080000397
WO-2082057,ASSET-00410,Corrective,PNEUMATIC-LEAK,101,1014,000080000397
WO-2082058,ASSET-00410,Corrective,HYDRAULIC-LEAK,182,346,000080000397
WO-2082059,ASSET-00410,Preventive,,0,,000080000397
WO-2082060,ASSET-00410,Corrective,BEARING-FAILURE,158,477,000080000397
WO-2082061,ASSET-00410,Corrective,PNEUMATIC-LEAK,64,1377,000080000397
WO-2082062,ASSET-00411,Preventive,,0,,000080000398
WO-2082063,ASSET-00411,Preventive,,0,,000080000398
WO-2082064,ASSET-00411,Preventive,,0,,000080000398
WO-2082065,ASSET-00411,Preventive,,0,,000080000398
WO-2082066,ASSET-00411,Preventive,,0,,000080000398
WO-2082067,ASSET-00411,Corrective,CONTROLLER-FAULT,172,1619,000080000398
WO-2082068,ASSET-00411,Corrective,BEARING-FAILURE,64,1955,000080000398
WO-2082069,ASSET-00412,Preventive,,0,,000080000399
WO-2082070,ASSET-00412,Preventive,,0,,000080000399
WO-2082071,ASSET-00412,Preventive,,0,,000080000399
WO-2082072,ASSET-00413,Corrective,CALIBRATION-DRIFT,236,801,000080000400
WO-2082073,ASSET-00413,Preventive,,0,,000080000400
WO-2082074,ASSET-00413,Corrective,PNEUMATIC-LEAK,165,803,000080000400
WO-2082075,ASSET-00413,Corrective,DIE-WEAR,38,1183,000080000400
WO-2082076,ASSET-00414,Corrective,CONTROLLER-FAULT,120,1937,000080000401
WO-2082077,ASSET-00414,Preventive,,0,,000080000401
WO-2082078,ASSET-00414,Preventive,,0,,000080000401
WO-2082079,ASSET-00414,Corrective,PNEUMATIC-LEAK,207,763,000080000401
WO-2082080,ASSET-00414,Corrective,BEARING-FAILURE,71,1067,000080000401
WO-2082081,ASSET-00414,Corrective,BELT-FAILURE,231,218,000080000401
WO-2082082,ASSET-00414,Preventive,,0,,000080000401
WO-2082083,ASSET-00415,Preventive,,0,,000080000402
WO-2082084,ASSET-00415,Preventive,,0,,000080000402
WO-2082085,ASSET-00415,Corrective,PNEUMATIC-LEAK,189,369,000080000402
WO-2082086,ASSET-00416,Preventive,,0,,000080000403
WO-2082087,ASSET-00416,Preventive,,0,,000080000403
WO-2082088,ASSET-00417,Preventive,,0,,000080000404
WO-2082089,ASSET-00417,Preventive,,0,,000080000404
WO-2082090,ASSET-00417,Corrective,HYDRAULIC-LEAK,219,1565,000080000404
WO-2082091,ASSET-00417,Preventive,,0,,000080000404
WO-2082092,ASSET-00418,Preventive,,0,,000080000405
WO-2082093,ASSET-00418,Preventive,,0,,000080000405
WO-2082094,ASSET-00418,Emergency,SPINDLE-SEIZURE,266,443,000080000405
WO-2082095,ASSET-00418,Emergency,HYDRAULIC-LEAK,391,403,000080000405
WO-2082096,ASSET-00418,Emergency,CONTROLLER-FAULT,350,974,000080000405
WO-2082097,ASSET-00419,Preventive,,0,,000080000406
WO-2082098,ASSET-00419,Preventive,,0,,000080000406
WO-2082099,ASSET-00420,Corrective,SPINDLE-SEIZURE,237,753,000080000407
WO-2082100,ASSET-00420,Preventive,,0,,000080000407
WO-2082101,ASSET-00420,Corrective,BEARING-FAILURE,100,882,000080000407
WO-2082102,ASSET-00420,Preventive,,0,,000080000407
WO-2082103,ASSET-00420,Preventive,,0,,000080000407
WO-2082104,ASSET-00421,Preventive,,0,,000080000408
WO-2082105,ASSET-00421,Preventive,,0,,000080000408
WO-2082106,ASSET-00421,Corrective,BEARING-FAILURE,103,1687,000080000408
WO-2082107,ASSET-00421,Preventive,,0,,000080000408
WO-2082108,ASSET-00422,Corrective,SPINDLE-SEIZURE,131,1364,000080000409
WO-2082109,ASSET-00422,Preventive,,0,,000080000409
WO-2082110,ASSET-00422,Corrective,BEARING-FAILURE,55,1035,000080000409
WO-2082111,ASSET-00422,Corrective,SENSOR-FAULT,223,1951,000080000409
WO-2082112,ASSET-00422,Corrective,HYDRAULIC-LEAK,42,1984,000080000409
WO-2082113,ASSET-00422,Corrective,SPINDLE-SEIZURE,107,208,000080000409
WO-2082114,ASSET-00423,Corrective,HYDRAULIC-LEAK,178,380,000080000410
WO-2082115,ASSET-00423,Preventive,,0,,000080000410
WO-2082116,ASSET-00423,Corrective,SENSOR-FAULT,160,929,000080000410
WO-2082117,ASSET-00423,Preventive,,0,,000080000410
WO-2082118,ASSET-00423,Emergency,SPINDLE-SEIZURE,535,986,000080000410
WO-2082119,ASSET-00424,Preventive,,0,,000080000411
WO-2082120,ASSET-00424,Preventive,,0,,000080000411
WO-2082121,ASSET-00424,Preventive,,0,,000080000411
WO-2082122,ASSET-00424,Preventive,,0,,000080000411
WO-2082123,ASSET-00424,Corrective,PNEUMATIC-LEAK,209,646,000080000411
WO-2082124,ASSET-00424,Preventive,,0,,000080000411
WO-2082125,ASSET-00424,Preventive,,0,,000080000411
WO-2082126,ASSET-00425,Preventive,,0,,000080000412
WO-2082127,ASSET-00425,Preventive,,0,,000080000412
WO-2082128,ASSET-00425,Corrective,SENSOR-FAULT,108,339,000080000412
WO-2082129,ASSET-00425,Preventive,,0,,000080000412
WO-2082130,ASSET-00425,Preventive,,0,,000080000412
WO-2082131,ASSET-00425,Corrective,BELT-FAILURE,153,607,000080000412
WO-2082132,ASSET-00426,Emergency,CONTROLLER-FAULT,404,1158,000080000413
WO-2082133,ASSET-00426,Corrective,BELT-FAILURE,96,207,000080000413
WO-2082134,ASSET-00426,Emergency,SPINDLE-SEIZURE,420,1445,000080000413
WO-2082135,ASSET-00427,Preventive,,0,,000080000414
WO-2082136,ASSET-00427,Preventive,,0,,000080000414
WO-2082137,ASSET-00427,Emergency,CONTROLLER-FAULT,329,615,000080000414
WO-2082138,ASSET-00427,Corrective,PNEUMATIC-LEAK,92,487,000080000414
WO-2082139,ASSET-00427,Preventive,,0,,000080000414
WO-2082140,ASSET-00427,Preventive,,0,,000080000414
WO-2082141,ASSET-00427,Preventive,,0,,000080000414
WO-2082142,ASSET-00427,Preventive,,0,,000080000414
WO-2082143,ASSET-00428,Corrective,CALIBRATION-DRIFT,170,996,000080000415
WO-2082144,ASSET-00428,Preventive,,0,,000080000415
WO-2082145,ASSET-00428,Preventive,,0,,000080000415
