WorkOrderID,EquipmentID,WOType,FailureCode,DowntimeMinutes,MTBF_Hours,ERPAssetRef
WO-2030001,ASSET-00001,Preventive,,0,,000030000001
WO-2030002,ASSET-00001,Preventive,,0,,000030000001
WO-2030003,ASSET-00001,Corrective,BEARING-FAILURE,108,819,000030000001
WO-2030004,ASSET-00001,Preventive,,0,,000030000001
WO-2030005,ASSET-00001,Preventive,,0,,000030000001
WO-2030006,ASSET-00001,Emergency,MOTOR-BURNOUT,359,1590,000030000001
WO-2030007,ASSET-00001,Preventive,,0,,000030000001
WO-2030008,ASSET-00002,Corrective,BEARING-FAILURE,127,1122,000030000002
WO-2030009,ASSET-00002,Corrective,BEARING-FAILURE,183,1663,000030000002
WO-2030010,ASSET-00002,Preventive,,0,,000030000002
WO-2030011,ASSET-00002,Corrective,SENSOR-FAULT,143,1232,000030000002
WO-2030012,ASSET-00003,Corrective,DIE-WEAR,206,868,000030000003
WO-2030013,ASSET-00003,Corrective,SENSOR-FAULT,48,268,000030000003
WO-2030014,ASSET-00003,Preventive,,0,,000030000003
WO-2030015,ASSET-00003,Preventive,,0,,000030000003
WO-2030016,ASSET-00003,Corrective,HYDRAULIC-LEAK,89,356,000030000003
WO-2030017,ASSET-00003,Corrective,BELT-FAILURE,127,592,000030000003
WO-2030018,ASSET-00003,Preventive,,0,,000030000003
WO-2030019,ASSET-00004,Preventive,,0,,
WO-2030020,ASSET-00004,Corrective,SENSOR-FAULT,129,1184,
WO-2030021,ASSET-00004,Preventive,,0,,
WO-2030022,ASSET-00005,Corrective,HYDRAULIC-LEAK,156,927,
WO-2030023,ASSET-00005,Preventive,,0,,
WO-2030024,ASSET-00005,Corrective,BELT-FAILURE,207,740,
WO-2030025,ASSET-00005,Preventive,,0,,
WO-2030026,ASSET-00005,Corrective,PNEUMATIC-LEAK,222,1395,
WO-2030027,ASSET-00006,Preventive,,0,,000030000004
WO-2030028,ASSET-00006,Preventive,,0,,000030000004
WO-2030029,ASSET-00006,Corrective,BEARING-FAILURE,185,1962,000030000004
WO-2030030,ASSET-00007,Corrective,HYDRAULIC-LEAK,221,983,000030000005
WO-2030031,ASSET-00007,Corrective,BELT-FAILURE,83,503,000030000005
WO-2030032,ASSET-00007,Preventive,,0,,000030000005
WO-2030033,ASSET-00007,Preventive,,0,,000030000005
WO-2030034,ASSET-00007,Corrective,HYDRAULIC-LEAK,38,446,000030000005
WO-2030035,ASSET-00008,Preventive,,0,,000030000006
WO-2030036,ASSET-00008,Emergency,CALIBRATION-DRIFT,456,1231,000030000006
WO-2030037,ASSET-00008,Corrective,CALIBRATION-DRIFT,181,1472,000030000006
WO-2030038,ASSET-00008,Preventive,,0,,000030000006
WO-2030039,ASSET-00008,Corrective,CONTROLLER-FAULT,119,911,000030000006
WO-2030040,ASSET-00008,Preventive,,0,,000030000006
WO-2030041,ASSET-00008,Corrective,BELT-FAILURE,38,766,000030000006
WO-2030042,ASSET-00008,Corrective,PNEUMATIC-LEAK,239,1591,000030000006
WO-2030043,ASSET-00008,Preventive,,0,,000030000006
WO-2030044,ASSET-00009,Emergency,CONTROLLER-FAULT,90,1548,000030000007
WO-2030045,ASSET-00009,Emergency,CONTROLLER-FAULT,115,1898,000030000007
WO-2030046,ASSET-00009,Emergency,CONTROLLER-FAULT,549,1658,000030000007
WO-2030047,ASSET-00009,Corrective,CALIBRATION-DRIFT,198,453,000030000007
WO-2030048,ASSET-00010,Emergency,DIE-WEAR,196,1231,000030000008
WO-2030049,ASSET-00010,Corrective,SENSOR-FAULT,233,1620,000030000008
WO-2030050,ASSET-00010,Corrective,SPINDLE-SEIZURE,141,1463,000030000008
WO-2030051,ASSET-00010,Preventive,,0,,000030000008
WO-2030052,ASSET-00010,Preventive,,0,,000030000008
WO-2030053,ASSET-00011,Preventive,,0,,000030000009
WO-2030054,ASSET-00011,Corrective,BEARING-FAILURE,135,1558,000030000009
WO-2030055,ASSET-00011,Preventive,,0,,000030000009
WO-2030056,ASSET-00011,Preventive,,0,,000030000009
WO-2030057,ASSET-00011,Preventive,,0,,000030000009
WO-2030058,ASSET-00011,Preventive,,0,,000030000009
WO-2030059,ASSET-00011,Preventive,,0,,000030000009
WO-2030060,ASSET-00011,Preventive,,0,,000030000009
WO-2030061,ASSET-00012,Preventive,,0,,000030000010
WO-2030062,ASSET-00012,Preventive,,0,,000030000010
WO-2030063,ASSET-00012,Preventive,,0,,000030000010
WO-2030064,ASSET-00013,Corrective,PNEUMATIC-LEAK,206,394,000030000011
WO-2030065,ASSET-00013,Corrective,BELT-FAILURE,208,1388,000030000011
WO-2030066,ASSET-00013,Corrective,BELT-FAILURE,106,1244,000030000011
WO-2030067,ASSET-00013,Corrective,CONTROLLER-FAULT,107,1252,000030000011
WO-2030068,ASSET-00013,Preventive,,0,,000030000011
WO-2030069,ASSET-00013,Corrective,SENSOR-FAULT,140,651,000030000011
WO-2030070,ASSET-00013,Preventive,,0,,000030000011
WO-2030071,ASSET-00014,Preventive,,0,,000030000012
WO-2030072,ASSET-00014,Preventive,,0,,000030000012
WO-2030073,ASSET-00014,Corrective,CONTROLLER-FAULT,154,216,000030000012
WO-2030074,ASSET-00014,Corrective,PNEUMATIC-LEAK,227,1200,000030000012
WO-2030075,ASSET-00015,Corrective,BEARING-FAILURE,143,488,000030000013
WO-2030076,ASSET-00015,Emergency,PNEUMATIC-LEAK,292,1834,000030000013
WO-2030077,ASSET-00015,Emergency,PNEUMATIC-LEAK,300,650,000030000013
WO-2030078,ASSET-00015,Corrective,DIE-WEAR,134,1195,000030000013
WO-2030079,ASSET-00016,Corrective,CONTROLLER-FAULT,49,1613,000030000014
WO-2030080,ASSET-00016,Preventive,,0,,000030000014
WO-2030081,ASSET-00016,Corrective,CONTROLLER-FAULT,41,1136,000030000014
WO-2030082,ASSET-00016,Preventive,,0,,000030000014
WO-2030083,ASSET-00016,Preventive,,0,,000030000014
WO-2030084,ASSET-00016,Preventive,,0,,000030000014
WO-2030085,ASSET-00016,Corrective,CALIBRATION-DRIFT,160,1983,000030000014
WO-2030086,ASSET-00017,Corrective,CONTROLLER-FAULT,128,1140,000030000015
WO-2030087,ASSET-00017,Corrective,BELT-FAILURE,166,1832,000030000015
WO-2030088,ASSET-00017,Corrective,HYDRAULIC-LEAK,98,273,000030000015
WO-2030089,ASSET-00017,Corrective,BEARING-FAILURE,204,281,000030000015
WO-2030090,ASSET-00017,Preventive,,0,,000030000015
WO-2030091,ASSET-00017,Corrective,HYDRAULIC-LEAK,88,1849,000030000015
WO-2030092,ASSET-00017,Corrective,CALIBRATION-DRIFT,44,936,000030000015
WO-2030093,ASSET-00018,Corrective,BELT-FAILURE,117,496,000030000016
WO-2030094,ASSET-00018,Corrective,DIE-WEAR,156,1174,000030000016
WO-2030095,ASSET-00018,Corrective,BEARING-FAILURE,58,1194,000030000016
WO-2030096,ASSET-00018,Corrective,HYDRAULIC-LEAK,213,802,000030000016
WO-2030097,ASSET-00018,Preventive,,0,,000030000016
WO-2030098,ASSET-00019,Preventive,,0,,000030000017
WO-2030099,ASSET-00019,Corrective,DIE-WEAR,75,608,000030000017
WO-2030100,ASSET-00019,Preventive,,0,,000030000017
WO-2030101,ASSET-00019,Corrective,MOTOR-BURNOUT,173,1773,000030000017
WO-2030102,ASSET-00019,Preventive,,0,,000030000017
WO-2030103,ASSET-00019,Preventive,,0,,000030000017
WO-2030104,ASSET-00019,Corrective,SPINDLE-SEIZURE,91,1183,000030000017
WO-2030105,ASSET-00020,Corrective,BEARING-FAILURE,151,1690,000030000018
WO-2030106,ASSET-00020,Corrective,DIE-WEAR,55,470,000030000018
WO-2030107,ASSET-00020,Preventive,,0,,000030000018
WO-2030108,ASSET-00020,Preventive,,0,,000030000018
WO-2030109,ASSET-00020,Emergency,CONTROLLER-FAULT,285,1105,000030000018
WO-2030110,ASSET-00020,Corrective,HYDRAULIC-LEAK,140,917,000030000018
WO-2030111,ASSET-00020,Corrective,BEARING-FAILURE,72,1024,000030000018
WO-2030112,ASSET-00020,Preventive,,0,,000030000018
WO-2030113,ASSET-00020,Emergency,SPINDLE-SEIZURE,372,506,000030000018
WO-2030114,ASSET-00020,Preventive,,0,,000030000018
WO-2030115,ASSET-00021,Preventive,,0,,000030000019
WO-2030116,ASSET-00021,Preventive,,0,,000030000019
WO-2030117,ASSET-00022,Emergency,MOTOR-BURNOUT,548,462,000030000020
WO-2030118,ASSET-00022,Corrective,CALIBRATION-DRIFT,85,1714,000030000020
WO-2030119,ASSET-00022,Corrective,CALIBRATION-DRIFT,107,350,000030000020
WO-2030120,ASSET-00023,Preventive,,0,,000030000021
WO-2030121,ASSET-00023,Corrective,DIE-WEAR,89,706,000030000021
WO-2030122,ASSET-00023,Preventive,,0,,000030000021
WO-2030123,ASSET-00023,Preventive,,0,,000030000021
WO-2030124,ASSET-00023,Corrective,DIE-WEAR,142,1904,000030000021
WO-2030125,ASSET-00023,Preventive,,0,,000030000021
WO-2030126,ASSET-00024,Preventive,,0,,000030000022
WO-2030127,ASSET-00024,Corrective,SPINDLE-SEIZURE,231,1749,000030000022
WO-2030128,ASSET-00024,Preventive,,0,,000030000022
WO-2030129,ASSET-00024,Preventive,,0,,000030000022
WO-2030130,ASSET-00024,Emergency,DIE-WEAR,363,413,000030000022
WO-2030131,ASSET-00025,Corrective,SPINDLE-SEIZURE,129,1528,000030000023
WO-2030132,ASSET-00025,Corrective,CONTROLLER-FAULT,53,1375,000030000023
WO-2030133,ASSET-00025,Preventive,,0,,000030000023
WO-2030134,ASSET-00026,Emergency,BEARING-FAILURE,109,1983,000030000024
WO-2030135,ASSET-00026,Preventive,,0,,000030000024
WO-2030136,ASSET-00026,Preventive,,0,,000030000024
WO-2030137,ASSET-00027,Corrective,SPINDLE-SEIZURE,219,828,000030000025
WO-2030138,ASSET-00027,Preventive,,0,,000030000025
WO-2030139,ASSET-00027,Preventive,,0,,000030000025
WO-2030140,ASSET-00027,Preventive,,0,,000030000025
WO-2030141,ASSET-00027,Corrective,DIE-WEAR,191,1140,000030000025
WO-2030142,ASSET-00027,Emergency,PNEUMATIC-LEAK,444,1893,000030000025
WO-2030143,ASSET-00028,Preventive,,0,,000030000026
WO-2030144,ASSET-00028,Preventive,,0,,000030000026
WO-2030145,ASSET-00028,Emergency,SPINDLE-SEIZURE,576,1054,000030000026
WO-2030146,ASSET-00029,Preventive,,0,,000030000027
WO-2030147,ASSET-00029,Preventive,,0,,000030000027
WO-2030148,ASSET-00029,Preventive,,0,,000030000027
WO-2030149,ASSET-00029,Corrective,BEARING-FAILURE,130,1653,000030000027
WO-2030150,ASSET-00029,Preventive,,0,,000030000027
WO-2030151,ASSET-00029,Preventive,,0,,000030000027
WO-2030152,ASSET-00029,Preventive,,0,,000030000027
WO-2030153,ASSET-00030,Preventive,,0,,000030000028
WO-2030154,ASSET-00030,Preventive,,0,,000030000028
WO-2030155,ASSET-00030,Preventive,,0,,000030000028
WO-2030156,ASSET-00030,Corrective,CONTROLLER-FAULT,137,1845,000030000028
WO-2030157,ASSET-00031,Corrective,BELT-FAILURE,161,1741,000030000029
WO-2030158,ASSET-00031,Corrective,PNEUMATIC-LEAK,180,1090,000030000029
WO-2030159,ASSET-00031,Preventive,,0,,000030000029
WO-2030160,ASSET-00032,Corrective,SENSOR-FAULT,159,940,000030000030
WO-2030161,ASSET-00032,Preventive,,0,,000030000030
WO-2030162,ASSET-00032,Preventive,,0,,000030000030
WO-2030163,ASSET-00032,Preventive,,0,,000030000030
WO-2030164,ASSET-00032,Preventive,,0,,000030000030
WO-2030165,ASSET-00033,Preventive,,0,,000030000031
WO-2030166,ASSET-00033,Emergency,BEARING-FAILURE,257,566,000030000031
WO-2030167,ASSET-00033,Corrective,BEARING-FAILURE,102,389,000030000031
WO-2030168,ASSET-00033,Corrective,CALIBRATION-DRIFT,73,935,000030000031
WO-2030169,ASSET-00033,Corrective,MOTOR-BURNOUT,106,750,000030000031
WO-2030170,ASSET-00033,Emergency,CONTROLLER-FAULT,367,1082,000030000031
WO-2030171,ASSET-00033,Preventive,,0,,000030000031
WO-2030172,ASSET-00034,Preventive,,0,,000030000032
WO-2030173,ASSET-00034,Corrective,DIE-WEAR,151,1561,000030000032
WO-2030174,ASSET-00034,Preventive,,0,,000030000032
WO-2030175,ASSET-00034,Corrective,CALIBRATION-DRIFT,134,1080,000030000032
WO-2030176,ASSET-00034,Preventive,,0,,000030000032
WO-2030177,ASSET-00034,Preventive,,0,,000030000032
WO-2030178,ASSET-00035,Preventive,,0,,000030000033
WO-2030179,ASSET-00035,Emergency,CALIBRATION-DRIFT,597,1371,000030000033
WO-2030180,ASSET-00035,Preventive,,0,,000030000033
WO-2030181,ASSET-00035,Preventive,,0,,000030000033
WO-2030182,ASSET-00035,Preventive,,0,,000030000033
WO-2030183,ASSET-00035,Corrective,CONTROLLER-FAULT,33,1413,000030000033
WO-2030184,ASSET-00036,Corrective,CALIBRATION-DRIFT,75,1337,000030000034
WO-2030185,ASSET-00036,Preventive,,0,,000030000034
WO-2030186,ASSET-00036,Corrective,BEARING-FAILURE,220,517,000030000034
WO-2030187,ASSET-00036,Preventive,,0,,000030000034
WO-2030188,ASSET-00037,Preventive,,0,,
WO-2030189,ASSET-00037,Preventive,,0,,
WO-2030190,ASSET-00037,Preventive,,0,,
WO-2030191,ASSET-00037,Preventive,,0,,
WO-2030192,ASSET-00037,Preventive,,0,,
WO-2030193,ASSET-00037,Preventive,,0,,
WO-2030194,ASSET-00037,Preventive,,0,,
WO-2030195,ASSET-00038,Corrective,CONTROLLER-FAULT,56,1353,000030000035
WO-2030196,ASSET-00038,Corrective,PNEUMATIC-LEAK,71,633,000030000035
WO-2030197,ASSET-00038,Emergency,BEARING-FAILURE,512,1395,000030000035
WO-2030198,ASSET-00038,Corrective,SENSOR-FAULT,59,1129,000030000035
WO-2030199,ASSET-00038,Preventive,,0,,000030000035
WO-2030200,ASSET-00038,Corrective,HYDRAULIC-LEAK,52,421,000030000035
WO-2030201,ASSET-00038,Preventive,,0,,000030000035
WO-2030202,ASSET-00039,Corrective,CONTROLLER-FAULT,155,896,000030000036
WO-2030203,ASSET-00039,Corrective,HYDRAULIC-LEAK,87,1744,000030000036
WO-2030204,ASSET-00039,Preventive,,0,,000030000036
WO-2030205,ASSET-00039,Corrective,CONTROLLER-FAULT,223,1306,000030000036
WO-2030206,ASSET-00039,Preventive,,0,,000030000036
WO-2030207,ASSET-00039,Preventive,,0,,000030000036
WO-2030208,ASSET-00040,Corrective,HYDRAULIC-LEAK,65,1239,000030000037
WO-2030209,ASSET-00040,Corrective,BELT-FAILURE,170,1539,000030000037
WO-2030210,ASSET-00040,Preventive,,0,,000030000037
WO-2030211,ASSET-00041,Preventive,,0,,000030000038
WO-2030212,ASSET-00041,Preventive,,0,,000030000038
WO-2030213,ASSET-00041,Corrective,BEARING-FAILURE,159,482,000030000038
WO-2030214,ASSET-00042,Corrective,HYDRAULIC-LEAK,207,378,000030000039
WO-2030215,ASSET-00042,Preventive,,0,,000030000039
WO-2030216,ASSET-00042,Preventive,,0,,000030000039
WO-2030217,ASSET-00042,Emergency,SPINDLE-SEIZURE,365,485,000030000039
WO-2030218,ASSET-00042,Preventive,,0,,000030000039
WO-2030219,ASSET-00043,Preventive,,0,,000030000040
WO-2030220,ASSET-00043,Preventive,,0,,000030000040
WO-2030221,ASSET-00044,Preventive,,0,,000030000041
WO-2030222,ASSET-00044,Corrective,SENSOR-FAULT,108,1334,000030000041
WO-2030223,ASSET-00044,Preventive,,0,,000030000041
WO-2030224,ASSET-00045,Corrective,BELT-FAILURE,153,1164,000030000043
WO-2030225,ASSET-00045,Corrective,DIE-WEAR,225,1247,000030000043
WO-2030226,ASSET-00045,Preventive,,0,,000030000043
WO-2030227,ASSET-00045,Preventive,,0,,000030000043
WO-2030228,ASSET-00045,Preventive,,0,,000030000043
WO-2030229,ASSET-00045,Emergency,BEARING-FAILURE,105,1962,000030000043
WO-2030230,ASSET-00046,Preventive,,0,,000030000044
WO-2030231,ASSET-00046,Preventive,,0,,000030000044
WO-2030232,ASSET-00046,Preventive,,0,,000030000044
WO-2030233,ASSET-00046,Preventive,,0,,000030000044
WO-2030234,ASSET-00046,Preventive,,0,,000030000044
WO-2030235,ASSET-00046,Corrective,SENSOR-FAULT,166,1674,000030000044
WO-2030236,ASSET-00046,Corrective,DIE-WEAR,145,1286,000030000044
WO-2030237,ASSET-00047,Preventive,,0,,000030000045
WO-2030238,ASSET-00047,Preventive,,0,,000030000045
WO-2030239,ASSET-00047,Corrective,CALIBRATION-DRIFT,161,768,000030000045
WO-2030240,ASSET-00047,Corrective,SENSOR-FAULT,126,202,000030000045
WO-2030241,ASSET-00047,Corrective,CALIBRATION-DRIFT,110,1801,000030000045
WO-2030242,ASSET-00047,Corrective,HYDRAULIC-LEAK,219,504,000030000045
WO-2030243,ASSET-00047,Corrective,SPINDLE-SEIZURE,210,1727,000030000045
WO-2030244,ASSET-00048,Preventive,,0,,000030000046
WO-2030245,ASSET-00048,Corrective,SPINDLE-SEIZURE,95,238,000030000046
WO-2030246,ASSET-00048,Corrective,HYDRAULIC-LEAK,30,1014,000030000046
WO-2030247,ASSET-00048,Emergency,MOTOR-BURNOUT,419,273,000030000046
WO-2030248,ASSET-00048,Corrective,HYDRAULIC-LEAK,46,1661,000030000046
WO-2030249,ASSET-00048,Preventive,,0,,000030000046
WO-2030250,ASSET-00048,Corrective,BEARING-FAILURE,57,1245,000030000046
WO-2030251,ASSET-00049,Preventive,,0,,000030000047
WO-2030252,ASSET-00049,Corrective,BEARING-FAILURE,122,1408,000030000047
WO-2030253,ASSET-00049,Corrective,HYDRAULIC-LEAK,141,1507,000030000047
WO-2030254,ASSET-00049,Corrective,SENSOR-FAULT,198,1792,000030000047
WO-2030255,ASSET-00049,Preventive,,0,,000030000047
WO-2030256,ASSET-00049,Preventive,,0,,000030000047
WO-2030257,ASSET-00049,Preventive,,0,,000030000047
WO-2030258,ASSET-00050,Preventive,,0,,000030000048
WO-2030259,ASSET-00051,Preventive,,0,,000030000049
WO-2030260,ASSET-00051,Preventive,,0,,000030000049
WO-2030261,ASSET-00051,Preventive,,0,,000030000049
WO-2030262,ASSET-00051,Emergency,SPINDLE-SEIZURE,325,1307,000030000049
WO-2030263,ASSET-00051,Preventive,,0,,000030000049
WO-2030264,ASSET-00051,Preventive,,0,,000030000049
WO-2030265,ASSET-00051,Corrective,CALIBRATION-DRIFT,73,1393,000030000049
WO-2030266,ASSET-00051,Preventive,,0,,000030000049
WO-2030267,ASSET-00052,Emergency,CONTROLLER-FAULT,476,309,000030000050
WO-2030268,ASSET-00052,Preventive,,0,,000030000050
WO-2030269,ASSET-00052,Preventive,,0,,000030000050
WO-2030270,ASSET-00053,Emergency,BELT-FAILURE,347,701,000030000051
WO-2030271,ASSET-00053,Corrective,SPINDLE-SEIZURE,177,1974,000030000051
WO-2030272,ASSET-00053,Preventive,,0,,000030000051
WO-2030273,ASSET-00053,Corrective,SENSOR-FAULT,36,535,000030000051
WO-2030274,ASSET-00053,Preventive,,0,,000030000051
WO-2030275,ASSET-00053,Corrective,DIE-WEAR,118,1366,000030000051
WO-2030276,ASSET-00054,Preventive,,0,,000030000052
WO-2030277,ASSET-00054,Preventive,,0,,000030000052
WO-2030278,ASSET-00054,Corrective,BELT-FAILURE,52,943,000030000052
WO-2030279,ASSET-00055,Corrective,BEARING-FAILURE,136,578,
WO-2030280,ASSET-00055,Preventive,,0,,
WO-2030281,ASSET-00055,Corrective,PNEUMATIC-LEAK,44,733,
WO-2030282,ASSET-00055,Preventive,,0,,
WO-2030283,ASSET-00055,Preventive,,0,,
WO-2030284,ASSET-00055,Preventive,,0,,
WO-2030285,ASSET-00056,Preventive,,0,,000030000053
WO-2030286,ASSET-00056,Corrective,SENSOR-FAULT,193,857,000030000053
WO-2030287,ASSET-00056,Corrective,MOTOR-BURNOUT,213,761,000030000053
WO-2030288,ASSET-00056,Preventive,,0,,000030000053
WO-2030289,ASSET-00056,Preventive,,0,,000030000053
WO-2030290,ASSET-00056,Corrective,MOTOR-BURNOUT,36,1031,000030000053
WO-2030291,ASSET-00056,Preventive,,0,,000030000053
WO-2030292,ASSET-00057,Corrective,SENSOR-FAULT,237,1380,000030000054
WO-2030293,ASSET-00057,Preventive,,0,,000030000054
WO-2030294,ASSET-00057,Emergency,SPINDLE-SEIZURE,120,1689,000030000054
WO-2030295,ASSET-00057,Corrective,CALIBRATION-DRIFT,210,1322,000030000054
WO-2030296,ASSET-00057,Corrective,DIE-WEAR,40,1111,000030000054
WO-2030297,ASSET-00057,Preventive,,0,,000030000054
WO-2030298,ASSET-00058,Corrective,PNEUMATIC-LEAK,218,292,000030000055
WO-2030299,ASSET-00058,Corrective,SPINDLE-SEIZURE,235,404,000030000055
WO-2030300,ASSET-00058,Emergency,SENSOR-FAULT,341,1447,000030000055
WO-2030301,ASSET-00058,Corrective,HYDRAULIC-LEAK,190,698,000030000055
WO-2030302,ASSET-00059,Preventive,,0,,000030000056
WO-2030303,ASSET-00059,Corrective,CONTROLLER-FAULT,219,547,000030000056
WO-2030304,ASSET-00059,Corrective,CALIBRATION-DRIFT,48,1026,000030000056
WO-2030305,ASSET-00059,Preventive,,0,,000030000056
WO-2030306,ASSET-00060,Corrective,PNEUMATIC-LEAK,168,854,000030000057
WO-2030307,ASSET-00060,Corrective,CONTROLLER-FAULT,209,615,000030000057
WO-2030308,ASSET-00061,Preventive,,0,,000030000058
WO-2030309,ASSET-00061,Corrective,BEARING-FAILURE,89,1573,000030000058
WO-2030310,ASSET-00061,Corrective,HYDRAULIC-LEAK,177,916,000030000058
WO-2030311,ASSET-00061,Preventive,,0,,000030000058
WO-2030312,ASSET-00061,Corrective,CALIBRATION-DRIFT,75,945,000030000058
WO-2030313,ASSET-00062,Preventive,,0,,000030000059
WO-2030314,ASSET-00062,Preventive,,0,,000030000059
WO-2030315,ASSET-00062,Emergency,CONTROLLER-FAULT,190,1118,000030000059
WO-2030316,ASSET-00062,Corrective,BELT-FAILURE,87,1717,000030000059
WO-2030317,ASSET-00062,Corrective,BEARING-FAILURE,211,1457,000030000059
WO-2030318,ASSET-00063,Emergency,SENSOR-FAULT,542,1571,000030000060
WO-2030319,ASSET-00063,Preventive,,0,,000030000060
WO-2030320,ASSET-00063,Preventive,,0,,000030000060
WO-2030321,ASSET-00063,Preventive,,0,,000030000060
WO-2030322,ASSET-00063,Emergency,CONTROLLER-FAULT,213,651,000030000060
WO-2030323,ASSET-00064,Corrective,PNEUMATIC-LEAK,121,1896,000030000061
WO-2030324,ASSET-00064,Emergency,BEARING-FAILURE,324,984,000030000061
WO-2030325,ASSET-00064,Preventive,,0,,000030000061
WO-2030326,ASSET-00064,Corrective,SENSOR-FAULT,126,526,000030000061
WO-2030327,ASSET-00064,Corrective,MOTOR-BURNOUT,223,736,000030000061
WO-2030328,ASSET-00064,Emergency,SENSOR-FAULT,335,770,000030000061
WO-2030329,ASSET-00064,Corrective,SPINDLE-SEIZURE,112,998,000030000061
WO-2030330,ASSET-00064,Corrective,SPINDLE-SEIZURE,70,869,000030000061
WO-2030331,ASSET-00064,Preventive,,0,,000030000061
WO-2030332,ASSET-00065,Corrective,HYDRAULIC-LEAK,123,1513,000030000062
WO-2030333,ASSET-00065,Preventive,,0,,000030000062
WO-2030334,ASSET-00065,Preventive,,0,,000030000062
WO-2030335,ASSET-00065,Preventive,,0,,000030000062
WO-2030336,ASSET-00065,Corrective,CALIBRATION-DRIFT,51,591,000030000062
WO-2030337,ASSET-00065,Preventive,,0,,000030000062
WO-2030338,ASSET-00065,Preventive,,0,,000030000062
WO-2030339,ASSET-00066,Preventive,,0,,000030000063
WO-2030340,ASSET-00066,Corrective,HYDRAULIC-LEAK,63,226,000030000063
WO-2030341,ASSET-00066,Preventive,,0,,000030000063
WO-2030342,ASSET-00066,Preventive,,0,,000030000063
WO-2030343,ASSET-00066,Preventive,,0,,000030000063
WO-2030344,ASSET-00066,Preventive,,0,,000030000063
WO-2030345,ASSET-00066,Preventive,,0,,000030000063
WO-2030346,ASSET-00066,Preventive,,0,,000030000063
WO-2030347,ASSET-00067,Preventive,,0,,000030000064
WO-2030348,ASSET-00067,Corrective,CALIBRATION-DRIFT,80,1565,000030000064
WO-2030349,ASSET-00067,Corrective,CALIBRATION-DRIFT,60,828,000030000064
WO-2030350,ASSET-00067,Preventive,,0,,000030000064
WO-2030351,ASSET-00067,Corrective,PNEUMATIC-LEAK,239,1408,000030000064
WO-2030352,ASSET-00067,Corrective,PNEUMATIC-LEAK,167,287,000030000064
WO-2030353,ASSET-00068,Corrective,BELT-FAILURE,84,1639,000030000065
WO-2030354,ASSET-00068,Corrective,SPINDLE-SEIZURE,203,277,000030000065
WO-2030355,ASSET-00068,Emergency,BELT-FAILURE,179,1485,000030000065
WO-2030356,ASSET-00068,Preventive,,0,,000030000065
WO-2030357,ASSET-00068,Preventive,,0,,000030000065
WO-2030358,ASSET-00068,Corrective,SPINDLE-SEIZURE,179,351,000030000065
WO-2030359,ASSET-00068,Corrective,SPINDLE-SEIZURE,189,1579,000030000065
WO-2030360,ASSET-00068,Preventive,,0,,000030000065
WO-2030361,ASSET-00069,Preventive,,0,,000030000066
WO-2030362,ASSET-00069,Preventive,,0,,000030000066
WO-2030363,ASSET-00069,Corrective,CONTROLLER-FAULT,175,1247,000030000066
WO-2030364,ASSET-00069,Corrective,MOTOR-BURNOUT,72,1908,000030000066
WO-2030365,ASSET-00070,Preventive,,0,,000030000067
WO-2030366,ASSET-00070,Preventive,,0,,000030000067
WO-2030367,ASSET-00070,Preventive,,0,,000030000067
WO-2030368,ASSET-00070,Preventive,,0,,000030000067
WO-2030369,ASSET-00071,Emergency,BELT-FAILURE,579,1860,
WO-2030370,ASSET-00071,Emergency,MOTOR-BURNOUT,567,1260,
WO-2030371,ASSET-00071,Corrective,SENSOR-FAULT,232,721,
WO-2030372,ASSET-00071,Preventive,,0,,
WO-2030373,ASSET-00071,Corrective,SPINDLE-SEIZURE,238,1654,
WO-2030374,ASSET-00071,Preventive,,0,,
WO-2030375,ASSET-00071,Corrective,PNEUMATIC-LEAK,212,646,
WO-2030376,ASSET-00072,Preventive,,0,,000030000068
WO-2030377,ASSET-00072,Corrective,BEARING-FAILURE,47,684,000030000068
WO-2030378,ASSET-00072,Preventive,,0,,000030000068
WO-2030379,ASSET-00072,Preventive,,0,,000030000068
WO-2030380,ASSET-00072,Corrective,CONTROLLER-FAULT,39,1637,000030000068
WO-2030381,ASSET-00072,Preventive,,0,,000030000068
WO-2030382,ASSET-00072,Corrective,SPINDLE-SEIZURE,41,1032,000030000068
WO-2030383,ASSET-00073,Preventive,,0,,000030000069
WO-2030384,ASSET-00073,Preventive,,0,,000030000069
WO-2030385,ASSET-00073,Preventive,,0,,000030000069
WO-2030386,ASSET-00073,Corrective,MOTOR-BURNOUT,231,1660,000030000069
WO-2030387,ASSET-00073,Preventive,,0,,000030000069
WO-2030388,ASSET-00073,Emergency,CALIBRATION-DRIFT,192,1442,000030000069
WO-2030389,ASSET-00073,Preventive,,0,,000030000069
WO-2030390,ASSET-00073,Corrective,BELT-FAILURE,156,618,000030000069
WO-2030391,ASSET-00074,Corrective,HYDRAULIC-LEAK,48,998,
WO-2030392,ASSET-00074,Preventive,,0,,
WO-2030393,ASSET-00074,Corrective,CALIBRATION-DRIFT,106,843,
WO-2030394,ASSET-00074,Preventive,,0,,
WO-2030395,ASSET-00074,Preventive,,0,,
WO-2030396,ASSET-00074,Corrective,BELT-FAILURE,185,1365,
WO-2030397,ASSET-00074,Corrective,SPINDLE-SEIZURE,99,1159,
WO-2030398,ASSET-00075,Preventive,,0,,000030000070
WO-2030399,ASSET-00075,Corrective,SENSOR-FAULT,101,1153,000030000070
WO-2030400,ASSET-00075,Preventive,,0,,000030000070
WO-2030401,ASSET-00075,Preventive,,0,,000030000070
WO-2030402,ASSET-00076,Preventive,,0,,000030000071
WO-2030403,ASSET-00076,Preventive,,0,,000030000071
WO-2030404,ASSET-00076,Corrective,CONTROLLER-FAULT,53,1523,000030000071
WO-2030405,ASSET-00076,Preventive,,0,,000030000071
WO-2030406,ASSET-00076,Corrective,DIE-WEAR,119,806,000030000071
WO-2030407,ASSET-00076,Preventive,,0,,000030000071
WO-2030408,ASSET-00077,Corrective,MOTOR-BURNOUT,167,1505,000030000072
WO-2030409,ASSET-00077,Corrective,CONTROLLER-FAULT,53,1233,000030000072
WO-2030410,ASSET-00077,Preventive,,0,,000030000072
WO-2030411,ASSET-00077,Preventive,,0,,000030000072
WO-2030412,ASSET-00077,Corrective,PNEUMATIC-LEAK,86,1971,000030000072
WO-2030413,ASSET-00078,Preventive,,0,,000030000073
WO-2030414,ASSET-00078,Preventive,,0,,000030000073
WO-2030415,ASSET-00078,Preventive,,0,,000030000073
WO-2030416,ASSET-00078,Preventive,,0,,000030000073
WO-2030417,ASSET-00078,Preventive,,0,,000030000073
WO-2030418,ASSET-00078,Preventive,,0,,000030000073
WO-2030419,ASSET-00078,Corrective,CONTROLLER-FAULT,113,268,000030000073
WO-2030420,ASSET-00079,Preventive,,0,,000030000074
WO-2030421,ASSET-00079,Preventive,,0,,000030000074
WO-2030422,ASSET-00079,Preventive,,0,,000030000074
WO-2030423,ASSET-00079,Preventive,,0,,000030000074
WO-2030424,ASSET-00079,Preventive,,0,,000030000074
WO-2030425,ASSET-00079,Preventive,,0,,000030000074
WO-2030426,ASSET-00080,Corrective,SENSOR-FAULT,91,812,000030000075
WO-2030427,ASSET-00080,Preventive,,0,,000030000075
WO-2030428,ASSET-00080,Preventive,,0,,000030000075
WO-2030429,ASSET-00080,Emergency,CONTROLLER-FAULT,461,939,000030000075
WO-2030430,ASSET-00081,Corrective,SENSOR-FAULT,66,254,000030000076
WO-2030431,ASSET-00081,Corrective,PNEUMATIC-LEAK,125,1560,000030000076
WO-2030432,ASSET-00081,Corrective,BEARING-FAILURE,128,1987,000030000076
WO-2030433,ASSET-00081,Corrective,CALIBRATION-DRIFT,162,1888,000030000076
WO-2030434,ASSET-00081,Corrective,CALIBRATION-DRIFT,67,785,000030000076
WO-2030435,ASSET-00082,Corrective,SENSOR-FAULT,30,634,000030000077
WO-2030436,ASSET-00082,Corrective,MOTOR-BURNOUT,228,621,000030000077
WO-2030437,ASSET-00083,Preventive,,0,,000030000078
WO-2030438,ASSET-00083,Corrective,BELT-FAILURE,117,933,000030000078
WO-2030439,ASSET-00083,Preventive,,0,,000030000078
WO-2030440,ASSET-00084,Corrective,PNEUMATIC-LEAK,34,657,
WO-2030441,ASSET-00084,Preventive,,0,,
WO-2030442,ASSET-00084,Corrective,SENSOR-FAULT,71,398,
WO-2030443,ASSET-00084,Corrective,MOTOR-BURNOUT,160,1797,
WO-2030444,ASSET-00084,Preventive,,0,,
WO-2030445,ASSET-00084,Preventive,,0,,
WO-2030446,ASSET-00084,Corrective,HYDRAULIC-LEAK,71,1590,
WO-2030447,ASSET-00085,Preventive,,0,,000030000079
WO-2030448,ASSET-00085,Preventive,,0,,000030000079
WO-2030449,ASSET-00085,Preventive,,0,,000030000079
WO-2030450,ASSET-00085,Corrective,DIE-WEAR,81,499,000030000079
WO-2030451,ASSET-00085,Emergency,BEARING-FAILURE,585,991,000030000079
WO-2030452,ASSET-00085,Preventive,,0,,000030000079
WO-2030453,ASSET-00085,Corrective,BELT-FAILURE,137,1375,000030000079
WO-2030454,ASSET-00086,Corrective,BELT-FAILURE,33,1927,000030000080
WO-2030455,ASSET-00086,Preventive,,0,,000030000080
WO-2030456,ASSET-00086,Corrective,CONTROLLER-FAULT,192,1360,000030000080
WO-2030457,ASSET-00087,Corrective,SENSOR-FAULT,122,954,000030000081
WO-2030458,ASSET-00087,Corrective,CALIBRATION-DRIFT,117,1233,000030000081
WO-2030459,ASSET-00087,Corrective,CONTROLLER-FAULT,235,1649,000030000081
WO-2030460,ASSET-00087,Preventive,,0,,000030000081
WO-2030461,ASSET-00088,Preventive,,0,,000030000082
WO-2030462,ASSET-00088,Preventive,,0,,000030000082
WO-2030463,ASSET-00089,Corrective,DIE-WEAR,208,1132,000030000083
WO-2030464,ASSET-00089,Corrective,BEARING-FAILURE,50,1957,000030000083
WO-2030465,ASSET-00089,Preventive,,0,,000030000083
WO-2030466,ASSET-00089,Preventive,,0,,000030000083
WO-2030467,ASSET-00089,Preventive,,0,,000030000083
WO-2030468,ASSET-00089,Preventive,,0,,000030000083
WO-2030469,ASSET-00089,Emergency,PNEUMATIC-LEAK,497,1457,000030000083
WO-2030470,ASSET-00089,Corrective,HYDRAULIC-LEAK,39,1145,000030000083
WO-2030471,ASSET-00090,Corrective,CONTROLLER-FAULT,50,1815,000030000084
WO-2030472,ASSET-00090,Preventive,,0,,000030000084
WO-2030473,ASSET-00090,Corrective,SPINDLE-SEIZURE,202,879,000030000084
WO-2030474,ASSET-00090,Preventive,,0,,000030000084
WO-2030475,ASSET-00091,Corrective,MOTOR-BURNOUT,224,1060,000030000085
WO-2030476,ASSET-00091,Corrective,CALIBRATION-DRIFT,221,1536,000030000085
WO-2030477,ASSET-00091,Preventive,,0,,000030000085
WO-2030478,ASSET-00091,Emergency,SENSOR-FAULT,256,387,000030000085
WO-2030479,ASSET-00092,Preventive,,0,,000030000086
WO-2030480,ASSET-00092,Preventive,,0,,000030000086
WO-2030481,ASSET-00092,Emergency,MOTOR-BURNOUT,411,737,000030000086
WO-2030482,ASSET-00093,Preventive,,0,,000030000087
WO-2030483,ASSET-00093,Preventive,,0,,000030000087
WO-2030484,ASSET-00093,Corrective,CONTROLLER-FAULT,35,1380,000030000087
WO-2030485,ASSET-00093,Corrective,CONTROLLER-FAULT,129,460,000030000087
WO-2030486,ASSET-00094,Preventive,,0,,000030000088
WO-2030487,ASSET-00094,Preventive,,0,,000030000088
WO-2030488,ASSET-00094,Corrective,HYDRAULIC-LEAK,48,1777,000030000088
WO-2030489,ASSET-00094,Preventive,,0,,000030000088
WO-2030490,ASSET-00094,Preventive,,0,,000030000088
WO-2030491,ASSET-00094,Emergency,MOTOR-BURNOUT,485,1806,000030000088
WO-2030492,ASSET-00095,Preventive,,0,,
WO-2030493,ASSET-00095,Corrective,CALIBRATION-DRIFT,164,1724,
WO-2030494,ASSET-00095,Preventive,,0,,
WO-2030495,ASSET-00095,Emergency,SENSOR-FAULT,349,274,
WO-2030496,ASSET-00096,Corrective,MOTOR-BURNOUT,140,664,000030000089
WO-2030497,ASSET-00096,Corrective,SPINDLE-SEIZURE,144,1895,000030000089
WO-2030498,ASSET-00096,Corrective,HYDRAULIC-LEAK,172,671,000030000089
WO-2030499,ASSET-00096,Corrective,BELT-FAILURE,121,986,000030000089
WO-2030500,ASSET-00096,Preventive,,0,,000030000089
WO-2030501,ASSET-00097,Preventive,,0,,000030000090
WO-2030502,ASSET-00097,Corrective,CONTROLLER-FAULT,224,1064,000030000090
WO-2030503,ASSET-00097,Preventive,,0,,000030000090
WO-2030504,ASSET-00097,Corrective,MOTOR-BURNOUT,130,410,000030000090
WO-2030505,ASSET-00098,Preventive,,0,,
WO-2030506,ASSET-00098,Preventive,,0,,
WO-2030507,ASSET-00098,Emergency,HYDRAULIC-LEAK,133,755,
WO-2030508,ASSET-00098,Corrective,BELT-FAILURE,107,1955,
WO-2030509,ASSET-00098,Preventive,,0,,
WO-2030510,ASSET-00098,Corrective,PNEUMATIC-LEAK,166,721,
WO-2030511,ASSET-00099,Corrective,CONTROLLER-FAULT,198,349,000030000091
WO-2030512,ASSET-00099,Preventive,,0,,000030000091
WO-2030513,ASSET-00099,Preventive,,0,,000030000091
WO-2030514,ASSET-00099,Preventive,,0,,000030000091
WO-2030515,ASSET-00099,Preventive,,0,,000030000091
WO-2030516,ASSET-00099,Preventive,,0,,000030000091
WO-2030517,ASSET-00099,Preventive,,0,,000030000091
WO-2030518,ASSET-00100,Preventive,,0,,000030000092
WO-2030519,ASSET-00100,Preventive,,0,,000030000092
WO-2030520,ASSET-00100,Preventive,,0,,000030000092
WO-2030521,ASSET-00100,Corrective,MOTOR-BURNOUT,66,1032,000030000092
WO-2030522,ASSET-00100,Preventive,,0,,000030000092
WO-2030523,ASSET-00100,Preventive,,0,,000030000092
WO-2030524,ASSET-00101,Preventive,,0,,000030000093
WO-2030525,ASSET-00101,Preventive,,0,,000030000093
WO-2030526,ASSET-00101,Preventive,,0,,000030000093
WO-2030527,ASSET-00101,Preventive,,0,,000030000093
WO-2030528,ASSET-00101,Preventive,,0,,000030000093
WO-2030529,ASSET-00102,Preventive,,0,,
WO-2030530,ASSET-00102,Corrective,SPINDLE-SEIZURE,93,889,
WO-2030531,ASSET-00102,Preventive,,0,,
WO-2030532,ASSET-00102,Preventive,,0,,
WO-2030533,ASSET-00102,Preventive,,0,,
WO-2030534,ASSET-00102,Preventive,,0,,
WO-2030535,ASSET-00102,Emergency,MOTOR-BURNOUT,503,1476,
WO-2030536,ASSET-00103,Preventive,,0,,000030000094
WO-2030537,ASSET-00103,Corrective,HYDRAULIC-LEAK,34,1427,000030000094
WO-2030538,ASSET-00104,Corrective,MOTOR-BURNOUT,150,1061,000030000095
WO-2030539,ASSET-00104,Preventive,,0,,000030000095
WO-2030540,ASSET-00104,Preventive,,0,,000030000095
WO-2030541,ASSET-00104,Preventive,,0,,000030000095
WO-2030542,ASSET-00104,Preventive,,0,,000030000095
WO-2030543,ASSET-00104,Corrective,CONTROLLER-FAULT,220,287,000030000095
WO-2030544,ASSET-00105,Preventive,,0,,000030000096
WO-2030545,ASSET-00105,Corrective,BELT-FAILURE,216,1667,000030000096
WO-2030546,ASSET-00105,Emergency,DIE-WEAR,266,1445,000030000096
WO-2030547,ASSET-00105,Preventive,,0,,000030000096
WO-2030548,ASSET-00105,Corrective,SENSOR-FAULT,97,1303,000030000096
WO-2030549,ASSET-00105,Corrective,MOTOR-BURNOUT,111,918,000030000096
WO-2030550,ASSET-00106,Corrective,CALIBRATION-DRIFT,47,1116,000030000097
WO-2030551,ASSET-00106,Emergency,DIE-WEAR,153,614,000030000097
WO-2030552,ASSET-00106,Preventive,,0,,000030000097
WO-2030553,ASSET-00106,Corrective,CALIBRATION-DRIFT,141,1699,000030000097
WO-2030554,ASSET-00106,Preventive,,0,,000030000097
WO-2030555,ASSET-00106,Corrective,DIE-WEAR,152,263,000030000097
WO-2030556,ASSET-00107,Corrective,MOTOR-BURNOUT,64,1808,000030000098
WO-2030557,ASSET-00107,Preventive,,0,,000030000098
WO-2030558,ASSET-00107,Preventive,,0,,000030000098
WO-2030559,ASSET-00107,Preventive,,0,,000030000098
WO-2030560,ASSET-00107,Corrective,SPINDLE-SEIZURE,238,1440,000030000098
WO-2030561,ASSET-00107,Emergency,SPINDLE-SEIZURE,551,1912,000030000098
WO-2030562,ASSET-00107,Preventive,,0,,000030000098
WO-2030563,ASSET-00108,Corrective,PNEUMATIC-LEAK,70,424,000030000099
WO-2030564,ASSET-00108,Corrective,CALIBRATION-DRIFT,142,1815,000030000099
WO-2030565,ASSET-00109,Preventive,,0,,000030000100
WO-2030566,ASSET-00109,Corrective,CALIBRATION-DRIFT,73,1819,000030000100
WO-2030567,ASSET-00109,Preventive,,0,,000030000100
WO-2030568,ASSET-00110,Preventive,,0,,000030000101
WO-2030569,ASSET-00110,Preventive,,0,,000030000101
WO-2030570,ASSET-00110,Preventive,,0,,000030000101
WO-2030571,ASSET-00110,Preventive,,0,,000030000101
WO-2030572,ASSET-00111,Preventive,,0,,000030000102
WO-2030573,ASSET-00111,Corrective,MOTOR-BURNOUT,157,717,000030000102
WO-2030574,ASSET-00111,Preventive,,0,,000030000102
WO-2030575,ASSET-00112,Preventive,,0,,
WO-2030576,ASSET-00112,Preventive,,0,,
WO-2030577,ASSET-00112,Corrective,BELT-FAILURE,105,768,
WO-2030578,ASSET-00112,Corrective,CONTROLLER-FAULT,149,1927,
WO-2030579,ASSET-00113,Preventive,,0,,000030000103
WO-2030580,ASSET-00113,Emergency,DIE-WEAR,230,268,000030000103
WO-2030581,ASSET-00113,Corrective,MOTOR-BURNOUT,179,881,000030000103
WO-2030582,ASSET-00114,Emergency,HYDRAULIC-LEAK,519,1698,
WO-2030583,ASSET-00114,Preventive,,0,,
WO-2030584,ASSET-00114,Preventive,,0,,
WO-2030585,ASSET-00114,Emergency,PNEUMATIC-LEAK,423,1873,
WO-2030586,ASSET-00115,Preventive,,0,,000030000104
WO-2030587,ASSET-00115,Preventive,,0,,000030000104
WO-2030588,ASSET-00115,Preventive,,0,,000030000104
WO-2030589,ASSET-00115,Preventive,,0,,000030000104
WO-2030590,ASSET-00115,Corrective,SPINDLE-SEIZURE,233,387,000030000104
WO-2030591,ASSET-00115,Preventive,,0,,000030000104
WO-2030592,ASSET-00116,Preventive,,0,,000030000106
WO-2030593,ASSET-00116,Preventive,,0,,000030000106
WO-2030594,ASSET-00116,Corrective,BELT-FAILURE,177,496,000030000106
WO-2030595,ASSET-00116,Corrective,BELT-FAILURE,117,910,000030000106
WO-2030596,ASSET-00116,Corrective,MOTOR-BURNOUT,175,1689,000030000106
WO-2030597,ASSET-00117,Corrective,SPINDLE-SEIZURE,85,468,000030000107
WO-2030598,ASSET-00117,Preventive,,0,,000030000107
WO-2030599,ASSET-00117,Preventive,,0,,000030000107
WO-2030600,ASSET-00117,Preventive,,0,,000030000107
WO-2030601,ASSET-00118,Corrective,HYDRAULIC-LEAK,77,496,000030000108
WO-2030602,ASSET-00118,Preventive,,0,,000030000108
WO-2030603,ASSET-00118,Preventive,,0,,000030000108
WO-2030604,ASSET-00118,Preventive,,0,,000030000108
WO-2030605,ASSET-00119,Emergency,DIE-WEAR,394,1202,000030000109
WO-2030606,ASSET-00119,Emergency,MOTOR-BURNOUT,79,402,000030000109
WO-2030607,ASSET-00119,Preventive,,0,,000030000109
WO-2030608,ASSET-00120,Preventive,,0,,000030000110
WO-2030609,ASSET-00120,Corrective,DIE-WEAR,170,1102,000030000110
WO-2030610,ASSET-00120,Corrective,DIE-WEAR,140,535,000030000110
WO-2030611,ASSET-00120,Preventive,,0,,000030000110
WO-2030612,ASSET-00120,Preventive,,0,,000030000110
WO-2030613,ASSET-00120,Preventive,,0,,000030000110
WO-2030614,ASSET-00121,Corrective,BELT-FAILURE,51,1559,000030000111
WO-2030615,ASSET-00121,Preventive,,0,,000030000111
WO-2030616,ASSET-00121,Preventive,,0,,000030000111
WO-2030617,ASSET-00122,Preventive,,0,,000030000112
WO-2030618,ASSET-00122,Corrective,MOTOR-BURNOUT,73,1789,000030000112
WO-2030619,ASSET-00122,Preventive,,0,,000030000112
WO-2030620,ASSET-00122,Preventive,,0,,000030000112
WO-2030621,ASSET-00123,Corrective,SPINDLE-SEIZURE,239,904,000030000113
WO-2030622,ASSET-00123,Preventive,,0,,000030000113
WO-2030623,ASSET-00123,Corrective,HYDRAULIC-LEAK,93,275,000030000113
WO-2030624,ASSET-00124,Preventive,,0,,000030000114
WO-2030625,ASSET-00124,Preventive,,0,,000030000114
WO-2030626,ASSET-00124,Corrective,PNEUMATIC-LEAK,183,1309,000030000114
WO-2030627,ASSET-00124,Corrective,SPINDLE-SEIZURE,233,928,000030000114
WO-2030628,ASSET-00124,Preventive,,0,,000030000114
WO-2030629,ASSET-00125,Preventive,,0,,
WO-2030630,ASSET-00126,Preventive,,0,,000030000115
WO-2030631,ASSET-00126,Preventive,,0,,000030000115
WO-2030632,ASSET-00126,Preventive,,0,,000030000115
WO-2030633,ASSET-00126,Preventive,,0,,000030000115
WO-2030634,ASSET-00127,Emergency,MOTOR-BURNOUT,245,1143,000030000116
WO-2030635,ASSET-00127,Preventive,,0,,000030000116
WO-2030636,ASSET-00127,Corrective,SENSOR-FAULT,40,978,000030000116
WO-2030637,ASSET-00127,Preventive,,0,,000030000116
WO-2030638,ASSET-00127,Preventive,,0,,000030000116
WO-2030639,ASSET-00127,Emergency,MOTOR-BURNOUT,205,606,000030000116
WO-2030640,ASSET-00127,Emergency,DIE-WEAR,402,1791,000030000116
WO-2030641,ASSET-00128,Corrective,HYDRAULIC-LEAK,219,1763,
WO-2030642,ASSET-00128,Preventive,,0,,
WO-2030643,ASSET-00128,Corrective,SPINDLE-SEIZURE,79,500,
WO-2030644,ASSET-00128,Preventive,,0,,
WO-2030645,ASSET-00128,Preventive,,0,,
WO-2030646,ASSET-00128,Preventive,,0,,
WO-2030647,ASSET-00129,Preventive,,0,,000030000117
WO-2030648,ASSET-00129,Emergency,BELT-FAILURE,550,716,000030000117
WO-2030649,ASSET-00129,Corrective,PNEUMATIC-LEAK,226,1523,000030000117
WO-2030650,ASSET-00130,Preventive,,0,,000030000118
WO-2030651,ASSET-00130,Preventive,,0,,000030000118
WO-2030652,ASSET-00130,Corrective,CONTROLLER-FAULT,169,674,000030000118
WO-2030653,ASSET-00130,Corrective,PNEUMATIC-LEAK,113,1950,000030000118
WO-2030654,ASSET-00131,Preventive,,0,,000030000119
WO-2030655,ASSET-00131,Corrective,MOTOR-BURNOUT,182,1542,000030000119
WO-2030656,ASSET-00131,Corrective,PNEUMATIC-LEAK,199,817,000030000119
WO-2030657,ASSET-00132,Corrective,CALIBRATION-DRIFT,166,1478,000030000120
WO-2030658,ASSET-00132,Preventive,,0,,000030000120
WO-2030659,ASSET-00132,Preventive,,0,,000030000120
WO-2030660,ASSET-00132,Preventive,,0,,000030000120
WO-2030661,ASSET-00132,Preventive,,0,,000030000120
WO-2030662,ASSET-00132,Corrective,BEARING-FAILURE,173,1849,000030000120
WO-2030663,ASSET-00133,Preventive,,0,,000030000121
WO-2030664,ASSET-00133,Preventive,,0,,000030000121
WO-2030665,ASSET-00134,Corrective,CONTROLLER-FAULT,56,1301,000030000122
WO-2030666,ASSET-00134,Preventive,,0,,000030000122
WO-2030667,ASSET-00134,Preventive,,0,,000030000122
WO-2030668,ASSET-00134,Preventive,,0,,000030000122
WO-2030669,ASSET-00134,Preventive,,0,,000030000122
WO-2030670,ASSET-00134,Preventive,,0,,000030000122
WO-2030671,ASSET-00135,Corrective,HYDRAULIC-LEAK,93,1340,000030000123
WO-2030672,ASSET-00135,Corrective,SPINDLE-SEIZURE,83,1429,000030000123
WO-2030673,ASSET-00135,Corrective,SENSOR-FAULT,110,832,000030000123
WO-2030674,ASSET-00135,Corrective,BELT-FAILURE,63,729,000030000123
WO-2030675,ASSET-00135,Emergency,BELT-FAILURE,558,544,000030000123
WO-2030676,ASSET-00135,Preventive,,0,,000030000123
WO-2030677,ASSET-00135,Preventive,,0,,000030000123
WO-2030678,ASSET-00136,Corrective,BEARING-FAILURE,231,273,000030000124
WO-2030679,ASSET-00136,Preventive,,0,,000030000124
WO-2030680,ASSET-00136,Preventive,,0,,000030000124
WO-2030681,ASSET-00136,Preventive,,0,,000030000124
WO-2030682,ASSET-00136,Emergency,CONTROLLER-FAULT,571,892,000030000124
WO-2030683,ASSET-00137,Emergency,CONTROLLER-FAULT,582,1881,000030000125
WO-2030684,ASSET-00137,Preventive,,0,,000030000125
WO-2030685,ASSET-00137,Emergency,BEARING-FAILURE,360,731,000030000125
WO-2030686,ASSET-00137,Emergency,BELT-FAILURE,542,1402,000030000125
WO-2030687,ASSET-00138,Emergency,BELT-FAILURE,225,974,000030000126
WO-2030688,ASSET-00138,Preventive,,0,,000030000126
WO-2030689,ASSET-00139,Corrective,CONTROLLER-FAULT,107,1147,000030000127
WO-2030690,ASSET-00139,Corrective,PNEUMATIC-LEAK,93,1386,000030000127
WO-2030691,ASSET-00139,Emergency,PNEUMATIC-LEAK,281,1375,000030000127
WO-2030692,ASSET-00139,Corrective,CONTROLLER-FAULT,119,1657,000030000127
WO-2030693,ASSET-00140,Preventive,,0,,000030000128
WO-2030694,ASSET-00140,Corrective,SPINDLE-SEIZURE,104,880,000030000128
WO-2030695,ASSET-00140,Corrective,HYDRAULIC-LEAK,146,1785,000030000128
WO-2030696,ASSET-00140,Corrective,MOTOR-BURNOUT,165,426,000030000128
WO-2030697,ASSET-00140,Preventive,,0,,000030000128
WO-2030698,ASSET-00141,Preventive,,0,,000030000129
WO-2030699,ASSET-00141,Corrective,CALIBRATION-DRIFT,168,1985,000030000129
WO-2030700,ASSET-00141,Preventive,,0,,000030000129
WO-2030701,ASSET-00141,Preventive,,0,,000030000129
WO-2030702,ASSET-00142,Preventive,,0,,000030000130
WO-2030703,ASSET-00142,Corrective,BELT-FAILURE,86,1091,000030000130
WO-2030704,ASSET-00142,Preventive,,0,,000030000130
WO-2030705,ASSET-00143,Preventive,,0,,
WO-2030706,ASSET-00143,Corrective,CONTROLLER-FAULT,59,293,
WO-2030707,ASSET-00143,Preventive,,0,,
WO-2030708,ASSET-00143,Corrective,SENSOR-FAULT,235,856,
WO-2030709,ASSET-00143,Preventive,,0,,
WO-2030710,ASSET-00144,Preventive,,0,,000030000131
WO-2030711,ASSET-00144,Corrective,BEARING-FAILURE,36,420,000030000131
WO-2030712,ASSET-00144,Preventive,,0,,000030000131
WO-2030713,ASSET-00145,Preventive,,0,,000030000132
WO-2030714,ASSET-00145,Preventive,,0,,000030000132
WO-2030715,ASSET-00145,Corrective,SENSOR-FAULT,204,1553,000030000132
WO-2030716,ASSET-00145,Preventive,,0,,000030000132
WO-2030717,ASSET-00145,Preventive,,0,,000030000132
WO-2030718,ASSET-00145,Corrective,DIE-WEAR,189,1287,000030000132
WO-2030719,ASSET-00145,Corrective,CALIBRATION-DRIFT,54,1712,000030000132
WO-2030720,ASSET-00146,Corrective,PNEUMATIC-LEAK,31,530,000030000133
WO-2030721,ASSET-00146,Preventive,,0,,000030000133
WO-2030722,ASSET-00146,Preventive,,0,,000030000133
WO-2030723,ASSET-00146,Preventive,,0,,000030000133
WO-2030724,ASSET-00147,Preventive,,0,,000030000134
WO-2030725,ASSET-00147,Corrective,HYDRAULIC-LEAK,85,437,000030000134
WO-2030726,ASSET-00147,Preventive,,0,,000030000134
WO-2030727,ASSET-00148,Preventive,,0,,000030000135
WO-2030728,ASSET-00148,Preventive,,0,,000030000135
WO-2030729,ASSET-00148,Preventive,,0,,000030000135
WO-2030730,ASSET-00148,Preventive,,0,,000030000135
WO-2030731,ASSET-00148,Preventive,,0,,000030000135
WO-2030732,ASSET-00149,Preventive,,0,,000030000136
WO-2030733,ASSET-00149,Preventive,,0,,000030000136
WO-2030734,ASSET-00149,Emergency,BELT-FAILURE,199,1162,000030000136
WO-2030735,ASSET-00150,Preventive,,0,,000030000137
WO-2030736,ASSET-00150,Corrective,HYDRAULIC-LEAK,58,1770,000030000137
WO-2030737,ASSET-00151,Corrective,HYDRAULIC-LEAK,138,225,000030000138
WO-2030738,ASSET-00151,Preventive,,0,,000030000138
WO-2030739,ASSET-00151,Preventive,,0,,000030000138
WO-2030740,ASSET-00151,Corrective,CALIBRATION-DRIFT,81,1259,000030000138
WO-2030741,ASSET-00151,Preventive,,0,,000030000138
WO-2030742,ASSET-00152,Preventive,,0,,000030000139
WO-2030743,ASSET-00152,Corrective,DIE-WEAR,53,1498,000030000139
WO-2030744,ASSET-00152,Preventive,,0,,000030000139
WO-2030745,ASSET-00152,Preventive,,0,,000030000139
WO-2030746,ASSET-00152,Preventive,,0,,000030000139
WO-2030747,ASSET-00153,Corrective,BEARING-FAILURE,238,259,
WO-2030748,ASSET-00153,Preventive,,0,,
WO-2030749,ASSET-00153,Preventive,,0,,
WO-2030750,ASSET-00153,Preventive,,0,,
WO-2030751,ASSET-00153,Preventive,,0,,
WO-2030752,ASSET-00153,Preventive,,0,,
WO-2030753,ASSET-00153,Preventive,,0,,
WO-2030754,ASSET-00154,Emergency,CALIBRATION-DRIFT,309,230,000030000140
WO-2030755,ASSET-00154,Corrective,HYDRAULIC-LEAK,219,1530,000030000140
WO-2030756,ASSET-00155,Preventive,,0,,
WO-2030757,ASSET-00155,Corrective,CALIBRATION-DRIFT,38,1149,
WO-2030758,ASSET-00155,Corrective,BELT-FAILURE,129,1530,
WO-2030759,ASSET-00155,Preventive,,0,,
WO-2030760,ASSET-00155,Emergency,BELT-FAILURE,362,1281,
WO-2030761,ASSET-00156,Corrective,SENSOR-FAULT,139,1350,000030000141
WO-2030762,ASSET-00156,Preventive,,0,,000030000141
WO-2030763,ASSET-00156,Preventive,,0,,000030000141
WO-2030764,ASSET-00156,Preventive,,0,,000030000141
WO-2030765,ASSET-00157,Corrective,HYDRAULIC-LEAK,213,344,
WO-2030766,ASSET-00157,Corrective,SENSOR-FAULT,86,323,
WO-2030767,ASSET-00157,Preventive,,0,,
WO-2030768,ASSET-00157,Preventive,,0,,
WO-2030769,ASSET-00157,Preventive,,0,,
WO-2030770,ASSET-00157,Preventive,,0,,
WO-2030771,ASSET-00157,Corrective,CALIBRATION-DRIFT,108,217,
WO-2030772,ASSET-00157,Preventive,,0,,
WO-2030773,ASSET-00157,Preventive,,0,,
WO-2030774,ASSET-00157,Preventive,,0,,
WO-2030775,ASSET-00158,Preventive,,0,,000030000142
WO-2030776,ASSET-00158,Preventive,,0,,000030000142
WO-2030777,ASSET-00158,Preventive,,0,,000030000142
WO-2030778,ASSET-00158,Preventive,,0,,000030000142
WO-2030779,ASSET-00158,Preventive,,0,,000030000142
WO-2030780,ASSET-00158,Corrective,SPINDLE-SEIZURE,221,812,000030000142
WO-2030781,ASSET-00159,Preventive,,0,,000030000143
WO-2030782,ASSET-00159,Corrective,HYDRAULIC-LEAK,92,1561,000030000143
WO-2030783,ASSET-00159,Emergency,SENSOR-FAULT,592,803,000030000143
WO-2030784,ASSET-00159,Preventive,,0,,000030000143
WO-2030785,ASSET-00160,Emergency,CALIBRATION-DRIFT,230,1438,
WO-2030786,ASSET-00160,Emergency,SENSOR-FAULT,431,228,
WO-2030787,ASSET-00160,Preventive,,0,,
WO-2030788,ASSET-00160,Corrective,BELT-FAILURE,172,966,
WO-2030789,ASSET-00161,Corrective,BELT-FAILURE,217,755,000030000144
WO-2030790,ASSET-00161,Preventive,,0,,000030000144
WO-2030791,ASSET-00161,Preventive,,0,,000030000144
WO-2030792,ASSET-00161,Corrective,MOTOR-BURNOUT,104,1048,000030000144
WO-2030793,ASSET-00161,Preventive,,0,,000030000144
WO-2030794,ASSET-00161,Corrective,BEARING-FAILURE,231,1107,000030000144
WO-2030795,ASSET-00162,Preventive,,0,,000030000145
WO-2030796,ASSET-00162,Preventive,,0,,000030000145
WO-2030797,ASSET-00162,Corrective,PNEUMATIC-LEAK,75,1049,000030000145
WO-2030798,ASSET-00162,Preventive,,0,,000030000145
WO-2030799,ASSET-00163,Corrective,CALIBRATION-DRIFT,45,1791,000030000146
WO-2030800,ASSET-00163,Preventive,,0,,000030000146
WO-2030801,ASSET-00163,Emergency,BELT-FAILURE,368,873,000030000146
WO-2030802,ASSET-00163,Preventive,,0,,000030000146
WO-2030803,ASSET-00163,Preventive,,0,,000030000146
WO-2030804,ASSET-00164,Corrective,HYDRAULIC-LEAK,186,1998,000030000147
WO-2030805,ASSET-00164,Preventive,,0,,000030000147
WO-2030806,ASSET-00164,Preventive,,0,,000030000147
WO-2030807,ASSET-00164,Corrective,MOTOR-BURNOUT,211,794,000030000147
WO-2030808,ASSET-00164,Corrective,BEARING-FAILURE,127,1980,000030000147
WO-2030809,ASSET-00164,Preventive,,0,,000030000147
WO-2030810,ASSET-00164,Preventive,,0,,000030000147
WO-2030811,ASSET-00164,Preventive,,0,,000030000147
WO-2030812,ASSET-00164,Preventive,,0,,000030000147
WO-2030813,ASSET-00165,Preventive,,0,,000030000148
WO-2030814,ASSET-00165,Corrective,BEARING-FAILURE,44,543,000030000148
WO-2030815,ASSET-00165,Preventive,,0,,000030000148
WO-2030816,ASSET-00165,Corrective,BEARING-FAILURE,159,449,000030000148
WO-2030817,ASSET-00165,Preventive,,0,,000030000148
WO-2030818,ASSET-00166,Corrective,PNEUMATIC-LEAK,232,879,000030000149
WO-2030819,ASSET-00166,Corrective,MOTOR-BURNOUT,104,337,000030000149
WO-2030820,ASSET-00166,Corrective,BELT-FAILURE,71,1936,000030000149
WO-2030821,ASSET-00166,Corrective,BEARING-FAILURE,118,244,000030000149
WO-2030822,ASSET-00166,Corrective,DIE-WEAR,141,411,000030000149
WO-2030823,ASSET-00166,Preventive,,0,,000030000149
WO-2030824,ASSET-00167,Emergency,PNEUMATIC-LEAK,148,1516,000030000150
WO-2030825,ASSET-00167,Corrective,PNEUMATIC-LEAK,188,389,000030000150
WO-2030826,ASSET-00167,Corrective,MOTOR-BURNOUT,162,1833,000030000150
WO-2030827,ASSET-00168,Preventive,,0,,000030000151
WO-2030828,ASSET-00168,Preventive,,0,,000030000151
WO-2030829,ASSET-00169,Corrective,CALIBRATION-DRIFT,52,1147,000030000152
WO-2030830,ASSET-00170,Preventive,,0,,000030000153
WO-2030831,ASSET-00170,Corrective,CALIBRATION-DRIFT,69,1877,000030000153
WO-2030832,ASSET-00171,Emergency,BELT-FAILURE,250,310,000030000154
WO-2030833,ASSET-00171,Preventive,,0,,000030000154
WO-2030834,ASSET-00172,Emergency,SPINDLE-SEIZURE,173,850,000030000155
WO-2030835,ASSET-00172,Preventive,,0,,000030000155
WO-2030836,ASSET-00172,Preventive,,0,,000030000155
WO-2030837,ASSET-00173,Preventive,,0,,
WO-2030838,ASSET-00173,Emergency,CALIBRATION-DRIFT,384,1364,
WO-2030839,ASSET-00173,Corrective,CALIBRATION-DRIFT,106,1982,
WO-2030840,ASSET-00173,Preventive,,0,,
WO-2030841,ASSET-00173,Preventive,,0,,
WO-2030842,ASSET-00173,Preventive,,0,,
WO-2030843,ASSET-00173,Preventive,,0,,
WO-2030844,ASSET-00174,Corrective,CALIBRATION-DRIFT,153,1084,000030000156
WO-2030845,ASSET-00174,Preventive,,0,,000030000156
WO-2030846,ASSET-00175,Corrective,DIE-WEAR,53,1249,000030000157
WO-2030847,ASSET-00175,Preventive,,0,,000030000157
WO-2030848,ASSET-00175,Preventive,,0,,000030000157
WO-2030849,ASSET-00175,Preventive,,0,,000030000157
WO-2030850,ASSET-00175,Corrective,CONTROLLER-FAULT,33,1809,000030000157
WO-2030851,ASSET-00175,Preventive,,0,,000030000157
WO-2030852,ASSET-00175,Preventive,,0,,000030000157
WO-2030853,ASSET-00175,Preventive,,0,,000030000157
WO-2030854,ASSET-00176,Corrective,SENSOR-FAULT,148,1290,000030000158
WO-2030855,ASSET-00176,Emergency,SPINDLE-SEIZURE,203,1429,000030000158
WO-2030856,ASSET-00176,Emergency,PNEUMATIC-LEAK,304,1648,000030000158
WO-2030857,ASSET-00176,Preventive,,0,,000030000158
WO-2030858,ASSET-00176,Preventive,,0,,000030000158
WO-2030859,ASSET-00176,Emergency,HYDRAULIC-LEAK,259,1010,000030000158
WO-2030860,ASSET-00177,Emergency,CONTROLLER-FAULT,501,889,000030000159
WO-2030861,ASSET-00177,Preventive,,0,,000030000159
WO-2030862,ASSET-00177,Corrective,CALIBRATION-DRIFT,201,372,000030000159
WO-2030863,ASSET-00177,Corrective,BEARING-FAILURE,221,1281,000030000159
WO-2030864,ASSET-00177,Preventive,,0,,000030000159
WO-2030865,ASSET-00177,Preventive,,0,,000030000159
WO-2030866,ASSET-00178,Corrective,HYDRAULIC-LEAK,38,497,000030000160
WO-2030867,ASSET-00178,Preventive,,0,,000030000160
WO-2030868,ASSET-00178,Corrective,SENSOR-FAULT,166,988,000030000160
WO-2030869,ASSET-00178,Preventive,,0,,000030000160
WO-2030870,ASSET-00178,Corrective,CONTROLLER-FAULT,221,1268,000030000160
WO-2030871,ASSET-00178,Corrective,CONTROLLER-FAULT,48,1842,000030000160
WO-2030872,ASSET-00179,Preventive,,0,,
WO-2030873,ASSET-00179,Preventive,,0,,
WO-2030874,ASSET-00179,Corrective,SPINDLE-SEIZURE,49,1591,
WO-2030875,ASSET-00179,Preventive,,0,,
WO-2030876,ASSET-00179,Preventive,,0,,
WO-2030877,ASSET-00179,Preventive,,0,,
WO-2030878,ASSET-00180,Corrective,CALIBRATION-DRIFT,193,1383,000030000161
WO-2030879,ASSET-00180,Preventive,,0,,000030000161
WO-2030880,ASSET-00180,Corrective,BELT-FAILURE,82,1765,000030000161
WO-2030881,ASSET-00181,Preventive,,0,,000030000162
WO-2030882,ASSET-00181,Preventive,,0,,000030000162
WO-2030883,ASSET-00181,Preventive,,0,,000030000162
WO-2030884,ASSET-00181,Preventive,,0,,000030000162
WO-2030885,ASSET-00181,Preventive,,0,,000030000162
WO-2030886,ASSET-00181,Preventive,,0,,000030000162
WO-2030887,ASSET-00182,Corrective,HYDRAULIC-LEAK,166,1855,000030000163
WO-2030888,ASSET-00182,Corrective,HYDRAULIC-LEAK,107,577,000030000163
WO-2030889,ASSET-00182,Emergency,SPINDLE-SEIZURE,333,575,000030000163
WO-2030890,ASSET-00182,Corrective,HYDRAULIC-LEAK,90,310,000030000163
WO-2030891,ASSET-00182,Preventive,,0,,000030000163
WO-2030892,ASSET-00182,Corrective,SPINDLE-SEIZURE,239,1353,000030000163
WO-2030893,ASSET-00183,Preventive,,0,,000030000164
WO-2030894,ASSET-00183,Corrective,CONTROLLER-FAULT,158,297,000030000164
WO-2030895,ASSET-00183,Corrective,SPINDLE-SEIZURE,225,549,000030000164
WO-2030896,ASSET-00183,Corrective,BELT-FAILURE,101,1419,000030000164
WO-2030897,ASSET-00183,Preventive,,0,,000030000164
WO-2030898,ASSET-00184,Preventive,,0,,000030000165
WO-2030899,ASSET-00184,Corrective,HYDRAULIC-LEAK,149,1290,000030000165
WO-2030900,ASSET-00184,Corrective,SPINDLE-SEIZURE,232,1169,000030000165
WO-2030901,ASSET-00184,Corrective,PNEUMATIC-LEAK,185,1514,000030000165
WO-2030902,ASSET-00184,Emergency,CALIBRATION-DRIFT,583,869,000030000165
WO-2030903,ASSET-00184,Preventive,,0,,000030000165
WO-2030904,ASSET-00185,Corrective,SPINDLE-SEIZURE,165,1050,
WO-2030905,ASSET-00185,Emergency,MOTOR-BURNOUT,244,1294,
WO-2030906,ASSET-00185,Preventive,,0,,
WO-2030907,ASSET-00186,Emergency,SPINDLE-SEIZURE,101,1027,000030000166
WO-2030908,ASSET-00186,Preventive,,0,,000030000166
WO-2030909,ASSET-00186,Preventive,,0,,000030000166
WO-2030910,ASSET-00186,Preventive,,0,,000030000166
WO-2030911,ASSET-00187,Preventive,,0,,000030000167
WO-2030912,ASSET-00187,Corrective,BEARING-FAILURE,166,412,000030000167
WO-2030913,ASSET-00187,Preventive,,0,,000030000167
WO-2030914,ASSET-00187,Preventive,,0,,000030000167
WO-2030915,ASSET-00187,Corrective,MOTOR-BURNOUT,67,1936,000030000167
WO-2030916,ASSET-00188,Preventive,,0,,000030000168
WO-2030917,ASSET-00188,Preventive,,0,,000030000168
WO-2030918,ASSET-00188,Corrective,MOTOR-BURNOUT,80,1652,000030000168
WO-2030919,ASSET-00188,Preventive,,0,,000030000168
WO-2030920,ASSET-00188,Corrective,HYDRAULIC-LEAK,135,263,000030000168
WO-2030921,ASSET-00188,Corrective,CALIBRATION-DRIFT,191,749,000030000168
WO-2030922,ASSET-00188,Preventive,,0,,000030000168
WO-2030923,ASSET-00188,Preventive,,0,,000030000168
WO-2030924,ASSET-00189,Preventive,,0,,000030000169
WO-2030925,ASSET-00189,Preventive,,0,,000030000169
WO-2030926,ASSET-00189,Corrective,MOTOR-BURNOUT,42,1489,000030000169
WO-2030927,ASSET-00189,Preventive,,0,,000030000169
WO-2030928,ASSET-00189,Emergency,SENSOR-FAULT,376,1143,000030000169
WO-2030929,ASSET-00190,Preventive,,0,,000030000170
WO-2030930,ASSET-00190,Emergency,HYDRAULIC-LEAK,479,1904,000030000170
WO-2030931,ASSET-00190,Emergency,PNEUMATIC-LEAK,260,678,000030000170
WO-2030932,ASSET-00190,Preventive,,0,,000030000170
WO-2030933,ASSET-00190,Preventive,,0,,000030000170
WO-2030934,ASSET-00190,Preventive,,0,,000030000170
WO-2030935,ASSET-00191,Corrective,MOTOR-BURNOUT,169,299,000030000171
WO-2030936,ASSET-00191,Emergency,HYDRAULIC-LEAK,388,616,000030000171
WO-2030937,ASSET-00191,Corrective,SPINDLE-SEIZURE,178,1881,000030000171
WO-2030938,ASSET-00191,Preventive,,0,,000030000171
WO-2030939,ASSET-00191,Preventive,,0,,000030000171
WO-2030940,ASSET-00192,Preventive,,0,,000030000172
WO-2030941,ASSET-00192,Corrective,DIE-WEAR,181,642,000030000172
WO-2030942,ASSET-00193,Corrective,CONTROLLER-FAULT,111,1418,000030000173
WO-2030943,ASSET-00193,Preventive,,0,,000030000173
WO-2030944,ASSET-00193,Preventive,,0,,000030000173
WO-2030945,ASSET-00193,Corrective,MOTOR-BURNOUT,220,282,000030000173
WO-2030946,ASSET-00193,Corrective,MOTOR-BURNOUT,80,309,000030000173
WO-2030947,ASSET-00194,Preventive,,0,,000030000174
WO-2030948,ASSET-00194,Preventive,,0,,000030000174
WO-2030949,ASSET-00194,Corrective,PNEUMATIC-LEAK,62,1938,000030000174
WO-2030950,ASSET-00194,Corrective,SPINDLE-SEIZURE,84,1631,000030000174
WO-2030951,ASSET-00194,Preventive,,0,,000030000174
WO-2030952,ASSET-00194,Corrective,CONTROLLER-FAULT,44,1948,000030000174
WO-2030953,ASSET-00194,Preventive,,0,,000030000174
WO-2030954,ASSET-00195,Preventive,,0,,000030000176
WO-2030955,ASSET-00195,Corrective,SENSOR-FAULT,84,721,000030000176
WO-2030956,ASSET-00196,Corrective,MOTOR-BURNOUT,44,466,000030000177
WO-2030957,ASSET-00196,Preventive,,0,,000030000177
WO-2030958,ASSET-00196,Preventive,,0,,000030000177
WO-2030959,ASSET-00196,Preventive,,0,,000030000177
WO-2030960,ASSET-00196,Emergency,SPINDLE-SEIZURE,475,889,000030000177
WO-2030961,ASSET-00197,Preventive,,0,,000030000178
WO-2030962,ASSET-00197,Preventive,,0,,000030000178
WO-2030963,ASSET-00197,Preventive,,0,,000030000178
WO-2030964,ASSET-00198,Corrective,BEARING-FAILURE,68,795,000030000179
WO-2030965,ASSET-00198,Preventive,,0,,000030000179
WO-2030966,ASSET-00198,Corrective,BEARING-FAILURE,230,1472,000030000179
WO-2030967,ASSET-00198,Corrective,MOTOR-BURNOUT,155,497,000030000179
WO-2030968,ASSET-00198,Preventive,,0,,000030000179
WO-2030969,ASSET-00198,Preventive,,0,,000030000179
WO-2030970,ASSET-00199,Preventive,,0,,000030000180
WO-2030971,ASSET-00199,Corrective,CONTROLLER-FAULT,101,262,000030000180
WO-2030972,ASSET-00200,Preventive,,0,,000030000181
WO-2030973,ASSET-00200,Preventive,,0,,000030000181
WO-2030974,ASSET-00200,Preventive,,0,,000030000181
WO-2030975,ASSET-00200,Preventive,,0,,000030000181
WO-2030976,ASSET-00200,Preventive,,0,,000030000181
WO-2030977,ASSET-00200,Corrective,SENSOR-FAULT,221,1924,000030000181
WO-2030978,ASSET-00200,Corrective,BEARING-FAILURE,37,1339,000030000181
WO-2030979,ASSET-00201,Corrective,SPINDLE-SEIZURE,47,1049,000030000182
WO-2030980,ASSET-00201,Preventive,,0,,000030000182
WO-2030981,ASSET-00201,Emergency,BELT-FAILURE,472,524,000030000182
WO-2030982,ASSET-00201,Preventive,,0,,000030000182
WO-2030983,ASSET-00201,Preventive,,0,,000030000182
WO-2030984,ASSET-00201,Corrective,SPINDLE-SEIZURE,197,1938,000030000182
WO-2030985,ASSET-00202,Preventive,,0,,000030000183
WO-2030986,ASSET-00203,Preventive,,0,,000030000184
WO-2030987,ASSET-00203,Corrective,CONTROLLER-FAULT,136,315,000030000184
WO-2030988,ASSET-00203,Preventive,,0,,000030000184
WO-2030989,ASSET-00203,Corrective,SPINDLE-SEIZURE,147,261,000030000184
WO-2030990,ASSET-00203,Preventive,,0,,000030000184
WO-2030991,ASSET-00203,Preventive,,0,,000030000184
WO-2030992,ASSET-00203,Preventive,,0,,000030000184
WO-2030993,ASSET-00203,Preventive,,0,,000030000184
WO-2030994,ASSET-00204,Preventive,,0,,000030000185
WO-2030995,ASSET-00204,Corrective,CONTROLLER-FAULT,86,419,000030000185
WO-2030996,ASSET-00204,Corrective,SENSOR-FAULT,107,856,000030000185
WO-2030997,ASSET-00204,Preventive,,0,,000030000185
WO-2030998,ASSET-00204,Preventive,,0,,000030000185
WO-2030999,ASSET-00204,Preventive,,0,,000030000185
WO-2031000,ASSET-00204,Preventive,,0,,000030000185
WO-2031001,ASSET-00205,Preventive,,0,,000030000186
WO-2031002,ASSET-00205,Preventive,,0,,000030000186
WO-2031003,ASSET-00205,Preventive,,0,,000030000186
WO-2031004,ASSET-00205,Preventive,,0,,000030000186
WO-2031005,ASSET-00206,Corrective,SPINDLE-SEIZURE,102,1208,000030000187
WO-2031006,ASSET-00206,Corrective,SPINDLE-SEIZURE,194,391,000030000187
WO-2031007,ASSET-00207,Preventive,,0,,000030000188
WO-2031008,ASSET-00207,Corrective,SENSOR-FAULT,48,1193,000030000188
WO-2031009,ASSET-00207,Corrective,BELT-FAILURE,131,1192,000030000188
WO-2031010,ASSET-00207,Preventive,,0,,000030000188
WO-2031011,ASSET-00207,Preventive,,0,,000030000188
WO-2031012,ASSET-00207,Preventive,,0,,000030000188
WO-2031013,ASSET-00208,Emergency,CONTROLLER-FAULT,594,576,000030000189
WO-2031014,ASSET-00208,Corrective,SENSOR-FAULT,186,1641,000030000189
WO-2031015,ASSET-00208,Corrective,BEARING-FAILURE,66,432,000030000189
WO-2031016,ASSET-00209,Preventive,,0,,000030000190
WO-2031017,ASSET-00209,Preventive,,0,,000030000190
WO-2031018,ASSET-00209,Corrective,MOTOR-BURNOUT,173,1912,000030000190
WO-2031019,ASSET-00209,Emergency,DIE-WEAR,237,1456,000030000190
WO-2031020,ASSET-00210,Preventive,,0,,000030000191
WO-2031021,ASSET-00210,Preventive,,0,,000030000191
WO-2031022,ASSET-00210,Corrective,SENSOR-FAULT,108,575,000030000191
WO-2031023,ASSET-00210,Corrective,PNEUMATIC-LEAK,179,663,000030000191
WO-2031024,ASSET-00210,Preventive,,0,,000030000191
WO-2031025,ASSET-00210,Preventive,,0,,000030000191
WO-2031026,ASSET-00210,Corrective,CONTROLLER-FAULT,127,757,000030000191
WO-2031027,ASSET-00211,Preventive,,0,,000030000192
WO-2031028,ASSET-00211,Preventive,,0,,000030000192
WO-2031029,ASSET-00211,Corrective,CONTROLLER-FAULT,170,1670,000030000192
WO-2031030,ASSET-00211,Preventive,,0,,000030000192
WO-2031031,ASSET-00212,Corrective,HYDRAULIC-LEAK,222,374,000030000193
WO-2031032,ASSET-00212,Corrective,MOTOR-BURNOUT,221,1269,000030000193
WO-2031033,ASSET-00212,Preventive,,0,,000030000193
WO-2031034,ASSET-00212,Emergency,SPINDLE-SEIZURE,86,1410,000030000193
WO-2031035,ASSET-00212,Preventive,,0,,000030000193
WO-2031036,ASSET-00212,Preventive,,0,,000030000193
WO-2031037,ASSET-00212,Corrective,SENSOR-FAULT,223,1124,000030000193
WO-2031038,ASSET-00212,Corrective,CALIBRATION-DRIFT,216,959,000030000193
WO-2031039,ASSET-00213,Corrective,DIE-WEAR,69,1800,000030000194
WO-2031040,ASSET-00213,Preventive,,0,,000030000194
WO-2031041,ASSET-00213,Corrective,SPINDLE-SEIZURE,39,591,000030000194
WO-2031042,ASSET-00213,Emergency,CONTROLLER-FAULT,296,1905,000030000194
WO-2031043,ASSET-00213,Corrective,SPINDLE-SEIZURE,177,1442,000030000194
WO-2031044,ASSET-00213,Preventive,,0,,000030000194
WO-2031045,ASSET-00213,Emergency,SPINDLE-SEIZURE,234,228,000030000194
WO-2031046,ASSET-00213,Preventive,,0,,000030000194
WO-2031047,ASSET-00214,Preventive,,0,,
WO-2031048,ASSET-00214,Preventive,,0,,
WO-2031049,ASSET-00214,Preventive,,0,,
WO-2031050,ASSET-00214,Preventive,,0,,
WO-2031051,ASSET-00214,Preventive,,0,,
WO-2031052,ASSET-00214,Corrective,SENSOR-FAULT,188,250,
WO-2031053,ASSET-00214,Preventive,,0,,
WO-2031054,ASSET-00214,Preventive,,0,,
WO-2031055,ASSET-00215,Preventive,,0,,000030000195
WO-2031056,ASSET-00215,Preventive,,0,,000030000195
WO-2031057,ASSET-00215,Preventive,,0,,000030000195
WO-2031058,ASSET-00215,Corrective,SPINDLE-SEIZURE,51,456,000030000195
WO-2031059,ASSET-00215,Preventive,,0,,000030000195
WO-2031060,ASSET-00215,Preventive,,0,,000030000195
WO-2031061,ASSET-00215,Preventive,,0,,000030000195
WO-2031062,ASSET-00216,Emergency,CONTROLLER-FAULT,405,567,000030000196
WO-2031063,ASSET-00216,Emergency,PNEUMATIC-LEAK,210,229,000030000196
WO-2031064,ASSET-00216,Preventive,,0,,000030000196
WO-2031065,ASSET-00217,Preventive,,0,,
WO-2031066,ASSET-00217,Corrective,BEARING-FAILURE,210,720,
WO-2031067,ASSET-00217,Preventive,,0,,
WO-2031068,ASSET-00218,Preventive,,0,,000030000197
WO-2031069,ASSET-00218,Emergency,SPINDLE-SEIZURE,517,1018,000030000197
WO-2031070,ASSET-00218,Corrective,BELT-FAILURE,97,815,000030000197
WO-2031071,ASSET-00218,Preventive,,0,,000030000197
WO-2031072,ASSET-00218,Preventive,,0,,000030000197
WO-2031073,ASSET-00218,Corrective,BEARING-FAILURE,168,1689,000030000197
WO-2031074,ASSET-00218,Preventive,,0,,000030000197
WO-2031075,ASSET-00218,Preventive,,0,,000030000197
WO-2031076,ASSET-00219,Emergency,PNEUMATIC-LEAK,61,563,000030000198
WO-2031077,ASSET-00219,Preventive,,0,,000030000198
WO-2031078,ASSET-00219,Corrective,CALIBRATION-DRIFT,82,1113,000030000198
WO-2031079,ASSET-00219,Preventive,,0,,000030000198
WO-2031080,ASSET-00219,Preventive,,0,,000030000198
WO-2031081,ASSET-00220,Preventive,,0,,
WO-2031082,ASSET-00220,Preventive,,0,,
WO-2031083,ASSET-00220,Preventive,,0,,
WO-2031084,ASSET-00220,Preventive,,0,,
WO-2031085,ASSET-00221,Emergency,PNEUMATIC-LEAK,115,1577,000030000199
WO-2031086,ASSET-00221,Preventive,,0,,000030000199
WO-2031087,ASSET-00221,Emergency,SENSOR-FAULT,185,1780,000030000199
WO-2031088,ASSET-00221,Preventive,,0,,000030000199
WO-2031089,ASSET-00222,Preventive,,0,,000030000200
WO-2031090,ASSET-00222,Preventive,,0,,000030000200
WO-2031091,ASSET-00222,Preventive,,0,,000030000200
WO-2031092,ASSET-00222,Emergency,MOTOR-BURNOUT,420,319,000030000200
WO-2031093,ASSET-00223,Preventive,,0,,
WO-2031094,ASSET-00223,Corrective,MOTOR-BURNOUT,152,780,
WO-2031095,ASSET-00223,Emergency,CONTROLLER-FAULT,102,360,
WO-2031096,ASSET-00223,Corrective,BELT-FAILURE,228,1591,
WO-2031097,ASSET-00223,Preventive,,0,,
WO-2031098,ASSET-00223,Preventive,,0,,
WO-2031099,ASSET-00224,Emergency,MOTOR-BURNOUT,547,1150,000030000201
WO-2031100,ASSET-00224,Emergency,MOTOR-BURNOUT,586,1504,000030000201
WO-2031101,ASSET-00224,Preventive,,0,,000030000201
WO-2031102,ASSET-00224,Preventive,,0,,000030000201
WO-2031103,ASSET-00224,Preventive,,0,,000030000201
WO-2031104,ASSET-00224,Preventive,,0,,000030000201
WO-2031105,ASSET-00225,Corrective,CONTROLLER-FAULT,177,451,000030000202
WO-2031106,ASSET-00225,Preventive,,0,,000030000202
WO-2031107,ASSET-00226,Preventive,,0,,000030000203
WO-2031108,ASSET-00226,Preventive,,0,,000030000203
WO-2031109,ASSET-00226,Preventive,,0,,000030000203
WO-2031110,ASSET-00226,Preventive,,0,,000030000203
WO-2031111,ASSET-00226,Preventive,,0,,000030000203
WO-2031112,ASSET-00227,Preventive,,0,,000030000204
WO-2031113,ASSET-00228,Preventive,,0,,000030000205
WO-2031114,ASSET-00228,Corrective,SPINDLE-SEIZURE,160,1191,000030000205
WO-2031115,ASSET-00228,Corrective,MOTOR-BURNOUT,193,1122,000030000205
WO-2031116,ASSET-00228,Preventive,,0,,000030000205
WO-2031117,ASSET-00228,Corrective,BEARING-FAILURE,143,1749,000030000205
WO-2031118,ASSET-00228,Emergency,PNEUMATIC-LEAK,99,1487,000030000205
WO-2031119,ASSET-00228,Corrective,BELT-FAILURE,235,955,000030000205
WO-2031120,ASSET-00229,Emergency,SENSOR-FAULT,283,397,
WO-2031121,ASSET-00229,Preventive,,0,,
WO-2031122,ASSET-00229,Corrective,DIE-WEAR,194,1102,
WO-2031123,ASSET-00229,Preventive,,0,,
WO-2031124,ASSET-00230,Preventive,,0,,000030000206
WO-2031125,ASSET-00230,Preventive,,0,,000030000206
WO-2031126,ASSET-00231,Corrective,PNEUMATIC-LEAK,221,722,000030000207
WO-2031127,ASSET-00231,Preventive,,0,,000030000207
WO-2031128,ASSET-00231,Corrective,CONTROLLER-FAULT,215,1042,000030000207
WO-2031129,ASSET-00231,Corrective,BELT-FAILURE,34,1094,000030000207
WO-2031130,ASSET-00231,Corrective,BEARING-FAILURE,203,1570,000030000207
WO-2031131,ASSET-00231,Preventive,,0,,000030000207
WO-2031132,ASSET-00232,Corrective,BEARING-FAILURE,91,299,000030000208
WO-2031133,ASSET-00232,Corrective,CALIBRATION-DRIFT,86,1854,000030000208
WO-2031134,ASSET-00232,Preventive,,0,,000030000208
WO-2031135,ASSET-00233,Emergency,BEARING-FAILURE,190,880,000030000209
WO-2031136,ASSET-00233,Preventive,,0,,000030000209
WO-2031137,ASSET-00233,Corrective,SPINDLE-SEIZURE,134,1693,000030000209
WO-2031138,ASSET-00233,Corrective,SENSOR-FAULT,68,1436,000030000209
WO-2031139,ASSET-00233,Emergency,CALIBRATION-DRIFT,575,1091,000030000209
WO-2031140,ASSET-00233,Emergency,DIE-WEAR,559,1234,000030000209
WO-2031141,ASSET-00234,Preventive,,0,,000030000210
WO-2031142,ASSET-00234,Preventive,,0,,000030000210
WO-2031143,ASSET-00234,Preventive,,0,,000030000210
WO-2031144,ASSET-00234,Preventive,,0,,000030000210
WO-2031145,ASSET-00235,Emergency,HYDRAULIC-LEAK,455,1415,000030000211
WO-2031146,ASSET-00235,Preventive,,0,,000030000211
WO-2031147,ASSET-00235,Corrective,BELT-FAILURE,71,1460,000030000211
WO-2031148,ASSET-00236,Corrective,BELT-FAILURE,237,439,000030000212
WO-2031149,ASSET-00236,Preventive,,0,,000030000212
WO-2031150,ASSET-00236,Preventive,,0,,000030000212
WO-2031151,ASSET-00236,Preventive,,0,,000030000212
WO-2031152,ASSET-00237,Preventive,,0,,000030000213
WO-2031153,ASSET-00237,Corrective,DIE-WEAR,106,879,000030000213
WO-2031154,ASSET-00237,Corrective,BELT-FAILURE,111,1449,000030000213
WO-2031155,ASSET-00237,Preventive,,0,,000030000213
WO-2031156,ASSET-00237,Preventive,,0,,000030000213
WO-2031157,ASSET-00237,Corrective,DIE-WEAR,88,1235,000030000213
WO-2031158,ASSET-00237,Preventive,,0,,000030000213
WO-2031159,ASSET-00237,Preventive,,0,,000030000213
WO-2031160,ASSET-00238,Corrective,CONTROLLER-FAULT,116,1911,000030000214
WO-2031161,ASSET-00238,Corrective,PNEUMATIC-LEAK,69,635,000030000214
WO-2031162,ASSET-00238,Corrective,SPINDLE-SEIZURE,97,694,000030000214
WO-2031163,ASSET-00238,Preventive,,0,,000030000214
WO-2031164,ASSET-00238,Preventive,,0,,000030000214
WO-2031165,ASSET-00238,Preventive,,0,,000030000214
WO-2031166,ASSET-00239,Emergency,DIE-WEAR,472,1817,000030000215
WO-2031167,ASSET-00239,Preventive,,0,,000030000215
WO-2031168,ASSET-00239,Corrective,HYDRAULIC-LEAK,30,786,000030000215
WO-2031169,ASSET-00239,Preventive,,0,,000030000215
WO-2031170,ASSET-00239,Preventive,,0,,000030000215
WO-2031171,ASSET-00239,Corrective,SENSOR-FAULT,173,226,000030000215
WO-2031172,ASSET-00239,Corrective,PNEUMATIC-LEAK,31,1153,000030000215
WO-2031173,ASSET-00239,Preventive,,0,,000030000215
WO-2031174,ASSET-00240,Preventive,,0,,000030000216
WO-2031175,ASSET-00240,Preventive,,0,,000030000216
WO-2031176,ASSET-00240,Preventive,,0,,000030000216
WO-2031177,ASSET-00240,Corrective,PNEUMATIC-LEAK,162,1600,000030000216
WO-2031178,ASSET-00240,Emergency,DIE-WEAR,581,354,000030000216
WO-2031179,ASSET-00240,Preventive,,0,,000030000216
WO-2031180,ASSET-00240,Corrective,BEARING-FAILURE,167,1030,000030000216
WO-2031181,ASSET-00241,Preventive,,0,,000030000217
WO-2031182,ASSET-00241,Preventive,,0,,000030000217
WO-2031183,ASSET-00241,Corrective,HYDRAULIC-LEAK,51,1757,000030000217
WO-2031184,ASSET-00242,Corrective,DIE-WEAR,95,1053,000030000218
WO-2031185,ASSET-00242,Preventive,,0,,000030000218
WO-2031186,ASSET-00242,Corrective,HYDRAULIC-LEAK,239,1105,000030000218
WO-2031187,ASSET-00242,Corrective,DIE-WEAR,205,1310,000030000218
WO-2031188,ASSET-00242,Corrective,SPINDLE-SEIZURE,36,1793,000030000218
WO-2031189,ASSET-00242,Preventive,,0,,000030000218
WO-2031190,ASSET-00242,Preventive,,0,,000030000218
WO-2031191,ASSET-00242,Corrective,BELT-FAILURE,42,1430,000030000218
WO-2031192,ASSET-00242,Preventive,,0,,000030000218
WO-2031193,ASSET-00242,Corrective,HYDRAULIC-LEAK,165,1423,000030000218
WO-2031194,ASSET-00243,Corrective,DIE-WEAR,219,1631,000030000219
WO-2031195,ASSET-00243,Preventive,,0,,000030000219
WO-2031196,ASSET-00243,Corrective,DIE-WEAR,234,923,000030000219
WO-2031197,ASSET-00243,Emergency,DIE-WEAR,446,1688,000030000219
WO-2031198,ASSET-00244,Corrective,SENSOR-FAULT,86,821,000030000220
WO-2031199,ASSET-00244,Corrective,BEARING-FAILURE,238,479,000030000220
WO-2031200,ASSET-00244,Corrective,SPINDLE-SEIZURE,112,225,000030000220
WO-2031201,ASSET-00244,Corrective,CONTROLLER-FAULT,117,1805,000030000220
WO-2031202,ASSET-00244,Preventive,,0,,000030000220
WO-2031203,ASSET-00245,Preventive,,0,,000030000221
WO-2031204,ASSET-00245,Corrective,SENSOR-FAULT,235,1949,000030000221
WO-2031205,ASSET-00245,Preventive,,0,,000030000221
WO-2031206,ASSET-00246,Emergency,BEARING-FAILURE,212,1200,000030000222
WO-2031207,ASSET-00246,Corrective,HYDRAULIC-LEAK,207,716,000030000222
WO-2031208,ASSET-00246,Corrective,BELT-FAILURE,162,1609,000030000222
WO-2031209,ASSET-00246,Corrective,PNEUMATIC-LEAK,205,532,000030000222
WO-2031210,ASSET-00246,Emergency,SPINDLE-SEIZURE,394,499,000030000222
WO-2031211,ASSET-00246,Emergency,SPINDLE-SEIZURE,418,1657,000030000222
WO-2031212,ASSET-00246,Corrective,BELT-FAILURE,60,1352,000030000222
WO-2031213,ASSET-00247,Preventive,,0,,000030000223
WO-2031214,ASSET-00247,Preventive,,0,,000030000223
WO-2031215,ASSET-00247,Preventive,,0,,000030000223
WO-2031216,ASSET-00247,Preventive,,0,,000030000223
WO-2031217,ASSET-00247,Corrective,PNEUMATIC-LEAK,43,1830,000030000223
WO-2031218,ASSET-00247,Preventive,,0,,000030000223
WO-2031219,ASSET-00248,Corrective,CONTROLLER-FAULT,163,611,000030000224
WO-2031220,ASSET-00248,Emergency,CALIBRATION-DRIFT,240,706,000030000224
WO-2031221,ASSET-00248,Corrective,PNEUMATIC-LEAK,237,328,000030000224
WO-2031222,ASSET-00248,Preventive,,0,,000030000224
WO-2031223,ASSET-00249,Preventive,,0,,000030000225
WO-2031224,ASSET-00249,Corrective,HYDRAULIC-LEAK,67,1627,000030000225
WO-2031225,ASSET-00249,Corrective,MOTOR-BURNOUT,41,631,000030000225
WO-2031226,ASSET-00249,Preventive,,0,,000030000225
WO-2031227,ASSET-00250,Corrective,MOTOR-BURNOUT,88,689,000030000226
WO-2031228,ASSET-00250,Preventive,,0,,000030000226
WO-2031229,ASSET-00250,Preventive,,0,,000030000226
WO-2031230,ASSET-00251,Corrective,SENSOR-FAULT,32,1093,000030000227
WO-2031231,ASSET-00251,Preventive,,0,,000030000227
WO-2031232,ASSET-00251,Preventive,,0,,000030000227
WO-2031233,ASSET-00251,Corrective,SENSOR-FAULT,109,634,000030000227
WO-2031234,ASSET-00251,Preventive,,0,,000030000227
WO-2031235,ASSET-00251,Preventive,,0,,000030000227
WO-2031236,ASSET-00251,Preventive,,0,,000030000227
WO-2031237,ASSET-00252,Preventive,,0,,000030000228
WO-2031238,ASSET-00252,Corrective,CONTROLLER-FAULT,73,464,000030000228
WO-2031239,ASSET-00253,Corrective,PNEUMATIC-LEAK,103,921,
WO-2031240,ASSET-00253,Preventive,,0,,
WO-2031241,ASSET-00253,Preventive,,0,,
WO-2031242,ASSET-00253,Preventive,,0,,
WO-2031243,ASSET-00254,Preventive,,0,,000030000229
WO-2031244,ASSET-00254,Preventive,,0,,000030000229
WO-2031245,ASSET-00254,Preventive,,0,,000030000229
WO-2031246,ASSET-00254,Corrective,SENSOR-FAULT,220,1388,000030000229
WO-2031247,ASSET-00255,Corrective,BELT-FAILURE,87,1913,000030000230
WO-2031248,ASSET-00255,Preventive,,0,,000030000230
WO-2031249,ASSET-00255,Preventive,,0,,000030000230
WO-2031250,ASSET-00255,Preventive,,0,,000030000230
WO-2031251,ASSET-00255,Preventive,,0,,000030000230
WO-2031252,ASSET-00256,Preventive,,0,,000030000231
WO-2031253,ASSET-00256,Corrective,BEARING-FAILURE,77,1979,000030000231
WO-2031254,ASSET-00256,Corrective,CALIBRATION-DRIFT,32,1699,000030000231
WO-2031255,ASSET-00256,Corrective,MOTOR-BURNOUT,152,1411,000030000231
WO-2031256,ASSET-00256,Corrective,SENSOR-FAULT,58,859,000030000231
WO-2031257,ASSET-00257,Corrective,BEARING-FAILURE,143,1812,000030000232
WO-2031258,ASSET-00257,Preventive,,0,,000030000232
WO-2031259,ASSET-00257,Preventive,,0,,000030000232
WO-2031260,ASSET-00257,Corrective,BEARING-FAILURE,74,1678,000030000232
WO-2031261,ASSET-00257,Corrective,BELT-FAILURE,126,971,000030000232
WO-2031262,ASSET-00258,Corrective,MOTOR-BURNOUT,96,1175,000030000233
WO-2031263,ASSET-00258,Preventive,,0,,000030000233
WO-2031264,ASSET-00258,Preventive,,0,,000030000233
WO-2031265,ASSET-00258,Preventive,,0,,000030000233
WO-2031266,ASSET-00258,Corrective,CONTROLLER-FAULT,204,334,000030000233
WO-2031267,ASSET-00258,Corrective,SPINDLE-SEIZURE,134,809,000030000233
WO-2031268,ASSET-00258,Preventive,,0,,000030000233
WO-2031269,ASSET-00259,Preventive,,0,,000030000234
WO-2031270,ASSET-00259,Preventive,,0,,000030000234
WO-2031271,ASSET-00259,Preventive,,0,,000030000234
WO-2031272,ASSET-00259,Preventive,,0,,000030000234
WO-2031273,ASSET-00259,Emergency,CALIBRATION-DRIFT,537,984,000030000234
WO-2031274,ASSET-00259,Preventive,,0,,000030000234
WO-2031275,ASSET-00259,Corrective,BELT-FAILURE,151,334,000030000234
WO-2031276,ASSET-00259,Preventive,,0,,000030000234
WO-2031277,ASSET-00260,Corrective,HYDRAULIC-LEAK,161,204,000030000235
WO-2031278,ASSET-00260,Preventive,,0,,000030000235
WO-2031279,ASSET-00260,Preventive,,0,,000030000235
WO-2031280,ASSET-00260,Corrective,DIE-WEAR,103,1910,000030000235
WO-2031281,ASSET-00260,Corrective,CONTROLLER-FAULT,159,1899,000030000235
WO-2031282,ASSET-00260,Preventive,,0,,000030000235
WO-2031283,ASSET-00261,Preventive,,0,,000030000236
WO-2031284,ASSET-00261,Preventive,,0,,000030000236
WO-2031285,ASSET-00261,Preventive,,0,,000030000236
WO-2031286,ASSET-00261,Corrective,BELT-FAILURE,103,599,000030000236
WO-2031287,ASSET-00261,Preventive,,0,,000030000236
WO-2031288,ASSET-00261,Corrective,SENSOR-FAULT,230,1509,000030000236
WO-2031289,ASSET-00262,Corrective,BEARING-FAILURE,182,1419,000030000237
WO-2031290,ASSET-00262,Preventive,,0,,000030000237
WO-2031291,ASSET-00262,Preventive,,0,,000030000237
WO-2031292,ASSET-00262,Corrective,DIE-WEAR,231,537,000030000237
WO-2031293,ASSET-00262,Preventive,,0,,000030000237
WO-2031294,ASSET-00262,Preventive,,0,,000030000237
WO-2031295,ASSET-00263,Emergency,CALIBRATION-DRIFT,472,588,000030000238
WO-2031296,ASSET-00263,Corrective,PNEUMATIC-LEAK,195,596,000030000238
WO-2031297,ASSET-00263,Preventive,,0,,000030000238
WO-2031298,ASSET-00263,Preventive,,0,,000030000238
WO-2031299,ASSET-00264,Preventive,,0,,000030000239
WO-2031300,ASSET-00264,Corrective,SPINDLE-SEIZURE,55,1276,000030000239
WO-2031301,ASSET-00264,Preventive,,0,,000030000239
WO-2031302,ASSET-00264,Corrective,DIE-WEAR,135,795,000030000239
WO-2031303,ASSET-00264,Corrective,HYDRAULIC-LEAK,124,1451,000030000239
WO-2031304,ASSET-00264,Corrective,MOTOR-BURNOUT,229,608,000030000239
WO-2031305,ASSET-00264,Corrective,PNEUMATIC-LEAK,128,499,000030000239
WO-2031306,ASSET-00265,Preventive,,0,,000030000240
WO-2031307,ASSET-00265,Preventive,,0,,000030000240
WO-2031308,ASSET-00265,Preventive,,0,,000030000240
WO-2031309,ASSET-00266,Preventive,,0,,000030000241
WO-2031310,ASSET-00266,Corrective,PNEUMATIC-LEAK,158,1202,000030000241
WO-2031311,ASSET-00266,Corrective,SENSOR-FAULT,118,682,000030000241
WO-2031312,ASSET-00266,Corrective,MOTOR-BURNOUT,91,533,000030000241
WO-2031313,ASSET-00266,Emergency,SENSOR-FAULT,458,1290,000030000241
WO-2031314,ASSET-00266,Preventive,,0,,000030000241
WO-2031315,ASSET-00267,Preventive,,0,,000030000242
WO-2031316,ASSET-00267,Corrective,CONTROLLER-FAULT,163,820,000030000242
WO-2031317,ASSET-00267,Preventive,,0,,000030000242
WO-2031318,ASSET-00267,Preventive,,0,,000030000242
WO-2031319,ASSET-00267,Preventive,,0,,000030000242
WO-2031320,ASSET-00268,Corrective,DIE-WEAR,47,270,000030000243
WO-2031321,ASSET-00268,Emergency,MOTOR-BURNOUT,292,1767,000030000243
WO-2031322,ASSET-00268,Preventive,,0,,000030000243
WO-2031323,ASSET-00268,Emergency,BEARING-FAILURE,240,414,000030000243
WO-2031324,ASSET-00268,Preventive,,0,,000030000243
WO-2031325,ASSET-00268,Preventive,,0,,000030000243
WO-2031326,ASSET-00269,Corrective,BEARING-FAILURE,95,391,000030000244
WO-2031327,ASSET-00269,Preventive,,0,,000030000244
WO-2031328,ASSET-00269,Preventive,,0,,000030000244
WO-2031329,ASSET-00270,Corrective,HYDRAULIC-LEAK,163,1967,000030000245
WO-2031330,ASSET-00270,Preventive,,0,,000030000245
WO-2031331,ASSET-00270,Corrective,CONTROLLER-FAULT,230,1963,000030000245
WO-2031332,ASSET-00270,Preventive,,0,,000030000245
WO-2031333,ASSET-00270,Preventive,,0,,000030000245
WO-2031334,ASSET-00270,Preventive,,0,,000030000245
WO-2031335,ASSET-00271,Preventive,,0,,000030000246
WO-2031336,ASSET-00271,Preventive,,0,,000030000246
WO-2031337,ASSET-00271,Preventive,,0,,000030000246
WO-2031338,ASSET-00271,Preventive,,0,,000030000246
WO-2031339,ASSET-00271,Preventive,,0,,000030000246
WO-2031340,ASSET-00272,Corrective,SPINDLE-SEIZURE,240,1233,000030000247
WO-2031341,ASSET-00272,Preventive,,0,,000030000247
WO-2031342,ASSET-00272,Corrective,SENSOR-FAULT,225,1845,000030000247
WO-2031343,ASSET-00272,Corrective,CONTROLLER-FAULT,56,586,000030000247
WO-2031344,ASSET-00273,Preventive,,0,,000030000248
WO-2031345,ASSET-00273,Corrective,MOTOR-BURNOUT,77,474,000030000248
WO-2031346,ASSET-00273,Corrective,MOTOR-BURNOUT,131,1897,000030000248
WO-2031347,ASSET-00273,Preventive,,0,,000030000248
WO-2031348,ASSET-00273,Preventive,,0,,000030000248
WO-2031349,ASSET-00273,Preventive,,0,,000030000248
WO-2031350,ASSET-00273,Corrective,MOTOR-BURNOUT,36,1599,000030000248
WO-2031351,ASSET-00273,Preventive,,0,,000030000248
WO-2031352,ASSET-00273,Corrective,BEARING-FAILURE,211,1943,000030000248
WO-2031353,ASSET-00274,Corrective,HYDRAULIC-LEAK,126,946,000030000249
WO-2031354,ASSET-00274,Corrective,CALIBRATION-DRIFT,34,1475,000030000249
WO-2031355,ASSET-00274,Preventive,,0,,000030000249
WO-2031356,ASSET-00274,Corrective,BEARING-FAILURE,127,1107,000030000249
WO-2031357,ASSET-00274,Corrective,MOTOR-BURNOUT,113,918,000030000249
WO-2031358,ASSET-00275,Preventive,,0,,000030000250
WO-2031359,ASSET-00276,Corrective,CALIBRATION-DRIFT,78,502,000030000251
WO-2031360,ASSET-00276,Preventive,,0,,000030000251
WO-2031361,ASSET-00276,Emergency,BEARING-FAILURE,542,227,000030000251
WO-2031362,ASSET-00276,Preventive,,0,,000030000251
WO-2031363,ASSET-00276,Preventive,,0,,000030000251
WO-2031364,ASSET-00276,Corrective,HYDRAULIC-LEAK,88,1726,000030000251
WO-2031365,ASSET-00277,Preventive,,0,,000030000252
WO-2031366,ASSET-00277,Corrective,MOTOR-BURNOUT,215,887,000030000252
WO-2031367,ASSET-00278,Preventive,,0,,000030000253
WO-2031368,ASSET-00278,Corrective,SPINDLE-SEIZURE,63,1816,000030000253
WO-2031369,ASSET-00278,Preventive,,0,,000030000253
WO-2031370,ASSET-00278,Preventive,,0,,000030000253
WO-2031371,ASSET-00278,Corrective,HYDRAULIC-LEAK,44,401,000030000253
WO-2031372,ASSET-00278,Preventive,,0,,000030000253
WO-2031373,ASSET-00278,Preventive,,0,,000030000253
WO-2031374,ASSET-00278,Preventive,,0,,000030000253
WO-2031375,ASSET-00279,Preventive,,0,,000030000254
WO-2031376,ASSET-00279,Corrective,CONTROLLER-FAULT,108,1141,000030000254
WO-2031377,ASSET-00279,Preventive,,0,,000030000254
WO-2031378,ASSET-00279,Corrective,SENSOR-FAULT,153,640,000030000254
WO-2031379,ASSET-00279,Preventive,,0,,000030000254
WO-2031380,ASSET-00280,Preventive,,0,,000030000255
WO-2031381,ASSET-00280,Preventive,,0,,000030000255
WO-2031382,ASSET-00280,Corrective,PNEUMATIC-LEAK,115,905,000030000255
WO-2031383,ASSET-00281,Preventive,,0,,000030000256
WO-2031384,ASSET-00281,Preventive,,0,,000030000256
WO-2031385,ASSET-00281,Corrective,SPINDLE-SEIZURE,186,1276,000030000256
WO-2031386,ASSET-00281,Corrective,SPINDLE-SEIZURE,139,1830,000030000256
WO-2031387,ASSET-00281,Corrective,BELT-FAILURE,197,1374,000030000256
WO-2031388,ASSET-00282,Preventive,,0,,000030000257
WO-2031389,ASSET-00282,Preventive,,0,,000030000257
WO-2031390,ASSET-00282,Preventive,,0,,000030000257
WO-2031391,ASSET-00282,Corrective,HYDRAULIC-LEAK,109,466,000030000257
WO-2031392,ASSET-00282,Preventive,,0,,000030000257
WO-2031393,ASSET-00282,Preventive,,0,,000030000257
WO-2031394,ASSET-00282,Preventive,,0,,000030000257
WO-2031395,ASSET-00282,Corrective,BELT-FAILURE,71,1733,000030000257
WO-2031396,ASSET-00283,Preventive,,0,,000030000258
WO-2031397,ASSET-00283,Preventive,,0,,000030000258
WO-2031398,ASSET-00283,Preventive,,0,,000030000258
WO-2031399,ASSET-00283,Corrective,BELT-FAILURE,167,817,000030000258
WO-2031400,ASSET-00283,Corrective,HYDRAULIC-LEAK,216,1250,000030000258
WO-2031401,ASSET-00283,Corrective,SENSOR-FAULT,42,1226,000030000258
WO-2031402,ASSET-00284,Preventive,,0,,000030000259
WO-2031403,ASSET-00284,Corrective,DIE-WEAR,172,1549,000030000259
WO-2031404,ASSET-00284,Corrective,BELT-FAILURE,124,1069,000030000259
WO-2031405,ASSET-00285,Preventive,,0,,000030000260
WO-2031406,ASSET-00285,Preventive,,0,,000030000260
WO-2031407,ASSET-00285,Corrective,BELT-FAILURE,137,218,000030000260
WO-2031408,ASSET-00285,Preventive,,0,,000030000260
WO-2031409,ASSET-00285,Preventive,,0,,000030000260
WO-2031410,ASSET-00285,Corrective,BELT-FAILURE,120,1048,000030000260
WO-2031411,ASSET-00286,Preventive,,0,,000030000261
WO-2031412,ASSET-00286,Preventive,,0,,000030000261
WO-2031413,ASSET-00286,Preventive,,0,,000030000261
WO-2031414,ASSET-00286,Preventive,,0,,000030000261
WO-2031415,ASSET-00286,Preventive,,0,,000030000261
WO-2031416,ASSET-00286,Corrective,HYDRAULIC-LEAK,188,1692,000030000261
WO-2031417,ASSET-00286,Preventive,,0,,000030000261
WO-2031418,ASSET-00286,Corrective,HYDRAULIC-LEAK,204,264,000030000261
WO-2031419,ASSET-00287,Preventive,,0,,000030000262
WO-2031420,ASSET-00287,Corrective,CONTROLLER-FAULT,44,1053,000030000262
WO-2031421,ASSET-00288,Corrective,BELT-FAILURE,234,1553,000030000263
WO-2031422,ASSET-00288,Preventive,,0,,000030000263
WO-2031423,ASSET-00289,Emergency,BEARING-FAILURE,564,417,000030000264
WO-2031424,ASSET-00289,Corrective,CALIBRATION-DRIFT,240,1867,000030000264
WO-2031425,ASSET-00289,Preventive,,0,,000030000264
WO-2031426,ASSET-00289,Preventive,,0,,000030000264
WO-2031427,ASSET-00289,Corrective,CALIBRATION-DRIFT,40,1376,000030000264
WO-2031428,ASSET-00289,Preventive,,0,,000030000264
WO-2031429,ASSET-00289,Preventive,,0,,000030000264
WO-2031430,ASSET-00290,Corrective,SPINDLE-SEIZURE,128,830,000030000265
WO-2031431,ASSET-00290,Preventive,,0,,000030000265
WO-2031432,ASSET-00290,Corrective,SPINDLE-SEIZURE,66,1220,000030000265
WO-2031433,ASSET-00290,Preventive,,0,,000030000265
WO-2031434,ASSET-00290,Emergency,SENSOR-FAULT,193,1426,000030000265
WO-2031435,ASSET-00291,Corrective,DIE-WEAR,205,1759,000030000266
WO-2031436,ASSET-00291,Preventive,,0,,000030000266
WO-2031437,ASSET-00291,Preventive,,0,,000030000266
WO-2031438,ASSET-00291,Emergency,SENSOR-FAULT,340,802,000030000266
WO-2031439,ASSET-00291,Corrective,BEARING-FAILURE,42,1558,000030000266
WO-2031440,ASSET-00292,Emergency,DIE-WEAR,239,1787,000030000267
WO-2031441,ASSET-00292,Corrective,HYDRAULIC-LEAK,62,1395,000030000267
WO-2031442,ASSET-00293,Corrective,MOTOR-BURNOUT,143,1078,000030000268
WO-2031443,ASSET-00293,Preventive,,0,,000030000268
WO-2031444,ASSET-00293,Preventive,,0,,000030000268
WO-2031445,ASSET-00293,Corrective,SENSOR-FAULT,237,379,000030000268
WO-2031446,ASSET-00293,Emergency,BELT-FAILURE,315,1203,000030000268
WO-2031447,ASSET-00293,Emergency,CONTROLLER-FAULT,347,1899,000030000268
WO-2031448,ASSET-00293,Corrective,BELT-FAILURE,235,1480,000030000268
WO-2031449,ASSET-00293,Corrective,BELT-FAILURE,194,783,000030000268
WO-2031450,ASSET-00294,Corrective,PNEUMATIC-LEAK,107,758,000030000269
WO-2031451,ASSET-00294,Preventive,,0,,000030000269
WO-2031452,ASSET-00294,Corrective,SENSOR-FAULT,72,1196,000030000269
WO-2031453,ASSET-00294,Corrective,MOTOR-BURNOUT,92,1596,000030000269
WO-2031454,ASSET-00294,Preventive,,0,,000030000269
WO-2031455,ASSET-00294,Preventive,,0,,000030000269
WO-2031456,ASSET-00295,Preventive,,0,,000030000270
WO-2031457,ASSET-00295,Preventive,,0,,000030000270
WO-2031458,ASSET-00295,Preventive,,0,,000030000270
WO-2031459,ASSET-00295,Corrective,SPINDLE-SEIZURE,53,1245,000030000270
WO-2031460,ASSET-00295,Preventive,,0,,000030000270
WO-2031461,ASSET-00295,Corrective,BELT-FAILURE,76,809,000030000270
WO-2031462,ASSET-00296,Preventive,,0,,000030000271
WO-2031463,ASSET-00296,Preventive,,0,,000030000271
WO-2031464,ASSET-00296,Corrective,PNEUMATIC-LEAK,59,1922,000030000271
WO-2031465,ASSET-00296,Preventive,,0,,000030000271
WO-2031466,ASSET-00297,Corrective,MOTOR-BURNOUT,117,679,000030000272
WO-2031467,ASSET-00297,Corrective,CALIBRATION-DRIFT,209,1594,000030000272
WO-2031468,ASSET-00297,Preventive,,0,,000030000272
WO-2031469,ASSET-00297,Corrective,MOTOR-BURNOUT,157,1645,000030000272
WO-2031470,ASSET-00297,Preventive,,0,,000030000272
WO-2031471,ASSET-00298,Preventive,,0,,000030000273
WO-2031472,ASSET-00298,Preventive,,0,,000030000273
WO-2031473,ASSET-00298,Preventive,,0,,000030000273
WO-2031474,ASSET-00298,Preventive,,0,,000030000273
WO-2031475,ASSET-00298,Corrective,SENSOR-FAULT,135,1444,000030000273
WO-2031476,ASSET-00298,Preventive,,0,,000030000273
WO-2031477,ASSET-00298,Preventive,,0,,000030000273
WO-2031478,ASSET-00298,Corrective,CONTROLLER-FAULT,186,981,000030000273
WO-2031479,ASSET-00299,Corrective,MOTOR-BURNOUT,226,1715,000030000274
WO-2031480,ASSET-00299,Preventive,,0,,000030000274
WO-2031481,ASSET-00299,Preventive,,0,,000030000274
WO-2031482,ASSET-00300,Preventive,,0,,000030000275
WO-2031483,ASSET-00300,Corrective,CONTROLLER-FAULT,33,1831,000030000275
WO-2031484,ASSET-00300,Preventive,,0,,000030000275
WO-2031485,ASSET-00300,Corrective,SENSOR-FAULT,236,1253,000030000275
WO-2031486,ASSET-00300,Preventive,,0,,000030000275
WO-2031487,ASSET-00300,Preventive,,0,,000030000275
WO-2031488,ASSET-00300,Corrective,DIE-WEAR,43,603,000030000275
WO-2031489,ASSET-00301,Preventive,,0,,000030000276
WO-2031490,ASSET-00301,Preventive,,0,,000030000276
WO-2031491,ASSET-00302,Preventive,,0,,000030000277
WO-2031492,ASSET-00302,Corrective,MOTOR-BURNOUT,133,1947,000030000277
WO-2031493,ASSET-00302,Preventive,,0,,000030000277
WO-2031494,ASSET-00302,Preventive,,0,,000030000277
WO-2031495,ASSET-00303,Corrective,MOTOR-BURNOUT,84,970,000030000278
WO-2031496,ASSET-00303,Corrective,DIE-WEAR,208,805,000030000278
WO-2031497,ASSET-00303,Preventive,,0,,000030000278
WO-2031498,ASSET-00303,Emergency,SENSOR-FAULT,213,1615,000030000278
WO-2031499,ASSET-00303,Corrective,CALIBRATION-DRIFT,203,1885,000030000278
WO-2031500,ASSET-00303,Corrective,MOTOR-BURNOUT,99,1035,000030000278
WO-2031501,ASSET-00303,Emergency,HYDRAULIC-LEAK,61,503,000030000278
WO-2031502,ASSET-00304,Corrective,CONTROLLER-FAULT,64,1013,000030000279
WO-2031503,ASSET-00304,Corrective,SENSOR-FAULT,76,1464,000030000279
WO-2031504,ASSET-00304,Preventive,,0,,000030000279
WO-2031505,ASSET-00304,Corrective,CALIBRATION-DRIFT,125,879,000030000279
WO-2031506,ASSET-00305,Preventive,,0,,000030000280
WO-2031507,ASSET-00305,Preventive,,0,,000030000280
WO-2031508,ASSET-00305,Emergency,HYDRAULIC-LEAK,462,1569,000030000280
WO-2031509,ASSET-00305,Corrective,PNEUMATIC-LEAK,173,1895,000030000280
WO-2031510,ASSET-00305,Emergency,BELT-FAILURE,152,1578,000030000280
WO-2031511,ASSET-00305,Preventive,,0,,000030000280
WO-2031512,ASSET-00305,Emergency,SPINDLE-SEIZURE,215,1978,000030000280
WO-2031513,ASSET-00306,Corrective,PNEUMATIC-LEAK,153,1863,000030000281
WO-2031514,ASSET-00306,Corrective,BELT-FAILURE,104,549,000030000281
WO-2031515,ASSET-00306,Preventive,,0,,000030000281
WO-2031516,ASSET-00306,Preventive,,0,,000030000281
WO-2031517,ASSET-00307,Preventive,,0,,000030000282
WO-2031518,ASSET-00308,Emergency,SPINDLE-SEIZURE,581,1790,000030000283
WO-2031519,ASSET-00308,Preventive,,0,,000030000283
WO-2031520,ASSET-00308,Corrective,DIE-WEAR,183,909,000030000283
WO-2031521,ASSET-00308,Corrective,BEARING-FAILURE,121,876,000030000283
WO-2031522,ASSET-00308,Preventive,,0,,000030000283
WO-2031523,ASSET-00309,Corrective,BELT-FAILURE,217,475,000030000284
WO-2031524,ASSET-00309,Preventive,,0,,000030000284
WO-2031525,ASSET-00309,Preventive,,0,,000030000284
WO-2031526,ASSET-00309,Emergency,CONTROLLER-FAULT,151,639,000030000284
WO-2031527,ASSET-00309,Corrective,BEARING-FAILURE,175,826,000030000284
WO-2031528,ASSET-00309,Corrective,HYDRAULIC-LEAK,222,898,000030000284
WO-2031529,ASSET-00309,Preventive,,0,,000030000284
WO-2031530,ASSET-00309,Emergency,CALIBRATION-DRIFT,471,1456,000030000284
WO-2031531,ASSET-00310,Corrective,SENSOR-FAULT,37,478,000030000285
WO-2031532,ASSET-00310,Preventive,,0,,000030000285
WO-2031533,ASSET-00310,Preventive,,0,,000030000285
WO-2031534,ASSET-00311,Preventive,,0,,000030000286
WO-2031535,ASSET-00311,Corrective,PNEUMATIC-LEAK,173,389,000030000286
WO-2031536,ASSET-00311,Corrective,SENSOR-FAULT,214,1398,000030000286
WO-2031537,ASSET-00311,Preventive,,0,,000030000286
WO-2031538,ASSET-00311,Corrective,MOTOR-BURNOUT,94,1342,000030000286
WO-2031539,ASSET-00311,Emergency,BELT-FAILURE,360,1262,000030000286
WO-2031540,ASSET-00311,Corrective,SPINDLE-SEIZURE,147,1036,000030000286
WO-2031541,ASSET-00312,Preventive,,0,,000030000287
WO-2031542,ASSET-00312,Preventive,,0,,000030000287
WO-2031543,ASSET-00312,Preventive,,0,,000030000287
WO-2031544,ASSET-00312,Preventive,,0,,000030000287
WO-2031545,ASSET-00312,Emergency,DIE-WEAR,576,1933,000030000287
WO-2031546,ASSET-00312,Preventive,,0,,000030000287
WO-2031547,ASSET-00313,Preventive,,0,,000030000288
WO-2031548,ASSET-00313,Corrective,CALIBRATION-DRIFT,233,1032,000030000288
WO-2031549,ASSET-00313,Preventive,,0,,000030000288
WO-2031550,ASSET-00313,Preventive,,0,,000030000288
WO-2031551,ASSET-00314,Preventive,,0,,000030000289
WO-2031552,ASSET-00314,Preventive,,0,,000030000289
WO-2031553,ASSET-00314,Corrective,DIE-WEAR,184,763,000030000289
WO-2031554,ASSET-00315,Preventive,,0,,000030000290
WO-2031555,ASSET-00315,Corrective,MOTOR-BURNOUT,238,214,000030000290
WO-2031556,ASSET-00315,Preventive,,0,,000030000290
WO-2031557,ASSET-00315,Corrective,SENSOR-FAULT,63,1035,000030000290
WO-2031558,ASSET-00316,Preventive,,0,,000030000291
WO-2031559,ASSET-00316,Preventive,,0,,000030000291
WO-2031560,ASSET-00316,Emergency,MOTOR-BURNOUT,201,282,000030000291
WO-2031561,ASSET-00317,Corrective,BEARING-FAILURE,236,1753,000030000292
WO-2031562,ASSET-00317,Corrective,SPINDLE-SEIZURE,113,1317,000030000292
WO-2031563,ASSET-00317,Corrective,SENSOR-FAULT,128,295,000030000292
WO-2031564,ASSET-00317,Preventive,,0,,000030000292
WO-2031565,ASSET-00317,Preventive,,0,,000030000292
WO-2031566,ASSET-00317,Corrective,CALIBRATION-DRIFT,43,1105,000030000292
WO-2031567,ASSET-00317,Corrective,BEARING-FAILURE,47,1666,000030000292
WO-2031568,ASSET-00317,Emergency,MOTOR-BURNOUT,61,443,000030000292
WO-2031569,ASSET-00318,Corrective,CALIBRATION-DRIFT,79,1613,000030000293
WO-2031570,ASSET-00318,Corrective,BEARING-FAILURE,156,642,000030000293
WO-2031571,ASSET-00318,Preventive,,0,,000030000293
WO-2031572,ASSET-00318,Emergency,HYDRAULIC-LEAK,145,1001,000030000293
WO-2031573,ASSET-00318,Preventive,,0,,000030000293
WO-2031574,ASSET-00318,Corrective,MOTOR-BURNOUT,146,1468,000030000293
WO-2031575,ASSET-00318,Corrective,PNEUMATIC-LEAK,189,1662,000030000293
WO-2031576,ASSET-00319,Preventive,,0,,000030000294
WO-2031577,ASSET-00319,Preventive,,0,,000030000294
WO-2031578,ASSET-00319,Corrective,CONTROLLER-FAULT,142,1680,000030000294
WO-2031579,ASSET-00319,Corrective,DIE-WEAR,49,1540,000030000294
WO-2031580,ASSET-00320,Corrective,SENSOR-FAULT,134,1204,000030000295
WO-2031581,ASSET-00320,Emergency,SENSOR-FAULT,386,1967,000030000295
WO-2031582,ASSET-00320,Preventive,,0,,000030000295
WO-2031583,ASSET-00320,Emergency,SENSOR-FAULT,189,1274,000030000295
WO-2031584,ASSET-00321,Preventive,,0,,000030000296
WO-2031585,ASSET-00321,Emergency,CONTROLLER-FAULT,348,938,000030000296
WO-2031586,ASSET-00321,Emergency,CONTROLLER-FAULT,447,1694,000030000296
WO-2031587,ASSET-00321,Corrective,PNEUMATIC-LEAK,161,705,000030000296
WO-2031588,ASSET-00321,Preventive,,0,,000030000296
WO-2031589,ASSET-00321,Preventive,,0,,000030000296
WO-2031590,ASSET-00321,Corrective,CONTROLLER-FAULT,133,1271,000030000296
WO-2031591,ASSET-00321,Preventive,,0,,000030000296
WO-2031592,ASSET-00322,Corrective,DIE-WEAR,49,1049,000030000297
WO-2031593,ASSET-00322,Preventive,,0,,000030000297
WO-2031594,ASSET-00322,Corrective,CONTROLLER-FAULT,195,1528,000030000297
WO-2031595,ASSET-00322,Preventive,,0,,000030000297
WO-2031596,ASSET-00322,Corrective,CALIBRATION-DRIFT,32,876,000030000297
WO-2031597,ASSET-00323,Corrective,PNEUMATIC-LEAK,128,1422,000030000298
WO-2031598,ASSET-00323,Preventive,,0,,000030000298
WO-2031599,ASSET-00323,Preventive,,0,,000030000298
WO-2031600,ASSET-00324,Preventive,,0,,000030000299
WO-2031601,ASSET-00324,Corrective,HYDRAULIC-LEAK,33,1908,000030000299
WO-2031602,ASSET-00324,Corrective,MOTOR-BURNOUT,144,623,000030000299
WO-2031603,ASSET-00325,Preventive,,0,,000030000300
WO-2031604,ASSET-00325,Corrective,CONTROLLER-FAULT,114,1357,000030000300
WO-2031605,ASSET-00325,Corrective,HYDRAULIC-LEAK,162,1212,000030000300
WO-2031606,ASSET-00325,Preventive,,0,,000030000300
WO-2031607,ASSET-00325,Preventive,,0,,000030000300
WO-2031608,ASSET-00326,Preventive,,0,,000030000301
WO-2031609,ASSET-00326,Emergency,SENSOR-FAULT,141,336,000030000301
WO-2031610,ASSET-00326,Corrective,CALIBRATION-DRIFT,88,576,000030000301
WO-2031611,ASSET-00326,Preventive,,0,,000030000301
WO-2031612,ASSET-00327,Corrective,SPINDLE-SEIZURE,46,997,000030000302
WO-2031613,ASSET-00327,Preventive,,0,,000030000302
WO-2031614,ASSET-00327,Preventive,,0,,000030000302
WO-2031615,ASSET-00327,Preventive,,0,,000030000302
WO-2031616,ASSET-00327,Emergency,CONTROLLER-FAULT,436,1540,000030000302
WO-2031617,ASSET-00327,Corrective,CALIBRATION-DRIFT,74,1255,000030000302
WO-2031618,ASSET-00328,Preventive,,0,,000030000303
WO-2031619,ASSET-00328,Preventive,,0,,000030000303
WO-2031620,ASSET-00328,Corrective,HYDRAULIC-LEAK,105,668,000030000303
WO-2031621,ASSET-00328,Emergency,DIE-WEAR,99,1276,000030000303
WO-2031622,ASSET-00328,Preventive,,0,,000030000303
WO-2031623,ASSET-00328,Corrective,CALIBRATION-DRIFT,180,1285,000030000303
WO-2031624,ASSET-00329,Preventive,,0,,000030000304
WO-2031625,ASSET-00329,Preventive,,0,,000030000304
WO-2031626,ASSET-00329,Corrective,SENSOR-FAULT,196,487,000030000304
WO-2031627,ASSET-00329,Corrective,CALIBRATION-DRIFT,165,1981,000030000304
WO-2031628,ASSET-00329,Emergency,DIE-WEAR,336,1843,000030000304
WO-2031629,ASSET-00329,Preventive,,0,,000030000304
WO-2031630,ASSET-00330,Corrective,CONTROLLER-FAULT,214,1275,000030000305
WO-2031631,ASSET-00330,Preventive,,0,,000030000305
WO-2031632,ASSET-00331,Preventive,,0,,000030000306
WO-2031633,ASSET-00331,Preventive,,0,,000030000306
WO-2031634,ASSET-00332,Corrective,MOTOR-BURNOUT,170,294,000030000307
WO-2031635,ASSET-00332,Preventive,,0,,000030000307
WO-2031636,ASSET-00332,Corrective,DIE-WEAR,65,583,000030000307
WO-2031637,ASSET-00332,Corrective,SENSOR-FAULT,159,1363,000030000307
WO-2031638,ASSET-00333,Corrective,BELT-FAILURE,222,1265,000030000308
WO-2031639,ASSET-00333,Preventive,,0,,000030000308
WO-2031640,ASSET-00333,Preventive,,0,,000030000308
WO-2031641,ASSET-00333,Corrective,MOTOR-BURNOUT,207,1957,000030000308
WO-2031642,ASSET-00335,Emergency,BEARING-FAILURE,312,1225,000030000310
WO-2031643,ASSET-00335,Preventive,,0,,000030000310
WO-2031644,ASSET-00335,Corrective,DIE-WEAR,207,761,000030000310
WO-2031645,ASSET-00335,Corrective,PNEUMATIC-LEAK,89,639,000030000310
WO-2031646,ASSET-00335,Corrective,BELT-FAILURE,150,1914,000030000310
WO-2031647,ASSET-00335,Preventive,,0,,000030000310
WO-2031648,ASSET-00335,Preventive,,0,,000030000310
WO-2031649,ASSET-00336,Preventive,,0,,000030000311
WO-2031650,ASSET-00336,Preventive,,0,,000030000311
WO-2031651,ASSET-00337,Preventive,,0,,000030000312
WO-2031652,ASSET-00337,Preventive,,0,,000030000312
WO-2031653,ASSET-00337,Preventive,,0,,000030000312
WO-2031654,ASSET-00337,Corrective,MOTOR-BURNOUT,132,1014,000030000312
WO-2031655,ASSET-00337,Preventive,,0,,000030000312
WO-2031656,ASSET-00338,Corrective,CALIBRATION-DRIFT,208,220,000030000313
WO-2031657,ASSET-00338,Preventive,,0,,000030000313
WO-2031658,ASSET-00338,Preventive,,0,,000030000313
WO-2031659,ASSET-00338,Preventive,,0,,000030000313
WO-2031660,ASSET-00338,Corrective,CALIBRATION-DRIFT,168,761,000030000313
WO-2031661,ASSET-00338,Preventive,,0,,000030000313
WO-2031662,ASSET-00338,Preventive,,0,,000030000313
WO-2031663,ASSET-00339,Corrective,BELT-FAILURE,98,1166,000030000314
WO-2031664,ASSET-00339,Preventive,,0,,000030000314
WO-2031665,ASSET-00339,Preventive,,0,,000030000314
WO-2031666,ASSET-00340,Emergency,BELT-FAILURE,229,1785,000030000315
WO-2031667,ASSET-00340,Preventive,,0,,000030000315
WO-2031668,ASSET-00340,Preventive,,0,,000030000315
WO-2031669,ASSET-00340,Preventive,,0,,000030000315
WO-2031670,ASSET-00341,Preventive,,0,,000030000316
WO-2031671,ASSET-00341,Preventive,,0,,000030000316
WO-2031672,ASSET-00341,Corrective,HYDRAULIC-LEAK,90,980,000030000316
WO-2031673,ASSET-00341,Emergency,MOTOR-BURNOUT,236,1808,000030000316
WO-2031674,ASSET-00342,Corrective,BELT-FAILURE,190,1613,000030000317
WO-2031675,ASSET-00342,Preventive,,0,,000030000317
WO-2031676,ASSET-00342,Preventive,,0,,000030000317
WO-2031677,ASSET-00342,Preventive,,0,,000030000317
WO-2031678,ASSET-00342,Corrective,MOTOR-BURNOUT,91,258,000030000317
WO-2031679,ASSET-00343,Preventive,,0,,000030000318
WO-2031680,ASSET-00343,Preventive,,0,,000030000318
WO-2031681,ASSET-00343,Corrective,MOTOR-BURNOUT,157,236,000030000318
WO-2031682,ASSET-00343,Preventive,,0,,000030000318
WO-2031683,ASSET-00343,Corrective,BELT-FAILURE,166,1861,000030000318
WO-2031684,ASSET-00344,Preventive,,0,,000030000319
WO-2031685,ASSET-00344,Preventive,,0,,000030000319
WO-2031686,ASSET-00344,Corrective,BELT-FAILURE,95,1928,000030000319
WO-2031687,ASSET-00345,Corrective,BEARING-FAILURE,161,1632,000030000320
WO-2031688,ASSET-00345,Corrective,SENSOR-FAULT,220,479,000030000320
WO-2031689,ASSET-00345,Preventive,,0,,000030000320
WO-2031690,ASSET-00345,Corrective,CALIBRATION-DRIFT,153,1166,000030000320
WO-2031691,ASSET-00345,Preventive,,0,,000030000320
WO-2031692,ASSET-00345,Preventive,,0,,000030000320
WO-2031693,ASSET-00345,Corrective,MOTOR-BURNOUT,134,219,000030000320
WO-2031694,ASSET-00345,Corrective,CALIBRATION-DRIFT,189,1022,000030000320
WO-2031695,ASSET-00345,Preventive,,0,,000030000320
WO-2031696,ASSET-00346,Preventive,,0,,000030000321
WO-2031697,ASSET-00346,Preventive,,0,,000030000321
WO-2031698,ASSET-00346,Preventive,,0,,000030000321
WO-2031699,ASSET-00346,Corrective,CALIBRATION-DRIFT,218,540,000030000321
WO-2031700,ASSET-00346,Corrective,PNEUMATIC-LEAK,50,1520,000030000321
WO-2031701,ASSET-00347,Corrective,CALIBRATION-DRIFT,218,441,000030000322
WO-2031702,ASSET-00347,Preventive,,0,,000030000322
WO-2031703,ASSET-00347,Preventive,,0,,000030000322
WO-2031704,ASSET-00347,Corrective,BELT-FAILURE,49,1833,000030000322
WO-2031705,ASSET-00348,Corrective,BELT-FAILURE,88,1162,000030000323
WO-2031706,ASSET-00348,Preventive,,0,,000030000323
WO-2031707,ASSET-00348,Preventive,,0,,000030000323
WO-2031708,ASSET-00348,Corrective,BEARING-FAILURE,134,1134,000030000323
WO-2031709,ASSET-00349,Preventive,,0,,000030000324
WO-2031710,ASSET-00349,Preventive,,0,,000030000324
WO-2031711,ASSET-00350,Emergency,CALIBRATION-DRIFT,423,548,000030000325
WO-2031712,ASSET-00350,Preventive,,0,,000030000325
WO-2031713,ASSET-00350,Preventive,,0,,000030000325
WO-2031714,ASSET-00350,Preventive,,0,,000030000325
WO-2031715,ASSET-00350,Corrective,DIE-WEAR,95,582,000030000325
WO-2031716,ASSET-00350,Preventive,,0,,000030000325
WO-2031717,ASSET-00350,Emergency,CONTROLLER-FAULT,558,1764,000030000325
WO-2031718,ASSET-00350,Emergency,DIE-WEAR,452,1667,000030000325
WO-2031719,ASSET-00351,Corrective,CALIBRATION-DRIFT,135,1144,000030000326
WO-2031720,ASSET-00351,Corrective,HYDRAULIC-LEAK,170,1675,000030000326
WO-2031721,ASSET-00351,Preventive,,0,,000030000326
WO-2031722,ASSET-00351,Preventive,,0,,000030000326
WO-2031723,ASSET-00351,Preventive,,0,,000030000326
WO-2031724,ASSET-00352,Preventive,,0,,000030000327
WO-2031725,ASSET-00352,Emergency,SPINDLE-SEIZURE,368,568,000030000327
WO-2031726,ASSET-00352,Preventive,,0,,000030000327
WO-2031727,ASSET-00352,Preventive,,0,,000030000327
WO-2031728,ASSET-00352,Preventive,,0,,000030000327
WO-2031729,ASSET-00353,Preventive,,0,,000030000328
WO-2031730,ASSET-00353,Emergency,DIE-WEAR,218,324,000030000328
WO-2031731,ASSET-00354,Preventive,,0,,000030000329
WO-2031732,ASSET-00354,Preventive,,0,,000030000329
WO-2031733,ASSET-00355,Preventive,,0,,000030000330
WO-2031734,ASSET-00355,Emergency,HYDRAULIC-LEAK,98,909,000030000330
WO-2031735,ASSET-00355,Corrective,SENSOR-FAULT,181,930,000030000330
WO-2031736,ASSET-00355,Corrective,MOTOR-BURNOUT,84,1061,000030000330
WO-2031737,ASSET-00356,Preventive,,0,,000030000331
WO-2031738,ASSET-00356,Preventive,,0,,000030000331
WO-2031739,ASSET-00356,Preventive,,0,,000030000331
WO-2031740,ASSET-00356,Corrective,BELT-FAILURE,115,554,000030000331
WO-2031741,ASSET-00356,Preventive,,0,,000030000331
WO-2031742,ASSET-00357,Preventive,,0,,000030000332
WO-2031743,ASSET-00357,Corrective,HYDRAULIC-LEAK,41,1388,000030000332
WO-2031744,ASSET-00357,Emergency,DIE-WEAR,161,1303,000030000332
WO-2031745,ASSET-00357,Corrective,DIE-WEAR,140,1736,000030000332
WO-2031746,ASSET-00357,Corrective,CALIBRATION-DRIFT,56,229,000030000332
WO-2031747,ASSET-00357,Preventive,,0,,000030000332
WO-2031748,ASSET-00357,Preventive,,0,,000030000332
WO-2031749,ASSET-00358,Preventive,,0,,000030000333
WO-2031750,ASSET-00358,Corrective,SENSOR-FAULT,42,958,000030000333
WO-2031751,ASSET-00358,Preventive,,0,,000030000333
WO-2031752,ASSET-00358,Corrective,BEARING-FAILURE,92,401,000030000333
WO-2031753,ASSET-00359,Preventive,,0,,000030000334
WO-2031754,ASSET-00359,Preventive,,0,,000030000334
WO-2031755,ASSET-00359,Preventive,,0,,000030000334
WO-2031756,ASSET-00360,Emergency,CALIBRATION-DRIFT,419,683,000030000335
WO-2031757,ASSET-00360,Preventive,,0,,000030000335
WO-2031758,ASSET-00360,Corrective,CALIBRATION-DRIFT,207,416,000030000335
WO-2031759,ASSET-00360,Preventive,,0,,000030000335
WO-2031760,ASSET-00360,Preventive,,0,,000030000335
WO-2031761,ASSET-00360,Preventive,,0,,000030000335
WO-2031762,ASSET-00361,Corrective,SPINDLE-SEIZURE,114,732,000030000336
WO-2031763,ASSET-00361,Corrective,CONTROLLER-FAULT,179,569,000030000336
WO-2031764,ASSET-00361,Preventive,,0,,000030000336
WO-2031765,ASSET-00361,Preventive,,0,,000030000336
WO-2031766,ASSET-00361,Preventive,,0,,000030000336
WO-2031767,ASSET-00362,Preventive,,0,,000030000337
WO-2031768,ASSET-00362,Preventive,,0,,000030000337
WO-2031769,ASSET-00362,Preventive,,0,,000030000337
WO-2031770,ASSET-00362,Preventive,,0,,000030000337
WO-2031771,ASSET-00362,Corrective,HYDRAULIC-LEAK,118,867,000030000337
WO-2031772,ASSET-00362,Emergency,CONTROLLER-FAULT,363,1507,000030000337
WO-2031773,ASSET-00363,Preventive,,0,,000030000338
WO-2031774,ASSET-00363,Preventive,,0,,000030000338
WO-2031775,ASSET-00363,Preventive,,0,,000030000338
WO-2031776,ASSET-00363,Corrective,PNEUMATIC-LEAK,185,1475,000030000338
WO-2031777,ASSET-00363,Corrective,BELT-FAILURE,158,667,000030000338
WO-2031778,ASSET-00364,Preventive,,0,,000030000339
WO-2031779,ASSET-00364,Preventive,,0,,000030000339
WO-2031780,ASSET-00365,Corrective,BEARING-FAILURE,230,518,000030000340
WO-2031781,ASSET-00365,Preventive,,0,,000030000340
WO-2031782,ASSET-00365,Preventive,,0,,000030000340
WO-2031783,ASSET-00365,Preventive,,0,,000030000340
WO-2031784,ASSET-00366,Preventive,,0,,000030000341
WO-2031785,ASSET-00366,Corrective,CALIBRATION-DRIFT,125,1967,000030000341
WO-2031786,ASSET-00366,Emergency,MOTOR-BURNOUT,446,1147,000030000341
WO-2031787,ASSET-00366,Preventive,,0,,000030000341
WO-2031788,ASSET-00366,Corrective,CALIBRATION-DRIFT,201,1826,000030000341
WO-2031789,ASSET-00366,Corrective,SENSOR-FAULT,198,1031,000030000341
WO-2031790,ASSET-00367,Preventive,,0,,000030000342
WO-2031791,ASSET-00367,Emergency,DIE-WEAR,591,600,000030000342
WO-2031792,ASSET-00367,Preventive,,0,,000030000342
WO-2031793,ASSET-00367,Corrective,DIE-WEAR,49,1753,000030000342
WO-2031794,ASSET-00367,Preventive,,0,,000030000342
WO-2031795,ASSET-00368,Preventive,,0,,000030000343
WO-2031796,ASSET-00368,Preventive,,0,,000030000343
WO-2031797,ASSET-00368,Preventive,,0,,000030000343
WO-2031798,ASSET-00369,Preventive,,0,,000030000344
WO-2031799,ASSET-00369,Emergency,CONTROLLER-FAULT,431,378,000030000344
WO-2031800,ASSET-00369,Corrective,BEARING-FAILURE,106,737,000030000344
WO-2031801,ASSET-00369,Preventive,,0,,000030000344
WO-2031802,ASSET-00370,Preventive,,0,,000030000345
WO-2031803,ASSET-00370,Preventive,,0,,000030000345
WO-2031804,ASSET-00370,Corrective,MOTOR-BURNOUT,131,443,000030000345
WO-2031805,ASSET-00370,Corrective,MOTOR-BURNOUT,100,1991,000030000345
WO-2031806,ASSET-00371,Corrective,PNEUMATIC-LEAK,149,1748,000030000346
WO-2031807,ASSET-00371,Preventive,,0,,000030000346
WO-2031808,ASSET-00371,Emergency,DIE-WEAR,432,1699,000030000346
WO-2031809,ASSET-00371,Corrective,CONTROLLER-FAULT,84,1741,000030000346
WO-2031810,ASSET-00371,Preventive,,0,,000030000346
WO-2031811,ASSET-00371,Preventive,,0,,000030000346
WO-2031812,ASSET-00372,Corrective,HYDRAULIC-LEAK,155,1188,000030000347
WO-2031813,ASSET-00372,Preventive,,0,,000030000347
WO-2031814,ASSET-00372,Corrective,PNEUMATIC-LEAK,212,1183,000030000347
WO-2031815,ASSET-00372,Corrective,PNEUMATIC-LEAK,133,1338,000030000347
WO-2031816,ASSET-00372,Corrective,DIE-WEAR,102,1571,000030000347
WO-2031817,ASSET-00372,Preventive,,0,,000030000347
WO-2031818,ASSET-00372,Preventive,,0,,000030000347
WO-2031819,ASSET-00372,Preventive,,0,,000030000347
WO-2031820,ASSET-00372,Preventive,,0,,000030000347
WO-2031821,ASSET-00372,Corrective,MOTOR-BURNOUT,88,1904,000030000347
WO-2031822,ASSET-00373,Corrective,BELT-FAILURE,59,1826,000030000348
WO-2031823,ASSET-00373,Preventive,,0,,000030000348
WO-2031824,ASSET-00373,Emergency,BEARING-FAILURE,119,887,000030000348
WO-2031825,ASSET-00373,Preventive,,0,,000030000348
WO-2031826,ASSET-00373,Emergency,CALIBRATION-DRIFT,340,1338,000030000348
WO-2031827,ASSET-00374,Preventive,,0,,000030000349
WO-2031828,ASSET-00374,Corrective,BEARING-FAILURE,185,445,000030000349
WO-2031829,ASSET-00374,Preventive,,0,,000030000349
WO-2031830,ASSET-00374,Preventive,,0,,000030000349
WO-2031831,ASSET-00374,Preventive,,0,,000030000349
WO-2031832,ASSET-00375,Preventive,,0,,000030000350
WO-2031833,ASSET-00375,Preventive,,0,,000030000350
WO-2031834,ASSET-00375,Preventive,,0,,000030000350
WO-2031835,ASSET-00375,Preventive,,0,,000030000350
WO-2031836,ASSET-00375,Preventive,,0,,000030000350
WO-2031837,ASSET-00375,Corrective,CONTROLLER-FAULT,33,1969,000030000350
WO-2031838,ASSET-00375,Preventive,,0,,000030000350
WO-2031839,ASSET-00376,Emergency,BELT-FAILURE,287,1125,000030000351
WO-2031840,ASSET-00376,Preventive,,0,,000030000351
WO-2031841,ASSET-00376,Corrective,HYDRAULIC-LEAK,173,677,000030000351
WO-2031842,ASSET-00376,Corrective,DIE-WEAR,106,1505,000030000351
WO-2031843,ASSET-00376,Corrective,PNEUMATIC-LEAK,141,1337,000030000351
WO-2031844,ASSET-00376,Preventive,,0,,000030000351
WO-2031845,ASSET-00376,Preventive,,0,,000030000351
WO-2031846,ASSET-00377,Corrective,CONTROLLER-FAULT,51,1855,000030000352
WO-2031847,ASSET-00377,Emergency,HYDRAULIC-LEAK,555,1522,000030000352
WO-2031848,ASSET-00377,Preventive,,0,,000030000352
WO-2031849,ASSET-00377,Preventive,,0,,000030000352
WO-2031850,ASSET-00377,Preventive,,0,,000030000352
WO-2031851,ASSET-00377,Corrective,CALIBRATION-DRIFT,141,227,000030000352
WO-2031852,ASSET-00378,Emergency,SPINDLE-SEIZURE,581,1173,000030000353
WO-2031853,ASSET-00378,Corrective,CALIBRATION-DRIFT,218,1045,000030000353
WO-2031854,ASSET-00378,Preventive,,0,,000030000353
WO-2031855,ASSET-00378,Corrective,CONTROLLER-FAULT,77,1899,000030000353
WO-2031856,ASSET-00378,Corrective,CALIBRATION-DRIFT,44,209,000030000353
WO-2031857,ASSET-00378,Preventive,,0,,000030000353
WO-2031858,ASSET-00378,Emergency,SENSOR-FAULT,494,827,000030000353
WO-2031859,ASSET-00379,Emergency,MOTOR-BURNOUT,411,855,000030000354
WO-2031860,ASSET-00379,Preventive,,0,,000030000354
WO-2031861,ASSET-00379,Corrective,CONTROLLER-FAULT,207,1613,000030000354
WO-2031862,ASSET-00379,Emergency,HYDRAULIC-LEAK,226,676,000030000354
WO-2031863,ASSET-00379,Corrective,PNEUMATIC-LEAK,191,1643,000030000354
WO-2031864,ASSET-00379,Emergency,DIE-WEAR,336,1082,000030000354
WO-2031865,ASSET-00380,Emergency,CONTROLLER-FAULT,96,1383,000030000355
WO-2031866,ASSET-00380,Corrective,CONTROLLER-FAULT,185,1364,000030000355
WO-2031867,ASSET-00381,Corrective,PNEUMATIC-LEAK,171,1793,000030000356
WO-2031868,ASSET-00381,Preventive,,0,,000030000356
WO-2031869,ASSET-00382,Preventive,,0,,000030000357
WO-2031870,ASSET-00382,Preventive,,0,,000030000357
WO-2031871,ASSET-00382,Emergency,MOTOR-BURNOUT,413,1033,000030000357
WO-2031872,ASSET-00382,Corrective,CALIBRATION-DRIFT,228,646,000030000357
WO-2031873,ASSET-00382,Corrective,HYDRAULIC-LEAK,70,702,000030000357
WO-2031874,ASSET-00382,Preventive,,0,,000030000357
WO-2031875,ASSET-00383,Preventive,,0,,000030000358
WO-2031876,ASSET-00383,Corrective,BELT-FAILURE,224,1953,000030000358
WO-2031877,ASSET-00383,Corrective,HYDRAULIC-LEAK,116,1333,000030000358
WO-2031878,ASSET-00383,Emergency,DIE-WEAR,503,360,000030000358
WO-2031879,ASSET-00383,Preventive,,0,,000030000358
WO-2031880,ASSET-00383,Preventive,,0,,000030000358
WO-2031881,ASSET-00383,Corrective,PNEUMATIC-LEAK,189,1927,000030000358
WO-2031882,ASSET-00384,Corrective,CALIBRATION-DRIFT,228,1904,000030000359
WO-2031883,ASSET-00384,Preventive,,0,,000030000359
WO-2031884,ASSET-00385,Preventive,,0,,000030000360
WO-2031885,ASSET-00385,Corrective,CALIBRATION-DRIFT,93,1962,000030000360
WO-2031886,ASSET-00385,Corrective,BEARING-FAILURE,181,1055,000030000360
WO-2031887,ASSET-00386,Preventive,,0,,000030000361
WO-2031888,ASSET-00386,Corrective,MOTOR-BURNOUT,46,841,000030000361
WO-2031889,ASSET-00386,Preventive,,0,,000030000361
WO-2031890,ASSET-00386,Preventive,,0,,000030000361
WO-2031891,ASSET-00386,Corrective,MOTOR-BURNOUT,145,787,000030000361
WO-2031892,ASSET-00386,Preventive,,0,,000030000361
WO-2031893,ASSET-00387,Corrective,BEARING-FAILURE,175,1699,000030000362
WO-2031894,ASSET-00387,Preventive,,0,,000030000362
WO-2031895,ASSET-00387,Preventive,,0,,000030000362
WO-2031896,ASSET-00387,Preventive,,0,,000030000362
WO-2031897,ASSET-00387,Corrective,BELT-FAILURE,155,806,000030000362
WO-2031898,ASSET-00387,Corrective,BEARING-FAILURE,123,1551,000030000362
WO-2031899,ASSET-00387,Preventive,,0,,000030000362
WO-2031900,ASSET-00388,Preventive,,0,,000030000363
WO-2031901,ASSET-00388,Preventive,,0,,000030000363
WO-2031902,ASSET-00388,Preventive,,0,,000030000363
WO-2031903,ASSET-00388,Preventive,,0,,000030000363
WO-2031904,ASSET-00389,Corrective,SENSOR-FAULT,184,694,000030000364
WO-2031905,ASSET-00389,Preventive,,0,,000030000364
WO-2031906,ASSET-00389,Corrective,PNEUMATIC-LEAK,223,524,000030000364
WO-2031907,ASSET-00389,Preventive,,0,,000030000364
WO-2031908,ASSET-00389,Preventive,,0,,000030000364
WO-2031909,ASSET-00389,Preventive,,0,,000030000364
WO-2031910,ASSET-00389,Preventive,,0,,000030000364
WO-2031911,ASSET-00389,Preventive,,0,,000030000364
WO-2031912,ASSET-00390,Preventive,,0,,000030000365
WO-2031913,ASSET-00390,Corrective,DIE-WEAR,168,912,000030000365
WO-2031914,ASSET-00390,Corrective,SPINDLE-SEIZURE,239,1409,000030000365
WO-2031915,ASSET-00390,Corrective,BELT-FAILURE,231,1679,000030000365
WO-2031916,ASSET-00390,Preventive,,0,,000030000365
WO-2031917,ASSET-00390,Corrective,MOTOR-BURNOUT,120,1210,000030000365
WO-2031918,ASSET-00391,Corrective,PNEUMATIC-LEAK,127,377,000030000366
WO-2031919,ASSET-00391,Corrective,BEARING-FAILURE,193,558,000030000366
WO-2031920,ASSET-00391,Preventive,,0,,000030000366
WO-2031921,ASSET-00391,Preventive,,0,,000030000366
WO-2031922,ASSET-00391,Corrective,MOTOR-BURNOUT,217,281,000030000366
WO-2031923,ASSET-00392,Corrective,SPINDLE-SEIZURE,49,1963,000030000367
WO-2031924,ASSET-00392,Preventive,,0,,000030000367
WO-2031925,ASSET-00392,Preventive,,0,,000030000367
WO-2031926,ASSET-00392,Emergency,DIE-WEAR,64,520,000030000367
WO-2031927,ASSET-00392,Emergency,CALIBRATION-DRIFT,512,773,000030000367
WO-2031928,ASSET-00392,Preventive,,0,,000030000367
WO-2031929,ASSET-00392,Preventive,,0,,000030000367
WO-2031930,ASSET-00392,Corrective,SENSOR-FAULT,211,1696,000030000367
WO-2031931,ASSET-00393,Preventive,,0,,000030000368
WO-2031932,ASSET-00393,Corrective,PNEUMATIC-LEAK,115,473,000030000368
WO-2031933,ASSET-00393,Emergency,SPINDLE-SEIZURE,113,1355,000030000368
WO-2031934,ASSET-00393,Corrective,SENSOR-FAULT,105,427,000030000368
WO-2031935,ASSET-00393,Corrective,SPINDLE-SEIZURE,69,1537,000030000368
WO-2031936,ASSET-00393,Preventive,,0,,000030000368
WO-2031937,ASSET-00394,Preventive,,0,,000030000369
WO-2031938,ASSET-00394,Corrective,HYDRAULIC-LEAK,120,1301,000030000369
WO-2031939,ASSET-00395,Corrective,PNEUMATIC-LEAK,40,716,000030000370
WO-2031940,ASSET-00395,Corrective,SENSOR-FAULT,48,1935,000030000370
WO-2031941,ASSET-00395,Preventive,,0,,000030000370
WO-2031942,ASSET-00395,Preventive,,0,,000030000370
WO-2031943,ASSET-00395,Preventive,,0,,000030000370
WO-2031944,ASSET-00395,Preventive,,0,,000030000370
WO-2031945,ASSET-00396,Corrective,CONTROLLER-FAULT,221,1382,000030000371
WO-2031946,ASSET-00396,Preventive,,0,,000030000371
WO-2031947,ASSET-00396,Corrective,MOTOR-BURNOUT,56,1517,000030000371
WO-2031948,ASSET-00396,Preventive,,0,,000030000371
WO-2031949,ASSET-00396,Corrective,HYDRAULIC-LEAK,105,1516,000030000371
WO-2031950,ASSET-00396,Preventive,,0,,000030000371
WO-2031951,ASSET-00396,Preventive,,0,,000030000371
WO-2031952,ASSET-00396,Preventive,,0,,000030000371
WO-2031953,ASSET-00396,Preventive,,0,,000030000371
WO-2031954,ASSET-00396,Corrective,SENSOR-FAULT,155,1169,000030000371
WO-2031955,ASSET-00397,Preventive,,0,,000030000372
WO-2031956,ASSET-00397,Corrective,CALIBRATION-DRIFT,147,1054,000030000372
WO-2031957,ASSET-00397,Emergency,DIE-WEAR,581,587,000030000372
WO-2031958,ASSET-00397,Corrective,BELT-FAILURE,172,1616,000030000372
WO-2031959,ASSET-00397,Emergency,DIE-WEAR,239,1830,000030000372
WO-2031960,ASSET-00397,Preventive,,0,,000030000372
WO-2031961,ASSET-00397,Preventive,,0,,000030000372
WO-2031962,ASSET-00397,Preventive,,0,,000030000372
WO-2031963,ASSET-00397,Preventive,,0,,000030000372
WO-2031964,ASSET-00397,Preventive,,0,,000030000372
WO-2031965,ASSET-00398,Corrective,SENSOR-FAULT,240,1592,000030000373
WO-2031966,ASSET-00398,Preventive,,0,,000030000373
WO-2031967,ASSET-00398,Corrective,DIE-WEAR,46,892,000030000373
WO-2031968,ASSET-00398,Corrective,BEARING-FAILURE,106,1680,000030000373
WO-2031969,ASSET-00398,Preventive,,0,,000030000373
WO-2031970,ASSET-00398,Preventive,,0,,000030000373
WO-2031971,ASSET-00399,Preventive,,0,,000030000374
WO-2031972,ASSET-00399,Preventive,,0,,000030000374
WO-2031973,ASSET-00400,Preventive,,0,,000030000375
WO-2031974,ASSET-00400,Emergency,DIE-WEAR,448,978,000030000375
WO-2031975,ASSET-00400,Corrective,SPINDLE-SEIZURE,228,1053,000030000375
WO-2031976,ASSET-00400,Preventive,,0,,000030000375
WO-2031977,ASSET-00400,Corrective,MOTOR-BURNOUT,158,1681,000030000375
WO-2031978,ASSET-00401,Preventive,,0,,000030000376
WO-2031979,ASSET-00401,Preventive,,0,,000030000376
WO-2031980,ASSET-00401,Corrective,CONTROLLER-FAULT,182,284,000030000376
WO-2031981,ASSET-00401,Corrective,SENSOR-FAULT,186,1885,000030000376
WO-2031982,ASSET-00402,Corrective,PNEUMATIC-LEAK,240,1584,000030000377
WO-2031983,ASSET-00402,Preventive,,0,,000030000377
WO-2031984,ASSET-00402,Corrective,BEARING-FAILURE,72,1869,000030000377
WO-2031985,ASSET-00402,Corrective,SPINDLE-SEIZURE,60,1193,000030000377
WO-2031986,ASSET-00402,Emergency,SENSOR-FAULT,524,1493,000030000377
WO-2031987,ASSET-00402,Preventive,,0,,000030000377
WO-2031988,ASSET-00402,Preventive,,0,,000030000377
WO-2031989,ASSET-00402,Preventive,,0,,000030000377
WO-2031990,ASSET-00403,Corrective,SENSOR-FAULT,123,966,000030000378
WO-2031991,ASSET-00403,Corrective,DIE-WEAR,48,1123,000030000378
WO-2031992,ASSET-00403,Preventive,,0,,000030000378
WO-2031993,ASSET-00403,Corrective,BEARING-FAILURE,56,1733,000030000378
WO-2031994,ASSET-00403,Preventive,,0,,000030000378
WO-2031995,ASSET-00404,Emergency,BEARING-FAILURE,342,715,000030000379
WO-2031996,ASSET-00404,Preventive,,0,,000030000379
WO-2031997,ASSET-00404,Preventive,,0,,000030000379
WO-2031998,ASSET-00404,Preventive,,0,,000030000379
WO-2031999,ASSET-00404,Corrective,SPINDLE-SEIZURE,159,995,000030000379
WO-2032000,ASSET-00404,Preventive,,0,,000030000379
WO-2032001,ASSET-00404,Corrective,MOTOR-BURNOUT,212,930,000030000379
WO-2032002,ASSET-00405,Preventive,,0,,000030000380
WO-2032003,ASSET-00405,Corrective,MOTOR-BURNOUT,170,710,000030000380
WO-2032004,ASSET-00406,Preventive,,0,,000030000381
WO-2032005,ASSET-00406,Corrective,MOTOR-BURNOUT,112,1252,000030000381
WO-2032006,ASSET-00406,Corrective,MOTOR-BURNOUT,155,1517,000030000381
WO-2032007,ASSET-00406,Corrective,DIE-WEAR,224,1849,000030000381
WO-2032008,ASSET-00406,Preventive,,0,,000030000381
WO-2032009,ASSET-00406,Preventive,,0,,000030000381
WO-2032010,ASSET-00406,Preventive,,0,,000030000381
WO-2032011,ASSET-00407,Preventive,,0,,000030000382
WO-2032012,ASSET-00407,Preventive,,0,,000030000382
WO-2032013,ASSET-00407,Emergency,SENSOR-FAULT,228,1917,000030000382
WO-2032014,ASSET-00407,Preventive,,0,,000030000382
WO-2032015,ASSET-00407,Preventive,,0,,000030000382
WO-2032016,ASSET-00407,Preventive,,0,,000030000382
WO-2032017,ASSET-00407,Corrective,BELT-FAILURE,47,991,000030000382
WO-2032018,ASSET-00408,Corrective,CONTROLLER-FAULT,217,531,000030000383
WO-2032019,ASSET-00408,Preventive,,0,,000030000383
WO-2032020,ASSET-00408,Corrective,CONTROLLER-FAULT,122,1799,000030000383
WO-2032021,ASSET-00408,Preventive,,0,,000030000383
WO-2032022,ASSET-00408,Preventive,,0,,000030000383
WO-2032023,ASSET-00408,Preventive,,0,,000030000383
WO-2032024,ASSET-00408,Preventive,,0,,000030000383
WO-2032025,ASSET-00408,Preventive,,0,,000030000383
WO-2032026,ASSET-00409,Emergency,HYDRAULIC-LEAK,243,366,000030000384
WO-2032027,ASSET-00409,Preventive,,0,,000030000384
WO-2032028,ASSET-00409,Corrective,SENSOR-FAULT,71,1063,000030000384
WO-2032029,ASSET-00409,Preventive,,0,,000030000384
WO-2032030,ASSET-00409,Preventive,,0,,000030000384
WO-2032031,ASSET-00410,Emergency,DIE-WEAR,300,699,000030000385
WO-2032032,ASSET-00410,Preventive,,0,,000030000385
WO-2032033,ASSET-00410,Corrective,CALIBRATION-DRIFT,230,1281,000030000385
WO-2032034,ASSET-00410,Preventive,,0,,000030000385
WO-2032035,ASSET-00410,Preventive,,0,,000030000385
WO-2032036,ASSET-00410,Corrective,DIE-WEAR,40,1079,000030000385
WO-2032037,ASSET-00411,Corrective,SENSOR-FAULT,78,1488,000030000386
WO-2032038,ASSET-00411,Preventive,,0,,000030000386
WO-2032039,ASSET-00411,Preventive,,0,,000030000386
WO-2032040,ASSET-00411,Emergency,HYDRAULIC-LEAK,195,499,000030000386
WO-2032041,ASSET-00411,Corrective,HYDRAULIC-LEAK,135,1592,000030000386
WO-2032042,ASSET-00411,Corrective,BELT-FAILURE,141,277,000030000386
WO-2032043,ASSET-00411,Emergency,PNEUMATIC-LEAK,319,1313,000030000386
WO-2032044,ASSET-00412,Preventive,,0,,000030000387
WO-2032045,ASSET-00412,Emergency,BELT-FAILURE,79,1883,000030000387
WO-2032046,ASSET-00412,Preventive,,0,,000030000387
WO-2032047,ASSET-00412,Corrective,HYDRAULIC-LEAK,165,644,000030000387
WO-2032048,ASSET-00413,Corrective,SENSOR-FAULT,30,1242,000030000388
WO-2032049,ASSET-00413,Emergency,CALIBRATION-DRIFT,361,329,000030000388
WO-2032050,ASSET-00413,Preventive,,0,,000030000388
WO-2032051,ASSET-00413,Corrective,CONTROLLER-FAULT,215,778,000030000388
WO-2032052,ASSET-00414,Preventive,,0,,000030000389
WO-2032053,ASSET-00414,Preventive,,0,,000030000389
WO-2032054,ASSET-00414,Emergency,MOTOR-BURNOUT,461,735,000030000389
WO-2032055,ASSET-00414,Preventive,,0,,000030000389
WO-2032056,ASSET-00414,Preventive,,0,,000030000389
WO-2032057,ASSET-00414,Corrective,DIE-WEAR,208,260,000030000389
WO-2032058,ASSET-00414,Preventive,,0,,000030000389
WO-2032059,ASSET-00414,Emergency,CALIBRATION-DRIFT,327,1291,000030000389
WO-2032060,ASSET-00414,Emergency,DIE-WEAR,388,255,000030000389
WO-2032061,ASSET-00415,Preventive,,0,,000030000390
WO-2032062,ASSET-00415,Corrective,MOTOR-BURNOUT,38,745,000030000390
WO-2032063,ASSET-00415,Preventive,,0,,000030000390
WO-2032064,ASSET-00415,Preventive,,0,,000030000390
WO-2032065,ASSET-00415,Preventive,,0,,000030000390
WO-2032066,ASSET-00415,Preventive,,0,,000030000390
WO-2032067,ASSET-00415,Corrective,DIE-WEAR,187,263,000030000390
WO-2032068,ASSET-00416,Preventive,,0,,000030000391
WO-2032069,ASSET-00416,Preventive,,0,,000030000391
WO-2032070,ASSET-00416,Corrective,BELT-FAILURE,116,1929,000030000391
WO-2032071,ASSET-00416,Corrective,CONTROLLER-FAULT,149,314,000030000391
WO-2032072,ASSET-00416,Preventive,,0,,000030000391
WO-2032073,ASSET-00417,Emergency,DIE-WEAR,457,1628,000030000392
WO-2032074,ASSET-00417,Corrective,SPINDLE-SEIZURE,125,1542,000030000392
WO-2032075,ASSET-00417,Preventive,,0,,000030000392
WO-2032076,ASSET-00418,Preventive,,0,,000030000393
WO-2032077,ASSET-00418,Corrective,BELT-FAILURE,213,1936,000030000393
WO-2032078,ASSET-00418,Preventive,,0,,000030000393
WO-2032079,ASSET-00418,Corrective,DIE-WEAR,108,1124,000030000393
WO-2032080,ASSET-00418,Preventive,,0,,000030000393
WO-2032081,ASSET-00419,Preventive,,0,,000030000394
WO-2032082,ASSET-00419,Preventive,,0,,000030000394
WO-2032083,ASSET-00419,Preventive,,0,,000030000394
WO-2032084,ASSET-00419,Preventive,,0,,000030000394
WO-2032085,ASSET-00419,Corrective,HYDRAULIC-LEAK,33,684,000030000394
WO-2032086,ASSET-00420,Corrective,CONTROLLER-FAULT,112,1000,000030000395
WO-2032087,ASSET-00420,Corrective,DIE-WEAR,222,1785,000030000395
WO-2032088,ASSET-00421,Preventive,,0,,000030000396
WO-2032089,ASSET-00421,Preventive,,0,,000030000396
WO-2032090,ASSET-00421,Preventive,,0,,000030000396
WO-2032091,ASSET-00421,Corrective,SENSOR-FAULT,197,1864,000030000396
WO-2032092,ASSET-00421,Preventive,,0,,000030000396
WO-2032093,ASSET-00422,Corrective,SENSOR-FAULT,226,1649,000030000397
WO-2032094,ASSET-00422,Preventive,,0,,000030000397
WO-2032095,ASSET-00422,Preventive,,0,,000030000397
WO-2032096,ASSET-00422,Preventive,,0,,000030000397
WO-2032097,ASSET-00423,Corrective,SPINDLE-SEIZURE,163,1940,000030000398
WO-2032098,ASSET-00423,Corrective,BEARING-FAILURE,69,1082,000030000398
WO-2032099,ASSET-00423,Corrective,HYDRAULIC-LEAK,225,1910,000030000398
WO-2032100,ASSET-00424,Preventive,,0,,000030000399
WO-2032101,ASSET-00424,Preventive,,0,,000030000399
WO-2032102,ASSET-00424,Preventive,,0,,000030000399
WO-2032103,ASSET-00424,Preventive,,0,,000030000399
WO-2032104,ASSET-00424,Preventive,,0,,000030000399
WO-2032105,ASSET-00425,Preventive,,0,,000030000400
WO-2032106,ASSET-00425,Corrective,BELT-FAILURE,205,264,000030000400
WO-2032107,ASSET-00425,Preventive,,0,,000030000400
WO-2032108,ASSET-00425,Preventive,,0,,000030000400
WO-2032109,ASSET-00426,Preventive,,0,,000030000401
WO-2032110,ASSET-00426,Preventive,,0,,000030000401
WO-2032111,ASSET-00426,Preventive,,0,,000030000401
WO-2032112,ASSET-00427,Corrective,CONTROLLER-FAULT,203,985,000030000402
WO-2032113,ASSET-00427,Corrective,CONTROLLER-FAULT,98,1292,000030000402
WO-2032114,ASSET-00427,Preventive,,0,,000030000402
WO-2032115,ASSET-00427,Corrective,MOTOR-BURNOUT,181,1106,000030000402
WO-2032116,ASSET-00427,Corrective,CALIBRATION-DRIFT,41,1440,000030000402
WO-2032117,ASSET-00428,Emergency,SENSOR-FAULT,201,1146,000030000403
WO-2032118,ASSET-00428,Preventive,,0,,000030000403
WO-2032119,ASSET-00428,Preventive,,0,,000030000403
WO-2032120,ASSET-00428,Preventive,,0,,000030000403
WO-2032121,ASSET-00428,Emergency,CALIBRATION-DRIFT,279,1758,000030000403
WO-2032122,ASSET-00429,Preventive,,0,,000030000404
WO-2032123,ASSET-00429,Emergency,SPINDLE-SEIZURE,273,1048,000030000404
WO-2032124,ASSET-00429,Emergency,SENSOR-FAULT,576,1086,000030000404
WO-2032125,ASSET-00430,Corrective,HYDRAULIC-LEAK,201,470,000030000406
WO-2032126,ASSET-00430,Corrective,PNEUMATIC-LEAK,178,656,000030000406
WO-2032127,ASSET-00430,Preventive,,0,,000030000406
WO-2032128,ASSET-00430,Preventive,,0,,000030000406
WO-2032129,ASSET-00431,Preventive,,0,,000030000407
WO-2032130,ASSET-00431,Emergency,SENSOR-FAULT,293,623,000030000407
WO-2032131,ASSET-00431,Preventive,,0,,000030000407
WO-2032132,ASSET-00431,Preventive,,0,,000030000407
WO-2032133,ASSET-00431,Preventive,,0,,000030000407
WO-2032134,ASSET-00431,Preventive,,0,,000030000407
WO-2032135,ASSET-00431,Corrective,BELT-FAILURE,221,538,000030000407
WO-2032136,ASSET-00432,Corrective,BEARING-FAILURE,209,1191,000030000408
WO-2032137,ASSET-00432,Corrective,BELT-FAILURE,31,1832,000030000408
WO-2032138,ASSET-00432,Emergency,DIE-WEAR,312,436,000030000408
WO-2032139,ASSET-00432,Corrective,HYDRAULIC-LEAK,231,1815,000030000408
WO-2032140,ASSET-00432,Preventive,,0,,000030000408
WO-2032141,ASSET-00432,Emergency,CONTROLLER-FAULT,585,1163,000030000408
WO-2032142,ASSET-00433,Corrective,MOTOR-BURNOUT,175,1144,000030000409
WO-2032143,ASSET-00433,Preventive,,0,,000030000409
WO-2032144,ASSET-00433,Preventive,,0,,000030000409
WO-2032145,ASSET-00434,Corrective,CONTROLLER-FAULT,147,1001,000030000410
WO-2032146,ASSET-00434,Preventive,,0,,000030000410
WO-2032147,ASSET-00434,Corrective,CALIBRATION-DRIFT,87,497,000030000410
WO-2032148,ASSET-00434,Preventive,,0,,000030000410
WO-2032149,ASSET-00434,Corrective,SPINDLE-SEIZURE,134,205,000030000410
WO-2032150,ASSET-00434,Emergency,MOTOR-BURNOUT,371,1762,000030000410
WO-2032151,ASSET-00434,Corrective,DIE-WEAR,141,278,000030000410
WO-2032152,ASSET-00434,Corrective,HYDRAULIC-LEAK,98,305,000030000410
WO-2032153,ASSET-00434,Preventive,,0,,000030000410
WO-2032154,ASSET-00435,Emergency,DIE-WEAR,580,966,000030000411
WO-2032155,ASSET-00435,Corrective,SENSOR-FAULT,136,218,000030000411
WO-2032156,ASSET-00436,Corrective,PNEUMATIC-LEAK,43,394,000030000412
WO-2032157,ASSET-00436,Preventive,,0,,000030000412
WO-2032158,ASSET-00436,Preventive,,0,,000030000412
WO-2032159,ASSET-00436,Corrective,BELT-FAILURE,121,1484,000030000412
WO-2032160,ASSET-00436,Preventive,,0,,000030000412
WO-2032161,ASSET-00437,Corrective,SPINDLE-SEIZURE,139,647,000030000413
WO-2032162,ASSET-00437,Preventive,,0,,000030000413
WO-2032163,ASSET-00437,Preventive,,0,,000030000413
WO-2032164,ASSET-00437,Preventive,,0,,000030000413
WO-2032165,ASSET-00437,Preventive,,0,,000030000413
WO-2032166,ASSET-00437,Emergency,CALIBRATION-DRIFT,73,972,000030000413
WO-2032167,ASSET-00437,Preventive,,0,,000030000413
WO-2032168,ASSET-00438,Preventive,,0,,000030000414
WO-2032169,ASSET-00438,Corrective,HYDRAULIC-LEAK,209,1047,000030000414
WO-2032170,ASSET-00438,Preventive,,0,,000030000414
WO-2032171,ASSET-00438,Corrective,CONTROLLER-FAULT,126,1062,000030000414
WO-2032172,ASSET-00439,Preventive,,0,,000030000415
WO-2032173,ASSET-00439,Preventive,,0,,000030000415
WO-2032174,ASSET-00439,Corrective,PNEUMATIC-LEAK,84,231,000030000415
WO-2032175,ASSET-00440,Preventive,,0,,000030000416
WO-2032176,ASSET-00440,Preventive,,0,,000030000416
WO-2032177,ASSET-00440,Corrective,SPINDLE-SEIZURE,159,1694,000030000416
WO-2032178,ASSET-00440,Preventive,,0,,000030000416
WO-2032179,ASSET-00440,Corrective,CONTROLLER-FAULT,205,1053,000030000416
WO-2032180,ASSET-00440,Corrective,BELT-FAILURE,204,276,000030000416
WO-2032181,ASSET-00440,Preventive,,0,,000030000416
WO-2032182,ASSET-00441,Preventive,,0,,000030000417
WO-2032183,ASSET-00441,Preventive,,0,,000030000417
WO-2032184,ASSET-00442,Preventive,,0,,000030000418
WO-2032185,ASSET-00442,Corrective,SENSOR-FAULT,148,1500,000030000418
WO-2032186,ASSET-00442,Corrective,BEARING-FAILURE,68,709,000030000418
WO-2032187,ASSET-00442,Corrective,SENSOR-FAULT,199,611,000030000418
WO-2032188,ASSET-00442,Preventive,,0,,000030000418
WO-2032189,ASSET-00442,Emergency,BEARING-FAILURE,352,1632,000030000418
WO-2032190,ASSET-00442,Preventive,,0,,000030000418
WO-2032191,ASSET-00442,Preventive,,0,,000030000418
WO-2032192,ASSET-00442,Corrective,SENSOR-FAULT,168,1793,000030000418
WO-2032193,ASSET-00443,Emergency,CALIBRATION-DRIFT,318,1003,000030000419
WO-2032194,ASSET-00443,Corrective,MOTOR-BURNOUT,80,1798,000030000419
WO-2032195,ASSET-00443,Preventive,,0,,000030000419
WO-2032196,ASSET-00443,Preventive,,0,,000030000419
WO-2032197,ASSET-00443,Preventive,,0,,000030000419
WO-2032198,ASSET-00444,Preventive,,0,,000030000420
WO-2032199,ASSET-00444,Preventive,,0,,000030000420
WO-2032200,ASSET-00444,Preventive,,0,,000030000420
WO-2032201,ASSET-00444,Corrective,BELT-FAILURE,110,786,000030000420
WO-2032202,ASSET-00445,Preventive,,0,,000030000421
WO-2032203,ASSET-00445,Corrective,MOTOR-BURNOUT,55,238,000030000421
WO-2032204,ASSET-00445,Emergency,HYDRAULIC-LEAK,79,297,000030000421
WO-2032205,ASSET-00445,Corrective,SPINDLE-SEIZURE,69,545,000030000421
WO-2032206,ASSET-00445,Corrective,SENSOR-FAULT,209,1904,000030000421
WO-2032207,ASSET-00446,Corrective,CALIBRATION-DRIFT,41,1325,000030000422
WO-2032208,ASSET-00446,Preventive,,0,,000030000422
WO-2032209,ASSET-00446,Corrective,BEARING-FAILURE,151,1313,000030000422
WO-2032210,ASSET-00446,Emergency,HYDRAULIC-LEAK,489,1711,000030000422
WO-2032211,ASSET-00447,Corrective,SPINDLE-SEIZURE,147,1848,000030000423
WO-2032212,ASSET-00447,Preventive,,0,,000030000423
WO-2032213,ASSET-00447,Preventive,,0,,000030000423
WO-2032214,ASSET-00447,Preventive,,0,,000030000423
WO-2032215,ASSET-00448,Preventive,,0,,000030000424
WO-2032216,ASSET-00448,Corrective,SENSOR-FAULT,231,1036,000030000424
WO-2032217,ASSET-00449,Emergency,PNEUMATIC-LEAK,427,428,000030000425
WO-2032218,ASSET-00449,Corrective,BEARING-FAILURE,229,1434,000030000425
WO-2032219,ASSET-00449,Preventive,,0,,000030000425
WO-2032220,ASSET-00449,Corrective,CONTROLLER-FAULT,211,1486,000030000425
WO-2032221,ASSET-00449,Preventive,,0,,000030000425
WO-2032222,ASSET-00449,Emergency,SENSOR-FAULT,299,1788,000030000425
WO-2032223,ASSET-00449,Preventive,,0,,000030000425
WO-2032224,ASSET-00450,Corrective,CONTROLLER-FAULT,168,1359,000030000426
WO-2032225,ASSET-00450,Preventive,,0,,000030000426
WO-2032226,ASSET-00450,Preventive,,0,,000030000426
WO-2032227,ASSET-00450,Preventive,,0,,000030000426
WO-2032228,ASSET-00450,Preventive,,0,,000030000426
WO-2032229,ASSET-00450,Corrective,BELT-FAILURE,116,860,000030000426
WO-2032230,ASSET-00450,Preventive,,0,,000030000426
WO-2032231,ASSET-00450,Preventive,,0,,000030000426
WO-2032232,ASSET-00450,Preventive,,0,,000030000426
WO-2032233,ASSET-00451,Preventive,,0,,000030000427
WO-2032234,ASSET-00451,Preventive,,0,,000030000427
WO-2032235,ASSET-00451,Preventive,,0,,000030000427
WO-2032236,ASSET-00451,Emergency,SPINDLE-SEIZURE,404,1435,000030000427
WO-2032237,ASSET-00451,Corrective,BEARING-FAILURE,49,221,000030000427
WO-2032238,ASSET-00452,Corrective,CALIBRATION-DRIFT,96,1321,000030000428
WO-2032239,ASSET-00452,Corrective,MOTOR-BURNOUT,122,441,000030000428
WO-2032240,ASSET-00452,Preventive,,0,,000030000428
WO-2032241,ASSET-00452,Corrective,SPINDLE-SEIZURE,153,666,000030000428
WO-2032242,ASSET-00453,Preventive,,0,,000030000429
WO-2032243,ASSET-00453,Preventive,,0,,000030000429
WO-2032244,ASSET-00453,Preventive,,0,,000030000429
WO-2032245,ASSET-00453,Corrective,CONTROLLER-FAULT,40,850,000030000429
WO-2032246,ASSET-00454,Corrective,CONTROLLER-FAULT,55,1579,000030000430
WO-2032247,ASSET-00454,Preventive,,0,,000030000430
WO-2032248,ASSET-00454,Preventive,,0,,000030000430
WO-2032249,ASSET-00454,Preventive,,0,,000030000430
WO-2032250,ASSET-00454,Corrective,CONTROLLER-FAULT,164,498,000030000430
WO-2032251,ASSET-00454,Preventive,,0,,000030000430
WO-2032252,ASSET-00454,Preventive,,0,,000030000430
WO-2032253,ASSET-00455,Corrective,SENSOR-FAULT,35,617,000030000431
WO-2032254,ASSET-00455,Preventive,,0,,000030000431
WO-2032255,ASSET-00455,Corrective,PNEUMATIC-LEAK,38,1960,000030000431
WO-2032256,ASSET-00455,Preventive,,0,,000030000431
WO-2032257,ASSET-00455,Emergency,PNEUMATIC-LEAK,447,1340,000030000431
WO-2032258,ASSET-00455,Corrective,CONTROLLER-FAULT,230,945,000030000431
WO-2032259,ASSET-00455,Corrective,BEARING-FAILURE,37,1687,000030000431
WO-2032260,ASSET-00456,Corrective,BELT-FAILURE,204,1423,000030000432
WO-2032261,ASSET-00456,Preventive,,0,,000030000432
WO-2032262,ASSET-00456,Preventive,,0,,000030000432
WO-2032263,ASSET-00456,Preventive,,0,,000030000432
WO-2032264,ASSET-00456,Preventive,,0,,000030000432
WO-2032265,ASSET-00457,Corrective,SPINDLE-SEIZURE,156,632,000030000433
WO-2032266,ASSET-00457,Emergency,PNEUMATIC-LEAK,442,679,000030000433
WO-2032267,ASSET-00457,Emergency,CALIBRATION-DRIFT,328,1099,000030000433
WO-2032268,ASSET-00457,Corrective,SENSOR-FAULT,228,302,000030000433
WO-2032269,ASSET-00457,Preventive,,0,,000030000433
WO-2032270,ASSET-00457,Corrective,SPINDLE-SEIZURE,180,455,000030000433
WO-2032271,ASSET-00458,Preventive,,0,,000030000434
WO-2032272,ASSET-00458,Preventive,,0,,000030000434
WO-2032273,ASSET-00458,Corrective,SPINDLE-SEIZURE,211,731,000030000434
WO-2032274,ASSET-00458,Emergency,BELT-FAILURE,119,1240,000030000434
WO-2032275,ASSET-00458,Preventive,,0,,000030000434
WO-2032276,ASSET-00458,Emergency,CALIBRATION-DRIFT,107,374,000030000434
WO-2032277,ASSET-00458,Preventive,,0,,000030000434
WO-2032278,ASSET-00459,Preventive,,0,,000030000435
WO-2032279,ASSET-00459,Corrective,PNEUMATIC-LEAK,52,1064,000030000435
WO-2032280,ASSET-00459,Preventive,,0,,000030000435
WO-2032281,ASSET-00459,Corrective,SPINDLE-SEIZURE,139,1124,000030000435
WO-2032282,ASSET-00460,Preventive,,0,,000030000436
WO-2032283,ASSET-00460,Corrective,PNEUMATIC-LEAK,180,1214,000030000436
WO-2032284,ASSET-00460,Corrective,MOTOR-BURNOUT,132,1995,000030000436
WO-2032285,ASSET-00460,Corrective,BEARING-FAILURE,209,1549,000030000436
WO-2032286,ASSET-00460,Emergency,BELT-FAILURE,464,289,000030000436
WO-2032287,ASSET-00461,Preventive,,0,,000030000437
WO-2032288,ASSET-00461,Corrective,PNEUMATIC-LEAK,154,735,000030000437
WO-2032289,ASSET-00461,Corrective,DIE-WEAR,189,1427,000030000437
WO-2032290,ASSET-00462,Corrective,SENSOR-FAULT,129,913,000030000438
WO-2032291,ASSET-00462,Preventive,,0,,000030000438
WO-2032292,ASSET-00462,Preventive,,0,,000030000438
WO-2032293,ASSET-00462,Corrective,HYDRAULIC-LEAK,161,545,000030000438
WO-2032294,ASSET-00462,Preventive,,0,,000030000438
WO-2032295,ASSET-00463,Preventive,,0,,000030000439
WO-2032296,ASSET-00463,Preventive,,0,,000030000439
WO-2032297,ASSET-00464,Preventive,,0,,000030000440
WO-2032298,ASSET-00464,Emergency,CALIBRATION-DRIFT,347,364,000030000440
WO-2032299,ASSET-00464,Corrective,CONTROLLER-FAULT,62,1311,000030000440
WO-2032300,ASSET-00464,Preventive,,0,,000030000440
WO-2032301,ASSET-00464,Corrective,PNEUMATIC-LEAK,93,411,000030000440
WO-2032302,ASSET-00464,Corrective,BELT-FAILURE,146,1921,000030000440
WO-2032303,ASSET-00465,Preventive,,0,,000030000441
WO-2032304,ASSET-00465,Preventive,,0,,000030000441
WO-2032305,ASSET-00465,Preventive,,0,,000030000441
WO-2032306,ASSET-00465,Preventive,,0,,000030000441
WO-2032307,ASSET-00466,Preventive,,0,,000030000442
WO-2032308,ASSET-00466,Preventive,,0,,000030000442
WO-2032309,ASSET-00466,Emergency,PNEUMATIC-LEAK,205,1226,000030000442
WO-2032310,ASSET-00467,Preventive,,0,,000030000443
WO-2032311,ASSET-00467,Preventive,,0,,000030000443
WO-2032312,ASSET-00467,Preventive,,0,,000030000443
WO-2032313,ASSET-00467,Corrective,MOTOR-BURNOUT,136,1772,000030000443
WO-2032314,ASSET-00467,Corrective,SENSOR-FAULT,198,271,000030000443
WO-2032315,ASSET-00468,Preventive,,0,,000030000444
WO-2032316,ASSET-00468,Emergency,PNEUMATIC-LEAK,165,620,000030000444
WO-2032317,ASSET-00468,Corrective,BELT-FAILURE,43,1250,000030000444
WO-2032318,ASSET-00468,Preventive,,0,,000030000444
WO-2032319,ASSET-00468,Corrective,DIE-WEAR,216,661,000030000444
WO-2032320,ASSET-00468,Emergency,SENSOR-FAULT,238,1668,000030000444
WO-2032321,ASSET-00468,Preventive,,0,,000030000444
WO-2032322,ASSET-00468,Preventive,,0,,000030000444
WO-2032323,ASSET-00468,Emergency,CALIBRATION-DRIFT,412,1825,000030000444
WO-2032324,ASSET-00469,Preventive,,0,,000030000445
WO-2032325,ASSET-00469,Preventive,,0,,000030000445
WO-2032326,ASSET-00469,Preventive,,0,,000030000445
WO-2032327,ASSET-00469,Corrective,SPINDLE-SEIZURE,186,713,000030000445
WO-2032328,ASSET-00469,Corrective,PNEUMATIC-LEAK,238,598,000030000445
WO-2032329,ASSET-00469,Preventive,,0,,000030000445
WO-2032330,ASSET-00470,Preventive,,0,,000030000446
WO-2032331,ASSET-00470,Corrective,BEARING-FAILURE,69,1595,000030000446
WO-2032332,ASSET-00470,Preventive,,0,,000030000446
WO-2032333,ASSET-00470,Corrective,BEARING-FAILURE,171,1236,000030000446
WO-2032334,ASSET-00470,Corrective,PNEUMATIC-LEAK,53,1028,000030000446
WO-2032335,ASSET-00470,Corrective,DIE-WEAR,80,1033,000030000446
WO-2032336,ASSET-00471,Preventive,,0,,000030000447
WO-2032337,ASSET-00471,Corrective,DIE-WEAR,224,283,000030000447
WO-2032338,ASSET-00471,Corrective,SENSOR-FAULT,163,924,000030000447
WO-2032339,ASSET-00471,Corrective,SENSOR-FAULT,240,1368,000030000447
WO-2032340,ASSET-00472,Preventive,,0,,000030000448
WO-2032341,ASSET-00472,Preventive,,0,,000030000448
WO-2032342,ASSET-00472,Preventive,,0,,000030000448
WO-2032343,ASSET-00472,Preventive,,0,,000030000448
WO-2032344,ASSET-00472,Emergency,CALIBRATION-DRIFT,113,501,000030000448
WO-2032345,ASSET-00472,Corrective,PNEUMATIC-LEAK,32,1083,000030000448
WO-2032346,ASSET-00472,Preventive,,0,,000030000448
WO-2032347,ASSET-00473,Corrective,BEARING-FAILURE,194,1594,000030000449
WO-2032348,ASSET-00473,Preventive,,0,,000030000449
WO-2032349,ASSET-00473,Corrective,BEARING-FAILURE,74,1497,000030000449
WO-2032350,ASSET-00473,Corrective,SPINDLE-SEIZURE,166,1311,000030000449
WO-2032351,ASSET-00474,Corrective,PNEUMATIC-LEAK,69,1249,000030000451
WO-2032352,ASSET-00474,Preventive,,0,,000030000451
WO-2032353,ASSET-00474,Corrective,CONTROLLER-FAULT,222,696,000030000451
WO-2032354,ASSET-00474,Corrective,MOTOR-BURNOUT,161,220,000030000451
WO-2032355,ASSET-00475,Corrective,PNEUMATIC-LEAK,197,550,000030000452
WO-2032356,ASSET-00475,Emergency,BEARING-FAILURE,536,935,000030000452
WO-2032357,ASSET-00476,Corrective,HYDRAULIC-LEAK,193,464,000030000453
WO-2032358,ASSET-00476,Corrective,CONTROLLER-FAULT,64,370,000030000453
WO-2032359,ASSET-00476,Corrective,SPINDLE-SEIZURE,197,757,000030000453
WO-2032360,ASSET-00476,Emergency,PNEUMATIC-LEAK,217,1853,000030000453
WO-2032361,ASSET-00476,Preventive,,0,,000030000453
WO-2032362,ASSET-00476,Preventive,,0,,000030000453
WO-2032363,ASSET-00476,Preventive,,0,,000030000453
WO-2032364,ASSET-00477,Preventive,,0,,000030000454
WO-2032365,ASSET-00477,Corrective,BEARING-FAILURE,230,819,000030000454
WO-2032366,ASSET-00477,Preventive,,0,,000030000454
WO-2032367,ASSET-00477,Preventive,,0,,000030000454
WO-2032368,ASSET-00478,Preventive,,0,,000030000455
WO-2032369,ASSET-00478,Preventive,,0,,000030000455
WO-2032370,ASSET-00478,Preventive,,0,,000030000455
WO-2032371,ASSET-00479,Corrective,BELT-FAILURE,180,1729,000030000456
WO-2032372,ASSET-00479,Preventive,,0,,000030000456
WO-2032373,ASSET-00479,Preventive,,0,,000030000456
WO-2032374,ASSET-00479,Emergency,HYDRAULIC-LEAK,595,1694,000030000456
WO-2032375,ASSET-00479,Preventive,,0,,000030000456
WO-2032376,ASSET-00479,Preventive,,0,,000030000456
WO-2032377,ASSET-00479,Corrective,SPINDLE-SEIZURE,173,1957,000030000456
WO-2032378,ASSET-00479,Preventive,,0,,000030000456
WO-2032379,ASSET-00479,Preventive,,0,,000030000456
WO-2032380,ASSET-00480,Preventive,,0,,000030000457
WO-2032381,ASSET-00480,Preventive,,0,,000030000457
WO-2032382,ASSET-00480,Preventive,,0,,000030000457
WO-2032383,ASSET-00481,Corrective,CALIBRATION-DRIFT,49,1286,000030000458
WO-2032384,ASSET-00481,Corrective,CALIBRATION-DRIFT,90,264,000030000458
WO-2032385,ASSET-00481,Emergency,MOTOR-BURNOUT,103,1814,000030000458
WO-2032386,ASSET-00481,Preventive,,0,,000030000458
WO-2032387,ASSET-00482,Corrective,SENSOR-FAULT,85,1317,000030000459
WO-2032388,ASSET-00482,Preventive,,0,,000030000459
WO-2032389,ASSET-00482,Preventive,,0,,000030000459
WO-2032390,ASSET-00482,Preventive,,0,,000030000459
WO-2032391,ASSET-00482,Corrective,SENSOR-FAULT,127,418,000030000459
WO-2032392,ASSET-00482,Preventive,,0,,000030000459
WO-2032393,ASSET-00482,Preventive,,0,,000030000459
WO-2032394,ASSET-00483,Corrective,BEARING-FAILURE,232,1431,000030000460
WO-2032395,ASSET-00484,Corrective,BEARING-FAILURE,220,603,000030000461
WO-2032396,ASSET-00484,Preventive,,0,,000030000461
WO-2032397,ASSET-00485,Preventive,,0,,000030000462
WO-2032398,ASSET-00485,Preventive,,0,,000030000462
WO-2032399,ASSET-00485,Corrective,MOTOR-BURNOUT,131,1464,000030000462
WO-2032400,ASSET-00485,Corrective,BEARING-FAILURE,141,1225,000030000462
WO-2032401,ASSET-00485,Preventive,,0,,000030000462
WO-2032402,ASSET-00486,Preventive,,0,,000030000463
WO-2032403,ASSET-00486,Corrective,HYDRAULIC-LEAK,32,564,000030000463
WO-2032404,ASSET-00486,Preventive,,0,,000030000463
WO-2032405,ASSET-00486,Emergency,SPINDLE-SEIZURE,367,882,000030000463
WO-2032406,ASSET-00487,Preventive,,0,,000030000464
WO-2032407,ASSET-00487,Corrective,BEARING-FAILURE,54,275,000030000464
WO-2032408,ASSET-00487,Preventive,,0,,000030000464
WO-2032409,ASSET-00487,Emergency,SENSOR-FAULT,478,235,000030000464
WO-2032410,ASSET-00487,Corrective,HYDRAULIC-LEAK,61,1712,000030000464
WO-2032411,ASSET-00488,Emergency,SPINDLE-SEIZURE,265,529,000030000465
WO-2032412,ASSET-00488,Preventive,,0,,000030000465
WO-2032413,ASSET-00488,Preventive,,0,,000030000465
WO-2032414,ASSET-00488,Preventive,,0,,000030000465
WO-2032415,ASSET-00488,Preventive,,0,,000030000465
WO-2032416,ASSET-00488,Corrective,BELT-FAILURE,72,316,000030000465
WO-2032417,ASSET-00488,Preventive,,0,,000030000465
WO-2032418,ASSET-00488,Emergency,HYDRAULIC-LEAK,352,726,000030000465
WO-2032419,ASSET-00488,Preventive,,0,,000030000465
WO-2032420,ASSET-00489,Corrective,HYDRAULIC-LEAK,216,413,000030000466
WO-2032421,ASSET-00489,Corrective,CONTROLLER-FAULT,81,1669,000030000466
WO-2032422,ASSET-00489,Corrective,BEARING-FAILURE,174,356,000030000466
WO-2032423,ASSET-00489,Corrective,HYDRAULIC-LEAK,232,1386,000030000466
WO-2032424,ASSET-00489,Corrective,SPINDLE-SEIZURE,155,1422,000030000466
WO-2032425,ASSET-00489,Preventive,,0,,000030000466
WO-2032426,ASSET-00490,Preventive,,0,,000030000467
WO-2032427,ASSET-00490,Preventive,,0,,000030000467
WO-2032428,ASSET-00490,Preventive,,0,,000030000467
WO-2032429,ASSET-00490,Preventive,,0,,000030000467
WO-2032430,ASSET-00490,Corrective,HYDRAULIC-LEAK,57,1333,000030000467
WO-2032431,ASSET-00490,Corrective,SENSOR-FAULT,153,1511,000030000467
WO-2032432,ASSET-00490,Preventive,,0,,000030000467
WO-2032433,ASSET-00490,Emergency,CALIBRATION-DRIFT,135,1029,000030000467
WO-2032434,ASSET-00490,Preventive,,0,,000030000467
WO-2032435,ASSET-00491,Preventive,,0,,000030000468
WO-2032436,ASSET-00491,Corrective,BEARING-FAILURE,146,1238,000030000468
WO-2032437,ASSET-00491,Corrective,SPINDLE-SEIZURE,52,1869,000030000468
WO-2032438,ASSET-00492,Corrective,DIE-WEAR,160,1681,000030000469
WO-2032439,ASSET-00492,Preventive,,0,,000030000469
WO-2032440,ASSET-00492,Emergency,SPINDLE-SEIZURE,560,658,000030000469
WO-2032441,ASSET-00492,Preventive,,0,,000030000469
WO-2032442,ASSET-00492,Corrective,MOTOR-BURNOUT,107,797,000030000469
WO-2032443,ASSET-00492,Corrective,SENSOR-FAULT,141,815,000030000469
WO-2032444,ASSET-00493,Corrective,SENSOR-FAULT,80,1940,000030000470
WO-2032445,ASSET-00493,Corrective,SPINDLE-SEIZURE,81,1450,000030000470
WO-2032446,ASSET-00493,Corrective,CALIBRATION-DRIFT,55,1486,000030000470
WO-2032447,ASSET-00493,Corrective,BELT-FAILURE,74,1285,000030000470
WO-2032448,ASSET-00493,Corrective,SPINDLE-SEIZURE,30,435,000030000470
WO-2032449,ASSET-00494,Corrective,PNEUMATIC-LEAK,182,1134,000030000471
WO-2032450,ASSET-00494,Corrective,SENSOR-FAULT,100,1482,000030000471
WO-2032451,ASSET-00494,Preventive,,0,,000030000471
WO-2032452,ASSET-00494,Corrective,SPINDLE-SEIZURE,63,399,000030000471
WO-2032453,ASSET-00494,Corrective,CALIBRATION-DRIFT,156,1732,000030000471
WO-2032454,ASSET-00495,Preventive,,0,,000030000472
WO-2032455,ASSET-00495,Preventive,,0,,000030000472
WO-2032456,ASSET-00495,Corrective,CALIBRATION-DRIFT,160,466,000030000472
WO-2032457,ASSET-00495,Emergency,MOTOR-BURNOUT,256,1877,000030000472
WO-2032458,ASSET-00495,Corrective,SENSOR-FAULT,237,221,000030000472
WO-2032459,ASSET-00495,Emergency,SPINDLE-SEIZURE,450,1565,000030000472
WO-2032460,ASSET-00495,Preventive,,0,,000030000472
WO-2032461,ASSET-00496,Preventive,,0,,000030000473
WO-2032462,ASSET-00496,Preventive,,0,,000030000473
WO-2032463,ASSET-00496,Corrective,CALIBRATION-DRIFT,46,944,000030000473
WO-2032464,ASSET-00496,Preventive,,0,,000030000473
WO-2032465,ASSET-00496,Preventive,,0,,000030000473
WO-2032466,ASSET-00497,Preventive,,0,,000030000474
WO-2032467,ASSET-00497,Preventive,,0,,000030000474
WO-2032468,ASSET-00497,Corrective,CONTROLLER-FAULT,211,1171,000030000474
WO-2032469,ASSET-00497,Preventive,,0,,000030000474
WO-2032470,ASSET-00497,Preventive,,0,,000030000474
WO-2032471,ASSET-00497,Corrective,SENSOR-FAULT,196,925,000030000474
WO-2032472,ASSET-00497,Corrective,BELT-FAILURE,40,478,000030000474
WO-2032473,ASSET-00497,Preventive,,0,,000030000474
WO-2032474,ASSET-00498,Preventive,,0,,000030000475
WO-2032475,ASSET-00498,Corrective,HYDRAULIC-LEAK,96,1854,000030000475
WO-2032476,ASSET-00498,Corrective,CALIBRATION-DRIFT,68,1369,000030000475
WO-2032477,ASSET-00498,Corrective,SENSOR-FAULT,35,1573,000030000475
WO-2032478,ASSET-00499,Corrective,HYDRAULIC-LEAK,183,921,000030000476
WO-2032479,ASSET-00499,Corrective,CALIBRATION-DRIFT,71,1979,000030000476
WO-2032480,ASSET-00499,Preventive,,0,,000030000476
WO-2032481,ASSET-00499,Corrective,DIE-WEAR,56,1501,000030000476
WO-2032482,ASSET-00499,Preventive,,0,,000030000476
WO-2032483,ASSET-00499,Preventive,,0,,000030000476
WO-2032484,ASSET-00499,Corrective,HYDRAULIC-LEAK,105,642,000030000476
WO-2032485,ASSET-00500,Preventive,,0,,000030000477
WO-2032486,ASSET-00500,Corrective,HYDRAULIC-LEAK,230,287,000030000477
WO-2032487,ASSET-00500,Preventive,,0,,000030000477
WO-2032488,ASSET-00500,Preventive,,0,,000030000477
WO-2032489,ASSET-00500,Preventive,,0,,000030000477
WO-2032490,ASSET-00500,Preventive,,0,,000030000477
WO-2032491,ASSET-00500,Preventive,,0,,000030000477
WO-2032492,ASSET-00500,Corrective,SPINDLE-SEIZURE,84,1274,000030000477
WO-2032493,ASSET-00501,Corrective,SPINDLE-SEIZURE,136,531,000030000478
WO-2032494,ASSET-00501,Corrective,CONTROLLER-FAULT,81,651,000030000478
WO-2032495,ASSET-00501,Corrective,BEARING-FAILURE,223,1891,000030000478
WO-2032496,ASSET-00501,Preventive,,0,,000030000478
WO-2032497,ASSET-00501,Preventive,,0,,000030000478
WO-2032498,ASSET-00502,Preventive,,0,,000030000479
WO-2032499,ASSET-00502,Preventive,,0,,000030000479
WO-2032500,ASSET-00502,Corrective,SPINDLE-SEIZURE,216,1130,000030000479
WO-2032501,ASSET-00502,Preventive,,0,,000030000479
WO-2032502,ASSET-00502,Emergency,HYDRAULIC-LEAK,268,1886,000030000479
WO-2032503,ASSET-00503,Preventive,,0,,000030000480
WO-2032504,ASSET-00503,Emergency,SENSOR-FAULT,580,969,000030000480
WO-2032505,ASSET-00503,Preventive,,0,,000030000480
WO-2032506,ASSET-00503,Preventive,,0,,000030000480
WO-2032507,ASSET-00503,Corrective,BELT-FAILURE,70,526,000030000480
WO-2032508,ASSET-00503,Emergency,SPINDLE-SEIZURE,239,1536,000030000480
WO-2032509,ASSET-00503,Preventive,,0,,000030000480
WO-2032510,ASSET-00504,Preventive,,0,,000030000481
WO-2032511,ASSET-00504,Emergency,HYDRAULIC-LEAK,104,684,000030000481
WO-2032512,ASSET-00504,Preventive,,0,,000030000481
WO-2032513,ASSET-00504,Preventive,,0,,000030000481
WO-2032514,ASSET-00504,Preventive,,0,,000030000481
WO-2032515,ASSET-00505,Corrective,SENSOR-FAULT,143,784,000030000482
WO-2032516,ASSET-00505,Corrective,MOTOR-BURNOUT,133,735,000030000482
WO-2032517,ASSET-00505,Preventive,,0,,000030000482
WO-2032518,ASSET-00505,Preventive,,0,,000030000482
WO-2032519,ASSET-00506,Emergency,CALIBRATION-DRIFT,195,1917,000030000483
WO-2032520,ASSET-00506,Preventive,,0,,000030000483
WO-2032521,ASSET-00506,Corrective,SENSOR-FAULT,182,1763,000030000483
WO-2032522,ASSET-00506,Preventive,,0,,000030000483
WO-2032523,ASSET-00506,Preventive,,0,,000030000483
WO-2032524,ASSET-00506,Preventive,,0,,000030000483
WO-2032525,ASSET-00506,Corrective,HYDRAULIC-LEAK,36,1704,000030000483
WO-2032526,ASSET-00506,Preventive,,0,,000030000483
WO-2032527,ASSET-00506,Preventive,,0,,000030000483
WO-2032528,ASSET-00507,Preventive,,0,,000030000484
WO-2032529,ASSET-00507,Preventive,,0,,000030000484
WO-2032530,ASSET-00507,Preventive,,0,,000030000484
WO-2032531,ASSET-00507,Corrective,SPINDLE-SEIZURE,120,1498,000030000484
WO-2032532,ASSET-00507,Preventive,,0,,000030000484
WO-2032533,ASSET-00507,Corrective,BEARING-FAILURE,46,1679,000030000484
WO-2032534,ASSET-00507,Preventive,,0,,000030000484
WO-2032535,ASSET-00507,Preventive,,0,,000030000484
WO-2032536,ASSET-00507,Corrective,CONTROLLER-FAULT,152,474,000030000484
WO-2032537,ASSET-00508,Preventive,,0,,000030000485
WO-2032538,ASSET-00508,Preventive,,0,,000030000485
WO-2032539,ASSET-00508,Corrective,DIE-WEAR,141,1729,000030000485
WO-2032540,ASSET-00508,Corrective,BEARING-FAILURE,62,1509,000030000485
WO-2032541,ASSET-00508,Emergency,HYDRAULIC-LEAK,574,203,000030000485
WO-2032542,ASSET-00509,Corrective,MOTOR-BURNOUT,107,776,000030000486
WO-2032543,ASSET-00509,Preventive,,0,,000030000486
WO-2032544,ASSET-00509,Preventive,,0,,000030000486
WO-2032545,ASSET-00509,Emergency,CONTROLLER-FAULT,593,1366,000030000486
WO-2032546,ASSET-00509,Corrective,PNEUMATIC-LEAK,58,315,000030000486
WO-2032547,ASSET-00510,Emergency,PNEUMATIC-LEAK,227,1857,000030000487
WO-2032548,ASSET-00510,Emergency,BEARING-FAILURE,269,1594,000030000487
WO-2032549,ASSET-00510,Preventive,,0,,000030000487
WO-2032550,ASSET-00510,Preventive,,0,,000030000487
WO-2032551,ASSET-00510,Preventive,,0,,000030000487
WO-2032552,ASSET-00511,Corrective,PNEUMATIC-LEAK,173,1833,000030000488
WO-2032553,ASSET-00511,Emergency,HYDRAULIC-LEAK,558,1926,000030000488
WO-2032554,ASSET-00511,Corrective,CALIBRATION-DRIFT,121,358,000030000488
WO-2032555,ASSET-00511,Preventive,,0,,000030000488
WO-2032556,ASSET-00511,Preventive,,0,,000030000488
WO-2032557,ASSET-00512,Preventive,,0,,000030000489
WO-2032558,ASSET-00512,Corrective,DIE-WEAR,42,987,000030000489
WO-2032559,ASSET-00512,Preventive,,0,,000030000489
WO-2032560,ASSET-00513,Preventive,,0,,000030000490
WO-2032561,ASSET-00513,Preventive,,0,,000030000490
WO-2032562,ASSET-00513,Corrective,SENSOR-FAULT,221,1256,000030000490
WO-2032563,ASSET-00513,Preventive,,0,,000030000490
WO-2032564,ASSET-00513,Preventive,,0,,000030000490
WO-2032565,ASSET-00514,Preventive,,0,,000030000491
WO-2032566,ASSET-00514,Corrective,DIE-WEAR,76,1820,000030000491
WO-2032567,ASSET-00514,Preventive,,0,,000030000491
WO-2032568,ASSET-00514,Preventive,,0,,000030000491
WO-2032569,ASSET-00514,Preventive,,0,,000030000491
WO-2032570,ASSET-00514,Corrective,MOTOR-BURNOUT,134,764,000030000491
WO-2032571,ASSET-00514,Corrective,CALIBRATION-DRIFT,111,267,000030000491
WO-2032572,ASSET-00515,Emergency,CONTROLLER-FAULT,187,1723,000030000492
WO-2032573,ASSET-00515,Emergency,CALIBRATION-DRIFT,502,598,000030000492
WO-2032574,ASSET-00515,Preventive,,0,,000030000492
WO-2032575,ASSET-00515,Preventive,,0,,000030000492
WO-2032576,ASSET-00515,Preventive,,0,,000030000492
WO-2032577,ASSET-00516,Preventive,,0,,000030000493
WO-2032578,ASSET-00516,Preventive,,0,,000030000493
WO-2032579,ASSET-00516,Preventive,,0,,000030000493
WO-2032580,ASSET-00516,Emergency,MOTOR-BURNOUT,254,1078,000030000493
WO-2032581,ASSET-00516,Preventive,,0,,000030000493
WO-2032582,ASSET-00517,Preventive,,0,,000030000494
WO-2032583,ASSET-00517,Corrective,HYDRAULIC-LEAK,182,525,000030000494
WO-2032584,ASSET-00518,Emergency,CONTROLLER-FAULT,556,1356,000030000495
WO-2032585,ASSET-00518,Preventive,,0,,000030000495
WO-2032586,ASSET-00518,Corrective,BEARING-FAILURE,43,1608,000030000495
WO-2032587,ASSET-00518,Corrective,DIE-WEAR,62,230,000030000495
WO-2032588,ASSET-00518,Preventive,,0,,000030000495
WO-2032589,ASSET-00518,Corrective,CONTROLLER-FAULT,43,886,000030000495
WO-2032590,ASSET-00518,Preventive,,0,,000030000495
WO-2032591,ASSET-00519,Preventive,,0,,000030000496
WO-2032592,ASSET-00519,Preventive,,0,,000030000496
WO-2032593,ASSET-00520,Emergency,BEARING-FAILURE,67,1890,000030000497
WO-2032594,ASSET-00520,Preventive,,0,,000030000497
WO-2032595,ASSET-00520,Corrective,SENSOR-FAULT,96,1458,000030000497
WO-2032596,ASSET-00520,Corrective,DIE-WEAR,239,853,000030000497
WO-2032597,ASSET-00520,Preventive,,0,,000030000497
WO-2032598,ASSET-00520,Corrective,DIE-WEAR,146,1961,000030000497
WO-2032599,ASSET-00520,Corrective,CONTROLLER-FAULT,71,965,000030000497
WO-2032600,ASSET-00520,Corrective,HYDRAULIC-LEAK,171,301,000030000497
WO-2032601,ASSET-00520,Corrective,DIE-WEAR,118,1568,000030000497
WO-2032602,ASSET-00520,Corrective,CALIBRATION-DRIFT,214,1872,000030000497
WO-2032603,ASSET-00521,Emergency,HYDRAULIC-LEAK,275,1556,000030000498
WO-2032604,ASSET-00521,Preventive,,0,,000030000498
WO-2032605,ASSET-00521,Corrective,SPINDLE-SEIZURE,213,714,000030000498
WO-2032606,ASSET-00521,Preventive,,0,,000030000498
WO-2032607,ASSET-00521,Corrective,DIE-WEAR,53,1903,000030000498
WO-2032608,ASSET-00522,Preventive,,0,,000030000499
WO-2032609,ASSET-00522,Preventive,,0,,000030000499
WO-2032610,ASSET-00522,Preventive,,0,,000030000499
WO-2032611,ASSET-00522,Preventive,,0,,000030000499
WO-2032612,ASSET-00523,Corrective,SPINDLE-SEIZURE,33,1500,000030000500
WO-2032613,ASSET-00523,Preventive,,0,,000030000500
WO-2032614,ASSET-00523,Corrective,SPINDLE-SEIZURE,188,894,000030000500
WO-2032615,ASSET-00523,Corrective,PNEUMATIC-LEAK,152,1327,000030000500
WO-2032616,ASSET-00523,Corrective,DIE-WEAR,151,1180,000030000500
WO-2032617,ASSET-00523,Emergency,BELT-FAILURE,479,726,000030000500
WO-2032618,ASSET-00523,Preventive,,0,,000030000500
WO-2032619,ASSET-00524,Corrective,DIE-WEAR,234,1105,000030000501
WO-2032620,ASSET-00524,Emergency,MOTOR-BURNOUT,269,1104,000030000501
WO-2032621,ASSET-00524,Preventive,,0,,000030000501
WO-2032622,ASSET-00524,Corrective,PNEUMATIC-LEAK,195,1067,000030000501
WO-2032623,ASSET-00524,Preventive,,0,,000030000501
WO-2032624,ASSET-00524,Preventive,,0,,000030000501
WO-2032625,ASSET-00524,Corrective,SENSOR-FAULT,87,415,000030000501
WO-2032626,ASSET-00524,Preventive,,0,,000030000501
WO-2032627,ASSET-00524,Preventive,,0,,000030000501
WO-2032628,ASSET-00525,Preventive,,0,,000030000502
WO-2032629,ASSET-00525,Corrective,SENSOR-FAULT,115,596,000030000502
WO-2032630,ASSET-00525,Emergency,MOTOR-BURNOUT,124,237,000030000502
WO-2032631,ASSET-00525,Emergency,CONTROLLER-FAULT,349,1360,000030000502
WO-2032632,ASSET-00525,Corrective,MOTOR-BURNOUT,113,1477,000030000502
WO-2032633,ASSET-00525,Preventive,,0,,000030000502
WO-2032634,ASSET-00525,Corrective,BELT-FAILURE,33,991,000030000502
WO-2032635,ASSET-00526,Preventive,,0,,000030000503
WO-2032636,ASSET-00526,Preventive,,0,,000030000503
WO-2032637,ASSET-00526,Corrective,BELT-FAILURE,143,880,000030000503
WO-2032638,ASSET-00526,Preventive,,0,,000030000503
WO-2032639,ASSET-00526,Corrective,CONTROLLER-FAULT,118,1680,000030000503
WO-2032640,ASSET-00526,Preventive,,0,,000030000503
WO-2032641,ASSET-00526,Emergency,BELT-FAILURE,192,568,000030000503
WO-2032642,ASSET-00527,Corrective,CONTROLLER-FAULT,104,648,000030000504
WO-2032643,ASSET-00528,Preventive,,0,,000030000505
WO-2032644,ASSET-00528,Emergency,PNEUMATIC-LEAK,405,1078,000030000505
WO-2032645,ASSET-00528,Preventive,,0,,000030000505
WO-2032646,ASSET-00529,Corrective,SPINDLE-SEIZURE,31,313,000030000506
WO-2032647,ASSET-00529,Preventive,,0,,000030000506
WO-2032648,ASSET-00529,Preventive,,0,,000030000506
WO-2032649,ASSET-00529,Emergency,HYDRAULIC-LEAK,289,379,000030000506
WO-2032650,ASSET-00530,Corrective,CALIBRATION-DRIFT,86,1268,000030000507
WO-2032651,ASSET-00530,Corrective,CALIBRATION-DRIFT,180,671,000030000507
WO-2032652,ASSET-00530,Preventive,,0,,000030000507
WO-2032653,ASSET-00530,Emergency,CALIBRATION-DRIFT,147,410,000030000507
WO-2032654,ASSET-00530,Preventive,,0,,000030000507
WO-2032655,ASSET-00530,Emergency,SENSOR-FAULT,70,1771,000030000507
WO-2032656,ASSET-00531,Preventive,,0,,000030000508
WO-2032657,ASSET-00531,Corrective,PNEUMATIC-LEAK,65,638,000030000508
WO-2032658,ASSET-00531,Preventive,,0,,000030000508
WO-2032659,ASSET-00531,Corrective,MOTOR-BURNOUT,221,958,000030000508
WO-2032660,ASSET-00532,Preventive,,0,,000030000509
WO-2032661,ASSET-00532,Preventive,,0,,000030000509
WO-2032662,ASSET-00532,Preventive,,0,,000030000509
WO-2032663,ASSET-00533,Emergency,SENSOR-FAULT,96,244,000030000510
WO-2032664,ASSET-00533,Preventive,,0,,000030000510
WO-2032665,ASSET-00533,Preventive,,0,,000030000510
WO-2032666,ASSET-00533,Emergency,BEARING-FAILURE,500,240,000030000510
WO-2032667,ASSET-00534,Preventive,,0,,000030000511
WO-2032668,ASSET-00534,Preventive,,0,,000030000511
WO-2032669,ASSET-00534,Corrective,BEARING-FAILURE,183,1532,000030000511
WO-2032670,ASSET-00534,Preventive,,0,,000030000511
WO-2032671,ASSET-00534,Corrective,HYDRAULIC-LEAK,230,1104,000030000511
WO-2032672,ASSET-00534,Corrective,MOTOR-BURNOUT,75,1890,000030000511
WO-2032673,ASSET-00534,Preventive,,0,,000030000511
WO-2032674,ASSET-00535,Corrective,BEARING-FAILURE,32,642,000030000512
WO-2032675,ASSET-00536,Preventive,,0,,000030000513
WO-2032676,ASSET-00536,Preventive,,0,,000030000513
WO-2032677,ASSET-00536,Corrective,BEARING-FAILURE,178,267,000030000513
WO-2032678,ASSET-00537,Preventive,,0,,000030000514
WO-2032679,ASSET-00537,Preventive,,0,,000030000514
WO-2032680,ASSET-00537,Corrective,MOTOR-BURNOUT,39,1463,000030000514
WO-2032681,ASSET-00537,Preventive,,0,,000030000514
WO-2032682,ASSET-00537,Corrective,MOTOR-BURNOUT,141,1163,000030000514
WO-2032683,ASSET-00537,Preventive,,0,,000030000514
WO-2032684,ASSET-00538,Preventive,,0,,000030000515
WO-2032685,ASSET-00538,Preventive,,0,,000030000515
WO-2032686,ASSET-00538,Corrective,SENSOR-FAULT,184,1250,000030000515
WO-2032687,ASSET-00538,Preventive,,0,,000030000515
WO-2032688,ASSET-00538,Preventive,,0,,000030000515
WO-2032689,ASSET-00538,Preventive,,0,,000030000515
WO-2032690,ASSET-00538,Preventive,,0,,000030000515
WO-2032691,ASSET-00538,Preventive,,0,,000030000515
WO-2032692,ASSET-00539,Preventive,,0,,000030000516
WO-2032693,ASSET-00539,Preventive,,0,,000030000516
WO-2032694,ASSET-00539,Corrective,SENSOR-FAULT,123,416,000030000516
WO-2032695,ASSET-00539,Preventive,,0,,000030000516
WO-2032696,ASSET-00539,Corrective,SENSOR-FAULT,98,408,000030000516
WO-2032697,ASSET-00540,Preventive,,0,,000030000517
WO-2032698,ASSET-00540,Preventive,,0,,000030000517
WO-2032699,ASSET-00540,Corrective,CALIBRATION-DRIFT,145,1265,000030000517
WO-2032700,ASSET-00540,Emergency,BEARING-FAILURE,82,1236,000030000517
WO-2032701,ASSET-00540,Corrective,SPINDLE-SEIZURE,125,683,000030000517
WO-2032702,ASSET-00540,Preventive,,0,,000030000517
WO-2032703,ASSET-00540,Corrective,BELT-FAILURE,43,1848,000030000517
WO-2032704,ASSET-00541,Preventive,,0,,000030000518
WO-2032705,ASSET-00541,Corrective,BELT-FAILURE,55,258,000030000518
WO-2032706,ASSET-00541,Preventive,,0,,000030000518
WO-2032707,ASSET-00541,Corrective,MOTOR-BURNOUT,232,1904,000030000518
WO-2032708,ASSET-00541,Preventive,,0,,000030000518
WO-2032709,ASSET-00541,Corrective,PNEUMATIC-LEAK,172,1103,000030000518
WO-2032710,ASSET-00542,Emergency,DIE-WEAR,246,411,000030000519
WO-2032711,ASSET-00542,Preventive,,0,,000030000519
WO-2032712,ASSET-00542,Corrective,HYDRAULIC-LEAK,67,1858,000030000519
WO-2032713,ASSET-00542,Corrective,HYDRAULIC-LEAK,86,533,000030000519
WO-2032714,ASSET-00543,Preventive,,0,,000030000520
WO-2032715,ASSET-00543,Preventive,,0,,000030000520
WO-2032716,ASSET-00544,Emergency,CONTROLLER-FAULT,126,468,000030000521
WO-2032717,ASSET-00544,Emergency,SPINDLE-SEIZURE,445,609,000030000521
WO-2032718,ASSET-00544,Corrective,BELT-FAILURE,127,1159,000030000521
WO-2032719,ASSET-00544,Corrective,PNEUMATIC-LEAK,187,1397,000030000521
WO-2032720,ASSET-00545,Corrective,PNEUMATIC-LEAK,71,1453,000030000522
WO-2032721,ASSET-00545,Corrective,MOTOR-BURNOUT,50,1964,000030000522
WO-2032722,ASSET-00545,Corrective,SPINDLE-SEIZURE,107,824,000030000522
WO-2032723,ASSET-00545,Emergency,BELT-FAILURE,221,305,000030000522
WO-2032724,ASSET-00545,Preventive,,0,,000030000522
WO-2032725,ASSET-00545,Corrective,SPINDLE-SEIZURE,138,1191,000030000522
WO-2032726,ASSET-00545,Corrective,SENSOR-FAULT,155,528,000030000522
WO-2032727,ASSET-00546,Preventive,,0,,000030000523
WO-2032728,ASSET-00546,Preventive,,0,,000030000523
WO-2032729,ASSET-00546,Corrective,CONTROLLER-FAULT,214,1704,000030000523
WO-2032730,ASSET-00546,Preventive,,0,,000030000523
WO-2032731,ASSET-00546,Preventive,,0,,000030000523
WO-2032732,ASSET-00546,Corrective,CONTROLLER-FAULT,91,1229,000030000523
WO-2032733,ASSET-00547,Preventive,,0,,000030000524
WO-2032734,ASSET-00547,Preventive,,0,,000030000524
WO-2032735,ASSET-00547,Preventive,,0,,000030000524
WO-2032736,ASSET-00547,Preventive,,0,,000030000524
WO-2032737,ASSET-00547,Emergency,BELT-FAILURE,95,290,000030000524
WO-2032738,ASSET-00547,Emergency,BEARING-FAILURE,420,1178,000030000524
WO-2032739,ASSET-00547,Corrective,CONTROLLER-FAULT,123,1578,000030000524
WO-2032740,ASSET-00547,Preventive,,0,,000030000524
WO-2032741,ASSET-00548,Corrective,SPINDLE-SEIZURE,77,824,000030000525
WO-2032742,ASSET-00549,Corrective,CONTROLLER-FAULT,147,1814,000030000526
WO-2032743,ASSET-00549,Preventive,,0,,000030000526
WO-2032744,ASSET-00549,Corrective,MOTOR-BURNOUT,158,707,000030000526
WO-2032745,ASSET-00550,Emergency,CALIBRATION-DRIFT,514,1979,000030000527
WO-2032746,ASSET-00550,Preventive,,0,,000030000527
WO-2032747,ASSET-00550,Corrective,PNEUMATIC-LEAK,228,864,000030000527
WO-2032748,ASSET-00550,Preventive,,0,,000030000527
WO-2032749,ASSET-00550,Corrective,DIE-WEAR,221,1323,000030000527
WO-2032750,ASSET-00551,Corrective,CALIBRATION-DRIFT,40,279,000030000528
WO-2032751,ASSET-00551,Preventive,,0,,000030000528
WO-2032752,ASSET-00551,Preventive,,0,,000030000528
WO-2032753,ASSET-00552,Preventive,,0,,000030000529
WO-2032754,ASSET-00552,Corrective,BELT-FAILURE,165,704,000030000529
WO-2032755,ASSET-00552,Preventive,,0,,000030000529
WO-2032756,ASSET-00552,Preventive,,0,,000030000529
WO-2032757,ASSET-00552,Preventive,,0,,000030000529
WO-2032758,ASSET-00552,Preventive,,0,,000030000529
WO-2032759,ASSET-00552,Corrective,MOTOR-BURNOUT,70,775,000030000529
WO-2032760,ASSET-00552,Preventive,,0,,000030000529
WO-2032761,ASSET-00553,Emergency,BELT-FAILURE,385,1346,000030000530
WO-2032762,ASSET-00553,Corrective,BELT-FAILURE,52,1723,000030000530
WO-2032763,ASSET-00553,Preventive,,0,,000030000530
WO-2032764,ASSET-00554,Corrective,DIE-WEAR,39,472,000030000531
WO-2032765,ASSET-00554,Corrective,MOTOR-BURNOUT,47,1533,000030000531
WO-2032766,ASSET-00554,Corrective,CONTROLLER-FAULT,208,779,000030000531
WO-2032767,ASSET-00554,Preventive,,0,,000030000531
WO-2032768,ASSET-00554,Corrective,MOTOR-BURNOUT,207,1284,000030000531
WO-2032769,ASSET-00555,Preventive,,0,,000030000532
WO-2032770,ASSET-00555,Preventive,,0,,000030000532
WO-2032771,ASSET-00555,Corrective,CALIBRATION-DRIFT,111,1604,000030000532
WO-2032772,ASSET-00555,Preventive,,0,,000030000532
WO-2032773,ASSET-00556,Emergency,SPINDLE-SEIZURE,292,503,000030000533
WO-2032774,ASSET-00556,Corrective,SPINDLE-SEIZURE,120,1582,000030000533
WO-2032775,ASSET-00557,Preventive,,0,,000030000534
WO-2032776,ASSET-00557,Corrective,HYDRAULIC-LEAK,139,1629,000030000534
WO-2032777,ASSET-00557,Corrective,BELT-FAILURE,156,354,000030000534
WO-2032778,ASSET-00557,Corrective,HYDRAULIC-LEAK,206,1914,000030000534
WO-2032779,ASSET-00557,Preventive,,0,,000030000534
WO-2032780,ASSET-00557,Emergency,SENSOR-FAULT,234,234,000030000534
WO-2032781,ASSET-00557,Corrective,SENSOR-FAULT,162,626,000030000534
WO-2032782,ASSET-00558,Preventive,,0,,000030000535
WO-2032783,ASSET-00558,Corrective,HYDRAULIC-LEAK,84,730,000030000535
WO-2032784,ASSET-00558,Corrective,BEARING-FAILURE,162,549,000030000535
WO-2032785,ASSET-00558,Preventive,,0,,000030000535
WO-2032786,ASSET-00558,Corrective,DIE-WEAR,139,665,000030000535
WO-2032787,ASSET-00558,Preventive,,0,,000030000535
WO-2032788,ASSET-00559,Preventive,,0,,000030000536
WO-2032789,ASSET-00559,Corrective,PNEUMATIC-LEAK,52,704,000030000536
WO-2032790,ASSET-00559,Preventive,,0,,000030000536
WO-2032791,ASSET-00559,Corrective,PNEUMATIC-LEAK,234,1120,000030000536
WO-2032792,ASSET-00560,Corrective,HYDRAULIC-LEAK,181,764,000030000537
WO-2032793,ASSET-00560,Preventive,,0,,000030000537
WO-2032794,ASSET-00560,Preventive,,0,,000030000537
WO-2032795,ASSET-00560,Preventive,,0,,000030000537
WO-2032796,ASSET-00560,Preventive,,0,,000030000537
WO-2032797,ASSET-00560,Preventive,,0,,000030000537
WO-2032798,ASSET-00560,Corrective,CALIBRATION-DRIFT,136,1004,000030000537
WO-2032799,ASSET-00560,Preventive,,0,,000030000537
WO-2032800,ASSET-00561,Preventive,,0,,000030000538
WO-2032801,ASSET-00562,Emergency,SPINDLE-SEIZURE,245,1502,000030000539
WO-2032802,ASSET-00562,Emergency,SPINDLE-SEIZURE,432,1274,000030000539
WO-2032803,ASSET-00562,Corrective,SPINDLE-SEIZURE,203,1828,000030000539
WO-2032804,ASSET-00563,Preventive,,0,,000030000540
WO-2032805,ASSET-00563,Corrective,CALIBRATION-DRIFT,197,287,000030000540
WO-2032806,ASSET-00563,Corrective,SPINDLE-SEIZURE,191,803,000030000540
WO-2032807,ASSET-00563,Corrective,SENSOR-FAULT,104,475,000030000540
WO-2032808,ASSET-00563,Preventive,,0,,000030000540
WO-2032809,ASSET-00563,Emergency,SENSOR-FAULT,163,503,000030000540
WO-2032810,ASSET-00563,Preventive,,0,,000030000540
WO-2032811,ASSET-00564,Corrective,MOTOR-BURNOUT,157,426,000030000541
WO-2032812,ASSET-00564,Corrective,CALIBRATION-DRIFT,160,409,000030000541
WO-2032813,ASSET-00564,Corrective,BELT-FAILURE,90,850,000030000541
WO-2032814,ASSET-00564,Corrective,BEARING-FAILURE,132,216,000030000541
WO-2032815,ASSET-00564,Corrective,BEARING-FAILURE,150,457,000030000541
WO-2032816,ASSET-00565,Corrective,CONTROLLER-FAULT,203,583,000030000542
WO-2032817,ASSET-00565,Preventive,,0,,000030000542
WO-2032818,ASSET-00565,Corrective,CONTROLLER-FAULT,169,1580,000030000542
WO-2032819,ASSET-00565,Preventive,,0,,000030000542
WO-2032820,ASSET-00565,Emergency,CALIBRATION-DRIFT,140,479,000030000542
WO-2032821,ASSET-00565,Preventive,,0,,000030000542
WO-2032822,ASSET-00565,Corrective,CALIBRATION-DRIFT,234,556,000030000542
WO-2032823,ASSET-00566,Corrective,MOTOR-BURNOUT,236,940,000030000543
WO-2032824,ASSET-00566,Preventive,,0,,000030000543
WO-2032825,ASSET-00566,Preventive,,0,,000030000543
WO-2032826,ASSET-00566,Preventive,,0,,000030000543
WO-2032827,ASSET-00566,Preventive,,0,,000030000543
WO-2032828,ASSET-00567,Corrective,BEARING-FAILURE,83,1083,000030000544
WO-2032829,ASSET-00567,Emergency,BEARING-FAILURE,181,1988,000030000544
WO-2032830,ASSET-00567,Corrective,DIE-WEAR,96,732,000030000544
WO-2032831,ASSET-00567,Corrective,CONTROLLER-FAULT,109,963,000030000544
WO-2032832,ASSET-00567,Preventive,,0,,000030000544
WO-2032833,ASSET-00568,Emergency,BEARING-FAILURE,329,1087,000030000545
WO-2032834,ASSET-00568,Preventive,,0,,000030000545
WO-2032835,ASSET-00568,Emergency,PNEUMATIC-LEAK,206,1037,000030000545
WO-2032836,ASSET-00568,Emergency,CALIBRATION-DRIFT,103,317,000030000545
WO-2032837,ASSET-00568,Emergency,SENSOR-FAULT,313,956,000030000545
WO-2032838,ASSET-00568,Preventive,,0,,000030000545
WO-2032839,ASSET-00568,Preventive,,0,,000030000545
WO-2032840,ASSET-00568,Preventive,,0,,000030000545
WO-2032841,ASSET-00569,Corrective,PNEUMATIC-LEAK,124,1913,000030000546
WO-2032842,ASSET-00569,Emergency,SENSOR-FAULT,174,1859,000030000546
WO-2032843,ASSET-00569,Corrective,BELT-FAILURE,194,486,000030000546
WO-2032844,ASSET-00569,Preventive,,0,,000030000546
WO-2032845,ASSET-00569,Preventive,,0,,000030000546
WO-2032846,ASSET-00569,Preventive,,0,,000030000546
WO-2032847,ASSET-00570,Preventive,,0,,000030000547
WO-2032848,ASSET-00570,Corrective,MOTOR-BURNOUT,227,205,000030000547
WO-2032849,ASSET-00570,Preventive,,0,,000030000547
WO-2032850,ASSET-00570,Preventive,,0,,000030000547
WO-2032851,ASSET-00570,Preventive,,0,,000030000547
WO-2032852,ASSET-00570,Preventive,,0,,000030000547
WO-2032853,ASSET-00571,Corrective,BEARING-FAILURE,65,1084,000030000548
WO-2032854,ASSET-00571,Preventive,,0,,000030000548
WO-2032855,ASSET-00571,Preventive,,0,,000030000548
WO-2032856,ASSET-00571,Preventive,,0,,000030000548
WO-2032857,ASSET-00571,Preventive,,0,,000030000548
WO-2032858,ASSET-00571,Corrective,DIE-WEAR,113,1689,000030000548
WO-2032859,ASSET-00572,Preventive,,0,,000030000549
WO-2032860,ASSET-00572,Preventive,,0,,000030000549
WO-2032861,ASSET-00572,Preventive,,0,,000030000549
WO-2032862,ASSET-00572,Corrective,HYDRAULIC-LEAK,147,361,000030000549
WO-2032863,ASSET-00573,Preventive,,0,,000030000550
WO-2032864,ASSET-00573,Corrective,BELT-FAILURE,203,1930,000030000550
WO-2032865,ASSET-00573,Emergency,SPINDLE-SEIZURE,327,266,000030000550
WO-2032866,ASSET-00573,Emergency,PNEUMATIC-LEAK,412,1921,000030000550
WO-2032867,ASSET-00574,Preventive,,0,,000030000551
WO-2032868,ASSET-00575,Corrective,SPINDLE-SEIZURE,77,931,000030000552
WO-2032869,ASSET-00575,Preventive,,0,,000030000552
WO-2032870,ASSET-00575,Preventive,,0,,000030000552
WO-2032871,ASSET-00575,Preventive,,0,,000030000552
WO-2032872,ASSET-00575,Preventive,,0,,000030000552
WO-2032873,ASSET-00576,Preventive,,0,,000030000553
WO-2032874,ASSET-00576,Preventive,,0,,000030000553
WO-2032875,ASSET-00576,Preventive,,0,,000030000553
WO-2032876,ASSET-00576,Corrective,SENSOR-FAULT,137,1387,000030000553
WO-2032877,ASSET-00577,Preventive,,0,,000030000554
WO-2032878,ASSET-00577,Emergency,DIE-WEAR,87,866,000030000554
WO-2032879,ASSET-00577,Corrective,SPINDLE-SEIZURE,226,1676,000030000554
WO-2032880,ASSET-00578,Corrective,DIE-WEAR,86,1142,000030000555
WO-2032881,ASSET-00578,Preventive,,0,,000030000555
WO-2032882,ASSET-00578,Preventive,,0,,000030000555
WO-2032883,ASSET-00578,Preventive,,0,,000030000555
WO-2032884,ASSET-00579,Preventive,,0,,000030000556
WO-2032885,ASSET-00579,Corrective,SENSOR-FAULT,164,203,000030000556
WO-2032886,ASSET-00579,Preventive,,0,,000030000556
WO-2032887,ASSET-00579,Preventive,,0,,000030000556
WO-2032888,ASSET-00580,Preventive,,0,,000030000557
WO-2032889,ASSET-00580,Corrective,CALIBRATION-DRIFT,239,1864,000030000557
WO-2032890,ASSET-00580,Preventive,,0,,000030000557
WO-2032891,ASSET-00580,Corrective,BELT-FAILURE,172,626,000030000557
WO-2032892,ASSET-00580,Emergency,SENSOR-FAULT,246,1556,000030000557
WO-2032893,ASSET-00581,Corrective,SPINDLE-SEIZURE,56,1700,000030000558
WO-2032894,ASSET-00581,Preventive,,0,,000030000558
WO-2032895,ASSET-00581,Emergency,DIE-WEAR,507,672,000030000558
WO-2032896,ASSET-00581,Preventive,,0,,000030000558
WO-2032897,ASSET-00581,Preventive,,0,,000030000558
WO-2032898,ASSET-00582,Preventive,,0,,000030000559
WO-2032899,ASSET-00582,Preventive,,0,,000030000559
WO-2032900,ASSET-00582,Preventive,,0,,000030000559
WO-2032901,ASSET-00582,Preventive,,0,,000030000559
WO-2032902,ASSET-00582,Preventive,,0,,000030000559
WO-2032903,ASSET-00583,Preventive,,0,,000030000560
WO-2032904,ASSET-00583,Corrective,PNEUMATIC-LEAK,65,1170,000030000560
WO-2032905,ASSET-00583,Corrective,BELT-FAILURE,149,1352,000030000560
WO-2032906,ASSET-00583,Corrective,HYDRAULIC-LEAK,77,336,000030000560
WO-2032907,ASSET-00583,Preventive,,0,,000030000560
WO-2032908,ASSET-00583,Corrective,HYDRAULIC-LEAK,71,999,000030000560
WO-2032909,ASSET-00583,Corrective,DIE-WEAR,68,758,000030000560
WO-2032910,ASSET-00584,Corrective,DIE-WEAR,52,265,000030000561
WO-2032911,ASSET-00584,Corrective,SPINDLE-SEIZURE,161,244,000030000561
WO-2032912,ASSET-00584,Preventive,,0,,000030000561
WO-2032913,ASSET-00584,Preventive,,0,,000030000561
WO-2032914,ASSET-00584,Emergency,BEARING-FAILURE,201,227,000030000561
WO-2032915,ASSET-00584,Preventive,,0,,000030000561
WO-2032916,ASSET-00584,Preventive,,0,,000030000561
WO-2032917,ASSET-00585,Preventive,,0,,000030000562
WO-2032918,ASSET-00585,Corrective,HYDRAULIC-LEAK,175,344,000030000562
WO-2032919,ASSET-00585,Preventive,,0,,000030000562
WO-2032920,ASSET-00585,Corrective,BELT-FAILURE,145,1034,000030000562
WO-2032921,ASSET-00585,Corrective,PNEUMATIC-LEAK,56,1840,000030000562
WO-2032922,ASSET-00585,Emergency,PNEUMATIC-LEAK,168,1082,000030000562
WO-2032923,ASSET-00586,Preventive,,0,,000030000563
WO-2032924,ASSET-00586,Corrective,BELT-FAILURE,149,1670,000030000563
WO-2032925,ASSET-00586,Preventive,,0,,000030000563
WO-2032926,ASSET-00586,Preventive,,0,,000030000563
WO-2032927,ASSET-00586,Preventive,,0,,000030000563
WO-2032928,ASSET-00586,Preventive,,0,,000030000563
WO-2032929,ASSET-00587,Preventive,,0,,000030000564
WO-2032930,ASSET-00587,Corrective,CALIBRATION-DRIFT,88,631,000030000564
WO-2032931,ASSET-00587,Preventive,,0,,000030000564
WO-2032932,ASSET-00587,Emergency,SENSOR-FAULT,576,1071,000030000564
WO-2032933,ASSET-00588,Corrective,SENSOR-FAULT,73,628,000030000565
WO-2032934,ASSET-00588,Emergency,SPINDLE-SEIZURE,327,1036,000030000565
WO-2032935,ASSET-00588,Emergency,PNEUMATIC-LEAK,520,923,000030000565
WO-2032936,ASSET-00588,Emergency,MOTOR-BURNOUT,368,1613,000030000565
WO-2032937,ASSET-00589,Corrective,BELT-FAILURE,155,403,000030000566
WO-2032938,ASSET-00589,Preventive,,0,,000030000566
WO-2032939,ASSET-00589,Preventive,,0,,000030000566
WO-2032940,ASSET-00590,Preventive,,0,,000030000567
WO-2032941,ASSET-00590,Corrective,CONTROLLER-FAULT,155,686,000030000567
WO-2032942,ASSET-00590,Preventive,,0,,000030000567
WO-2032943,ASSET-00590,Corrective,SPINDLE-SEIZURE,154,636,000030000567
WO-2032944,ASSET-00591,Preventive,,0,,000030000568
WO-2032945,ASSET-00591,Preventive,,0,,000030000568
WO-2032946,ASSET-00591,Corrective,SENSOR-FAULT,48,822,000030000568
WO-2032947,ASSET-00591,Preventive,,0,,000030000568
WO-2032948,ASSET-00591,Corrective,CONTROLLER-FAULT,174,1295,000030000568
WO-2032949,ASSET-00591,Preventive,,0,,000030000568
WO-2032950,ASSET-00591,Corrective,SPINDLE-SEIZURE,210,1173,000030000568
WO-2032951,ASSET-00592,Preventive,,0,,000030000569
WO-2032952,ASSET-00592,Preventive,,0,,000030000569
WO-2032953,ASSET-00592,Preventive,,0,,000030000569
WO-2032954,ASSET-00592,Preventive,,0,,000030000569
WO-2032955,ASSET-00592,Preventive,,0,,000030000569
WO-2032956,ASSET-00592,Preventive,,0,,000030000569
WO-2032957,ASSET-00593,Preventive,,0,,000030000570
WO-2032958,ASSET-00593,Preventive,,0,,000030000570
WO-2032959,ASSET-00593,Preventive,,0,,000030000570
WO-2032960,ASSET-00593,Preventive,,0,,000030000570
WO-2032961,ASSET-00593,Preventive,,0,,000030000570
WO-2032962,ASSET-00594,Preventive,,0,,000030000571
WO-2032963,ASSET-00594,Preventive,,0,,000030000571
WO-2032964,ASSET-00594,Preventive,,0,,000030000571
WO-2032965,ASSET-00594,Corrective,SPINDLE-SEIZURE,55,629,000030000571
WO-2032966,ASSET-00595,Emergency,SENSOR-FAULT,485,1841,000030000572
WO-2032967,ASSET-00595,Preventive,,0,,000030000572
WO-2032968,ASSET-00595,Corrective,CALIBRATION-DRIFT,167,228,000030000572
WO-2032969,ASSET-00595,Preventive,,0,,000030000572
WO-2032970,ASSET-00596,Preventive,,0,,000030000573
WO-2032971,ASSET-00596,Preventive,,0,,000030000573
WO-2032972,ASSET-00596,Preventive,,0,,000030000573
WO-2032973,ASSET-00596,Corrective,PNEUMATIC-LEAK,201,883,000030000573
WO-2032974,ASSET-00596,Corrective,BELT-FAILURE,176,291,000030000573
WO-2032975,ASSET-00596,Preventive,,0,,000030000573
WO-2032976,ASSET-00596,Corrective,HYDRAULIC-LEAK,172,1792,000030000573
WO-2032977,ASSET-00597,Preventive,,0,,000030000574
WO-2032978,ASSET-00597,Preventive,,0,,000030000574
WO-2032979,ASSET-00597,Corrective,BEARING-FAILURE,71,438,000030000574
WO-2032980,ASSET-00597,Corrective,BELT-FAILURE,231,1908,000030000574
WO-2032981,ASSET-00597,Corrective,SENSOR-FAULT,189,1359,000030000574
WO-2032982,ASSET-00597,Corrective,HYDRAULIC-LEAK,38,1479,000030000574
WO-2032983,ASSET-00597,Corrective,SPINDLE-SEIZURE,162,642,000030000574
WO-2032984,ASSET-00597,Preventive,,0,,000030000574
WO-2032985,ASSET-00598,Preventive,,0,,000030000575
WO-2032986,ASSET-00598,Preventive,,0,,000030000575
WO-2032987,ASSET-00598,Emergency,MOTOR-BURNOUT,594,1823,000030000575
WO-2032988,ASSET-00598,Preventive,,0,,000030000575
WO-2032989,ASSET-00598,Corrective,CALIBRATION-DRIFT,204,680,000030000575
WO-2032990,ASSET-00598,Emergency,PNEUMATIC-LEAK,368,1491,000030000575
WO-2032991,ASSET-00598,Corrective,CONTROLLER-FAULT,143,864,000030000575
WO-2032992,ASSET-00598,Corrective,HYDRAULIC-LEAK,138,1352,000030000575
WO-2032993,ASSET-00598,Emergency,MOTOR-BURNOUT,224,1535,000030000575
WO-2032994,ASSET-00599,Emergency,SPINDLE-SEIZURE,404,1470,000030000576
WO-2032995,ASSET-00599,Corrective,HYDRAULIC-LEAK,65,1199,000030000576
WO-2032996,ASSET-00599,Emergency,CALIBRATION-DRIFT,266,1152,000030000576
WO-2032997,ASSET-00599,Preventive,,0,,000030000576
WO-2032998,ASSET-00599,Corrective,CONTROLLER-FAULT,84,1825,000030000576
WO-2032999,ASSET-00599,Preventive,,0,,000030000576
WO-2033000,ASSET-00600,Corrective,SENSOR-FAULT,114,1140,000030000577
WO-2033001,ASSET-00600,Preventive,,0,,000030000577
WO-2033002,ASSET-00601,Corrective,BEARING-FAILURE,230,1944,000030000578
WO-2033003,ASSET-00601,Corrective,CONTROLLER-FAULT,70,1461,000030000578
WO-2033004,ASSET-00601,Preventive,,0,,000030000578
WO-2033005,ASSET-00602,Preventive,,0,,000030000579
WO-2033006,ASSET-00602,Preventive,,0,,000030000579
WO-2033007,ASSET-00602,Preventive,,0,,000030000579
WO-2033008,ASSET-00602,Preventive,,0,,000030000579
WO-2033009,ASSET-00603,Corrective,DIE-WEAR,68,625,000030000580
WO-2033010,ASSET-00603,Preventive,,0,,000030000580
WO-2033011,ASSET-00603,Preventive,,0,,000030000580
WO-2033012,ASSET-00603,Corrective,SENSOR-FAULT,205,1812,000030000580
WO-2033013,ASSET-00603,Preventive,,0,,000030000580
WO-2033014,ASSET-00603,Preventive,,0,,000030000580
WO-2033015,ASSET-00603,Corrective,CALIBRATION-DRIFT,138,534,000030000580
WO-2033016,ASSET-00603,Preventive,,0,,000030000580
WO-2033017,ASSET-00604,Corrective,BELT-FAILURE,97,1146,000030000581
WO-2033018,ASSET-00604,Corrective,SENSOR-FAULT,232,1150,000030000581
WO-2033019,ASSET-00604,Corrective,CONTROLLER-FAULT,147,228,000030000581
