OrderRef,EquipID,Type,DowntimeMinutes,MTBFHours,LinkedAssetRef
WO-2070001,ASSET-00001,Preventive,0,,000070000001
WO-2070002,ASSET-00001,Corrective,58,656,000070000001
WO-2070003,ASSET-00001,Preventive,0,,000070000001
WO-2070004,ASSET-00001,Corrective,132,1876,000070000001
WO-2070005,ASSET-00002,Preventive,0,,000070000002
WO-2070006,ASSET-00002,Preventive,0,,000070000002
WO-2070007,ASSET-00002,Corrective,222,717,000070000002
WO-2070008,ASSET-00003,Preventive,0,,000070000003
WO-2070009,ASSET-00003,Preventive,0,,000070000003
WO-2070010,ASSET-00003,Preventive,0,,000070000003
WO-2070011,ASSET-00003,Preventive,0,,000070000003
WO-2070012,ASSET-00003,Preventive,0,,000070000003
WO-2070013,ASSET-00003,Corrective,204,223,000070000003
WO-2070014,ASSET-00003,Preventive,0,,000070000003
WO-2070015,ASSET-00004,Corrective,232,1567,000070000004
WO-2070016,ASSET-00004,Preventive,0,,000070000004
WO-2070017,ASSET-00004,Preventive,0,,000070000004
WO-2070018,ASSET-00004,Preventive,0,,000070000004
WO-2070019,ASSET-00004,Emergency,546,1810,000070000004
WO-2070020,ASSET-00005,Preventive,0,,000070000005
WO-2070021,ASSET-00005,Corrective,152,684,000070000005
WO-2070022,ASSET-00005,Corrective,125,632,000070000005
WO-2070023,ASSET-00005,Preventive,0,,000070000005
WO-2070024,ASSET-00005,Corrective,228,889,000070000005
WO-2070025,ASSET-00005,Preventive,0,,000070000005
WO-2070026,ASSET-00006,Corrective,51,847,000070000006
WO-2070027,ASSET-00006,Preventive,0,,000070000006
WO-2070028,ASSET-00006,Preventive,0,,000070000006
WO-2070029,ASSET-00006,Preventive,0,,000070000006
WO-2070030,ASSET-00006,Preventive,0,,000070000006
WO-2070031,ASSET-00006,Preventive,0,,000070000006
WO-2070032,ASSET-00006,Corrective,75,488,000070000006
WO-2070033,ASSET-00006,Corrective,67,259,000070000006
WO-2070034,ASSET-00007,Preventive,0,,000070000007
WO-2070035,ASSET-00007,Preventive,0,,000070000007
WO-2070036,ASSET-00007,Corrective,92,1615,000070000007
WO-2070037,ASSET-00007,Preventive,0,,000070000007
WO-2070038,ASSET-00008,Corrective,125,1879,
WO-2070039,ASSET-00008,Corrective,147,987,
WO-2070040,ASSET-00008,Corrective,32,956,
WO-2070041,ASSET-00008,Emergency,104,977,
WO-2070042,ASSET-00008,Corrective,231,1053,
WO-2070043,ASSET-00008,Preventive,0,,
WO-2070044,ASSET-00009,Emergency,303,1624,000070000008
WO-2070045,ASSET-00009,Preventive,0,,000070000008
WO-2070046,ASSET-00009,Corrective,150,1219,000070000008
WO-2070047,ASSET-00009,Corrective,160,1442,000070000008
WO-2070048,ASSET-00009,Preventive,0,,000070000008
WO-2070049,ASSET-00009,Preventive,0,,000070000008
WO-2070050,ASSET-00009,Preventive,0,,000070000008
WO-2070051,ASSET-00010,Preventive,0,,000070000009
WO-2070052,ASSET-00010,Preventive,0,,000070000009
WO-2070053,ASSET-00010,Preventive,0,,000070000009
WO-2070054,ASSET-00010,Preventive,0,,000070000009
WO-2070055,ASSET-00010,Corrective,70,423,000070000009
WO-2070056,ASSET-00010,Preventive,0,,000070000009
WO-2070057,ASSET-00010,Preventive,0,,000070000009
WO-2070058,ASSET-00011,Emergency,391,234,000070000010
WO-2070059,ASSET-00011,Preventive,0,,000070000010
WO-2070060,ASSET-00011,Preventive,0,,000070000010
WO-2070061,ASSET-00011,Preventive,0,,000070000010
WO-2070062,ASSET-00011,Emergency,369,1098,000070000010
WO-2070063,ASSET-00011,Preventive,0,,000070000010
WO-2070064,ASSET-00012,Corrective,44,1252,000070000011
WO-2070065,ASSET-00012,Corrective,113,404,000070000011
WO-2070066,ASSET-00012,Corrective,102,353,000070000011
WO-2070067,ASSET-00013,Preventive,0,,000070000012
WO-2070068,ASSET-00013,Preventive,0,,000070000012
WO-2070069,ASSET-00013,Preventive,0,,000070000012
WO-2070070,ASSET-00013,Corrective,202,866,000070000012
WO-2070071,ASSET-00014,Corrective,115,360,000070000013
WO-2070072,ASSET-00014,Corrective,144,590,000070000013
WO-2070073,ASSET-00014,Emergency,494,373,000070000013
WO-2070074,ASSET-00014,Preventive,0,,000070000013
WO-2070075,ASSET-00014,Corrective,36,514,000070000013
WO-2070076,ASSET-00014,Emergency,105,1972,000070000013
WO-2070077,ASSET-00014,Preventive,0,,000070000013
WO-2070078,ASSET-00015,Preventive,0,,000070000014
WO-2070079,ASSET-00015,Corrective,136,1834,000070000014
WO-2070080,ASSET-00015,Corrective,139,818,000070000014
WO-2070081,ASSET-00015,Preventive,0,,000070000014
WO-2070082,ASSET-00015,Preventive,0,,000070000014
WO-2070083,ASSET-00015,Corrective,209,923,000070000014
WO-2070084,ASSET-00016,Preventive,0,,000070000015
WO-2070085,ASSET-00016,Emergency,554,845,000070000015
WO-2070086,ASSET-00016,Corrective,239,649,000070000015
WO-2070087,ASSET-00016,Preventive,0,,000070000015
WO-2070088,ASSET-00016,Preventive,0,,000070000015
WO-2070089,ASSET-00017,Preventive,0,,000070000016
WO-2070090,ASSET-00017,Corrective,147,1024,000070000016
WO-2070091,ASSET-00017,Preventive,0,,000070000016
WO-2070092,ASSET-00017,Corrective,40,889,000070000016
WO-2070093,ASSET-00017,Corrective,189,687,000070000016
WO-2070094,ASSET-00018,Preventive,0,,000070000018
WO-2070095,ASSET-00018,Preventive,0,,000070000018
WO-2070096,ASSET-00018,Corrective,77,637,000070000018
WO-2070097,ASSET-00018,Emergency,146,824,000070000018
WO-2070098,ASSET-00018,Preventive,0,,000070000018
WO-2070099,ASSET-00018,Corrective,64,761,000070000018
WO-2070100,ASSET-00018,Preventive,0,,000070000018
WO-2070101,ASSET-00019,Preventive,0,,000070000019
WO-2070102,ASSET-00019,Corrective,101,1748,000070000019
WO-2070103,ASSET-00019,Preventive,0,,000070000019
WO-2070104,ASSET-00020,Preventive,0,,000070000020
WO-2070105,ASSET-00020,Preventive,0,,000070000020
WO-2070106,ASSET-00020,Corrective,182,1355,000070000020
WO-2070107,ASSET-00020,Corrective,164,1092,000070000020
WO-2070108,ASSET-00021,Corrective,155,1793,000070000021
WO-2070109,ASSET-00021,Preventive,0,,000070000021
WO-2070110,ASSET-00021,Corrective,173,1964,000070000021
WO-2070111,ASSET-00021,Preventive,0,,000070000021
WO-2070112,ASSET-00021,Preventive,0,,000070000021
WO-2070113,ASSET-00021,Preventive,0,,000070000021
WO-2070114,ASSET-00022,Corrective,185,1998,000070000022
WO-2070115,ASSET-00022,Preventive,0,,000070000022
WO-2070116,ASSET-00022,Preventive,0,,000070000022
WO-2070117,ASSET-00023,Corrective,200,633,000070000023
WO-2070118,ASSET-00023,Preventive,0,,000070000023
WO-2070119,ASSET-00023,Preventive,0,,000070000023
WO-2070120,ASSET-00023,Preventive,0,,000070000023
WO-2070121,ASSET-00023,Preventive,0,,000070000023
WO-2070122,ASSET-00023,Preventive,0,,000070000023
WO-2070123,ASSET-00023,Preventive,0,,000070000023
WO-2070124,ASSET-00024,Emergency,438,1655,000070000024
WO-2070125,ASSET-00024,Preventive,0,,000070000024
WO-2070126,ASSET-00024,Preventive,0,,000070000024
WO-2070127,ASSET-00025,Corrective,170,230,000070000025
WO-2070128,ASSET-00025,Preventive,0,,000070000025
WO-2070129,ASSET-00025,Preventive,0,,000070000025
WO-2070130,ASSET-00026,Preventive,0,,000070000026
WO-2070131,ASSET-00026,Corrective,150,829,000070000026
WO-2070132,ASSET-00026,Preventive,0,,000070000026
WO-2070133,ASSET-00026,Corrective,220,1132,000070000026
WO-2070134,ASSET-00026,Preventive,0,,000070000026
WO-2070135,ASSET-00027,Corrective,211,1420,
WO-2070136,ASSET-00027,Preventive,0,,
WO-2070137,ASSET-00027,Preventive,0,,
WO-2070138,ASSET-00027,Preventive,0,,
WO-2070139,ASSET-00027,Corrective,72,1677,
WO-2070140,ASSET-00027,Preventive,0,,
WO-2070141,ASSET-00028,Preventive,0,,
WO-2070142,ASSET-00028,Corrective,207,968,
WO-2070143,ASSET-00028,Preventive,0,,
WO-2070144,ASSET-00028,Preventive,0,,
WO-2070145,ASSET-00028,Preventive,0,,
WO-2070146,ASSET-00029,Preventive,0,,
WO-2070147,ASSET-00029,Corrective,107,1345,
WO-2070148,ASSET-00029,Corrective,72,422,
WO-2070149,ASSET-00029,Preventive,0,,
WO-2070150,ASSET-00030,Corrective,168,1452,000070000027
WO-2070151,ASSET-00030,Preventive,0,,000070000027
WO-2070152,ASSET-00030,Corrective,117,491,000070000027
WO-2070153,ASSET-00031,Corrective,42,457,000070000028
WO-2070154,ASSET-00031,Preventive,0,,000070000028
WO-2070155,ASSET-00031,Preventive,0,,000070000028
WO-2070156,ASSET-00031,Preventive,0,,000070000028
WO-2070157,ASSET-00031,Preventive,0,,000070000028
WO-2070158,ASSET-00031,Preventive,0,,000070000028
WO-2070159,ASSET-00031,Preventive,0,,000070000028
WO-2070160,ASSET-00032,Preventive,0,,000070000029
WO-2070161,ASSET-00032,Corrective,132,264,000070000029
WO-2070162,ASSET-00032,Emergency,84,488,000070000029
WO-2070163,ASSET-00032,Preventive,0,,000070000029
WO-2070164,ASSET-00032,Preventive,0,,000070000029
WO-2070165,ASSET-00033,Preventive,0,,000070000030
WO-2070166,ASSET-00033,Preventive,0,,000070000030
WO-2070167,ASSET-00034,Corrective,231,1464,000070000031
WO-2070168,ASSET-00034,Preventive,0,,000070000031
WO-2070169,ASSET-00034,Preventive,0,,000070000031
WO-2070170,ASSET-00034,Preventive,0,,000070000031
WO-2070171,ASSET-00034,Preventive,0,,000070000031
WO-2070172,ASSET-00035,Preventive,0,,000070000032
WO-2070173,ASSET-00035,Preventive,0,,000070000032
WO-2070174,ASSET-00036,Preventive,0,,000070000033
WO-2070175,ASSET-00036,Preventive,0,,000070000033
WO-2070176,ASSET-00036,Corrective,39,1992,000070000033
WO-2070177,ASSET-00036,Corrective,78,1593,000070000033
WO-2070178,ASSET-00036,Preventive,0,,000070000033
WO-2070179,ASSET-00037,Preventive,0,,000070000034
WO-2070180,ASSET-00037,Preventive,0,,000070000034
WO-2070181,ASSET-00038,Preventive,0,,000070000035
WO-2070182,ASSET-00038,Preventive,0,,000070000035
WO-2070183,ASSET-00038,Preventive,0,,000070000035
WO-2070184,ASSET-00038,Corrective,219,1127,000070000035
WO-2070185,ASSET-00038,Emergency,207,499,000070000035
WO-2070186,ASSET-00039,Corrective,189,1693,000070000036
WO-2070187,ASSET-00039,Preventive,0,,000070000036
WO-2070188,ASSET-00039,Preventive,0,,000070000036
WO-2070189,ASSET-00039,Preventive,0,,000070000036
WO-2070190,ASSET-00039,Preventive,0,,000070000036
WO-2070191,ASSET-00039,Preventive,0,,000070000036
WO-2070192,ASSET-00040,Preventive,0,,000070000037
WO-2070193,ASSET-00040,Corrective,112,386,000070000037
WO-2070194,ASSET-00041,Preventive,0,,000070000038
WO-2070195,ASSET-00041,Preventive,0,,000070000038
WO-2070196,ASSET-00041,Preventive,0,,000070000038
WO-2070197,ASSET-00041,Preventive,0,,000070000038
WO-2070198,ASSET-00042,Preventive,0,,000070000039
WO-2070199,ASSET-00042,Corrective,196,1449,000070000039
WO-2070200,ASSET-00042,Preventive,0,,000070000039
WO-2070201,ASSET-00042,Preventive,0,,000070000039
WO-2070202,ASSET-00042,Corrective,215,289,000070000039
WO-2070203,ASSET-00043,Corrective,128,1404,
WO-2070204,ASSET-00043,Preventive,0,,
WO-2070205,ASSET-00043,Preventive,0,,
WO-2070206,ASSET-00044,Corrective,104,801,000070000040
WO-2070207,ASSET-00044,Corrective,145,789,000070000040
WO-2070208,ASSET-00044,Preventive,0,,000070000040
WO-2070209,ASSET-00044,Corrective,152,1910,000070000040
WO-2070210,ASSET-00044,Preventive,0,,000070000040
WO-2070211,ASSET-00044,Emergency,587,1574,000070000040
WO-2070212,ASSET-00044,Corrective,235,957,000070000040
WO-2070213,ASSET-00044,Preventive,0,,000070000040
WO-2070214,ASSET-00044,Preventive,0,,000070000040
WO-2070215,ASSET-00044,Corrective,82,691,000070000040
WO-2070216,ASSET-00045,Preventive,0,,000070000041
WO-2070217,ASSET-00045,Preventive,0,,000070000041
WO-2070218,ASSET-00045,Corrective,204,373,000070000041
WO-2070219,ASSET-00045,Preventive,0,,000070000041
WO-2070220,ASSET-00046,Corrective,223,410,000070000042
WO-2070221,ASSET-00046,Corrective,93,401,000070000042
WO-2070222,ASSET-00046,Corrective,90,697,000070000042
WO-2070223,ASSET-00046,Preventive,0,,000070000042
WO-2070224,ASSET-00046,Corrective,236,1057,000070000042
WO-2070225,ASSET-00046,Preventive,0,,000070000042
WO-2070226,ASSET-00047,Preventive,0,,000070000043
WO-2070227,ASSET-00048,Preventive,0,,000070000044
WO-2070228,ASSET-00048,Corrective,168,1169,000070000044
WO-2070229,ASSET-00048,Preventive,0,,000070000044
WO-2070230,ASSET-00048,Preventive,0,,000070000044
WO-2070231,ASSET-00049,Preventive,0,,000070000045
WO-2070232,ASSET-00049,Preventive,0,,000070000045
WO-2070233,ASSET-00049,Preventive,0,,000070000045
WO-2070234,ASSET-00050,Preventive,0,,
WO-2070235,ASSET-00050,Preventive,0,,
WO-2070236,ASSET-00050,Preventive,0,,
WO-2070237,ASSET-00050,Corrective,106,1702,
WO-2070238,ASSET-00051,Corrective,185,1795,000070000046
WO-2070239,ASSET-00051,Preventive,0,,000070000046
WO-2070240,ASSET-00051,Emergency,414,1523,000070000046
WO-2070241,ASSET-00051,Preventive,0,,000070000046
WO-2070242,ASSET-00051,Emergency,582,1100,000070000046
WO-2070243,ASSET-00051,Emergency,323,499,000070000046
WO-2070244,ASSET-00051,Preventive,0,,000070000046
WO-2070245,ASSET-00052,Emergency,322,859,000070000047
WO-2070246,ASSET-00052,Emergency,525,1019,000070000047
WO-2070247,ASSET-00052,Preventive,0,,000070000047
WO-2070248,ASSET-00052,Preventive,0,,000070000047
WO-2070249,ASSET-00052,Corrective,112,1666,000070000047
WO-2070250,ASSET-00052,Preventive,0,,000070000047
WO-2070251,ASSET-00052,Preventive,0,,000070000047
WO-2070252,ASSET-00052,Preventive,0,,000070000047
WO-2070253,ASSET-00052,Preventive,0,,000070000047
WO-2070254,ASSET-00052,Preventive,0,,000070000047
WO-2070255,ASSET-00053,Corrective,149,877,000070000048
WO-2070256,ASSET-00053,Preventive,0,,000070000048
WO-2070257,ASSET-00054,Preventive,0,,000070000049
WO-2070258,ASSET-00054,Preventive,0,,000070000049
WO-2070259,ASSET-00054,Preventive,0,,000070000049
WO-2070260,ASSET-00054,Corrective,134,1623,000070000049
WO-2070261,ASSET-00054,Preventive,0,,000070000049
WO-2070262,ASSET-00055,Preventive,0,,000070000050
WO-2070263,ASSET-00055,Corrective,33,418,000070000050
WO-2070264,ASSET-00055,Preventive,0,,000070000050
WO-2070265,ASSET-00055,Corrective,65,452,000070000050
WO-2070266,ASSET-00055,Corrective,107,1356,000070000050
WO-2070267,ASSET-00056,Preventive,0,,000070000051
WO-2070268,ASSET-00056,Preventive,0,,000070000051
WO-2070269,ASSET-00056,Preventive,0,,000070000051
WO-2070270,ASSET-00056,Preventive,0,,000070000051
WO-2070271,ASSET-00056,Corrective,219,1163,000070000051
WO-2070272,ASSET-00056,Corrective,193,1429,000070000051
WO-2070273,ASSET-00056,Corrective,81,1087,000070000051
WO-2070274,ASSET-00057,Emergency,363,1608,000070000052
WO-2070275,ASSET-00057,Preventive,0,,000070000052
WO-2070276,ASSET-00057,Preventive,0,,000070000052
WO-2070277,ASSET-00057,Corrective,34,1901,000070000052
WO-2070278,ASSET-00057,Corrective,120,1482,000070000052
WO-2070279,ASSET-00057,Preventive,0,,000070000052
WO-2070280,ASSET-00058,Corrective,125,1004,000070000053
WO-2070281,ASSET-00058,Preventive,0,,000070000053
WO-2070282,ASSET-00058,Preventive,0,,000070000053
WO-2070283,ASSET-00058,Preventive,0,,000070000053
WO-2070284,ASSET-00058,Preventive,0,,000070000053
WO-2070285,ASSET-00058,Preventive,0,,000070000053
WO-2070286,ASSET-00059,Preventive,0,,000070000054
WO-2070287,ASSET-00059,Preventive,0,,000070000054
WO-2070288,ASSET-00059,Corrective,94,1469,000070000054
WO-2070289,ASSET-00059,Emergency,188,1010,000070000054
WO-2070290,ASSET-00059,Preventive,0,,000070000054
WO-2070291,ASSET-00060,Corrective,177,1506,000070000055
WO-2070292,ASSET-00060,Preventive,0,,000070000055
WO-2070293,ASSET-00060,Preventive,0,,000070000055
WO-2070294,ASSET-00060,Corrective,70,1051,000070000055
WO-2070295,ASSET-00061,Preventive,0,,000070000056
WO-2070296,ASSET-00061,Preventive,0,,000070000056
WO-2070297,ASSET-00061,Preventive,0,,000070000056
WO-2070298,ASSET-00062,Corrective,154,1551,000070000057
WO-2070299,ASSET-00062,Emergency,361,1527,000070000057
WO-2070300,ASSET-00062,Preventive,0,,000070000057
WO-2070301,ASSET-00062,Corrective,192,1637,000070000057
WO-2070302,ASSET-00063,Preventive,0,,000070000058
WO-2070303,ASSET-00063,Corrective,203,1163,000070000058
WO-2070304,ASSET-00063,Corrective,58,691,000070000058
WO-2070305,ASSET-00063,Emergency,561,1121,000070000058
WO-2070306,ASSET-00063,Preventive,0,,000070000058
WO-2070307,ASSET-00063,Preventive,0,,000070000058
WO-2070308,ASSET-00064,Preventive,0,,
WO-2070309,ASSET-00064,Corrective,98,814,
WO-2070310,ASSET-00064,Preventive,0,,
WO-2070311,ASSET-00064,Preventive,0,,
WO-2070312,ASSET-00064,Corrective,170,1944,
WO-2070313,ASSET-00065,Preventive,0,,
WO-2070314,ASSET-00065,Preventive,0,,
WO-2070315,ASSET-00065,Preventive,0,,
WO-2070316,ASSET-00066,Corrective,237,791,
WO-2070317,ASSET-00066,Preventive,0,,
WO-2070318,ASSET-00066,Corrective,217,1534,
WO-2070319,ASSET-00066,Preventive,0,,
WO-2070320,ASSET-00066,Corrective,32,1668,
WO-2070321,ASSET-00067,Preventive,0,,000070000059
WO-2070322,ASSET-00067,Corrective,221,483,000070000059
WO-2070323,ASSET-00067,Preventive,0,,000070000059
WO-2070324,ASSET-00067,Preventive,0,,000070000059
WO-2070325,ASSET-00068,Corrective,239,1478,000070000060
WO-2070326,ASSET-00068,Corrective,213,1731,000070000060
WO-2070327,ASSET-00068,Preventive,0,,000070000060
WO-2070328,ASSET-00068,Corrective,70,534,000070000060
WO-2070329,ASSET-00068,Corrective,151,775,000070000060
WO-2070330,ASSET-00069,Preventive,0,,000070000061
WO-2070331,ASSET-00069,Preventive,0,,000070000061
WO-2070332,ASSET-00069,Preventive,0,,000070000061
WO-2070333,ASSET-00069,Corrective,182,278,000070000061
WO-2070334,ASSET-00069,Preventive,0,,000070000061
WO-2070335,ASSET-00069,Preventive,0,,000070000061
WO-2070336,ASSET-00069,Preventive,0,,000070000061
WO-2070337,ASSET-00069,Preventive,0,,000070000061
WO-2070338,ASSET-00069,Preventive,0,,000070000061
WO-2070339,ASSET-00070,Preventive,0,,000070000062
WO-2070340,ASSET-00070,Preventive,0,,000070000062
WO-2070341,ASSET-00070,Preventive,0,,000070000062
WO-2070342,ASSET-00070,Preventive,0,,000070000062
WO-2070343,ASSET-00071,Corrective,133,1384,000070000063
WO-2070344,ASSET-00071,Corrective,218,1823,000070000063
WO-2070345,ASSET-00071,Preventive,0,,000070000063
WO-2070346,ASSET-00071,Corrective,222,1400,000070000063
WO-2070347,ASSET-00072,Preventive,0,,000070000064
WO-2070348,ASSET-00072,Corrective,81,1031,000070000064
WO-2070349,ASSET-00072,Corrective,87,307,000070000064
WO-2070350,ASSET-00072,Corrective,111,1608,000070000064
WO-2070351,ASSET-00072,Preventive,0,,000070000064
WO-2070352,ASSET-00072,Preventive,0,,000070000064
WO-2070353,ASSET-00073,Corrective,74,1497,000070000065
WO-2070354,ASSET-00073,Corrective,212,1879,000070000065
WO-2070355,ASSET-00073,Emergency,241,1701,000070000065
WO-2070356,ASSET-00073,Corrective,235,1448,000070000065
WO-2070357,ASSET-00073,Preventive,0,,000070000065
WO-2070358,ASSET-00073,Preventive,0,,000070000065
WO-2070359,ASSET-00073,Preventive,0,,000070000065
WO-2070360,ASSET-00073,Emergency,209,978,000070000065
WO-2070361,ASSET-00074,Corrective,195,1296,000070000066
WO-2070362,ASSET-00074,Corrective,95,1986,000070000066
WO-2070363,ASSET-00074,Preventive,0,,000070000066
WO-2070364,ASSET-00074,Preventive,0,,000070000066
WO-2070365,ASSET-00074,Preventive,0,,000070000066
WO-2070366,ASSET-00075,Preventive,0,,000070000067
WO-2070367,ASSET-00075,Preventive,0,,000070000067
WO-2070368,ASSET-00076,Preventive,0,,000070000068
WO-2070369,ASSET-00076,Preventive,0,,000070000068
WO-2070370,ASSET-00076,Preventive,0,,000070000068
WO-2070371,ASSET-00076,Corrective,189,1070,000070000068
WO-2070372,ASSET-00076,Preventive,0,,000070000068
WO-2070373,ASSET-00076,Preventive,0,,000070000068
WO-2070374,ASSET-00076,Corrective,83,1640,000070000068
WO-2070375,ASSET-00077,Preventive,0,,000070000069
WO-2070376,ASSET-00077,Corrective,238,302,000070000069
WO-2070377,ASSET-00077,Corrective,113,1202,000070000069
WO-2070378,ASSET-00077,Corrective,169,819,000070000069
WO-2070379,ASSET-00077,Preventive,0,,000070000069
WO-2070380,ASSET-00077,Preventive,0,,000070000069
WO-2070381,ASSET-00077,Preventive,0,,000070000069
WO-2070382,ASSET-00077,Corrective,45,844,000070000069
WO-2070383,ASSET-00077,Preventive,0,,000070000069
WO-2070384,ASSET-00077,Preventive,0,,000070000069
WO-2070385,ASSET-00077,Corrective,125,602,000070000069
WO-2070386,ASSET-00078,Corrective,180,1271,000070000070
WO-2070387,ASSET-00078,Corrective,152,1828,000070000070
WO-2070388,ASSET-00078,Preventive,0,,000070000070
WO-2070389,ASSET-00078,Corrective,206,344,000070000070
WO-2070390,ASSET-00078,Preventive,0,,000070000070
WO-2070391,ASSET-00078,Preventive,0,,000070000070
WO-2070392,ASSET-00078,Preventive,0,,000070000070
WO-2070393,ASSET-00078,Corrective,60,253,000070000070
WO-2070394,ASSET-00078,Corrective,179,238,000070000070
WO-2070395,ASSET-00079,Corrective,58,861,000070000071
WO-2070396,ASSET-00079,Preventive,0,,000070000071
WO-2070397,ASSET-00079,Corrective,240,656,000070000071
WO-2070398,ASSET-00079,Preventive,0,,000070000071
WO-2070399,ASSET-00079,Corrective,204,472,000070000071
WO-2070400,ASSET-00079,Corrective,60,1985,000070000071
WO-2070401,ASSET-00079,Corrective,44,757,000070000071
WO-2070402,ASSET-00080,Corrective,60,777,000070000072
WO-2070403,ASSET-00080,Corrective,152,1776,000070000072
WO-2070404,ASSET-00080,Corrective,199,1840,000070000072
WO-2070405,ASSET-00080,Corrective,157,622,000070000072
WO-2070406,ASSET-00080,Preventive,0,,000070000072
WO-2070407,ASSET-00080,Corrective,184,1014,000070000072
WO-2070408,ASSET-00080,Preventive,0,,000070000072
WO-2070409,ASSET-00080,Corrective,226,1483,000070000072
WO-2070410,ASSET-00081,Preventive,0,,000070000073
WO-2070411,ASSET-00081,Preventive,0,,000070000073
WO-2070412,ASSET-00082,Corrective,70,1218,000070000074
WO-2070413,ASSET-00082,Preventive,0,,000070000074
WO-2070414,ASSET-00082,Emergency,302,1078,000070000074
WO-2070415,ASSET-00082,Corrective,80,1835,000070000074
WO-2070416,ASSET-00083,Corrective,106,594,000070000075
WO-2070417,ASSET-00084,Preventive,0,,000070000076
WO-2070418,ASSET-00084,Corrective,202,1726,000070000076
WO-2070419,ASSET-00084,Corrective,173,1670,000070000076
WO-2070420,ASSET-00084,Emergency,183,867,000070000076
WO-2070421,ASSET-00084,Corrective,199,784,000070000076
WO-2070422,ASSET-00084,Preventive,0,,000070000076
WO-2070423,ASSET-00085,Preventive,0,,
WO-2070424,ASSET-00085,Corrective,65,832,
WO-2070425,ASSET-00085,Corrective,77,405,
WO-2070426,ASSET-00085,Corrective,133,351,
WO-2070427,ASSET-00085,Preventive,0,,
WO-2070428,ASSET-00086,Preventive,0,,000070000077
WO-2070429,ASSET-00086,Preventive,0,,000070000077
WO-2070430,ASSET-00086,Corrective,174,1200,000070000077
WO-2070431,ASSET-00086,Preventive,0,,000070000077
WO-2070432,ASSET-00086,Preventive,0,,000070000077
WO-2070433,ASSET-00086,Preventive,0,,000070000077
WO-2070434,ASSET-00086,Preventive,0,,000070000077
WO-2070435,ASSET-00087,Corrective,62,1319,000070000078
WO-2070436,ASSET-00087,Corrective,238,1722,000070000078
WO-2070437,ASSET-00087,Preventive,0,,000070000078
WO-2070438,ASSET-00087,Corrective,131,287,000070000078
WO-2070439,ASSET-00087,Emergency,572,1797,000070000078
WO-2070440,ASSET-00087,Preventive,0,,000070000078
WO-2070441,ASSET-00088,Corrective,74,1538,000070000079
WO-2070442,ASSET-00088,Preventive,0,,000070000079
WO-2070443,ASSET-00088,Preventive,0,,000070000079
WO-2070444,ASSET-00088,Corrective,78,1589,000070000079
WO-2070445,ASSET-00088,Corrective,118,1635,000070000079
WO-2070446,ASSET-00088,Emergency,396,420,000070000079
WO-2070447,ASSET-00088,Corrective,217,492,000070000079
WO-2070448,ASSET-00088,Preventive,0,,000070000079
WO-2070449,ASSET-00089,Preventive,0,,000070000080
WO-2070450,ASSET-00089,Preventive,0,,000070000080
WO-2070451,ASSET-00089,Preventive,0,,000070000080
WO-2070452,ASSET-00089,Corrective,56,1941,000070000080
WO-2070453,ASSET-00090,Preventive,0,,000070000081
WO-2070454,ASSET-00090,Corrective,67,500,000070000081
WO-2070455,ASSET-00090,Emergency,191,1451,000070000081
WO-2070456,ASSET-00090,Preventive,0,,000070000081
WO-2070457,ASSET-00091,Preventive,0,,000070000082
WO-2070458,ASSET-00091,Emergency,523,1605,000070000082
WO-2070459,ASSET-00091,Preventive,0,,000070000082
WO-2070460,ASSET-00091,Preventive,0,,000070000082
WO-2070461,ASSET-00092,Preventive,0,,000070000083
WO-2070462,ASSET-00092,Corrective,194,1979,000070000083
WO-2070463,ASSET-00092,Corrective,171,1090,000070000083
WO-2070464,ASSET-00092,Preventive,0,,000070000083
WO-2070465,ASSET-00092,Preventive,0,,000070000083
WO-2070466,ASSET-00092,Preventive,0,,000070000083
WO-2070467,ASSET-00092,Corrective,170,940,000070000083
WO-2070468,ASSET-00093,Preventive,0,,000070000084
WO-2070469,ASSET-00093,Emergency,280,1305,000070000084
WO-2070470,ASSET-00093,Emergency,308,1094,000070000084
WO-2070471,ASSET-00093,Corrective,173,1781,000070000084
WO-2070472,ASSET-00094,Corrective,59,701,000070000085
WO-2070473,ASSET-00094,Preventive,0,,000070000085
WO-2070474,ASSET-00094,Emergency,410,1415,000070000085
WO-2070475,ASSET-00094,Preventive,0,,000070000085
WO-2070476,ASSET-00095,Preventive,0,,000070000086
WO-2070477,ASSET-00095,Preventive,0,,000070000086
WO-2070478,ASSET-00095,Corrective,56,725,000070000086
WO-2070479,ASSET-00095,Preventive,0,,000070000086
WO-2070480,ASSET-00095,Preventive,0,,000070000086
WO-2070481,ASSET-00095,Preventive,0,,000070000086
WO-2070482,ASSET-00096,Preventive,0,,000070000087
WO-2070483,ASSET-00096,Corrective,58,455,000070000087
WO-2070484,ASSET-00096,Corrective,31,1810,000070000087
WO-2070485,ASSET-00097,Preventive,0,,000070000088
WO-2070486,ASSET-00097,Preventive,0,,000070000088
WO-2070487,ASSET-00097,Preventive,0,,000070000088
WO-2070488,ASSET-00098,Preventive,0,,000070000089
WO-2070489,ASSET-00098,Preventive,0,,000070000089
WO-2070490,ASSET-00098,Preventive,0,,000070000089
WO-2070491,ASSET-00098,Preventive,0,,000070000089
WO-2070492,ASSET-00098,Preventive,0,,000070000089
WO-2070493,ASSET-00098,Preventive,0,,000070000089
WO-2070494,ASSET-00099,Preventive,0,,000070000090
WO-2070495,ASSET-00099,Corrective,118,1306,000070000090
WO-2070496,ASSET-00099,Corrective,225,1319,000070000090
WO-2070497,ASSET-00099,Emergency,196,1370,000070000090
WO-2070498,ASSET-00099,Emergency,300,1930,000070000090
WO-2070499,ASSET-00099,Emergency,439,1210,000070000090
WO-2070500,ASSET-00100,Preventive,0,,000070000091
WO-2070501,ASSET-00100,Preventive,0,,000070000091
WO-2070502,ASSET-00100,Preventive,0,,000070000091
WO-2070503,ASSET-00100,Preventive,0,,000070000091
WO-2070504,ASSET-00101,Corrective,46,1686,000070000092
WO-2070505,ASSET-00101,Corrective,148,1586,000070000092
WO-2070506,ASSET-00101,Preventive,0,,000070000092
WO-2070507,ASSET-00101,Emergency,567,993,000070000092
WO-2070508,ASSET-00101,Corrective,177,1459,000070000092
WO-2070509,ASSET-00101,Preventive,0,,000070000092
WO-2070510,ASSET-00102,Preventive,0,,000070000093
WO-2070511,ASSET-00102,Preventive,0,,000070000093
WO-2070512,ASSET-00102,Preventive,0,,000070000093
WO-2070513,ASSET-00102,Preventive,0,,000070000093
WO-2070514,ASSET-00103,Corrective,120,614,000070000094
WO-2070515,ASSET-00103,Corrective,110,452,000070000094
WO-2070516,ASSET-00103,Preventive,0,,000070000094
WO-2070517,ASSET-00103,Corrective,137,1208,000070000094
WO-2070518,ASSET-00103,Emergency,72,1363,000070000094
WO-2070519,ASSET-00104,Preventive,0,,000070000095
WO-2070520,ASSET-00104,Preventive,0,,000070000095
WO-2070521,ASSET-00104,Preventive,0,,000070000095
WO-2070522,ASSET-00104,Emergency,139,1345,000070000095
WO-2070523,ASSET-00104,Corrective,172,937,000070000095
WO-2070524,ASSET-00105,Preventive,0,,000070000096
WO-2070525,ASSET-00105,Corrective,35,458,000070000096
WO-2070526,ASSET-00105,Preventive,0,,000070000096
WO-2070527,ASSET-00105,Corrective,40,1293,000070000096
WO-2070528,ASSET-00105,Corrective,118,754,000070000096
WO-2070529,ASSET-00105,Corrective,199,1042,000070000096
WO-2070530,ASSET-00106,Preventive,0,,
WO-2070531,ASSET-00106,Preventive,0,,
WO-2070532,ASSET-00106,Preventive,0,,
WO-2070533,ASSET-00106,Preventive,0,,
WO-2070534,ASSET-00107,Preventive,0,,000070000097
WO-2070535,ASSET-00107,Corrective,84,1275,000070000097
WO-2070536,ASSET-00107,Corrective,220,1658,000070000097
WO-2070537,ASSET-00108,Preventive,0,,000070000098
WO-2070538,ASSET-00108,Corrective,202,1235,000070000098
WO-2070539,ASSET-00108,Preventive,0,,000070000098
WO-2070540,ASSET-00109,Emergency,454,1320,000070000099
WO-2070541,ASSET-00109,Corrective,169,419,000070000099
WO-2070542,ASSET-00109,Preventive,0,,000070000099
WO-2070543,ASSET-00109,Emergency,470,1346,000070000099
WO-2070544,ASSET-00109,Emergency,361,1475,000070000099
WO-2070545,ASSET-00110,Preventive,0,,000070000100
WO-2070546,ASSET-00110,Preventive,0,,000070000100
WO-2070547,ASSET-00110,Corrective,58,1862,000070000100
WO-2070548,ASSET-00110,Preventive,0,,000070000100
WO-2070549,ASSET-00111,Emergency,81,1212,000070000101
WO-2070550,ASSET-00111,Emergency,584,351,000070000101
WO-2070551,ASSET-00111,Preventive,0,,000070000101
WO-2070552,ASSET-00111,Preventive,0,,000070000101
WO-2070553,ASSET-00111,Emergency,381,1815,000070000101
WO-2070554,ASSET-00111,Preventive,0,,000070000101
WO-2070555,ASSET-00112,Preventive,0,,000070000102
WO-2070556,ASSET-00112,Emergency,575,467,000070000102
WO-2070557,ASSET-00112,Corrective,109,398,000070000102
WO-2070558,ASSET-00112,Preventive,0,,000070000102
WO-2070559,ASSET-00113,Preventive,0,,000070000103
WO-2070560,ASSET-00113,Preventive,0,,000070000103
WO-2070561,ASSET-00113,Preventive,0,,000070000103
WO-2070562,ASSET-00113,Corrective,39,1349,000070000103
WO-2070563,ASSET-00113,Corrective,228,420,000070000103
WO-2070564,ASSET-00113,Preventive,0,,000070000103
WO-2070565,ASSET-00113,Emergency,323,1590,000070000103
WO-2070566,ASSET-00114,Preventive,0,,000070000104
WO-2070567,ASSET-00114,Emergency,143,1754,000070000104
WO-2070568,ASSET-00114,Preventive,0,,000070000104
WO-2070569,ASSET-00114,Emergency,396,1250,000070000104
WO-2070570,ASSET-00114,Preventive,0,,000070000104
WO-2070571,ASSET-00114,Corrective,222,1998,000070000104
WO-2070572,ASSET-00114,Corrective,177,1777,000070000104
WO-2070573,ASSET-00114,Corrective,222,1697,000070000104
WO-2070574,ASSET-00115,Corrective,31,752,000070000105
WO-2070575,ASSET-00115,Preventive,0,,000070000105
WO-2070576,ASSET-00115,Corrective,143,1575,000070000105
WO-2070577,ASSET-00115,Preventive,0,,000070000105
WO-2070578,ASSET-00115,Preventive,0,,000070000105
WO-2070579,ASSET-00115,Preventive,0,,000070000105
WO-2070580,ASSET-00116,Corrective,122,976,000070000107
WO-2070581,ASSET-00116,Preventive,0,,000070000107
WO-2070582,ASSET-00116,Preventive,0,,000070000107
WO-2070583,ASSET-00116,Corrective,213,1564,000070000107
WO-2070584,ASSET-00116,Preventive,0,,000070000107
WO-2070585,ASSET-00116,Preventive,0,,000070000107
WO-2070586,ASSET-00116,Corrective,63,1912,000070000107
WO-2070587,ASSET-00116,Preventive,0,,000070000107
WO-2070588,ASSET-00116,Preventive,0,,000070000107
WO-2070589,ASSET-00117,Preventive,0,,000070000108
WO-2070590,ASSET-00117,Preventive,0,,000070000108
WO-2070591,ASSET-00117,Corrective,196,1807,000070000108
WO-2070592,ASSET-00117,Corrective,182,1331,000070000108
WO-2070593,ASSET-00117,Preventive,0,,000070000108
WO-2070594,ASSET-00117,Preventive,0,,000070000108
WO-2070595,ASSET-00117,Preventive,0,,000070000108
WO-2070596,ASSET-00117,Preventive,0,,000070000108
WO-2070597,ASSET-00117,Preventive,0,,000070000108
WO-2070598,ASSET-00118,Corrective,92,730,000070000109
WO-2070599,ASSET-00118,Preventive,0,,000070000109
WO-2070600,ASSET-00118,Corrective,80,375,000070000109
WO-2070601,ASSET-00118,Preventive,0,,000070000109
WO-2070602,ASSET-00118,Corrective,54,831,000070000109
WO-2070603,ASSET-00118,Corrective,75,943,000070000109
WO-2070604,ASSET-00118,Preventive,0,,000070000109
WO-2070605,ASSET-00119,Corrective,180,1593,000070000110
WO-2070606,ASSET-00119,Preventive,0,,000070000110
WO-2070607,ASSET-00119,Preventive,0,,000070000110
WO-2070608,ASSET-00119,Preventive,0,,000070000110
WO-2070609,ASSET-00119,Emergency,390,1028,000070000110
WO-2070610,ASSET-00119,Preventive,0,,000070000110
WO-2070611,ASSET-00120,Corrective,113,910,000070000111
WO-2070612,ASSET-00121,Preventive,0,,000070000112
WO-2070613,ASSET-00121,Preventive,0,,000070000112
WO-2070614,ASSET-00122,Emergency,560,1105,000070000113
WO-2070615,ASSET-00122,Preventive,0,,000070000113
WO-2070616,ASSET-00122,Preventive,0,,000070000113
WO-2070617,ASSET-00123,Emergency,465,1027,000070000114
WO-2070618,ASSET-00123,Preventive,0,,000070000114
WO-2070619,ASSET-00123,Corrective,232,1747,000070000114
WO-2070620,ASSET-00123,Preventive,0,,000070000114
WO-2070621,ASSET-00123,Preventive,0,,000070000114
WO-2070622,ASSET-00123,Preventive,0,,000070000114
WO-2070623,ASSET-00124,Preventive,0,,
WO-2070624,ASSET-00124,Preventive,0,,
WO-2070625,ASSET-00124,Preventive,0,,
WO-2070626,ASSET-00125,Emergency,296,894,000070000115
WO-2070627,ASSET-00125,Preventive,0,,000070000115
WO-2070628,ASSET-00125,Preventive,0,,000070000115
WO-2070629,ASSET-00125,Preventive,0,,000070000115
WO-2070630,ASSET-00125,Preventive,0,,000070000115
WO-2070631,ASSET-00125,Emergency,228,558,000070000115
WO-2070632,ASSET-00126,Corrective,49,680,000070000116
WO-2070633,ASSET-00126,Preventive,0,,000070000116
WO-2070634,ASSET-00126,Corrective,152,1505,000070000116
WO-2070635,ASSET-00126,Emergency,131,1506,000070000116
WO-2070636,ASSET-00127,Corrective,124,460,000070000117
WO-2070637,ASSET-00127,Preventive,0,,000070000117
WO-2070638,ASSET-00127,Emergency,225,1667,000070000117
WO-2070639,ASSET-00127,Preventive,0,,000070000117
WO-2070640,ASSET-00128,Preventive,0,,000070000118
WO-2070641,ASSET-00128,Preventive,0,,000070000118
WO-2070642,ASSET-00128,Preventive,0,,000070000118
WO-2070643,ASSET-00128,Preventive,0,,000070000118
WO-2070644,ASSET-00129,Preventive,0,,000070000119
WO-2070645,ASSET-00129,Preventive,0,,000070000119
WO-2070646,ASSET-00129,Corrective,199,769,000070000119
WO-2070647,ASSET-00130,Corrective,92,1311,000070000120
WO-2070648,ASSET-00130,Corrective,154,1087,000070000120
WO-2070649,ASSET-00130,Corrective,72,1602,000070000120
WO-2070650,ASSET-00130,Preventive,0,,000070000120
WO-2070651,ASSET-00131,Corrective,162,1070,000070000121
WO-2070652,ASSET-00131,Emergency,597,1334,000070000121
WO-2070653,ASSET-00131,Preventive,0,,000070000121
WO-2070654,ASSET-00131,Preventive,0,,000070000121
WO-2070655,ASSET-00131,Preventive,0,,000070000121
WO-2070656,ASSET-00132,Emergency,592,486,000070000123
WO-2070657,ASSET-00132,Preventive,0,,000070000123
WO-2070658,ASSET-00133,Preventive,0,,000070000124
WO-2070659,ASSET-00133,Corrective,189,1543,000070000124
WO-2070660,ASSET-00133,Preventive,0,,000070000124
WO-2070661,ASSET-00133,Preventive,0,,000070000124
WO-2070662,ASSET-00133,Preventive,0,,000070000124
WO-2070663,ASSET-00134,Corrective,127,1719,000070000125
WO-2070664,ASSET-00134,Corrective,216,965,000070000125
WO-2070665,ASSET-00134,Preventive,0,,000070000125
WO-2070666,ASSET-00134,Preventive,0,,000070000125
WO-2070667,ASSET-00134,Preventive,0,,000070000125
WO-2070668,ASSET-00134,Preventive,0,,000070000125
WO-2070669,ASSET-00135,Corrective,183,364,000070000126
WO-2070670,ASSET-00135,Preventive,0,,000070000126
WO-2070671,ASSET-00136,Corrective,36,751,000070000127
WO-2070672,ASSET-00136,Corrective,196,496,000070000127
WO-2070673,ASSET-00136,Preventive,0,,000070000127
WO-2070674,ASSET-00137,Preventive,0,,000070000128
WO-2070675,ASSET-00137,Preventive,0,,000070000128
WO-2070676,ASSET-00137,Corrective,133,1062,000070000128
WO-2070677,ASSET-00137,Corrective,188,538,000070000128
WO-2070678,ASSET-00137,Corrective,223,1200,000070000128
WO-2070679,ASSET-00138,Preventive,0,,000070000129
WO-2070680,ASSET-00138,Corrective,175,746,000070000129
WO-2070681,ASSET-00138,Corrective,205,874,000070000129
WO-2070682,ASSET-00138,Preventive,0,,000070000129
WO-2070683,ASSET-00138,Preventive,0,,000070000129
WO-2070684,ASSET-00138,Preventive,0,,000070000129
WO-2070685,ASSET-00139,Preventive,0,,000070000130
WO-2070686,ASSET-00139,Corrective,155,1560,000070000130
WO-2070687,ASSET-00139,Corrective,90,883,000070000130
WO-2070688,ASSET-00139,Corrective,120,1338,000070000130
WO-2070689,ASSET-00139,Preventive,0,,000070000130
WO-2070690,ASSET-00140,Corrective,154,568,
WO-2070691,ASSET-00140,Preventive,0,,
WO-2070692,ASSET-00140,Preventive,0,,
WO-2070693,ASSET-00140,Preventive,0,,
WO-2070694,ASSET-00140,Emergency,576,1657,
WO-2070695,ASSET-00141,Corrective,30,646,000070000131
WO-2070696,ASSET-00141,Preventive,0,,000070000131
WO-2070697,ASSET-00141,Emergency,315,478,000070000131
WO-2070698,ASSET-00141,Corrective,218,773,000070000131
WO-2070699,ASSET-00142,Preventive,0,,000070000132
WO-2070700,ASSET-00142,Emergency,394,775,000070000132
WO-2070701,ASSET-00142,Preventive,0,,000070000132
WO-2070702,ASSET-00142,Corrective,141,1224,000070000132
WO-2070703,ASSET-00142,Preventive,0,,000070000132
WO-2070704,ASSET-00143,Preventive,0,,
WO-2070705,ASSET-00143,Corrective,85,1353,
WO-2070706,ASSET-00143,Corrective,62,644,
WO-2070707,ASSET-00144,Emergency,113,1219,
WO-2070708,ASSET-00144,Corrective,177,1842,
WO-2070709,ASSET-00145,Corrective,198,1664,000070000133
WO-2070710,ASSET-00145,Corrective,239,724,000070000133
WO-2070711,ASSET-00145,Corrective,88,1748,000070000133
WO-2070712,ASSET-00145,Preventive,0,,000070000133
WO-2070713,ASSET-00145,Preventive,0,,000070000133
WO-2070714,ASSET-00145,Corrective,52,238,000070000133
WO-2070715,ASSET-00146,Preventive,0,,000070000134
WO-2070716,ASSET-00146,Preventive,0,,000070000134
WO-2070717,ASSET-00146,Preventive,0,,000070000134
WO-2070718,ASSET-00146,Preventive,0,,000070000134
WO-2070719,ASSET-00147,Corrective,137,1996,000070000135
WO-2070720,ASSET-00147,Corrective,84,1055,000070000135
WO-2070721,ASSET-00148,Preventive,0,,000070000136
WO-2070722,ASSET-00148,Preventive,0,,000070000136
WO-2070723,ASSET-00148,Corrective,71,1366,000070000136
WO-2070724,ASSET-00149,Preventive,0,,000070000137
WO-2070725,ASSET-00149,Corrective,110,1351,000070000137
WO-2070726,ASSET-00149,Emergency,236,619,000070000137
WO-2070727,ASSET-00149,Preventive,0,,000070000137
WO-2070728,ASSET-00149,Preventive,0,,000070000137
WO-2070729,ASSET-00150,Preventive,0,,000070000138
WO-2070730,ASSET-00150,Corrective,124,1476,000070000138
WO-2070731,ASSET-00150,Corrective,33,1092,000070000138
WO-2070732,ASSET-00150,Preventive,0,,000070000138
WO-2070733,ASSET-00150,Corrective,127,1583,000070000138
WO-2070734,ASSET-00150,Corrective,164,596,000070000138
WO-2070735,ASSET-00151,Corrective,69,973,000070000139
WO-2070736,ASSET-00152,Corrective,73,1896,000070000140
WO-2070737,ASSET-00152,Corrective,145,1035,000070000140
WO-2070738,ASSET-00152,Preventive,0,,000070000140
WO-2070739,ASSET-00152,Corrective,45,448,000070000140
WO-2070740,ASSET-00152,Preventive,0,,000070000140
WO-2070741,ASSET-00152,Preventive,0,,000070000140
WO-2070742,ASSET-00153,Corrective,190,466,000070000141
WO-2070743,ASSET-00153,Corrective,138,295,000070000141
WO-2070744,ASSET-00153,Preventive,0,,000070000141
WO-2070745,ASSET-00153,Corrective,135,999,000070000141
WO-2070746,ASSET-00154,Corrective,49,765,000070000142
WO-2070747,ASSET-00154,Preventive,0,,000070000142
WO-2070748,ASSET-00154,Corrective,79,1932,000070000142
WO-2070749,ASSET-00154,Corrective,54,1393,000070000142
WO-2070750,ASSET-00154,Emergency,397,680,000070000142
WO-2070751,ASSET-00154,Preventive,0,,000070000142
WO-2070752,ASSET-00155,Corrective,89,1622,000070000143
WO-2070753,ASSET-00155,Corrective,160,1077,000070000143
WO-2070754,ASSET-00156,Preventive,0,,000070000144
WO-2070755,ASSET-00156,Preventive,0,,000070000144
WO-2070756,ASSET-00156,Corrective,152,1688,000070000144
WO-2070757,ASSET-00156,Preventive,0,,000070000144
WO-2070758,ASSET-00156,Corrective,75,1216,000070000144
WO-2070759,ASSET-00156,Corrective,195,1561,000070000144
WO-2070760,ASSET-00157,Emergency,368,378,000070000145
WO-2070761,ASSET-00157,Corrective,199,297,000070000145
WO-2070762,ASSET-00157,Preventive,0,,000070000145
WO-2070763,ASSET-00157,Corrective,153,1875,000070000145
WO-2070764,ASSET-00157,Corrective,61,1707,000070000145
WO-2070765,ASSET-00158,Corrective,185,1608,
WO-2070766,ASSET-00158,Preventive,0,,
WO-2070767,ASSET-00158,Preventive,0,,
WO-2070768,ASSET-00158,Preventive,0,,
WO-2070769,ASSET-00158,Preventive,0,,
WO-2070770,ASSET-00158,Preventive,0,,
WO-2070771,ASSET-00158,Corrective,172,217,
WO-2070772,ASSET-00158,Preventive,0,,
WO-2070773,ASSET-00158,Preventive,0,,
WO-2070774,ASSET-00159,Corrective,70,457,
WO-2070775,ASSET-00159,Preventive,0,,
WO-2070776,ASSET-00159,Corrective,48,871,
WO-2070777,ASSET-00159,Preventive,0,,
WO-2070778,ASSET-00160,Preventive,0,,000070000146
WO-2070779,ASSET-00160,Preventive,0,,000070000146
WO-2070780,ASSET-00160,Corrective,191,1026,000070000146
WO-2070781,ASSET-00160,Preventive,0,,000070000146
WO-2070782,ASSET-00161,Preventive,0,,000070000147
WO-2070783,ASSET-00161,Corrective,162,986,000070000147
WO-2070784,ASSET-00161,Preventive,0,,000070000147
WO-2070785,ASSET-00161,Preventive,0,,000070000147
WO-2070786,ASSET-00161,Emergency,285,1087,000070000147
WO-2070787,ASSET-00161,Corrective,130,971,000070000147
WO-2070788,ASSET-00162,Corrective,178,468,000070000148
WO-2070789,ASSET-00162,Corrective,137,1107,000070000148
WO-2070790,ASSET-00162,Preventive,0,,000070000148
WO-2070791,ASSET-00162,Preventive,0,,000070000148
WO-2070792,ASSET-00162,Corrective,88,855,000070000148
WO-2070793,ASSET-00162,Preventive,0,,000070000148
WO-2070794,ASSET-00162,Emergency,506,327,000070000148
WO-2070795,ASSET-00163,Preventive,0,,000070000149
WO-2070796,ASSET-00163,Corrective,137,504,000070000149
WO-2070797,ASSET-00163,Preventive,0,,000070000149
WO-2070798,ASSET-00163,Corrective,63,1619,000070000149
WO-2070799,ASSET-00163,Corrective,122,680,000070000149
WO-2070800,ASSET-00163,Preventive,0,,000070000149
WO-2070801,ASSET-00163,Preventive,0,,000070000149
WO-2070802,ASSET-00163,Corrective,101,771,000070000149
WO-2070803,ASSET-00163,Corrective,69,1053,000070000149
WO-2070804,ASSET-00164,Corrective,80,1787,000070000150
WO-2070805,ASSET-00164,Corrective,107,525,000070000150
WO-2070806,ASSET-00164,Preventive,0,,000070000150
WO-2070807,ASSET-00165,Corrective,35,236,000070000151
WO-2070808,ASSET-00165,Corrective,239,327,000070000151
WO-2070809,ASSET-00165,Preventive,0,,000070000151
WO-2070810,ASSET-00166,Preventive,0,,000070000152
WO-2070811,ASSET-00166,Preventive,0,,000070000152
WO-2070812,ASSET-00166,Preventive,0,,000070000152
WO-2070813,ASSET-00167,Corrective,215,1073,000070000153
WO-2070814,ASSET-00167,Emergency,71,1251,000070000153
WO-2070815,ASSET-00167,Corrective,182,1061,000070000153
WO-2070816,ASSET-00168,Corrective,206,1812,000070000154
WO-2070817,ASSET-00168,Corrective,112,1117,000070000154
WO-2070818,ASSET-00168,Preventive,0,,000070000154
WO-2070819,ASSET-00168,Preventive,0,,000070000154
WO-2070820,ASSET-00169,Preventive,0,,000070000155
WO-2070821,ASSET-00169,Corrective,153,285,000070000155
WO-2070822,ASSET-00169,Corrective,85,1941,000070000155
WO-2070823,ASSET-00169,Preventive,0,,000070000155
WO-2070824,ASSET-00169,Preventive,0,,000070000155
WO-2070825,ASSET-00170,Corrective,104,650,000070000156
WO-2070826,ASSET-00170,Preventive,0,,000070000156
WO-2070827,ASSET-00170,Corrective,163,1037,000070000156
WO-2070828,ASSET-00170,Preventive,0,,000070000156
WO-2070829,ASSET-00170,Preventive,0,,000070000156
WO-2070830,ASSET-00171,Corrective,68,330,000070000157
WO-2070831,ASSET-00171,Corrective,225,654,000070000157
WO-2070832,ASSET-00171,Emergency,176,1262,000070000157
WO-2070833,ASSET-00171,Corrective,187,1246,000070000157
WO-2070834,ASSET-00171,Corrective,217,1489,000070000157
WO-2070835,ASSET-00171,Preventive,0,,000070000157
WO-2070836,ASSET-00172,Emergency,373,1145,000070000158
WO-2070837,ASSET-00172,Corrective,114,372,000070000158
WO-2070838,ASSET-00173,Preventive,0,,000070000159
WO-2070839,ASSET-00173,Preventive,0,,000070000159
WO-2070840,ASSET-00173,Preventive,0,,000070000159
WO-2070841,ASSET-00173,Preventive,0,,000070000159
WO-2070842,ASSET-00173,Emergency,72,1329,000070000159
WO-2070843,ASSET-00174,Corrective,238,1161,000070000160
WO-2070844,ASSET-00174,Corrective,160,1174,000070000160
WO-2070845,ASSET-00174,Corrective,112,1573,000070000160
WO-2070846,ASSET-00174,Preventive,0,,000070000160
WO-2070847,ASSET-00175,Preventive,0,,000070000162
WO-2070848,ASSET-00175,Corrective,108,817,000070000162
WO-2070849,ASSET-00175,Corrective,51,425,000070000162
WO-2070850,ASSET-00175,Preventive,0,,000070000162
WO-2070851,ASSET-00175,Corrective,153,1723,000070000162
WO-2070852,ASSET-00175,Preventive,0,,000070000162
WO-2070853,ASSET-00176,Preventive,0,,000070000163
WO-2070854,ASSET-00176,Preventive,0,,000070000163
WO-2070855,ASSET-00176,Preventive,0,,000070000163
WO-2070856,ASSET-00176,Corrective,57,799,000070000163
WO-2070857,ASSET-00177,Corrective,233,1592,000070000164
WO-2070858,ASSET-00177,Preventive,0,,000070000164
WO-2070859,ASSET-00177,Preventive,0,,000070000164
WO-2070860,ASSET-00177,Corrective,139,404,000070000164
WO-2070861,ASSET-00177,Preventive,0,,000070000164
WO-2070862,ASSET-00177,Corrective,111,1810,000070000164
WO-2070863,ASSET-00177,Preventive,0,,000070000164
WO-2070864,ASSET-00177,Corrective,128,902,000070000164
WO-2070865,ASSET-00178,Preventive,0,,000070000165
WO-2070866,ASSET-00178,Preventive,0,,000070000165
WO-2070867,ASSET-00178,Corrective,238,579,000070000165
WO-2070868,ASSET-00178,Preventive,0,,000070000165
WO-2070869,ASSET-00179,Preventive,0,,000070000166
WO-2070870,ASSET-00179,Emergency,505,1708,000070000166
WO-2070871,ASSET-00179,Emergency,149,1967,000070000166
WO-2070872,ASSET-00179,Preventive,0,,000070000166
WO-2070873,ASSET-00179,Emergency,453,953,000070000166
WO-2070874,ASSET-00180,Preventive,0,,000070000167
WO-2070875,ASSET-00180,Corrective,55,1425,000070000167
WO-2070876,ASSET-00180,Preventive,0,,000070000167
WO-2070877,ASSET-00180,Corrective,44,1431,000070000167
WO-2070878,ASSET-00180,Preventive,0,,000070000167
WO-2070879,ASSET-00181,Preventive,0,,000070000168
WO-2070880,ASSET-00181,Preventive,0,,000070000168
WO-2070881,ASSET-00181,Preventive,0,,000070000168
WO-2070882,ASSET-00182,Preventive,0,,000070000169
WO-2070883,ASSET-00182,Preventive,0,,000070000169
WO-2070884,ASSET-00183,Preventive,0,,000070000170
WO-2070885,ASSET-00183,Preventive,0,,000070000170
WO-2070886,ASSET-00183,Preventive,0,,000070000170
WO-2070887,ASSET-00183,Preventive,0,,000070000170
WO-2070888,ASSET-00184,Corrective,140,1116,
WO-2070889,ASSET-00184,Preventive,0,,
WO-2070890,ASSET-00184,Corrective,183,912,
WO-2070891,ASSET-00184,Preventive,0,,
WO-2070892,ASSET-00184,Emergency,164,913,
WO-2070893,ASSET-00185,Preventive,0,,000070000171
WO-2070894,ASSET-00185,Preventive,0,,000070000171
WO-2070895,ASSET-00185,Corrective,70,604,000070000171
WO-2070896,ASSET-00186,Corrective,212,1965,000070000172
WO-2070897,ASSET-00186,Preventive,0,,000070000172
WO-2070898,ASSET-00186,Preventive,0,,000070000172
WO-2070899,ASSET-00187,Preventive,0,,000070000173
WO-2070900,ASSET-00187,Preventive,0,,000070000173
WO-2070901,ASSET-00188,Preventive,0,,000070000174
WO-2070902,ASSET-00188,Corrective,130,582,000070000174
WO-2070903,ASSET-00188,Corrective,194,224,000070000174
WO-2070904,ASSET-00188,Emergency,301,1534,000070000174
WO-2070905,ASSET-00188,Corrective,172,397,000070000174
WO-2070906,ASSET-00188,Preventive,0,,000070000174
WO-2070907,ASSET-00188,Preventive,0,,000070000174
WO-2070908,ASSET-00189,Emergency,523,423,000070000175
WO-2070909,ASSET-00189,Corrective,151,681,000070000175
WO-2070910,ASSET-00189,Corrective,228,1648,000070000175
WO-2070911,ASSET-00190,Preventive,0,,000070000176
WO-2070912,ASSET-00190,Preventive,0,,000070000176
WO-2070913,ASSET-00190,Preventive,0,,000070000176
WO-2070914,ASSET-00191,Emergency,434,1124,000070000177
WO-2070915,ASSET-00191,Preventive,0,,000070000177
WO-2070916,ASSET-00191,Preventive,0,,000070000177
WO-2070917,ASSET-00192,Preventive,0,,000070000178
WO-2070918,ASSET-00192,Preventive,0,,000070000178
WO-2070919,ASSET-00192,Preventive,0,,000070000178
WO-2070920,ASSET-00192,Emergency,329,1806,000070000178
WO-2070921,ASSET-00192,Preventive,0,,000070000178
WO-2070922,ASSET-00192,Corrective,79,984,000070000178
WO-2070923,ASSET-00193,Corrective,79,1428,000070000179
WO-2070924,ASSET-00193,Corrective,40,1160,000070000179
WO-2070925,ASSET-00193,Preventive,0,,000070000179
WO-2070926,ASSET-00193,Preventive,0,,000070000179
WO-2070927,ASSET-00193,Corrective,223,1456,000070000179
WO-2070928,ASSET-00193,Preventive,0,,000070000179
WO-2070929,ASSET-00193,Corrective,74,541,000070000179
WO-2070930,ASSET-00194,Corrective,98,1142,000070000180
WO-2070931,ASSET-00194,Preventive,0,,000070000180
WO-2070932,ASSET-00194,Preventive,0,,000070000180
WO-2070933,ASSET-00194,Preventive,0,,000070000180
WO-2070934,ASSET-00194,Preventive,0,,000070000180
WO-2070935,ASSET-00194,Preventive,0,,000070000180
WO-2070936,ASSET-00194,Corrective,158,1560,000070000180
WO-2070937,ASSET-00195,Emergency,560,1779,000070000181
WO-2070938,ASSET-00195,Preventive,0,,000070000181
WO-2070939,ASSET-00195,Emergency,569,251,000070000181
WO-2070940,ASSET-00195,Corrective,54,825,000070000181
WO-2070941,ASSET-00195,Preventive,0,,000070000181
WO-2070942,ASSET-00195,Corrective,147,1458,000070000181
WO-2070943,ASSET-00196,Preventive,0,,000070000182
WO-2070944,ASSET-00196,Preventive,0,,000070000182
WO-2070945,ASSET-00196,Emergency,557,1994,000070000182
WO-2070946,ASSET-00197,Preventive,0,,000070000183
WO-2070947,ASSET-00197,Preventive,0,,000070000183
WO-2070948,ASSET-00197,Corrective,110,577,000070000183
WO-2070949,ASSET-00197,Corrective,195,1903,000070000183
WO-2070950,ASSET-00197,Corrective,62,478,000070000183
WO-2070951,ASSET-00197,Preventive,0,,000070000183
WO-2070952,ASSET-00197,Corrective,47,1232,000070000183
WO-2070953,ASSET-00197,Preventive,0,,000070000183
WO-2070954,ASSET-00197,Corrective,132,1998,000070000183
WO-2070955,ASSET-00198,Corrective,224,1836,000070000184
WO-2070956,ASSET-00198,Corrective,51,1891,000070000184
WO-2070957,ASSET-00198,Corrective,178,740,000070000184
WO-2070958,ASSET-00198,Preventive,0,,000070000184
WO-2070959,ASSET-00198,Preventive,0,,000070000184
WO-2070960,ASSET-00198,Corrective,44,1349,000070000184
WO-2070961,ASSET-00198,Preventive,0,,000070000184
WO-2070962,ASSET-00198,Preventive,0,,000070000184
WO-2070963,ASSET-00198,Corrective,143,1142,000070000184
WO-2070964,ASSET-00199,Preventive,0,,000070000185
WO-2070965,ASSET-00199,Corrective,35,1130,000070000185
WO-2070966,ASSET-00199,Emergency,585,791,000070000185
WO-2070967,ASSET-00201,Corrective,220,1501,000070000187
WO-2070968,ASSET-00201,Emergency,96,1520,000070000187
WO-2070969,ASSET-00201,Preventive,0,,000070000187
WO-2070970,ASSET-00201,Preventive,0,,000070000187
WO-2070971,ASSET-00201,Preventive,0,,000070000187
WO-2070972,ASSET-00201,Preventive,0,,000070000187
WO-2070973,ASSET-00201,Preventive,0,,000070000187
WO-2070974,ASSET-00202,Preventive,0,,000070000188
WO-2070975,ASSET-00202,Preventive,0,,000070000188
WO-2070976,ASSET-00202,Preventive,0,,000070000188
WO-2070977,ASSET-00202,Corrective,44,386,000070000188
WO-2070978,ASSET-00203,Corrective,85,738,
WO-2070979,ASSET-00203,Corrective,115,1640,
WO-2070980,ASSET-00203,Preventive,0,,
WO-2070981,ASSET-00203,Preventive,0,,
WO-2070982,ASSET-00203,Corrective,51,1508,
WO-2070983,ASSET-00204,Corrective,69,1336,000070000189
WO-2070984,ASSET-00204,Preventive,0,,000070000189
WO-2070985,ASSET-00204,Preventive,0,,000070000189
WO-2070986,ASSET-00204,Preventive,0,,000070000189
WO-2070987,ASSET-00204,Emergency,524,1269,000070000189
WO-2070988,ASSET-00205,Preventive,0,,000070000190
WO-2070989,ASSET-00205,Preventive,0,,000070000190
WO-2070990,ASSET-00205,Preventive,0,,000070000190
WO-2070991,ASSET-00205,Preventive,0,,000070000190
WO-2070992,ASSET-00205,Corrective,31,297,000070000190
WO-2070993,ASSET-00206,Preventive,0,,000070000191
WO-2070994,ASSET-00206,Corrective,37,1391,000070000191
WO-2070995,ASSET-00206,Corrective,225,962,000070000191
WO-2070996,ASSET-00206,Preventive,0,,000070000191
WO-2070997,ASSET-00206,Preventive,0,,000070000191
WO-2070998,ASSET-00207,Corrective,91,892,000070000192
WO-2070999,ASSET-00207,Emergency,173,1709,000070000192
WO-2071000,ASSET-00207,Preventive,0,,000070000192
WO-2071001,ASSET-00207,Preventive,0,,000070000192
WO-2071002,ASSET-00208,Corrective,55,664,000070000193
WO-2071003,ASSET-00208,Preventive,0,,000070000193
WO-2071004,ASSET-00208,Preventive,0,,000070000193
WO-2071005,ASSET-00208,Preventive,0,,000070000193
WO-2071006,ASSET-00208,Corrective,162,1978,000070000193
WO-2071007,ASSET-00209,Corrective,69,1560,000070000194
WO-2071008,ASSET-00209,Corrective,231,501,000070000194
WO-2071009,ASSET-00209,Preventive,0,,000070000194
WO-2071010,ASSET-00209,Emergency,589,879,000070000194
WO-2071011,ASSET-00209,Preventive,0,,000070000194
WO-2071012,ASSET-00210,Emergency,573,850,
WO-2071013,ASSET-00210,Preventive,0,,
WO-2071014,ASSET-00210,Corrective,112,269,
WO-2071015,ASSET-00210,Emergency,350,569,
WO-2071016,ASSET-00210,Corrective,84,1873,
WO-2071017,ASSET-00210,Preventive,0,,
WO-2071018,ASSET-00211,Preventive,0,,
WO-2071019,ASSET-00211,Corrective,142,1038,
WO-2071020,ASSET-00211,Corrective,82,223,
WO-2071021,ASSET-00212,Preventive,0,,000070000195
WO-2071022,ASSET-00212,Preventive,0,,000070000195
WO-2071023,ASSET-00212,Preventive,0,,000070000195
WO-2071024,ASSET-00212,Corrective,92,625,000070000195
WO-2071025,ASSET-00213,Preventive,0,,000070000196
WO-2071026,ASSET-00213,Preventive,0,,000070000196
WO-2071027,ASSET-00213,Corrective,31,1138,000070000196
WO-2071028,ASSET-00214,Emergency,229,1863,000070000197
WO-2071029,ASSET-00214,Corrective,208,274,000070000197
WO-2071030,ASSET-00214,Corrective,155,380,000070000197
WO-2071031,ASSET-00214,Preventive,0,,000070000197
WO-2071032,ASSET-00215,Preventive,0,,000070000198
WO-2071033,ASSET-00215,Corrective,150,666,000070000198
WO-2071034,ASSET-00215,Preventive,0,,000070000198
WO-2071035,ASSET-00215,Corrective,79,877,000070000198
WO-2071036,ASSET-00215,Preventive,0,,000070000198
WO-2071037,ASSET-00216,Corrective,118,1965,000070000199
WO-2071038,ASSET-00216,Preventive,0,,000070000199
WO-2071039,ASSET-00216,Preventive,0,,000070000199
WO-2071040,ASSET-00216,Preventive,0,,000070000199
WO-2071041,ASSET-00217,Preventive,0,,000070000200
WO-2071042,ASSET-00217,Preventive,0,,000070000200
WO-2071043,ASSET-00218,Preventive,0,,000070000201
WO-2071044,ASSET-00218,Corrective,158,1870,000070000201
WO-2071045,ASSET-00218,Preventive,0,,000070000201
WO-2071046,ASSET-00218,Preventive,0,,000070000201
WO-2071047,ASSET-00218,Preventive,0,,000070000201
WO-2071048,ASSET-00218,Emergency,154,359,000070000201
WO-2071049,ASSET-00218,Corrective,51,1302,000070000201
WO-2071050,ASSET-00218,Preventive,0,,000070000201
WO-2071051,ASSET-00218,Preventive,0,,000070000201
WO-2071052,ASSET-00218,Corrective,115,794,000070000201
WO-2071053,ASSET-00219,Preventive,0,,000070000202
WO-2071054,ASSET-00219,Corrective,84,1762,000070000202
WO-2071055,ASSET-00219,Preventive,0,,000070000202
WO-2071056,ASSET-00219,Preventive,0,,000070000202
WO-2071057,ASSET-00219,Preventive,0,,000070000202
WO-2071058,ASSET-00220,Emergency,580,879,000070000203
WO-2071059,ASSET-00221,Emergency,495,928,000070000204
WO-2071060,ASSET-00221,Corrective,204,907,000070000204
WO-2071061,ASSET-00222,Emergency,463,343,000070000205
WO-2071062,ASSET-00222,Preventive,0,,000070000205
WO-2071063,ASSET-00222,Corrective,76,1079,000070000205
WO-2071064,ASSET-00222,Preventive,0,,000070000205
WO-2071065,ASSET-00223,Corrective,195,1320,000070000206
WO-2071066,ASSET-00223,Preventive,0,,000070000206
WO-2071067,ASSET-00223,Preventive,0,,000070000206
WO-2071068,ASSET-00223,Corrective,230,1633,000070000206
WO-2071069,ASSET-00223,Preventive,0,,000070000206
WO-2071070,ASSET-00224,Corrective,134,1869,000070000207
WO-2071071,ASSET-00224,Corrective,39,618,000070000207
WO-2071072,ASSET-00224,Preventive,0,,000070000207
WO-2071073,ASSET-00224,Preventive,0,,000070000207
WO-2071074,ASSET-00224,Preventive,0,,000070000207
WO-2071075,ASSET-00225,Preventive,0,,000070000208
WO-2071076,ASSET-00225,Corrective,50,1702,000070000208
WO-2071077,ASSET-00225,Corrective,52,967,000070000208
WO-2071078,ASSET-00225,Preventive,0,,000070000208
WO-2071079,ASSET-00225,Preventive,0,,000070000208
WO-2071080,ASSET-00225,Corrective,216,793,000070000208
WO-2071081,ASSET-00225,Preventive,0,,000070000208
WO-2071082,ASSET-00226,Preventive,0,,000070000210
WO-2071083,ASSET-00226,Preventive,0,,000070000210
WO-2071084,ASSET-00226,Emergency,599,1808,000070000210
WO-2071085,ASSET-00226,Preventive,0,,000070000210
WO-2071086,ASSET-00226,Corrective,86,517,000070000210
WO-2071087,ASSET-00226,Corrective,102,457,000070000210
WO-2071088,ASSET-00226,Preventive,0,,000070000210
WO-2071089,ASSET-00227,Corrective,125,518,000070000211
WO-2071090,ASSET-00227,Preventive,0,,000070000211
WO-2071091,ASSET-00227,Preventive,0,,000070000211
WO-2071092,ASSET-00227,Corrective,39,958,000070000211
WO-2071093,ASSET-00228,Corrective,227,1274,000070000212
WO-2071094,ASSET-00228,Preventive,0,,000070000212
WO-2071095,ASSET-00228,Corrective,198,1149,000070000212
WO-2071096,ASSET-00228,Preventive,0,,000070000212
WO-2071097,ASSET-00228,Preventive,0,,000070000212
WO-2071098,ASSET-00228,Corrective,194,1470,000070000212
WO-2071099,ASSET-00228,Preventive,0,,000070000212
WO-2071100,ASSET-00228,Preventive,0,,000070000212
WO-2071101,ASSET-00228,Preventive,0,,000070000212
WO-2071102,ASSET-00228,Preventive,0,,000070000212
WO-2071103,ASSET-00229,Preventive,0,,000070000213
WO-2071104,ASSET-00229,Preventive,0,,000070000213
WO-2071105,ASSET-00229,Corrective,75,664,000070000213
WO-2071106,ASSET-00230,Corrective,96,485,000070000214
WO-2071107,ASSET-00230,Preventive,0,,000070000214
WO-2071108,ASSET-00230,Corrective,111,264,000070000214
WO-2071109,ASSET-00230,Corrective,105,1010,000070000214
WO-2071110,ASSET-00230,Preventive,0,,000070000214
WO-2071111,ASSET-00230,Corrective,165,514,000070000214
WO-2071112,ASSET-00230,Preventive,0,,000070000214
WO-2071113,ASSET-00231,Preventive,0,,000070000215
WO-2071114,ASSET-00231,Preventive,0,,000070000215
WO-2071115,ASSET-00232,Corrective,125,1890,000070000216
WO-2071116,ASSET-00233,Corrective,38,1798,000070000217
WO-2071117,ASSET-00233,Corrective,106,1427,000070000217
WO-2071118,ASSET-00233,Preventive,0,,000070000217
WO-2071119,ASSET-00233,Corrective,132,1054,000070000217
WO-2071120,ASSET-00234,Emergency,444,497,000070000218
WO-2071121,ASSET-00234,Corrective,123,387,000070000218
WO-2071122,ASSET-00234,Corrective,42,1299,000070000218
WO-2071123,ASSET-00234,Preventive,0,,000070000218
WO-2071124,ASSET-00234,Preventive,0,,000070000218
WO-2071125,ASSET-00235,Corrective,144,1325,000070000219
WO-2071126,ASSET-00235,Corrective,72,1642,000070000219
WO-2071127,ASSET-00235,Preventive,0,,000070000219
WO-2071128,ASSET-00236,Preventive,0,,000070000220
WO-2071129,ASSET-00236,Emergency,178,1702,000070000220
WO-2071130,ASSET-00236,Preventive,0,,000070000220
WO-2071131,ASSET-00236,Emergency,267,1470,000070000220
WO-2071132,ASSET-00236,Preventive,0,,000070000220
WO-2071133,ASSET-00237,Preventive,0,,000070000221
WO-2071134,ASSET-00237,Preventive,0,,000070000221
WO-2071135,ASSET-00237,Preventive,0,,000070000221
WO-2071136,ASSET-00237,Preventive,0,,000070000221
WO-2071137,ASSET-00237,Preventive,0,,000070000221
WO-2071138,ASSET-00237,Preventive,0,,000070000221
WO-2071139,ASSET-00238,Preventive,0,,000070000222
WO-2071140,ASSET-00238,Preventive,0,,000070000222
WO-2071141,ASSET-00238,Emergency,556,1267,000070000222
WO-2071142,ASSET-00238,Corrective,125,372,000070000222
WO-2071143,ASSET-00238,Preventive,0,,000070000222
WO-2071144,ASSET-00238,Preventive,0,,000070000222
WO-2071145,ASSET-00238,Preventive,0,,000070000222
WO-2071146,ASSET-00239,Preventive,0,,000070000223
WO-2071147,ASSET-00239,Preventive,0,,000070000223
WO-2071148,ASSET-00239,Preventive,0,,000070000223
WO-2071149,ASSET-00239,Corrective,50,1195,000070000223
WO-2071150,ASSET-00240,Preventive,0,,000070000224
WO-2071151,ASSET-00240,Preventive,0,,000070000224
WO-2071152,ASSET-00240,Corrective,78,1387,000070000224
WO-2071153,ASSET-00241,Preventive,0,,000070000225
WO-2071154,ASSET-00241,Emergency,186,1415,000070000225
WO-2071155,ASSET-00241,Preventive,0,,000070000225
WO-2071156,ASSET-00241,Emergency,473,1243,000070000225
WO-2071157,ASSET-00241,Corrective,143,906,000070000225
WO-2071158,ASSET-00241,Corrective,51,479,000070000225
WO-2071159,ASSET-00242,Corrective,70,791,000070000226
WO-2071160,ASSET-00242,Preventive,0,,000070000226
WO-2071161,ASSET-00242,Preventive,0,,000070000226
WO-2071162,ASSET-00242,Preventive,0,,000070000226
WO-2071163,ASSET-00242,Preventive,0,,000070000226
WO-2071164,ASSET-00243,Corrective,76,960,000070000227
WO-2071165,ASSET-00243,Corrective,79,1482,000070000227
WO-2071166,ASSET-00243,Preventive,0,,000070000227
WO-2071167,ASSET-00244,Preventive,0,,000070000228
WO-2071168,ASSET-00244,Preventive,0,,000070000228
WO-2071169,ASSET-00244,Corrective,207,974,000070000228
WO-2071170,ASSET-00244,Preventive,0,,000070000228
WO-2071171,ASSET-00245,Preventive,0,,000070000229
WO-2071172,ASSET-00245,Corrective,129,786,000070000229
WO-2071173,ASSET-00245,Preventive,0,,000070000229
WO-2071174,ASSET-00245,Corrective,98,857,000070000229
WO-2071175,ASSET-00245,Emergency,121,1376,000070000229
WO-2071176,ASSET-00245,Corrective,80,565,000070000229
WO-2071177,ASSET-00246,Corrective,124,635,000070000230
WO-2071178,ASSET-00246,Corrective,180,1641,000070000230
WO-2071179,ASSET-00246,Preventive,0,,000070000230
WO-2071180,ASSET-00246,Corrective,224,337,000070000230
WO-2071181,ASSET-00247,Emergency,141,1381,000070000231
WO-2071182,ASSET-00247,Corrective,149,1556,000070000231
WO-2071183,ASSET-00247,Preventive,0,,000070000231
WO-2071184,ASSET-00247,Preventive,0,,000070000231
WO-2071185,ASSET-00248,Emergency,472,1520,000070000232
WO-2071186,ASSET-00248,Corrective,53,1286,000070000232
WO-2071187,ASSET-00248,Emergency,474,1992,000070000232
WO-2071188,ASSET-00249,Preventive,0,,000070000233
WO-2071189,ASSET-00249,Preventive,0,,000070000233
WO-2071190,ASSET-00249,Corrective,206,436,000070000233
WO-2071191,ASSET-00249,Preventive,0,,000070000233
WO-2071192,ASSET-00249,Corrective,121,1800,000070000233
WO-2071193,ASSET-00249,Preventive,0,,000070000233
WO-2071194,ASSET-00249,Preventive,0,,000070000233
WO-2071195,ASSET-00250,Preventive,0,,000070000234
WO-2071196,ASSET-00250,Preventive,0,,000070000234
WO-2071197,ASSET-00251,Preventive,0,,000070000235
WO-2071198,ASSET-00251,Preventive,0,,000070000235
WO-2071199,ASSET-00251,Corrective,125,1772,000070000235
WO-2071200,ASSET-00251,Preventive,0,,000070000235
WO-2071201,ASSET-00251,Preventive,0,,000070000235
WO-2071202,ASSET-00251,Corrective,211,365,000070000235
WO-2071203,ASSET-00251,Corrective,157,1316,000070000235
WO-2071204,ASSET-00252,Preventive,0,,000070000236
WO-2071205,ASSET-00252,Corrective,97,893,000070000236
WO-2071206,ASSET-00252,Preventive,0,,000070000236
WO-2071207,ASSET-00252,Corrective,213,1376,000070000236
WO-2071208,ASSET-00252,Corrective,59,1651,000070000236
WO-2071209,ASSET-00253,Corrective,197,867,000070000237
WO-2071210,ASSET-00253,Corrective,110,1183,000070000237
WO-2071211,ASSET-00253,Preventive,0,,000070000237
WO-2071212,ASSET-00253,Corrective,199,765,000070000237
WO-2071213,ASSET-00254,Corrective,143,749,000070000238
WO-2071214,ASSET-00254,Emergency,250,1775,000070000238
WO-2071215,ASSET-00254,Preventive,0,,000070000238
WO-2071216,ASSET-00254,Preventive,0,,000070000238
WO-2071217,ASSET-00254,Preventive,0,,000070000238
WO-2071218,ASSET-00254,Corrective,216,798,000070000238
WO-2071219,ASSET-00255,Corrective,212,1172,000070000239
WO-2071220,ASSET-00255,Preventive,0,,000070000239
WO-2071221,ASSET-00255,Corrective,61,1829,000070000239
WO-2071222,ASSET-00255,Corrective,104,1316,000070000239
WO-2071223,ASSET-00255,Corrective,77,1968,000070000239
WO-2071224,ASSET-00256,Preventive,0,,000070000240
WO-2071225,ASSET-00256,Preventive,0,,000070000240
WO-2071226,ASSET-00257,Corrective,168,1941,000070000241
WO-2071227,ASSET-00257,Corrective,47,1920,000070000241
WO-2071228,ASSET-00257,Corrective,51,494,000070000241
WO-2071229,ASSET-00258,Preventive,0,,000070000242
WO-2071230,ASSET-00258,Preventive,0,,000070000242
WO-2071231,ASSET-00258,Emergency,393,803,000070000242
WO-2071232,ASSET-00258,Preventive,0,,000070000242
WO-2071233,ASSET-00258,Corrective,172,1372,000070000242
WO-2071234,ASSET-00258,Preventive,0,,000070000242
WO-2071235,ASSET-00259,Preventive,0,,000070000243
WO-2071236,ASSET-00259,Preventive,0,,000070000243
WO-2071237,ASSET-00259,Emergency,407,510,000070000243
WO-2071238,ASSET-00259,Preventive,0,,000070000243
WO-2071239,ASSET-00259,Preventive,0,,000070000243
WO-2071240,ASSET-00259,Emergency,440,1874,000070000243
WO-2071241,ASSET-00259,Preventive,0,,000070000243
WO-2071242,ASSET-00259,Preventive,0,,000070000243
WO-2071243,ASSET-00259,Preventive,0,,000070000243
WO-2071244,ASSET-00260,Emergency,272,723,000070000244
WO-2071245,ASSET-00260,Emergency,457,1125,000070000244
WO-2071246,ASSET-00260,Corrective,211,1482,000070000244
WO-2071247,ASSET-00260,Preventive,0,,000070000244
WO-2071248,ASSET-00260,Corrective,176,678,000070000244
WO-2071249,ASSET-00261,Corrective,58,411,000070000245
WO-2071250,ASSET-00261,Preventive,0,,000070000245
WO-2071251,ASSET-00261,Corrective,122,1768,000070000245
WO-2071252,ASSET-00261,Preventive,0,,000070000245
WO-2071253,ASSET-00262,Corrective,198,1413,000070000246
WO-2071254,ASSET-00262,Preventive,0,,000070000246
WO-2071255,ASSET-00262,Preventive,0,,000070000246
WO-2071256,ASSET-00262,Preventive,0,,000070000246
WO-2071257,ASSET-00262,Preventive,0,,000070000246
WO-2071258,ASSET-00262,Preventive,0,,000070000246
WO-2071259,ASSET-00262,Preventive,0,,000070000246
WO-2071260,ASSET-00262,Corrective,99,1085,000070000246
WO-2071261,ASSET-00263,Preventive,0,,000070000247
WO-2071262,ASSET-00263,Preventive,0,,000070000247
WO-2071263,ASSET-00263,Preventive,0,,000070000247
WO-2071264,ASSET-00264,Preventive,0,,000070000248
WO-2071265,ASSET-00264,Preventive,0,,000070000248
WO-2071266,ASSET-00264,Preventive,0,,000070000248
WO-2071267,ASSET-00264,Preventive,0,,000070000248
WO-2071268,ASSET-00264,Preventive,0,,000070000248
WO-2071269,ASSET-00264,Preventive,0,,000070000248
WO-2071270,ASSET-00264,Preventive,0,,000070000248
WO-2071271,ASSET-00264,Corrective,159,826,000070000248
WO-2071272,ASSET-00265,Emergency,554,1165,000070000249
WO-2071273,ASSET-00265,Corrective,225,567,000070000249
WO-2071274,ASSET-00265,Corrective,223,1565,000070000249
WO-2071275,ASSET-00265,Corrective,215,1295,000070000249
WO-2071276,ASSET-00266,Corrective,214,885,000070000250
WO-2071277,ASSET-00266,Preventive,0,,000070000250
WO-2071278,ASSET-00266,Corrective,157,523,000070000250
WO-2071279,ASSET-00266,Preventive,0,,000070000250
WO-2071280,ASSET-00266,Emergency,327,1177,000070000250
WO-2071281,ASSET-00266,Preventive,0,,000070000250
WO-2071282,ASSET-00267,Preventive,0,,000070000251
WO-2071283,ASSET-00267,Corrective,200,1598,000070000251
WO-2071284,ASSET-00267,Preventive,0,,000070000251
WO-2071285,ASSET-00267,Corrective,167,1007,000070000251
WO-2071286,ASSET-00267,Corrective,100,1002,000070000251
WO-2071287,ASSET-00268,Preventive,0,,000070000252
WO-2071288,ASSET-00269,Preventive,0,,000070000253
WO-2071289,ASSET-00269,Preventive,0,,000070000253
WO-2071290,ASSET-00269,Corrective,64,1800,000070000253
WO-2071291,ASSET-00270,Corrective,157,519,000070000254
WO-2071292,ASSET-00270,Corrective,45,928,000070000254
WO-2071293,ASSET-00270,Emergency,319,260,000070000254
WO-2071294,ASSET-00270,Preventive,0,,000070000254
WO-2071295,ASSET-00270,Preventive,0,,000070000254
WO-2071296,ASSET-00270,Preventive,0,,000070000254
WO-2071297,ASSET-00271,Preventive,0,,000070000255
WO-2071298,ASSET-00271,Preventive,0,,000070000255
WO-2071299,ASSET-00272,Preventive,0,,000070000256
WO-2071300,ASSET-00272,Corrective,52,1599,000070000256
WO-2071301,ASSET-00272,Preventive,0,,000070000256
WO-2071302,ASSET-00272,Corrective,142,667,000070000256
WO-2071303,ASSET-00272,Preventive,0,,000070000256
WO-2071304,ASSET-00272,Preventive,0,,000070000256
WO-2071305,ASSET-00273,Corrective,107,1154,000070000257
WO-2071306,ASSET-00273,Corrective,133,592,000070000257
WO-2071307,ASSET-00273,Emergency,90,345,000070000257
WO-2071308,ASSET-00273,Corrective,135,963,000070000257
WO-2071309,ASSET-00273,Preventive,0,,000070000257
WO-2071310,ASSET-00273,Preventive,0,,000070000257
WO-2071311,ASSET-00274,Corrective,126,1230,000070000258
WO-2071312,ASSET-00274,Corrective,189,834,000070000258
WO-2071313,ASSET-00274,Emergency,405,213,000070000258
WO-2071314,ASSET-00274,Preventive,0,,000070000258
WO-2071315,ASSET-00274,Corrective,174,1336,000070000258
WO-2071316,ASSET-00274,Emergency,421,1233,000070000258
WO-2071317,ASSET-00274,Preventive,0,,000070000258
WO-2071318,ASSET-00275,Corrective,185,1661,000070000259
WO-2071319,ASSET-00275,Emergency,477,1169,000070000259
WO-2071320,ASSET-00275,Preventive,0,,000070000259
WO-2071321,ASSET-00275,Preventive,0,,000070000259
WO-2071322,ASSET-00276,Emergency,269,1825,000070000260
WO-2071323,ASSET-00276,Preventive,0,,000070000260
WO-2071324,ASSET-00276,Preventive,0,,000070000260
WO-2071325,ASSET-00276,Preventive,0,,000070000260
WO-2071326,ASSET-00276,Corrective,174,920,000070000260
WO-2071327,ASSET-00276,Preventive,0,,000070000260
WO-2071328,ASSET-00277,Preventive,0,,000070000261
WO-2071329,ASSET-00277,Preventive,0,,000070000261
WO-2071330,ASSET-00277,Preventive,0,,000070000261
WO-2071331,ASSET-00277,Preventive,0,,000070000261
WO-2071332,ASSET-00277,Corrective,82,385,000070000261
WO-2071333,ASSET-00278,Preventive,0,,000070000262
WO-2071334,ASSET-00278,Corrective,49,1816,000070000262
WO-2071335,ASSET-00278,Preventive,0,,000070000262
WO-2071336,ASSET-00278,Corrective,102,260,000070000262
WO-2071337,ASSET-00279,Corrective,159,792,000070000263
WO-2071338,ASSET-00279,Corrective,149,464,000070000263
WO-2071339,ASSET-00279,Emergency,562,1005,000070000263
WO-2071340,ASSET-00280,Corrective,185,617,000070000264
WO-2071341,ASSET-00280,Emergency,294,913,000070000264
WO-2071342,ASSET-00280,Preventive,0,,000070000264
WO-2071343,ASSET-00280,Preventive,0,,000070000264
WO-2071344,ASSET-00280,Preventive,0,,000070000264
WO-2071345,ASSET-00280,Preventive,0,,000070000264
WO-2071346,ASSET-00281,Preventive,0,,000070000265
WO-2071347,ASSET-00281,Preventive,0,,000070000265
WO-2071348,ASSET-00281,Preventive,0,,000070000265
WO-2071349,ASSET-00282,Corrective,140,300,000070000266
WO-2071350,ASSET-00282,Preventive,0,,000070000266
WO-2071351,ASSET-00283,Corrective,119,1559,000070000267
WO-2071352,ASSET-00283,Preventive,0,,000070000267
WO-2071353,ASSET-00283,Preventive,0,,000070000267
WO-2071354,ASSET-00283,Preventive,0,,000070000267
WO-2071355,ASSET-00283,Emergency,340,622,000070000267
WO-2071356,ASSET-00283,Emergency,240,1584,000070000267
WO-2071357,ASSET-00284,Preventive,0,,000070000268
WO-2071358,ASSET-00284,Corrective,53,1810,000070000268
WO-2071359,ASSET-00285,Emergency,289,1597,000070000269
WO-2071360,ASSET-00285,Preventive,0,,000070000269
WO-2071361,ASSET-00285,Preventive,0,,000070000269
WO-2071362,ASSET-00285,Preventive,0,,000070000269
WO-2071363,ASSET-00285,Corrective,159,1588,000070000269
WO-2071364,ASSET-00286,Corrective,125,559,000070000270
WO-2071365,ASSET-00286,Corrective,43,290,000070000270
WO-2071366,ASSET-00286,Preventive,0,,000070000270
WO-2071367,ASSET-00286,Corrective,136,1958,000070000270
WO-2071368,ASSET-00286,Preventive,0,,000070000270
WO-2071369,ASSET-00287,Corrective,39,1581,000070000271
WO-2071370,ASSET-00287,Corrective,75,630,000070000271
WO-2071371,ASSET-00288,Emergency,302,1116,000070000272
WO-2071372,ASSET-00288,Preventive,0,,000070000272
WO-2071373,ASSET-00288,Preventive,0,,000070000272
WO-2071374,ASSET-00288,Preventive,0,,000070000272
WO-2071375,ASSET-00288,Corrective,66,1520,000070000272
WO-2071376,ASSET-00288,Preventive,0,,000070000272
WO-2071377,ASSET-00289,Preventive,0,,000070000273
WO-2071378,ASSET-00289,Corrective,179,826,000070000273
WO-2071379,ASSET-00289,Preventive,0,,000070000273
WO-2071380,ASSET-00289,Preventive,0,,000070000273
WO-2071381,ASSET-00289,Preventive,0,,000070000273
WO-2071382,ASSET-00290,Preventive,0,,000070000274
WO-2071383,ASSET-00290,Corrective,201,1197,000070000274
WO-2071384,ASSET-00291,Corrective,87,762,000070000275
WO-2071385,ASSET-00291,Corrective,150,1333,000070000275
WO-2071386,ASSET-00291,Preventive,0,,000070000275
WO-2071387,ASSET-00291,Preventive,0,,000070000275
WO-2071388,ASSET-00291,Corrective,69,1989,000070000275
WO-2071389,ASSET-00291,Preventive,0,,000070000275
WO-2071390,ASSET-00292,Preventive,0,,000070000276
WO-2071391,ASSET-00292,Corrective,222,1978,000070000276
WO-2071392,ASSET-00292,Preventive,0,,000070000276
WO-2071393,ASSET-00293,Emergency,341,1691,000070000277
WO-2071394,ASSET-00293,Preventive,0,,000070000277
WO-2071395,ASSET-00293,Preventive,0,,000070000277
WO-2071396,ASSET-00293,Preventive,0,,000070000277
WO-2071397,ASSET-00293,Preventive,0,,000070000277
WO-2071398,ASSET-00294,Corrective,204,369,000070000278
WO-2071399,ASSET-00294,Preventive,0,,000070000278
WO-2071400,ASSET-00294,Corrective,36,1441,000070000278
WO-2071401,ASSET-00294,Preventive,0,,000070000278
WO-2071402,ASSET-00295,Preventive,0,,000070000279
WO-2071403,ASSET-00295,Preventive,0,,000070000279
WO-2071404,ASSET-00295,Preventive,0,,000070000279
WO-2071405,ASSET-00296,Preventive,0,,000070000280
WO-2071406,ASSET-00296,Preventive,0,,000070000280
WO-2071407,ASSET-00296,Corrective,100,788,000070000280
WO-2071408,ASSET-00297,Corrective,95,705,000070000281
WO-2071409,ASSET-00297,Preventive,0,,000070000281
WO-2071410,ASSET-00297,Preventive,0,,000070000281
WO-2071411,ASSET-00297,Corrective,151,896,000070000281
WO-2071412,ASSET-00297,Corrective,79,1597,000070000281
WO-2071413,ASSET-00297,Corrective,228,1496,000070000281
WO-2071414,ASSET-00297,Preventive,0,,000070000281
WO-2071415,ASSET-00298,Preventive,0,,000070000282
WO-2071416,ASSET-00298,Corrective,220,1915,000070000282
WO-2071417,ASSET-00299,Corrective,67,620,000070000283
WO-2071418,ASSET-00299,Preventive,0,,000070000283
WO-2071419,ASSET-00299,Preventive,0,,000070000283
WO-2071420,ASSET-00299,Preventive,0,,000070000283
WO-2071421,ASSET-00300,Preventive,0,,000070000284
WO-2071422,ASSET-00300,Emergency,216,750,000070000284
WO-2071423,ASSET-00300,Corrective,82,313,000070000284
WO-2071424,ASSET-00300,Preventive,0,,000070000284
WO-2071425,ASSET-00300,Corrective,236,1496,000070000284
WO-2071426,ASSET-00301,Preventive,0,,000070000285
WO-2071427,ASSET-00301,Preventive,0,,000070000285
WO-2071428,ASSET-00301,Corrective,102,884,000070000285
WO-2071429,ASSET-00301,Emergency,263,1312,000070000285
WO-2071430,ASSET-00301,Preventive,0,,000070000285
WO-2071431,ASSET-00302,Preventive,0,,000070000286
WO-2071432,ASSET-00302,Corrective,225,967,000070000286
WO-2071433,ASSET-00302,Preventive,0,,000070000286
WO-2071434,ASSET-00302,Preventive,0,,000070000286
WO-2071435,ASSET-00302,Corrective,50,1472,000070000286
WO-2071436,ASSET-00303,Preventive,0,,000070000287
WO-2071437,ASSET-00303,Corrective,225,1553,000070000287
WO-2071438,ASSET-00304,Preventive,0,,000070000288
WO-2071439,ASSET-00304,Preventive,0,,000070000288
WO-2071440,ASSET-00304,Corrective,49,1426,000070000288
WO-2071441,ASSET-00304,Preventive,0,,000070000288
WO-2071442,ASSET-00304,Corrective,121,1259,000070000288
WO-2071443,ASSET-00304,Preventive,0,,000070000288
WO-2071444,ASSET-00305,Corrective,40,1022,000070000289
WO-2071445,ASSET-00305,Preventive,0,,000070000289
WO-2071446,ASSET-00306,Preventive,0,,000070000290
WO-2071447,ASSET-00306,Preventive,0,,000070000290
WO-2071448,ASSET-00306,Corrective,120,309,000070000290
WO-2071449,ASSET-00307,Preventive,0,,000070000291
WO-2071450,ASSET-00307,Preventive,0,,000070000291
WO-2071451,ASSET-00307,Emergency,199,798,000070000291
WO-2071452,ASSET-00307,Preventive,0,,000070000291
WO-2071453,ASSET-00307,Corrective,164,420,000070000291
WO-2071454,ASSET-00307,Preventive,0,,000070000291
WO-2071455,ASSET-00307,Preventive,0,,000070000291
WO-2071456,ASSET-00308,Preventive,0,,000070000292
WO-2071457,ASSET-00308,Preventive,0,,000070000292
WO-2071458,ASSET-00308,Preventive,0,,000070000292
WO-2071459,ASSET-00308,Preventive,0,,000070000292
WO-2071460,ASSET-00308,Preventive,0,,000070000292
WO-2071461,ASSET-00309,Preventive,0,,000070000293
WO-2071462,ASSET-00309,Emergency,545,563,000070000293
WO-2071463,ASSET-00309,Preventive,0,,000070000293
WO-2071464,ASSET-00310,Corrective,31,585,000070000294
WO-2071465,ASSET-00310,Preventive,0,,000070000294
WO-2071466,ASSET-00310,Corrective,122,325,000070000294
WO-2071467,ASSET-00310,Preventive,0,,000070000294
WO-2071468,ASSET-00310,Corrective,59,331,000070000294
WO-2071469,ASSET-00310,Preventive,0,,000070000294
WO-2071470,ASSET-00310,Corrective,71,1385,000070000294
WO-2071471,ASSET-00310,Preventive,0,,000070000294
WO-2071472,ASSET-00311,Emergency,168,469,000070000295
WO-2071473,ASSET-00311,Corrective,183,638,000070000295
WO-2071474,ASSET-00311,Emergency,234,355,000070000295
WO-2071475,ASSET-00311,Preventive,0,,000070000295
WO-2071476,ASSET-00312,Corrective,148,1843,000070000296
WO-2071477,ASSET-00312,Preventive,0,,000070000296
WO-2071478,ASSET-00312,Preventive,0,,000070000296
WO-2071479,ASSET-00313,Preventive,0,,000070000297
WO-2071480,ASSET-00313,Corrective,236,1320,000070000297
WO-2071481,ASSET-00313,Preventive,0,,000070000297
WO-2071482,ASSET-00313,Corrective,89,745,000070000297
WO-2071483,ASSET-00313,Preventive,0,,000070000297
WO-2071484,ASSET-00313,Preventive,0,,000070000297
WO-2071485,ASSET-00313,Corrective,126,1269,000070000297
WO-2071486,ASSET-00314,Corrective,79,1574,000070000298
WO-2071487,ASSET-00314,Preventive,0,,000070000298
WO-2071488,ASSET-00315,Emergency,538,654,000070000299
WO-2071489,ASSET-00315,Corrective,190,1740,000070000299
WO-2071490,ASSET-00316,Emergency,359,785,000070000300
WO-2071491,ASSET-00316,Corrective,78,678,000070000300
WO-2071492,ASSET-00316,Corrective,65,666,000070000300
WO-2071493,ASSET-00316,Corrective,163,789,000070000300
WO-2071494,ASSET-00317,Preventive,0,,000070000301
WO-2071495,ASSET-00317,Preventive,0,,000070000301
WO-2071496,ASSET-00317,Corrective,111,510,000070000301
WO-2071497,ASSET-00317,Preventive,0,,000070000301
WO-2071498,ASSET-00317,Corrective,223,465,000070000301
WO-2071499,ASSET-00317,Corrective,82,954,000070000301
WO-2071500,ASSET-00317,Preventive,0,,000070000301
WO-2071501,ASSET-00318,Preventive,0,,000070000302
WO-2071502,ASSET-00318,Corrective,99,1675,000070000302
WO-2071503,ASSET-00318,Corrective,105,963,000070000302
WO-2071504,ASSET-00318,Preventive,0,,000070000302
WO-2071505,ASSET-00319,Corrective,212,1997,000070000303
WO-2071506,ASSET-00319,Emergency,280,1229,000070000303
WO-2071507,ASSET-00319,Emergency,238,1836,000070000303
WO-2071508,ASSET-00320,Preventive,0,,000070000304
WO-2071509,ASSET-00320,Preventive,0,,000070000304
WO-2071510,ASSET-00320,Corrective,54,474,000070000304
WO-2071511,ASSET-00320,Preventive,0,,000070000304
WO-2071512,ASSET-00320,Preventive,0,,000070000304
WO-2071513,ASSET-00320,Corrective,99,595,000070000304
WO-2071514,ASSET-00321,Preventive,0,,000070000305
WO-2071515,ASSET-00321,Preventive,0,,000070000305
WO-2071516,ASSET-00321,Corrective,154,461,000070000305
WO-2071517,ASSET-00321,Preventive,0,,000070000305
WO-2071518,ASSET-00321,Corrective,120,1585,000070000305
WO-2071519,ASSET-00322,Preventive,0,,000070000306
WO-2071520,ASSET-00322,Preventive,0,,000070000306
WO-2071521,ASSET-00323,Preventive,0,,000070000307
WO-2071522,ASSET-00323,Corrective,230,288,000070000307
WO-2071523,ASSET-00323,Preventive,0,,000070000307
WO-2071524,ASSET-00323,Preventive,0,,000070000307
WO-2071525,ASSET-00324,Corrective,35,622,000070000308
WO-2071526,ASSET-00324,Corrective,59,598,000070000308
WO-2071527,ASSET-00324,Emergency,185,1245,000070000308
WO-2071528,ASSET-00324,Corrective,215,1933,000070000308
WO-2071529,ASSET-00324,Preventive,0,,000070000308
WO-2071530,ASSET-00324,Preventive,0,,000070000308
WO-2071531,ASSET-00324,Preventive,0,,000070000308
WO-2071532,ASSET-00324,Preventive,0,,000070000308
WO-2071533,ASSET-00325,Corrective,196,1507,000070000309
WO-2071534,ASSET-00325,Preventive,0,,000070000309
WO-2071535,ASSET-00325,Emergency,426,1153,000070000309
WO-2071536,ASSET-00325,Corrective,93,685,000070000309
WO-2071537,ASSET-00325,Corrective,60,1475,000070000309
WO-2071538,ASSET-00326,Preventive,0,,000070000310
WO-2071539,ASSET-00326,Corrective,240,680,000070000310
WO-2071540,ASSET-00326,Corrective,210,1026,000070000310
WO-2071541,ASSET-00326,Corrective,54,310,000070000310
WO-2071542,ASSET-00326,Preventive,0,,000070000310
WO-2071543,ASSET-00327,Corrective,224,804,000070000311
WO-2071544,ASSET-00327,Preventive,0,,000070000311
WO-2071545,ASSET-00327,Preventive,0,,000070000311
WO-2071546,ASSET-00327,Corrective,62,1784,000070000311
WO-2071547,ASSET-00328,Corrective,70,505,000070000312
WO-2071548,ASSET-00328,Preventive,0,,000070000312
WO-2071549,ASSET-00328,Corrective,103,371,000070000312
WO-2071550,ASSET-00328,Corrective,235,938,000070000312
WO-2071551,ASSET-00328,Preventive,0,,000070000312
WO-2071552,ASSET-00328,Corrective,219,377,000070000312
WO-2071553,ASSET-00329,Corrective,190,387,000070000313
WO-2071554,ASSET-00329,Preventive,0,,000070000313
WO-2071555,ASSET-00329,Preventive,0,,000070000313
WO-2071556,ASSET-00329,Preventive,0,,000070000313
WO-2071557,ASSET-00330,Preventive,0,,000070000314
WO-2071558,ASSET-00330,Preventive,0,,000070000314
WO-2071559,ASSET-00330,Corrective,197,383,000070000314
WO-2071560,ASSET-00330,Preventive,0,,000070000314
WO-2071561,ASSET-00331,Emergency,283,893,000070000315
WO-2071562,ASSET-00331,Preventive,0,,000070000315
WO-2071563,ASSET-00331,Preventive,0,,000070000315
WO-2071564,ASSET-00332,Preventive,0,,000070000316
WO-2071565,ASSET-00332,Preventive,0,,000070000316
WO-2071566,ASSET-00332,Preventive,0,,000070000316
WO-2071567,ASSET-00332,Corrective,118,1072,000070000316
WO-2071568,ASSET-00332,Preventive,0,,000070000316
WO-2071569,ASSET-00332,Preventive,0,,000070000316
WO-2071570,ASSET-00332,Preventive,0,,000070000316
WO-2071571,ASSET-00333,Preventive,0,,000070000317
WO-2071572,ASSET-00333,Preventive,0,,000070000317
WO-2071573,ASSET-00333,Preventive,0,,000070000317
WO-2071574,ASSET-00333,Preventive,0,,000070000317
WO-2071575,ASSET-00333,Corrective,177,1345,000070000317
WO-2071576,ASSET-00333,Preventive,0,,000070000317
WO-2071577,ASSET-00333,Corrective,82,489,000070000317
WO-2071578,ASSET-00333,Preventive,0,,000070000317
WO-2071579,ASSET-00333,Corrective,50,422,000070000317
WO-2071580,ASSET-00334,Corrective,63,1885,000070000318
WO-2071581,ASSET-00334,Corrective,74,441,000070000318
WO-2071582,ASSET-00334,Preventive,0,,000070000318
WO-2071583,ASSET-00334,Emergency,507,704,000070000318
WO-2071584,ASSET-00334,Preventive,0,,000070000318
WO-2071585,ASSET-00334,Corrective,33,1363,000070000318
WO-2071586,ASSET-00334,Emergency,196,1323,000070000318
WO-2071587,ASSET-00334,Corrective,119,1519,000070000318
WO-2071588,ASSET-00335,Preventive,0,,000070000319
WO-2071589,ASSET-00335,Preventive,0,,000070000319
WO-2071590,ASSET-00335,Preventive,0,,000070000319
WO-2071591,ASSET-00335,Preventive,0,,000070000319
WO-2071592,ASSET-00335,Preventive,0,,000070000319
WO-2071593,ASSET-00336,Corrective,72,1266,000070000320
WO-2071594,ASSET-00336,Preventive,0,,000070000320
WO-2071595,ASSET-00336,Corrective,81,972,000070000320
WO-2071596,ASSET-00336,Preventive,0,,000070000320
WO-2071597,ASSET-00337,Corrective,46,892,000070000321
WO-2071598,ASSET-00339,Corrective,155,1099,000070000323
WO-2071599,ASSET-00339,Corrective,195,1246,000070000323
WO-2071600,ASSET-00340,Preventive,0,,000070000324
WO-2071601,ASSET-00340,Preventive,0,,000070000324
WO-2071602,ASSET-00341,Preventive,0,,000070000325
WO-2071603,ASSET-00341,Corrective,233,984,000070000325
WO-2071604,ASSET-00341,Preventive,0,,000070000325
WO-2071605,ASSET-00341,Preventive,0,,000070000325
WO-2071606,ASSET-00341,Preventive,0,,000070000325
WO-2071607,ASSET-00341,Corrective,136,330,000070000325
WO-2071608,ASSET-00341,Preventive,0,,000070000325
WO-2071609,ASSET-00342,Preventive,0,,000070000326
WO-2071610,ASSET-00342,Corrective,214,1634,000070000326
WO-2071611,ASSET-00343,Corrective,104,400,000070000327
WO-2071612,ASSET-00343,Emergency,453,741,000070000327
WO-2071613,ASSET-00343,Preventive,0,,000070000327
WO-2071614,ASSET-00344,Corrective,182,1766,000070000328
WO-2071615,ASSET-00344,Corrective,208,372,000070000328
WO-2071616,ASSET-00344,Preventive,0,,000070000328
WO-2071617,ASSET-00344,Corrective,71,211,000070000328
WO-2071618,ASSET-00344,Preventive,0,,000070000328
WO-2071619,ASSET-00344,Corrective,232,599,000070000328
WO-2071620,ASSET-00345,Emergency,558,818,000070000329
WO-2071621,ASSET-00345,Corrective,178,1124,000070000329
WO-2071622,ASSET-00345,Preventive,0,,000070000329
WO-2071623,ASSET-00346,Preventive,0,,000070000330
WO-2071624,ASSET-00347,Preventive,0,,000070000331
WO-2071625,ASSET-00347,Corrective,106,570,000070000331
WO-2071626,ASSET-00347,Preventive,0,,000070000331
WO-2071627,ASSET-00347,Preventive,0,,000070000331
WO-2071628,ASSET-00348,Corrective,190,897,000070000332
WO-2071629,ASSET-00348,Preventive,0,,000070000332
WO-2071630,ASSET-00349,Corrective,74,825,000070000333
WO-2071631,ASSET-00349,Preventive,0,,000070000333
WO-2071632,ASSET-00349,Preventive,0,,000070000333
WO-2071633,ASSET-00349,Preventive,0,,000070000333
WO-2071634,ASSET-00350,Preventive,0,,000070000334
WO-2071635,ASSET-00350,Preventive,0,,000070000334
WO-2071636,ASSET-00351,Emergency,233,1981,000070000335
WO-2071637,ASSET-00351,Preventive,0,,000070000335
WO-2071638,ASSET-00351,Preventive,0,,000070000335
WO-2071639,ASSET-00351,Preventive,0,,000070000335
WO-2071640,ASSET-00351,Preventive,0,,000070000335
WO-2071641,ASSET-00351,Preventive,0,,000070000335
WO-2071642,ASSET-00351,Corrective,32,1100,000070000335
WO-2071643,ASSET-00352,Corrective,170,1348,000070000336
WO-2071644,ASSET-00352,Emergency,485,1630,000070000336
WO-2071645,ASSET-00352,Preventive,0,,000070000336
WO-2071646,ASSET-00353,Corrective,177,910,000070000337
WO-2071647,ASSET-00353,Preventive,0,,000070000337
WO-2071648,ASSET-00353,Emergency,582,228,000070000337
WO-2071649,ASSET-00353,Preventive,0,,000070000337
WO-2071650,ASSET-00353,Preventive,0,,000070000337
WO-2071651,ASSET-00353,Preventive,0,,000070000337
WO-2071652,ASSET-00353,Corrective,196,351,000070000337
WO-2071653,ASSET-00354,Preventive,0,,000070000338
WO-2071654,ASSET-00354,Preventive,0,,000070000338
WO-2071655,ASSET-00354,Preventive,0,,000070000338
WO-2071656,ASSET-00354,Preventive,0,,000070000338
WO-2071657,ASSET-00354,Preventive,0,,000070000338
WO-2071658,ASSET-00355,Preventive,0,,000070000339
WO-2071659,ASSET-00355,Emergency,468,627,000070000339
WO-2071660,ASSET-00355,Emergency,495,1677,000070000339
WO-2071661,ASSET-00355,Corrective,133,621,000070000339
WO-2071662,ASSET-00356,Corrective,212,1578,000070000340
WO-2071663,ASSET-00356,Corrective,78,1038,000070000340
WO-2071664,ASSET-00356,Corrective,201,605,000070000340
WO-2071665,ASSET-00356,Emergency,210,876,000070000340
WO-2071666,ASSET-00356,Preventive,0,,000070000340
WO-2071667,ASSET-00356,Emergency,531,1755,000070000340
WO-2071668,ASSET-00357,Preventive,0,,000070000341
WO-2071669,ASSET-00357,Corrective,235,495,000070000341
WO-2071670,ASSET-00357,Preventive,0,,000070000341
WO-2071671,ASSET-00358,Preventive,0,,000070000342
WO-2071672,ASSET-00358,Corrective,136,679,000070000342
WO-2071673,ASSET-00358,Preventive,0,,000070000342
WO-2071674,ASSET-00359,Preventive,0,,000070000343
WO-2071675,ASSET-00359,Preventive,0,,000070000343
WO-2071676,ASSET-00359,Emergency,531,1175,000070000343
WO-2071677,ASSET-00360,Corrective,67,1715,000070000344
WO-2071678,ASSET-00360,Corrective,50,953,000070000344
WO-2071679,ASSET-00360,Preventive,0,,000070000344
WO-2071680,ASSET-00360,Corrective,192,419,000070000344
WO-2071681,ASSET-00360,Preventive,0,,000070000344
WO-2071682,ASSET-00361,Preventive,0,,000070000345
WO-2071683,ASSET-00361,Preventive,0,,000070000345
WO-2071684,ASSET-00361,Corrective,199,985,000070000345
WO-2071685,ASSET-00362,Corrective,154,590,000070000346
WO-2071686,ASSET-00362,Emergency,61,1335,000070000346
WO-2071687,ASSET-00362,Corrective,113,872,000070000346
WO-2071688,ASSET-00363,Corrective,180,221,000070000347
WO-2071689,ASSET-00364,Preventive,0,,000070000348
WO-2071690,ASSET-00364,Emergency,216,1113,000070000348
WO-2071691,ASSET-00364,Corrective,144,412,000070000348
WO-2071692,ASSET-00364,Corrective,239,1457,000070000348
WO-2071693,ASSET-00365,Preventive,0,,000070000349
WO-2071694,ASSET-00365,Preventive,0,,000070000349
WO-2071695,ASSET-00365,Emergency,140,621,000070000349
WO-2071696,ASSET-00366,Preventive,0,,000070000350
WO-2071697,ASSET-00366,Preventive,0,,000070000350
WO-2071698,ASSET-00367,Preventive,0,,000070000351
WO-2071699,ASSET-00367,Corrective,81,1916,000070000351
WO-2071700,ASSET-00367,Preventive,0,,000070000351
WO-2071701,ASSET-00367,Preventive,0,,000070000351
WO-2071702,ASSET-00367,Preventive,0,,000070000351
WO-2071703,ASSET-00367,Emergency,70,508,000070000351
WO-2071704,ASSET-00367,Preventive,0,,000070000351
WO-2071705,ASSET-00368,Emergency,387,1260,000070000352
WO-2071706,ASSET-00368,Preventive,0,,000070000352
WO-2071707,ASSET-00368,Preventive,0,,000070000352
WO-2071708,ASSET-00368,Preventive,0,,000070000352
WO-2071709,ASSET-00368,Preventive,0,,000070000352
WO-2071710,ASSET-00368,Preventive,0,,000070000352
WO-2071711,ASSET-00368,Corrective,36,1945,000070000352
WO-2071712,ASSET-00368,Corrective,144,1585,000070000352
WO-2071713,ASSET-00368,Preventive,0,,000070000352
WO-2071714,ASSET-00369,Emergency,357,1798,000070000353
WO-2071715,ASSET-00369,Corrective,127,901,000070000353
WO-2071716,ASSET-00369,Corrective,103,625,000070000353
WO-2071717,ASSET-00369,Corrective,33,1114,000070000353
WO-2071718,ASSET-00369,Emergency,360,1532,000070000353
WO-2071719,ASSET-00370,Preventive,0,,000070000354
WO-2071720,ASSET-00370,Corrective,56,314,000070000354
WO-2071721,ASSET-00370,Preventive,0,,000070000354
WO-2071722,ASSET-00370,Preventive,0,,000070000354
WO-2071723,ASSET-00371,Preventive,0,,000070000355
WO-2071724,ASSET-00371,Preventive,0,,000070000355
WO-2071725,ASSET-00371,Corrective,126,1743,000070000355
WO-2071726,ASSET-00371,Emergency,314,521,000070000355
WO-2071727,ASSET-00371,Corrective,73,596,000070000355
WO-2071728,ASSET-00371,Preventive,0,,000070000355
WO-2071729,ASSET-00372,Preventive,0,,000070000356
WO-2071730,ASSET-00372,Preventive,0,,000070000356
WO-2071731,ASSET-00372,Corrective,182,733,000070000356
WO-2071732,ASSET-00372,Corrective,34,1551,000070000356
WO-2071733,ASSET-00372,Corrective,164,1077,000070000356
WO-2071734,ASSET-00372,Corrective,30,1090,000070000356
WO-2071735,ASSET-00372,Preventive,0,,000070000356
WO-2071736,ASSET-00373,Preventive,0,,000070000357
WO-2071737,ASSET-00373,Preventive,0,,000070000357
WO-2071738,ASSET-00373,Preventive,0,,000070000357
WO-2071739,ASSET-00373,Corrective,216,1886,000070000357
WO-2071740,ASSET-00373,Preventive,0,,000070000357
WO-2071741,ASSET-00374,Corrective,164,1478,000070000358
WO-2071742,ASSET-00374,Preventive,0,,000070000358
WO-2071743,ASSET-00374,Corrective,152,541,000070000358
WO-2071744,ASSET-00374,Preventive,0,,000070000358
WO-2071745,ASSET-00374,Preventive,0,,000070000358
WO-2071746,ASSET-00374,Preventive,0,,000070000358
WO-2071747,ASSET-00375,Preventive,0,,000070000359
WO-2071748,ASSET-00375,Preventive,0,,000070000359
WO-2071749,ASSET-00376,Corrective,233,980,000070000360
WO-2071750,ASSET-00376,Preventive,0,,000070000360
WO-2071751,ASSET-00376,Preventive,0,,000070000360
WO-2071752,ASSET-00377,Corrective,132,420,000070000361
WO-2071753,ASSET-00377,Preventive,0,,000070000361
WO-2071754,ASSET-00377,Preventive,0,,000070000361
WO-2071755,ASSET-00377,Preventive,0,,000070000361
WO-2071756,ASSET-00378,Preventive,0,,000070000362
WO-2071757,ASSET-00379,Preventive,0,,000070000363
WO-2071758,ASSET-00379,Preventive,0,,000070000363
WO-2071759,ASSET-00379,Preventive,0,,000070000363
WO-2071760,ASSET-00379,Corrective,203,1365,000070000363
WO-2071761,ASSET-00380,Preventive,0,,000070000364
WO-2071762,ASSET-00380,Preventive,0,,000070000364
WO-2071763,ASSET-00380,Preventive,0,,000070000364
WO-2071764,ASSET-00381,Preventive,0,,000070000365
WO-2071765,ASSET-00381,Preventive,0,,000070000365
WO-2071766,ASSET-00381,Corrective,203,1181,000070000365
WO-2071767,ASSET-00382,Corrective,49,609,000070000366
WO-2071768,ASSET-00382,Preventive,0,,000070000366
WO-2071769,ASSET-00382,Corrective,204,806,000070000366
WO-2071770,ASSET-00382,Preventive,0,,000070000366
WO-2071771,ASSET-00382,Corrective,233,248,000070000366
WO-2071772,ASSET-00382,Preventive,0,,000070000366
WO-2071773,ASSET-00382,Corrective,105,695,000070000366
WO-2071774,ASSET-00383,Preventive,0,,000070000367
WO-2071775,ASSET-00383,Emergency,481,1254,000070000367
WO-2071776,ASSET-00383,Corrective,113,530,000070000367
WO-2071777,ASSET-00383,Corrective,147,544,000070000367
WO-2071778,ASSET-00384,Preventive,0,,000070000368
WO-2071779,ASSET-00384,Preventive,0,,000070000368
WO-2071780,ASSET-00384,Preventive,0,,000070000368
WO-2071781,ASSET-00384,Preventive,0,,000070000368
WO-2071782,ASSET-00385,Emergency,458,1788,000070000369
WO-2071783,ASSET-00385,Corrective,146,1419,000070000369
WO-2071784,ASSET-00385,Preventive,0,,000070000369
WO-2071785,ASSET-00385,Preventive,0,,000070000369
WO-2071786,ASSET-00385,Preventive,0,,000070000369
WO-2071787,ASSET-00385,Preventive,0,,000070000369
WO-2071788,ASSET-00385,Corrective,210,729,000070000369
WO-2071789,ASSET-00385,Preventive,0,,000070000369
WO-2071790,ASSET-00385,Corrective,220,788,000070000369
WO-2071791,ASSET-00385,Preventive,0,,000070000369
WO-2071792,ASSET-00386,Corrective,138,1742,000070000370
WO-2071793,ASSET-00386,Corrective,69,1039,000070000370
WO-2071794,ASSET-00386,Preventive,0,,000070000370
WO-2071795,ASSET-00387,Preventive,0,,000070000371
WO-2071796,ASSET-00387,Emergency,480,237,000070000371
WO-2071797,ASSET-00387,Corrective,121,250,000070000371
WO-2071798,ASSET-00387,Corrective,92,962,000070000371
WO-2071799,ASSET-00387,Preventive,0,,000070000371
WO-2071800,ASSET-00387,Preventive,0,,000070000371
WO-2071801,ASSET-00387,Corrective,129,1433,000070000371
WO-2071802,ASSET-00388,Preventive,0,,000070000372
WO-2071803,ASSET-00388,Preventive,0,,000070000372
WO-2071804,ASSET-00388,Corrective,116,1032,000070000372
WO-2071805,ASSET-00388,Corrective,224,1385,000070000372
WO-2071806,ASSET-00388,Preventive,0,,000070000372
WO-2071807,ASSET-00388,Preventive,0,,000070000372
WO-2071808,ASSET-00389,Preventive,0,,000070000373
WO-2071809,ASSET-00389,Corrective,87,334,000070000373
WO-2071810,ASSET-00389,Preventive,0,,000070000373
WO-2071811,ASSET-00390,Preventive,0,,000070000374
WO-2071812,ASSET-00390,Preventive,0,,000070000374
WO-2071813,ASSET-00390,Corrective,39,343,000070000374
WO-2071814,ASSET-00391,Preventive,0,,000070000375
WO-2071815,ASSET-00391,Corrective,94,997,000070000375
WO-2071816,ASSET-00391,Corrective,232,1911,000070000375
WO-2071817,ASSET-00391,Corrective,141,595,000070000375
WO-2071818,ASSET-00391,Corrective,188,1538,000070000375
WO-2071819,ASSET-00391,Corrective,33,1664,000070000375
WO-2071820,ASSET-00391,Emergency,419,486,000070000375
WO-2071821,ASSET-00391,Corrective,113,896,000070000375
WO-2071822,ASSET-00392,Preventive,0,,000070000376
WO-2071823,ASSET-00392,Corrective,33,483,000070000376
WO-2071824,ASSET-00392,Preventive,0,,000070000376
WO-2071825,ASSET-00392,Corrective,118,390,000070000376
WO-2071826,ASSET-00392,Preventive,0,,000070000376
WO-2071827,ASSET-00393,Corrective,101,270,000070000377
WO-2071828,ASSET-00393,Preventive,0,,000070000377
WO-2071829,ASSET-00393,Preventive,0,,000070000377
WO-2071830,ASSET-00393,Corrective,175,1209,000070000377
WO-2071831,ASSET-00394,Preventive,0,,000070000378
WO-2071832,ASSET-00395,Preventive,0,,000070000379
WO-2071833,ASSET-00395,Corrective,190,439,000070000379
WO-2071834,ASSET-00395,Preventive,0,,000070000379
WO-2071835,ASSET-00395,Corrective,119,713,000070000379
WO-2071836,ASSET-00395,Preventive,0,,000070000379
WO-2071837,ASSET-00395,Corrective,57,1252,000070000379
WO-2071838,ASSET-00396,Corrective,58,1440,000070000380
WO-2071839,ASSET-00396,Corrective,52,1355,000070000380
WO-2071840,ASSET-00397,Corrective,153,1642,000070000381
WO-2071841,ASSET-00397,Corrective,92,973,000070000381
WO-2071842,ASSET-00397,Emergency,228,262,000070000381
WO-2071843,ASSET-00397,Corrective,151,1559,000070000381
WO-2071844,ASSET-00398,Preventive,0,,000070000382
WO-2071845,ASSET-00398,Preventive,0,,000070000382
WO-2071846,ASSET-00398,Preventive,0,,000070000382
WO-2071847,ASSET-00398,Corrective,180,752,000070000382
WO-2071848,ASSET-00398,Preventive,0,,000070000382
WO-2071849,ASSET-00398,Corrective,56,949,000070000382
WO-2071850,ASSET-00398,Preventive,0,,000070000382
WO-2071851,ASSET-00398,Emergency,403,597,000070000382
WO-2071852,ASSET-00398,Emergency,128,222,000070000382
WO-2071853,ASSET-00399,Preventive,0,,000070000383
WO-2071854,ASSET-00399,Preventive,0,,000070000383
WO-2071855,ASSET-00399,Corrective,172,1327,000070000383
WO-2071856,ASSET-00399,Corrective,169,798,000070000383
WO-2071857,ASSET-00399,Preventive,0,,000070000383
WO-2071858,ASSET-00399,Preventive,0,,000070000383
WO-2071859,ASSET-00399,Preventive,0,,000070000383
WO-2071860,ASSET-00399,Corrective,73,1916,000070000383
WO-2071861,ASSET-00400,Emergency,323,1311,000070000384
WO-2071862,ASSET-00400,Corrective,32,794,000070000384
WO-2071863,ASSET-00400,Preventive,0,,000070000384
WO-2071864,ASSET-00400,Corrective,105,211,000070000384
WO-2071865,ASSET-00401,Corrective,59,1903,000070000385
WO-2071866,ASSET-00401,Preventive,0,,000070000385
WO-2071867,ASSET-00401,Preventive,0,,000070000385
WO-2071868,ASSET-00401,Corrective,200,1019,000070000385
WO-2071869,ASSET-00401,Corrective,199,384,000070000385
WO-2071870,ASSET-00401,Corrective,59,885,000070000385
WO-2071871,ASSET-00402,Corrective,144,1786,000070000386
WO-2071872,ASSET-00402,Preventive,0,,000070000386
WO-2071873,ASSET-00402,Preventive,0,,000070000386
WO-2071874,ASSET-00402,Preventive,0,,000070000386
WO-2071875,ASSET-00402,Corrective,173,268,000070000386
WO-2071876,ASSET-00402,Preventive,0,,000070000386
WO-2071877,ASSET-00402,Corrective,97,1399,000070000386
WO-2071878,ASSET-00402,Preventive,0,,000070000386
WO-2071879,ASSET-00403,Corrective,35,963,000070000387
WO-2071880,ASSET-00403,Corrective,91,1681,000070000387
WO-2071881,ASSET-00403,Preventive,0,,000070000387
WO-2071882,ASSET-00403,Preventive,0,,000070000387
WO-2071883,ASSET-00403,Emergency,63,1911,000070000387
WO-2071884,ASSET-00403,Preventive,0,,000070000387
WO-2071885,ASSET-00404,Preventive,0,,000070000388
WO-2071886,ASSET-00404,Emergency,518,345,000070000388
WO-2071887,ASSET-00404,Emergency,153,427,000070000388
WO-2071888,ASSET-00404,Preventive,0,,000070000388
WO-2071889,ASSET-00404,Corrective,79,648,000070000388
WO-2071890,ASSET-00404,Corrective,189,581,000070000388
WO-2071891,ASSET-00404,Preventive,0,,000070000388
WO-2071892,ASSET-00405,Preventive,0,,000070000389
WO-2071893,ASSET-00405,Corrective,204,455,000070000389
WO-2071894,ASSET-00405,Corrective,95,1001,000070000389
WO-2071895,ASSET-00405,Corrective,170,1945,000070000389
WO-2071896,ASSET-00405,Emergency,540,899,000070000389
WO-2071897,ASSET-00406,Corrective,99,1548,000070000390
WO-2071898,ASSET-00406,Corrective,181,474,000070000390
WO-2071899,ASSET-00406,Emergency,283,832,000070000390
WO-2071900,ASSET-00406,Preventive,0,,000070000390
WO-2071901,ASSET-00406,Corrective,62,1990,000070000390
WO-2071902,ASSET-00407,Corrective,177,1069,000070000391
WO-2071903,ASSET-00407,Corrective,228,1190,000070000391
WO-2071904,ASSET-00408,Preventive,0,,000070000392
WO-2071905,ASSET-00408,Preventive,0,,000070000392
WO-2071906,ASSET-00408,Corrective,32,1837,000070000392
WO-2071907,ASSET-00408,Corrective,134,1129,000070000392
WO-2071908,ASSET-00409,Corrective,82,297,000070000393
WO-2071909,ASSET-00409,Preventive,0,,000070000393
WO-2071910,ASSET-00409,Preventive,0,,000070000393
WO-2071911,ASSET-00409,Emergency,265,1013,000070000393
WO-2071912,ASSET-00409,Corrective,192,1503,000070000393
WO-2071913,ASSET-00410,Preventive,0,,000070000394
WO-2071914,ASSET-00410,Corrective,229,316,000070000394
WO-2071915,ASSET-00410,Preventive,0,,000070000394
WO-2071916,ASSET-00410,Preventive,0,,000070000394
WO-2071917,ASSET-00410,Corrective,74,937,000070000394
WO-2071918,ASSET-00410,Corrective,141,711,000070000394
WO-2071919,ASSET-00411,Corrective,197,1427,000070000395
WO-2071920,ASSET-00411,Preventive,0,,000070000395
WO-2071921,ASSET-00411,Preventive,0,,000070000395
WO-2071922,ASSET-00411,Preventive,0,,000070000395
WO-2071923,ASSET-00411,Preventive,0,,000070000395
WO-2071924,ASSET-00411,Preventive,0,,000070000395
WO-2071925,ASSET-00412,Preventive,0,,000070000396
WO-2071926,ASSET-00412,Corrective,120,1180,000070000396
WO-2071927,ASSET-00412,Corrective,50,689,000070000396
WO-2071928,ASSET-00412,Corrective,87,456,000070000396
WO-2071929,ASSET-00412,Corrective,239,1314,000070000396
WO-2071930,ASSET-00412,Corrective,152,794,000070000396
WO-2071931,ASSET-00412,Preventive,0,,000070000396
WO-2071932,ASSET-00412,Preventive,0,,000070000396
WO-2071933,ASSET-00412,Corrective,129,954,000070000396
WO-2071934,ASSET-00413,Corrective,197,905,000070000397
WO-2071935,ASSET-00413,Corrective,217,453,000070000397
WO-2071936,ASSET-00413,Preventive,0,,000070000397
WO-2071937,ASSET-00413,Corrective,65,1937,000070000397
WO-2071938,ASSET-00413,Preventive,0,,000070000397
WO-2071939,ASSET-00413,Preventive,0,,000070000397
WO-2071940,ASSET-00413,Corrective,47,1095,000070000397
WO-2071941,ASSET-00413,Preventive,0,,000070000397
WO-2071942,ASSET-00414,Corrective,51,968,000070000398
WO-2071943,ASSET-00414,Preventive,0,,000070000398
WO-2071944,ASSET-00414,Preventive,0,,000070000398
WO-2071945,ASSET-00414,Preventive,0,,000070000398
WO-2071946,ASSET-00414,Preventive,0,,000070000398
WO-2071947,ASSET-00415,Emergency,594,999,000070000399
WO-2071948,ASSET-00415,Corrective,130,1537,000070000399
WO-2071949,ASSET-00416,Preventive,0,,000070000400
WO-2071950,ASSET-00416,Preventive,0,,000070000400
WO-2071951,ASSET-00416,Corrective,42,1176,000070000400
WO-2071952,ASSET-00416,Preventive,0,,000070000400
WO-2071953,ASSET-00416,Preventive,0,,000070000400
WO-2071954,ASSET-00416,Emergency,365,612,000070000400
WO-2071955,ASSET-00417,Preventive,0,,000070000401
WO-2071956,ASSET-00417,Corrective,60,1760,000070000401
WO-2071957,ASSET-00417,Preventive,0,,000070000401
WO-2071958,ASSET-00418,Preventive,0,,000070000402
WO-2071959,ASSET-00418,Preventive,0,,000070000402
WO-2071960,ASSET-00418,Corrective,147,1657,000070000402
WO-2071961,ASSET-00418,Preventive,0,,000070000402
WO-2071962,ASSET-00419,Preventive,0,,000070000403
WO-2071963,ASSET-00419,Preventive,0,,000070000403
WO-2071964,ASSET-00419,Corrective,142,735,000070000403
WO-2071965,ASSET-00419,Corrective,106,793,000070000403
WO-2071966,ASSET-00419,Preventive,0,,000070000403
WO-2071967,ASSET-00419,Preventive,0,,000070000403
WO-2071968,ASSET-00419,Preventive,0,,000070000403
WO-2071969,ASSET-00419,Preventive,0,,000070000403
WO-2071970,ASSET-00420,Corrective,126,1077,000070000404
WO-2071971,ASSET-00420,Preventive,0,,000070000404
WO-2071972,ASSET-00420,Corrective,232,1460,000070000404
WO-2071973,ASSET-00420,Emergency,318,1146,000070000404
WO-2071974,ASSET-00420,Corrective,194,996,000070000404
WO-2071975,ASSET-00420,Emergency,178,283,000070000404
WO-2071976,ASSET-00420,Corrective,237,955,000070000404
WO-2071977,ASSET-00421,Emergency,597,1621,000070000405
WO-2071978,ASSET-00421,Corrective,108,1375,000070000405
WO-2071979,ASSET-00421,Corrective,152,1241,000070000405
WO-2071980,ASSET-00421,Preventive,0,,000070000405
WO-2071981,ASSET-00421,Preventive,0,,000070000405
WO-2071982,ASSET-00422,Preventive,0,,000070000406
WO-2071983,ASSET-00422,Preventive,0,,000070000406
WO-2071984,ASSET-00422,Corrective,84,1365,000070000406
WO-2071985,ASSET-00422,Preventive,0,,000070000406
WO-2071986,ASSET-00423,Corrective,95,630,000070000407
WO-2071987,ASSET-00423,Emergency,561,1527,000070000407
WO-2071988,ASSET-00423,Corrective,174,1586,000070000407
WO-2071989,ASSET-00423,Corrective,235,1507,000070000407
WO-2071990,ASSET-00424,Preventive,0,,000070000408
WO-2071991,ASSET-00424,Preventive,0,,000070000408
WO-2071992,ASSET-00424,Preventive,0,,000070000408
WO-2071993,ASSET-00425,Corrective,72,615,000070000409
WO-2071994,ASSET-00425,Corrective,192,1167,000070000409
WO-2071995,ASSET-00425,Corrective,82,517,000070000409
WO-2071996,ASSET-00425,Preventive,0,,000070000409
WO-2071997,ASSET-00425,Preventive,0,,000070000409
WO-2071998,ASSET-00426,Emergency,235,627,000070000410
WO-2071999,ASSET-00426,Preventive,0,,000070000410
WO-2072000,ASSET-00426,Preventive,0,,000070000410
WO-2072001,ASSET-00426,Corrective,73,937,000070000410
WO-2072002,ASSET-00426,Preventive,0,,000070000410
WO-2072003,ASSET-00426,Emergency,137,958,000070000410
WO-2072004,ASSET-00426,Preventive,0,,000070000410
WO-2072005,ASSET-00427,Preventive,0,,000070000411
WO-2072006,ASSET-00427,Preventive,0,,000070000411
WO-2072007,ASSET-00427,Preventive,0,,000070000411
WO-2072008,ASSET-00427,Corrective,36,864,000070000411
WO-2072009,ASSET-00427,Corrective,148,850,000070000411
WO-2072010,ASSET-00427,Preventive,0,,000070000411
WO-2072011,ASSET-00427,Corrective,193,475,000070000411
WO-2072012,ASSET-00428,Preventive,0,,000070000412
WO-2072013,ASSET-00428,Preventive,0,,000070000412
WO-2072014,ASSET-00428,Preventive,0,,000070000412
WO-2072015,ASSET-00429,Emergency,136,1645,000070000413
WO-2072016,ASSET-00429,Corrective,97,231,000070000413
WO-2072017,ASSET-00429,Preventive,0,,000070000413
WO-2072018,ASSET-00429,Corrective,213,1708,000070000413
WO-2072019,ASSET-00430,Emergency,399,907,000070000414
WO-2072020,ASSET-00430,Preventive,0,,000070000414
WO-2072021,ASSET-00430,Preventive,0,,000070000414
WO-2072022,ASSET-00430,Preventive,0,,000070000414
WO-2072023,ASSET-00430,Corrective,114,1193,000070000414
WO-2072024,ASSET-00431,Preventive,0,,000070000415
WO-2072025,ASSET-00431,Preventive,0,,000070000415
WO-2072026,ASSET-00431,Emergency,150,277,000070000415
WO-2072027,ASSET-00431,Preventive,0,,000070000415
WO-2072028,ASSET-00431,Corrective,199,1049,000070000415
WO-2072029,ASSET-00431,Preventive,0,,000070000415
WO-2072030,ASSET-00432,Corrective,119,772,000070000416
WO-2072031,ASSET-00432,Corrective,232,315,000070000416
WO-2072032,ASSET-00432,Corrective,71,1682,000070000416
WO-2072033,ASSET-00432,Preventive,0,,000070000416
WO-2072034,ASSET-00432,Preventive,0,,000070000416
WO-2072035,ASSET-00432,Preventive,0,,000070000416
WO-2072036,ASSET-00432,Emergency,549,946,000070000416
WO-2072037,ASSET-00433,Preventive,0,,000070000417
WO-2072038,ASSET-00433,Corrective,230,437,000070000417
WO-2072039,ASSET-00433,Preventive,0,,000070000417
WO-2072040,ASSET-00433,Emergency,578,231,000070000417
WO-2072041,ASSET-00433,Corrective,171,328,000070000417
WO-2072042,ASSET-00433,Preventive,0,,000070000417
WO-2072043,ASSET-00433,Preventive,0,,000070000417
WO-2072044,ASSET-00434,Emergency,482,1810,000070000418
WO-2072045,ASSET-00434,Corrective,142,945,000070000418
WO-2072046,ASSET-00434,Corrective,168,1640,000070000418
WO-2072047,ASSET-00434,Emergency,534,1889,000070000418
WO-2072048,ASSET-00435,Corrective,210,1597,000070000419
WO-2072049,ASSET-00435,Preventive,0,,000070000419
WO-2072050,ASSET-00435,Preventive,0,,000070000419
WO-2072051,ASSET-00435,Preventive,0,,000070000419
WO-2072052,ASSET-00436,Preventive,0,,000070000420
WO-2072053,ASSET-00436,Preventive,0,,000070000420
WO-2072054,ASSET-00436,Preventive,0,,000070000420
WO-2072055,ASSET-00437,Corrective,63,1565,000070000421
WO-2072056,ASSET-00437,Emergency,250,1543,000070000421
WO-2072057,ASSET-00437,Preventive,0,,000070000421
WO-2072058,ASSET-00437,Preventive,0,,000070000421
WO-2072059,ASSET-00437,Emergency,483,1169,000070000421
WO-2072060,ASSET-00437,Emergency,410,751,000070000421
WO-2072061,ASSET-00438,Corrective,225,1153,000070000422
WO-2072062,ASSET-00438,Preventive,0,,000070000422
WO-2072063,ASSET-00438,Preventive,0,,000070000422
WO-2072064,ASSET-00438,Preventive,0,,000070000422
WO-2072065,ASSET-00438,Preventive,0,,000070000422
WO-2072066,ASSET-00438,Preventive,0,,000070000422
WO-2072067,ASSET-00439,Preventive,0,,000070000423
WO-2072068,ASSET-00439,Corrective,121,781,000070000423
WO-2072069,ASSET-00439,Emergency,417,268,000070000423
WO-2072070,ASSET-00439,Corrective,227,1596,000070000423
WO-2072071,ASSET-00439,Corrective,173,1298,000070000423
WO-2072072,ASSET-00439,Preventive,0,,000070000423
WO-2072073,ASSET-00439,Emergency,70,247,000070000423
WO-2072074,ASSET-00439,Preventive,0,,000070000423
WO-2072075,ASSET-00439,Corrective,136,1940,000070000423
WO-2072076,ASSET-00440,Preventive,0,,000070000424
WO-2072077,ASSET-00440,Corrective,107,1826,000070000424
WO-2072078,ASSET-00440,Preventive,0,,000070000424
WO-2072079,ASSET-00440,Corrective,144,1847,000070000424
WO-2072080,ASSET-00440,Preventive,0,,000070000424
WO-2072081,ASSET-00440,Emergency,280,1022,000070000424
WO-2072082,ASSET-00440,Preventive,0,,000070000424
WO-2072083,ASSET-00440,Corrective,218,458,000070000424
WO-2072084,ASSET-00441,Preventive,0,,000070000425
WO-2072085,ASSET-00441,Preventive,0,,000070000425
WO-2072086,ASSET-00441,Corrective,58,1838,000070000425
WO-2072087,ASSET-00442,Preventive,0,,000070000426
WO-2072088,ASSET-00442,Preventive,0,,000070000426
WO-2072089,ASSET-00442,Preventive,0,,000070000426
WO-2072090,ASSET-00442,Preventive,0,,000070000426
WO-2072091,ASSET-00443,Preventive,0,,000070000427
WO-2072092,ASSET-00443,Corrective,59,1188,000070000427
WO-2072093,ASSET-00443,Preventive,0,,000070000427
WO-2072094,ASSET-00443,Corrective,30,629,000070000427
WO-2072095,ASSET-00443,Emergency,541,1074,000070000427
WO-2072096,ASSET-00443,Corrective,220,1511,000070000427
WO-2072097,ASSET-00443,Preventive,0,,000070000427
WO-2072098,ASSET-00444,Preventive,0,,000070000428
WO-2072099,ASSET-00444,Preventive,0,,000070000428
WO-2072100,ASSET-00444,Preventive,0,,000070000428
WO-2072101,ASSET-00444,Corrective,233,1983,000070000428
WO-2072102,ASSET-00444,Corrective,132,1032,000070000428
WO-2072103,ASSET-00444,Corrective,169,1868,000070000428
WO-2072104,ASSET-00445,Emergency,206,752,000070000429
WO-2072105,ASSET-00445,Preventive,0,,000070000429
WO-2072106,ASSET-00445,Emergency,252,625,000070000429
WO-2072107,ASSET-00445,Preventive,0,,000070000429
WO-2072108,ASSET-00446,Corrective,116,1855,000070000430
WO-2072109,ASSET-00446,Corrective,163,902,000070000430
WO-2072110,ASSET-00446,Corrective,98,667,000070000430
WO-2072111,ASSET-00446,Emergency,101,1557,000070000430
WO-2072112,ASSET-00447,Preventive,0,,000070000431
WO-2072113,ASSET-00447,Preventive,0,,000070000431
WO-2072114,ASSET-00447,Corrective,105,1747,000070000431
WO-2072115,ASSET-00448,Preventive,0,,000070000432
WO-2072116,ASSET-00448,Preventive,0,,000070000432
WO-2072117,ASSET-00448,Preventive,0,,000070000432
WO-2072118,ASSET-00448,Preventive,0,,000070000432
WO-2072119,ASSET-00449,Preventive,0,,000070000433
WO-2072120,ASSET-00449,Corrective,33,1673,000070000433
WO-2072121,ASSET-00450,Preventive,0,,000070000434
WO-2072122,ASSET-00450,Preventive,0,,000070000434
WO-2072123,ASSET-00450,Corrective,81,1156,000070000434
WO-2072124,ASSET-00450,Corrective,89,1506,000070000434
WO-2072125,ASSET-00450,Corrective,171,1705,000070000434
WO-2072126,ASSET-00450,Preventive,0,,000070000434
WO-2072127,ASSET-00451,Preventive,0,,000070000435
WO-2072128,ASSET-00451,Preventive,0,,000070000435
WO-2072129,ASSET-00451,Preventive,0,,000070000435
WO-2072130,ASSET-00451,Preventive,0,,000070000435
WO-2072131,ASSET-00451,Corrective,81,240,000070000435
WO-2072132,ASSET-00451,Corrective,76,750,000070000435
WO-2072133,ASSET-00451,Preventive,0,,000070000435
WO-2072134,ASSET-00452,Corrective,233,1846,000070000436
WO-2072135,ASSET-00452,Corrective,143,1023,000070000436
WO-2072136,ASSET-00452,Corrective,164,487,000070000436
WO-2072137,ASSET-00452,Corrective,210,1481,000070000436
WO-2072138,ASSET-00452,Preventive,0,,000070000436
WO-2072139,ASSET-00453,Corrective,175,1788,000070000437
WO-2072140,ASSET-00453,Preventive,0,,000070000437
WO-2072141,ASSET-00453,Corrective,217,427,000070000437
WO-2072142,ASSET-00454,Preventive,0,,000070000438
WO-2072143,ASSET-00454,Emergency,254,1253,000070000438
WO-2072144,ASSET-00454,Preventive,0,,000070000438
WO-2072145,ASSET-00454,Corrective,149,1372,000070000438
WO-2072146,ASSET-00455,Corrective,141,775,000070000439
WO-2072147,ASSET-00455,Preventive,0,,000070000439
WO-2072148,ASSET-00455,Preventive,0,,000070000439
WO-2072149,ASSET-00455,Corrective,156,1255,000070000439
WO-2072150,ASSET-00455,Emergency,355,492,000070000439
WO-2072151,ASSET-00455,Corrective,218,1779,000070000439
WO-2072152,ASSET-00455,Preventive,0,,000070000439
WO-2072153,ASSET-00456,Preventive,0,,000070000440
WO-2072154,ASSET-00456,Preventive,0,,000070000440
WO-2072155,ASSET-00456,Preventive,0,,000070000440
WO-2072156,ASSET-00456,Preventive,0,,000070000440
WO-2072157,ASSET-00457,Preventive,0,,000070000441
WO-2072158,ASSET-00457,Preventive,0,,000070000441
WO-2072159,ASSET-00457,Corrective,75,1944,000070000441
WO-2072160,ASSET-00457,Preventive,0,,000070000441
WO-2072161,ASSET-00457,Preventive,0,,000070000441
WO-2072162,ASSET-00457,Preventive,0,,000070000441
WO-2072163,ASSET-00458,Corrective,83,613,000070000442
WO-2072164,ASSET-00458,Preventive,0,,000070000442
WO-2072165,ASSET-00458,Preventive,0,,000070000442
WO-2072166,ASSET-00458,Preventive,0,,000070000442
WO-2072167,ASSET-00458,Preventive,0,,000070000442
WO-2072168,ASSET-00459,Preventive,0,,000070000443
WO-2072169,ASSET-00459,Preventive,0,,000070000443
WO-2072170,ASSET-00459,Corrective,171,1763,000070000443
WO-2072171,ASSET-00459,Preventive,0,,000070000443
WO-2072172,ASSET-00459,Preventive,0,,000070000443
WO-2072173,ASSET-00460,Preventive,0,,000070000444
WO-2072174,ASSET-00460,Preventive,0,,000070000444
WO-2072175,ASSET-00461,Preventive,0,,000070000445
WO-2072176,ASSET-00461,Corrective,50,1337,000070000445
WO-2072177,ASSET-00461,Preventive,0,,000070000445
WO-2072178,ASSET-00462,Preventive,0,,000070000446
WO-2072179,ASSET-00462,Preventive,0,,000070000446
WO-2072180,ASSET-00462,Preventive,0,,000070000446
WO-2072181,ASSET-00463,Corrective,113,1905,000070000447
WO-2072182,ASSET-00463,Corrective,47,1444,000070000447
WO-2072183,ASSET-00463,Preventive,0,,000070000447
WO-2072184,ASSET-00463,Preventive,0,,000070000447
WO-2072185,ASSET-00463,Preventive,0,,000070000447
WO-2072186,ASSET-00463,Preventive,0,,000070000447
WO-2072187,ASSET-00463,Preventive,0,,000070000447
WO-2072188,ASSET-00464,Preventive,0,,000070000448
WO-2072189,ASSET-00465,Corrective,86,1638,000070000449
WO-2072190,ASSET-00465,Emergency,160,653,000070000449
WO-2072191,ASSET-00466,Corrective,166,1387,000070000450
WO-2072192,ASSET-00466,Corrective,43,407,000070000450
WO-2072193,ASSET-00467,Corrective,173,1533,000070000451
WO-2072194,ASSET-00467,Emergency,275,1275,000070000451
WO-2072195,ASSET-00467,Preventive,0,,000070000451
WO-2072196,ASSET-00468,Preventive,0,,000070000452
WO-2072197,ASSET-00468,Preventive,0,,000070000452
WO-2072198,ASSET-00468,Preventive,0,,000070000452
WO-2072199,ASSET-00468,Preventive,0,,000070000452
WO-2072200,ASSET-00468,Emergency,366,599,000070000452
WO-2072201,ASSET-00468,Corrective,59,1078,000070000452
WO-2072202,ASSET-00469,Corrective,41,1926,000070000453
WO-2072203,ASSET-00469,Corrective,106,1948,000070000453
WO-2072204,ASSET-00469,Corrective,52,1679,000070000453
WO-2072205,ASSET-00469,Preventive,0,,000070000453
WO-2072206,ASSET-00470,Preventive,0,,000070000454
WO-2072207,ASSET-00470,Corrective,69,301,000070000454
WO-2072208,ASSET-00470,Emergency,513,1208,000070000454
WO-2072209,ASSET-00471,Preventive,0,,000070000455
WO-2072210,ASSET-00471,Preventive,0,,000070000455
WO-2072211,ASSET-00471,Corrective,235,1328,000070000455
WO-2072212,ASSET-00471,Emergency,132,1627,000070000455
WO-2072213,ASSET-00471,Preventive,0,,000070000455
WO-2072214,ASSET-00471,Preventive,0,,000070000455
WO-2072215,ASSET-00471,Preventive,0,,000070000455
WO-2072216,ASSET-00471,Preventive,0,,000070000455
WO-2072217,ASSET-00472,Preventive,0,,000070000456
WO-2072218,ASSET-00472,Corrective,110,1910,000070000456
WO-2072219,ASSET-00472,Emergency,339,1096,000070000456
WO-2072220,ASSET-00472,Preventive,0,,000070000456
WO-2072221,ASSET-00472,Preventive,0,,000070000456
WO-2072222,ASSET-00473,Preventive,0,,000070000457
WO-2072223,ASSET-00473,Preventive,0,,000070000457
WO-2072224,ASSET-00473,Preventive,0,,000070000457
WO-2072225,ASSET-00473,Preventive,0,,000070000457
WO-2072226,ASSET-00473,Preventive,0,,000070000457
WO-2072227,ASSET-00473,Preventive,0,,000070000457
WO-2072228,ASSET-00473,Corrective,39,783,000070000457
WO-2072229,ASSET-00473,Corrective,78,1775,000070000457
WO-2072230,ASSET-00473,Preventive,0,,000070000457
WO-2072231,ASSET-00473,Preventive,0,,000070000457
WO-2072232,ASSET-00474,Corrective,201,306,000070000458
WO-2072233,ASSET-00474,Corrective,191,1003,000070000458
WO-2072234,ASSET-00474,Corrective,127,1109,000070000458
WO-2072235,ASSET-00474,Preventive,0,,000070000458
WO-2072236,ASSET-00474,Corrective,148,1986,000070000458
WO-2072237,ASSET-00474,Preventive,0,,000070000458
WO-2072238,ASSET-00474,Preventive,0,,000070000458
WO-2072239,ASSET-00475,Preventive,0,,000070000459
WO-2072240,ASSET-00475,Corrective,119,672,000070000459
WO-2072241,ASSET-00476,Preventive,0,,000070000460
WO-2072242,ASSET-00476,Corrective,209,1603,000070000460
WO-2072243,ASSET-00476,Corrective,192,650,000070000460
WO-2072244,ASSET-00477,Preventive,0,,000070000461
WO-2072245,ASSET-00477,Corrective,216,361,000070000461
WO-2072246,ASSET-00477,Corrective,119,320,000070000461
WO-2072247,ASSET-00477,Preventive,0,,000070000461
WO-2072248,ASSET-00477,Emergency,455,1383,000070000461
WO-2072249,ASSET-00477,Preventive,0,,000070000461
WO-2072250,ASSET-00478,Preventive,0,,000070000463
WO-2072251,ASSET-00478,Corrective,169,443,000070000463
WO-2072252,ASSET-00478,Emergency,63,463,000070000463
WO-2072253,ASSET-00478,Preventive,0,,000070000463
WO-2072254,ASSET-00478,Corrective,105,1305,000070000463
WO-2072255,ASSET-00479,Preventive,0,,000070000464
WO-2072256,ASSET-00479,Preventive,0,,000070000464
WO-2072257,ASSET-00479,Preventive,0,,000070000464
WO-2072258,ASSET-00479,Preventive,0,,000070000464
WO-2072259,ASSET-00479,Corrective,217,481,000070000464
WO-2072260,ASSET-00479,Preventive,0,,000070000464
WO-2072261,ASSET-00479,Emergency,450,1804,000070000464
WO-2072262,ASSET-00479,Preventive,0,,000070000464
WO-2072263,ASSET-00479,Preventive,0,,000070000464
WO-2072264,ASSET-00480,Preventive,0,,000070000465
WO-2072265,ASSET-00480,Preventive,0,,000070000465
WO-2072266,ASSET-00480,Preventive,0,,000070000465
WO-2072267,ASSET-00480,Preventive,0,,000070000465
WO-2072268,ASSET-00480,Preventive,0,,000070000465
WO-2072269,ASSET-00481,Emergency,457,645,000070000466
WO-2072270,ASSET-00481,Corrective,54,1250,000070000466
WO-2072271,ASSET-00481,Corrective,135,1416,000070000466
WO-2072272,ASSET-00481,Preventive,0,,000070000466
WO-2072273,ASSET-00481,Preventive,0,,000070000466
WO-2072274,ASSET-00481,Preventive,0,,000070000466
WO-2072275,ASSET-00482,Preventive,0,,000070000467
WO-2072276,ASSET-00482,Corrective,156,436,000070000467
WO-2072277,ASSET-00483,Preventive,0,,000070000468
WO-2072278,ASSET-00483,Preventive,0,,000070000468
WO-2072279,ASSET-00483,Corrective,83,934,000070000468
WO-2072280,ASSET-00483,Emergency,74,1137,000070000468
WO-2072281,ASSET-00483,Preventive,0,,000070000468
WO-2072282,ASSET-00484,Preventive,0,,000070000469
WO-2072283,ASSET-00484,Emergency,205,444,000070000469
WO-2072284,ASSET-00484,Preventive,0,,000070000469
WO-2072285,ASSET-00484,Preventive,0,,000070000469
WO-2072286,ASSET-00484,Preventive,0,,000070000469
WO-2072287,ASSET-00485,Preventive,0,,000070000470
WO-2072288,ASSET-00485,Corrective,161,1083,000070000470
WO-2072289,ASSET-00485,Preventive,0,,000070000470
WO-2072290,ASSET-00485,Preventive,0,,000070000470
WO-2072291,ASSET-00485,Preventive,0,,000070000470
WO-2072292,ASSET-00486,Preventive,0,,000070000471
WO-2072293,ASSET-00486,Preventive,0,,000070000471
WO-2072294,ASSET-00486,Preventive,0,,000070000471
WO-2072295,ASSET-00486,Preventive,0,,000070000471
WO-2072296,ASSET-00487,Corrective,210,237,000070000472
WO-2072297,ASSET-00487,Preventive,0,,000070000472
WO-2072298,ASSET-00487,Corrective,118,380,000070000472
WO-2072299,ASSET-00487,Corrective,234,1608,000070000472
WO-2072300,ASSET-00487,Preventive,0,,000070000472
WO-2072301,ASSET-00488,Preventive,0,,000070000473
WO-2072302,ASSET-00488,Preventive,0,,000070000473
WO-2072303,ASSET-00488,Corrective,109,1086,000070000473
WO-2072304,ASSET-00488,Preventive,0,,000070000473
WO-2072305,ASSET-00489,Preventive,0,,000070000474
WO-2072306,ASSET-00489,Corrective,234,1529,000070000474
WO-2072307,ASSET-00490,Preventive,0,,000070000475
WO-2072308,ASSET-00490,Emergency,516,1546,000070000475
WO-2072309,ASSET-00490,Preventive,0,,000070000475
WO-2072310,ASSET-00490,Preventive,0,,000070000475
WO-2072311,ASSET-00491,Preventive,0,,000070000476
WO-2072312,ASSET-00491,Preventive,0,,000070000476
WO-2072313,ASSET-00491,Emergency,183,1427,000070000476
WO-2072314,ASSET-00491,Corrective,182,232,000070000476
WO-2072315,ASSET-00491,Corrective,91,1165,000070000476
WO-2072316,ASSET-00492,Corrective,137,1288,000070000477
WO-2072317,ASSET-00492,Preventive,0,,000070000477
WO-2072318,ASSET-00492,Emergency,114,394,000070000477
WO-2072319,ASSET-00493,Preventive,0,,000070000478
WO-2072320,ASSET-00493,Corrective,124,565,000070000478
WO-2072321,ASSET-00493,Corrective,137,1666,000070000478
WO-2072322,ASSET-00493,Preventive,0,,000070000478
WO-2072323,ASSET-00495,Corrective,74,1277,000070000480
WO-2072324,ASSET-00495,Preventive,0,,000070000480
WO-2072325,ASSET-00495,Preventive,0,,000070000480
WO-2072326,ASSET-00495,Preventive,0,,000070000480
WO-2072327,ASSET-00496,Preventive,0,,000070000481
WO-2072328,ASSET-00496,Corrective,138,401,000070000481
WO-2072329,ASSET-00496,Preventive,0,,000070000481
WO-2072330,ASSET-00496,Corrective,135,562,000070000481
WO-2072331,ASSET-00496,Preventive,0,,000070000481
WO-2072332,ASSET-00496,Corrective,44,1745,000070000481
WO-2072333,ASSET-00497,Corrective,123,1696,000070000482
WO-2072334,ASSET-00497,Preventive,0,,000070000482
WO-2072335,ASSET-00497,Corrective,201,1695,000070000482
WO-2072336,ASSET-00497,Preventive,0,,000070000482
WO-2072337,ASSET-00497,Preventive,0,,000070000482
WO-2072338,ASSET-00498,Corrective,124,1271,000070000483
WO-2072339,ASSET-00498,Emergency,217,1512,000070000483
WO-2072340,ASSET-00498,Preventive,0,,000070000483
WO-2072341,ASSET-00499,Preventive,0,,000070000484
WO-2072342,ASSET-00499,Preventive,0,,000070000484
WO-2072343,ASSET-00499,Emergency,256,593,000070000484
WO-2072344,ASSET-00499,Preventive,0,,000070000484
WO-2072345,ASSET-00499,Preventive,0,,000070000484
WO-2072346,ASSET-00499,Corrective,174,1584,000070000484
WO-2072347,ASSET-00499,Preventive,0,,000070000484
WO-2072348,ASSET-00500,Preventive,0,,000070000485
WO-2072349,ASSET-00500,Corrective,159,1716,000070000485
WO-2072350,ASSET-00500,Preventive,0,,000070000485
WO-2072351,ASSET-00500,Preventive,0,,000070000485
WO-2072352,ASSET-00500,Corrective,136,1150,000070000485
WO-2072353,ASSET-00500,Preventive,0,,000070000485
WO-2072354,ASSET-00500,Corrective,57,444,000070000485
WO-2072355,ASSET-00500,Preventive,0,,000070000485
WO-2072356,ASSET-00501,Corrective,194,543,000070000486
WO-2072357,ASSET-00501,Preventive,0,,000070000486
WO-2072358,ASSET-00501,Corrective,117,813,000070000486
WO-2072359,ASSET-00501,Corrective,154,280,000070000486
WO-2072360,ASSET-00501,Corrective,232,1789,000070000486
WO-2072361,ASSET-00502,Corrective,203,436,000070000487
WO-2072362,ASSET-00502,Corrective,137,203,000070000487
WO-2072363,ASSET-00502,Corrective,194,1124,000070000487
WO-2072364,ASSET-00503,Emergency,136,1234,000070000488
WO-2072365,ASSET-00503,Emergency,569,1496,000070000488
WO-2072366,ASSET-00504,Corrective,228,1470,000070000489
WO-2072367,ASSET-00504,Emergency,180,1557,000070000489
WO-2072368,ASSET-00504,Preventive,0,,000070000489
WO-2072369,ASSET-00504,Emergency,405,386,000070000489
WO-2072370,ASSET-00504,Preventive,0,,000070000489
WO-2072371,ASSET-00504,Preventive,0,,000070000489
WO-2072372,ASSET-00504,Emergency,550,505,000070000489
WO-2072373,ASSET-00504,Preventive,0,,000070000489
WO-2072374,ASSET-00505,Preventive,0,,000070000490
WO-2072375,ASSET-00505,Emergency,569,1905,000070000490
WO-2072376,ASSET-00505,Preventive,0,,000070000490
WO-2072377,ASSET-00505,Preventive,0,,000070000490
WO-2072378,ASSET-00505,Preventive,0,,000070000490
WO-2072379,ASSET-00506,Corrective,233,1698,000070000491
WO-2072380,ASSET-00506,Corrective,167,1364,000070000491
WO-2072381,ASSET-00506,Emergency,492,1046,000070000491
WO-2072382,ASSET-00506,Corrective,225,360,000070000491
WO-2072383,ASSET-00506,Corrective,122,1518,000070000491
WO-2072384,ASSET-00506,Corrective,37,273,000070000491
WO-2072385,ASSET-00506,Corrective,212,1864,000070000491
WO-2072386,ASSET-00507,Corrective,219,481,000070000492
WO-2072387,ASSET-00507,Preventive,0,,000070000492
WO-2072388,ASSET-00507,Corrective,172,1195,000070000492
WO-2072389,ASSET-00507,Preventive,0,,000070000492
WO-2072390,ASSET-00508,Preventive,0,,000070000493
WO-2072391,ASSET-00508,Preventive,0,,000070000493
WO-2072392,ASSET-00508,Preventive,0,,000070000493
WO-2072393,ASSET-00508,Preventive,0,,000070000493
WO-2072394,ASSET-00508,Corrective,56,333,000070000493
WO-2072395,ASSET-00509,Emergency,417,358,000070000494
WO-2072396,ASSET-00509,Preventive,0,,000070000494
WO-2072397,ASSET-00509,Corrective,176,242,000070000494
WO-2072398,ASSET-00509,Preventive,0,,000070000494
WO-2072399,ASSET-00510,Corrective,107,1071,000070000495
WO-2072400,ASSET-00510,Preventive,0,,000070000495
WO-2072401,ASSET-00510,Preventive,0,,000070000495
WO-2072402,ASSET-00510,Corrective,121,1768,000070000495
WO-2072403,ASSET-00511,Corrective,185,315,000070000496
WO-2072404,ASSET-00511,Corrective,120,1735,000070000496
WO-2072405,ASSET-00511,Preventive,0,,000070000496
WO-2072406,ASSET-00511,Corrective,219,1699,000070000496
WO-2072407,ASSET-00511,Corrective,58,1599,000070000496
WO-2072408,ASSET-00511,Corrective,100,1901,000070000496
WO-2072409,ASSET-00511,Preventive,0,,000070000496
WO-2072410,ASSET-00512,Preventive,0,,000070000497
WO-2072411,ASSET-00512,Preventive,0,,000070000497
WO-2072412,ASSET-00512,Corrective,126,1938,000070000497
WO-2072413,ASSET-00512,Preventive,0,,000070000497
WO-2072414,ASSET-00512,Corrective,149,1392,000070000497
WO-2072415,ASSET-00512,Corrective,110,904,000070000497
WO-2072416,ASSET-00513,Preventive,0,,000070000498
WO-2072417,ASSET-00513,Corrective,83,1494,000070000498
WO-2072418,ASSET-00513,Preventive,0,,000070000498
WO-2072419,ASSET-00513,Preventive,0,,000070000498
WO-2072420,ASSET-00514,Emergency,418,1378,000070000499
WO-2072421,ASSET-00514,Corrective,165,1764,000070000499
WO-2072422,ASSET-00514,Corrective,71,283,000070000499
WO-2072423,ASSET-00514,Preventive,0,,000070000499
WO-2072424,ASSET-00515,Preventive,0,,000070000500
WO-2072425,ASSET-00515,Corrective,158,1987,000070000500
WO-2072426,ASSET-00515,Preventive,0,,000070000500
WO-2072427,ASSET-00515,Preventive,0,,000070000500
WO-2072428,ASSET-00515,Preventive,0,,000070000500
WO-2072429,ASSET-00515,Corrective,229,1907,000070000500
WO-2072430,ASSET-00515,Corrective,39,1951,000070000500
WO-2072431,ASSET-00516,Corrective,52,1491,000070000501
WO-2072432,ASSET-00516,Corrective,66,757,000070000501
WO-2072433,ASSET-00517,Preventive,0,,000070000502
WO-2072434,ASSET-00517,Preventive,0,,000070000502
WO-2072435,ASSET-00517,Preventive,0,,000070000502
WO-2072436,ASSET-00517,Corrective,46,491,000070000502
WO-2072437,ASSET-00517,Corrective,49,775,000070000502
WO-2072438,ASSET-00517,Corrective,44,1518,000070000502
WO-2072439,ASSET-00517,Corrective,63,1981,000070000502
WO-2072440,ASSET-00518,Preventive,0,,000070000503
WO-2072441,ASSET-00518,Corrective,90,1304,000070000503
WO-2072442,ASSET-00518,Corrective,235,710,000070000503
WO-2072443,ASSET-00518,Preventive,0,,000070000503
WO-2072444,ASSET-00518,Corrective,66,1519,000070000503
WO-2072445,ASSET-00518,Preventive,0,,000070000503
WO-2072446,ASSET-00519,Corrective,240,218,000070000504
WO-2072447,ASSET-00519,Corrective,91,1949,000070000504
WO-2072448,ASSET-00519,Preventive,0,,000070000504
WO-2072449,ASSET-00519,Preventive,0,,000070000504
WO-2072450,ASSET-00519,Preventive,0,,000070000504
WO-2072451,ASSET-00519,Preventive,0,,000070000504
WO-2072452,ASSET-00520,Corrective,130,1603,000070000505
WO-2072453,ASSET-00520,Emergency,224,747,000070000505
WO-2072454,ASSET-00520,Corrective,54,452,000070000505
WO-2072455,ASSET-00520,Preventive,0,,000070000505
WO-2072456,ASSET-00521,Corrective,103,584,000070000506
WO-2072457,ASSET-00521,Corrective,217,1209,000070000506
WO-2072458,ASSET-00521,Emergency,434,394,000070000506
WO-2072459,ASSET-00521,Emergency,479,1560,000070000506
WO-2072460,ASSET-00522,Corrective,40,1780,000070000507
WO-2072461,ASSET-00522,Preventive,0,,000070000507
WO-2072462,ASSET-00522,Preventive,0,,000070000507
WO-2072463,ASSET-00522,Preventive,0,,000070000507
WO-2072464,ASSET-00522,Preventive,0,,000070000507
WO-2072465,ASSET-00522,Corrective,97,813,000070000507
WO-2072466,ASSET-00522,Preventive,0,,000070000507
WO-2072467,ASSET-00523,Preventive,0,,000070000508
WO-2072468,ASSET-00523,Preventive,0,,000070000508
WO-2072469,ASSET-00523,Preventive,0,,000070000508
WO-2072470,ASSET-00523,Preventive,0,,000070000508
WO-2072471,ASSET-00524,Preventive,0,,000070000509
WO-2072472,ASSET-00524,Preventive,0,,000070000509
WO-2072473,ASSET-00524,Corrective,122,798,000070000509
WO-2072474,ASSET-00524,Preventive,0,,000070000509
WO-2072475,ASSET-00524,Corrective,115,1905,000070000509
WO-2072476,ASSET-00525,Preventive,0,,000070000510
WO-2072477,ASSET-00525,Preventive,0,,000070000510
WO-2072478,ASSET-00525,Corrective,85,1349,000070000510
WO-2072479,ASSET-00525,Preventive,0,,000070000510
WO-2072480,ASSET-00525,Preventive,0,,000070000510
WO-2072481,ASSET-00526,Corrective,49,1347,000070000511
WO-2072482,ASSET-00526,Preventive,0,,000070000511
WO-2072483,ASSET-00526,Emergency,173,279,000070000511
WO-2072484,ASSET-00526,Preventive,0,,000070000511
WO-2072485,ASSET-00526,Preventive,0,,000070000511
WO-2072486,ASSET-00526,Preventive,0,,000070000511
WO-2072487,ASSET-00527,Corrective,31,551,000070000512
WO-2072488,ASSET-00527,Preventive,0,,000070000512
WO-2072489,ASSET-00527,Corrective,213,947,000070000512
WO-2072490,ASSET-00528,Preventive,0,,000070000513
WO-2072491,ASSET-00528,Corrective,103,1224,000070000513
WO-2072492,ASSET-00528,Corrective,118,1460,000070000513
WO-2072493,ASSET-00528,Preventive,0,,000070000513
WO-2072494,ASSET-00528,Preventive,0,,000070000513
WO-2072495,ASSET-00528,Preventive,0,,000070000513
WO-2072496,ASSET-00529,Preventive,0,,000070000514
WO-2072497,ASSET-00529,Corrective,96,1673,000070000514
WO-2072498,ASSET-00529,Preventive,0,,000070000514
WO-2072499,ASSET-00529,Preventive,0,,000070000514
WO-2072500,ASSET-00529,Corrective,172,1427,000070000514
WO-2072501,ASSET-00529,Preventive,0,,000070000514
WO-2072502,ASSET-00530,Preventive,0,,000070000515
WO-2072503,ASSET-00530,Corrective,136,1443,000070000515
WO-2072504,ASSET-00530,Corrective,186,358,000070000515
WO-2072505,ASSET-00530,Preventive,0,,000070000515
WO-2072506,ASSET-00530,Preventive,0,,000070000515
WO-2072507,ASSET-00530,Preventive,0,,000070000515
WO-2072508,ASSET-00531,Preventive,0,,000070000516
WO-2072509,ASSET-00531,Preventive,0,,000070000516
WO-2072510,ASSET-00531,Preventive,0,,000070000516
WO-2072511,ASSET-00531,Preventive,0,,000070000516
WO-2072512,ASSET-00532,Corrective,141,1799,000070000517
WO-2072513,ASSET-00532,Preventive,0,,000070000517
WO-2072514,ASSET-00532,Corrective,78,435,000070000517
WO-2072515,ASSET-00532,Corrective,77,808,000070000517
WO-2072516,ASSET-00532,Preventive,0,,000070000517
WO-2072517,ASSET-00532,Preventive,0,,000070000517
WO-2072518,ASSET-00532,Preventive,0,,000070000517
WO-2072519,ASSET-00533,Preventive,0,,000070000518
WO-2072520,ASSET-00533,Preventive,0,,000070000518
WO-2072521,ASSET-00533,Corrective,129,641,000070000518
WO-2072522,ASSET-00533,Corrective,39,245,000070000518
WO-2072523,ASSET-00534,Preventive,0,,000070000519
WO-2072524,ASSET-00534,Corrective,78,1441,000070000519
WO-2072525,ASSET-00534,Corrective,37,1391,000070000519
WO-2072526,ASSET-00535,Emergency,514,1254,000070000520
WO-2072527,ASSET-00535,Corrective,157,1621,000070000520
WO-2072528,ASSET-00535,Corrective,47,284,000070000520
WO-2072529,ASSET-00535,Corrective,69,890,000070000520
WO-2072530,ASSET-00535,Preventive,0,,000070000520
WO-2072531,ASSET-00535,Emergency,489,249,000070000520
WO-2072532,ASSET-00535,Corrective,99,1677,000070000520
WO-2072533,ASSET-00535,Corrective,237,604,000070000520
WO-2072534,ASSET-00535,Preventive,0,,000070000520
WO-2072535,ASSET-00536,Preventive,0,,000070000521
WO-2072536,ASSET-00536,Corrective,95,1083,000070000521
WO-2072537,ASSET-00536,Preventive,0,,000070000521
WO-2072538,ASSET-00536,Preventive,0,,000070000521
WO-2072539,ASSET-00537,Preventive,0,,000070000522
WO-2072540,ASSET-00537,Corrective,179,401,000070000522
WO-2072541,ASSET-00538,Preventive,0,,000070000523
WO-2072542,ASSET-00538,Corrective,183,1042,000070000523
WO-2072543,ASSET-00538,Emergency,64,1676,000070000523
WO-2072544,ASSET-00538,Preventive,0,,000070000523
WO-2072545,ASSET-00539,Preventive,0,,000070000524
WO-2072546,ASSET-00539,Preventive,0,,000070000524
WO-2072547,ASSET-00539,Preventive,0,,000070000524
WO-2072548,ASSET-00539,Corrective,201,643,000070000524
WO-2072549,ASSET-00540,Preventive,0,,000070000525
WO-2072550,ASSET-00540,Preventive,0,,000070000525
WO-2072551,ASSET-00540,Corrective,88,722,000070000525
WO-2072552,ASSET-00541,Preventive,0,,000070000526
WO-2072553,ASSET-00541,Emergency,456,758,000070000526
WO-2072554,ASSET-00541,Preventive,0,,000070000526
WO-2072555,ASSET-00541,Corrective,47,1725,000070000526
WO-2072556,ASSET-00541,Corrective,162,766,000070000526
WO-2072557,ASSET-00541,Corrective,37,942,000070000526
WO-2072558,ASSET-00541,Preventive,0,,000070000526
WO-2072559,ASSET-00542,Preventive,0,,000070000527
WO-2072560,ASSET-00542,Emergency,371,1567,000070000527
WO-2072561,ASSET-00542,Preventive,0,,000070000527
WO-2072562,ASSET-00542,Corrective,74,475,000070000527
WO-2072563,ASSET-00542,Preventive,0,,000070000527
WO-2072564,ASSET-00542,Preventive,0,,000070000527
WO-2072565,ASSET-00542,Preventive,0,,000070000527
WO-2072566,ASSET-00542,Corrective,30,781,000070000527
WO-2072567,ASSET-00543,Preventive,0,,000070000528
WO-2072568,ASSET-00543,Emergency,176,673,000070000528
WO-2072569,ASSET-00543,Corrective,123,1548,000070000528
WO-2072570,ASSET-00543,Corrective,113,216,000070000528
WO-2072571,ASSET-00543,Preventive,0,,000070000528
WO-2072572,ASSET-00543,Preventive,0,,000070000528
WO-2072573,ASSET-00543,Preventive,0,,000070000528
WO-2072574,ASSET-00544,Preventive,0,,000070000529
WO-2072575,ASSET-00544,Preventive,0,,000070000529
WO-2072576,ASSET-00544,Corrective,78,379,000070000529
WO-2072577,ASSET-00544,Corrective,123,1986,000070000529
WO-2072578,ASSET-00544,Corrective,209,1978,000070000529
WO-2072579,ASSET-00544,Preventive,0,,000070000529
WO-2072580,ASSET-00544,Corrective,94,747,000070000529
WO-2072581,ASSET-00544,Preventive,0,,000070000529
WO-2072582,ASSET-00545,Emergency,299,1848,000070000530
WO-2072583,ASSET-00545,Preventive,0,,000070000530
WO-2072584,ASSET-00545,Corrective,172,1854,000070000530
WO-2072585,ASSET-00545,Preventive,0,,000070000530
WO-2072586,ASSET-00546,Corrective,129,1694,000070000531
WO-2072587,ASSET-00546,Corrective,154,1220,000070000531
WO-2072588,ASSET-00546,Corrective,101,208,000070000531
WO-2072589,ASSET-00546,Corrective,129,1520,000070000531
WO-2072590,ASSET-00546,Preventive,0,,000070000531
WO-2072591,ASSET-00547,Preventive,0,,000070000532
WO-2072592,ASSET-00547,Preventive,0,,000070000532
WO-2072593,ASSET-00547,Preventive,0,,000070000532
WO-2072594,ASSET-00547,Preventive,0,,000070000532
WO-2072595,ASSET-00547,Preventive,0,,000070000532
WO-2072596,ASSET-00547,Corrective,66,1007,000070000532
WO-2072597,ASSET-00548,Preventive,0,,000070000533
WO-2072598,ASSET-00548,Preventive,0,,000070000533
WO-2072599,ASSET-00548,Corrective,64,1486,000070000533
WO-2072600,ASSET-00548,Corrective,94,452,000070000533
WO-2072601,ASSET-00549,Preventive,0,,000070000534
WO-2072602,ASSET-00549,Corrective,120,1784,000070000534
WO-2072603,ASSET-00549,Preventive,0,,000070000534
WO-2072604,ASSET-00549,Preventive,0,,000070000534
WO-2072605,ASSET-00549,Preventive,0,,000070000534
WO-2072606,ASSET-00549,Preventive,0,,000070000534
WO-2072607,ASSET-00550,Preventive,0,,000070000535
WO-2072608,ASSET-00550,Corrective,126,959,000070000535
WO-2072609,ASSET-00550,Preventive,0,,000070000535
WO-2072610,ASSET-00550,Preventive,0,,000070000535
WO-2072611,ASSET-00550,Corrective,91,440,000070000535
WO-2072612,ASSET-00550,Preventive,0,,000070000535
WO-2072613,ASSET-00550,Preventive,0,,000070000535
WO-2072614,ASSET-00551,Preventive,0,,000070000536
WO-2072615,ASSET-00551,Preventive,0,,000070000536
WO-2072616,ASSET-00551,Preventive,0,,000070000536
WO-2072617,ASSET-00552,Preventive,0,,000070000538
WO-2072618,ASSET-00552,Preventive,0,,000070000538
WO-2072619,ASSET-00552,Preventive,0,,000070000538
WO-2072620,ASSET-00552,Corrective,131,1959,000070000538
WO-2072621,ASSET-00552,Preventive,0,,000070000538
WO-2072622,ASSET-00552,Preventive,0,,000070000538
WO-2072623,ASSET-00552,Corrective,75,1899,000070000538
WO-2072624,ASSET-00552,Emergency,193,328,000070000538
WO-2072625,ASSET-00553,Preventive,0,,000070000539
WO-2072626,ASSET-00553,Preventive,0,,000070000539
WO-2072627,ASSET-00553,Preventive,0,,000070000539
WO-2072628,ASSET-00553,Corrective,187,1504,000070000539
WO-2072629,ASSET-00553,Corrective,53,884,000070000539
WO-2072630,ASSET-00554,Corrective,94,1655,000070000540
WO-2072631,ASSET-00555,Corrective,189,236,000070000541
WO-2072632,ASSET-00555,Corrective,69,1388,000070000541
WO-2072633,ASSET-00555,Corrective,80,1073,000070000541
WO-2072634,ASSET-00555,Preventive,0,,000070000541
WO-2072635,ASSET-00555,Preventive,0,,000070000541
WO-2072636,ASSET-00555,Preventive,0,,000070000541
