WorkOrderID,EquipmentID,WOType,FailureCode,DowntimeMinutes,MTBF_Hours,ERPAssetRef
WO-2150001,ASSET-00001,Preventive,,0,,000150000001
WO-2150002,ASSET-00001,Emergency,PNEUMATIC-LEAK,166,433,000150000001
WO-2150003,ASSET-00001,Preventive,,0,,000150000001
WO-2150004,ASSET-00001,Preventive,,0,,000150000001
WO-2150005,ASSET-00001,Corrective,PNEUMATIC-LEAK,107,533,000150000001
WO-2150006,ASSET-00001,Corrective,CALIBRATION-DRIFT,229,1117,000150000001
WO-2150007,ASSET-00001,Preventive,,0,,000150000001
WO-2150008,ASSET-00001,Corrective,CALIBRATION-DRIFT,230,1170,000150000001
WO-2150009,ASSET-00001,Preventive,,0,,000150000001
WO-2150010,ASSET-00002,Preventive,,0,,000150000002
WO-2150011,ASSET-00002,Preventive,,0,,000150000002
WO-2150012,ASSET-00002,Corrective,CALIBRATION-DRIFT,149,1189,000150000002
WO-2150013,ASSET-00002,Corrective,DIE-WEAR,125,663,000150000002
WO-2150014,ASSET-00002,Preventive,,0,,000150000002
WO-2150015,ASSET-00003,Corrective,SENSOR-FAULT,221,788,000150000003
WO-2150016,ASSET-00003,Preventive,,0,,000150000003
WO-2150017,ASSET-00003,Emergency,DIE-WEAR,348,1618,000150000003
WO-2150018,ASSET-00003,Preventive,,0,,000150000003
WO-2150019,ASSET-00003,Preventive,,0,,000150000003
WO-2150020,ASSET-00003,Preventive,,0,,000150000003
WO-2150021,ASSET-00004,Preventive,,0,,000150000004
WO-2150022,ASSET-00004,Corrective,PNEUMATIC-LEAK,134,704,000150000004
WO-2150023,ASSET-00004,Preventive,,0,,000150000004
WO-2150024,ASSET-00004,Corrective,SENSOR-FAULT,116,1239,000150000004
WO-2150025,ASSET-00004,Corrective,MOTOR-BURNOUT,137,1164,000150000004
WO-2150026,ASSET-00004,Preventive,,0,,000150000004
WO-2150027,ASSET-00004,Corrective,CONTROLLER-FAULT,126,708,000150000004
WO-2150028,ASSET-00004,Corrective,CALIBRATION-DRIFT,208,498,000150000004
WO-2150029,ASSET-00004,Corrective,SPINDLE-SEIZURE,31,1027,000150000004
WO-2150030,ASSET-00005,Preventive,,0,,000150000005
WO-2150031,ASSET-00005,Corrective,SENSOR-FAULT,221,1996,000150000005
WO-2150032,ASSET-00005,Corrective,PNEUMATIC-LEAK,50,328,000150000005
WO-2150033,ASSET-00005,Preventive,,0,,000150000005
WO-2150034,ASSET-00005,Corrective,HYDRAULIC-LEAK,100,1171,000150000005
WO-2150035,ASSET-00005,Preventive,,0,,000150000005
WO-2150036,ASSET-00005,Corrective,HYDRAULIC-LEAK,65,1419,000150000005
WO-2150037,ASSET-00006,Corrective,CONTROLLER-FAULT,187,1588,000150000006
WO-2150038,ASSET-00006,Corrective,CALIBRATION-DRIFT,167,382,000150000006
WO-2150039,ASSET-00006,Preventive,,0,,000150000006
WO-2150040,ASSET-00006,Corrective,HYDRAULIC-LEAK,101,1862,000150000006
WO-2150041,ASSET-00006,Corrective,SENSOR-FAULT,220,1156,000150000006
WO-2150042,ASSET-00007,Preventive,,0,,000150000007
WO-2150043,ASSET-00007,Emergency,HYDRAULIC-LEAK,386,1143,000150000007
WO-2150044,ASSET-00007,Corrective,CONTROLLER-FAULT,92,1105,000150000007
WO-2150045,ASSET-00007,Corrective,HYDRAULIC-LEAK,74,1799,000150000007
WO-2150046,ASSET-00007,Preventive,,0,,000150000007
WO-2150047,ASSET-00008,Preventive,,0,,000150000008
WO-2150048,ASSET-00008,Corrective,PNEUMATIC-LEAK,147,1839,000150000008
WO-2150049,ASSET-00008,Corrective,MOTOR-BURNOUT,109,1187,000150000008
WO-2150050,ASSET-00008,Corrective,CONTROLLER-FAULT,184,1098,000150000008
WO-2150051,ASSET-00009,Preventive,,0,,000150000009
WO-2150052,ASSET-00009,Preventive,,0,,000150000009
WO-2150053,ASSET-00009,Preventive,,0,,000150000009
WO-2150054,ASSET-00009,Preventive,,0,,000150000009
WO-2150055,ASSET-00009,Corrective,SPINDLE-SEIZURE,230,1299,000150000009
WO-2150056,ASSET-00009,Corrective,BEARING-FAILURE,104,742,000150000009
WO-2150057,ASSET-00009,Emergency,MOTOR-BURNOUT,567,1351,000150000009
WO-2150058,ASSET-00010,Corrective,BELT-FAILURE,240,908,
WO-2150059,ASSET-00010,Emergency,DIE-WEAR,356,1617,
WO-2150060,ASSET-00010,Corrective,CONTROLLER-FAULT,50,1495,
WO-2150061,ASSET-00010,Preventive,,0,,
WO-2150062,ASSET-00011,Corrective,SPINDLE-SEIZURE,208,1257,000150000010
WO-2150063,ASSET-00011,Emergency,CALIBRATION-DRIFT,476,1999,000150000010
WO-2150064,ASSET-00011,Corrective,SPINDLE-SEIZURE,240,1730,000150000010
WO-2150065,ASSET-00011,Preventive,,0,,000150000010
WO-2150066,ASSET-00011,Corrective,DIE-WEAR,35,847,000150000010
WO-2150067,ASSET-00011,Preventive,,0,,000150000010
WO-2150068,ASSET-00012,Preventive,,0,,000150000011
WO-2150069,ASSET-00012,Preventive,,0,,000150000011
WO-2150070,ASSET-00012,Preventive,,0,,000150000011
WO-2150071,ASSET-00012,Emergency,CALIBRATION-DRIFT,220,958,000150000011
WO-2150072,ASSET-00013,Corrective,BEARING-FAILURE,133,447,000150000013
WO-2150073,ASSET-00013,Preventive,,0,,000150000013
WO-2150074,ASSET-00013,Corrective,SPINDLE-SEIZURE,114,1901,000150000013
WO-2150075,ASSET-00013,Preventive,,0,,000150000013
WO-2150076,ASSET-00014,Preventive,,0,,000150000014
WO-2150077,ASSET-00014,Corrective,SENSOR-FAULT,193,1651,000150000014
WO-2150078,ASSET-00014,Emergency,MOTOR-BURNOUT,272,1905,000150000014
WO-2150079,ASSET-00014,Preventive,,0,,000150000014
WO-2150080,ASSET-00015,Corrective,MOTOR-BURNOUT,76,1445,000150000015
WO-2150081,ASSET-00015,Preventive,,0,,000150000015
WO-2150082,ASSET-00015,Preventive,,0,,000150000015
WO-2150083,ASSET-00015,Preventive,,0,,000150000015
WO-2150084,ASSET-00015,Corrective,PNEUMATIC-LEAK,171,1764,000150000015
WO-2150085,ASSET-00016,Corrective,MOTOR-BURNOUT,71,1602,000150000016
WO-2150086,ASSET-00016,Preventive,,0,,000150000016
WO-2150087,ASSET-00016,Preventive,,0,,000150000016
WO-2150088,ASSET-00016,Corrective,PNEUMATIC-LEAK,171,1882,000150000016
WO-2150089,ASSET-00016,Preventive,,0,,000150000016
WO-2150090,ASSET-00016,Corrective,HYDRAULIC-LEAK,53,1164,000150000016
WO-2150091,ASSET-00016,Corrective,SPINDLE-SEIZURE,190,548,000150000016
WO-2150092,ASSET-00017,Corrective,CONTROLLER-FAULT,136,324,000150000017
WO-2150093,ASSET-00017,Emergency,SPINDLE-SEIZURE,130,1581,000150000017
WO-2150094,ASSET-00017,Corrective,MOTOR-BURNOUT,127,1272,000150000017
WO-2150095,ASSET-00017,Preventive,,0,,000150000017
WO-2150096,ASSET-00017,Preventive,,0,,000150000017
WO-2150097,ASSET-00017,Corrective,MOTOR-BURNOUT,215,264,000150000017
WO-2150098,ASSET-00017,Preventive,,0,,000150000017
WO-2150099,ASSET-00018,Preventive,,0,,
WO-2150100,ASSET-00018,Preventive,,0,,
WO-2150101,ASSET-00018,Preventive,,0,,
WO-2150102,ASSET-00019,Corrective,PNEUMATIC-LEAK,162,1078,000150000018
WO-2150103,ASSET-00019,Corrective,BEARING-FAILURE,150,1770,000150000018
WO-2150104,ASSET-00019,Preventive,,0,,000150000018
WO-2150105,ASSET-00019,Preventive,,0,,000150000018
WO-2150106,ASSET-00019,Preventive,,0,,000150000018
WO-2150107,ASSET-00020,Preventive,,0,,000150000019
WO-2150108,ASSET-00020,Emergency,PNEUMATIC-LEAK,164,896,000150000019
WO-2150109,ASSET-00020,Preventive,,0,,000150000019
WO-2150110,ASSET-00020,Preventive,,0,,000150000019
WO-2150111,ASSET-00020,Emergency,MOTOR-BURNOUT,550,1533,000150000019
WO-2150112,ASSET-00021,Preventive,,0,,000150000020
WO-2150113,ASSET-00022,Corrective,SPINDLE-SEIZURE,230,865,000150000021
WO-2150114,ASSET-00022,Preventive,,0,,000150000021
WO-2150115,ASSET-00022,Preventive,,0,,000150000021
WO-2150116,ASSET-00022,Preventive,,0,,000150000021
WO-2150117,ASSET-00022,Corrective,CONTROLLER-FAULT,196,1414,000150000021
WO-2150118,ASSET-00022,Corrective,DIE-WEAR,105,767,000150000021
WO-2150119,ASSET-00022,Preventive,,0,,000150000021
WO-2150120,ASSET-00023,Corrective,DIE-WEAR,74,1871,000150000022
WO-2150121,ASSET-00023,Corrective,HYDRAULIC-LEAK,34,320,000150000022
WO-2150122,ASSET-00023,Preventive,,0,,000150000022
WO-2150123,ASSET-00023,Preventive,,0,,000150000022
WO-2150124,ASSET-00023,Preventive,,0,,000150000022
WO-2150125,ASSET-00024,Preventive,,0,,000150000023
WO-2150126,ASSET-00025,Corrective,CONTROLLER-FAULT,103,1836,000150000024
WO-2150127,ASSET-00025,Preventive,,0,,000150000024
WO-2150128,ASSET-00025,Preventive,,0,,000150000024
WO-2150129,ASSET-00026,Emergency,CONTROLLER-FAULT,263,1750,000150000025
WO-2150130,ASSET-00026,Preventive,,0,,000150000025
WO-2150131,ASSET-00027,Preventive,,0,,000150000026
WO-2150132,ASSET-00027,Preventive,,0,,000150000026
WO-2150133,ASSET-00027,Preventive,,0,,000150000026
WO-2150134,ASSET-00027,Preventive,,0,,000150000026
WO-2150135,ASSET-00027,Preventive,,0,,000150000026
WO-2150136,ASSET-00027,Preventive,,0,,000150000026
WO-2150137,ASSET-00027,Emergency,BEARING-FAILURE,398,1934,000150000026
WO-2150138,ASSET-00027,Corrective,SENSOR-FAULT,145,335,000150000026
WO-2150139,ASSET-00028,Preventive,,0,,000150000027
WO-2150140,ASSET-00028,Corrective,BEARING-FAILURE,62,1528,000150000027
WO-2150141,ASSET-00028,Preventive,,0,,000150000027
WO-2150142,ASSET-00029,Preventive,,0,,000150000028
WO-2150143,ASSET-00029,Preventive,,0,,000150000028
WO-2150144,ASSET-00029,Corrective,CONTROLLER-FAULT,35,1985,000150000028
WO-2150145,ASSET-00029,Preventive,,0,,000150000028
WO-2150146,ASSET-00029,Preventive,,0,,000150000028
WO-2150147,ASSET-00029,Emergency,HYDRAULIC-LEAK,396,550,000150000028
WO-2150148,ASSET-00029,Corrective,CONTROLLER-FAULT,65,1026,000150000028
WO-2150149,ASSET-00029,Corrective,BEARING-FAILURE,52,1943,000150000028
WO-2150150,ASSET-00030,Emergency,DIE-WEAR,70,773,000150000029
WO-2150151,ASSET-00030,Preventive,,0,,000150000029
WO-2150152,ASSET-00030,Preventive,,0,,000150000029
WO-2150153,ASSET-00030,Preventive,,0,,000150000029
WO-2150154,ASSET-00031,Preventive,,0,,000150000030
WO-2150155,ASSET-00031,Corrective,PNEUMATIC-LEAK,75,1723,000150000030
WO-2150156,ASSET-00031,Preventive,,0,,000150000030
WO-2150157,ASSET-00031,Preventive,,0,,000150000030
WO-2150158,ASSET-00031,Preventive,,0,,000150000030
WO-2150159,ASSET-00032,Corrective,PNEUMATIC-LEAK,67,861,000150000031
WO-2150160,ASSET-00032,Preventive,,0,,000150000031
WO-2150161,ASSET-00032,Corrective,CONTROLLER-FAULT,142,736,000150000031
WO-2150162,ASSET-00032,Emergency,DIE-WEAR,485,351,000150000031
WO-2150163,ASSET-00032,Emergency,DIE-WEAR,486,1690,000150000031
WO-2150164,ASSET-00032,Corrective,SPINDLE-SEIZURE,131,1680,000150000031
WO-2150165,ASSET-00033,Corrective,SENSOR-FAULT,225,295,000150000032
WO-2150166,ASSET-00033,Preventive,,0,,000150000032
WO-2150167,ASSET-00034,Emergency,PNEUMATIC-LEAK,139,321,000150000033
WO-2150168,ASSET-00034,Preventive,,0,,000150000033
WO-2150169,ASSET-00034,Preventive,,0,,000150000033
WO-2150170,ASSET-00034,Corrective,SPINDLE-SEIZURE,46,1766,000150000033
WO-2150171,ASSET-00034,Preventive,,0,,000150000033
WO-2150172,ASSET-00035,Corrective,BELT-FAILURE,31,1450,000150000034
WO-2150173,ASSET-00035,Corrective,PNEUMATIC-LEAK,39,768,000150000034
WO-2150174,ASSET-00035,Emergency,BELT-FAILURE,431,1199,000150000034
WO-2150175,ASSET-00036,Corrective,HYDRAULIC-LEAK,177,297,000150000035
WO-2150176,ASSET-00036,Preventive,,0,,000150000035
WO-2150177,ASSET-00036,Corrective,SPINDLE-SEIZURE,212,1109,000150000035
WO-2150178,ASSET-00036,Corrective,CALIBRATION-DRIFT,115,1553,000150000035
WO-2150179,ASSET-00036,Preventive,,0,,000150000035
WO-2150180,ASSET-00036,Corrective,HYDRAULIC-LEAK,213,634,000150000035
WO-2150181,ASSET-00037,Corrective,CONTROLLER-FAULT,225,1012,000150000036
WO-2150182,ASSET-00037,Corrective,CONTROLLER-FAULT,55,269,000150000036
WO-2150183,ASSET-00037,Preventive,,0,,000150000036
WO-2150184,ASSET-00037,Corrective,SENSOR-FAULT,176,435,000150000036
WO-2150185,ASSET-00038,Preventive,,0,,000150000037
WO-2150186,ASSET-00038,Preventive,,0,,000150000037
WO-2150187,ASSET-00038,Corrective,PNEUMATIC-LEAK,111,1524,000150000037
WO-2150188,ASSET-00038,Preventive,,0,,000150000037
WO-2150189,ASSET-00038,Emergency,SPINDLE-SEIZURE,479,545,000150000037
WO-2150190,ASSET-00039,Preventive,,0,,000150000038
WO-2150191,ASSET-00039,Corrective,SENSOR-FAULT,225,239,000150000038
WO-2150192,ASSET-00039,Corrective,SENSOR-FAULT,213,766,000150000038
WO-2150193,ASSET-00039,Corrective,PNEUMATIC-LEAK,215,1537,000150000038
WO-2150194,ASSET-00039,Preventive,,0,,000150000038
WO-2150195,ASSET-00040,Emergency,SENSOR-FAULT,499,790,000150000039
WO-2150196,ASSET-00040,Corrective,BEARING-FAILURE,202,877,000150000039
WO-2150197,ASSET-00040,Corrective,MOTOR-BURNOUT,103,1930,000150000039
WO-2150198,ASSET-00040,Preventive,,0,,000150000039
WO-2150199,ASSET-00040,Preventive,,0,,000150000039
WO-2150200,ASSET-00041,Corrective,BELT-FAILURE,178,1982,
WO-2150201,ASSET-00041,Preventive,,0,,
WO-2150202,ASSET-00041,Preventive,,0,,
WO-2150203,ASSET-00041,Preventive,,0,,
WO-2150204,ASSET-00041,Corrective,BEARING-FAILURE,77,252,
WO-2150205,ASSET-00042,Preventive,,0,,000150000040
WO-2150206,ASSET-00042,Preventive,,0,,000150000040
WO-2150207,ASSET-00042,Corrective,CALIBRATION-DRIFT,59,1795,000150000040
WO-2150208,ASSET-00042,Corrective,CALIBRATION-DRIFT,61,1246,000150000040
WO-2150209,ASSET-00043,Preventive,,0,,000150000041
WO-2150210,ASSET-00043,Preventive,,0,,000150000041
WO-2150211,ASSET-00043,Corrective,BELT-FAILURE,171,1918,000150000041
WO-2150212,ASSET-00044,Preventive,,0,,000150000042
WO-2150213,ASSET-00044,Corrective,PNEUMATIC-LEAK,156,1564,000150000042
WO-2150214,ASSET-00044,Preventive,,0,,000150000042
WO-2150215,ASSET-00044,Corrective,PNEUMATIC-LEAK,81,228,000150000042
WO-2150216,ASSET-00044,Preventive,,0,,000150000042
WO-2150217,ASSET-00045,Preventive,,0,,000150000043
WO-2150218,ASSET-00045,Preventive,,0,,000150000043
WO-2150219,ASSET-00045,Corrective,HYDRAULIC-LEAK,58,1743,000150000043
WO-2150220,ASSET-00045,Corrective,HYDRAULIC-LEAK,194,1145,000150000043
WO-2150221,ASSET-00045,Corrective,HYDRAULIC-LEAK,91,548,000150000043
WO-2150222,ASSET-00046,Corrective,SENSOR-FAULT,150,535,000150000044
WO-2150223,ASSET-00046,Preventive,,0,,000150000044
WO-2150224,ASSET-00046,Preventive,,0,,000150000044
WO-2150225,ASSET-00046,Preventive,,0,,000150000044
WO-2150226,ASSET-00046,Emergency,BELT-FAILURE,317,986,000150000044
WO-2150227,ASSET-00046,Preventive,,0,,000150000044
WO-2150228,ASSET-00047,Preventive,,0,,000150000045
WO-2150229,ASSET-00047,Preventive,,0,,000150000045
WO-2150230,ASSET-00047,Preventive,,0,,000150000045
WO-2150231,ASSET-00047,Preventive,,0,,000150000045
WO-2150232,ASSET-00047,Corrective,BEARING-FAILURE,108,1505,000150000045
WO-2150233,ASSET-00047,Corrective,SENSOR-FAULT,158,290,000150000045
WO-2150234,ASSET-00047,Preventive,,0,,000150000045
WO-2150235,ASSET-00048,Preventive,,0,,000150000046
WO-2150236,ASSET-00048,Corrective,CONTROLLER-FAULT,168,1517,000150000046
WO-2150237,ASSET-00048,Emergency,SPINDLE-SEIZURE,476,1123,000150000046
WO-2150238,ASSET-00049,Preventive,,0,,000150000047
WO-2150239,ASSET-00049,Preventive,,0,,000150000047
WO-2150240,ASSET-00049,Preventive,,0,,000150000047
WO-2150241,ASSET-00049,Emergency,PNEUMATIC-LEAK,224,1274,000150000047
WO-2150242,ASSET-00049,Preventive,,0,,000150000047
WO-2150243,ASSET-00050,Preventive,,0,,000150000048
WO-2150244,ASSET-00050,Preventive,,0,,000150000048
WO-2150245,ASSET-00050,Emergency,BEARING-FAILURE,242,1196,000150000048
WO-2150246,ASSET-00050,Preventive,,0,,000150000048
WO-2150247,ASSET-00050,Preventive,,0,,000150000048
WO-2150248,ASSET-00051,Corrective,PNEUMATIC-LEAK,197,746,000150000049
WO-2150249,ASSET-00051,Emergency,SENSOR-FAULT,346,234,000150000049
WO-2150250,ASSET-00051,Emergency,SPINDLE-SEIZURE,221,1309,000150000049
WO-2150251,ASSET-00051,Preventive,,0,,000150000049
WO-2150252,ASSET-00052,Corrective,CALIBRATION-DRIFT,184,1287,000150000050
WO-2150253,ASSET-00052,Preventive,,0,,000150000050
WO-2150254,ASSET-00052,Preventive,,0,,000150000050
WO-2150255,ASSET-00052,Corrective,PNEUMATIC-LEAK,193,1847,000150000050
WO-2150256,ASSET-00052,Corrective,PNEUMATIC-LEAK,222,627,000150000050
WO-2150257,ASSET-00052,Preventive,,0,,000150000050
WO-2150258,ASSET-00053,Corrective,HYDRAULIC-LEAK,87,1337,000150000051
WO-2150259,ASSET-00053,Preventive,,0,,000150000051
WO-2150260,ASSET-00053,Preventive,,0,,000150000051
WO-2150261,ASSET-00053,Corrective,MOTOR-BURNOUT,125,1079,000150000051
WO-2150262,ASSET-00053,Preventive,,0,,000150000051
WO-2150263,ASSET-00053,Corrective,SPINDLE-SEIZURE,81,1360,000150000051
WO-2150264,ASSET-00054,Emergency,DIE-WEAR,445,1669,000150000052
WO-2150265,ASSET-00054,Corrective,SENSOR-FAULT,135,542,000150000052
WO-2150266,ASSET-00054,Preventive,,0,,000150000052
WO-2150267,ASSET-00054,Preventive,,0,,000150000052
WO-2150268,ASSET-00055,Preventive,,0,,
WO-2150269,ASSET-00055,Preventive,,0,,
WO-2150270,ASSET-00055,Corrective,DIE-WEAR,232,874,
WO-2150271,ASSET-00056,Corrective,PNEUMATIC-LEAK,82,427,000150000053
WO-2150272,ASSET-00056,Corrective,CONTROLLER-FAULT,217,1122,000150000053
WO-2150273,ASSET-00056,Preventive,,0,,000150000053
WO-2150274,ASSET-00057,Corrective,BEARING-FAILURE,219,426,000150000054
WO-2150275,ASSET-00057,Preventive,,0,,000150000054
WO-2150276,ASSET-00057,Corrective,CONTROLLER-FAULT,128,1281,000150000054
WO-2150277,ASSET-00057,Corrective,SENSOR-FAULT,186,644,000150000054
WO-2150278,ASSET-00057,Preventive,,0,,000150000054
WO-2150279,ASSET-00058,Preventive,,0,,000150000055
WO-2150280,ASSET-00058,Preventive,,0,,000150000055
WO-2150281,ASSET-00058,Corrective,CONTROLLER-FAULT,190,640,000150000055
WO-2150282,ASSET-00058,Preventive,,0,,000150000055
WO-2150283,ASSET-00058,Corrective,CONTROLLER-FAULT,240,1992,000150000055
WO-2150284,ASSET-00059,Preventive,,0,,000150000056
WO-2150285,ASSET-00059,Emergency,CONTROLLER-FAULT,206,1086,000150000056
WO-2150286,ASSET-00059,Preventive,,0,,000150000056
WO-2150287,ASSET-00059,Preventive,,0,,000150000056
WO-2150288,ASSET-00060,Corrective,PNEUMATIC-LEAK,233,1605,000150000057
WO-2150289,ASSET-00060,Corrective,BEARING-FAILURE,55,1363,000150000057
WO-2150290,ASSET-00060,Preventive,,0,,000150000057
WO-2150291,ASSET-00060,Preventive,,0,,000150000057
WO-2150292,ASSET-00060,Corrective,PNEUMATIC-LEAK,223,1984,000150000057
WO-2150293,ASSET-00060,Preventive,,0,,000150000057
WO-2150294,ASSET-00061,Corrective,CONTROLLER-FAULT,73,1007,000150000058
WO-2150295,ASSET-00061,Preventive,,0,,000150000058
WO-2150296,ASSET-00061,Preventive,,0,,000150000058
WO-2150297,ASSET-00061,Preventive,,0,,000150000058
WO-2150298,ASSET-00062,Preventive,,0,,000150000059
WO-2150299,ASSET-00062,Preventive,,0,,000150000059
WO-2150300,ASSET-00062,Preventive,,0,,000150000059
WO-2150301,ASSET-00062,Preventive,,0,,000150000059
WO-2150302,ASSET-00062,Corrective,DIE-WEAR,179,866,000150000059
WO-2150303,ASSET-00062,Emergency,BELT-FAILURE,493,1364,000150000059
WO-2150304,ASSET-00062,Corrective,SPINDLE-SEIZURE,194,494,000150000059
WO-2150305,ASSET-00063,Preventive,,0,,000150000060
WO-2150306,ASSET-00063,Corrective,SENSOR-FAULT,84,1849,000150000060
WO-2150307,ASSET-00063,Preventive,,0,,000150000060
WO-2150308,ASSET-00063,Emergency,DIE-WEAR,141,1529,000150000060
WO-2150309,ASSET-00064,Corrective,CONTROLLER-FAULT,232,1162,000150000061
WO-2150310,ASSET-00064,Corrective,CONTROLLER-FAULT,125,315,000150000061
WO-2150311,ASSET-00064,Preventive,,0,,000150000061
WO-2150312,ASSET-00064,Corrective,CALIBRATION-DRIFT,177,950,000150000061
WO-2150313,ASSET-00065,Preventive,,0,,
WO-2150314,ASSET-00066,Corrective,PNEUMATIC-LEAK,97,1649,000150000062
WO-2150315,ASSET-00066,Preventive,,0,,000150000062
WO-2150316,ASSET-00066,Emergency,BELT-FAILURE,537,1550,000150000062
WO-2150317,ASSET-00067,Preventive,,0,,000150000063
WO-2150318,ASSET-00067,Corrective,SPINDLE-SEIZURE,138,490,000150000063
WO-2150319,ASSET-00067,Preventive,,0,,000150000063
WO-2150320,ASSET-00068,Preventive,,0,,000150000064
WO-2150321,ASSET-00068,Preventive,,0,,000150000064
WO-2150322,ASSET-00068,Preventive,,0,,000150000064
WO-2150323,ASSET-00069,Preventive,,0,,000150000065
WO-2150324,ASSET-00069,Corrective,BEARING-FAILURE,182,726,000150000065
WO-2150325,ASSET-00069,Corrective,SPINDLE-SEIZURE,127,1062,000150000065
WO-2150326,ASSET-00069,Emergency,DIE-WEAR,142,1688,000150000065
WO-2150327,ASSET-00069,Preventive,,0,,000150000065
WO-2150328,ASSET-00069,Preventive,,0,,000150000065
WO-2150329,ASSET-00069,Preventive,,0,,000150000065
WO-2150330,ASSET-00069,Preventive,,0,,000150000065
WO-2150331,ASSET-00069,Corrective,BELT-FAILURE,98,319,000150000065
WO-2150332,ASSET-00069,Preventive,,0,,000150000065
WO-2150333,ASSET-00069,Emergency,MOTOR-BURNOUT,115,1600,000150000065
WO-2150334,ASSET-00069,Preventive,,0,,000150000065
WO-2150335,ASSET-00070,Corrective,SPINDLE-SEIZURE,128,1104,000150000066
WO-2150336,ASSET-00070,Corrective,SENSOR-FAULT,92,448,000150000066
WO-2150337,ASSET-00070,Preventive,,0,,000150000066
WO-2150338,ASSET-00070,Corrective,DIE-WEAR,86,1208,000150000066
WO-2150339,ASSET-00070,Preventive,,0,,000150000066
WO-2150340,ASSET-00071,Corrective,CALIBRATION-DRIFT,237,377,000150000067
WO-2150341,ASSET-00071,Corrective,CALIBRATION-DRIFT,80,1916,000150000067
WO-2150342,ASSET-00071,Preventive,,0,,000150000067
WO-2150343,ASSET-00071,Preventive,,0,,000150000067
WO-2150344,ASSET-00071,Corrective,CALIBRATION-DRIFT,204,941,000150000067
WO-2150345,ASSET-00071,Corrective,MOTOR-BURNOUT,193,809,000150000067
WO-2150346,ASSET-00072,Corrective,SENSOR-FAULT,157,244,000150000068
WO-2150347,ASSET-00072,Preventive,,0,,000150000068
WO-2150348,ASSET-00072,Preventive,,0,,000150000068
WO-2150349,ASSET-00073,Emergency,BEARING-FAILURE,318,1046,000150000069
WO-2150350,ASSET-00073,Emergency,PNEUMATIC-LEAK,103,1775,000150000069
WO-2150351,ASSET-00073,Corrective,DIE-WEAR,39,772,000150000069
WO-2150352,ASSET-00073,Preventive,,0,,000150000069
WO-2150353,ASSET-00073,Preventive,,0,,000150000069
WO-2150354,ASSET-00073,Preventive,,0,,000150000069
WO-2150355,ASSET-00074,Preventive,,0,,000150000070
WO-2150356,ASSET-00074,Corrective,BEARING-FAILURE,90,789,000150000070
WO-2150357,ASSET-00074,Preventive,,0,,000150000070
WO-2150358,ASSET-00074,Corrective,BEARING-FAILURE,118,1701,000150000070
WO-2150359,ASSET-00074,Corrective,HYDRAULIC-LEAK,169,1586,000150000070
WO-2150360,ASSET-00075,Preventive,,0,,000150000071
WO-2150361,ASSET-00075,Preventive,,0,,000150000071
WO-2150362,ASSET-00076,Corrective,CALIBRATION-DRIFT,215,531,000150000072
WO-2150363,ASSET-00076,Corrective,SENSOR-FAULT,79,1360,000150000072
WO-2150364,ASSET-00076,Preventive,,0,,000150000072
WO-2150365,ASSET-00076,Preventive,,0,,000150000072
WO-2150366,ASSET-00076,Corrective,SENSOR-FAULT,109,975,000150000072
WO-2150367,ASSET-00076,Emergency,SPINDLE-SEIZURE,562,952,000150000072
WO-2150368,ASSET-00077,Corrective,CONTROLLER-FAULT,231,1476,000150000073
WO-2150369,ASSET-00077,Corrective,BELT-FAILURE,219,1077,000150000073
WO-2150370,ASSET-00077,Preventive,,0,,000150000073
WO-2150371,ASSET-00077,Preventive,,0,,000150000073
WO-2150372,ASSET-00077,Preventive,,0,,000150000073
WO-2150373,ASSET-00077,Preventive,,0,,000150000073
WO-2150374,ASSET-00077,Preventive,,0,,000150000073
WO-2150375,ASSET-00077,Preventive,,0,,000150000073
WO-2150376,ASSET-00078,Corrective,HYDRAULIC-LEAK,203,500,000150000074
WO-2150377,ASSET-00078,Preventive,,0,,000150000074
WO-2150378,ASSET-00078,Emergency,HYDRAULIC-LEAK,589,1524,000150000074
WO-2150379,ASSET-00078,Preventive,,0,,000150000074
WO-2150380,ASSET-00078,Preventive,,0,,000150000074
WO-2150381,ASSET-00078,Corrective,SPINDLE-SEIZURE,95,1410,000150000074
WO-2150382,ASSET-00079,Preventive,,0,,000150000075
WO-2150383,ASSET-00079,Corrective,PNEUMATIC-LEAK,160,1409,000150000075
WO-2150384,ASSET-00079,Preventive,,0,,000150000075
WO-2150385,ASSET-00079,Preventive,,0,,000150000075
WO-2150386,ASSET-00080,Preventive,,0,,000150000076
WO-2150387,ASSET-00080,Preventive,,0,,000150000076
WO-2150388,ASSET-00080,Corrective,BELT-FAILURE,93,306,000150000076
WO-2150389,ASSET-00080,Preventive,,0,,000150000076
WO-2150390,ASSET-00080,Preventive,,0,,000150000076
WO-2150391,ASSET-00080,Preventive,,0,,000150000076
WO-2150392,ASSET-00080,Preventive,,0,,000150000076
WO-2150393,ASSET-00081,Preventive,,0,,000150000077
WO-2150394,ASSET-00081,Corrective,DIE-WEAR,109,1028,000150000077
WO-2150395,ASSET-00081,Preventive,,0,,000150000077
WO-2150396,ASSET-00082,Preventive,,0,,000150000078
WO-2150397,ASSET-00082,Emergency,BELT-FAILURE,92,1782,000150000078
WO-2150398,ASSET-00082,Preventive,,0,,000150000078
WO-2150399,ASSET-00082,Preventive,,0,,000150000078
WO-2150400,ASSET-00083,Preventive,,0,,
WO-2150401,ASSET-00084,Preventive,,0,,
WO-2150402,ASSET-00084,Corrective,BEARING-FAILURE,89,943,
WO-2150403,ASSET-00084,Corrective,SENSOR-FAULT,176,1372,
WO-2150404,ASSET-00084,Preventive,,0,,
WO-2150405,ASSET-00084,Preventive,,0,,
WO-2150406,ASSET-00085,Preventive,,0,,000150000079
WO-2150407,ASSET-00085,Preventive,,0,,000150000079
WO-2150408,ASSET-00085,Preventive,,0,,000150000079
WO-2150409,ASSET-00085,Preventive,,0,,000150000079
WO-2150410,ASSET-00085,Emergency,CONTROLLER-FAULT,547,781,000150000079
WO-2150411,ASSET-00085,Preventive,,0,,000150000079
WO-2150412,ASSET-00086,Emergency,CALIBRATION-DRIFT,526,1498,000150000080
WO-2150413,ASSET-00086,Preventive,,0,,000150000080
WO-2150414,ASSET-00086,Preventive,,0,,000150000080
WO-2150415,ASSET-00086,Preventive,,0,,000150000080
WO-2150416,ASSET-00086,Preventive,,0,,000150000080
WO-2150417,ASSET-00086,Preventive,,0,,000150000080
WO-2150418,ASSET-00086,Preventive,,0,,000150000080
WO-2150419,ASSET-00087,Preventive,,0,,000150000081
WO-2150420,ASSET-00087,Preventive,,0,,000150000081
WO-2150421,ASSET-00087,Corrective,MOTOR-BURNOUT,229,1710,000150000081
WO-2150422,ASSET-00088,Preventive,,0,,000150000082
WO-2150423,ASSET-00088,Emergency,HYDRAULIC-LEAK,92,1281,000150000082
WO-2150424,ASSET-00088,Preventive,,0,,000150000082
WO-2150425,ASSET-00089,Preventive,,0,,000150000083
WO-2150426,ASSET-00089,Corrective,SENSOR-FAULT,36,1796,000150000083
WO-2150427,ASSET-00089,Preventive,,0,,000150000083
WO-2150428,ASSET-00089,Preventive,,0,,000150000083
WO-2150429,ASSET-00090,Corrective,HYDRAULIC-LEAK,68,827,000150000084
WO-2150430,ASSET-00090,Corrective,BELT-FAILURE,215,1583,000150000084
WO-2150431,ASSET-00090,Preventive,,0,,000150000084
WO-2150432,ASSET-00091,Emergency,CALIBRATION-DRIFT,274,1032,
WO-2150433,ASSET-00091,Corrective,SENSOR-FAULT,35,1458,
WO-2150434,ASSET-00091,Preventive,,0,,
WO-2150435,ASSET-00091,Preventive,,0,,
WO-2150436,ASSET-00091,Corrective,SENSOR-FAULT,101,515,
WO-2150437,ASSET-00091,Preventive,,0,,
WO-2150438,ASSET-00094,Corrective,DIE-WEAR,38,1068,000150000087
WO-2150439,ASSET-00094,Corrective,CONTROLLER-FAULT,42,574,000150000087
WO-2150440,ASSET-00094,Preventive,,0,,000150000087
WO-2150441,ASSET-00094,Corrective,BELT-FAILURE,53,1782,000150000087
WO-2150442,ASSET-00094,Preventive,,0,,000150000087
WO-2150443,ASSET-00094,Corrective,CALIBRATION-DRIFT,67,1136,000150000087
WO-2150444,ASSET-00094,Preventive,,0,,000150000087
WO-2150445,ASSET-00095,Preventive,,0,,000150000088
WO-2150446,ASSET-00095,Preventive,,0,,000150000088
WO-2150447,ASSET-00095,Corrective,MOTOR-BURNOUT,138,935,000150000088
WO-2150448,ASSET-00096,Preventive,,0,,000150000089
WO-2150449,ASSET-00096,Corrective,BELT-FAILURE,220,1116,000150000089
WO-2150450,ASSET-00096,Corrective,MOTOR-BURNOUT,202,869,000150000089
WO-2150451,ASSET-00096,Preventive,,0,,000150000089
WO-2150452,ASSET-00096,Corrective,SENSOR-FAULT,152,1537,000150000089
WO-2150453,ASSET-00097,Preventive,,0,,000150000090
WO-2150454,ASSET-00097,Corrective,BELT-FAILURE,152,1459,000150000090
WO-2150455,ASSET-00097,Preventive,,0,,000150000090
WO-2150456,ASSET-00098,Corrective,PNEUMATIC-LEAK,238,1826,000150000091
WO-2150457,ASSET-00098,Preventive,,0,,000150000091
WO-2150458,ASSET-00098,Corrective,SENSOR-FAULT,48,1729,000150000091
WO-2150459,ASSET-00098,Preventive,,0,,000150000091
WO-2150460,ASSET-00098,Corrective,SENSOR-FAULT,114,1835,000150000091
WO-2150461,ASSET-00098,Corrective,SPINDLE-SEIZURE,88,927,000150000091
WO-2150462,ASSET-00098,Preventive,,0,,000150000091
WO-2150463,ASSET-00099,Corrective,CALIBRATION-DRIFT,73,1475,000150000092
WO-2150464,ASSET-00099,Corrective,HYDRAULIC-LEAK,158,309,000150000092
WO-2150465,ASSET-00099,Corrective,CONTROLLER-FAULT,193,1070,000150000092
WO-2150466,ASSET-00099,Emergency,BELT-FAILURE,72,363,000150000092
WO-2150467,ASSET-00099,Preventive,,0,,000150000092
WO-2150468,ASSET-00100,Preventive,,0,,000150000093
WO-2150469,ASSET-00100,Corrective,MOTOR-BURNOUT,39,1928,000150000093
WO-2150470,ASSET-00100,Preventive,,0,,000150000093
WO-2150471,ASSET-00101,Preventive,,0,,000150000094
WO-2150472,ASSET-00101,Corrective,BEARING-FAILURE,54,1923,000150000094
WO-2150473,ASSET-00101,Preventive,,0,,000150000094
WO-2150474,ASSET-00102,Corrective,DIE-WEAR,117,700,000150000095
WO-2150475,ASSET-00102,Preventive,,0,,000150000095
WO-2150476,ASSET-00102,Preventive,,0,,000150000095
WO-2150477,ASSET-00103,Preventive,,0,,000150000096
WO-2150478,ASSET-00103,Preventive,,0,,000150000096
WO-2150479,ASSET-00103,Preventive,,0,,000150000096
WO-2150480,ASSET-00103,Preventive,,0,,000150000096
WO-2150481,ASSET-00103,Preventive,,0,,000150000096
WO-2150482,ASSET-00104,Corrective,PNEUMATIC-LEAK,121,1983,000150000097
WO-2150483,ASSET-00104,Preventive,,0,,000150000097
WO-2150484,ASSET-00104,Corrective,DIE-WEAR,185,1436,000150000097
WO-2150485,ASSET-00105,Preventive,,0,,000150000098
WO-2150486,ASSET-00106,Corrective,HYDRAULIC-LEAK,128,906,000150000099
WO-2150487,ASSET-00106,Preventive,,0,,000150000099
WO-2150488,ASSET-00106,Preventive,,0,,000150000099
WO-2150489,ASSET-00106,Corrective,SENSOR-FAULT,182,1613,000150000099
WO-2150490,ASSET-00106,Corrective,DIE-WEAR,208,1700,000150000099
WO-2150491,ASSET-00106,Preventive,,0,,000150000099
WO-2150492,ASSET-00106,Preventive,,0,,000150000099
WO-2150493,ASSET-00106,Preventive,,0,,000150000099
WO-2150494,ASSET-00107,Emergency,SENSOR-FAULT,576,1745,000150000100
WO-2150495,ASSET-00107,Corrective,DIE-WEAR,77,1456,000150000100
WO-2150496,ASSET-00108,Preventive,,0,,000150000101
WO-2150497,ASSET-00108,Preventive,,0,,000150000101
WO-2150498,ASSET-00108,Corrective,BEARING-FAILURE,120,1610,000150000101
WO-2150499,ASSET-00108,Preventive,,0,,000150000101
WO-2150500,ASSET-00108,Corrective,HYDRAULIC-LEAK,81,1831,000150000101
WO-2150501,ASSET-00108,Preventive,,0,,000150000101
WO-2150502,ASSET-00108,Preventive,,0,,000150000101
WO-2150503,ASSET-00109,Preventive,,0,,000150000102
WO-2150504,ASSET-00109,Preventive,,0,,000150000102
WO-2150505,ASSET-00109,Corrective,CONTROLLER-FAULT,190,790,000150000102
WO-2150506,ASSET-00110,Preventive,,0,,000150000103
WO-2150507,ASSET-00110,Corrective,HYDRAULIC-LEAK,158,1827,000150000103
WO-2150508,ASSET-00110,Corrective,SENSOR-FAULT,172,1417,000150000103
WO-2150509,ASSET-00110,Corrective,BELT-FAILURE,186,1578,000150000103
WO-2150510,ASSET-00110,Preventive,,0,,000150000103
WO-2150511,ASSET-00110,Preventive,,0,,000150000103
WO-2150512,ASSET-00110,Preventive,,0,,000150000103
WO-2150513,ASSET-00111,Preventive,,0,,000150000104
WO-2150514,ASSET-00111,Preventive,,0,,000150000104
WO-2150515,ASSET-00111,Corrective,MOTOR-BURNOUT,236,262,000150000104
WO-2150516,ASSET-00111,Preventive,,0,,000150000104
WO-2150517,ASSET-00111,Preventive,,0,,000150000104
WO-2150518,ASSET-00112,Preventive,,0,,000150000105
WO-2150519,ASSET-00112,Preventive,,0,,000150000105
WO-2150520,ASSET-00112,Preventive,,0,,000150000105
WO-2150521,ASSET-00112,Preventive,,0,,000150000105
WO-2150522,ASSET-00112,Preventive,,0,,000150000105
WO-2150523,ASSET-00112,Corrective,MOTOR-BURNOUT,129,1443,000150000105
WO-2150524,ASSET-00113,Preventive,,0,,000150000106
WO-2150525,ASSET-00113,Corrective,DIE-WEAR,71,812,000150000106
WO-2150526,ASSET-00113,Preventive,,0,,000150000106
WO-2150527,ASSET-00114,Corrective,DIE-WEAR,99,1282,
WO-2150528,ASSET-00114,Preventive,,0,,
WO-2150529,ASSET-00114,Corrective,SENSOR-FAULT,211,1904,
WO-2150530,ASSET-00114,Preventive,,0,,
WO-2150531,ASSET-00115,Preventive,,0,,000150000107
WO-2150532,ASSET-00115,Emergency,PNEUMATIC-LEAK,336,1448,000150000107
WO-2150533,ASSET-00115,Corrective,SENSOR-FAULT,81,1807,000150000107
WO-2150534,ASSET-00115,Corrective,DIE-WEAR,54,1054,000150000107
WO-2150535,ASSET-00115,Preventive,,0,,000150000107
WO-2150536,ASSET-00115,Preventive,,0,,000150000107
WO-2150537,ASSET-00115,Preventive,,0,,000150000107
WO-2150538,ASSET-00115,Corrective,PNEUMATIC-LEAK,61,1475,000150000107
WO-2150539,ASSET-00116,Preventive,,0,,000150000108
WO-2150540,ASSET-00116,Corrective,SPINDLE-SEIZURE,137,1548,000150000108
WO-2150541,ASSET-00116,Corrective,SENSOR-FAULT,37,1931,000150000108
WO-2150542,ASSET-00116,Preventive,,0,,000150000108
WO-2150543,ASSET-00116,Corrective,SPINDLE-SEIZURE,183,578,000150000108
WO-2150544,ASSET-00116,Preventive,,0,,000150000108
WO-2150545,ASSET-00116,Preventive,,0,,000150000108
WO-2150546,ASSET-00117,Preventive,,0,,000150000109
WO-2150547,ASSET-00117,Corrective,MOTOR-BURNOUT,148,749,000150000109
WO-2150548,ASSET-00117,Preventive,,0,,000150000109
WO-2150549,ASSET-00117,Corrective,SENSOR-FAULT,106,1065,000150000109
WO-2150550,ASSET-00117,Preventive,,0,,000150000109
WO-2150551,ASSET-00117,Corrective,PNEUMATIC-LEAK,151,1599,000150000109
WO-2150552,ASSET-00118,Preventive,,0,,000150000110
WO-2150553,ASSET-00118,Corrective,CALIBRATION-DRIFT,200,1022,000150000110
WO-2150554,ASSET-00118,Preventive,,0,,000150000110
WO-2150555,ASSET-00118,Preventive,,0,,000150000110
WO-2150556,ASSET-00118,Preventive,,0,,000150000110
WO-2150557,ASSET-00119,Emergency,CALIBRATION-DRIFT,362,1995,000150000111
WO-2150558,ASSET-00119,Corrective,SENSOR-FAULT,58,352,000150000111
WO-2150559,ASSET-00119,Emergency,CONTROLLER-FAULT,424,1625,000150000111
WO-2150560,ASSET-00120,Preventive,,0,,
WO-2150561,ASSET-00120,Preventive,,0,,
WO-2150562,ASSET-00120,Corrective,SENSOR-FAULT,112,1990,
WO-2150563,ASSET-00120,Preventive,,0,,
WO-2150564,ASSET-00121,Preventive,,0,,000150000112
WO-2150565,ASSET-00121,Corrective,BEARING-FAILURE,36,709,000150000112
WO-2150566,ASSET-00121,Corrective,MOTOR-BURNOUT,179,1634,000150000112
WO-2150567,ASSET-00121,Preventive,,0,,000150000112
WO-2150568,ASSET-00122,Preventive,,0,,000150000113
WO-2150569,ASSET-00122,Corrective,SENSOR-FAULT,187,537,000150000113
WO-2150570,ASSET-00122,Preventive,,0,,000150000113
WO-2150571,ASSET-00122,Preventive,,0,,000150000113
WO-2150572,ASSET-00122,Preventive,,0,,000150000113
WO-2150573,ASSET-00123,Corrective,MOTOR-BURNOUT,197,1571,000150000114
WO-2150574,ASSET-00123,Preventive,,0,,000150000114
WO-2150575,ASSET-00123,Corrective,MOTOR-BURNOUT,204,1059,000150000114
WO-2150576,ASSET-00125,Preventive,,0,,000150000116
WO-2150577,ASSET-00125,Preventive,,0,,000150000116
WO-2150578,ASSET-00125,Preventive,,0,,000150000116
WO-2150579,ASSET-00125,Corrective,SPINDLE-SEIZURE,66,1607,000150000116
WO-2150580,ASSET-00125,Preventive,,0,,000150000116
WO-2150581,ASSET-00125,Preventive,,0,,000150000116
WO-2150582,ASSET-00125,Corrective,MOTOR-BURNOUT,199,305,000150000116
WO-2150583,ASSET-00125,Corrective,HYDRAULIC-LEAK,63,1121,000150000116
WO-2150584,ASSET-00125,Preventive,,0,,000150000116
WO-2150585,ASSET-00126,Corrective,SPINDLE-SEIZURE,202,1322,000150000117
WO-2150586,ASSET-00126,Corrective,CONTROLLER-FAULT,240,963,000150000117
WO-2150587,ASSET-00126,Corrective,BELT-FAILURE,131,1482,000150000117
WO-2150588,ASSET-00126,Corrective,CONTROLLER-FAULT,139,583,000150000117
WO-2150589,ASSET-00126,Preventive,,0,,000150000117
WO-2150590,ASSET-00126,Emergency,BELT-FAILURE,363,911,000150000117
WO-2150591,ASSET-00126,Preventive,,0,,000150000117
WO-2150592,ASSET-00126,Preventive,,0,,000150000117
WO-2150593,ASSET-00126,Preventive,,0,,000150000117
WO-2150594,ASSET-00127,Corrective,BEARING-FAILURE,108,1254,000150000118
WO-2150595,ASSET-00127,Corrective,DIE-WEAR,69,775,000150000118
WO-2150596,ASSET-00127,Preventive,,0,,000150000118
WO-2150597,ASSET-00127,Preventive,,0,,000150000118
WO-2150598,ASSET-00127,Emergency,SENSOR-FAULT,540,1611,000150000118
WO-2150599,ASSET-00127,Corrective,BELT-FAILURE,40,608,000150000118
WO-2150600,ASSET-00127,Corrective,PNEUMATIC-LEAK,33,1133,000150000118
WO-2150601,ASSET-00128,Preventive,,0,,000150000119
WO-2150602,ASSET-00128,Corrective,CALIBRATION-DRIFT,46,1336,000150000119
WO-2150603,ASSET-00128,Preventive,,0,,000150000119
WO-2150604,ASSET-00128,Preventive,,0,,000150000119
WO-2150605,ASSET-00128,Corrective,SPINDLE-SEIZURE,125,1484,000150000119
WO-2150606,ASSET-00128,Corrective,BEARING-FAILURE,198,1669,000150000119
WO-2150607,ASSET-00128,Corrective,SPINDLE-SEIZURE,199,253,000150000119
WO-2150608,ASSET-00129,Corrective,MOTOR-BURNOUT,223,1573,000150000120
WO-2150609,ASSET-00129,Corrective,HYDRAULIC-LEAK,227,922,000150000120
WO-2150610,ASSET-00129,Corrective,BELT-FAILURE,43,915,000150000120
WO-2150611,ASSET-00129,Preventive,,0,,000150000120
WO-2150612,ASSET-00129,Preventive,,0,,000150000120
WO-2150613,ASSET-00130,Preventive,,0,,000150000121
WO-2150614,ASSET-00130,Preventive,,0,,000150000121
WO-2150615,ASSET-00130,Preventive,,0,,000150000121
WO-2150616,ASSET-00131,Emergency,BEARING-FAILURE,424,814,000150000122
WO-2150617,ASSET-00131,Preventive,,0,,000150000122
WO-2150618,ASSET-00131,Corrective,MOTOR-BURNOUT,124,710,000150000122
WO-2150619,ASSET-00131,Emergency,DIE-WEAR,90,1876,000150000122
WO-2150620,ASSET-00131,Preventive,,0,,000150000122
WO-2150621,ASSET-00131,Corrective,MOTOR-BURNOUT,171,344,000150000122
WO-2150622,ASSET-00131,Corrective,PNEUMATIC-LEAK,42,1479,000150000122
WO-2150623,ASSET-00131,Preventive,,0,,000150000122
WO-2150624,ASSET-00131,Preventive,,0,,000150000122
WO-2150625,ASSET-00131,Preventive,,0,,000150000122
WO-2150626,ASSET-00132,Preventive,,0,,000150000123
WO-2150627,ASSET-00132,Preventive,,0,,000150000123
WO-2150628,ASSET-00132,Corrective,BEARING-FAILURE,167,1612,000150000123
WO-2150629,ASSET-00132,Preventive,,0,,000150000123
WO-2150630,ASSET-00132,Corrective,CONTROLLER-FAULT,156,1462,000150000123
WO-2150631,ASSET-00133,Preventive,,0,,000150000124
WO-2150632,ASSET-00133,Preventive,,0,,000150000124
WO-2150633,ASSET-00133,Corrective,DIE-WEAR,133,1755,000150000124
WO-2150634,ASSET-00133,Corrective,CONTROLLER-FAULT,152,808,000150000124
WO-2150635,ASSET-00133,Preventive,,0,,000150000124
WO-2150636,ASSET-00133,Preventive,,0,,000150000124
WO-2150637,ASSET-00134,Corrective,MOTOR-BURNOUT,72,1604,000150000125
WO-2150638,ASSET-00134,Preventive,,0,,000150000125
WO-2150639,ASSET-00134,Preventive,,0,,000150000125
WO-2150640,ASSET-00134,Corrective,SPINDLE-SEIZURE,207,1551,000150000125
WO-2150641,ASSET-00135,Preventive,,0,,000150000126
WO-2150642,ASSET-00135,Preventive,,0,,000150000126
WO-2150643,ASSET-00135,Corrective,SPINDLE-SEIZURE,55,607,000150000126
WO-2150644,ASSET-00135,Corrective,BEARING-FAILURE,229,1635,000150000126
WO-2150645,ASSET-00135,Preventive,,0,,000150000126
WO-2150646,ASSET-00136,Preventive,,0,,000150000127
WO-2150647,ASSET-00136,Preventive,,0,,000150000127
WO-2150648,ASSET-00136,Preventive,,0,,000150000127
WO-2150649,ASSET-00136,Preventive,,0,,000150000127
WO-2150650,ASSET-00136,Preventive,,0,,000150000127
WO-2150651,ASSET-00136,Corrective,BEARING-FAILURE,181,644,000150000127
WO-2150652,ASSET-00137,Corrective,SENSOR-FAULT,107,1249,000150000128
WO-2150653,ASSET-00137,Preventive,,0,,000150000128
WO-2150654,ASSET-00137,Corrective,CALIBRATION-DRIFT,55,944,000150000128
WO-2150655,ASSET-00137,Corrective,CALIBRATION-DRIFT,65,879,000150000128
WO-2150656,ASSET-00137,Corrective,PNEUMATIC-LEAK,39,302,000150000128
WO-2150657,ASSET-00138,Preventive,,0,,000150000129
WO-2150658,ASSET-00138,Preventive,,0,,000150000129
WO-2150659,ASSET-00138,Preventive,,0,,000150000129
WO-2150660,ASSET-00138,Preventive,,0,,000150000129
WO-2150661,ASSET-00139,Preventive,,0,,000150000130
WO-2150662,ASSET-00139,Corrective,CONTROLLER-FAULT,204,842,000150000130
WO-2150663,ASSET-00140,Corrective,CALIBRATION-DRIFT,163,1055,000150000131
WO-2150664,ASSET-00140,Corrective,SPINDLE-SEIZURE,50,1867,000150000131
WO-2150665,ASSET-00140,Corrective,MOTOR-BURNOUT,221,261,000150000131
WO-2150666,ASSET-00140,Corrective,BEARING-FAILURE,89,1228,000150000131
WO-2150667,ASSET-00140,Corrective,HYDRAULIC-LEAK,208,951,000150000131
WO-2150668,ASSET-00141,Preventive,,0,,000150000132
WO-2150669,ASSET-00141,Preventive,,0,,000150000132
WO-2150670,ASSET-00141,Preventive,,0,,000150000132
WO-2150671,ASSET-00141,Preventive,,0,,000150000132
WO-2150672,ASSET-00141,Preventive,,0,,000150000132
WO-2150673,ASSET-00141,Preventive,,0,,000150000132
WO-2150674,ASSET-00142,Preventive,,0,,000150000133
WO-2150675,ASSET-00142,Preventive,,0,,000150000133
WO-2150676,ASSET-00142,Preventive,,0,,000150000133
WO-2150677,ASSET-00143,Preventive,,0,,000150000134
WO-2150678,ASSET-00143,Preventive,,0,,000150000134
WO-2150679,ASSET-00143,Preventive,,0,,000150000134
WO-2150680,ASSET-00143,Corrective,MOTOR-BURNOUT,196,772,000150000134
WO-2150681,ASSET-00143,Corrective,SENSOR-FAULT,46,577,000150000134
WO-2150682,ASSET-00143,Corrective,SENSOR-FAULT,118,1121,000150000134
WO-2150683,ASSET-00144,Corrective,HYDRAULIC-LEAK,154,1369,000150000135
WO-2150684,ASSET-00144,Corrective,HYDRAULIC-LEAK,171,1970,000150000135
WO-2150685,ASSET-00144,Corrective,DIE-WEAR,205,583,000150000135
WO-2150686,ASSET-00144,Preventive,,0,,000150000135
WO-2150687,ASSET-00144,Preventive,,0,,000150000135
WO-2150688,ASSET-00144,Corrective,HYDRAULIC-LEAK,59,1203,000150000135
WO-2150689,ASSET-00145,Preventive,,0,,000150000136
WO-2150690,ASSET-00145,Preventive,,0,,000150000136
WO-2150691,ASSET-00146,Corrective,MOTOR-BURNOUT,112,953,000150000137
WO-2150692,ASSET-00146,Emergency,BELT-FAILURE,301,818,000150000137
WO-2150693,ASSET-00146,Preventive,,0,,000150000137
WO-2150694,ASSET-00146,Preventive,,0,,000150000137
WO-2150695,ASSET-00147,Corrective,BELT-FAILURE,219,1063,000150000138
WO-2150696,ASSET-00147,Preventive,,0,,000150000138
WO-2150697,ASSET-00147,Corrective,CALIBRATION-DRIFT,101,903,000150000138
WO-2150698,ASSET-00147,Preventive,,0,,000150000138
WO-2150699,ASSET-00147,Corrective,MOTOR-BURNOUT,59,254,000150000138
WO-2150700,ASSET-00147,Preventive,,0,,000150000138
WO-2150701,ASSET-00148,Preventive,,0,,000150000139
WO-2150702,ASSET-00148,Corrective,CALIBRATION-DRIFT,36,599,000150000139
WO-2150703,ASSET-00148,Preventive,,0,,000150000139
WO-2150704,ASSET-00148,Preventive,,0,,000150000139
WO-2150705,ASSET-00148,Preventive,,0,,000150000139
WO-2150706,ASSET-00148,Corrective,SENSOR-FAULT,109,299,000150000139
WO-2150707,ASSET-00149,Preventive,,0,,000150000140
WO-2150708,ASSET-00149,Emergency,PNEUMATIC-LEAK,505,1833,000150000140
WO-2150709,ASSET-00149,Preventive,,0,,000150000140
WO-2150710,ASSET-00149,Emergency,SPINDLE-SEIZURE,489,651,000150000140
WO-2150711,ASSET-00149,Preventive,,0,,000150000140
WO-2150712,ASSET-00150,Corrective,PNEUMATIC-LEAK,166,459,000150000141
WO-2150713,ASSET-00150,Preventive,,0,,000150000141
WO-2150714,ASSET-00150,Preventive,,0,,000150000141
WO-2150715,ASSET-00150,Emergency,BEARING-FAILURE,325,480,000150000141
WO-2150716,ASSET-00151,Preventive,,0,,000150000142
WO-2150717,ASSET-00151,Preventive,,0,,000150000142
WO-2150718,ASSET-00151,Preventive,,0,,000150000142
WO-2150719,ASSET-00151,Corrective,MOTOR-BURNOUT,234,466,000150000142
WO-2150720,ASSET-00151,Preventive,,0,,000150000142
WO-2150721,ASSET-00152,Preventive,,0,,000150000143
WO-2150722,ASSET-00152,Preventive,,0,,000150000143
WO-2150723,ASSET-00152,Preventive,,0,,000150000143
WO-2150724,ASSET-00152,Corrective,DIE-WEAR,205,1112,000150000143
WO-2150725,ASSET-00152,Preventive,,0,,000150000143
WO-2150726,ASSET-00152,Preventive,,0,,000150000143
WO-2150727,ASSET-00153,Preventive,,0,,000150000144
WO-2150728,ASSET-00153,Corrective,SPINDLE-SEIZURE,53,1241,000150000144
WO-2150729,ASSET-00154,Preventive,,0,,000150000145
WO-2150730,ASSET-00154,Preventive,,0,,000150000145
WO-2150731,ASSET-00154,Corrective,DIE-WEAR,70,1891,000150000145
WO-2150732,ASSET-00155,Corrective,MOTOR-BURNOUT,31,1439,000150000146
WO-2150733,ASSET-00155,Preventive,,0,,000150000146
WO-2150734,ASSET-00155,Preventive,,0,,000150000146
WO-2150735,ASSET-00155,Preventive,,0,,000150000146
WO-2150736,ASSET-00155,Preventive,,0,,000150000146
WO-2150737,ASSET-00155,Corrective,HYDRAULIC-LEAK,56,1815,000150000146
WO-2150738,ASSET-00155,Preventive,,0,,000150000146
WO-2150739,ASSET-00155,Emergency,MOTOR-BURNOUT,184,1485,000150000146
WO-2150740,ASSET-00155,Preventive,,0,,000150000146
WO-2150741,ASSET-00156,Corrective,DIE-WEAR,71,544,
WO-2150742,ASSET-00156,Preventive,,0,,
WO-2150743,ASSET-00156,Corrective,MOTOR-BURNOUT,187,838,
WO-2150744,ASSET-00156,Preventive,,0,,
WO-2150745,ASSET-00156,Preventive,,0,,
WO-2150746,ASSET-00156,Preventive,,0,,
WO-2150747,ASSET-00156,Preventive,,0,,
WO-2150748,ASSET-00156,Preventive,,0,,
WO-2150749,ASSET-00157,Preventive,,0,,000150000147
WO-2150750,ASSET-00158,Preventive,,0,,000150000148
WO-2150751,ASSET-00158,Preventive,,0,,000150000148
WO-2150752,ASSET-00158,Emergency,SPINDLE-SEIZURE,391,768,000150000148
WO-2150753,ASSET-00158,Corrective,PNEUMATIC-LEAK,216,728,000150000148
WO-2150754,ASSET-00158,Corrective,BELT-FAILURE,94,1248,000150000148
WO-2150755,ASSET-00158,Preventive,,0,,000150000148
WO-2150756,ASSET-00159,Preventive,,0,,000150000149
WO-2150757,ASSET-00159,Corrective,HYDRAULIC-LEAK,53,1153,000150000149
WO-2150758,ASSET-00159,Corrective,HYDRAULIC-LEAK,53,1901,000150000149
WO-2150759,ASSET-00160,Corrective,MOTOR-BURNOUT,129,846,
WO-2150760,ASSET-00160,Preventive,,0,,
WO-2150761,ASSET-00160,Corrective,BEARING-FAILURE,67,787,
WO-2150762,ASSET-00160,Corrective,SENSOR-FAULT,86,1526,
WO-2150763,ASSET-00160,Preventive,,0,,
WO-2150764,ASSET-00160,Preventive,,0,,
WO-2150765,ASSET-00160,Preventive,,0,,
WO-2150766,ASSET-00161,Preventive,,0,,
WO-2150767,ASSET-00161,Corrective,DIE-WEAR,104,847,
WO-2150768,ASSET-00161,Preventive,,0,,
WO-2150769,ASSET-00161,Preventive,,0,,
WO-2150770,ASSET-00162,Preventive,,0,,000150000150
WO-2150771,ASSET-00162,Preventive,,0,,000150000150
WO-2150772,ASSET-00162,Corrective,MOTOR-BURNOUT,93,1408,000150000150
WO-2150773,ASSET-00162,Corrective,HYDRAULIC-LEAK,234,388,000150000150
WO-2150774,ASSET-00163,Preventive,,0,,000150000151
WO-2150775,ASSET-00163,Preventive,,0,,000150000151
WO-2150776,ASSET-00163,Preventive,,0,,000150000151
WO-2150777,ASSET-00163,Emergency,BELT-FAILURE,279,1867,000150000151
WO-2150778,ASSET-00163,Corrective,MOTOR-BURNOUT,206,328,000150000151
WO-2150779,ASSET-00163,Preventive,,0,,000150000151
WO-2150780,ASSET-00163,Preventive,,0,,000150000151
WO-2150781,ASSET-00164,Preventive,,0,,000150000152
WO-2150782,ASSET-00164,Corrective,BELT-FAILURE,233,1016,000150000152
WO-2150783,ASSET-00164,Preventive,,0,,000150000152
WO-2150784,ASSET-00164,Corrective,CONTROLLER-FAULT,49,1126,000150000152
WO-2150785,ASSET-00164,Emergency,DIE-WEAR,510,1373,000150000152
WO-2150786,ASSET-00165,Preventive,,0,,000150000153
WO-2150787,ASSET-00165,Preventive,,0,,000150000153
WO-2150788,ASSET-00165,Preventive,,0,,000150000153
WO-2150789,ASSET-00165,Preventive,,0,,000150000153
WO-2150790,ASSET-00165,Preventive,,0,,000150000153
WO-2150791,ASSET-00166,Preventive,,0,,
WO-2150792,ASSET-00166,Corrective,SPINDLE-SEIZURE,170,659,
WO-2150793,ASSET-00166,Preventive,,0,,
WO-2150794,ASSET-00166,Preventive,,0,,
WO-2150795,ASSET-00166,Preventive,,0,,
WO-2150796,ASSET-00167,Preventive,,0,,000150000154
WO-2150797,ASSET-00167,Preventive,,0,,000150000154
WO-2150798,ASSET-00167,Emergency,HYDRAULIC-LEAK,152,628,000150000154
WO-2150799,ASSET-00167,Corrective,HYDRAULIC-LEAK,108,1444,000150000154
WO-2150800,ASSET-00168,Corrective,HYDRAULIC-LEAK,148,1268,000150000155
WO-2150801,ASSET-00168,Corrective,PNEUMATIC-LEAK,96,814,000150000155
WO-2150802,ASSET-00168,Preventive,,0,,000150000155
WO-2150803,ASSET-00168,Preventive,,0,,000150000155
WO-2150804,ASSET-00169,Corrective,CALIBRATION-DRIFT,170,468,000150000156
WO-2150805,ASSET-00169,Preventive,,0,,000150000156
WO-2150806,ASSET-00169,Preventive,,0,,000150000156
WO-2150807,ASSET-00169,Preventive,,0,,000150000156
WO-2150808,ASSET-00169,Preventive,,0,,000150000156
WO-2150809,ASSET-00170,Corrective,PNEUMATIC-LEAK,70,1449,000150000157
WO-2150810,ASSET-00170,Corrective,HYDRAULIC-LEAK,76,1579,000150000157
WO-2150811,ASSET-00170,Preventive,,0,,000150000157
WO-2150812,ASSET-00171,Preventive,,0,,000150000158
WO-2150813,ASSET-00171,Corrective,MOTOR-BURNOUT,104,1751,000150000158
WO-2150814,ASSET-00171,Corrective,MOTOR-BURNOUT,189,1574,000150000158
WO-2150815,ASSET-00171,Preventive,,0,,000150000158
WO-2150816,ASSET-00171,Preventive,,0,,000150000158
WO-2150817,ASSET-00172,Preventive,,0,,000150000159
WO-2150818,ASSET-00172,Corrective,SENSOR-FAULT,37,1686,000150000159
WO-2150819,ASSET-00172,Preventive,,0,,000150000159
WO-2150820,ASSET-00172,Corrective,MOTOR-BURNOUT,97,1022,000150000159
WO-2150821,ASSET-00172,Preventive,,0,,000150000159
WO-2150822,ASSET-00172,Preventive,,0,,000150000159
WO-2150823,ASSET-00172,Preventive,,0,,000150000159
WO-2150824,ASSET-00172,Corrective,CALIBRATION-DRIFT,207,1141,000150000159
WO-2150825,ASSET-00172,Corrective,PNEUMATIC-LEAK,136,307,000150000159
WO-2150826,ASSET-00173,Corrective,PNEUMATIC-LEAK,234,945,000150000160
WO-2150827,ASSET-00173,Preventive,,0,,000150000160
WO-2150828,ASSET-00173,Preventive,,0,,000150000160
WO-2150829,ASSET-00173,Corrective,CALIBRATION-DRIFT,82,1397,000150000160
WO-2150830,ASSET-00173,Corrective,DIE-WEAR,32,429,000150000160
WO-2150831,ASSET-00173,Preventive,,0,,000150000160
WO-2150832,ASSET-00174,Preventive,,0,,000150000161
WO-2150833,ASSET-00174,Preventive,,0,,000150000161
WO-2150834,ASSET-00174,Emergency,MOTOR-BURNOUT,183,1639,000150000161
WO-2150835,ASSET-00175,Preventive,,0,,000150000162
WO-2150836,ASSET-00175,Preventive,,0,,000150000162
WO-2150837,ASSET-00175,Preventive,,0,,000150000162
WO-2150838,ASSET-00175,Preventive,,0,,000150000162
WO-2150839,ASSET-00176,Emergency,BELT-FAILURE,129,975,000150000163
WO-2150840,ASSET-00176,Preventive,,0,,000150000163
WO-2150841,ASSET-00177,Preventive,,0,,000150000164
WO-2150842,ASSET-00177,Preventive,,0,,000150000164
WO-2150843,ASSET-00177,Corrective,SPINDLE-SEIZURE,180,1379,000150000164
WO-2150844,ASSET-00177,Preventive,,0,,000150000164
WO-2150845,ASSET-00177,Preventive,,0,,000150000164
WO-2150846,ASSET-00178,Preventive,,0,,000150000165
WO-2150847,ASSET-00178,Preventive,,0,,000150000165
WO-2150848,ASSET-00179,Corrective,SENSOR-FAULT,58,1956,000150000166
WO-2150849,ASSET-00179,Preventive,,0,,000150000166
WO-2150850,ASSET-00180,Preventive,,0,,000150000167
WO-2150851,ASSET-00180,Preventive,,0,,000150000167
WO-2150852,ASSET-00180,Preventive,,0,,000150000167
WO-2150853,ASSET-00181,Preventive,,0,,000150000168
WO-2150854,ASSET-00181,Preventive,,0,,000150000168
WO-2150855,ASSET-00181,Preventive,,0,,000150000168
WO-2150856,ASSET-00181,Corrective,SENSOR-FAULT,138,1384,000150000168
WO-2150857,ASSET-00181,Corrective,SENSOR-FAULT,175,417,000150000168
WO-2150858,ASSET-00181,Preventive,,0,,000150000168
WO-2150859,ASSET-00181,Preventive,,0,,000150000168
WO-2150860,ASSET-00181,Corrective,BEARING-FAILURE,219,811,000150000168
WO-2150861,ASSET-00182,Emergency,CALIBRATION-DRIFT,114,1702,000150000169
WO-2150862,ASSET-00182,Preventive,,0,,000150000169
WO-2150863,ASSET-00182,Preventive,,0,,000150000169
WO-2150864,ASSET-00183,Corrective,CALIBRATION-DRIFT,108,1766,000150000170
WO-2150865,ASSET-00183,Preventive,,0,,000150000170
WO-2150866,ASSET-00183,Corrective,CALIBRATION-DRIFT,31,1790,000150000170
WO-2150867,ASSET-00183,Corrective,MOTOR-BURNOUT,173,561,000150000170
WO-2150868,ASSET-00183,Preventive,,0,,000150000170
WO-2150869,ASSET-00184,Preventive,,0,,000150000171
WO-2150870,ASSET-00184,Preventive,,0,,000150000171
WO-2150871,ASSET-00184,Corrective,SENSOR-FAULT,94,1299,000150000171
WO-2150872,ASSET-00184,Corrective,BEARING-FAILURE,33,1287,000150000171
WO-2150873,ASSET-00185,Preventive,,0,,000150000172
WO-2150874,ASSET-00185,Preventive,,0,,000150000172
WO-2150875,ASSET-00185,Preventive,,0,,000150000172
WO-2150876,ASSET-00185,Preventive,,0,,000150000172
WO-2150877,ASSET-00185,Preventive,,0,,000150000172
WO-2150878,ASSET-00185,Emergency,MOTOR-BURNOUT,225,514,000150000172
WO-2150879,ASSET-00185,Corrective,CONTROLLER-FAULT,64,1038,000150000172
WO-2150880,ASSET-00186,Preventive,,0,,000150000173
WO-2150881,ASSET-00186,Preventive,,0,,000150000173
WO-2150882,ASSET-00186,Emergency,SENSOR-FAULT,319,678,000150000173
WO-2150883,ASSET-00186,Corrective,HYDRAULIC-LEAK,75,740,000150000173
WO-2150884,ASSET-00186,Corrective,PNEUMATIC-LEAK,233,1006,000150000173
WO-2150885,ASSET-00186,Preventive,,0,,000150000173
WO-2150886,ASSET-00186,Emergency,CONTROLLER-FAULT,62,1717,000150000173
WO-2150887,ASSET-00187,Preventive,,0,,000150000174
WO-2150888,ASSET-00187,Corrective,PNEUMATIC-LEAK,131,1764,000150000174
WO-2150889,ASSET-00187,Emergency,SPINDLE-SEIZURE,230,349,000150000174
WO-2150890,ASSET-00187,Preventive,,0,,000150000174
WO-2150891,ASSET-00187,Preventive,,0,,000150000174
WO-2150892,ASSET-00188,Preventive,,0,,
WO-2150893,ASSET-00188,Corrective,SENSOR-FAULT,104,1391,
WO-2150894,ASSET-00188,Corrective,DIE-WEAR,121,1381,
WO-2150895,ASSET-00188,Emergency,MOTOR-BURNOUT,184,641,
WO-2150896,ASSET-00188,Corrective,PNEUMATIC-LEAK,218,1654,
WO-2150897,ASSET-00189,Corrective,BEARING-FAILURE,81,1222,000150000175
WO-2150898,ASSET-00189,Preventive,,0,,000150000175
WO-2150899,ASSET-00189,Corrective,CONTROLLER-FAULT,163,268,000150000175
WO-2150900,ASSET-00189,Preventive,,0,,000150000175
WO-2150901,ASSET-00189,Corrective,SENSOR-FAULT,162,1428,000150000175
WO-2150902,ASSET-00189,Preventive,,0,,000150000175
WO-2150903,ASSET-00189,Corrective,DIE-WEAR,70,1483,000150000175
WO-2150904,ASSET-00189,Preventive,,0,,000150000175
WO-2150905,ASSET-00190,Corrective,BELT-FAILURE,221,1953,000150000176
WO-2150906,ASSET-00190,Preventive,,0,,000150000176
WO-2150907,ASSET-00190,Corrective,SENSOR-FAULT,176,564,000150000176
WO-2150908,ASSET-00190,Preventive,,0,,000150000176
WO-2150909,ASSET-00191,Preventive,,0,,000150000177
WO-2150910,ASSET-00191,Preventive,,0,,000150000177
WO-2150911,ASSET-00191,Corrective,SENSOR-FAULT,92,1972,000150000177
WO-2150912,ASSET-00191,Preventive,,0,,000150000177
WO-2150913,ASSET-00192,Emergency,SENSOR-FAULT,223,797,000150000178
WO-2150914,ASSET-00192,Preventive,,0,,000150000178
WO-2150915,ASSET-00192,Corrective,SENSOR-FAULT,60,710,000150000178
WO-2150916,ASSET-00192,Corrective,BELT-FAILURE,131,480,000150000178
WO-2150917,ASSET-00192,Corrective,CONTROLLER-FAULT,137,485,000150000178
WO-2150918,ASSET-00192,Preventive,,0,,000150000178
WO-2150919,ASSET-00193,Preventive,,0,,000150000179
WO-2150920,ASSET-00193,Corrective,CONTROLLER-FAULT,70,1546,000150000179
WO-2150921,ASSET-00193,Corrective,MOTOR-BURNOUT,197,1367,000150000179
WO-2150922,ASSET-00194,Corrective,PNEUMATIC-LEAK,192,1746,000150000180
WO-2150923,ASSET-00194,Preventive,,0,,000150000180
WO-2150924,ASSET-00194,Preventive,,0,,000150000180
WO-2150925,ASSET-00194,Corrective,SENSOR-FAULT,158,1995,000150000180
WO-2150926,ASSET-00194,Preventive,,0,,000150000180
WO-2150927,ASSET-00194,Emergency,HYDRAULIC-LEAK,454,1607,000150000180
WO-2150928,ASSET-00194,Corrective,CALIBRATION-DRIFT,63,626,000150000180
WO-2150929,ASSET-00194,Preventive,,0,,000150000180
WO-2150930,ASSET-00194,Emergency,CALIBRATION-DRIFT,416,1937,000150000180
WO-2150931,ASSET-00194,Corrective,SENSOR-FAULT,165,1265,000150000180
WO-2150932,ASSET-00194,Preventive,,0,,000150000180
WO-2150933,ASSET-00194,Corrective,DIE-WEAR,187,1588,000150000180
WO-2150934,ASSET-00195,Corrective,DIE-WEAR,84,1719,000150000181
WO-2150935,ASSET-00195,Preventive,,0,,000150000181
WO-2150936,ASSET-00195,Preventive,,0,,000150000181
WO-2150937,ASSET-00195,Corrective,HYDRAULIC-LEAK,68,456,000150000181
WO-2150938,ASSET-00195,Corrective,SPINDLE-SEIZURE,209,509,000150000181
WO-2150939,ASSET-00196,Emergency,BELT-FAILURE,590,529,000150000182
WO-2150940,ASSET-00196,Preventive,,0,,000150000182
WO-2150941,ASSET-00197,Preventive,,0,,000150000183
WO-2150942,ASSET-00197,Corrective,SPINDLE-SEIZURE,100,826,000150000183
WO-2150943,ASSET-00197,Corrective,SPINDLE-SEIZURE,144,1363,000150000183
WO-2150944,ASSET-00197,Emergency,DIE-WEAR,319,339,000150000183
WO-2150945,ASSET-00197,Preventive,,0,,000150000183
WO-2150946,ASSET-00198,Preventive,,0,,
WO-2150947,ASSET-00198,Preventive,,0,,
WO-2150948,ASSET-00198,Corrective,CALIBRATION-DRIFT,83,1947,
WO-2150949,ASSET-00198,Preventive,,0,,
WO-2150950,ASSET-00198,Preventive,,0,,
WO-2150951,ASSET-00199,Preventive,,0,,
WO-2150952,ASSET-00199,Preventive,,0,,
WO-2150953,ASSET-00200,Preventive,,0,,000150000184
WO-2150954,ASSET-00200,Preventive,,0,,000150000184
WO-2150955,ASSET-00200,Preventive,,0,,000150000184
WO-2150956,ASSET-00201,Emergency,SENSOR-FAULT,426,331,000150000185
WO-2150957,ASSET-00201,Preventive,,0,,000150000185
WO-2150958,ASSET-00201,Preventive,,0,,000150000185
WO-2150959,ASSET-00201,Corrective,BEARING-FAILURE,169,1609,000150000185
WO-2150960,ASSET-00202,Preventive,,0,,000150000186
WO-2150961,ASSET-00202,Preventive,,0,,000150000186
WO-2150962,ASSET-00202,Corrective,CONTROLLER-FAULT,42,1167,000150000186
WO-2150963,ASSET-00202,Preventive,,0,,000150000186
WO-2150964,ASSET-00203,Preventive,,0,,000150000187
WO-2150965,ASSET-00203,Corrective,CONTROLLER-FAULT,84,1987,000150000187
WO-2150966,ASSET-00203,Corrective,PNEUMATIC-LEAK,140,311,000150000187
WO-2150967,ASSET-00203,Preventive,,0,,000150000187
WO-2150968,ASSET-00203,Corrective,MOTOR-BURNOUT,167,1720,000150000187
WO-2150969,ASSET-00203,Preventive,,0,,000150000187
WO-2150970,ASSET-00203,Preventive,,0,,000150000187
WO-2150971,ASSET-00204,Emergency,CONTROLLER-FAULT,574,1175,000150000188
WO-2150972,ASSET-00204,Emergency,DIE-WEAR,213,947,000150000188
WO-2150973,ASSET-00204,Preventive,,0,,000150000188
WO-2150974,ASSET-00204,Preventive,,0,,000150000188
WO-2150975,ASSET-00204,Preventive,,0,,000150000188
WO-2150976,ASSET-00204,Corrective,BEARING-FAILURE,209,1219,000150000188
WO-2150977,ASSET-00204,Preventive,,0,,000150000188
WO-2150978,ASSET-00205,Corrective,CALIBRATION-DRIFT,39,1971,000150000189
WO-2150979,ASSET-00205,Preventive,,0,,000150000189
WO-2150980,ASSET-00206,Preventive,,0,,000150000190
WO-2150981,ASSET-00206,Preventive,,0,,000150000190
WO-2150982,ASSET-00206,Preventive,,0,,000150000190
WO-2150983,ASSET-00207,Preventive,,0,,000150000191
WO-2150984,ASSET-00207,Preventive,,0,,000150000191
WO-2150985,ASSET-00207,Corrective,SPINDLE-SEIZURE,216,1895,000150000191
WO-2150986,ASSET-00207,Preventive,,0,,000150000191
WO-2150987,ASSET-00207,Preventive,,0,,000150000191
WO-2150988,ASSET-00207,Corrective,BELT-FAILURE,53,1676,000150000191
WO-2150989,ASSET-00207,Preventive,,0,,000150000191
WO-2150990,ASSET-00207,Corrective,CONTROLLER-FAULT,112,1138,000150000191
WO-2150991,ASSET-00208,Corrective,SENSOR-FAULT,88,670,000150000192
WO-2150992,ASSET-00208,Emergency,CONTROLLER-FAULT,227,1080,000150000192
WO-2150993,ASSET-00208,Emergency,BELT-FAILURE,218,1840,000150000192
WO-2150994,ASSET-00208,Corrective,BEARING-FAILURE,31,1583,000150000192
WO-2150995,ASSET-00208,Corrective,BEARING-FAILURE,104,454,000150000192
WO-2150996,ASSET-00208,Emergency,SPINDLE-SEIZURE,498,1334,000150000192
WO-2150997,ASSET-00208,Corrective,SPINDLE-SEIZURE,108,1778,000150000192
WO-2150998,ASSET-00209,Preventive,,0,,000150000193
WO-2150999,ASSET-00209,Preventive,,0,,000150000193
WO-2151000,ASSET-00209,Corrective,MOTOR-BURNOUT,93,324,000150000193
WO-2151001,ASSET-00209,Corrective,BEARING-FAILURE,106,916,000150000193
WO-2151002,ASSET-00209,Corrective,BEARING-FAILURE,53,1532,000150000193
WO-2151003,ASSET-00209,Preventive,,0,,000150000193
WO-2151004,ASSET-00209,Corrective,BELT-FAILURE,93,1550,000150000193
WO-2151005,ASSET-00209,Preventive,,0,,000150000193
WO-2151006,ASSET-00210,Corrective,DIE-WEAR,167,1586,000150000194
WO-2151007,ASSET-00210,Corrective,CONTROLLER-FAULT,65,816,000150000194
WO-2151008,ASSET-00210,Emergency,BELT-FAILURE,444,953,000150000194
WO-2151009,ASSET-00211,Corrective,CONTROLLER-FAULT,130,1978,000150000195
WO-2151010,ASSET-00211,Corrective,DIE-WEAR,55,599,000150000195
WO-2151011,ASSET-00211,Preventive,,0,,000150000195
WO-2151012,ASSET-00211,Preventive,,0,,000150000195
WO-2151013,ASSET-00212,Corrective,HYDRAULIC-LEAK,97,1749,
WO-2151014,ASSET-00212,Corrective,SPINDLE-SEIZURE,233,1341,
WO-2151015,ASSET-00212,Corrective,CALIBRATION-DRIFT,39,713,
WO-2151016,ASSET-00212,Preventive,,0,,
WO-2151017,ASSET-00212,Preventive,,0,,
WO-2151018,ASSET-00212,Preventive,,0,,
WO-2151019,ASSET-00212,Corrective,SPINDLE-SEIZURE,67,1133,
WO-2151020,ASSET-00212,Corrective,BELT-FAILURE,125,1519,
WO-2151021,ASSET-00213,Preventive,,0,,000150000196
WO-2151022,ASSET-00213,Preventive,,0,,000150000196
WO-2151023,ASSET-00213,Preventive,,0,,000150000196
WO-2151024,ASSET-00213,Preventive,,0,,000150000196
WO-2151025,ASSET-00214,Preventive,,0,,000150000197
WO-2151026,ASSET-00214,Preventive,,0,,000150000197
WO-2151027,ASSET-00214,Preventive,,0,,000150000197
WO-2151028,ASSET-00214,Preventive,,0,,000150000197
WO-2151029,ASSET-00215,Preventive,,0,,
WO-2151030,ASSET-00215,Preventive,,0,,
WO-2151031,ASSET-00215,Preventive,,0,,
WO-2151032,ASSET-00216,Emergency,SPINDLE-SEIZURE,307,1951,000150000198
WO-2151033,ASSET-00216,Corrective,CALIBRATION-DRIFT,187,1906,000150000198
WO-2151034,ASSET-00216,Corrective,DIE-WEAR,228,712,000150000198
WO-2151035,ASSET-00216,Preventive,,0,,000150000198
WO-2151036,ASSET-00216,Emergency,DIE-WEAR,391,1648,000150000198
WO-2151037,ASSET-00216,Corrective,SPINDLE-SEIZURE,67,637,000150000198
WO-2151038,ASSET-00217,Corrective,HYDRAULIC-LEAK,184,1564,000150000199
WO-2151039,ASSET-00217,Corrective,BELT-FAILURE,191,1654,000150000199
WO-2151040,ASSET-00218,Corrective,PNEUMATIC-LEAK,139,1192,000150000200
WO-2151041,ASSET-00218,Preventive,,0,,000150000200
WO-2151042,ASSET-00218,Preventive,,0,,000150000200
WO-2151043,ASSET-00218,Preventive,,0,,000150000200
WO-2151044,ASSET-00218,Preventive,,0,,000150000200
WO-2151045,ASSET-00218,Corrective,PNEUMATIC-LEAK,214,266,000150000200
WO-2151046,ASSET-00218,Corrective,BEARING-FAILURE,42,1740,000150000200
WO-2151047,ASSET-00219,Corrective,MOTOR-BURNOUT,159,975,000150000201
WO-2151048,ASSET-00219,Preventive,,0,,000150000201
WO-2151049,ASSET-00219,Preventive,,0,,000150000201
WO-2151050,ASSET-00219,Preventive,,0,,000150000201
WO-2151051,ASSET-00219,Preventive,,0,,000150000201
WO-2151052,ASSET-00220,Emergency,BEARING-FAILURE,550,492,000150000202
WO-2151053,ASSET-00220,Preventive,,0,,000150000202
WO-2151054,ASSET-00220,Corrective,DIE-WEAR,34,948,000150000202
WO-2151055,ASSET-00220,Preventive,,0,,000150000202
WO-2151056,ASSET-00220,Corrective,MOTOR-BURNOUT,227,1590,000150000202
WO-2151057,ASSET-00220,Corrective,PNEUMATIC-LEAK,112,999,000150000202
WO-2151058,ASSET-00220,Preventive,,0,,000150000202
WO-2151059,ASSET-00220,Corrective,SENSOR-FAULT,120,1756,000150000202
WO-2151060,ASSET-00221,Preventive,,0,,000150000203
WO-2151061,ASSET-00221,Emergency,PNEUMATIC-LEAK,468,1288,000150000203
WO-2151062,ASSET-00221,Corrective,CALIBRATION-DRIFT,171,294,000150000203
WO-2151063,ASSET-00221,Emergency,BELT-FAILURE,441,290,000150000203
WO-2151064,ASSET-00222,Corrective,BELT-FAILURE,170,1311,000150000204
WO-2151065,ASSET-00222,Emergency,MOTOR-BURNOUT,105,1975,000150000204
WO-2151066,ASSET-00222,Corrective,MOTOR-BURNOUT,118,461,000150000204
WO-2151067,ASSET-00222,Preventive,,0,,000150000204
WO-2151068,ASSET-00222,Preventive,,0,,000150000204
WO-2151069,ASSET-00222,Corrective,PNEUMATIC-LEAK,118,860,000150000204
WO-2151070,ASSET-00223,Emergency,PNEUMATIC-LEAK,197,1384,000150000205
WO-2151071,ASSET-00223,Corrective,SENSOR-FAULT,35,718,000150000205
WO-2151072,ASSET-00223,Corrective,MOTOR-BURNOUT,130,873,000150000205
WO-2151073,ASSET-00223,Corrective,PNEUMATIC-LEAK,226,247,000150000205
WO-2151074,ASSET-00223,Corrective,CONTROLLER-FAULT,154,1391,000150000205
WO-2151075,ASSET-00223,Preventive,,0,,000150000205
WO-2151076,ASSET-00223,Corrective,BEARING-FAILURE,194,1895,000150000205
WO-2151077,ASSET-00224,Corrective,HYDRAULIC-LEAK,178,541,000150000206
WO-2151078,ASSET-00224,Preventive,,0,,000150000206
WO-2151079,ASSET-00225,Preventive,,0,,000150000207
WO-2151080,ASSET-00225,Preventive,,0,,000150000207
WO-2151081,ASSET-00225,Corrective,BELT-FAILURE,57,762,000150000207
WO-2151082,ASSET-00225,Preventive,,0,,000150000207
WO-2151083,ASSET-00226,Preventive,,0,,000150000208
WO-2151084,ASSET-00226,Corrective,BEARING-FAILURE,133,968,000150000208
WO-2151085,ASSET-00226,Preventive,,0,,000150000208
WO-2151086,ASSET-00226,Preventive,,0,,000150000208
WO-2151087,ASSET-00226,Emergency,CALIBRATION-DRIFT,399,1388,000150000208
WO-2151088,ASSET-00226,Corrective,HYDRAULIC-LEAK,132,227,000150000208
WO-2151089,ASSET-00227,Preventive,,0,,000150000209
WO-2151090,ASSET-00227,Corrective,CALIBRATION-DRIFT,129,1123,000150000209
WO-2151091,ASSET-00227,Preventive,,0,,000150000209
WO-2151092,ASSET-00227,Preventive,,0,,000150000209
WO-2151093,ASSET-00227,Preventive,,0,,000150000209
WO-2151094,ASSET-00228,Corrective,CALIBRATION-DRIFT,149,1449,000150000210
WO-2151095,ASSET-00228,Corrective,MOTOR-BURNOUT,121,335,000150000210
WO-2151096,ASSET-00228,Preventive,,0,,000150000210
WO-2151097,ASSET-00229,Preventive,,0,,000150000211
WO-2151098,ASSET-00229,Preventive,,0,,000150000211
WO-2151099,ASSET-00229,Preventive,,0,,000150000211
WO-2151100,ASSET-00229,Corrective,BELT-FAILURE,160,577,000150000211
WO-2151101,ASSET-00229,Emergency,CONTROLLER-FAULT,277,1154,000150000211
WO-2151102,ASSET-00229,Corrective,CONTROLLER-FAULT,133,1277,000150000211
WO-2151103,ASSET-00230,Preventive,,0,,000150000212
WO-2151104,ASSET-00230,Preventive,,0,,000150000212
WO-2151105,ASSET-00230,Corrective,MOTOR-BURNOUT,99,824,000150000212
WO-2151106,ASSET-00230,Corrective,BEARING-FAILURE,104,1999,000150000212
WO-2151107,ASSET-00230,Preventive,,0,,000150000212
WO-2151108,ASSET-00231,Preventive,,0,,000150000213
WO-2151109,ASSET-00231,Preventive,,0,,000150000213
WO-2151110,ASSET-00231,Preventive,,0,,000150000213
WO-2151111,ASSET-00231,Corrective,PNEUMATIC-LEAK,108,998,000150000213
WO-2151112,ASSET-00232,Emergency,CALIBRATION-DRIFT,436,1592,000150000214
WO-2151113,ASSET-00232,Corrective,PNEUMATIC-LEAK,110,1082,000150000214
WO-2151114,ASSET-00232,Emergency,BELT-FAILURE,579,408,000150000214
WO-2151115,ASSET-00232,Preventive,,0,,000150000214
WO-2151116,ASSET-00232,Corrective,CALIBRATION-DRIFT,138,1015,000150000214
WO-2151117,ASSET-00232,Corrective,SPINDLE-SEIZURE,83,1602,000150000214
WO-2151118,ASSET-00232,Preventive,,0,,000150000214
WO-2151119,ASSET-00233,Preventive,,0,,000150000215
WO-2151120,ASSET-00233,Preventive,,0,,000150000215
WO-2151121,ASSET-00234,Preventive,,0,,000150000216
WO-2151122,ASSET-00234,Corrective,CALIBRATION-DRIFT,215,1939,000150000216
WO-2151123,ASSET-00234,Corrective,PNEUMATIC-LEAK,68,320,000150000216
WO-2151124,ASSET-00234,Preventive,,0,,000150000216
WO-2151125,ASSET-00235,Preventive,,0,,000150000217
WO-2151126,ASSET-00235,Corrective,SPINDLE-SEIZURE,101,1774,000150000217
WO-2151127,ASSET-00235,Corrective,BELT-FAILURE,71,379,000150000217
WO-2151128,ASSET-00236,Preventive,,0,,000150000218
WO-2151129,ASSET-00236,Preventive,,0,,000150000218
WO-2151130,ASSET-00236,Preventive,,0,,000150000218
WO-2151131,ASSET-00236,Preventive,,0,,000150000218
WO-2151132,ASSET-00236,Emergency,DIE-WEAR,469,1551,000150000218
WO-2151133,ASSET-00236,Preventive,,0,,000150000218
WO-2151134,ASSET-00237,Preventive,,0,,000150000219
WO-2151135,ASSET-00237,Corrective,MOTOR-BURNOUT,72,1650,000150000219
WO-2151136,ASSET-00237,Preventive,,0,,000150000219
WO-2151137,ASSET-00237,Preventive,,0,,000150000219
WO-2151138,ASSET-00238,Preventive,,0,,000150000220
WO-2151139,ASSET-00238,Corrective,CONTROLLER-FAULT,227,558,000150000220
WO-2151140,ASSET-00239,Corrective,DIE-WEAR,178,1401,000150000221
WO-2151141,ASSET-00239,Preventive,,0,,000150000221
WO-2151142,ASSET-00239,Preventive,,0,,000150000221
WO-2151143,ASSET-00239,Preventive,,0,,000150000221
WO-2151144,ASSET-00239,Corrective,HYDRAULIC-LEAK,213,1593,000150000221
WO-2151145,ASSET-00239,Corrective,HYDRAULIC-LEAK,49,493,000150000221
WO-2151146,ASSET-00240,Preventive,,0,,000150000222
WO-2151147,ASSET-00240,Preventive,,0,,000150000222
WO-2151148,ASSET-00241,Corrective,CALIBRATION-DRIFT,139,1962,000150000223
WO-2151149,ASSET-00241,Preventive,,0,,000150000223
WO-2151150,ASSET-00241,Preventive,,0,,000150000223
WO-2151151,ASSET-00241,Preventive,,0,,000150000223
WO-2151152,ASSET-00242,Preventive,,0,,000150000224
WO-2151153,ASSET-00242,Corrective,CALIBRATION-DRIFT,71,371,000150000224
WO-2151154,ASSET-00242,Preventive,,0,,000150000224
WO-2151155,ASSET-00242,Preventive,,0,,000150000224
WO-2151156,ASSET-00242,Preventive,,0,,000150000224
WO-2151157,ASSET-00242,Corrective,SENSOR-FAULT,88,1375,000150000224
WO-2151158,ASSET-00242,Preventive,,0,,000150000224
WO-2151159,ASSET-00243,Corrective,MOTOR-BURNOUT,65,1229,
WO-2151160,ASSET-00243,Preventive,,0,,
WO-2151161,ASSET-00243,Preventive,,0,,
WO-2151162,ASSET-00244,Corrective,MOTOR-BURNOUT,168,487,000150000225
WO-2151163,ASSET-00244,Corrective,HYDRAULIC-LEAK,103,212,000150000225
WO-2151164,ASSET-00244,Corrective,MOTOR-BURNOUT,134,603,000150000225
WO-2151165,ASSET-00244,Corrective,BEARING-FAILURE,73,814,000150000225
WO-2151166,ASSET-00245,Preventive,,0,,000150000226
WO-2151167,ASSET-00245,Preventive,,0,,000150000226
WO-2151168,ASSET-00245,Corrective,BEARING-FAILURE,48,896,000150000226
WO-2151169,ASSET-00246,Preventive,,0,,000150000227
WO-2151170,ASSET-00246,Corrective,BELT-FAILURE,137,1761,000150000227
WO-2151171,ASSET-00247,Emergency,BEARING-FAILURE,550,1885,000150000228
WO-2151172,ASSET-00247,Corrective,CONTROLLER-FAULT,192,1481,000150000228
WO-2151173,ASSET-00247,Corrective,MOTOR-BURNOUT,60,1176,000150000228
WO-2151174,ASSET-00247,Preventive,,0,,000150000228
WO-2151175,ASSET-00247,Preventive,,0,,000150000228
WO-2151176,ASSET-00247,Corrective,SENSOR-FAULT,238,437,000150000228
WO-2151177,ASSET-00248,Preventive,,0,,000150000229
WO-2151178,ASSET-00248,Preventive,,0,,000150000229
WO-2151179,ASSET-00248,Preventive,,0,,000150000229
WO-2151180,ASSET-00248,Corrective,CONTROLLER-FAULT,184,1368,000150000229
WO-2151181,ASSET-00248,Corrective,CALIBRATION-DRIFT,201,591,000150000229
WO-2151182,ASSET-00248,Preventive,,0,,000150000229
WO-2151183,ASSET-00248,Preventive,,0,,000150000229
WO-2151184,ASSET-00248,Corrective,SPINDLE-SEIZURE,119,799,000150000229
WO-2151185,ASSET-00248,Corrective,BEARING-FAILURE,143,1774,000150000229
WO-2151186,ASSET-00249,Corrective,SENSOR-FAULT,146,1810,000150000230
WO-2151187,ASSET-00249,Preventive,,0,,000150000230
WO-2151188,ASSET-00249,Preventive,,0,,000150000230
WO-2151189,ASSET-00250,Corrective,CONTROLLER-FAULT,103,867,000150000231
WO-2151190,ASSET-00250,Preventive,,0,,000150000231
WO-2151191,ASSET-00250,Preventive,,0,,000150000231
WO-2151192,ASSET-00250,Corrective,CONTROLLER-FAULT,153,761,000150000231
WO-2151193,ASSET-00250,Preventive,,0,,000150000231
WO-2151194,ASSET-00250,Preventive,,0,,000150000231
WO-2151195,ASSET-00250,Corrective,SENSOR-FAULT,121,1888,000150000231
WO-2151196,ASSET-00250,Corrective,MOTOR-BURNOUT,240,1513,000150000231
WO-2151197,ASSET-00251,Preventive,,0,,000150000232
WO-2151198,ASSET-00251,Preventive,,0,,000150000232
WO-2151199,ASSET-00251,Preventive,,0,,000150000232
WO-2151200,ASSET-00251,Preventive,,0,,000150000232
WO-2151201,ASSET-00252,Corrective,SPINDLE-SEIZURE,60,1570,000150000233
WO-2151202,ASSET-00252,Preventive,,0,,000150000233
WO-2151203,ASSET-00252,Preventive,,0,,000150000233
WO-2151204,ASSET-00252,Preventive,,0,,000150000233
WO-2151205,ASSET-00252,Preventive,,0,,000150000233
WO-2151206,ASSET-00252,Corrective,SPINDLE-SEIZURE,162,1503,000150000233
WO-2151207,ASSET-00253,Preventive,,0,,000150000234
WO-2151208,ASSET-00253,Corrective,DIE-WEAR,165,1803,000150000234
WO-2151209,ASSET-00253,Corrective,BELT-FAILURE,102,306,000150000234
WO-2151210,ASSET-00253,Preventive,,0,,000150000234
WO-2151211,ASSET-00253,Preventive,,0,,000150000234
WO-2151212,ASSET-00253,Corrective,BELT-FAILURE,56,218,000150000234
WO-2151213,ASSET-00254,Corrective,HYDRAULIC-LEAK,159,1924,000150000235
WO-2151214,ASSET-00254,Corrective,MOTOR-BURNOUT,140,1032,000150000235
WO-2151215,ASSET-00254,Corrective,DIE-WEAR,189,1452,000150000235
WO-2151216,ASSET-00254,Preventive,,0,,000150000235
WO-2151217,ASSET-00254,Corrective,CONTROLLER-FAULT,68,226,000150000235
WO-2151218,ASSET-00255,Corrective,BELT-FAILURE,194,338,000150000236
WO-2151219,ASSET-00255,Emergency,HYDRAULIC-LEAK,197,1263,000150000236
WO-2151220,ASSET-00255,Preventive,,0,,000150000236
WO-2151221,ASSET-00255,Corrective,CONTROLLER-FAULT,142,970,000150000236
WO-2151222,ASSET-00256,Preventive,,0,,
WO-2151223,ASSET-00256,Preventive,,0,,
WO-2151224,ASSET-00256,Preventive,,0,,
WO-2151225,ASSET-00256,Preventive,,0,,
WO-2151226,ASSET-00257,Preventive,,0,,000150000237
WO-2151227,ASSET-00258,Corrective,SENSOR-FAULT,142,565,
WO-2151228,ASSET-00258,Preventive,,0,,
WO-2151229,ASSET-00258,Emergency,BELT-FAILURE,364,1081,
WO-2151230,ASSET-00258,Preventive,,0,,
WO-2151231,ASSET-00258,Corrective,PNEUMATIC-LEAK,159,1637,
WO-2151232,ASSET-00258,Preventive,,0,,
WO-2151233,ASSET-00259,Preventive,,0,,000150000238
WO-2151234,ASSET-00259,Preventive,,0,,000150000238
WO-2151235,ASSET-00259,Emergency,MOTOR-BURNOUT,388,1751,000150000238
WO-2151236,ASSET-00259,Preventive,,0,,000150000238
WO-2151237,ASSET-00260,Preventive,,0,,000150000239
WO-2151238,ASSET-00260,Preventive,,0,,000150000239
WO-2151239,ASSET-00260,Corrective,SENSOR-FAULT,130,1292,000150000239
WO-2151240,ASSET-00260,Emergency,DIE-WEAR,499,323,000150000239
WO-2151241,ASSET-00261,Preventive,,0,,000150000241
WO-2151242,ASSET-00261,Preventive,,0,,000150000241
WO-2151243,ASSET-00261,Corrective,PNEUMATIC-LEAK,39,871,000150000241
WO-2151244,ASSET-00261,Preventive,,0,,000150000241
WO-2151245,ASSET-00261,Preventive,,0,,000150000241
WO-2151246,ASSET-00261,Corrective,SENSOR-FAULT,100,682,000150000241
WO-2151247,ASSET-00262,Preventive,,0,,000150000242
WO-2151248,ASSET-00262,Corrective,SENSOR-FAULT,38,591,000150000242
WO-2151249,ASSET-00262,Preventive,,0,,000150000242
WO-2151250,ASSET-00262,Preventive,,0,,000150000242
WO-2151251,ASSET-00262,Preventive,,0,,000150000242
WO-2151252,ASSET-00262,Preventive,,0,,000150000242
WO-2151253,ASSET-00263,Corrective,PNEUMATIC-LEAK,72,1598,000150000243
WO-2151254,ASSET-00263,Corrective,HYDRAULIC-LEAK,195,815,000150000243
WO-2151255,ASSET-00263,Preventive,,0,,000150000243
WO-2151256,ASSET-00263,Corrective,CONTROLLER-FAULT,155,1063,000150000243
WO-2151257,ASSET-00263,Emergency,CALIBRATION-DRIFT,100,468,000150000243
WO-2151258,ASSET-00263,Preventive,,0,,000150000243
WO-2151259,ASSET-00263,Preventive,,0,,000150000243
WO-2151260,ASSET-00263,Preventive,,0,,000150000243
WO-2151261,ASSET-00264,Corrective,MOTOR-BURNOUT,113,1742,000150000244
WO-2151262,ASSET-00264,Corrective,CONTROLLER-FAULT,110,1115,000150000244
WO-2151263,ASSET-00264,Corrective,SPINDLE-SEIZURE,131,621,000150000244
WO-2151264,ASSET-00264,Corrective,CALIBRATION-DRIFT,49,1745,000150000244
WO-2151265,ASSET-00264,Corrective,SPINDLE-SEIZURE,39,1346,000150000244
WO-2151266,ASSET-00264,Emergency,CONTROLLER-FAULT,275,354,000150000244
WO-2151267,ASSET-00265,Preventive,,0,,000150000245
WO-2151268,ASSET-00265,Preventive,,0,,000150000245
WO-2151269,ASSET-00265,Corrective,MOTOR-BURNOUT,162,485,000150000245
WO-2151270,ASSET-00266,Corrective,DIE-WEAR,206,907,000150000246
WO-2151271,ASSET-00266,Corrective,SPINDLE-SEIZURE,169,392,000150000246
WO-2151272,ASSET-00266,Corrective,SENSOR-FAULT,237,538,000150000246
WO-2151273,ASSET-00266,Preventive,,0,,000150000246
WO-2151274,ASSET-00267,Corrective,CALIBRATION-DRIFT,189,1850,000150000247
WO-2151275,ASSET-00267,Corrective,CALIBRATION-DRIFT,34,1098,000150000247
WO-2151276,ASSET-00267,Corrective,MOTOR-BURNOUT,130,579,000150000247
WO-2151277,ASSET-00267,Preventive,,0,,000150000247
WO-2151278,ASSET-00267,Preventive,,0,,000150000247
WO-2151279,ASSET-00267,Corrective,MOTOR-BURNOUT,179,377,000150000247
WO-2151280,ASSET-00267,Preventive,,0,,000150000247
WO-2151281,ASSET-00268,Corrective,BELT-FAILURE,67,1842,000150000248
WO-2151282,ASSET-00268,Preventive,,0,,000150000248
WO-2151283,ASSET-00268,Preventive,,0,,000150000248
WO-2151284,ASSET-00268,Preventive,,0,,000150000248
WO-2151285,ASSET-00268,Corrective,BEARING-FAILURE,194,556,000150000248
WO-2151286,ASSET-00268,Corrective,SPINDLE-SEIZURE,78,1880,000150000248
WO-2151287,ASSET-00268,Corrective,PNEUMATIC-LEAK,134,1848,000150000248
WO-2151288,ASSET-00269,Corrective,SENSOR-FAULT,51,378,000150000249
WO-2151289,ASSET-00269,Preventive,,0,,000150000249
WO-2151290,ASSET-00270,Preventive,,0,,000150000250
WO-2151291,ASSET-00270,Preventive,,0,,000150000250
WO-2151292,ASSET-00270,Preventive,,0,,000150000250
WO-2151293,ASSET-00270,Preventive,,0,,000150000250
WO-2151294,ASSET-00270,Emergency,HYDRAULIC-LEAK,69,1597,000150000250
WO-2151295,ASSET-00271,Corrective,PNEUMATIC-LEAK,231,623,000150000251
WO-2151296,ASSET-00271,Preventive,,0,,000150000251
WO-2151297,ASSET-00271,Corrective,HYDRAULIC-LEAK,39,388,000150000251
WO-2151298,ASSET-00271,Preventive,,0,,000150000251
WO-2151299,ASSET-00271,Preventive,,0,,000150000251
WO-2151300,ASSET-00271,Preventive,,0,,000150000251
WO-2151301,ASSET-00272,Corrective,HYDRAULIC-LEAK,114,554,000150000252
WO-2151302,ASSET-00272,Emergency,DIE-WEAR,313,1108,000150000252
WO-2151303,ASSET-00272,Corrective,BELT-FAILURE,112,1663,000150000252
WO-2151304,ASSET-00272,Corrective,DIE-WEAR,84,1825,000150000252
WO-2151305,ASSET-00272,Preventive,,0,,000150000252
WO-2151306,ASSET-00272,Preventive,,0,,000150000252
WO-2151307,ASSET-00273,Preventive,,0,,000150000253
WO-2151308,ASSET-00273,Corrective,CALIBRATION-DRIFT,69,1847,000150000253
WO-2151309,ASSET-00274,Preventive,,0,,000150000254
WO-2151310,ASSET-00274,Preventive,,0,,000150000254
WO-2151311,ASSET-00274,Corrective,BELT-FAILURE,187,1068,000150000254
WO-2151312,ASSET-00274,Corrective,HYDRAULIC-LEAK,199,802,000150000254
WO-2151313,ASSET-00275,Corrective,CALIBRATION-DRIFT,43,313,000150000255
WO-2151314,ASSET-00275,Corrective,DIE-WEAR,218,478,000150000255
WO-2151315,ASSET-00276,Preventive,,0,,000150000256
WO-2151316,ASSET-00276,Corrective,CONTROLLER-FAULT,71,444,000150000256
WO-2151317,ASSET-00276,Corrective,CONTROLLER-FAULT,176,735,000150000256
WO-2151318,ASSET-00276,Corrective,DIE-WEAR,128,976,000150000256
WO-2151319,ASSET-00277,Preventive,,0,,000150000257
WO-2151320,ASSET-00277,Corrective,CALIBRATION-DRIFT,70,1747,000150000257
WO-2151321,ASSET-00277,Corrective,CONTROLLER-FAULT,120,1284,000150000257
WO-2151322,ASSET-00277,Corrective,HYDRAULIC-LEAK,135,604,000150000257
WO-2151323,ASSET-00277,Preventive,,0,,000150000257
WO-2151324,ASSET-00277,Corrective,BEARING-FAILURE,206,658,000150000257
WO-2151325,ASSET-00277,Preventive,,0,,000150000257
WO-2151326,ASSET-00277,Corrective,CALIBRATION-DRIFT,175,1181,000150000257
WO-2151327,ASSET-00278,Preventive,,0,,000150000258
WO-2151328,ASSET-00278,Corrective,PNEUMATIC-LEAK,154,1301,000150000258
WO-2151329,ASSET-00278,Preventive,,0,,000150000258
WO-2151330,ASSET-00278,Preventive,,0,,000150000258
WO-2151331,ASSET-00278,Corrective,PNEUMATIC-LEAK,157,1800,000150000258
WO-2151332,ASSET-00278,Preventive,,0,,000150000258
WO-2151333,ASSET-00278,Corrective,BEARING-FAILURE,205,1996,000150000258
WO-2151334,ASSET-00279,Corrective,CALIBRATION-DRIFT,46,876,
WO-2151335,ASSET-00279,Preventive,,0,,
WO-2151336,ASSET-00279,Preventive,,0,,
WO-2151337,ASSET-00279,Corrective,CALIBRATION-DRIFT,31,1018,
WO-2151338,ASSET-00280,Emergency,PNEUMATIC-LEAK,145,239,000150000259
WO-2151339,ASSET-00280,Preventive,,0,,000150000259
WO-2151340,ASSET-00280,Emergency,SENSOR-FAULT,391,976,000150000259
WO-2151341,ASSET-00280,Corrective,CALIBRATION-DRIFT,37,1036,000150000259
WO-2151342,ASSET-00280,Preventive,,0,,000150000259
WO-2151343,ASSET-00281,Corrective,PNEUMATIC-LEAK,226,1792,000150000260
WO-2151344,ASSET-00281,Corrective,PNEUMATIC-LEAK,133,1578,000150000260
WO-2151345,ASSET-00281,Preventive,,0,,000150000260
WO-2151346,ASSET-00281,Corrective,SENSOR-FAULT,224,1737,000150000260
WO-2151347,ASSET-00281,Preventive,,0,,000150000260
WO-2151348,ASSET-00281,Corrective,BELT-FAILURE,192,446,000150000260
WO-2151349,ASSET-00282,Emergency,HYDRAULIC-LEAK,79,1764,000150000261
WO-2151350,ASSET-00282,Preventive,,0,,000150000261
WO-2151351,ASSET-00282,Preventive,,0,,000150000261
WO-2151352,ASSET-00282,Corrective,SENSOR-FAULT,49,1017,000150000261
WO-2151353,ASSET-00282,Preventive,,0,,000150000261
WO-2151354,ASSET-00282,Preventive,,0,,000150000261
WO-2151355,ASSET-00282,Emergency,BELT-FAILURE,376,1466,000150000261
WO-2151356,ASSET-00283,Emergency,DIE-WEAR,182,256,000150000262
WO-2151357,ASSET-00283,Corrective,DIE-WEAR,229,956,000150000262
WO-2151358,ASSET-00283,Preventive,,0,,000150000262
WO-2151359,ASSET-00283,Preventive,,0,,000150000262
WO-2151360,ASSET-00284,Preventive,,0,,000150000263
WO-2151361,ASSET-00284,Preventive,,0,,000150000263
WO-2151362,ASSET-00284,Preventive,,0,,000150000263
WO-2151363,ASSET-00284,Corrective,BELT-FAILURE,143,894,000150000263
WO-2151364,ASSET-00284,Preventive,,0,,000150000263
WO-2151365,ASSET-00284,Corrective,CALIBRATION-DRIFT,77,963,000150000263
WO-2151366,ASSET-00284,Preventive,,0,,000150000263
WO-2151367,ASSET-00284,Preventive,,0,,000150000263
WO-2151368,ASSET-00284,Corrective,CALIBRATION-DRIFT,88,1337,000150000263
WO-2151369,ASSET-00285,Corrective,CONTROLLER-FAULT,43,1836,000150000264
WO-2151370,ASSET-00285,Preventive,,0,,000150000264
WO-2151371,ASSET-00285,Corrective,BELT-FAILURE,31,1032,000150000264
WO-2151372,ASSET-00285,Corrective,MOTOR-BURNOUT,34,221,000150000264
WO-2151373,ASSET-00285,Preventive,,0,,000150000264
WO-2151374,ASSET-00286,Preventive,,0,,000150000265
WO-2151375,ASSET-00286,Preventive,,0,,000150000265
WO-2151376,ASSET-00286,Corrective,PNEUMATIC-LEAK,62,1941,000150000265
WO-2151377,ASSET-00286,Corrective,MOTOR-BURNOUT,134,743,000150000265
WO-2151378,ASSET-00286,Preventive,,0,,000150000265
WO-2151379,ASSET-00287,Corrective,DIE-WEAR,97,1493,000150000266
WO-2151380,ASSET-00287,Corrective,SPINDLE-SEIZURE,106,721,000150000266
WO-2151381,ASSET-00287,Preventive,,0,,000150000266
WO-2151382,ASSET-00287,Preventive,,0,,000150000266
WO-2151383,ASSET-00288,Preventive,,0,,000150000267
WO-2151384,ASSET-00288,Preventive,,0,,000150000267
WO-2151385,ASSET-00288,Preventive,,0,,000150000267
WO-2151386,ASSET-00288,Preventive,,0,,000150000267
WO-2151387,ASSET-00288,Preventive,,0,,000150000267
WO-2151388,ASSET-00289,Preventive,,0,,000150000268
WO-2151389,ASSET-00289,Preventive,,0,,000150000268
WO-2151390,ASSET-00289,Corrective,PNEUMATIC-LEAK,59,1429,000150000268
WO-2151391,ASSET-00289,Preventive,,0,,000150000268
WO-2151392,ASSET-00289,Corrective,SPINDLE-SEIZURE,63,559,000150000268
WO-2151393,ASSET-00290,Preventive,,0,,000150000269
WO-2151394,ASSET-00290,Corrective,CONTROLLER-FAULT,157,265,000150000269
WO-2151395,ASSET-00290,Corrective,MOTOR-BURNOUT,156,353,000150000269
WO-2151396,ASSET-00291,Preventive,,0,,000150000270
WO-2151397,ASSET-00291,Preventive,,0,,000150000270
WO-2151398,ASSET-00291,Corrective,BELT-FAILURE,75,1884,000150000270
WO-2151399,ASSET-00291,Corrective,DIE-WEAR,134,879,000150000270
WO-2151400,ASSET-00291,Preventive,,0,,000150000270
WO-2151401,ASSET-00291,Corrective,SENSOR-FAULT,151,1622,000150000270
WO-2151402,ASSET-00292,Corrective,BEARING-FAILURE,203,719,000150000271
WO-2151403,ASSET-00292,Preventive,,0,,000150000271
WO-2151404,ASSET-00292,Emergency,CONTROLLER-FAULT,93,487,000150000271
WO-2151405,ASSET-00292,Corrective,HYDRAULIC-LEAK,191,813,000150000271
WO-2151406,ASSET-00293,Preventive,,0,,000150000272
WO-2151407,ASSET-00293,Corrective,CONTROLLER-FAULT,133,558,000150000272
WO-2151408,ASSET-00293,Preventive,,0,,000150000272
WO-2151409,ASSET-00293,Preventive,,0,,000150000272
WO-2151410,ASSET-00293,Corrective,BEARING-FAILURE,65,703,000150000272
WO-2151411,ASSET-00293,Preventive,,0,,000150000272
WO-2151412,ASSET-00294,Preventive,,0,,000150000273
WO-2151413,ASSET-00294,Preventive,,0,,000150000273
WO-2151414,ASSET-00294,Preventive,,0,,000150000273
WO-2151415,ASSET-00294,Emergency,CONTROLLER-FAULT,507,1734,000150000273
WO-2151416,ASSET-00295,Corrective,DIE-WEAR,132,594,000150000274
WO-2151417,ASSET-00295,Preventive,,0,,000150000274
WO-2151418,ASSET-00295,Preventive,,0,,000150000274
WO-2151419,ASSET-00295,Preventive,,0,,000150000274
WO-2151420,ASSET-00296,Preventive,,0,,000150000275
WO-2151421,ASSET-00296,Preventive,,0,,000150000275
WO-2151422,ASSET-00296,Preventive,,0,,000150000275
WO-2151423,ASSET-00296,Preventive,,0,,000150000275
WO-2151424,ASSET-00297,Emergency,CALIBRATION-DRIFT,227,328,000150000276
WO-2151425,ASSET-00297,Preventive,,0,,000150000276
WO-2151426,ASSET-00297,Corrective,BEARING-FAILURE,174,748,000150000276
WO-2151427,ASSET-00297,Corrective,BELT-FAILURE,159,1527,000150000276
WO-2151428,ASSET-00297,Preventive,,0,,000150000276
WO-2151429,ASSET-00297,Emergency,BEARING-FAILURE,335,1874,000150000276
WO-2151430,ASSET-00298,Preventive,,0,,000150000277
WO-2151431,ASSET-00298,Preventive,,0,,000150000277
WO-2151432,ASSET-00298,Preventive,,0,,000150000277
WO-2151433,ASSET-00298,Preventive,,0,,000150000277
WO-2151434,ASSET-00298,Preventive,,0,,000150000277
WO-2151435,ASSET-00298,Preventive,,0,,000150000277
WO-2151436,ASSET-00298,Preventive,,0,,000150000277
WO-2151437,ASSET-00299,Corrective,DIE-WEAR,178,1788,000150000278
WO-2151438,ASSET-00299,Preventive,,0,,000150000278
WO-2151439,ASSET-00300,Preventive,,0,,000150000279
WO-2151440,ASSET-00300,Emergency,DIE-WEAR,407,1327,000150000279
WO-2151441,ASSET-00300,Preventive,,0,,000150000279
WO-2151442,ASSET-00300,Corrective,MOTOR-BURNOUT,105,1235,000150000279
WO-2151443,ASSET-00300,Preventive,,0,,000150000279
WO-2151444,ASSET-00300,Preventive,,0,,000150000279
WO-2151445,ASSET-00300,Preventive,,0,,000150000279
WO-2151446,ASSET-00300,Preventive,,0,,000150000279
WO-2151447,ASSET-00300,Preventive,,0,,000150000279
WO-2151448,ASSET-00300,Corrective,BEARING-FAILURE,106,928,000150000279
WO-2151449,ASSET-00301,Emergency,SENSOR-FAULT,102,1521,000150000280
WO-2151450,ASSET-00301,Corrective,CALIBRATION-DRIFT,202,621,000150000280
WO-2151451,ASSET-00302,Preventive,,0,,000150000281
WO-2151452,ASSET-00302,Preventive,,0,,000150000281
WO-2151453,ASSET-00302,Corrective,SPINDLE-SEIZURE,37,420,000150000281
WO-2151454,ASSET-00302,Preventive,,0,,000150000281
WO-2151455,ASSET-00303,Preventive,,0,,000150000282
WO-2151456,ASSET-00303,Emergency,CALIBRATION-DRIFT,566,1050,000150000282
WO-2151457,ASSET-00303,Preventive,,0,,000150000282
WO-2151458,ASSET-00303,Corrective,SPINDLE-SEIZURE,132,1886,000150000282
WO-2151459,ASSET-00303,Corrective,PNEUMATIC-LEAK,187,1065,000150000282
WO-2151460,ASSET-00303,Corrective,BEARING-FAILURE,122,1273,000150000282
WO-2151461,ASSET-00304,Preventive,,0,,000150000283
WO-2151462,ASSET-00304,Preventive,,0,,000150000283
WO-2151463,ASSET-00304,Preventive,,0,,000150000283
WO-2151464,ASSET-00304,Preventive,,0,,000150000283
WO-2151465,ASSET-00304,Emergency,MOTOR-BURNOUT,340,1542,000150000283
WO-2151466,ASSET-00304,Preventive,,0,,000150000283
WO-2151467,ASSET-00304,Corrective,PNEUMATIC-LEAK,134,1524,000150000283
WO-2151468,ASSET-00305,Preventive,,0,,000150000284
WO-2151469,ASSET-00305,Preventive,,0,,000150000284
WO-2151470,ASSET-00305,Preventive,,0,,000150000284
WO-2151471,ASSET-00305,Preventive,,0,,000150000284
WO-2151472,ASSET-00305,Corrective,CONTROLLER-FAULT,153,1698,000150000284
WO-2151473,ASSET-00306,Corrective,SPINDLE-SEIZURE,105,864,
WO-2151474,ASSET-00306,Corrective,MOTOR-BURNOUT,229,598,
WO-2151475,ASSET-00306,Preventive,,0,,
WO-2151476,ASSET-00306,Preventive,,0,,
WO-2151477,ASSET-00306,Preventive,,0,,
WO-2151478,ASSET-00306,Corrective,HYDRAULIC-LEAK,111,224,
WO-2151479,ASSET-00307,Preventive,,0,,000150000285
WO-2151480,ASSET-00307,Preventive,,0,,000150000285
WO-2151481,ASSET-00307,Preventive,,0,,000150000285
WO-2151482,ASSET-00307,Corrective,BELT-FAILURE,43,1553,000150000285
WO-2151483,ASSET-00308,Preventive,,0,,000150000286
WO-2151484,ASSET-00308,Preventive,,0,,000150000286
WO-2151485,ASSET-00308,Preventive,,0,,000150000286
WO-2151486,ASSET-00308,Corrective,BELT-FAILURE,130,1213,000150000286
WO-2151487,ASSET-00308,Preventive,,0,,000150000286
WO-2151488,ASSET-00308,Corrective,HYDRAULIC-LEAK,151,934,000150000286
WO-2151489,ASSET-00308,Preventive,,0,,000150000286
WO-2151490,ASSET-00309,Preventive,,0,,000150000287
WO-2151491,ASSET-00309,Preventive,,0,,000150000287
WO-2151492,ASSET-00309,Corrective,MOTOR-BURNOUT,88,793,000150000287
WO-2151493,ASSET-00309,Corrective,HYDRAULIC-LEAK,115,1337,000150000287
WO-2151494,ASSET-00309,Corrective,CONTROLLER-FAULT,149,360,000150000287
WO-2151495,ASSET-00309,Corrective,BEARING-FAILURE,235,1125,000150000287
WO-2151496,ASSET-00310,Preventive,,0,,000150000288
WO-2151497,ASSET-00310,Emergency,CALIBRATION-DRIFT,444,1367,000150000288
WO-2151498,ASSET-00310,Preventive,,0,,000150000288
WO-2151499,ASSET-00310,Preventive,,0,,000150000288
WO-2151500,ASSET-00310,Preventive,,0,,000150000288
WO-2151501,ASSET-00310,Corrective,DIE-WEAR,223,739,000150000288
WO-2151502,ASSET-00310,Preventive,,0,,000150000288
WO-2151503,ASSET-00310,Corrective,CALIBRATION-DRIFT,180,1795,000150000288
WO-2151504,ASSET-00310,Corrective,MOTOR-BURNOUT,146,968,000150000288
WO-2151505,ASSET-00311,Emergency,SPINDLE-SEIZURE,508,1696,000150000289
WO-2151506,ASSET-00311,Preventive,,0,,000150000289
WO-2151507,ASSET-00311,Corrective,BEARING-FAILURE,49,959,000150000289
WO-2151508,ASSET-00311,Preventive,,0,,000150000289
WO-2151509,ASSET-00311,Corrective,PNEUMATIC-LEAK,111,1610,000150000289
WO-2151510,ASSET-00311,Preventive,,0,,000150000289
WO-2151511,ASSET-00312,Preventive,,0,,000150000290
WO-2151512,ASSET-00312,Preventive,,0,,000150000290
WO-2151513,ASSET-00312,Preventive,,0,,000150000290
WO-2151514,ASSET-00313,Emergency,SENSOR-FAULT,318,276,000150000291
WO-2151515,ASSET-00313,Emergency,CALIBRATION-DRIFT,177,1597,000150000291
WO-2151516,ASSET-00314,Preventive,,0,,
WO-2151517,ASSET-00314,Preventive,,0,,
WO-2151518,ASSET-00315,Preventive,,0,,000150000292
WO-2151519,ASSET-00315,Corrective,BELT-FAILURE,189,1007,000150000292
WO-2151520,ASSET-00315,Preventive,,0,,000150000292
WO-2151521,ASSET-00315,Emergency,CONTROLLER-FAULT,225,1614,000150000292
WO-2151522,ASSET-00315,Corrective,CONTROLLER-FAULT,185,1895,000150000292
WO-2151523,ASSET-00315,Preventive,,0,,000150000292
WO-2151524,ASSET-00316,Corrective,HYDRAULIC-LEAK,133,1709,000150000293
WO-2151525,ASSET-00316,Corrective,PNEUMATIC-LEAK,79,1006,000150000293
WO-2151526,ASSET-00316,Preventive,,0,,000150000293
WO-2151527,ASSET-00316,Preventive,,0,,000150000293
WO-2151528,ASSET-00316,Corrective,CALIBRATION-DRIFT,125,261,000150000293
WO-2151529,ASSET-00317,Corrective,CONTROLLER-FAULT,65,423,000150000294
WO-2151530,ASSET-00317,Emergency,HYDRAULIC-LEAK,397,513,000150000294
WO-2151531,ASSET-00317,Corrective,CONTROLLER-FAULT,44,204,000150000294
WO-2151532,ASSET-00317,Preventive,,0,,000150000294
WO-2151533,ASSET-00318,Corrective,CALIBRATION-DRIFT,151,1111,000150000295
WO-2151534,ASSET-00318,Preventive,,0,,000150000295
WO-2151535,ASSET-00319,Corrective,SENSOR-FAULT,97,399,000150000296
WO-2151536,ASSET-00319,Corrective,HYDRAULIC-LEAK,221,454,000150000296
WO-2151537,ASSET-00319,Preventive,,0,,000150000296
WO-2151538,ASSET-00319,Preventive,,0,,000150000296
WO-2151539,ASSET-00320,Preventive,,0,,000150000297
WO-2151540,ASSET-00320,Preventive,,0,,000150000297
WO-2151541,ASSET-00320,Corrective,BELT-FAILURE,178,1163,000150000297
WO-2151542,ASSET-00320,Corrective,PNEUMATIC-LEAK,86,956,000150000297
WO-2151543,ASSET-00321,Preventive,,0,,000150000298
WO-2151544,ASSET-00321,Corrective,SENSOR-FAULT,36,1543,000150000298
WO-2151545,ASSET-00321,Preventive,,0,,000150000298
WO-2151546,ASSET-00321,Preventive,,0,,000150000298
WO-2151547,ASSET-00321,Corrective,SPINDLE-SEIZURE,170,987,000150000298
WO-2151548,ASSET-00321,Preventive,,0,,000150000298
WO-2151549,ASSET-00321,Preventive,,0,,000150000298
WO-2151550,ASSET-00322,Corrective,SENSOR-FAULT,192,274,000150000299
WO-2151551,ASSET-00322,Preventive,,0,,000150000299
WO-2151552,ASSET-00322,Preventive,,0,,000150000299
WO-2151553,ASSET-00322,Preventive,,0,,000150000299
WO-2151554,ASSET-00322,Corrective,DIE-WEAR,154,1750,000150000299
WO-2151555,ASSET-00323,Preventive,,0,,000150000300
WO-2151556,ASSET-00323,Preventive,,0,,000150000300
WO-2151557,ASSET-00323,Corrective,SENSOR-FAULT,90,233,000150000300
WO-2151558,ASSET-00324,Preventive,,0,,000150000301
WO-2151559,ASSET-00324,Corrective,CONTROLLER-FAULT,168,851,000150000301
WO-2151560,ASSET-00324,Corrective,BEARING-FAILURE,122,978,000150000301
WO-2151561,ASSET-00325,Corrective,PNEUMATIC-LEAK,119,1870,000150000302
WO-2151562,ASSET-00325,Emergency,CONTROLLER-FAULT,215,743,000150000302
WO-2151563,ASSET-00325,Corrective,BELT-FAILURE,236,273,000150000302
WO-2151564,ASSET-00325,Corrective,HYDRAULIC-LEAK,53,253,000150000302
WO-2151565,ASSET-00326,Corrective,SENSOR-FAULT,116,1398,000150000303
WO-2151566,ASSET-00326,Preventive,,0,,000150000303
WO-2151567,ASSET-00326,Emergency,CALIBRATION-DRIFT,411,489,000150000303
WO-2151568,ASSET-00326,Corrective,CALIBRATION-DRIFT,196,1798,000150000303
WO-2151569,ASSET-00327,Corrective,SENSOR-FAULT,105,964,
WO-2151570,ASSET-00327,Preventive,,0,,
WO-2151571,ASSET-00327,Preventive,,0,,
WO-2151572,ASSET-00327,Preventive,,0,,
WO-2151573,ASSET-00327,Preventive,,0,,
WO-2151574,ASSET-00327,Preventive,,0,,
WO-2151575,ASSET-00328,Preventive,,0,,000150000304
WO-2151576,ASSET-00328,Preventive,,0,,000150000304
WO-2151577,ASSET-00328,Preventive,,0,,000150000304
WO-2151578,ASSET-00328,Preventive,,0,,000150000304
WO-2151579,ASSET-00329,Preventive,,0,,000150000305
WO-2151580,ASSET-00329,Preventive,,0,,000150000305
WO-2151581,ASSET-00329,Preventive,,0,,000150000305
WO-2151582,ASSET-00329,Corrective,BELT-FAILURE,171,1771,000150000305
WO-2151583,ASSET-00330,Corrective,SENSOR-FAULT,152,1899,000150000306
WO-2151584,ASSET-00331,Preventive,,0,,000150000307
WO-2151585,ASSET-00331,Corrective,BEARING-FAILURE,54,1860,000150000307
WO-2151586,ASSET-00331,Preventive,,0,,000150000307
WO-2151587,ASSET-00331,Preventive,,0,,000150000307
WO-2151588,ASSET-00331,Emergency,PNEUMATIC-LEAK,63,218,000150000307
WO-2151589,ASSET-00331,Emergency,SENSOR-FAULT,489,1607,000150000307
WO-2151590,ASSET-00332,Preventive,,0,,
WO-2151591,ASSET-00332,Corrective,SENSOR-FAULT,165,589,
WO-2151592,ASSET-00332,Corrective,DIE-WEAR,176,1471,
WO-2151593,ASSET-00332,Corrective,SENSOR-FAULT,80,1766,
WO-2151594,ASSET-00332,Preventive,,0,,
WO-2151595,ASSET-00332,Emergency,CONTROLLER-FAULT,159,1453,
WO-2151596,ASSET-00333,Emergency,BELT-FAILURE,514,405,
WO-2151597,ASSET-00333,Preventive,,0,,
WO-2151598,ASSET-00333,Preventive,,0,,
WO-2151599,ASSET-00333,Preventive,,0,,
WO-2151600,ASSET-00333,Preventive,,0,,
WO-2151601,ASSET-00333,Corrective,MOTOR-BURNOUT,66,1281,
WO-2151602,ASSET-00334,Preventive,,0,,000150000308
WO-2151603,ASSET-00334,Corrective,HYDRAULIC-LEAK,136,786,000150000308
WO-2151604,ASSET-00334,Corrective,SPINDLE-SEIZURE,180,573,000150000308
WO-2151605,ASSET-00334,Corrective,CALIBRATION-DRIFT,206,1139,000150000308
WO-2151606,ASSET-00334,Corrective,MOTOR-BURNOUT,75,549,000150000308
WO-2151607,ASSET-00334,Preventive,,0,,000150000308
WO-2151608,ASSET-00335,Corrective,DIE-WEAR,153,371,000150000309
WO-2151609,ASSET-00335,Corrective,MOTOR-BURNOUT,159,1746,000150000309
WO-2151610,ASSET-00335,Corrective,BELT-FAILURE,220,1140,000150000309
WO-2151611,ASSET-00335,Preventive,,0,,000150000309
WO-2151612,ASSET-00335,Preventive,,0,,000150000309
WO-2151613,ASSET-00335,Preventive,,0,,000150000309
WO-2151614,ASSET-00335,Corrective,SENSOR-FAULT,205,1834,000150000309
WO-2151615,ASSET-00336,Preventive,,0,,000150000310
WO-2151616,ASSET-00336,Preventive,,0,,000150000310
WO-2151617,ASSET-00336,Preventive,,0,,000150000310
WO-2151618,ASSET-00337,Corrective,PNEUMATIC-LEAK,48,1776,000150000311
WO-2151619,ASSET-00337,Preventive,,0,,000150000311
WO-2151620,ASSET-00338,Corrective,CALIBRATION-DRIFT,111,1963,000150000312
WO-2151621,ASSET-00338,Preventive,,0,,000150000312
WO-2151622,ASSET-00338,Corrective,CALIBRATION-DRIFT,110,354,000150000312
WO-2151623,ASSET-00338,Corrective,BELT-FAILURE,50,1267,000150000312
WO-2151624,ASSET-00338,Preventive,,0,,000150000312
WO-2151625,ASSET-00338,Corrective,HYDRAULIC-LEAK,158,365,000150000312
WO-2151626,ASSET-00338,Preventive,,0,,000150000312
WO-2151627,ASSET-00339,Preventive,,0,,000150000313
WO-2151628,ASSET-00339,Preventive,,0,,000150000313
WO-2151629,ASSET-00339,Preventive,,0,,000150000313
WO-2151630,ASSET-00339,Corrective,CONTROLLER-FAULT,150,1611,000150000313
WO-2151631,ASSET-00339,Preventive,,0,,000150000313
WO-2151632,ASSET-00339,Corrective,SPINDLE-SEIZURE,106,1382,000150000313
WO-2151633,ASSET-00340,Preventive,,0,,000150000314
WO-2151634,ASSET-00340,Corrective,SENSOR-FAULT,200,1027,000150000314
WO-2151635,ASSET-00340,Preventive,,0,,000150000314
WO-2151636,ASSET-00340,Preventive,,0,,000150000314
WO-2151637,ASSET-00341,Preventive,,0,,000150000315
WO-2151638,ASSET-00341,Preventive,,0,,000150000315
WO-2151639,ASSET-00341,Corrective,DIE-WEAR,73,1679,000150000315
WO-2151640,ASSET-00341,Corrective,PNEUMATIC-LEAK,74,717,000150000315
WO-2151641,ASSET-00341,Preventive,,0,,000150000315
WO-2151642,ASSET-00341,Preventive,,0,,000150000315
WO-2151643,ASSET-00341,Preventive,,0,,000150000315
WO-2151644,ASSET-00342,Preventive,,0,,000150000316
WO-2151645,ASSET-00342,Preventive,,0,,000150000316
WO-2151646,ASSET-00342,Corrective,BEARING-FAILURE,134,902,000150000316
WO-2151647,ASSET-00342,Corrective,BELT-FAILURE,51,1316,000150000316
WO-2151648,ASSET-00343,Preventive,,0,,000150000317
WO-2151649,ASSET-00343,Preventive,,0,,000150000317
WO-2151650,ASSET-00343,Preventive,,0,,000150000317
WO-2151651,ASSET-00343,Preventive,,0,,000150000317
WO-2151652,ASSET-00343,Corrective,CALIBRATION-DRIFT,208,847,000150000317
WO-2151653,ASSET-00343,Preventive,,0,,000150000317
WO-2151654,ASSET-00343,Preventive,,0,,000150000317
WO-2151655,ASSET-00343,Corrective,MOTOR-BURNOUT,118,241,000150000317
WO-2151656,ASSET-00343,Preventive,,0,,000150000317
WO-2151657,ASSET-00344,Preventive,,0,,000150000318
WO-2151658,ASSET-00344,Corrective,DIE-WEAR,66,739,000150000318
WO-2151659,ASSET-00344,Corrective,HYDRAULIC-LEAK,58,1995,000150000318
WO-2151660,ASSET-00345,Preventive,,0,,000150000319
WO-2151661,ASSET-00345,Preventive,,0,,000150000319
WO-2151662,ASSET-00345,Corrective,CALIBRATION-DRIFT,65,225,000150000319
WO-2151663,ASSET-00345,Preventive,,0,,000150000319
WO-2151664,ASSET-00346,Emergency,SPINDLE-SEIZURE,433,909,
WO-2151665,ASSET-00346,Corrective,HYDRAULIC-LEAK,192,529,
WO-2151666,ASSET-00346,Preventive,,0,,
WO-2151667,ASSET-00346,Preventive,,0,,
WO-2151668,ASSET-00346,Preventive,,0,,
WO-2151669,ASSET-00346,Preventive,,0,,
WO-2151670,ASSET-00346,Emergency,CONTROLLER-FAULT,572,1876,
WO-2151671,ASSET-00347,Preventive,,0,,000150000320
WO-2151672,ASSET-00347,Preventive,,0,,000150000320
WO-2151673,ASSET-00347,Corrective,SPINDLE-SEIZURE,227,1643,000150000320
WO-2151674,ASSET-00347,Preventive,,0,,000150000320
WO-2151675,ASSET-00348,Emergency,MOTOR-BURNOUT,405,1771,
WO-2151676,ASSET-00348,Preventive,,0,,
WO-2151677,ASSET-00348,Corrective,BELT-FAILURE,129,767,
WO-2151678,ASSET-00348,Preventive,,0,,
WO-2151679,ASSET-00348,Corrective,PNEUMATIC-LEAK,76,1224,
WO-2151680,ASSET-00348,Preventive,,0,,
WO-2151681,ASSET-00348,Corrective,PNEUMATIC-LEAK,168,1198,
WO-2151682,ASSET-00349,Preventive,,0,,000150000321
WO-2151683,ASSET-00349,Corrective,DIE-WEAR,92,1714,000150000321
WO-2151684,ASSET-00350,Preventive,,0,,000150000322
WO-2151685,ASSET-00350,Emergency,HYDRAULIC-LEAK,186,388,000150000322
WO-2151686,ASSET-00350,Preventive,,0,,000150000322
WO-2151687,ASSET-00351,Preventive,,0,,000150000323
WO-2151688,ASSET-00351,Preventive,,0,,000150000323
WO-2151689,ASSET-00351,Corrective,CONTROLLER-FAULT,136,431,000150000323
WO-2151690,ASSET-00351,Corrective,BEARING-FAILURE,181,1812,000150000323
WO-2151691,ASSET-00351,Preventive,,0,,000150000323
WO-2151692,ASSET-00351,Preventive,,0,,000150000323
WO-2151693,ASSET-00352,Preventive,,0,,000150000324
WO-2151694,ASSET-00352,Corrective,BELT-FAILURE,174,1524,000150000324
WO-2151695,ASSET-00352,Preventive,,0,,000150000324
WO-2151696,ASSET-00352,Preventive,,0,,000150000324
WO-2151697,ASSET-00352,Preventive,,0,,000150000324
WO-2151698,ASSET-00352,Emergency,SPINDLE-SEIZURE,88,1818,000150000324
WO-2151699,ASSET-00352,Preventive,,0,,000150000324
WO-2151700,ASSET-00353,Corrective,MOTOR-BURNOUT,144,1546,
WO-2151701,ASSET-00353,Preventive,,0,,
WO-2151702,ASSET-00353,Corrective,CALIBRATION-DRIFT,70,1494,
WO-2151703,ASSET-00353,Preventive,,0,,
WO-2151704,ASSET-00353,Preventive,,0,,
WO-2151705,ASSET-00353,Corrective,PNEUMATIC-LEAK,32,1419,
WO-2151706,ASSET-00354,Preventive,,0,,000150000325
WO-2151707,ASSET-00354,Preventive,,0,,000150000325
WO-2151708,ASSET-00354,Emergency,SENSOR-FAULT,543,397,000150000325
WO-2151709,ASSET-00354,Preventive,,0,,000150000325
WO-2151710,ASSET-00355,Corrective,BELT-FAILURE,174,848,000150000326
WO-2151711,ASSET-00355,Corrective,BELT-FAILURE,103,900,000150000326
WO-2151712,ASSET-00355,Preventive,,0,,000150000326
WO-2151713,ASSET-00355,Corrective,MOTOR-BURNOUT,185,1175,000150000326
WO-2151714,ASSET-00355,Corrective,BEARING-FAILURE,202,1050,000150000326
WO-2151715,ASSET-00356,Preventive,,0,,000150000327
WO-2151716,ASSET-00356,Preventive,,0,,000150000327
WO-2151717,ASSET-00356,Preventive,,0,,000150000327
WO-2151718,ASSET-00356,Corrective,CONTROLLER-FAULT,200,723,000150000327
WO-2151719,ASSET-00357,Emergency,MOTOR-BURNOUT,514,425,000150000328
WO-2151720,ASSET-00357,Preventive,,0,,000150000328
WO-2151721,ASSET-00357,Preventive,,0,,000150000328
WO-2151722,ASSET-00357,Preventive,,0,,000150000328
WO-2151723,ASSET-00358,Preventive,,0,,000150000329
WO-2151724,ASSET-00358,Corrective,CALIBRATION-DRIFT,160,1949,000150000329
WO-2151725,ASSET-00358,Corrective,CONTROLLER-FAULT,137,918,000150000329
WO-2151726,ASSET-00358,Corrective,HYDRAULIC-LEAK,157,1528,000150000329
WO-2151727,ASSET-00358,Corrective,SENSOR-FAULT,73,1992,000150000329
WO-2151728,ASSET-00358,Preventive,,0,,000150000329
WO-2151729,ASSET-00358,Preventive,,0,,000150000329
WO-2151730,ASSET-00358,Corrective,CALIBRATION-DRIFT,136,1736,000150000329
WO-2151731,ASSET-00359,Preventive,,0,,000150000330
WO-2151732,ASSET-00359,Emergency,CALIBRATION-DRIFT,71,1963,000150000330
WO-2151733,ASSET-00359,Preventive,,0,,000150000330
WO-2151734,ASSET-00359,Emergency,DIE-WEAR,219,640,000150000330
WO-2151735,ASSET-00359,Preventive,,0,,000150000330
WO-2151736,ASSET-00359,Preventive,,0,,000150000330
WO-2151737,ASSET-00359,Corrective,PNEUMATIC-LEAK,62,739,000150000330
WO-2151738,ASSET-00359,Corrective,HYDRAULIC-LEAK,149,1858,000150000330
WO-2151739,ASSET-00360,Corrective,SENSOR-FAULT,220,672,000150000331
WO-2151740,ASSET-00360,Corrective,HYDRAULIC-LEAK,203,1371,000150000331
WO-2151741,ASSET-00360,Preventive,,0,,000150000331
WO-2151742,ASSET-00361,Preventive,,0,,000150000332
WO-2151743,ASSET-00361,Emergency,CONTROLLER-FAULT,221,599,000150000332
WO-2151744,ASSET-00361,Preventive,,0,,000150000332
WO-2151745,ASSET-00361,Preventive,,0,,000150000332
WO-2151746,ASSET-00361,Corrective,MOTOR-BURNOUT,60,1191,000150000332
WO-2151747,ASSET-00362,Preventive,,0,,000150000333
WO-2151748,ASSET-00362,Preventive,,0,,000150000333
WO-2151749,ASSET-00362,Corrective,CALIBRATION-DRIFT,140,1469,000150000333
WO-2151750,ASSET-00362,Emergency,CALIBRATION-DRIFT,298,1078,000150000333
WO-2151751,ASSET-00362,Corrective,DIE-WEAR,225,246,000150000333
WO-2151752,ASSET-00362,Preventive,,0,,000150000333
WO-2151753,ASSET-00362,Preventive,,0,,000150000333
WO-2151754,ASSET-00362,Corrective,PNEUMATIC-LEAK,147,1548,000150000333
WO-2151755,ASSET-00362,Corrective,SPINDLE-SEIZURE,51,1278,000150000333
WO-2151756,ASSET-00363,Preventive,,0,,000150000334
WO-2151757,ASSET-00363,Corrective,SENSOR-FAULT,140,1466,000150000334
WO-2151758,ASSET-00363,Preventive,,0,,000150000334
WO-2151759,ASSET-00363,Corrective,SPINDLE-SEIZURE,79,1698,000150000334
WO-2151760,ASSET-00363,Preventive,,0,,000150000334
WO-2151761,ASSET-00364,Corrective,BELT-FAILURE,177,1817,000150000335
WO-2151762,ASSET-00364,Preventive,,0,,000150000335
WO-2151763,ASSET-00364,Preventive,,0,,000150000335
WO-2151764,ASSET-00364,Corrective,CALIBRATION-DRIFT,82,612,000150000335
WO-2151765,ASSET-00364,Preventive,,0,,000150000335
WO-2151766,ASSET-00364,Corrective,PNEUMATIC-LEAK,81,1925,000150000335
WO-2151767,ASSET-00365,Emergency,SENSOR-FAULT,553,1962,000150000336
WO-2151768,ASSET-00365,Corrective,SENSOR-FAULT,209,674,000150000336
WO-2151769,ASSET-00365,Preventive,,0,,000150000336
WO-2151770,ASSET-00365,Emergency,PNEUMATIC-LEAK,302,1917,000150000336
WO-2151771,ASSET-00366,Corrective,PNEUMATIC-LEAK,117,975,000150000338
WO-2151772,ASSET-00366,Preventive,,0,,000150000338
WO-2151773,ASSET-00366,Corrective,PNEUMATIC-LEAK,58,1488,000150000338
WO-2151774,ASSET-00366,Corrective,PNEUMATIC-LEAK,210,212,000150000338
WO-2151775,ASSET-00367,Emergency,PNEUMATIC-LEAK,498,1191,000150000339
WO-2151776,ASSET-00367,Corrective,PNEUMATIC-LEAK,116,420,000150000339
WO-2151777,ASSET-00367,Preventive,,0,,000150000339
WO-2151778,ASSET-00367,Preventive,,0,,000150000339
WO-2151779,ASSET-00367,Corrective,DIE-WEAR,141,1015,000150000339
WO-2151780,ASSET-00368,Preventive,,0,,000150000340
WO-2151781,ASSET-00368,Corrective,DIE-WEAR,126,1792,000150000340
WO-2151782,ASSET-00368,Preventive,,0,,000150000340
WO-2151783,ASSET-00369,Corrective,CONTROLLER-FAULT,116,735,000150000341
WO-2151784,ASSET-00369,Corrective,BELT-FAILURE,76,1122,000150000341
WO-2151785,ASSET-00369,Preventive,,0,,000150000341
WO-2151786,ASSET-00369,Preventive,,0,,000150000341
WO-2151787,ASSET-00370,Preventive,,0,,000150000342
WO-2151788,ASSET-00370,Corrective,SENSOR-FAULT,229,412,000150000342
WO-2151789,ASSET-00371,Corrective,BEARING-FAILURE,70,1629,000150000343
WO-2151790,ASSET-00371,Corrective,HYDRAULIC-LEAK,225,1590,000150000343
WO-2151791,ASSET-00371,Corrective,PNEUMATIC-LEAK,46,1576,000150000343
WO-2151792,ASSET-00371,Preventive,,0,,000150000343
WO-2151793,ASSET-00371,Preventive,,0,,000150000343
WO-2151794,ASSET-00371,Preventive,,0,,000150000343
WO-2151795,ASSET-00372,Emergency,CONTROLLER-FAULT,291,1233,000150000344
WO-2151796,ASSET-00372,Preventive,,0,,000150000344
WO-2151797,ASSET-00372,Corrective,PNEUMATIC-LEAK,121,1023,000150000344
WO-2151798,ASSET-00372,Corrective,SENSOR-FAULT,170,1490,000150000344
WO-2151799,ASSET-00372,Corrective,SENSOR-FAULT,198,1434,000150000344
WO-2151800,ASSET-00372,Preventive,,0,,000150000344
WO-2151801,ASSET-00373,Preventive,,0,,000150000345
WO-2151802,ASSET-00373,Preventive,,0,,000150000345
WO-2151803,ASSET-00373,Corrective,PNEUMATIC-LEAK,65,1854,000150000345
WO-2151804,ASSET-00373,Emergency,MOTOR-BURNOUT,557,1776,000150000345
WO-2151805,ASSET-00373,Preventive,,0,,000150000345
WO-2151806,ASSET-00373,Corrective,DIE-WEAR,216,1873,000150000345
WO-2151807,ASSET-00373,Emergency,CALIBRATION-DRIFT,374,828,000150000345
WO-2151808,ASSET-00374,Corrective,BELT-FAILURE,86,623,000150000346
WO-2151809,ASSET-00374,Preventive,,0,,000150000346
WO-2151810,ASSET-00374,Corrective,SPINDLE-SEIZURE,215,1062,000150000346
WO-2151811,ASSET-00374,Emergency,DIE-WEAR,551,1369,000150000346
WO-2151812,ASSET-00374,Preventive,,0,,000150000346
WO-2151813,ASSET-00374,Preventive,,0,,000150000346
WO-2151814,ASSET-00374,Preventive,,0,,000150000346
WO-2151815,ASSET-00374,Corrective,MOTOR-BURNOUT,47,206,000150000346
WO-2151816,ASSET-00375,Preventive,,0,,000150000347
WO-2151817,ASSET-00375,Preventive,,0,,000150000347
WO-2151818,ASSET-00375,Corrective,PNEUMATIC-LEAK,90,1864,000150000347
WO-2151819,ASSET-00375,Corrective,BELT-FAILURE,118,729,000150000347
WO-2151820,ASSET-00375,Preventive,,0,,000150000347
WO-2151821,ASSET-00375,Preventive,,0,,000150000347
WO-2151822,ASSET-00376,Preventive,,0,,000150000348
WO-2151823,ASSET-00376,Corrective,BELT-FAILURE,190,580,000150000348
WO-2151824,ASSET-00376,Preventive,,0,,000150000348
WO-2151825,ASSET-00376,Preventive,,0,,000150000348
WO-2151826,ASSET-00376,Corrective,MOTOR-BURNOUT,102,660,000150000348
WO-2151827,ASSET-00377,Corrective,HYDRAULIC-LEAK,182,1162,000150000349
WO-2151828,ASSET-00377,Preventive,,0,,000150000349
WO-2151829,ASSET-00377,Preventive,,0,,000150000349
WO-2151830,ASSET-00377,Corrective,CONTROLLER-FAULT,84,1161,000150000349
WO-2151831,ASSET-00377,Corrective,HYDRAULIC-LEAK,31,1011,000150000349
WO-2151832,ASSET-00377,Corrective,MOTOR-BURNOUT,38,645,000150000349
WO-2151833,ASSET-00377,Preventive,,0,,000150000349
WO-2151834,ASSET-00377,Preventive,,0,,000150000349
WO-2151835,ASSET-00378,Preventive,,0,,000150000350
WO-2151836,ASSET-00378,Preventive,,0,,000150000350
WO-2151837,ASSET-00378,Preventive,,0,,000150000350
WO-2151838,ASSET-00379,Preventive,,0,,000150000351
WO-2151839,ASSET-00379,Preventive,,0,,000150000351
WO-2151840,ASSET-00379,Preventive,,0,,000150000351
WO-2151841,ASSET-00380,Preventive,,0,,000150000352
WO-2151842,ASSET-00380,Preventive,,0,,000150000352
WO-2151843,ASSET-00380,Preventive,,0,,000150000352
WO-2151844,ASSET-00380,Corrective,SENSOR-FAULT,41,355,000150000352
WO-2151845,ASSET-00380,Preventive,,0,,000150000352
WO-2151846,ASSET-00381,Preventive,,0,,000150000354
WO-2151847,ASSET-00382,Corrective,MOTOR-BURNOUT,52,796,000150000355
WO-2151848,ASSET-00382,Preventive,,0,,000150000355
WO-2151849,ASSET-00383,Emergency,SENSOR-FAULT,427,880,000150000356
WO-2151850,ASSET-00383,Corrective,BEARING-FAILURE,201,1176,000150000356
WO-2151851,ASSET-00383,Emergency,DIE-WEAR,285,287,000150000356
WO-2151852,ASSET-00383,Emergency,SPINDLE-SEIZURE,171,1519,000150000356
WO-2151853,ASSET-00383,Corrective,DIE-WEAR,118,1743,000150000356
WO-2151854,ASSET-00383,Corrective,CALIBRATION-DRIFT,193,1190,000150000356
WO-2151855,ASSET-00383,Preventive,,0,,000150000356
WO-2151856,ASSET-00384,Corrective,CONTROLLER-FAULT,230,598,
WO-2151857,ASSET-00384,Emergency,PNEUMATIC-LEAK,398,1346,
WO-2151858,ASSET-00384,Preventive,,0,,
WO-2151859,ASSET-00384,Preventive,,0,,
WO-2151860,ASSET-00384,Preventive,,0,,
WO-2151861,ASSET-00384,Corrective,PNEUMATIC-LEAK,197,1579,
WO-2151862,ASSET-00384,Corrective,HYDRAULIC-LEAK,219,1622,
WO-2151863,ASSET-00385,Corrective,BELT-FAILURE,45,1782,000150000357
WO-2151864,ASSET-00385,Preventive,,0,,000150000357
WO-2151865,ASSET-00385,Corrective,SPINDLE-SEIZURE,140,1221,000150000357
WO-2151866,ASSET-00385,Preventive,,0,,000150000357
WO-2151867,ASSET-00385,Preventive,,0,,000150000357
WO-2151868,ASSET-00386,Preventive,,0,,000150000358
WO-2151869,ASSET-00386,Preventive,,0,,000150000358
WO-2151870,ASSET-00386,Corrective,PNEUMATIC-LEAK,184,1688,000150000358
WO-2151871,ASSET-00386,Preventive,,0,,000150000358
WO-2151872,ASSET-00386,Emergency,CONTROLLER-FAULT,455,576,000150000358
WO-2151873,ASSET-00386,Emergency,HYDRAULIC-LEAK,432,1838,000150000358
WO-2151874,ASSET-00387,Emergency,DIE-WEAR,73,218,000150000359
WO-2151875,ASSET-00387,Emergency,HYDRAULIC-LEAK,119,716,000150000359
WO-2151876,ASSET-00387,Corrective,MOTOR-BURNOUT,159,831,000150000359
WO-2151877,ASSET-00387,Corrective,CALIBRATION-DRIFT,167,1900,000150000359
WO-2151878,ASSET-00388,Preventive,,0,,000150000360
WO-2151879,ASSET-00388,Corrective,CONTROLLER-FAULT,88,335,000150000360
WO-2151880,ASSET-00388,Preventive,,0,,000150000360
WO-2151881,ASSET-00388,Corrective,SPINDLE-SEIZURE,88,849,000150000360
WO-2151882,ASSET-00388,Preventive,,0,,000150000360
WO-2151883,ASSET-00388,Emergency,SPINDLE-SEIZURE,140,1726,000150000360
WO-2151884,ASSET-00389,Corrective,HYDRAULIC-LEAK,119,1016,000150000361
WO-2151885,ASSET-00389,Preventive,,0,,000150000361
WO-2151886,ASSET-00389,Corrective,CALIBRATION-DRIFT,102,969,000150000361
WO-2151887,ASSET-00389,Preventive,,0,,000150000361
WO-2151888,ASSET-00390,Corrective,HYDRAULIC-LEAK,121,1412,000150000362
WO-2151889,ASSET-00390,Corrective,DIE-WEAR,56,546,000150000362
WO-2151890,ASSET-00391,Corrective,BEARING-FAILURE,116,354,000150000363
WO-2151891,ASSET-00391,Corrective,PNEUMATIC-LEAK,186,463,000150000363
WO-2151892,ASSET-00391,Emergency,SENSOR-FAULT,570,560,000150000363
WO-2151893,ASSET-00391,Preventive,,0,,000150000363
WO-2151894,ASSET-00391,Corrective,CALIBRATION-DRIFT,231,640,000150000363
WO-2151895,ASSET-00392,Corrective,CALIBRATION-DRIFT,125,1635,000150000364
WO-2151896,ASSET-00392,Preventive,,0,,000150000364
WO-2151897,ASSET-00392,Corrective,BEARING-FAILURE,182,1018,000150000364
WO-2151898,ASSET-00392,Emergency,CONTROLLER-FAULT,199,1266,000150000364
WO-2151899,ASSET-00392,Corrective,PNEUMATIC-LEAK,142,1252,000150000364
WO-2151900,ASSET-00393,Preventive,,0,,
WO-2151901,ASSET-00393,Corrective,CONTROLLER-FAULT,40,928,
WO-2151902,ASSET-00393,Preventive,,0,,
WO-2151903,ASSET-00393,Preventive,,0,,
WO-2151904,ASSET-00394,Preventive,,0,,000150000365
WO-2151905,ASSET-00394,Preventive,,0,,000150000365
WO-2151906,ASSET-00394,Preventive,,0,,000150000365
WO-2151907,ASSET-00394,Emergency,CONTROLLER-FAULT,191,948,000150000365
WO-2151908,ASSET-00394,Preventive,,0,,000150000365
WO-2151909,ASSET-00394,Corrective,DIE-WEAR,229,333,000150000365
WO-2151910,ASSET-00394,Corrective,DIE-WEAR,152,409,000150000365
WO-2151911,ASSET-00394,Preventive,,0,,000150000365
WO-2151912,ASSET-00394,Preventive,,0,,000150000365
WO-2151913,ASSET-00395,Preventive,,0,,000150000366
WO-2151914,ASSET-00395,Corrective,PNEUMATIC-LEAK,142,534,000150000366
WO-2151915,ASSET-00396,Preventive,,0,,000150000367
WO-2151916,ASSET-00396,Preventive,,0,,000150000367
WO-2151917,ASSET-00396,Preventive,,0,,000150000367
WO-2151918,ASSET-00396,Corrective,DIE-WEAR,154,1867,000150000367
WO-2151919,ASSET-00396,Corrective,CONTROLLER-FAULT,176,1881,000150000367
WO-2151920,ASSET-00396,Preventive,,0,,000150000367
WO-2151921,ASSET-00397,Preventive,,0,,000150000368
WO-2151922,ASSET-00397,Preventive,,0,,000150000368
WO-2151923,ASSET-00397,Preventive,,0,,000150000368
WO-2151924,ASSET-00397,Preventive,,0,,000150000368
WO-2151925,ASSET-00397,Corrective,BELT-FAILURE,104,916,000150000368
WO-2151926,ASSET-00397,Corrective,CONTROLLER-FAULT,67,1912,000150000368
WO-2151927,ASSET-00397,Corrective,SENSOR-FAULT,30,248,000150000368
WO-2151928,ASSET-00398,Corrective,BELT-FAILURE,115,587,000150000369
WO-2151929,ASSET-00399,Corrective,SENSOR-FAULT,136,1421,000150000370
WO-2151930,ASSET-00399,Corrective,HYDRAULIC-LEAK,194,1583,000150000370
WO-2151931,ASSET-00400,Emergency,CONTROLLER-FAULT,438,892,000150000371
WO-2151932,ASSET-00400,Preventive,,0,,000150000371
WO-2151933,ASSET-00400,Preventive,,0,,000150000371
WO-2151934,ASSET-00401,Preventive,,0,,000150000372
WO-2151935,ASSET-00401,Preventive,,0,,000150000372
WO-2151936,ASSET-00401,Preventive,,0,,000150000372
WO-2151937,ASSET-00401,Preventive,,0,,000150000372
WO-2151938,ASSET-00401,Emergency,MOTOR-BURNOUT,418,878,000150000372
WO-2151939,ASSET-00401,Emergency,HYDRAULIC-LEAK,127,1751,000150000372
WO-2151940,ASSET-00401,Preventive,,0,,000150000372
WO-2151941,ASSET-00401,Corrective,DIE-WEAR,146,830,000150000372
WO-2151942,ASSET-00402,Emergency,BEARING-FAILURE,210,383,000150000373
WO-2151943,ASSET-00402,Emergency,CALIBRATION-DRIFT,569,1778,000150000373
WO-2151944,ASSET-00402,Preventive,,0,,000150000373
WO-2151945,ASSET-00402,Preventive,,0,,000150000373
WO-2151946,ASSET-00403,Emergency,PNEUMATIC-LEAK,71,1941,000150000374
WO-2151947,ASSET-00403,Corrective,SENSOR-FAULT,194,559,000150000374
WO-2151948,ASSET-00403,Emergency,CALIBRATION-DRIFT,473,1330,000150000374
WO-2151949,ASSET-00403,Corrective,CALIBRATION-DRIFT,174,1027,000150000374
WO-2151950,ASSET-00403,Preventive,,0,,000150000374
WO-2151951,ASSET-00403,Preventive,,0,,000150000374
WO-2151952,ASSET-00404,Preventive,,0,,000150000375
WO-2151953,ASSET-00404,Preventive,,0,,000150000375
WO-2151954,ASSET-00404,Preventive,,0,,000150000375
WO-2151955,ASSET-00404,Preventive,,0,,000150000375
WO-2151956,ASSET-00404,Corrective,DIE-WEAR,102,301,000150000375
WO-2151957,ASSET-00404,Preventive,,0,,000150000375
WO-2151958,ASSET-00404,Preventive,,0,,000150000375
WO-2151959,ASSET-00405,Corrective,SPINDLE-SEIZURE,176,1300,000150000376
WO-2151960,ASSET-00405,Preventive,,0,,000150000376
WO-2151961,ASSET-00405,Preventive,,0,,000150000376
WO-2151962,ASSET-00405,Corrective,CALIBRATION-DRIFT,200,268,000150000376
WO-2151963,ASSET-00406,Preventive,,0,,000150000377
WO-2151964,ASSET-00406,Preventive,,0,,000150000377
WO-2151965,ASSET-00406,Preventive,,0,,000150000377
WO-2151966,ASSET-00406,Preventive,,0,,000150000377
WO-2151967,ASSET-00407,Preventive,,0,,000150000378
WO-2151968,ASSET-00407,Preventive,,0,,000150000378
WO-2151969,ASSET-00407,Corrective,DIE-WEAR,123,634,000150000378
WO-2151970,ASSET-00407,Preventive,,0,,000150000378
WO-2151971,ASSET-00407,Preventive,,0,,000150000378
WO-2151972,ASSET-00407,Preventive,,0,,000150000378
WO-2151973,ASSET-00408,Preventive,,0,,
WO-2151974,ASSET-00408,Preventive,,0,,
WO-2151975,ASSET-00408,Preventive,,0,,
WO-2151976,ASSET-00408,Preventive,,0,,
WO-2151977,ASSET-00408,Corrective,MOTOR-BURNOUT,221,561,
WO-2151978,ASSET-00408,Preventive,,0,,
WO-2151979,ASSET-00408,Corrective,SPINDLE-SEIZURE,32,1509,
WO-2151980,ASSET-00409,Preventive,,0,,000150000379
WO-2151981,ASSET-00409,Preventive,,0,,000150000379
WO-2151982,ASSET-00409,Preventive,,0,,000150000379
WO-2151983,ASSET-00409,Preventive,,0,,000150000379
WO-2151984,ASSET-00409,Corrective,CALIBRATION-DRIFT,98,712,000150000379
WO-2151985,ASSET-00409,Preventive,,0,,000150000379
WO-2151986,ASSET-00409,Preventive,,0,,000150000379
WO-2151987,ASSET-00409,Corrective,DIE-WEAR,162,487,000150000379
WO-2151988,ASSET-00409,Corrective,CALIBRATION-DRIFT,69,655,000150000379
WO-2151989,ASSET-00410,Preventive,,0,,000150000380
WO-2151990,ASSET-00410,Preventive,,0,,000150000380
WO-2151991,ASSET-00410,Corrective,DIE-WEAR,74,1152,000150000380
WO-2151992,ASSET-00410,Corrective,BEARING-FAILURE,195,1396,000150000380
WO-2151993,ASSET-00410,Emergency,PNEUMATIC-LEAK,156,322,000150000380
WO-2151994,ASSET-00410,Preventive,,0,,000150000380
WO-2151995,ASSET-00410,Emergency,PNEUMATIC-LEAK,529,781,000150000380
WO-2151996,ASSET-00411,Preventive,,0,,000150000381
WO-2151997,ASSET-00411,Emergency,DIE-WEAR,244,1007,000150000381
WO-2151998,ASSET-00411,Corrective,BELT-FAILURE,101,1212,000150000381
WO-2151999,ASSET-00412,Preventive,,0,,000150000382
WO-2152000,ASSET-00412,Preventive,,0,,000150000382
WO-2152001,ASSET-00412,Preventive,,0,,000150000382
WO-2152002,ASSET-00412,Preventive,,0,,000150000382
WO-2152003,ASSET-00413,Corrective,BEARING-FAILURE,102,1141,000150000383
WO-2152004,ASSET-00413,Preventive,,0,,000150000383
WO-2152005,ASSET-00413,Preventive,,0,,000150000383
WO-2152006,ASSET-00413,Preventive,,0,,000150000383
WO-2152007,ASSET-00413,Corrective,PNEUMATIC-LEAK,50,642,000150000383
WO-2152008,ASSET-00413,Preventive,,0,,000150000383
WO-2152009,ASSET-00413,Corrective,BEARING-FAILURE,97,557,000150000383
WO-2152010,ASSET-00413,Preventive,,0,,000150000383
WO-2152011,ASSET-00414,Preventive,,0,,000150000384
WO-2152012,ASSET-00414,Corrective,HYDRAULIC-LEAK,104,1442,000150000384
WO-2152013,ASSET-00414,Preventive,,0,,000150000384
WO-2152014,ASSET-00414,Preventive,,0,,000150000384
WO-2152015,ASSET-00414,Preventive,,0,,000150000384
WO-2152016,ASSET-00415,Emergency,CALIBRATION-DRIFT,372,219,000150000385
WO-2152017,ASSET-00415,Preventive,,0,,000150000385
WO-2152018,ASSET-00415,Preventive,,0,,000150000385
WO-2152019,ASSET-00415,Corrective,PNEUMATIC-LEAK,63,646,000150000385
WO-2152020,ASSET-00415,Preventive,,0,,000150000385
WO-2152021,ASSET-00416,Corrective,HYDRAULIC-LEAK,51,1445,000150000386
WO-2152022,ASSET-00416,Preventive,,0,,000150000386
WO-2152023,ASSET-00416,Corrective,CONTROLLER-FAULT,205,1302,000150000386
WO-2152024,ASSET-00416,Emergency,MOTOR-BURNOUT,239,347,000150000386
WO-2152025,ASSET-00416,Emergency,MOTOR-BURNOUT,121,595,000150000386
WO-2152026,ASSET-00416,Preventive,,0,,000150000386
WO-2152027,ASSET-00416,Emergency,SENSOR-FAULT,76,1168,000150000386
WO-2152028,ASSET-00417,Preventive,,0,,000150000387
WO-2152029,ASSET-00417,Preventive,,0,,000150000387
WO-2152030,ASSET-00417,Corrective,BEARING-FAILURE,186,1413,000150000387
WO-2152031,ASSET-00417,Emergency,CONTROLLER-FAULT,126,945,000150000387
WO-2152032,ASSET-00418,Preventive,,0,,
WO-2152033,ASSET-00418,Corrective,CALIBRATION-DRIFT,94,621,
WO-2152034,ASSET-00418,Corrective,BEARING-FAILURE,62,1256,
WO-2152035,ASSET-00418,Emergency,SPINDLE-SEIZURE,462,358,
WO-2152036,ASSET-00419,Preventive,,0,,000150000388
WO-2152037,ASSET-00419,Preventive,,0,,000150000388
WO-2152038,ASSET-00419,Emergency,CALIBRATION-DRIFT,67,1590,000150000388
WO-2152039,ASSET-00419,Corrective,BEARING-FAILURE,63,695,000150000388
WO-2152040,ASSET-00419,Preventive,,0,,000150000388
WO-2152041,ASSET-00419,Corrective,HYDRAULIC-LEAK,86,1192,000150000388
WO-2152042,ASSET-00420,Corrective,CALIBRATION-DRIFT,203,1750,000150000389
WO-2152043,ASSET-00420,Corrective,BELT-FAILURE,152,667,000150000389
WO-2152044,ASSET-00420,Corrective,HYDRAULIC-LEAK,71,1186,000150000389
WO-2152045,ASSET-00420,Corrective,CALIBRATION-DRIFT,201,1869,000150000389
WO-2152046,ASSET-00420,Corrective,CALIBRATION-DRIFT,116,1689,000150000389
WO-2152047,ASSET-00421,Corrective,SENSOR-FAULT,216,238,000150000390
WO-2152048,ASSET-00421,Preventive,,0,,000150000390
WO-2152049,ASSET-00421,Preventive,,0,,000150000390
WO-2152050,ASSET-00421,Corrective,BELT-FAILURE,231,1318,000150000390
WO-2152051,ASSET-00421,Corrective,SPINDLE-SEIZURE,124,1791,000150000390
WO-2152052,ASSET-00421,Preventive,,0,,000150000390
WO-2152053,ASSET-00422,Preventive,,0,,000150000391
WO-2152054,ASSET-00422,Preventive,,0,,000150000391
WO-2152055,ASSET-00422,Preventive,,0,,000150000391
WO-2152056,ASSET-00422,Corrective,PNEUMATIC-LEAK,81,1300,000150000391
WO-2152057,ASSET-00422,Corrective,CONTROLLER-FAULT,229,1270,000150000391
WO-2152058,ASSET-00422,Preventive,,0,,000150000391
WO-2152059,ASSET-00422,Emergency,SPINDLE-SEIZURE,206,1099,000150000391
WO-2152060,ASSET-00423,Preventive,,0,,000150000392
WO-2152061,ASSET-00423,Preventive,,0,,000150000392
WO-2152062,ASSET-00423,Corrective,HYDRAULIC-LEAK,141,782,000150000392
WO-2152063,ASSET-00423,Preventive,,0,,000150000392
WO-2152064,ASSET-00424,Preventive,,0,,000150000393
WO-2152065,ASSET-00424,Preventive,,0,,000150000393
WO-2152066,ASSET-00424,Corrective,BEARING-FAILURE,224,680,000150000393
WO-2152067,ASSET-00424,Corrective,CONTROLLER-FAULT,117,1194,000150000393
WO-2152068,ASSET-00424,Emergency,BELT-FAILURE,68,1796,000150000393
WO-2152069,ASSET-00424,Corrective,PNEUMATIC-LEAK,58,1510,000150000393
WO-2152070,ASSET-00424,Corrective,BEARING-FAILURE,188,1102,000150000393
WO-2152071,ASSET-00425,Corrective,CALIBRATION-DRIFT,83,1473,000150000394
WO-2152072,ASSET-00425,Corrective,CALIBRATION-DRIFT,43,610,000150000394
WO-2152073,ASSET-00425,Corrective,HYDRAULIC-LEAK,229,1026,000150000394
WO-2152074,ASSET-00425,Corrective,CONTROLLER-FAULT,51,704,000150000394
WO-2152075,ASSET-00425,Preventive,,0,,000150000394
WO-2152076,ASSET-00426,Preventive,,0,,000150000395
WO-2152077,ASSET-00426,Preventive,,0,,000150000395
WO-2152078,ASSET-00426,Preventive,,0,,000150000395
WO-2152079,ASSET-00426,Preventive,,0,,000150000395
WO-2152080,ASSET-00426,Corrective,DIE-WEAR,219,967,000150000395
WO-2152081,ASSET-00426,Corrective,DIE-WEAR,218,1696,000150000395
WO-2152082,ASSET-00427,Emergency,SENSOR-FAULT,316,647,000150000396
WO-2152083,ASSET-00427,Preventive,,0,,000150000396
WO-2152084,ASSET-00427,Preventive,,0,,000150000396
WO-2152085,ASSET-00427,Preventive,,0,,000150000396
WO-2152086,ASSET-00427,Preventive,,0,,000150000396
WO-2152087,ASSET-00427,Preventive,,0,,000150000396
WO-2152088,ASSET-00427,Preventive,,0,,000150000396
WO-2152089,ASSET-00428,Corrective,SENSOR-FAULT,134,758,000150000397
WO-2152090,ASSET-00428,Corrective,BELT-FAILURE,141,770,000150000397
WO-2152091,ASSET-00428,Corrective,SPINDLE-SEIZURE,106,1634,000150000397
WO-2152092,ASSET-00429,Corrective,SENSOR-FAULT,153,921,000150000398
WO-2152093,ASSET-00429,Preventive,,0,,000150000398
WO-2152094,ASSET-00429,Preventive,,0,,000150000398
WO-2152095,ASSET-00429,Preventive,,0,,000150000398
WO-2152096,ASSET-00429,Preventive,,0,,000150000398
WO-2152097,ASSET-00429,Corrective,MOTOR-BURNOUT,128,1191,000150000398
WO-2152098,ASSET-00429,Preventive,,0,,000150000398
WO-2152099,ASSET-00429,Corrective,CONTROLLER-FAULT,180,1619,000150000398
WO-2152100,ASSET-00429,Preventive,,0,,000150000398
WO-2152101,ASSET-00430,Preventive,,0,,
WO-2152102,ASSET-00430,Corrective,CONTROLLER-FAULT,50,253,
WO-2152103,ASSET-00431,Preventive,,0,,000150000399
WO-2152104,ASSET-00431,Emergency,MOTOR-BURNOUT,288,1641,000150000399
WO-2152105,ASSET-00431,Corrective,HYDRAULIC-LEAK,49,986,000150000399
WO-2152106,ASSET-00431,Emergency,DIE-WEAR,365,1749,000150000399
WO-2152107,ASSET-00431,Preventive,,0,,000150000399
WO-2152108,ASSET-00431,Preventive,,0,,000150000399
WO-2152109,ASSET-00431,Preventive,,0,,000150000399
WO-2152110,ASSET-00431,Corrective,MOTOR-BURNOUT,229,246,000150000399
WO-2152111,ASSET-00431,Preventive,,0,,000150000399
WO-2152112,ASSET-00432,Preventive,,0,,000150000400
WO-2152113,ASSET-00432,Corrective,HYDRAULIC-LEAK,216,1299,000150000400
WO-2152114,ASSET-00432,Emergency,MOTOR-BURNOUT,95,621,000150000400
WO-2152115,ASSET-00432,Preventive,,0,,000150000400
WO-2152116,ASSET-00433,Preventive,,0,,000150000401
WO-2152117,ASSET-00433,Preventive,,0,,000150000401
WO-2152118,ASSET-00433,Emergency,CALIBRATION-DRIFT,424,1545,000150000401
WO-2152119,ASSET-00433,Corrective,SENSOR-FAULT,95,1313,000150000401
WO-2152120,ASSET-00433,Preventive,,0,,000150000401
WO-2152121,ASSET-00433,Emergency,CONTROLLER-FAULT,226,694,000150000401
WO-2152122,ASSET-00434,Corrective,HYDRAULIC-LEAK,144,1239,000150000402
WO-2152123,ASSET-00434,Emergency,PNEUMATIC-LEAK,100,864,000150000402
WO-2152124,ASSET-00434,Preventive,,0,,000150000402
WO-2152125,ASSET-00434,Corrective,MOTOR-BURNOUT,193,659,000150000402
WO-2152126,ASSET-00434,Preventive,,0,,000150000402
WO-2152127,ASSET-00434,Preventive,,0,,000150000402
WO-2152128,ASSET-00434,Corrective,CALIBRATION-DRIFT,200,307,000150000402
WO-2152129,ASSET-00435,Preventive,,0,,000150000403
WO-2152130,ASSET-00436,Emergency,SPINDLE-SEIZURE,324,1562,000150000404
WO-2152131,ASSET-00436,Corrective,SPINDLE-SEIZURE,182,392,000150000404
WO-2152132,ASSET-00436,Preventive,,0,,000150000404
WO-2152133,ASSET-00436,Corrective,PNEUMATIC-LEAK,59,1782,000150000404
WO-2152134,ASSET-00436,Preventive,,0,,000150000404
WO-2152135,ASSET-00436,Preventive,,0,,000150000404
WO-2152136,ASSET-00437,Preventive,,0,,
WO-2152137,ASSET-00437,Preventive,,0,,
WO-2152138,ASSET-00437,Corrective,DIE-WEAR,197,714,
WO-2152139,ASSET-00438,Emergency,CALIBRATION-DRIFT,449,1601,000150000405
WO-2152140,ASSET-00438,Preventive,,0,,000150000405
WO-2152141,ASSET-00438,Corrective,HYDRAULIC-LEAK,30,710,000150000405
WO-2152142,ASSET-00438,Preventive,,0,,000150000405
WO-2152143,ASSET-00438,Preventive,,0,,000150000405
WO-2152144,ASSET-00438,Corrective,MOTOR-BURNOUT,212,1908,000150000405
WO-2152145,ASSET-00438,Corrective,BEARING-FAILURE,180,1688,000150000405
WO-2152146,ASSET-00439,Corrective,BELT-FAILURE,175,634,000150000406
WO-2152147,ASSET-00439,Preventive,,0,,000150000406
WO-2152148,ASSET-00439,Emergency,SPINDLE-SEIZURE,103,1030,000150000406
WO-2152149,ASSET-00439,Preventive,,0,,000150000406
WO-2152150,ASSET-00440,Preventive,,0,,000150000407
WO-2152151,ASSET-00440,Corrective,MOTOR-BURNOUT,90,340,000150000407
WO-2152152,ASSET-00440,Corrective,PNEUMATIC-LEAK,199,1264,000150000407
WO-2152153,ASSET-00440,Preventive,,0,,000150000407
WO-2152154,ASSET-00440,Corrective,BEARING-FAILURE,128,602,000150000407
WO-2152155,ASSET-00441,Corrective,PNEUMATIC-LEAK,191,663,000150000408
WO-2152156,ASSET-00441,Corrective,HYDRAULIC-LEAK,137,552,000150000408
WO-2152157,ASSET-00441,Emergency,CONTROLLER-FAULT,366,759,000150000408
WO-2152158,ASSET-00441,Preventive,,0,,000150000408
WO-2152159,ASSET-00441,Corrective,PNEUMATIC-LEAK,204,1894,000150000408
WO-2152160,ASSET-00441,Corrective,SENSOR-FAULT,143,386,000150000408
WO-2152161,ASSET-00441,Corrective,BEARING-FAILURE,172,1491,000150000408
WO-2152162,ASSET-00441,Preventive,,0,,000150000408
WO-2152163,ASSET-00442,Corrective,BELT-FAILURE,57,1085,000150000409
WO-2152164,ASSET-00442,Preventive,,0,,000150000409
WO-2152165,ASSET-00442,Emergency,SPINDLE-SEIZURE,123,913,000150000409
WO-2152166,ASSET-00443,Preventive,,0,,000150000410
WO-2152167,ASSET-00443,Preventive,,0,,000150000410
WO-2152168,ASSET-00443,Preventive,,0,,000150000410
WO-2152169,ASSET-00443,Preventive,,0,,000150000410
WO-2152170,ASSET-00443,Preventive,,0,,000150000410
WO-2152171,ASSET-00443,Preventive,,0,,000150000410
WO-2152172,ASSET-00444,Emergency,CALIBRATION-DRIFT,389,397,000150000411
WO-2152173,ASSET-00444,Emergency,CALIBRATION-DRIFT,515,224,000150000411
WO-2152174,ASSET-00444,Corrective,SPINDLE-SEIZURE,116,1955,000150000411
WO-2152175,ASSET-00444,Corrective,CALIBRATION-DRIFT,61,1138,000150000411
WO-2152176,ASSET-00444,Corrective,CALIBRATION-DRIFT,61,1159,000150000411
WO-2152177,ASSET-00444,Preventive,,0,,000150000411
WO-2152178,ASSET-00445,Corrective,SPINDLE-SEIZURE,112,1416,000150000412
WO-2152179,ASSET-00445,Preventive,,0,,000150000412
WO-2152180,ASSET-00445,Corrective,SENSOR-FAULT,107,787,000150000412
WO-2152181,ASSET-00445,Preventive,,0,,000150000412
WO-2152182,ASSET-00445,Preventive,,0,,000150000412
WO-2152183,ASSET-00445,Preventive,,0,,000150000412
WO-2152184,ASSET-00445,Corrective,PNEUMATIC-LEAK,31,1287,000150000412
WO-2152185,ASSET-00446,Preventive,,0,,000150000413
WO-2152186,ASSET-00446,Preventive,,0,,000150000413
WO-2152187,ASSET-00447,Corrective,SENSOR-FAULT,220,1862,000150000414
WO-2152188,ASSET-00447,Preventive,,0,,000150000414
WO-2152189,ASSET-00447,Preventive,,0,,000150000414
WO-2152190,ASSET-00447,Preventive,,0,,000150000414
WO-2152191,ASSET-00448,Preventive,,0,,000150000415
WO-2152192,ASSET-00448,Preventive,,0,,000150000415
WO-2152193,ASSET-00448,Corrective,SPINDLE-SEIZURE,132,1879,000150000415
WO-2152194,ASSET-00448,Preventive,,0,,000150000415
WO-2152195,ASSET-00448,Corrective,PNEUMATIC-LEAK,166,495,000150000415
WO-2152196,ASSET-00449,Preventive,,0,,000150000416
WO-2152197,ASSET-00449,Preventive,,0,,000150000416
WO-2152198,ASSET-00449,Preventive,,0,,000150000416
WO-2152199,ASSET-00449,Corrective,PNEUMATIC-LEAK,178,893,000150000416
WO-2152200,ASSET-00449,Corrective,BELT-FAILURE,214,688,000150000416
WO-2152201,ASSET-00450,Corrective,SPINDLE-SEIZURE,107,1417,000150000417
WO-2152202,ASSET-00450,Emergency,SENSOR-FAULT,169,1796,000150000417
WO-2152203,ASSET-00450,Corrective,MOTOR-BURNOUT,157,1592,000150000417
WO-2152204,ASSET-00450,Emergency,HYDRAULIC-LEAK,340,1744,000150000417
WO-2152205,ASSET-00450,Corrective,BELT-FAILURE,69,260,000150000417
WO-2152206,ASSET-00451,Corrective,HYDRAULIC-LEAK,78,1223,000150000418
WO-2152207,ASSET-00451,Preventive,,0,,000150000418
WO-2152208,ASSET-00451,Preventive,,0,,000150000418
WO-2152209,ASSET-00451,Preventive,,0,,000150000418
WO-2152210,ASSET-00451,Corrective,CALIBRATION-DRIFT,136,1349,000150000418
WO-2152211,ASSET-00452,Preventive,,0,,000150000419
WO-2152212,ASSET-00452,Corrective,HYDRAULIC-LEAK,150,808,000150000419
WO-2152213,ASSET-00452,Corrective,DIE-WEAR,149,853,000150000419
WO-2152214,ASSET-00452,Preventive,,0,,000150000419
WO-2152215,ASSET-00453,Corrective,MOTOR-BURNOUT,218,290,000150000420
WO-2152216,ASSET-00453,Corrective,BEARING-FAILURE,144,1703,000150000420
WO-2152217,ASSET-00453,Corrective,MOTOR-BURNOUT,161,1173,000150000420
WO-2152218,ASSET-00453,Preventive,,0,,000150000420
WO-2152219,ASSET-00453,Preventive,,0,,000150000420
WO-2152220,ASSET-00453,Corrective,SPINDLE-SEIZURE,116,1883,000150000420
WO-2152221,ASSET-00454,Preventive,,0,,000150000421
WO-2152222,ASSET-00454,Emergency,BEARING-FAILURE,555,1501,000150000421
WO-2152223,ASSET-00454,Preventive,,0,,000150000421
WO-2152224,ASSET-00454,Emergency,HYDRAULIC-LEAK,244,506,000150000421
WO-2152225,ASSET-00455,Preventive,,0,,000150000422
WO-2152226,ASSET-00455,Preventive,,0,,000150000422
WO-2152227,ASSET-00455,Corrective,MOTOR-BURNOUT,231,1127,000150000422
WO-2152228,ASSET-00455,Emergency,SENSOR-FAULT,186,731,000150000422
WO-2152229,ASSET-00455,Preventive,,0,,000150000422
WO-2152230,ASSET-00455,Corrective,HYDRAULIC-LEAK,148,254,000150000422
WO-2152231,ASSET-00455,Preventive,,0,,000150000422
WO-2152232,ASSET-00455,Preventive,,0,,000150000422
WO-2152233,ASSET-00455,Corrective,BEARING-FAILURE,50,1922,000150000422
WO-2152234,ASSET-00456,Preventive,,0,,
WO-2152235,ASSET-00456,Preventive,,0,,
WO-2152236,ASSET-00456,Emergency,SPINDLE-SEIZURE,209,1088,
WO-2152237,ASSET-00456,Preventive,,0,,
WO-2152238,ASSET-00456,Preventive,,0,,
WO-2152239,ASSET-00456,Corrective,CALIBRATION-DRIFT,136,1004,
WO-2152240,ASSET-00457,Corrective,SPINDLE-SEIZURE,83,632,000150000423
WO-2152241,ASSET-00457,Preventive,,0,,000150000423
WO-2152242,ASSET-00457,Preventive,,0,,000150000423
WO-2152243,ASSET-00457,Preventive,,0,,000150000423
WO-2152244,ASSET-00457,Preventive,,0,,000150000423
WO-2152245,ASSET-00457,Preventive,,0,,000150000423
WO-2152246,ASSET-00457,Corrective,DIE-WEAR,126,1676,000150000423
WO-2152247,ASSET-00457,Corrective,BELT-FAILURE,39,1467,000150000423
WO-2152248,ASSET-00457,Preventive,,0,,000150000423
WO-2152249,ASSET-00457,Preventive,,0,,000150000423
WO-2152250,ASSET-00458,Corrective,BELT-FAILURE,66,1302,000150000424
WO-2152251,ASSET-00458,Preventive,,0,,000150000424
WO-2152252,ASSET-00458,Corrective,SPINDLE-SEIZURE,90,336,000150000424
WO-2152253,ASSET-00459,Emergency,BEARING-FAILURE,491,1837,000150000425
WO-2152254,ASSET-00459,Preventive,,0,,000150000425
WO-2152255,ASSET-00459,Corrective,CALIBRATION-DRIFT,160,725,000150000425
WO-2152256,ASSET-00460,Preventive,,0,,
WO-2152257,ASSET-00460,Preventive,,0,,
WO-2152258,ASSET-00460,Corrective,CALIBRATION-DRIFT,191,561,
WO-2152259,ASSET-00461,Corrective,CONTROLLER-FAULT,50,597,000150000426
WO-2152260,ASSET-00461,Emergency,DIE-WEAR,140,1438,000150000426
WO-2152261,ASSET-00461,Preventive,,0,,000150000426
WO-2152262,ASSET-00461,Corrective,DIE-WEAR,181,708,000150000426
WO-2152263,ASSET-00461,Preventive,,0,,000150000426
WO-2152264,ASSET-00461,Preventive,,0,,000150000426
WO-2152265,ASSET-00461,Preventive,,0,,000150000426
WO-2152266,ASSET-00461,Corrective,SENSOR-FAULT,181,790,000150000426
WO-2152267,ASSET-00462,Preventive,,0,,000150000427
WO-2152268,ASSET-00462,Preventive,,0,,000150000427
WO-2152269,ASSET-00463,Corrective,SENSOR-FAULT,183,1715,000150000428
WO-2152270,ASSET-00463,Emergency,PNEUMATIC-LEAK,478,374,000150000428
WO-2152271,ASSET-00463,Emergency,DIE-WEAR,207,1953,000150000428
WO-2152272,ASSET-00463,Corrective,BELT-FAILURE,75,582,000150000428
WO-2152273,ASSET-00463,Preventive,,0,,000150000428
WO-2152274,ASSET-00463,Preventive,,0,,000150000428
WO-2152275,ASSET-00463,Preventive,,0,,000150000428
WO-2152276,ASSET-00463,Corrective,BELT-FAILURE,205,903,000150000428
WO-2152277,ASSET-00464,Preventive,,0,,000150000429
WO-2152278,ASSET-00464,Preventive,,0,,000150000429
WO-2152279,ASSET-00464,Preventive,,0,,000150000429
WO-2152280,ASSET-00464,Corrective,MOTOR-BURNOUT,100,1092,000150000429
WO-2152281,ASSET-00465,Emergency,MOTOR-BURNOUT,533,405,000150000430
WO-2152282,ASSET-00465,Emergency,HYDRAULIC-LEAK,348,1452,000150000430
WO-2152283,ASSET-00465,Preventive,,0,,000150000430
WO-2152284,ASSET-00465,Corrective,BEARING-FAILURE,228,1347,000150000430
WO-2152285,ASSET-00465,Preventive,,0,,000150000430
WO-2152286,ASSET-00466,Emergency,CALIBRATION-DRIFT,211,511,000150000431
WO-2152287,ASSET-00466,Preventive,,0,,000150000431
WO-2152288,ASSET-00466,Preventive,,0,,000150000431
WO-2152289,ASSET-00466,Preventive,,0,,000150000431
WO-2152290,ASSET-00466,Preventive,,0,,000150000431
WO-2152291,ASSET-00466,Emergency,HYDRAULIC-LEAK,146,1605,000150000431
WO-2152292,ASSET-00466,Corrective,BELT-FAILURE,212,302,000150000431
WO-2152293,ASSET-00466,Preventive,,0,,000150000431
WO-2152294,ASSET-00466,Preventive,,0,,000150000431
WO-2152295,ASSET-00467,Corrective,HYDRAULIC-LEAK,49,780,000150000432
WO-2152296,ASSET-00467,Preventive,,0,,000150000432
WO-2152297,ASSET-00467,Preventive,,0,,000150000432
WO-2152298,ASSET-00467,Preventive,,0,,000150000432
WO-2152299,ASSET-00467,Preventive,,0,,000150000432
WO-2152300,ASSET-00468,Corrective,CONTROLLER-FAULT,161,759,000150000433
WO-2152301,ASSET-00468,Preventive,,0,,000150000433
WO-2152302,ASSET-00468,Preventive,,0,,000150000433
WO-2152303,ASSET-00469,Preventive,,0,,
WO-2152304,ASSET-00469,Preventive,,0,,
WO-2152305,ASSET-00469,Corrective,PNEUMATIC-LEAK,183,1612,
WO-2152306,ASSET-00469,Preventive,,0,,
WO-2152307,ASSET-00470,Preventive,,0,,000150000434
WO-2152308,ASSET-00470,Corrective,BEARING-FAILURE,97,692,000150000434
WO-2152309,ASSET-00471,Corrective,MOTOR-BURNOUT,183,1374,000150000435
WO-2152310,ASSET-00471,Corrective,SPINDLE-SEIZURE,215,418,000150000435
WO-2152311,ASSET-00471,Preventive,,0,,000150000435
WO-2152312,ASSET-00471,Corrective,CALIBRATION-DRIFT,163,813,000150000435
WO-2152313,ASSET-00471,Preventive,,0,,000150000435
WO-2152314,ASSET-00471,Preventive,,0,,000150000435
WO-2152315,ASSET-00471,Emergency,SPINDLE-SEIZURE,155,336,000150000435
WO-2152316,ASSET-00471,Corrective,CALIBRATION-DRIFT,45,1050,000150000435
WO-2152317,ASSET-00472,Corrective,MOTOR-BURNOUT,77,1693,000150000436
WO-2152318,ASSET-00472,Corrective,PNEUMATIC-LEAK,125,1778,000150000436
WO-2152319,ASSET-00472,Corrective,DIE-WEAR,176,1472,000150000436
WO-2152320,ASSET-00472,Preventive,,0,,000150000436
WO-2152321,ASSET-00472,Corrective,SPINDLE-SEIZURE,52,1074,000150000436
WO-2152322,ASSET-00472,Preventive,,0,,000150000436
WO-2152323,ASSET-00472,Preventive,,0,,000150000436
WO-2152324,ASSET-00472,Emergency,MOTOR-BURNOUT,261,1896,000150000436
WO-2152325,ASSET-00473,Preventive,,0,,000150000437
WO-2152326,ASSET-00473,Corrective,DIE-WEAR,118,1364,000150000437
WO-2152327,ASSET-00473,Preventive,,0,,000150000437
WO-2152328,ASSET-00474,Preventive,,0,,000150000438
WO-2152329,ASSET-00474,Preventive,,0,,000150000438
WO-2152330,ASSET-00474,Emergency,MOTOR-BURNOUT,424,1217,000150000438
WO-2152331,ASSET-00474,Preventive,,0,,000150000438
WO-2152332,ASSET-00474,Preventive,,0,,000150000438
WO-2152333,ASSET-00475,Preventive,,0,,000150000439
WO-2152334,ASSET-00475,Corrective,HYDRAULIC-LEAK,130,1208,000150000439
WO-2152335,ASSET-00475,Corrective,PNEUMATIC-LEAK,161,619,000150000439
WO-2152336,ASSET-00475,Corrective,HYDRAULIC-LEAK,143,1199,000150000439
WO-2152337,ASSET-00476,Preventive,,0,,000150000440
WO-2152338,ASSET-00476,Preventive,,0,,000150000440
WO-2152339,ASSET-00476,Emergency,SPINDLE-SEIZURE,458,1840,000150000440
WO-2152340,ASSET-00477,Preventive,,0,,000150000441
WO-2152341,ASSET-00477,Corrective,BELT-FAILURE,56,1576,000150000441
WO-2152342,ASSET-00477,Corrective,HYDRAULIC-LEAK,88,1164,000150000441
WO-2152343,ASSET-00477,Corrective,SENSOR-FAULT,221,971,000150000441
WO-2152344,ASSET-00477,Corrective,HYDRAULIC-LEAK,174,205,000150000441
WO-2152345,ASSET-00477,Preventive,,0,,000150000441
WO-2152346,ASSET-00478,Corrective,PNEUMATIC-LEAK,46,1508,000150000442
WO-2152347,ASSET-00478,Preventive,,0,,000150000442
WO-2152348,ASSET-00479,Corrective,MOTOR-BURNOUT,169,1555,000150000443
WO-2152349,ASSET-00479,Corrective,CONTROLLER-FAULT,204,935,000150000443
WO-2152350,ASSET-00479,Corrective,CONTROLLER-FAULT,82,270,000150000443
WO-2152351,ASSET-00480,Corrective,DIE-WEAR,115,580,000150000444
WO-2152352,ASSET-00480,Corrective,SPINDLE-SEIZURE,150,328,000150000444
WO-2152353,ASSET-00480,Corrective,DIE-WEAR,99,783,000150000444
WO-2152354,ASSET-00480,Preventive,,0,,000150000444
WO-2152355,ASSET-00481,Corrective,BEARING-FAILURE,228,1203,000150000445
WO-2152356,ASSET-00481,Preventive,,0,,000150000445
WO-2152357,ASSET-00481,Preventive,,0,,000150000445
WO-2152358,ASSET-00481,Corrective,SENSOR-FAULT,191,1064,000150000445
WO-2152359,ASSET-00481,Emergency,CALIBRATION-DRIFT,547,1340,000150000445
WO-2152360,ASSET-00482,Preventive,,0,,000150000446
WO-2152361,ASSET-00482,Preventive,,0,,000150000446
WO-2152362,ASSET-00482,Emergency,BEARING-FAILURE,494,1857,000150000446
WO-2152363,ASSET-00482,Preventive,,0,,000150000446
WO-2152364,ASSET-00483,Corrective,HYDRAULIC-LEAK,240,1901,
WO-2152365,ASSET-00483,Preventive,,0,,
WO-2152366,ASSET-00483,Preventive,,0,,
WO-2152367,ASSET-00483,Preventive,,0,,
WO-2152368,ASSET-00483,Preventive,,0,,
WO-2152369,ASSET-00483,Corrective,CONTROLLER-FAULT,55,1502,
WO-2152370,ASSET-00483,Corrective,BELT-FAILURE,172,1968,
WO-2152371,ASSET-00484,Preventive,,0,,000150000447
WO-2152372,ASSET-00484,Corrective,HYDRAULIC-LEAK,64,1958,000150000447
WO-2152373,ASSET-00484,Preventive,,0,,000150000447
WO-2152374,ASSET-00484,Preventive,,0,,000150000447
WO-2152375,ASSET-00485,Preventive,,0,,000150000448
WO-2152376,ASSET-00485,Preventive,,0,,000150000448
WO-2152377,ASSET-00485,Emergency,HYDRAULIC-LEAK,221,448,000150000448
WO-2152378,ASSET-00485,Preventive,,0,,000150000448
WO-2152379,ASSET-00486,Corrective,DIE-WEAR,75,1235,000150000449
WO-2152380,ASSET-00486,Preventive,,0,,000150000449
WO-2152381,ASSET-00486,Corrective,SPINDLE-SEIZURE,58,1697,000150000449
WO-2152382,ASSET-00486,Preventive,,0,,000150000449
WO-2152383,ASSET-00487,Preventive,,0,,000150000450
WO-2152384,ASSET-00487,Corrective,BEARING-FAILURE,50,1909,000150000450
WO-2152385,ASSET-00487,Preventive,,0,,000150000450
WO-2152386,ASSET-00487,Preventive,,0,,000150000450
WO-2152387,ASSET-00488,Preventive,,0,,000150000451
WO-2152388,ASSET-00488,Corrective,PNEUMATIC-LEAK,123,988,000150000451
WO-2152389,ASSET-00488,Preventive,,0,,000150000451
WO-2152390,ASSET-00488,Corrective,CALIBRATION-DRIFT,206,1917,000150000451
WO-2152391,ASSET-00489,Preventive,,0,,000150000452
WO-2152392,ASSET-00489,Preventive,,0,,000150000452
WO-2152393,ASSET-00489,Corrective,BEARING-FAILURE,205,344,000150000452
WO-2152394,ASSET-00489,Preventive,,0,,000150000452
WO-2152395,ASSET-00490,Corrective,MOTOR-BURNOUT,89,799,000150000453
WO-2152396,ASSET-00490,Corrective,SPINDLE-SEIZURE,36,770,000150000453
WO-2152397,ASSET-00490,Preventive,,0,,000150000453
WO-2152398,ASSET-00490,Preventive,,0,,000150000453
WO-2152399,ASSET-00490,Corrective,DIE-WEAR,227,1262,000150000453
WO-2152400,ASSET-00490,Preventive,,0,,000150000453
WO-2152401,ASSET-00491,Corrective,BELT-FAILURE,170,696,000150000454
WO-2152402,ASSET-00491,Preventive,,0,,000150000454
WO-2152403,ASSET-00491,Preventive,,0,,000150000454
WO-2152404,ASSET-00492,Preventive,,0,,000150000455
WO-2152405,ASSET-00492,Preventive,,0,,000150000455
WO-2152406,ASSET-00492,Corrective,DIE-WEAR,58,1096,000150000455
WO-2152407,ASSET-00492,Preventive,,0,,000150000455
WO-2152408,ASSET-00492,Preventive,,0,,000150000455
WO-2152409,ASSET-00492,Corrective,BEARING-FAILURE,227,1049,000150000455
WO-2152410,ASSET-00492,Corrective,SPINDLE-SEIZURE,152,1224,000150000455
WO-2152411,ASSET-00492,Preventive,,0,,000150000455
WO-2152412,ASSET-00492,Preventive,,0,,000150000455
WO-2152413,ASSET-00493,Corrective,DIE-WEAR,133,1617,000150000456
WO-2152414,ASSET-00493,Preventive,,0,,000150000456
WO-2152415,ASSET-00493,Preventive,,0,,000150000456
WO-2152416,ASSET-00493,Preventive,,0,,000150000456
WO-2152417,ASSET-00493,Corrective,BEARING-FAILURE,129,622,000150000456
WO-2152418,ASSET-00493,Preventive,,0,,000150000456
WO-2152419,ASSET-00494,Corrective,CONTROLLER-FAULT,162,1639,000150000457
WO-2152420,ASSET-00494,Preventive,,0,,000150000457
WO-2152421,ASSET-00494,Preventive,,0,,000150000457
WO-2152422,ASSET-00494,Preventive,,0,,000150000457
WO-2152423,ASSET-00495,Preventive,,0,,000150000458
WO-2152424,ASSET-00495,Preventive,,0,,000150000458
WO-2152425,ASSET-00495,Preventive,,0,,000150000458
WO-2152426,ASSET-00495,Corrective,SENSOR-FAULT,233,1657,000150000458
WO-2152427,ASSET-00495,Preventive,,0,,000150000458
WO-2152428,ASSET-00496,Emergency,BELT-FAILURE,169,1550,000150000459
WO-2152429,ASSET-00496,Corrective,HYDRAULIC-LEAK,43,1879,000150000459
WO-2152430,ASSET-00496,Preventive,,0,,000150000459
WO-2152431,ASSET-00496,Emergency,SENSOR-FAULT,509,261,000150000459
WO-2152432,ASSET-00497,Preventive,,0,,000150000460
WO-2152433,ASSET-00497,Emergency,SPINDLE-SEIZURE,130,356,000150000460
WO-2152434,ASSET-00498,Preventive,,0,,000150000461
WO-2152435,ASSET-00498,Corrective,CALIBRATION-DRIFT,51,1249,000150000461
WO-2152436,ASSET-00498,Preventive,,0,,000150000461
WO-2152437,ASSET-00498,Preventive,,0,,000150000461
WO-2152438,ASSET-00498,Corrective,CALIBRATION-DRIFT,149,582,000150000461
WO-2152439,ASSET-00498,Preventive,,0,,000150000461
WO-2152440,ASSET-00498,Preventive,,0,,000150000461
WO-2152441,ASSET-00498,Preventive,,0,,000150000461
WO-2152442,ASSET-00498,Preventive,,0,,000150000461
WO-2152443,ASSET-00499,Preventive,,0,,000150000462
WO-2152444,ASSET-00499,Preventive,,0,,000150000462
WO-2152445,ASSET-00499,Preventive,,0,,000150000462
WO-2152446,ASSET-00499,Preventive,,0,,000150000462
WO-2152447,ASSET-00500,Preventive,,0,,000150000463
WO-2152448,ASSET-00500,Preventive,,0,,000150000463
WO-2152449,ASSET-00500,Preventive,,0,,000150000463
WO-2152450,ASSET-00500,Corrective,HYDRAULIC-LEAK,137,1511,000150000463
WO-2152451,ASSET-00500,Corrective,MOTOR-BURNOUT,146,648,000150000463
WO-2152452,ASSET-00500,Corrective,MOTOR-BURNOUT,166,215,000150000463
WO-2152453,ASSET-00500,Corrective,HYDRAULIC-LEAK,233,361,000150000463
WO-2152454,ASSET-00500,Preventive,,0,,000150000463
WO-2152455,ASSET-00500,Corrective,BEARING-FAILURE,193,1289,000150000463
WO-2152456,ASSET-00501,Preventive,,0,,000150000464
WO-2152457,ASSET-00501,Preventive,,0,,000150000464
WO-2152458,ASSET-00501,Corrective,HYDRAULIC-LEAK,121,1194,000150000464
WO-2152459,ASSET-00502,Preventive,,0,,000150000465
WO-2152460,ASSET-00502,Emergency,SENSOR-FAULT,98,1094,000150000465
WO-2152461,ASSET-00502,Corrective,CONTROLLER-FAULT,192,1916,000150000465
WO-2152462,ASSET-00502,Corrective,BELT-FAILURE,188,706,000150000465
WO-2152463,ASSET-00502,Preventive,,0,,000150000465
WO-2152464,ASSET-00502,Preventive,,0,,000150000465
WO-2152465,ASSET-00502,Corrective,DIE-WEAR,126,1106,000150000465
WO-2152466,ASSET-00502,Corrective,CALIBRATION-DRIFT,68,1893,000150000465
WO-2152467,ASSET-00502,Preventive,,0,,000150000465
WO-2152468,ASSET-00502,Preventive,,0,,000150000465
WO-2152469,ASSET-00503,Preventive,,0,,000150000466
WO-2152470,ASSET-00503,Preventive,,0,,000150000466
WO-2152471,ASSET-00503,Preventive,,0,,000150000466
WO-2152472,ASSET-00503,Emergency,PNEUMATIC-LEAK,313,1852,000150000466
WO-2152473,ASSET-00503,Preventive,,0,,000150000466
WO-2152474,ASSET-00503,Preventive,,0,,000150000466
WO-2152475,ASSET-00504,Preventive,,0,,000150000467
WO-2152476,ASSET-00504,Corrective,BELT-FAILURE,123,633,000150000467
WO-2152477,ASSET-00504,Emergency,BELT-FAILURE,390,612,000150000467
WO-2152478,ASSET-00504,Corrective,BEARING-FAILURE,67,887,000150000467
WO-2152479,ASSET-00504,Corrective,BEARING-FAILURE,152,1910,000150000467
WO-2152480,ASSET-00505,Preventive,,0,,000150000468
WO-2152481,ASSET-00505,Preventive,,0,,000150000468
WO-2152482,ASSET-00505,Corrective,SPINDLE-SEIZURE,239,1122,000150000468
WO-2152483,ASSET-00505,Preventive,,0,,000150000468
WO-2152484,ASSET-00506,Corrective,CALIBRATION-DRIFT,236,1756,000150000469
WO-2152485,ASSET-00506,Preventive,,0,,000150000469
WO-2152486,ASSET-00506,Preventive,,0,,000150000469
WO-2152487,ASSET-00506,Preventive,,0,,000150000469
WO-2152488,ASSET-00506,Emergency,SPINDLE-SEIZURE,378,1065,000150000469
WO-2152489,ASSET-00507,Preventive,,0,,000150000470
WO-2152490,ASSET-00507,Preventive,,0,,000150000470
WO-2152491,ASSET-00507,Preventive,,0,,000150000470
WO-2152492,ASSET-00507,Emergency,BEARING-FAILURE,585,215,000150000470
WO-2152493,ASSET-00508,Preventive,,0,,000150000471
WO-2152494,ASSET-00508,Preventive,,0,,000150000471
WO-2152495,ASSET-00508,Corrective,SPINDLE-SEIZURE,213,206,000150000471
WO-2152496,ASSET-00508,Preventive,,0,,000150000471
WO-2152497,ASSET-00508,Preventive,,0,,000150000471
WO-2152498,ASSET-00508,Preventive,,0,,000150000471
WO-2152499,ASSET-00509,Preventive,,0,,000150000472
WO-2152500,ASSET-00509,Preventive,,0,,000150000472
WO-2152501,ASSET-00509,Corrective,DIE-WEAR,75,1831,000150000472
WO-2152502,ASSET-00510,Corrective,BELT-FAILURE,40,583,000150000473
WO-2152503,ASSET-00510,Corrective,MOTOR-BURNOUT,172,1419,000150000473
WO-2152504,ASSET-00510,Preventive,,0,,000150000473
WO-2152505,ASSET-00510,Corrective,HYDRAULIC-LEAK,132,251,000150000473
WO-2152506,ASSET-00510,Corrective,PNEUMATIC-LEAK,206,280,000150000473
WO-2152507,ASSET-00510,Preventive,,0,,000150000473
WO-2152508,ASSET-00510,Preventive,,0,,000150000473
WO-2152509,ASSET-00510,Preventive,,0,,000150000473
WO-2152510,ASSET-00511,Corrective,CONTROLLER-FAULT,147,1073,000150000474
WO-2152511,ASSET-00511,Preventive,,0,,000150000474
WO-2152512,ASSET-00511,Preventive,,0,,000150000474
WO-2152513,ASSET-00511,Preventive,,0,,000150000474
WO-2152514,ASSET-00511,Emergency,CONTROLLER-FAULT,395,970,000150000474
WO-2152515,ASSET-00512,Emergency,BEARING-FAILURE,288,781,000150000475
WO-2152516,ASSET-00512,Corrective,CONTROLLER-FAULT,149,1819,000150000475
WO-2152517,ASSET-00512,Preventive,,0,,000150000475
WO-2152518,ASSET-00512,Preventive,,0,,000150000475
WO-2152519,ASSET-00512,Emergency,HYDRAULIC-LEAK,415,1664,000150000475
WO-2152520,ASSET-00512,Preventive,,0,,000150000475
WO-2152521,ASSET-00512,Preventive,,0,,000150000475
WO-2152522,ASSET-00512,Preventive,,0,,000150000475
WO-2152523,ASSET-00513,Preventive,,0,,000150000476
WO-2152524,ASSET-00513,Preventive,,0,,000150000476
WO-2152525,ASSET-00513,Preventive,,0,,000150000476
WO-2152526,ASSET-00514,Corrective,CALIBRATION-DRIFT,97,1471,000150000477
WO-2152527,ASSET-00514,Corrective,BEARING-FAILURE,172,287,000150000477
WO-2152528,ASSET-00514,Preventive,,0,,000150000477
WO-2152529,ASSET-00514,Corrective,MOTOR-BURNOUT,197,1916,000150000477
WO-2152530,ASSET-00515,Corrective,SPINDLE-SEIZURE,141,1080,000150000478
WO-2152531,ASSET-00515,Preventive,,0,,000150000478
WO-2152532,ASSET-00515,Preventive,,0,,000150000478
WO-2152533,ASSET-00515,Preventive,,0,,000150000478
WO-2152534,ASSET-00516,Preventive,,0,,
WO-2152535,ASSET-00517,Preventive,,0,,000150000479
WO-2152536,ASSET-00517,Preventive,,0,,000150000479
WO-2152537,ASSET-00517,Preventive,,0,,000150000479
WO-2152538,ASSET-00517,Preventive,,0,,000150000479
WO-2152539,ASSET-00517,Emergency,BELT-FAILURE,171,681,000150000479
WO-2152540,ASSET-00517,Preventive,,0,,000150000479
WO-2152541,ASSET-00517,Preventive,,0,,000150000479
WO-2152542,ASSET-00518,Corrective,DIE-WEAR,35,1750,000150000480
WO-2152543,ASSET-00518,Preventive,,0,,000150000480
WO-2152544,ASSET-00518,Corrective,HYDRAULIC-LEAK,197,1917,000150000480
WO-2152545,ASSET-00518,Corrective,CONTROLLER-FAULT,165,613,000150000480
WO-2152546,ASSET-00518,Emergency,BEARING-FAILURE,285,260,000150000480
WO-2152547,ASSET-00518,Preventive,,0,,000150000480
WO-2152548,ASSET-00518,Preventive,,0,,000150000480
WO-2152549,ASSET-00519,Corrective,HYDRAULIC-LEAK,237,1927,000150000481
WO-2152550,ASSET-00519,Preventive,,0,,000150000481
WO-2152551,ASSET-00519,Corrective,SENSOR-FAULT,178,1885,000150000481
WO-2152552,ASSET-00519,Corrective,MOTOR-BURNOUT,74,786,000150000481
WO-2152553,ASSET-00519,Preventive,,0,,000150000481
WO-2152554,ASSET-00519,Corrective,BEARING-FAILURE,223,684,000150000481
WO-2152555,ASSET-00520,Emergency,SPINDLE-SEIZURE,511,505,000150000482
WO-2152556,ASSET-00520,Corrective,BEARING-FAILURE,92,1582,000150000482
WO-2152557,ASSET-00520,Preventive,,0,,000150000482
WO-2152558,ASSET-00520,Preventive,,0,,000150000482
WO-2152559,ASSET-00521,Preventive,,0,,000150000483
WO-2152560,ASSET-00521,Preventive,,0,,000150000483
WO-2152561,ASSET-00521,Preventive,,0,,000150000483
WO-2152562,ASSET-00521,Preventive,,0,,000150000483
WO-2152563,ASSET-00522,Preventive,,0,,000150000484
WO-2152564,ASSET-00522,Preventive,,0,,000150000484
WO-2152565,ASSET-00522,Corrective,BEARING-FAILURE,169,1846,000150000484
WO-2152566,ASSET-00522,Corrective,BEARING-FAILURE,119,825,000150000484
WO-2152567,ASSET-00522,Corrective,MOTOR-BURNOUT,166,528,000150000484
WO-2152568,ASSET-00523,Preventive,,0,,000150000485
WO-2152569,ASSET-00523,Corrective,DIE-WEAR,181,1529,000150000485
WO-2152570,ASSET-00523,Corrective,SENSOR-FAULT,182,307,000150000485
WO-2152571,ASSET-00524,Corrective,CALIBRATION-DRIFT,69,1445,000150000486
WO-2152572,ASSET-00524,Preventive,,0,,000150000486
WO-2152573,ASSET-00525,Preventive,,0,,000150000487
WO-2152574,ASSET-00525,Preventive,,0,,000150000487
WO-2152575,ASSET-00526,Corrective,BEARING-FAILURE,201,722,000150000488
WO-2152576,ASSET-00526,Preventive,,0,,000150000488
WO-2152577,ASSET-00526,Emergency,CALIBRATION-DRIFT,246,278,000150000488
WO-2152578,ASSET-00527,Emergency,SPINDLE-SEIZURE,125,852,000150000489
WO-2152579,ASSET-00527,Corrective,SENSOR-FAULT,62,1976,000150000489
WO-2152580,ASSET-00527,Corrective,BELT-FAILURE,221,708,000150000489
WO-2152581,ASSET-00527,Preventive,,0,,000150000489
WO-2152582,ASSET-00527,Preventive,,0,,000150000489
WO-2152583,ASSET-00527,Corrective,SPINDLE-SEIZURE,129,1177,000150000489
WO-2152584,ASSET-00528,Preventive,,0,,000150000490
WO-2152585,ASSET-00528,Corrective,CALIBRATION-DRIFT,57,1079,000150000490
WO-2152586,ASSET-00528,Corrective,DIE-WEAR,201,1835,000150000490
WO-2152587,ASSET-00528,Preventive,,0,,000150000490
WO-2152588,ASSET-00528,Preventive,,0,,000150000490
WO-2152589,ASSET-00528,Preventive,,0,,000150000490
WO-2152590,ASSET-00528,Emergency,SENSOR-FAULT,467,1092,000150000490
WO-2152591,ASSET-00529,Preventive,,0,,000150000491
WO-2152592,ASSET-00529,Corrective,SENSOR-FAULT,56,294,000150000491
WO-2152593,ASSET-00529,Corrective,BELT-FAILURE,189,1155,000150000491
WO-2152594,ASSET-00529,Preventive,,0,,000150000491
WO-2152595,ASSET-00529,Preventive,,0,,000150000491
WO-2152596,ASSET-00529,Preventive,,0,,000150000491
WO-2152597,ASSET-00529,Corrective,MOTOR-BURNOUT,71,900,000150000491
WO-2152598,ASSET-00530,Corrective,CONTROLLER-FAULT,35,1820,000150000492
WO-2152599,ASSET-00530,Corrective,HYDRAULIC-LEAK,74,1997,000150000492
WO-2152600,ASSET-00530,Corrective,DIE-WEAR,84,1099,000150000492
WO-2152601,ASSET-00530,Corrective,DIE-WEAR,153,310,000150000492
WO-2152602,ASSET-00530,Preventive,,0,,000150000492
WO-2152603,ASSET-00530,Preventive,,0,,000150000492
WO-2152604,ASSET-00530,Corrective,MOTOR-BURNOUT,212,420,000150000492
WO-2152605,ASSET-00530,Preventive,,0,,000150000492
WO-2152606,ASSET-00530,Preventive,,0,,000150000492
WO-2152607,ASSET-00531,Preventive,,0,,000150000493
WO-2152608,ASSET-00531,Emergency,PNEUMATIC-LEAK,351,1929,000150000493
WO-2152609,ASSET-00531,Preventive,,0,,000150000493
WO-2152610,ASSET-00531,Preventive,,0,,000150000493
WO-2152611,ASSET-00531,Preventive,,0,,000150000493
WO-2152612,ASSET-00532,Corrective,CALIBRATION-DRIFT,103,1790,000150000494
WO-2152613,ASSET-00532,Preventive,,0,,000150000494
WO-2152614,ASSET-00533,Emergency,PNEUMATIC-LEAK,109,1849,000150000495
WO-2152615,ASSET-00533,Emergency,CALIBRATION-DRIFT,526,590,000150000495
WO-2152616,ASSET-00533,Corrective,SPINDLE-SEIZURE,54,690,000150000495
WO-2152617,ASSET-00533,Preventive,,0,,000150000495
WO-2152618,ASSET-00534,Corrective,SPINDLE-SEIZURE,184,548,000150000496
WO-2152619,ASSET-00534,Corrective,HYDRAULIC-LEAK,223,1052,000150000496
WO-2152620,ASSET-00534,Preventive,,0,,000150000496
WO-2152621,ASSET-00534,Corrective,MOTOR-BURNOUT,33,1318,000150000496
WO-2152622,ASSET-00534,Preventive,,0,,000150000496
WO-2152623,ASSET-00535,Preventive,,0,,
WO-2152624,ASSET-00535,Corrective,HYDRAULIC-LEAK,225,1417,
WO-2152625,ASSET-00535,Preventive,,0,,
WO-2152626,ASSET-00535,Preventive,,0,,
WO-2152627,ASSET-00536,Corrective,SENSOR-FAULT,119,633,000150000497
WO-2152628,ASSET-00536,Preventive,,0,,000150000497
WO-2152629,ASSET-00536,Preventive,,0,,000150000497
WO-2152630,ASSET-00536,Corrective,CONTROLLER-FAULT,183,1208,000150000497
WO-2152631,ASSET-00536,Preventive,,0,,000150000497
WO-2152632,ASSET-00537,Preventive,,0,,
WO-2152633,ASSET-00537,Preventive,,0,,
WO-2152634,ASSET-00537,Preventive,,0,,
WO-2152635,ASSET-00537,Corrective,BEARING-FAILURE,57,1320,
WO-2152636,ASSET-00537,Corrective,SPINDLE-SEIZURE,80,564,
WO-2152637,ASSET-00538,Preventive,,0,,000150000498
WO-2152638,ASSET-00538,Preventive,,0,,000150000498
WO-2152639,ASSET-00538,Emergency,SENSOR-FAULT,460,740,000150000498
WO-2152640,ASSET-00538,Emergency,PNEUMATIC-LEAK,112,1301,000150000498
WO-2152641,ASSET-00538,Corrective,HYDRAULIC-LEAK,63,1533,000150000498
WO-2152642,ASSET-00539,Corrective,PNEUMATIC-LEAK,113,1830,000150000499
WO-2152643,ASSET-00539,Preventive,,0,,000150000499
WO-2152644,ASSET-00539,Emergency,CONTROLLER-FAULT,254,1425,000150000499
WO-2152645,ASSET-00539,Corrective,BEARING-FAILURE,91,609,000150000499
WO-2152646,ASSET-00540,Emergency,SPINDLE-SEIZURE,61,856,000150000500
WO-2152647,ASSET-00540,Emergency,MOTOR-BURNOUT,303,670,000150000500
WO-2152648,ASSET-00540,Preventive,,0,,000150000500
WO-2152649,ASSET-00540,Preventive,,0,,000150000500
WO-2152650,ASSET-00541,Corrective,HYDRAULIC-LEAK,151,1543,000150000501
WO-2152651,ASSET-00541,Corrective,CONTROLLER-FAULT,54,1885,000150000501
WO-2152652,ASSET-00541,Corrective,SPINDLE-SEIZURE,173,1305,000150000501
WO-2152653,ASSET-00541,Preventive,,0,,000150000501
WO-2152654,ASSET-00541,Emergency,PNEUMATIC-LEAK,176,1538,000150000501
WO-2152655,ASSET-00541,Corrective,PNEUMATIC-LEAK,130,911,000150000501
WO-2152656,ASSET-00542,Preventive,,0,,000150000502
WO-2152657,ASSET-00542,Preventive,,0,,000150000502
WO-2152658,ASSET-00542,Preventive,,0,,000150000502
WO-2152659,ASSET-00542,Preventive,,0,,000150000502
WO-2152660,ASSET-00542,Preventive,,0,,000150000502
WO-2152661,ASSET-00543,Preventive,,0,,000150000503
WO-2152662,ASSET-00543,Preventive,,0,,000150000503
WO-2152663,ASSET-00543,Preventive,,0,,000150000503
WO-2152664,ASSET-00543,Corrective,MOTOR-BURNOUT,229,1618,000150000503
WO-2152665,ASSET-00543,Emergency,BEARING-FAILURE,357,1316,000150000503
WO-2152666,ASSET-00544,Corrective,PNEUMATIC-LEAK,72,355,
WO-2152667,ASSET-00544,Preventive,,0,,
WO-2152668,ASSET-00544,Preventive,,0,,
WO-2152669,ASSET-00544,Preventive,,0,,
WO-2152670,ASSET-00545,Preventive,,0,,000150000504
WO-2152671,ASSET-00545,Preventive,,0,,000150000504
WO-2152672,ASSET-00545,Emergency,BEARING-FAILURE,503,1089,000150000504
WO-2152673,ASSET-00545,Corrective,PNEUMATIC-LEAK,118,961,000150000504
WO-2152674,ASSET-00545,Corrective,MOTOR-BURNOUT,122,383,000150000504
WO-2152675,ASSET-00545,Corrective,DIE-WEAR,227,711,000150000504
WO-2152676,ASSET-00545,Corrective,HYDRAULIC-LEAK,124,1737,000150000504
WO-2152677,ASSET-00546,Corrective,SENSOR-FAULT,126,1205,000150000505
WO-2152678,ASSET-00546,Corrective,CONTROLLER-FAULT,83,1748,000150000505
WO-2152679,ASSET-00546,Preventive,,0,,000150000505
WO-2152680,ASSET-00547,Emergency,CONTROLLER-FAULT,221,1712,000150000506
WO-2152681,ASSET-00547,Emergency,PNEUMATIC-LEAK,133,606,000150000506
WO-2152682,ASSET-00547,Preventive,,0,,000150000506
WO-2152683,ASSET-00547,Preventive,,0,,000150000506
WO-2152684,ASSET-00547,Preventive,,0,,000150000506
WO-2152685,ASSET-00547,Preventive,,0,,000150000506
WO-2152686,ASSET-00548,Preventive,,0,,000150000507
WO-2152687,ASSET-00548,Corrective,CONTROLLER-FAULT,168,411,000150000507
WO-2152688,ASSET-00548,Preventive,,0,,000150000507
WO-2152689,ASSET-00548,Preventive,,0,,000150000507
WO-2152690,ASSET-00548,Preventive,,0,,000150000507
WO-2152691,ASSET-00548,Preventive,,0,,000150000507
WO-2152692,ASSET-00548,Preventive,,0,,000150000507
WO-2152693,ASSET-00548,Preventive,,0,,000150000507
WO-2152694,ASSET-00548,Preventive,,0,,000150000507
WO-2152695,ASSET-00549,Preventive,,0,,000150000508
WO-2152696,ASSET-00549,Corrective,CONTROLLER-FAULT,155,725,000150000508
WO-2152697,ASSET-00549,Preventive,,0,,000150000508
WO-2152698,ASSET-00549,Preventive,,0,,000150000508
WO-2152699,ASSET-00549,Preventive,,0,,000150000508
WO-2152700,ASSET-00549,Corrective,SENSOR-FAULT,46,489,000150000508
WO-2152701,ASSET-00549,Preventive,,0,,000150000508
WO-2152702,ASSET-00550,Preventive,,0,,000150000509
WO-2152703,ASSET-00550,Corrective,MOTOR-BURNOUT,197,1728,000150000509
WO-2152704,ASSET-00550,Emergency,SENSOR-FAULT,368,761,000150000509
WO-2152705,ASSET-00550,Preventive,,0,,000150000509
WO-2152706,ASSET-00550,Preventive,,0,,000150000509
WO-2152707,ASSET-00550,Corrective,SENSOR-FAULT,59,1945,000150000509
WO-2152708,ASSET-00550,Corrective,DIE-WEAR,150,936,000150000509
WO-2152709,ASSET-00550,Emergency,SENSOR-FAULT,476,252,000150000509
WO-2152710,ASSET-00551,Corrective,CONTROLLER-FAULT,205,1059,000150000510
WO-2152711,ASSET-00551,Corrective,MOTOR-BURNOUT,47,432,000150000510
WO-2152712,ASSET-00551,Preventive,,0,,000150000510
WO-2152713,ASSET-00551,Preventive,,0,,000150000510
WO-2152714,ASSET-00551,Preventive,,0,,000150000510
WO-2152715,ASSET-00551,Emergency,DIE-WEAR,228,1282,000150000510
WO-2152716,ASSET-00551,Preventive,,0,,000150000510
WO-2152717,ASSET-00551,Preventive,,0,,000150000510
WO-2152718,ASSET-00551,Preventive,,0,,000150000510
WO-2152719,ASSET-00551,Preventive,,0,,000150000510
WO-2152720,ASSET-00552,Preventive,,0,,000150000511
WO-2152721,ASSET-00552,Corrective,DIE-WEAR,45,354,000150000511
WO-2152722,ASSET-00553,Corrective,CALIBRATION-DRIFT,104,1924,000150000512
WO-2152723,ASSET-00553,Preventive,,0,,000150000512
WO-2152724,ASSET-00553,Emergency,MOTOR-BURNOUT,557,439,000150000512
WO-2152725,ASSET-00554,Preventive,,0,,000150000513
WO-2152726,ASSET-00554,Preventive,,0,,000150000513
WO-2152727,ASSET-00554,Corrective,HYDRAULIC-LEAK,35,756,000150000513
WO-2152728,ASSET-00554,Corrective,MOTOR-BURNOUT,77,1584,000150000513
WO-2152729,ASSET-00554,Preventive,,0,,000150000513
WO-2152730,ASSET-00554,Preventive,,0,,000150000513
WO-2152731,ASSET-00554,Preventive,,0,,000150000513
WO-2152732,ASSET-00555,Corrective,MOTOR-BURNOUT,34,661,000150000514
WO-2152733,ASSET-00555,Corrective,MOTOR-BURNOUT,234,1826,000150000514
WO-2152734,ASSET-00555,Corrective,BEARING-FAILURE,91,1395,000150000514
WO-2152735,ASSET-00555,Preventive,,0,,000150000514
WO-2152736,ASSET-00555,Preventive,,0,,000150000514
WO-2152737,ASSET-00555,Corrective,SENSOR-FAULT,94,1681,000150000514
WO-2152738,ASSET-00555,Corrective,DIE-WEAR,105,821,000150000514
WO-2152739,ASSET-00555,Preventive,,0,,000150000514
WO-2152740,ASSET-00555,Corrective,HYDRAULIC-LEAK,233,1906,000150000514
WO-2152741,ASSET-00556,Corrective,DIE-WEAR,82,1929,
WO-2152742,ASSET-00556,Corrective,CALIBRATION-DRIFT,130,1876,
WO-2152743,ASSET-00556,Preventive,,0,,
WO-2152744,ASSET-00556,Preventive,,0,,
WO-2152745,ASSET-00556,Preventive,,0,,
WO-2152746,ASSET-00556,Corrective,CALIBRATION-DRIFT,136,867,
WO-2152747,ASSET-00556,Corrective,SENSOR-FAULT,152,1102,
WO-2152748,ASSET-00557,Preventive,,0,,000150000515
WO-2152749,ASSET-00557,Preventive,,0,,000150000515
WO-2152750,ASSET-00557,Emergency,SPINDLE-SEIZURE,152,1294,000150000515
WO-2152751,ASSET-00557,Corrective,SPINDLE-SEIZURE,37,1874,000150000515
WO-2152752,ASSET-00558,Preventive,,0,,000150000516
WO-2152753,ASSET-00558,Preventive,,0,,000150000516
WO-2152754,ASSET-00558,Preventive,,0,,000150000516
WO-2152755,ASSET-00558,Preventive,,0,,000150000516
WO-2152756,ASSET-00559,Corrective,MOTOR-BURNOUT,65,1346,000150000517
WO-2152757,ASSET-00559,Preventive,,0,,000150000517
WO-2152758,ASSET-00559,Preventive,,0,,000150000517
WO-2152759,ASSET-00559,Preventive,,0,,000150000517
WO-2152760,ASSET-00559,Corrective,SENSOR-FAULT,91,1942,000150000517
WO-2152761,ASSET-00559,Corrective,PNEUMATIC-LEAK,69,1198,000150000517
WO-2152762,ASSET-00560,Emergency,BELT-FAILURE,317,1343,000150000518
WO-2152763,ASSET-00560,Preventive,,0,,000150000518
WO-2152764,ASSET-00561,Preventive,,0,,000150000519
WO-2152765,ASSET-00561,Corrective,CALIBRATION-DRIFT,122,1790,000150000519
WO-2152766,ASSET-00561,Corrective,SENSOR-FAULT,102,609,000150000519
WO-2152767,ASSET-00561,Preventive,,0,,000150000519
WO-2152768,ASSET-00561,Preventive,,0,,000150000519
WO-2152769,ASSET-00561,Corrective,DIE-WEAR,100,313,000150000519
WO-2152770,ASSET-00561,Corrective,HYDRAULIC-LEAK,115,1276,000150000519
WO-2152771,ASSET-00562,Corrective,MOTOR-BURNOUT,136,1374,000150000520
WO-2152772,ASSET-00562,Corrective,CONTROLLER-FAULT,148,1250,000150000520
WO-2152773,ASSET-00562,Preventive,,0,,000150000520
WO-2152774,ASSET-00562,Preventive,,0,,000150000520
WO-2152775,ASSET-00563,Preventive,,0,,000150000521
WO-2152776,ASSET-00563,Preventive,,0,,000150000521
WO-2152777,ASSET-00564,Emergency,PNEUMATIC-LEAK,523,388,000150000522
WO-2152778,ASSET-00564,Preventive,,0,,000150000522
WO-2152779,ASSET-00564,Corrective,MOTOR-BURNOUT,175,1724,000150000522
WO-2152780,ASSET-00564,Corrective,CONTROLLER-FAULT,66,1892,000150000522
WO-2152781,ASSET-00564,Preventive,,0,,000150000522
WO-2152782,ASSET-00564,Corrective,SPINDLE-SEIZURE,143,1225,000150000522
WO-2152783,ASSET-00564,Corrective,HYDRAULIC-LEAK,171,1187,000150000522
WO-2152784,ASSET-00564,Corrective,MOTOR-BURNOUT,104,462,000150000522
WO-2152785,ASSET-00565,Corrective,BELT-FAILURE,170,447,000150000523
WO-2152786,ASSET-00565,Preventive,,0,,000150000523
WO-2152787,ASSET-00565,Preventive,,0,,000150000523
WO-2152788,ASSET-00565,Corrective,HYDRAULIC-LEAK,93,842,000150000523
WO-2152789,ASSET-00565,Preventive,,0,,000150000523
WO-2152790,ASSET-00566,Preventive,,0,,000150000524
WO-2152791,ASSET-00566,Corrective,SENSOR-FAULT,129,1250,000150000524
WO-2152792,ASSET-00566,Preventive,,0,,000150000524
WO-2152793,ASSET-00566,Corrective,CONTROLLER-FAULT,178,1308,000150000524
WO-2152794,ASSET-00566,Preventive,,0,,000150000524
WO-2152795,ASSET-00566,Preventive,,0,,000150000524
WO-2152796,ASSET-00566,Corrective,BELT-FAILURE,104,1226,000150000524
WO-2152797,ASSET-00567,Preventive,,0,,000150000525
WO-2152798,ASSET-00567,Preventive,,0,,000150000525
WO-2152799,ASSET-00567,Preventive,,0,,000150000525
WO-2152800,ASSET-00567,Preventive,,0,,000150000525
WO-2152801,ASSET-00567,Corrective,MOTOR-BURNOUT,186,586,000150000525
WO-2152802,ASSET-00567,Corrective,SPINDLE-SEIZURE,169,741,000150000525
WO-2152803,ASSET-00567,Preventive,,0,,000150000525
WO-2152804,ASSET-00567,Corrective,SENSOR-FAULT,136,1537,000150000525
WO-2152805,ASSET-00567,Preventive,,0,,000150000525
WO-2152806,ASSET-00568,Preventive,,0,,000150000526
WO-2152807,ASSET-00568,Preventive,,0,,000150000526
WO-2152808,ASSET-00568,Preventive,,0,,000150000526
WO-2152809,ASSET-00568,Corrective,HYDRAULIC-LEAK,108,612,000150000526
WO-2152810,ASSET-00568,Preventive,,0,,000150000526
WO-2152811,ASSET-00568,Preventive,,0,,000150000526
WO-2152812,ASSET-00568,Preventive,,0,,000150000526
WO-2152813,ASSET-00568,Preventive,,0,,000150000526
WO-2152814,ASSET-00569,Corrective,MOTOR-BURNOUT,64,1787,000150000527
WO-2152815,ASSET-00569,Preventive,,0,,000150000527
WO-2152816,ASSET-00569,Preventive,,0,,000150000527
WO-2152817,ASSET-00569,Preventive,,0,,000150000527
WO-2152818,ASSET-00569,Preventive,,0,,000150000527
WO-2152819,ASSET-00569,Preventive,,0,,000150000527
WO-2152820,ASSET-00570,Preventive,,0,,000150000528
WO-2152821,ASSET-00570,Preventive,,0,,000150000528
WO-2152822,ASSET-00570,Preventive,,0,,000150000528
WO-2152823,ASSET-00570,Emergency,CALIBRATION-DRIFT,250,1869,000150000528
WO-2152824,ASSET-00571,Emergency,DIE-WEAR,179,1450,000150000529
WO-2152825,ASSET-00571,Corrective,SPINDLE-SEIZURE,182,1475,000150000529
WO-2152826,ASSET-00572,Preventive,,0,,000150000530
WO-2152827,ASSET-00572,Preventive,,0,,000150000530
WO-2152828,ASSET-00572,Corrective,SPINDLE-SEIZURE,156,1580,000150000530
WO-2152829,ASSET-00572,Preventive,,0,,000150000530
WO-2152830,ASSET-00572,Preventive,,0,,000150000530
WO-2152831,ASSET-00572,Corrective,DIE-WEAR,198,1795,000150000530
WO-2152832,ASSET-00573,Emergency,BEARING-FAILURE,152,646,000150000531
WO-2152833,ASSET-00573,Preventive,,0,,000150000531
WO-2152834,ASSET-00573,Preventive,,0,,000150000531
WO-2152835,ASSET-00573,Corrective,CONTROLLER-FAULT,192,1132,000150000531
WO-2152836,ASSET-00573,Emergency,HYDRAULIC-LEAK,398,470,000150000531
WO-2152837,ASSET-00574,Corrective,MOTOR-BURNOUT,45,798,000150000532
WO-2152838,ASSET-00574,Emergency,BEARING-FAILURE,371,263,000150000532
WO-2152839,ASSET-00574,Corrective,BEARING-FAILURE,181,1544,000150000532
WO-2152840,ASSET-00574,Preventive,,0,,000150000532
WO-2152841,ASSET-00574,Corrective,CALIBRATION-DRIFT,148,825,000150000532
WO-2152842,ASSET-00574,Corrective,CALIBRATION-DRIFT,83,1023,000150000532
WO-2152843,ASSET-00574,Corrective,CONTROLLER-FAULT,175,1590,000150000532
WO-2152844,ASSET-00575,Emergency,MOTOR-BURNOUT,158,232,000150000533
WO-2152845,ASSET-00575,Corrective,SPINDLE-SEIZURE,106,1808,000150000533
WO-2152846,ASSET-00575,Preventive,,0,,000150000533
WO-2152847,ASSET-00576,Preventive,,0,,000150000534
WO-2152848,ASSET-00576,Preventive,,0,,000150000534
WO-2152849,ASSET-00577,Preventive,,0,,000150000535
WO-2152850,ASSET-00577,Preventive,,0,,000150000535
WO-2152851,ASSET-00577,Preventive,,0,,000150000535
WO-2152852,ASSET-00577,Emergency,MOTOR-BURNOUT,319,661,000150000535
WO-2152853,ASSET-00578,Emergency,SPINDLE-SEIZURE,192,1870,000150000536
WO-2152854,ASSET-00578,Preventive,,0,,000150000536
WO-2152855,ASSET-00578,Preventive,,0,,000150000536
WO-2152856,ASSET-00578,Preventive,,0,,000150000536
WO-2152857,ASSET-00578,Preventive,,0,,000150000536
WO-2152858,ASSET-00579,Corrective,BEARING-FAILURE,36,1408,000150000537
WO-2152859,ASSET-00579,Preventive,,0,,000150000537
WO-2152860,ASSET-00579,Emergency,CALIBRATION-DRIFT,597,599,000150000537
WO-2152861,ASSET-00579,Preventive,,0,,000150000537
WO-2152862,ASSET-00579,Preventive,,0,,000150000537
WO-2152863,ASSET-00579,Corrective,BEARING-FAILURE,54,807,000150000537
WO-2152864,ASSET-00579,Corrective,BELT-FAILURE,31,783,000150000537
WO-2152865,ASSET-00580,Preventive,,0,,000150000538
WO-2152866,ASSET-00580,Preventive,,0,,000150000538
WO-2152867,ASSET-00580,Corrective,DIE-WEAR,51,1760,000150000538
WO-2152868,ASSET-00581,Corrective,SENSOR-FAULT,36,603,000150000539
WO-2152869,ASSET-00581,Preventive,,0,,000150000539
WO-2152870,ASSET-00581,Preventive,,0,,000150000539
WO-2152871,ASSET-00581,Preventive,,0,,000150000539
WO-2152872,ASSET-00582,Emergency,CONTROLLER-FAULT,164,635,000150000540
WO-2152873,ASSET-00582,Preventive,,0,,000150000540
WO-2152874,ASSET-00582,Preventive,,0,,000150000540
WO-2152875,ASSET-00582,Preventive,,0,,000150000540
WO-2152876,ASSET-00582,Emergency,PNEUMATIC-LEAK,321,1101,000150000540
WO-2152877,ASSET-00583,Preventive,,0,,000150000541
WO-2152878,ASSET-00583,Corrective,CALIBRATION-DRIFT,128,684,000150000541
WO-2152879,ASSET-00583,Preventive,,0,,000150000541
WO-2152880,ASSET-00583,Preventive,,0,,000150000541
WO-2152881,ASSET-00583,Preventive,,0,,000150000541
WO-2152882,ASSET-00584,Corrective,HYDRAULIC-LEAK,126,703,000150000542
WO-2152883,ASSET-00584,Preventive,,0,,000150000542
WO-2152884,ASSET-00584,Corrective,SPINDLE-SEIZURE,84,1949,000150000542
WO-2152885,ASSET-00584,Preventive,,0,,000150000542
WO-2152886,ASSET-00584,Preventive,,0,,000150000542
WO-2152887,ASSET-00584,Corrective,CONTROLLER-FAULT,153,1892,000150000542
WO-2152888,ASSET-00584,Preventive,,0,,000150000542
WO-2152889,ASSET-00584,Emergency,MOTOR-BURNOUT,554,648,000150000542
WO-2152890,ASSET-00584,Corrective,MOTOR-BURNOUT,154,1505,000150000542
WO-2152891,ASSET-00585,Corrective,BELT-FAILURE,90,427,000150000543
WO-2152892,ASSET-00585,Corrective,CONTROLLER-FAULT,146,1176,000150000543
WO-2152893,ASSET-00585,Preventive,,0,,000150000543
WO-2152894,ASSET-00585,Corrective,SENSOR-FAULT,175,974,000150000543
WO-2152895,ASSET-00585,Emergency,CALIBRATION-DRIFT,488,375,000150000543
WO-2152896,ASSET-00586,Preventive,,0,,000150000544
WO-2152897,ASSET-00586,Preventive,,0,,000150000544
WO-2152898,ASSET-00586,Preventive,,0,,000150000544
WO-2152899,ASSET-00586,Corrective,PNEUMATIC-LEAK,163,439,000150000544
WO-2152900,ASSET-00586,Preventive,,0,,000150000544
WO-2152901,ASSET-00586,Emergency,DIE-WEAR,545,1218,000150000544
WO-2152902,ASSET-00587,Preventive,,0,,000150000545
WO-2152903,ASSET-00587,Preventive,,0,,000150000545
WO-2152904,ASSET-00587,Corrective,DIE-WEAR,140,1794,000150000545
WO-2152905,ASSET-00587,Preventive,,0,,000150000545
WO-2152906,ASSET-00587,Emergency,DIE-WEAR,127,1874,000150000545
WO-2152907,ASSET-00588,Corrective,DIE-WEAR,155,903,000150000546
WO-2152908,ASSET-00588,Preventive,,0,,000150000546
WO-2152909,ASSET-00588,Corrective,MOTOR-BURNOUT,139,1315,000150000546
WO-2152910,ASSET-00588,Preventive,,0,,000150000546
WO-2152911,ASSET-00588,Preventive,,0,,000150000546
WO-2152912,ASSET-00588,Corrective,DIE-WEAR,114,1830,000150000546
WO-2152913,ASSET-00588,Preventive,,0,,000150000546
WO-2152914,ASSET-00589,Preventive,,0,,000150000547
WO-2152915,ASSET-00589,Preventive,,0,,000150000547
WO-2152916,ASSET-00589,Emergency,BELT-FAILURE,433,680,000150000547
WO-2152917,ASSET-00590,Preventive,,0,,000150000548
WO-2152918,ASSET-00590,Preventive,,0,,000150000548
WO-2152919,ASSET-00590,Preventive,,0,,000150000548
WO-2152920,ASSET-00590,Preventive,,0,,000150000548
WO-2152921,ASSET-00590,Preventive,,0,,000150000548
WO-2152922,ASSET-00591,Corrective,BEARING-FAILURE,177,1248,000150000549
WO-2152923,ASSET-00591,Corrective,DIE-WEAR,194,847,000150000549
WO-2152924,ASSET-00591,Preventive,,0,,000150000549
WO-2152925,ASSET-00591,Preventive,,0,,000150000549
WO-2152926,ASSET-00591,Corrective,BEARING-FAILURE,109,1591,000150000549
WO-2152927,ASSET-00591,Preventive,,0,,000150000549
WO-2152928,ASSET-00592,Preventive,,0,,000150000550
WO-2152929,ASSET-00592,Emergency,CALIBRATION-DRIFT,231,1826,000150000550
WO-2152930,ASSET-00592,Emergency,DIE-WEAR,467,736,000150000550
WO-2152931,ASSET-00592,Preventive,,0,,000150000550
WO-2152932,ASSET-00593,Preventive,,0,,000150000551
WO-2152933,ASSET-00593,Preventive,,0,,000150000551
WO-2152934,ASSET-00593,Emergency,CONTROLLER-FAULT,484,1857,000150000551
WO-2152935,ASSET-00593,Corrective,PNEUMATIC-LEAK,33,738,000150000551
WO-2152936,ASSET-00593,Preventive,,0,,000150000551
WO-2152937,ASSET-00594,Emergency,BELT-FAILURE,295,645,000150000552
WO-2152938,ASSET-00594,Preventive,,0,,000150000552
WO-2152939,ASSET-00594,Emergency,BELT-FAILURE,186,600,000150000552
WO-2152940,ASSET-00594,Preventive,,0,,000150000552
WO-2152941,ASSET-00594,Preventive,,0,,000150000552
WO-2152942,ASSET-00594,Corrective,HYDRAULIC-LEAK,174,1163,000150000552
WO-2152943,ASSET-00594,Corrective,BELT-FAILURE,96,1168,000150000552
WO-2152944,ASSET-00595,Preventive,,0,,
WO-2152945,ASSET-00595,Emergency,MOTOR-BURNOUT,110,511,
WO-2152946,ASSET-00595,Corrective,SENSOR-FAULT,223,502,
WO-2152947,ASSET-00596,Corrective,BEARING-FAILURE,40,874,000150000553
WO-2152948,ASSET-00596,Corrective,MOTOR-BURNOUT,118,1115,000150000553
WO-2152949,ASSET-00596,Corrective,CALIBRATION-DRIFT,143,1092,000150000553
WO-2152950,ASSET-00596,Preventive,,0,,000150000553
WO-2152951,ASSET-00596,Preventive,,0,,000150000553
WO-2152952,ASSET-00596,Preventive,,0,,000150000553
WO-2152953,ASSET-00597,Corrective,DIE-WEAR,109,293,000150000554
WO-2152954,ASSET-00597,Preventive,,0,,000150000554
WO-2152955,ASSET-00597,Preventive,,0,,000150000554
WO-2152956,ASSET-00597,Preventive,,0,,000150000554
WO-2152957,ASSET-00597,Preventive,,0,,000150000554
WO-2152958,ASSET-00597,Preventive,,0,,000150000554
WO-2152959,ASSET-00598,Corrective,CALIBRATION-DRIFT,76,1359,000150000555
WO-2152960,ASSET-00598,Preventive,,0,,000150000555
WO-2152961,ASSET-00598,Corrective,BEARING-FAILURE,198,803,000150000555
WO-2152962,ASSET-00598,Preventive,,0,,000150000555
WO-2152963,ASSET-00599,Preventive,,0,,000150000556
WO-2152964,ASSET-00599,Corrective,SENSOR-FAULT,68,1452,000150000556
WO-2152965,ASSET-00599,Preventive,,0,,000150000556
WO-2152966,ASSET-00599,Corrective,SPINDLE-SEIZURE,36,367,000150000556
WO-2152967,ASSET-00599,Preventive,,0,,000150000556
WO-2152968,ASSET-00599,Preventive,,0,,000150000556
WO-2152969,ASSET-00600,Preventive,,0,,000150000557
WO-2152970,ASSET-00600,Preventive,,0,,000150000557
WO-2152971,ASSET-00600,Preventive,,0,,000150000557
WO-2152972,ASSET-00600,Preventive,,0,,000150000557
WO-2152973,ASSET-00600,Preventive,,0,,000150000557
WO-2152974,ASSET-00601,Corrective,HYDRAULIC-LEAK,178,1389,000150000558
WO-2152975,ASSET-00601,Preventive,,0,,000150000558
WO-2152976,ASSET-00601,Preventive,,0,,000150000558
WO-2152977,ASSET-00601,Emergency,DIE-WEAR,300,895,000150000558
WO-2152978,ASSET-00601,Preventive,,0,,000150000558
WO-2152979,ASSET-00602,Preventive,,0,,000150000559
WO-2152980,ASSET-00602,Preventive,,0,,000150000559
WO-2152981,ASSET-00602,Preventive,,0,,000150000559
WO-2152982,ASSET-00602,Corrective,DIE-WEAR,67,1236,000150000559
WO-2152983,ASSET-00602,Preventive,,0,,000150000559
WO-2152984,ASSET-00602,Preventive,,0,,000150000559
WO-2152985,ASSET-00603,Preventive,,0,,000150000560
WO-2152986,ASSET-00603,Preventive,,0,,000150000560
WO-2152987,ASSET-00603,Preventive,,0,,000150000560
WO-2152988,ASSET-00603,Preventive,,0,,000150000560
WO-2152989,ASSET-00603,Preventive,,0,,000150000560
WO-2152990,ASSET-00603,Preventive,,0,,000150000560
WO-2152991,ASSET-00604,Preventive,,0,,000150000561
WO-2152992,ASSET-00604,Preventive,,0,,000150000561
WO-2152993,ASSET-00604,Corrective,DIE-WEAR,128,1095,000150000561
WO-2152994,ASSET-00604,Preventive,,0,,000150000561
WO-2152995,ASSET-00605,Preventive,,0,,000150000562
WO-2152996,ASSET-00605,Emergency,BELT-FAILURE,421,1002,000150000562
WO-2152997,ASSET-00605,Preventive,,0,,000150000562
WO-2152998,ASSET-00606,Emergency,SPINDLE-SEIZURE,344,1020,
WO-2152999,ASSET-00606,Corrective,SPINDLE-SEIZURE,232,1276,
WO-2153000,ASSET-00606,Preventive,,0,,
WO-2153001,ASSET-00606,Corrective,DIE-WEAR,185,1248,
WO-2153002,ASSET-00606,Corrective,CONTROLLER-FAULT,106,1898,
WO-2153003,ASSET-00606,Preventive,,0,,
WO-2153004,ASSET-00607,Preventive,,0,,000150000563
WO-2153005,ASSET-00607,Preventive,,0,,000150000563
WO-2153006,ASSET-00607,Corrective,SENSOR-FAULT,41,707,000150000563
WO-2153007,ASSET-00607,Preventive,,0,,000150000563
WO-2153008,ASSET-00608,Corrective,CALIBRATION-DRIFT,32,835,000150000564
WO-2153009,ASSET-00609,Corrective,DIE-WEAR,155,1876,000150000565
WO-2153010,ASSET-00609,Preventive,,0,,000150000565
WO-2153011,ASSET-00609,Corrective,SPINDLE-SEIZURE,75,502,000150000565
WO-2153012,ASSET-00609,Corrective,SENSOR-FAULT,42,850,000150000565
WO-2153013,ASSET-00609,Corrective,BELT-FAILURE,53,1511,000150000565
WO-2153014,ASSET-00610,Preventive,,0,,000150000566
WO-2153015,ASSET-00610,Preventive,,0,,000150000566
WO-2153016,ASSET-00610,Emergency,HYDRAULIC-LEAK,125,636,000150000566
WO-2153017,ASSET-00610,Emergency,MOTOR-BURNOUT,517,1184,000150000566
WO-2153018,ASSET-00610,Preventive,,0,,000150000566
WO-2153019,ASSET-00610,Preventive,,0,,000150000566
WO-2153020,ASSET-00611,Preventive,,0,,000150000567
WO-2153021,ASSET-00611,Preventive,,0,,000150000567
WO-2153022,ASSET-00611,Preventive,,0,,000150000567
WO-2153023,ASSET-00611,Corrective,CONTROLLER-FAULT,195,1843,000150000567
WO-2153024,ASSET-00612,Emergency,PNEUMATIC-LEAK,307,736,000150000568
WO-2153025,ASSET-00612,Corrective,CALIBRATION-DRIFT,237,1983,000150000568
WO-2153026,ASSET-00612,Corrective,BEARING-FAILURE,179,1411,000150000568
WO-2153027,ASSET-00612,Corrective,BELT-FAILURE,160,1654,000150000568
WO-2153028,ASSET-00612,Preventive,,0,,000150000568
WO-2153029,ASSET-00612,Corrective,SENSOR-FAULT,208,1842,000150000568
WO-2153030,ASSET-00612,Corrective,SENSOR-FAULT,41,1523,000150000568
WO-2153031,ASSET-00613,Preventive,,0,,000150000569
WO-2153032,ASSET-00613,Preventive,,0,,000150000569
WO-2153033,ASSET-00613,Corrective,HYDRAULIC-LEAK,118,1522,000150000569
WO-2153034,ASSET-00613,Preventive,,0,,000150000569
WO-2153035,ASSET-00613,Preventive,,0,,000150000569
WO-2153036,ASSET-00613,Preventive,,0,,000150000569
WO-2153037,ASSET-00613,Preventive,,0,,000150000569
WO-2153038,ASSET-00613,Corrective,SPINDLE-SEIZURE,164,970,000150000569
WO-2153039,ASSET-00613,Corrective,HYDRAULIC-LEAK,108,1028,000150000569
WO-2153040,ASSET-00613,Preventive,,0,,000150000569
WO-2153041,ASSET-00613,Corrective,DIE-WEAR,57,748,000150000569
WO-2153042,ASSET-00614,Preventive,,0,,000150000570
WO-2153043,ASSET-00614,Emergency,CALIBRATION-DRIFT,232,630,000150000570
WO-2153044,ASSET-00614,Corrective,SENSOR-FAULT,62,1045,000150000570
WO-2153045,ASSET-00614,Preventive,,0,,000150000570
WO-2153046,ASSET-00614,Preventive,,0,,000150000570
WO-2153047,ASSET-00615,Preventive,,0,,000150000571
WO-2153048,ASSET-00615,Preventive,,0,,000150000571
WO-2153049,ASSET-00615,Preventive,,0,,000150000571
WO-2153050,ASSET-00615,Preventive,,0,,000150000571
WO-2153051,ASSET-00616,Emergency,CONTROLLER-FAULT,585,468,000150000572
WO-2153052,ASSET-00616,Corrective,DIE-WEAR,155,1150,000150000572
WO-2153053,ASSET-00616,Corrective,PNEUMATIC-LEAK,127,587,000150000572
WO-2153054,ASSET-00616,Preventive,,0,,000150000572
WO-2153055,ASSET-00616,Corrective,BEARING-FAILURE,232,1290,000150000572
WO-2153056,ASSET-00616,Preventive,,0,,000150000572
WO-2153057,ASSET-00616,Preventive,,0,,000150000572
WO-2153058,ASSET-00616,Corrective,CONTROLLER-FAULT,138,457,000150000572
WO-2153059,ASSET-00617,Corrective,CALIBRATION-DRIFT,56,1912,000150000573
WO-2153060,ASSET-00617,Corrective,SPINDLE-SEIZURE,167,1862,000150000573
WO-2153061,ASSET-00617,Corrective,DIE-WEAR,56,1869,000150000573
WO-2153062,ASSET-00617,Preventive,,0,,000150000573
WO-2153063,ASSET-00617,Preventive,,0,,000150000573
WO-2153064,ASSET-00617,Corrective,HYDRAULIC-LEAK,119,1354,000150000573
WO-2153065,ASSET-00618,Corrective,MOTOR-BURNOUT,182,452,000150000574
WO-2153066,ASSET-00618,Emergency,SPINDLE-SEIZURE,264,251,000150000574
WO-2153067,ASSET-00618,Preventive,,0,,000150000574
WO-2153068,ASSET-00618,Corrective,SENSOR-FAULT,94,1201,000150000574
WO-2153069,ASSET-00619,Corrective,SENSOR-FAULT,55,936,000150000575
WO-2153070,ASSET-00619,Corrective,BEARING-FAILURE,178,362,000150000575
WO-2153071,ASSET-00619,Emergency,BEARING-FAILURE,91,375,000150000575
WO-2153072,ASSET-00620,Emergency,BELT-FAILURE,306,211,000150000576
WO-2153073,ASSET-00620,Corrective,SPINDLE-SEIZURE,141,928,000150000576
WO-2153074,ASSET-00620,Corrective,BELT-FAILURE,217,334,000150000576
WO-2153075,ASSET-00620,Preventive,,0,,000150000576
WO-2153076,ASSET-00620,Preventive,,0,,000150000576
WO-2153077,ASSET-00620,Preventive,,0,,000150000576
WO-2153078,ASSET-00621,Preventive,,0,,000150000577
WO-2153079,ASSET-00621,Corrective,HYDRAULIC-LEAK,121,1246,000150000577
WO-2153080,ASSET-00621,Corrective,BELT-FAILURE,208,1023,000150000577
WO-2153081,ASSET-00621,Preventive,,0,,000150000577
WO-2153082,ASSET-00622,Corrective,HYDRAULIC-LEAK,89,1198,000150000578
WO-2153083,ASSET-00622,Corrective,SPINDLE-SEIZURE,148,803,000150000578
WO-2153084,ASSET-00622,Emergency,CALIBRATION-DRIFT,183,1845,000150000578
WO-2153085,ASSET-00622,Emergency,SENSOR-FAULT,326,1494,000150000578
WO-2153086,ASSET-00622,Preventive,,0,,000150000578
WO-2153087,ASSET-00623,Emergency,DIE-WEAR,568,1732,
WO-2153088,ASSET-00623,Preventive,,0,,
WO-2153089,ASSET-00623,Preventive,,0,,
WO-2153090,ASSET-00623,Preventive,,0,,
WO-2153091,ASSET-00623,Preventive,,0,,
WO-2153092,ASSET-00624,Preventive,,0,,
WO-2153093,ASSET-00624,Preventive,,0,,
WO-2153094,ASSET-00624,Emergency,DIE-WEAR,129,371,
WO-2153095,ASSET-00624,Preventive,,0,,
WO-2153096,ASSET-00624,Preventive,,0,,
WO-2153097,ASSET-00625,Emergency,SPINDLE-SEIZURE,144,1448,000150000579
WO-2153098,ASSET-00625,Preventive,,0,,000150000579
WO-2153099,ASSET-00625,Preventive,,0,,000150000579
WO-2153100,ASSET-00625,Preventive,,0,,000150000579
WO-2153101,ASSET-00625,Preventive,,0,,000150000579
WO-2153102,ASSET-00626,Corrective,CONTROLLER-FAULT,31,1947,000150000580
WO-2153103,ASSET-00627,Preventive,,0,,000150000581
WO-2153104,ASSET-00627,Preventive,,0,,000150000581
WO-2153105,ASSET-00627,Corrective,DIE-WEAR,215,760,000150000581
WO-2153106,ASSET-00628,Preventive,,0,,000150000582
WO-2153107,ASSET-00628,Corrective,CALIBRATION-DRIFT,51,1186,000150000582
WO-2153108,ASSET-00628,Corrective,BEARING-FAILURE,155,452,000150000582
WO-2153109,ASSET-00628,Preventive,,0,,000150000582
WO-2153110,ASSET-00628,Emergency,SPINDLE-SEIZURE,132,1157,000150000582
WO-2153111,ASSET-00628,Corrective,BEARING-FAILURE,155,930,000150000582
WO-2153112,ASSET-00629,Preventive,,0,,000150000583
WO-2153113,ASSET-00629,Corrective,MOTOR-BURNOUT,176,903,000150000583
WO-2153114,ASSET-00629,Corrective,BELT-FAILURE,184,1727,000150000583
WO-2153115,ASSET-00629,Corrective,CONTROLLER-FAULT,216,558,000150000583
WO-2153116,ASSET-00629,Emergency,PNEUMATIC-LEAK,379,397,000150000583
WO-2153117,ASSET-00629,Preventive,,0,,000150000583
WO-2153118,ASSET-00629,Preventive,,0,,000150000583
WO-2153119,ASSET-00630,Preventive,,0,,000150000584
WO-2153120,ASSET-00630,Corrective,HYDRAULIC-LEAK,98,1825,000150000584
WO-2153121,ASSET-00630,Corrective,SPINDLE-SEIZURE,96,1704,000150000584
WO-2153122,ASSET-00630,Preventive,,0,,000150000584
WO-2153123,ASSET-00630,Preventive,,0,,000150000584
WO-2153124,ASSET-00631,Preventive,,0,,000150000585
WO-2153125,ASSET-00631,Corrective,CALIBRATION-DRIFT,238,1452,000150000585
WO-2153126,ASSET-00631,Preventive,,0,,000150000585
WO-2153127,ASSET-00631,Corrective,BELT-FAILURE,214,447,000150000585
WO-2153128,ASSET-00631,Preventive,,0,,000150000585
WO-2153129,ASSET-00631,Preventive,,0,,000150000585
WO-2153130,ASSET-00631,Preventive,,0,,000150000585
WO-2153131,ASSET-00631,Preventive,,0,,000150000585
WO-2153132,ASSET-00631,Corrective,PNEUMATIC-LEAK,133,1365,000150000585
WO-2153133,ASSET-00632,Emergency,CALIBRATION-DRIFT,560,1636,000150000586
WO-2153134,ASSET-00632,Corrective,HYDRAULIC-LEAK,197,910,000150000586
WO-2153135,ASSET-00632,Corrective,SENSOR-FAULT,146,1771,000150000586
WO-2153136,ASSET-00633,Preventive,,0,,000150000587
WO-2153137,ASSET-00633,Preventive,,0,,000150000587
WO-2153138,ASSET-00634,Preventive,,0,,
WO-2153139,ASSET-00634,Corrective,CONTROLLER-FAULT,64,1726,
WO-2153140,ASSET-00634,Preventive,,0,,
WO-2153141,ASSET-00635,Preventive,,0,,000150000588
WO-2153142,ASSET-00635,Corrective,SENSOR-FAULT,52,1863,000150000588
WO-2153143,ASSET-00635,Preventive,,0,,000150000588
WO-2153144,ASSET-00635,Corrective,SPINDLE-SEIZURE,80,242,000150000588
WO-2153145,ASSET-00635,Preventive,,0,,000150000588
WO-2153146,ASSET-00636,Preventive,,0,,000150000589
WO-2153147,ASSET-00636,Preventive,,0,,000150000589
WO-2153148,ASSET-00637,Preventive,,0,,000150000590
WO-2153149,ASSET-00637,Preventive,,0,,000150000590
WO-2153150,ASSET-00637,Corrective,DIE-WEAR,205,1546,000150000590
WO-2153151,ASSET-00637,Preventive,,0,,000150000590
WO-2153152,ASSET-00637,Corrective,MOTOR-BURNOUT,232,499,000150000590
WO-2153153,ASSET-00638,Corrective,BELT-FAILURE,143,1772,000150000591
WO-2153154,ASSET-00638,Preventive,,0,,000150000591
WO-2153155,ASSET-00638,Corrective,CALIBRATION-DRIFT,204,888,000150000591
WO-2153156,ASSET-00639,Preventive,,0,,000150000592
WO-2153157,ASSET-00639,Corrective,BEARING-FAILURE,161,1512,000150000592
WO-2153158,ASSET-00639,Preventive,,0,,000150000592
WO-2153159,ASSET-00639,Emergency,HYDRAULIC-LEAK,519,527,000150000592
WO-2153160,ASSET-00639,Corrective,SENSOR-FAULT,107,1352,000150000592
WO-2153161,ASSET-00639,Corrective,BEARING-FAILURE,68,1542,000150000592
WO-2153162,ASSET-00639,Preventive,,0,,000150000592
WO-2153163,ASSET-00639,Preventive,,0,,000150000592
WO-2153164,ASSET-00640,Emergency,HYDRAULIC-LEAK,156,1109,000150000593
WO-2153165,ASSET-00640,Corrective,CONTROLLER-FAULT,68,1394,000150000593
WO-2153166,ASSET-00640,Emergency,BEARING-FAILURE,302,915,000150000593
WO-2153167,ASSET-00640,Preventive,,0,,000150000593
WO-2153168,ASSET-00641,Corrective,CALIBRATION-DRIFT,54,656,000150000594
WO-2153169,ASSET-00641,Corrective,MOTOR-BURNOUT,54,476,000150000594
WO-2153170,ASSET-00641,Preventive,,0,,000150000594
WO-2153171,ASSET-00642,Preventive,,0,,000150000595
WO-2153172,ASSET-00642,Preventive,,0,,000150000595
WO-2153173,ASSET-00642,Corrective,CALIBRATION-DRIFT,69,246,000150000595
WO-2153174,ASSET-00642,Preventive,,0,,000150000595
WO-2153175,ASSET-00642,Preventive,,0,,000150000595
WO-2153176,ASSET-00642,Corrective,CALIBRATION-DRIFT,144,1264,000150000595
WO-2153177,ASSET-00642,Preventive,,0,,000150000595
WO-2153178,ASSET-00642,Corrective,SPINDLE-SEIZURE,137,284,000150000595
WO-2153179,ASSET-00643,Corrective,MOTOR-BURNOUT,227,1675,000150000596
WO-2153180,ASSET-00643,Corrective,CALIBRATION-DRIFT,105,1658,000150000596
WO-2153181,ASSET-00643,Preventive,,0,,000150000596
WO-2153182,ASSET-00643,Preventive,,0,,000150000596
WO-2153183,ASSET-00643,Corrective,SPINDLE-SEIZURE,149,454,000150000596
WO-2153184,ASSET-00644,Corrective,SENSOR-FAULT,92,1934,000150000597
WO-2153185,ASSET-00644,Preventive,,0,,000150000597
WO-2153186,ASSET-00644,Corrective,PNEUMATIC-LEAK,42,1994,000150000597
WO-2153187,ASSET-00644,Preventive,,0,,000150000597
WO-2153188,ASSET-00645,Preventive,,0,,000150000598
WO-2153189,ASSET-00645,Corrective,SENSOR-FAULT,157,876,000150000598
WO-2153190,ASSET-00645,Corrective,DIE-WEAR,163,590,000150000598
WO-2153191,ASSET-00645,Preventive,,0,,000150000598
WO-2153192,ASSET-00645,Emergency,DIE-WEAR,201,654,000150000598
WO-2153193,ASSET-00645,Preventive,,0,,000150000598
WO-2153194,ASSET-00645,Emergency,BELT-FAILURE,68,238,000150000598
WO-2153195,ASSET-00646,Corrective,PNEUMATIC-LEAK,120,1532,000150000599
WO-2153196,ASSET-00646,Emergency,DIE-WEAR,142,392,000150000599
WO-2153197,ASSET-00646,Corrective,SENSOR-FAULT,58,1594,000150000599
WO-2153198,ASSET-00646,Corrective,CONTROLLER-FAULT,235,270,000150000599
WO-2153199,ASSET-00646,Preventive,,0,,000150000599
WO-2153200,ASSET-00646,Corrective,SPINDLE-SEIZURE,120,1799,000150000599
WO-2153201,ASSET-00647,Corrective,SENSOR-FAULT,211,1652,000150000600
WO-2153202,ASSET-00647,Corrective,DIE-WEAR,37,1353,000150000600
WO-2153203,ASSET-00647,Preventive,,0,,000150000600
WO-2153204,ASSET-00647,Emergency,CONTROLLER-FAULT,398,302,000150000600
WO-2153205,ASSET-00648,Preventive,,0,,000150000601
WO-2153206,ASSET-00648,Corrective,CONTROLLER-FAULT,170,1141,000150000601
WO-2153207,ASSET-00648,Corrective,CONTROLLER-FAULT,42,1471,000150000601
WO-2153208,ASSET-00648,Corrective,CONTROLLER-FAULT,68,1145,000150000601
WO-2153209,ASSET-00649,Corrective,CONTROLLER-FAULT,169,1549,000150000602
WO-2153210,ASSET-00649,Preventive,,0,,000150000602
WO-2153211,ASSET-00649,Preventive,,0,,000150000602
WO-2153212,ASSET-00649,Corrective,DIE-WEAR,61,1482,000150000602
WO-2153213,ASSET-00649,Preventive,,0,,000150000602
WO-2153214,ASSET-00649,Corrective,HYDRAULIC-LEAK,158,1478,000150000602
WO-2153215,ASSET-00649,Corrective,BELT-FAILURE,214,243,000150000602
WO-2153216,ASSET-00650,Preventive,,0,,000150000603
WO-2153217,ASSET-00651,Emergency,MOTOR-BURNOUT,151,448,000150000604
WO-2153218,ASSET-00651,Corrective,BEARING-FAILURE,79,357,000150000604
WO-2153219,ASSET-00651,Emergency,DIE-WEAR,211,1846,000150000604
WO-2153220,ASSET-00651,Preventive,,0,,000150000604
WO-2153221,ASSET-00652,Preventive,,0,,000150000605
WO-2153222,ASSET-00652,Preventive,,0,,000150000605
WO-2153223,ASSET-00652,Corrective,CALIBRATION-DRIFT,64,715,000150000605
WO-2153224,ASSET-00652,Preventive,,0,,000150000605
WO-2153225,ASSET-00652,Emergency,MOTOR-BURNOUT,165,1400,000150000605
WO-2153226,ASSET-00653,Corrective,HYDRAULIC-LEAK,203,455,000150000606
WO-2153227,ASSET-00653,Preventive,,0,,000150000606
WO-2153228,ASSET-00653,Preventive,,0,,000150000606
WO-2153229,ASSET-00653,Preventive,,0,,000150000606
WO-2153230,ASSET-00654,Emergency,HYDRAULIC-LEAK,390,931,000150000607
WO-2153231,ASSET-00654,Preventive,,0,,000150000607
WO-2153232,ASSET-00654,Preventive,,0,,000150000607
WO-2153233,ASSET-00654,Preventive,,0,,000150000607
WO-2153234,ASSET-00654,Corrective,BELT-FAILURE,31,987,000150000607
WO-2153235,ASSET-00654,Corrective,DIE-WEAR,108,1229,000150000607
WO-2153236,ASSET-00654,Emergency,BEARING-FAILURE,321,1050,000150000607
WO-2153237,ASSET-00654,Corrective,DIE-WEAR,82,529,000150000607
WO-2153238,ASSET-00655,Corrective,HYDRAULIC-LEAK,157,1325,000150000608
WO-2153239,ASSET-00655,Preventive,,0,,000150000608
WO-2153240,ASSET-00655,Corrective,HYDRAULIC-LEAK,202,672,000150000608
WO-2153241,ASSET-00655,Preventive,,0,,000150000608
WO-2153242,ASSET-00655,Corrective,PNEUMATIC-LEAK,191,1580,000150000608
WO-2153243,ASSET-00656,Emergency,MOTOR-BURNOUT,368,1331,000150000609
WO-2153244,ASSET-00656,Preventive,,0,,000150000609
WO-2153245,ASSET-00656,Emergency,BELT-FAILURE,571,586,000150000609
WO-2153246,ASSET-00656,Preventive,,0,,000150000609
WO-2153247,ASSET-00656,Preventive,,0,,000150000609
WO-2153248,ASSET-00656,Preventive,,0,,000150000609
WO-2153249,ASSET-00657,Emergency,SENSOR-FAULT,262,1511,000150000610
WO-2153250,ASSET-00657,Preventive,,0,,000150000610
WO-2153251,ASSET-00657,Corrective,BEARING-FAILURE,182,953,000150000610
WO-2153252,ASSET-00657,Preventive,,0,,000150000610
WO-2153253,ASSET-00658,Preventive,,0,,000150000611
WO-2153254,ASSET-00659,Corrective,BEARING-FAILURE,149,342,000150000612
WO-2153255,ASSET-00659,Preventive,,0,,000150000612
WO-2153256,ASSET-00659,Preventive,,0,,000150000612
WO-2153257,ASSET-00659,Preventive,,0,,000150000612
WO-2153258,ASSET-00659,Preventive,,0,,000150000612
WO-2153259,ASSET-00659,Corrective,BELT-FAILURE,161,215,000150000612
WO-2153260,ASSET-00659,Preventive,,0,,000150000612
WO-2153261,ASSET-00660,Preventive,,0,,000150000614
WO-2153262,ASSET-00660,Preventive,,0,,000150000614
WO-2153263,ASSET-00660,Preventive,,0,,000150000614
WO-2153264,ASSET-00660,Emergency,PNEUMATIC-LEAK,545,1963,000150000614
WO-2153265,ASSET-00660,Corrective,SENSOR-FAULT,102,991,000150000614
WO-2153266,ASSET-00660,Corrective,DIE-WEAR,104,1119,000150000614
WO-2153267,ASSET-00660,Preventive,,0,,000150000614
WO-2153268,ASSET-00661,Preventive,,0,,000150000615
WO-2153269,ASSET-00661,Preventive,,0,,000150000615
WO-2153270,ASSET-00661,Corrective,PNEUMATIC-LEAK,42,1151,000150000615
WO-2153271,ASSET-00661,Emergency,CONTROLLER-FAULT,415,877,000150000615
WO-2153272,ASSET-00661,Preventive,,0,,000150000615
WO-2153273,ASSET-00662,Preventive,,0,,000150000616
WO-2153274,ASSET-00662,Preventive,,0,,000150000616
WO-2153275,ASSET-00663,Preventive,,0,,000150000617
WO-2153276,ASSET-00663,Preventive,,0,,000150000617
WO-2153277,ASSET-00663,Preventive,,0,,000150000617
WO-2153278,ASSET-00663,Corrective,DIE-WEAR,65,1453,000150000617
WO-2153279,ASSET-00663,Corrective,MOTOR-BURNOUT,150,1402,000150000617
WO-2153280,ASSET-00663,Corrective,CONTROLLER-FAULT,99,896,000150000617
WO-2153281,ASSET-00664,Preventive,,0,,000150000618
WO-2153282,ASSET-00664,Preventive,,0,,000150000618
WO-2153283,ASSET-00664,Preventive,,0,,000150000618
WO-2153284,ASSET-00664,Preventive,,0,,000150000618
WO-2153285,ASSET-00664,Emergency,MOTOR-BURNOUT,300,1717,000150000618
WO-2153286,ASSET-00664,Corrective,BEARING-FAILURE,136,342,000150000618
WO-2153287,ASSET-00664,Preventive,,0,,000150000618
WO-2153288,ASSET-00664,Preventive,,0,,000150000618
WO-2153289,ASSET-00665,Preventive,,0,,000150000619
WO-2153290,ASSET-00665,Emergency,BELT-FAILURE,463,1804,000150000619
WO-2153291,ASSET-00665,Preventive,,0,,000150000619
WO-2153292,ASSET-00665,Preventive,,0,,000150000619
WO-2153293,ASSET-00666,Preventive,,0,,000150000620
WO-2153294,ASSET-00666,Preventive,,0,,000150000620
WO-2153295,ASSET-00667,Preventive,,0,,000150000621
WO-2153296,ASSET-00667,Preventive,,0,,000150000621
WO-2153297,ASSET-00667,Preventive,,0,,000150000621
WO-2153298,ASSET-00667,Preventive,,0,,000150000621
WO-2153299,ASSET-00667,Corrective,MOTOR-BURNOUT,186,1594,000150000621
WO-2153300,ASSET-00668,Preventive,,0,,000150000622
WO-2153301,ASSET-00668,Preventive,,0,,000150000622
WO-2153302,ASSET-00668,Corrective,CONTROLLER-FAULT,221,1075,000150000622
WO-2153303,ASSET-00668,Corrective,BELT-FAILURE,88,1730,000150000622
WO-2153304,ASSET-00668,Preventive,,0,,000150000622
WO-2153305,ASSET-00668,Preventive,,0,,000150000622
WO-2153306,ASSET-00668,Corrective,HYDRAULIC-LEAK,131,1675,000150000622
WO-2153307,ASSET-00668,Preventive,,0,,000150000622
WO-2153308,ASSET-00668,Preventive,,0,,000150000622
WO-2153309,ASSET-00669,Corrective,CALIBRATION-DRIFT,196,1649,000150000623
WO-2153310,ASSET-00669,Preventive,,0,,000150000623
WO-2153311,ASSET-00669,Corrective,HYDRAULIC-LEAK,86,1359,000150000623
WO-2153312,ASSET-00669,Emergency,DIE-WEAR,283,1660,000150000623
WO-2153313,ASSET-00669,Preventive,,0,,000150000623
WO-2153314,ASSET-00670,Preventive,,0,,000150000624
WO-2153315,ASSET-00670,Corrective,BEARING-FAILURE,44,1564,000150000624
WO-2153316,ASSET-00671,Emergency,CALIBRATION-DRIFT,315,1758,000150000625
WO-2153317,ASSET-00671,Preventive,,0,,000150000625
WO-2153318,ASSET-00671,Preventive,,0,,000150000625
WO-2153319,ASSET-00672,Corrective,SPINDLE-SEIZURE,31,1817,000150000626
WO-2153320,ASSET-00672,Corrective,PNEUMATIC-LEAK,69,1071,000150000626
WO-2153321,ASSET-00672,Corrective,MOTOR-BURNOUT,87,1194,000150000626
WO-2153322,ASSET-00672,Preventive,,0,,000150000626
WO-2153323,ASSET-00672,Preventive,,0,,000150000626
WO-2153324,ASSET-00673,Preventive,,0,,000150000627
WO-2153325,ASSET-00673,Emergency,PNEUMATIC-LEAK,314,900,000150000627
WO-2153326,ASSET-00673,Corrective,DIE-WEAR,119,582,000150000627
WO-2153327,ASSET-00673,Preventive,,0,,000150000627
WO-2153328,ASSET-00673,Preventive,,0,,000150000627
WO-2153329,ASSET-00673,Preventive,,0,,000150000627
WO-2153330,ASSET-00674,Preventive,,0,,000150000628
WO-2153331,ASSET-00674,Corrective,HYDRAULIC-LEAK,111,470,000150000628
WO-2153332,ASSET-00674,Preventive,,0,,000150000628
WO-2153333,ASSET-00674,Corrective,SPINDLE-SEIZURE,158,1308,000150000628
WO-2153334,ASSET-00674,Corrective,CALIBRATION-DRIFT,202,250,000150000628
WO-2153335,ASSET-00674,Emergency,MOTOR-BURNOUT,538,732,000150000628
WO-2153336,ASSET-00675,Preventive,,0,,000150000629
WO-2153337,ASSET-00675,Corrective,SENSOR-FAULT,55,1139,000150000629
WO-2153338,ASSET-00675,Emergency,BELT-FAILURE,580,1450,000150000629
WO-2153339,ASSET-00675,Preventive,,0,,000150000629
WO-2153340,ASSET-00675,Corrective,HYDRAULIC-LEAK,53,1496,000150000629
WO-2153341,ASSET-00675,Preventive,,0,,000150000629
WO-2153342,ASSET-00675,Preventive,,0,,000150000629
WO-2153343,ASSET-00675,Preventive,,0,,000150000629
WO-2153344,ASSET-00675,Corrective,CONTROLLER-FAULT,115,688,000150000629
WO-2153345,ASSET-00676,Preventive,,0,,000150000630
WO-2153346,ASSET-00676,Corrective,SENSOR-FAULT,130,671,000150000630
WO-2153347,ASSET-00676,Preventive,,0,,000150000630
WO-2153348,ASSET-00676,Preventive,,0,,000150000630
WO-2153349,ASSET-00676,Preventive,,0,,000150000630
WO-2153350,ASSET-00676,Preventive,,0,,000150000630
WO-2153351,ASSET-00676,Preventive,,0,,000150000630
WO-2153352,ASSET-00677,Preventive,,0,,000150000631
WO-2153353,ASSET-00677,Corrective,HYDRAULIC-LEAK,231,274,000150000631
WO-2153354,ASSET-00677,Emergency,SENSOR-FAULT,584,1847,000150000631
WO-2153355,ASSET-00677,Preventive,,0,,000150000631
WO-2153356,ASSET-00677,Emergency,BEARING-FAILURE,591,1094,000150000631
WO-2153357,ASSET-00678,Emergency,BEARING-FAILURE,251,763,000150000632
WO-2153358,ASSET-00678,Preventive,,0,,000150000632
WO-2153359,ASSET-00678,Corrective,DIE-WEAR,123,1894,000150000632
WO-2153360,ASSET-00678,Preventive,,0,,000150000632
WO-2153361,ASSET-00678,Preventive,,0,,000150000632
WO-2153362,ASSET-00678,Preventive,,0,,000150000632
WO-2153363,ASSET-00678,Emergency,SPINDLE-SEIZURE,236,999,000150000632
WO-2153364,ASSET-00679,Preventive,,0,,000150000633
WO-2153365,ASSET-00679,Preventive,,0,,000150000633
WO-2153366,ASSET-00680,Preventive,,0,,000150000634
WO-2153367,ASSET-00680,Corrective,BEARING-FAILURE,186,1279,000150000634
WO-2153368,ASSET-00680,Preventive,,0,,000150000634
WO-2153369,ASSET-00681,Preventive,,0,,000150000635
WO-2153370,ASSET-00681,Corrective,PNEUMATIC-LEAK,92,481,000150000635
WO-2153371,ASSET-00681,Corrective,DIE-WEAR,46,323,000150000635
WO-2153372,ASSET-00681,Preventive,,0,,000150000635
WO-2153373,ASSET-00681,Corrective,CONTROLLER-FAULT,146,1518,000150000635
WO-2153374,ASSET-00682,Corrective,SENSOR-FAULT,69,1083,000150000636
WO-2153375,ASSET-00682,Preventive,,0,,000150000636
WO-2153376,ASSET-00682,Corrective,SENSOR-FAULT,128,1926,000150000636
WO-2153377,ASSET-00682,Preventive,,0,,000150000636
WO-2153378,ASSET-00682,Preventive,,0,,000150000636
WO-2153379,ASSET-00682,Emergency,MOTOR-BURNOUT,282,771,000150000636
WO-2153380,ASSET-00683,Emergency,HYDRAULIC-LEAK,134,1386,000150000637
WO-2153381,ASSET-00683,Corrective,BEARING-FAILURE,231,1162,000150000637
WO-2153382,ASSET-00683,Preventive,,0,,000150000637
WO-2153383,ASSET-00683,Preventive,,0,,000150000637
WO-2153384,ASSET-00683,Corrective,BEARING-FAILURE,75,577,000150000637
WO-2153385,ASSET-00683,Preventive,,0,,000150000637
WO-2153386,ASSET-00683,Corrective,HYDRAULIC-LEAK,141,1505,000150000637
WO-2153387,ASSET-00683,Preventive,,0,,000150000637
WO-2153388,ASSET-00684,Corrective,CALIBRATION-DRIFT,157,1956,000150000638
WO-2153389,ASSET-00684,Preventive,,0,,000150000638
WO-2153390,ASSET-00684,Corrective,BEARING-FAILURE,90,1720,000150000638
WO-2153391,ASSET-00684,Corrective,MOTOR-BURNOUT,106,880,000150000638
WO-2153392,ASSET-00684,Preventive,,0,,000150000638
WO-2153393,ASSET-00684,Preventive,,0,,000150000638
WO-2153394,ASSET-00684,Preventive,,0,,000150000638
WO-2153395,ASSET-00684,Preventive,,0,,000150000638
WO-2153396,ASSET-00685,Preventive,,0,,000150000639
WO-2153397,ASSET-00685,Corrective,SPINDLE-SEIZURE,62,1145,000150000639
WO-2153398,ASSET-00685,Corrective,CONTROLLER-FAULT,188,1763,000150000639
WO-2153399,ASSET-00685,Corrective,CONTROLLER-FAULT,156,297,000150000639
WO-2153400,ASSET-00685,Preventive,,0,,000150000639
WO-2153401,ASSET-00685,Preventive,,0,,000150000639
WO-2153402,ASSET-00686,Preventive,,0,,000150000640
WO-2153403,ASSET-00686,Preventive,,0,,000150000640
WO-2153404,ASSET-00686,Preventive,,0,,000150000640
WO-2153405,ASSET-00686,Corrective,CALIBRATION-DRIFT,125,1649,000150000640
WO-2153406,ASSET-00687,Corrective,BEARING-FAILURE,137,367,000150000641
WO-2153407,ASSET-00687,Corrective,DIE-WEAR,76,1878,000150000641
WO-2153408,ASSET-00687,Preventive,,0,,000150000641
WO-2153409,ASSET-00687,Preventive,,0,,000150000641
WO-2153410,ASSET-00688,Preventive,,0,,000150000642
WO-2153411,ASSET-00688,Emergency,DIE-WEAR,480,1786,000150000642
WO-2153412,ASSET-00688,Emergency,DIE-WEAR,571,976,000150000642
WO-2153413,ASSET-00688,Corrective,CONTROLLER-FAULT,76,1901,000150000642
WO-2153414,ASSET-00688,Preventive,,0,,000150000642
WO-2153415,ASSET-00689,Preventive,,0,,000150000643
WO-2153416,ASSET-00689,Corrective,SENSOR-FAULT,181,959,000150000643
WO-2153417,ASSET-00689,Corrective,PNEUMATIC-LEAK,128,1639,000150000643
WO-2153418,ASSET-00689,Preventive,,0,,000150000643
WO-2153419,ASSET-00689,Corrective,HYDRAULIC-LEAK,82,860,000150000643
WO-2153420,ASSET-00689,Corrective,HYDRAULIC-LEAK,226,473,000150000643
WO-2153421,ASSET-00689,Preventive,,0,,000150000643
WO-2153422,ASSET-00689,Preventive,,0,,000150000643
WO-2153423,ASSET-00690,Preventive,,0,,000150000644
WO-2153424,ASSET-00690,Emergency,DIE-WEAR,488,1451,000150000644
WO-2153425,ASSET-00691,Corrective,CONTROLLER-FAULT,65,356,000150000645
WO-2153426,ASSET-00691,Preventive,,0,,000150000645
WO-2153427,ASSET-00691,Corrective,CONTROLLER-FAULT,186,965,000150000645
WO-2153428,ASSET-00692,Preventive,,0,,000150000646
WO-2153429,ASSET-00692,Preventive,,0,,000150000646
WO-2153430,ASSET-00692,Preventive,,0,,000150000646
WO-2153431,ASSET-00692,Preventive,,0,,000150000646
WO-2153432,ASSET-00692,Preventive,,0,,000150000646
WO-2153433,ASSET-00693,Preventive,,0,,000150000647
WO-2153434,ASSET-00693,Preventive,,0,,000150000647
WO-2153435,ASSET-00693,Preventive,,0,,000150000647
WO-2153436,ASSET-00693,Corrective,PNEUMATIC-LEAK,88,1150,000150000647
WO-2153437,ASSET-00693,Preventive,,0,,000150000647
WO-2153438,ASSET-00693,Preventive,,0,,000150000647
WO-2153439,ASSET-00694,Preventive,,0,,000150000648
WO-2153440,ASSET-00694,Preventive,,0,,000150000648
WO-2153441,ASSET-00694,Preventive,,0,,000150000648
WO-2153442,ASSET-00694,Preventive,,0,,000150000648
WO-2153443,ASSET-00694,Preventive,,0,,000150000648
WO-2153444,ASSET-00694,Corrective,MOTOR-BURNOUT,151,1858,000150000648
WO-2153445,ASSET-00695,Preventive,,0,,000150000649
WO-2153446,ASSET-00695,Preventive,,0,,000150000649
WO-2153447,ASSET-00695,Corrective,SPINDLE-SEIZURE,138,1955,000150000649
WO-2153448,ASSET-00695,Emergency,SENSOR-FAULT,235,1663,000150000649
WO-2153449,ASSET-00695,Preventive,,0,,000150000649
WO-2153450,ASSET-00696,Corrective,DIE-WEAR,155,729,000150000650
WO-2153451,ASSET-00696,Preventive,,0,,000150000650
WO-2153452,ASSET-00696,Emergency,BEARING-FAILURE,447,695,000150000650
WO-2153453,ASSET-00696,Corrective,PNEUMATIC-LEAK,90,1812,000150000650
WO-2153454,ASSET-00696,Corrective,MOTOR-BURNOUT,208,611,000150000650
WO-2153455,ASSET-00696,Preventive,,0,,000150000650
WO-2153456,ASSET-00697,Preventive,,0,,000150000651
WO-2153457,ASSET-00697,Preventive,,0,,000150000651
WO-2153458,ASSET-00697,Preventive,,0,,000150000651
WO-2153459,ASSET-00697,Corrective,CONTROLLER-FAULT,177,1178,000150000651
WO-2153460,ASSET-00697,Preventive,,0,,000150000651
WO-2153461,ASSET-00697,Preventive,,0,,000150000651
WO-2153462,ASSET-00697,Preventive,,0,,000150000651
WO-2153463,ASSET-00697,Emergency,SPINDLE-SEIZURE,216,578,000150000651
WO-2153464,ASSET-00698,Preventive,,0,,000150000652
WO-2153465,ASSET-00698,Emergency,MOTOR-BURNOUT,384,811,000150000652
WO-2153466,ASSET-00698,Preventive,,0,,000150000652
WO-2153467,ASSET-00698,Preventive,,0,,000150000652
WO-2153468,ASSET-00698,Emergency,BEARING-FAILURE,368,647,000150000652
WO-2153469,ASSET-00698,Preventive,,0,,000150000652
WO-2153470,ASSET-00698,Emergency,DIE-WEAR,332,817,000150000652
WO-2153471,ASSET-00698,Corrective,BEARING-FAILURE,32,1379,000150000652
WO-2153472,ASSET-00698,Emergency,SPINDLE-SEIZURE,225,1174,000150000652
WO-2153473,ASSET-00698,Preventive,,0,,000150000652
WO-2153474,ASSET-00699,Preventive,,0,,000150000653
WO-2153475,ASSET-00699,Preventive,,0,,000150000653
WO-2153476,ASSET-00699,Corrective,SPINDLE-SEIZURE,100,1577,000150000653
WO-2153477,ASSET-00699,Preventive,,0,,000150000653
WO-2153478,ASSET-00699,Preventive,,0,,000150000653
WO-2153479,ASSET-00700,Corrective,PNEUMATIC-LEAK,187,1848,000150000654
WO-2153480,ASSET-00700,Preventive,,0,,000150000654
WO-2153481,ASSET-00700,Preventive,,0,,000150000654
WO-2153482,ASSET-00700,Emergency,PNEUMATIC-LEAK,278,1810,000150000654
WO-2153483,ASSET-00700,Corrective,HYDRAULIC-LEAK,145,707,000150000654
WO-2153484,ASSET-00700,Corrective,HYDRAULIC-LEAK,129,1777,000150000654
WO-2153485,ASSET-00700,Preventive,,0,,000150000654
WO-2153486,ASSET-00700,Preventive,,0,,000150000654
WO-2153487,ASSET-00701,Preventive,,0,,000150000655
WO-2153488,ASSET-00701,Corrective,DIE-WEAR,236,426,000150000655
WO-2153489,ASSET-00701,Preventive,,0,,000150000655
WO-2153490,ASSET-00701,Preventive,,0,,000150000655
WO-2153491,ASSET-00701,Preventive,,0,,000150000655
WO-2153492,ASSET-00702,Corrective,CONTROLLER-FAULT,148,501,000150000656
WO-2153493,ASSET-00702,Preventive,,0,,000150000656
WO-2153494,ASSET-00702,Preventive,,0,,000150000656
WO-2153495,ASSET-00702,Preventive,,0,,000150000656
WO-2153496,ASSET-00702,Corrective,BELT-FAILURE,166,771,000150000656
WO-2153497,ASSET-00702,Emergency,MOTOR-BURNOUT,195,1068,000150000656
WO-2153498,ASSET-00702,Preventive,,0,,000150000656
WO-2153499,ASSET-00702,Corrective,SENSOR-FAULT,55,705,000150000656
WO-2153500,ASSET-00702,Preventive,,0,,000150000656
WO-2153501,ASSET-00703,Preventive,,0,,000150000657
WO-2153502,ASSET-00703,Preventive,,0,,000150000657
WO-2153503,ASSET-00703,Corrective,HYDRAULIC-LEAK,93,776,000150000657
WO-2153504,ASSET-00703,Preventive,,0,,000150000657
WO-2153505,ASSET-00703,Preventive,,0,,000150000657
WO-2153506,ASSET-00703,Corrective,PNEUMATIC-LEAK,83,1677,000150000657
WO-2153507,ASSET-00703,Preventive,,0,,000150000657
WO-2153508,ASSET-00703,Preventive,,0,,000150000657
WO-2153509,ASSET-00704,Corrective,BELT-FAILURE,162,338,000150000658
WO-2153510,ASSET-00704,Preventive,,0,,000150000658
WO-2153511,ASSET-00704,Preventive,,0,,000150000658
WO-2153512,ASSET-00704,Preventive,,0,,000150000658
WO-2153513,ASSET-00704,Preventive,,0,,000150000658
WO-2153514,ASSET-00704,Emergency,PNEUMATIC-LEAK,249,1769,000150000658
WO-2153515,ASSET-00704,Corrective,SENSOR-FAULT,106,1857,000150000658
WO-2153516,ASSET-00704,Preventive,,0,,000150000658
WO-2153517,ASSET-00705,Preventive,,0,,000150000659
WO-2153518,ASSET-00705,Preventive,,0,,000150000659
WO-2153519,ASSET-00705,Corrective,SENSOR-FAULT,31,310,000150000659
WO-2153520,ASSET-00705,Corrective,DIE-WEAR,65,395,000150000659
WO-2153521,ASSET-00705,Preventive,,0,,000150000659
WO-2153522,ASSET-00705,Corrective,SPINDLE-SEIZURE,188,511,000150000659
WO-2153523,ASSET-00705,Corrective,HYDRAULIC-LEAK,177,1387,000150000659
WO-2153524,ASSET-00706,Corrective,BEARING-FAILURE,95,1203,000150000660
WO-2153525,ASSET-00706,Emergency,DIE-WEAR,543,765,000150000660
WO-2153526,ASSET-00707,Preventive,,0,,000150000661
WO-2153527,ASSET-00707,Corrective,CALIBRATION-DRIFT,178,1796,000150000661
WO-2153528,ASSET-00707,Corrective,BELT-FAILURE,206,450,000150000661
WO-2153529,ASSET-00707,Preventive,,0,,000150000661
WO-2153530,ASSET-00708,Corrective,BEARING-FAILURE,236,975,000150000662
WO-2153531,ASSET-00708,Preventive,,0,,000150000662
WO-2153532,ASSET-00708,Preventive,,0,,000150000662
WO-2153533,ASSET-00708,Corrective,DIE-WEAR,31,266,000150000662
WO-2153534,ASSET-00709,Preventive,,0,,000150000663
WO-2153535,ASSET-00709,Corrective,BELT-FAILURE,37,936,000150000663
WO-2153536,ASSET-00709,Corrective,BEARING-FAILURE,230,740,000150000663
WO-2153537,ASSET-00709,Corrective,BEARING-FAILURE,204,945,000150000663
WO-2153538,ASSET-00709,Emergency,HYDRAULIC-LEAK,332,1774,000150000663
WO-2153539,ASSET-00709,Corrective,HYDRAULIC-LEAK,169,1401,000150000663
WO-2153540,ASSET-00709,Preventive,,0,,000150000663
WO-2153541,ASSET-00710,Preventive,,0,,000150000664
WO-2153542,ASSET-00710,Emergency,HYDRAULIC-LEAK,119,884,000150000664
WO-2153543,ASSET-00710,Corrective,CONTROLLER-FAULT,198,1505,000150000664
WO-2153544,ASSET-00710,Corrective,HYDRAULIC-LEAK,71,800,000150000664
WO-2153545,ASSET-00711,Corrective,SENSOR-FAULT,64,1786,000150000665
WO-2153546,ASSET-00711,Preventive,,0,,000150000665
WO-2153547,ASSET-00711,Preventive,,0,,000150000665
WO-2153548,ASSET-00711,Corrective,PNEUMATIC-LEAK,40,1179,000150000665
WO-2153549,ASSET-00711,Preventive,,0,,000150000665
WO-2153550,ASSET-00711,Emergency,MOTOR-BURNOUT,96,755,000150000665
WO-2153551,ASSET-00711,Preventive,,0,,000150000665
WO-2153552,ASSET-00712,Corrective,SENSOR-FAULT,217,804,000150000666
WO-2153553,ASSET-00712,Corrective,CALIBRATION-DRIFT,185,1887,000150000666
WO-2153554,ASSET-00712,Corrective,HYDRAULIC-LEAK,150,1899,000150000666
WO-2153555,ASSET-00712,Preventive,,0,,000150000666
WO-2153556,ASSET-00712,Preventive,,0,,000150000666
WO-2153557,ASSET-00713,Corrective,DIE-WEAR,132,1516,000150000667
WO-2153558,ASSET-00713,Emergency,MOTOR-BURNOUT,203,262,000150000667
WO-2153559,ASSET-00713,Corrective,HYDRAULIC-LEAK,36,452,000150000667
WO-2153560,ASSET-00713,Emergency,HYDRAULIC-LEAK,243,983,000150000667
WO-2153561,ASSET-00714,Corrective,HYDRAULIC-LEAK,41,221,000150000668
WO-2153562,ASSET-00714,Preventive,,0,,000150000668
WO-2153563,ASSET-00714,Preventive,,0,,000150000668
WO-2153564,ASSET-00714,Preventive,,0,,000150000668
WO-2153565,ASSET-00715,Preventive,,0,,000150000669
WO-2153566,ASSET-00715,Preventive,,0,,000150000669
WO-2153567,ASSET-00715,Corrective,CONTROLLER-FAULT,100,1383,000150000669
WO-2153568,ASSET-00715,Corrective,DIE-WEAR,159,1772,000150000669
WO-2153569,ASSET-00716,Preventive,,0,,000150000670
WO-2153570,ASSET-00716,Corrective,DIE-WEAR,88,1084,000150000670
WO-2153571,ASSET-00716,Preventive,,0,,000150000670
WO-2153572,ASSET-00716,Preventive,,0,,000150000670
WO-2153573,ASSET-00716,Corrective,DIE-WEAR,119,1444,000150000670
WO-2153574,ASSET-00716,Preventive,,0,,000150000670
WO-2153575,ASSET-00717,Corrective,SENSOR-FAULT,210,612,000150000671
WO-2153576,ASSET-00717,Preventive,,0,,000150000671
WO-2153577,ASSET-00717,Corrective,BELT-FAILURE,222,801,000150000671
WO-2153578,ASSET-00717,Corrective,BELT-FAILURE,85,1287,000150000671
WO-2153579,ASSET-00718,Preventive,,0,,000150000672
WO-2153580,ASSET-00718,Preventive,,0,,000150000672
WO-2153581,ASSET-00718,Preventive,,0,,000150000672
WO-2153582,ASSET-00718,Preventive,,0,,000150000672
WO-2153583,ASSET-00718,Emergency,SENSOR-FAULT,236,1151,000150000672
WO-2153584,ASSET-00719,Corrective,BELT-FAILURE,33,260,000150000673
WO-2153585,ASSET-00719,Preventive,,0,,000150000673
WO-2153586,ASSET-00719,Preventive,,0,,000150000673
WO-2153587,ASSET-00719,Preventive,,0,,000150000673
WO-2153588,ASSET-00719,Emergency,DIE-WEAR,552,420,000150000673
WO-2153589,ASSET-00719,Preventive,,0,,000150000673
WO-2153590,ASSET-00719,Corrective,PNEUMATIC-LEAK,214,1109,000150000673
WO-2153591,ASSET-00719,Preventive,,0,,000150000673
WO-2153592,ASSET-00719,Preventive,,0,,000150000673
WO-2153593,ASSET-00720,Corrective,MOTOR-BURNOUT,154,1637,000150000674
WO-2153594,ASSET-00720,Corrective,CONTROLLER-FAULT,175,1578,000150000674
WO-2153595,ASSET-00720,Corrective,SENSOR-FAULT,235,859,000150000674
WO-2153596,ASSET-00721,Emergency,MOTOR-BURNOUT,97,1707,000150000675
WO-2153597,ASSET-00721,Preventive,,0,,000150000675
WO-2153598,ASSET-00721,Corrective,DIE-WEAR,31,426,000150000675
WO-2153599,ASSET-00721,Corrective,PNEUMATIC-LEAK,178,1306,000150000675
WO-2153600,ASSET-00721,Preventive,,0,,000150000675
WO-2153601,ASSET-00721,Preventive,,0,,000150000675
WO-2153602,ASSET-00721,Emergency,BELT-FAILURE,167,380,000150000675
WO-2153603,ASSET-00722,Preventive,,0,,000150000676
WO-2153604,ASSET-00722,Preventive,,0,,000150000676
WO-2153605,ASSET-00722,Preventive,,0,,000150000676
WO-2153606,ASSET-00722,Corrective,MOTOR-BURNOUT,176,1364,000150000676
WO-2153607,ASSET-00723,Emergency,BELT-FAILURE,473,452,000150000677
WO-2153608,ASSET-00723,Preventive,,0,,000150000677
WO-2153609,ASSET-00723,Corrective,BEARING-FAILURE,87,1840,000150000677
WO-2153610,ASSET-00724,Corrective,CALIBRATION-DRIFT,107,1962,000150000678
WO-2153611,ASSET-00724,Preventive,,0,,000150000678
WO-2153612,ASSET-00724,Preventive,,0,,000150000678
WO-2153613,ASSET-00724,Preventive,,0,,000150000678
WO-2153614,ASSET-00724,Corrective,SENSOR-FAULT,154,1798,000150000678
WO-2153615,ASSET-00724,Preventive,,0,,000150000678
WO-2153616,ASSET-00724,Preventive,,0,,000150000678
WO-2153617,ASSET-00724,Emergency,PNEUMATIC-LEAK,578,1132,000150000678
WO-2153618,ASSET-00725,Corrective,SENSOR-FAULT,96,1586,000150000679
WO-2153619,ASSET-00725,Preventive,,0,,000150000679
WO-2153620,ASSET-00725,Emergency,DIE-WEAR,433,1830,000150000679
WO-2153621,ASSET-00725,Emergency,CONTROLLER-FAULT,81,1171,000150000679
WO-2153622,ASSET-00725,Preventive,,0,,000150000679
WO-2153623,ASSET-00726,Corrective,CONTROLLER-FAULT,101,1175,000150000680
WO-2153624,ASSET-00726,Corrective,BELT-FAILURE,63,1466,000150000680
WO-2153625,ASSET-00726,Corrective,MOTOR-BURNOUT,87,544,000150000680
WO-2153626,ASSET-00726,Preventive,,0,,000150000680
WO-2153627,ASSET-00726,Corrective,MOTOR-BURNOUT,58,1553,000150000680
WO-2153628,ASSET-00726,Preventive,,0,,000150000680
WO-2153629,ASSET-00727,Preventive,,0,,000150000681
WO-2153630,ASSET-00727,Preventive,,0,,000150000681
WO-2153631,ASSET-00727,Preventive,,0,,000150000681
WO-2153632,ASSET-00727,Preventive,,0,,000150000681
WO-2153633,ASSET-00727,Preventive,,0,,000150000681
WO-2153634,ASSET-00728,Corrective,CALIBRATION-DRIFT,160,1567,000150000682
WO-2153635,ASSET-00728,Preventive,,0,,000150000682
WO-2153636,ASSET-00728,Preventive,,0,,000150000682
WO-2153637,ASSET-00728,Preventive,,0,,000150000682
WO-2153638,ASSET-00728,Preventive,,0,,000150000682
WO-2153639,ASSET-00729,Corrective,CALIBRATION-DRIFT,149,859,000150000683
WO-2153640,ASSET-00729,Corrective,SPINDLE-SEIZURE,180,1641,000150000683
WO-2153641,ASSET-00730,Preventive,,0,,000150000684
WO-2153642,ASSET-00730,Corrective,HYDRAULIC-LEAK,65,380,000150000684
WO-2153643,ASSET-00730,Preventive,,0,,000150000684
WO-2153644,ASSET-00730,Corrective,SPINDLE-SEIZURE,87,588,000150000684
WO-2153645,ASSET-00731,Preventive,,0,,000150000685
WO-2153646,ASSET-00731,Corrective,CONTROLLER-FAULT,183,682,000150000685
WO-2153647,ASSET-00731,Emergency,DIE-WEAR,598,1031,000150000685
WO-2153648,ASSET-00731,Preventive,,0,,000150000685
WO-2153649,ASSET-00731,Preventive,,0,,000150000685
WO-2153650,ASSET-00731,Corrective,BELT-FAILURE,115,1156,000150000685
WO-2153651,ASSET-00732,Preventive,,0,,000150000686
WO-2153652,ASSET-00732,Preventive,,0,,000150000686
WO-2153653,ASSET-00732,Preventive,,0,,000150000686
WO-2153654,ASSET-00732,Corrective,PNEUMATIC-LEAK,89,1117,000150000686
WO-2153655,ASSET-00732,Emergency,CONTROLLER-FAULT,357,1984,000150000686
WO-2153656,ASSET-00732,Preventive,,0,,000150000686
WO-2153657,ASSET-00732,Corrective,CONTROLLER-FAULT,198,953,000150000686
WO-2153658,ASSET-00732,Preventive,,0,,000150000686
WO-2153659,ASSET-00732,Corrective,MOTOR-BURNOUT,145,885,000150000686
WO-2153660,ASSET-00733,Emergency,SENSOR-FAULT,552,538,000150000687
WO-2153661,ASSET-00733,Preventive,,0,,000150000687
WO-2153662,ASSET-00733,Corrective,SPINDLE-SEIZURE,83,1366,000150000687
WO-2153663,ASSET-00734,Preventive,,0,,000150000688
WO-2153664,ASSET-00734,Preventive,,0,,000150000688
WO-2153665,ASSET-00734,Preventive,,0,,000150000688
WO-2153666,ASSET-00734,Preventive,,0,,000150000688
WO-2153667,ASSET-00734,Corrective,CALIBRATION-DRIFT,46,1696,000150000688
WO-2153668,ASSET-00734,Preventive,,0,,000150000688
WO-2153669,ASSET-00735,Corrective,PNEUMATIC-LEAK,30,333,000150000690
WO-2153670,ASSET-00735,Corrective,PNEUMATIC-LEAK,239,1212,000150000690
WO-2153671,ASSET-00735,Preventive,,0,,000150000690
WO-2153672,ASSET-00736,Corrective,BEARING-FAILURE,80,1548,000150000691
WO-2153673,ASSET-00736,Preventive,,0,,000150000691
WO-2153674,ASSET-00736,Corrective,CALIBRATION-DRIFT,120,942,000150000691
WO-2153675,ASSET-00736,Corrective,DIE-WEAR,101,1067,000150000691
WO-2153676,ASSET-00737,Preventive,,0,,000150000692
WO-2153677,ASSET-00737,Preventive,,0,,000150000692
WO-2153678,ASSET-00737,Preventive,,0,,000150000692
WO-2153679,ASSET-00738,Corrective,PNEUMATIC-LEAK,58,1790,000150000693
WO-2153680,ASSET-00738,Preventive,,0,,000150000693
WO-2153681,ASSET-00738,Preventive,,0,,000150000693
WO-2153682,ASSET-00738,Corrective,MOTOR-BURNOUT,238,1441,000150000693
WO-2153683,ASSET-00739,Emergency,DIE-WEAR,243,1678,000150000694
WO-2153684,ASSET-00739,Preventive,,0,,000150000694
WO-2153685,ASSET-00739,Preventive,,0,,000150000694
WO-2153686,ASSET-00740,Corrective,DIE-WEAR,56,235,000150000695
WO-2153687,ASSET-00740,Preventive,,0,,000150000695
WO-2153688,ASSET-00740,Preventive,,0,,000150000695
WO-2153689,ASSET-00741,Corrective,BELT-FAILURE,72,748,000150000696
WO-2153690,ASSET-00741,Preventive,,0,,000150000696
WO-2153691,ASSET-00741,Preventive,,0,,000150000696
WO-2153692,ASSET-00741,Corrective,MOTOR-BURNOUT,237,937,000150000696
WO-2153693,ASSET-00741,Preventive,,0,,000150000696
WO-2153694,ASSET-00741,Corrective,HYDRAULIC-LEAK,153,958,000150000696
WO-2153695,ASSET-00741,Preventive,,0,,000150000696
WO-2153696,ASSET-00742,Corrective,BELT-FAILURE,111,782,000150000697
WO-2153697,ASSET-00742,Preventive,,0,,000150000697
WO-2153698,ASSET-00742,Preventive,,0,,000150000697
WO-2153699,ASSET-00742,Preventive,,0,,000150000697
WO-2153700,ASSET-00743,Emergency,SENSOR-FAULT,339,493,000150000698
WO-2153701,ASSET-00743,Preventive,,0,,000150000698
WO-2153702,ASSET-00743,Preventive,,0,,000150000698
WO-2153703,ASSET-00743,Preventive,,0,,000150000698
WO-2153704,ASSET-00743,Preventive,,0,,000150000698
WO-2153705,ASSET-00743,Preventive,,0,,000150000698
WO-2153706,ASSET-00744,Preventive,,0,,000150000700
WO-2153707,ASSET-00744,Corrective,BEARING-FAILURE,34,1515,000150000700
WO-2153708,ASSET-00744,Preventive,,0,,000150000700
WO-2153709,ASSET-00744,Corrective,CALIBRATION-DRIFT,142,547,000150000700
WO-2153710,ASSET-00744,Corrective,BEARING-FAILURE,192,1748,000150000700
WO-2153711,ASSET-00744,Preventive,,0,,000150000700
WO-2153712,ASSET-00745,Preventive,,0,,000150000701
WO-2153713,ASSET-00745,Corrective,MOTOR-BURNOUT,213,769,000150000701
WO-2153714,ASSET-00745,Preventive,,0,,000150000701
WO-2153715,ASSET-00745,Preventive,,0,,000150000701
WO-2153716,ASSET-00745,Preventive,,0,,000150000701
WO-2153717,ASSET-00745,Preventive,,0,,000150000701
WO-2153718,ASSET-00746,Preventive,,0,,000150000702
WO-2153719,ASSET-00746,Preventive,,0,,000150000702
WO-2153720,ASSET-00746,Preventive,,0,,000150000702
WO-2153721,ASSET-00746,Preventive,,0,,000150000702
WO-2153722,ASSET-00747,Preventive,,0,,000150000703
WO-2153723,ASSET-00747,Corrective,MOTOR-BURNOUT,76,1248,000150000703
WO-2153724,ASSET-00747,Preventive,,0,,000150000703
WO-2153725,ASSET-00747,Emergency,SENSOR-FAULT,550,1248,000150000703
WO-2153726,ASSET-00747,Preventive,,0,,000150000703
WO-2153727,ASSET-00747,Preventive,,0,,000150000703
WO-2153728,ASSET-00747,Preventive,,0,,000150000703
WO-2153729,ASSET-00748,Emergency,BEARING-FAILURE,248,1892,000150000704
WO-2153730,ASSET-00748,Corrective,SPINDLE-SEIZURE,145,1355,000150000704
WO-2153731,ASSET-00748,Corrective,CONTROLLER-FAULT,240,1325,000150000704
WO-2153732,ASSET-00748,Preventive,,0,,000150000704
WO-2153733,ASSET-00748,Preventive,,0,,000150000704
WO-2153734,ASSET-00748,Preventive,,0,,000150000704
WO-2153735,ASSET-00749,Emergency,SPINDLE-SEIZURE,407,1439,000150000705
WO-2153736,ASSET-00749,Preventive,,0,,000150000705
WO-2153737,ASSET-00749,Preventive,,0,,000150000705
WO-2153738,ASSET-00749,Preventive,,0,,000150000705
WO-2153739,ASSET-00750,Corrective,HYDRAULIC-LEAK,165,1409,000150000706
WO-2153740,ASSET-00750,Corrective,SENSOR-FAULT,96,1087,000150000706
WO-2153741,ASSET-00750,Preventive,,0,,000150000706
WO-2153742,ASSET-00750,Emergency,MOTOR-BURNOUT,324,1069,000150000706
WO-2153743,ASSET-00750,Preventive,,0,,000150000706
WO-2153744,ASSET-00750,Emergency,CONTROLLER-FAULT,424,1199,000150000706
WO-2153745,ASSET-00751,Preventive,,0,,000150000707
WO-2153746,ASSET-00751,Preventive,,0,,000150000707
WO-2153747,ASSET-00751,Preventive,,0,,000150000707
WO-2153748,ASSET-00751,Corrective,BEARING-FAILURE,107,1017,000150000707
WO-2153749,ASSET-00752,Preventive,,0,,000150000708
WO-2153750,ASSET-00752,Preventive,,0,,000150000708
WO-2153751,ASSET-00752,Preventive,,0,,000150000708
WO-2153752,ASSET-00752,Preventive,,0,,000150000708
WO-2153753,ASSET-00753,Preventive,,0,,000150000709
WO-2153754,ASSET-00753,Corrective,PNEUMATIC-LEAK,230,1704,000150000709
WO-2153755,ASSET-00753,Preventive,,0,,000150000709
WO-2153756,ASSET-00753,Preventive,,0,,000150000709
WO-2153757,ASSET-00753,Preventive,,0,,000150000709
WO-2153758,ASSET-00753,Corrective,SPINDLE-SEIZURE,124,1134,000150000709
WO-2153759,ASSET-00753,Corrective,HYDRAULIC-LEAK,176,1210,000150000709
WO-2153760,ASSET-00753,Corrective,HYDRAULIC-LEAK,49,1513,000150000709
WO-2153761,ASSET-00754,Corrective,CONTROLLER-FAULT,111,1024,000150000710
WO-2153762,ASSET-00754,Preventive,,0,,000150000710
WO-2153763,ASSET-00754,Preventive,,0,,000150000710
WO-2153764,ASSET-00754,Emergency,HYDRAULIC-LEAK,403,1926,000150000710
WO-2153765,ASSET-00754,Preventive,,0,,000150000710
WO-2153766,ASSET-00755,Corrective,CONTROLLER-FAULT,110,632,000150000711
WO-2153767,ASSET-00755,Corrective,MOTOR-BURNOUT,155,1634,000150000711
WO-2153768,ASSET-00755,Preventive,,0,,000150000711
WO-2153769,ASSET-00755,Corrective,SENSOR-FAULT,39,303,000150000711
WO-2153770,ASSET-00756,Corrective,SENSOR-FAULT,110,802,000150000712
WO-2153771,ASSET-00756,Emergency,CONTROLLER-FAULT,507,554,000150000712
WO-2153772,ASSET-00756,Preventive,,0,,000150000712
WO-2153773,ASSET-00756,Corrective,BELT-FAILURE,131,1191,000150000712
WO-2153774,ASSET-00756,Corrective,BEARING-FAILURE,85,1080,000150000712
WO-2153775,ASSET-00756,Emergency,SPINDLE-SEIZURE,502,1269,000150000712
WO-2153776,ASSET-00756,Corrective,CONTROLLER-FAULT,42,744,000150000712
WO-2153777,ASSET-00757,Preventive,,0,,000150000713
WO-2153778,ASSET-00757,Emergency,SENSOR-FAULT,315,702,000150000713
WO-2153779,ASSET-00758,Preventive,,0,,000150000714
WO-2153780,ASSET-00759,Preventive,,0,,000150000715
WO-2153781,ASSET-00759,Preventive,,0,,000150000715
WO-2153782,ASSET-00759,Corrective,DIE-WEAR,227,1326,000150000715
WO-2153783,ASSET-00759,Preventive,,0,,000150000715
WO-2153784,ASSET-00760,Preventive,,0,,000150000716
WO-2153785,ASSET-00760,Preventive,,0,,000150000716
WO-2153786,ASSET-00760,Corrective,BEARING-FAILURE,171,430,000150000716
WO-2153787,ASSET-00760,Preventive,,0,,000150000716
WO-2153788,ASSET-00760,Preventive,,0,,000150000716
WO-2153789,ASSET-00760,Corrective,DIE-WEAR,96,467,000150000716
WO-2153790,ASSET-00761,Preventive,,0,,000150000717
WO-2153791,ASSET-00761,Emergency,HYDRAULIC-LEAK,147,1359,000150000717
WO-2153792,ASSET-00761,Emergency,HYDRAULIC-LEAK,424,789,000150000717
WO-2153793,ASSET-00761,Preventive,,0,,000150000717
WO-2153794,ASSET-00761,Corrective,CALIBRATION-DRIFT,157,810,000150000717
WO-2153795,ASSET-00762,Corrective,DIE-WEAR,189,715,000150000718
WO-2153796,ASSET-00762,Preventive,,0,,000150000718
WO-2153797,ASSET-00763,Preventive,,0,,000150000719
WO-2153798,ASSET-00763,Preventive,,0,,000150000719
WO-2153799,ASSET-00763,Corrective,PNEUMATIC-LEAK,156,1067,000150000719
WO-2153800,ASSET-00763,Preventive,,0,,000150000719
WO-2153801,ASSET-00763,Corrective,MOTOR-BURNOUT,120,776,000150000719
WO-2153802,ASSET-00764,Corrective,BELT-FAILURE,37,480,000150000720
WO-2153803,ASSET-00764,Preventive,,0,,000150000720
WO-2153804,ASSET-00764,Preventive,,0,,000150000720
WO-2153805,ASSET-00764,Preventive,,0,,000150000720
WO-2153806,ASSET-00764,Emergency,HYDRAULIC-LEAK,168,1590,000150000720
WO-2153807,ASSET-00764,Corrective,CONTROLLER-FAULT,122,744,000150000720
WO-2153808,ASSET-00765,Preventive,,0,,000150000721
WO-2153809,ASSET-00765,Corrective,CONTROLLER-FAULT,88,771,000150000721
WO-2153810,ASSET-00765,Preventive,,0,,000150000721
WO-2153811,ASSET-00765,Preventive,,0,,000150000721
WO-2153812,ASSET-00765,Corrective,SPINDLE-SEIZURE,32,1050,000150000721
WO-2153813,ASSET-00765,Preventive,,0,,000150000721
WO-2153814,ASSET-00765,Preventive,,0,,000150000721
WO-2153815,ASSET-00766,Preventive,,0,,000150000722
WO-2153816,ASSET-00766,Corrective,CONTROLLER-FAULT,114,1984,000150000722
WO-2153817,ASSET-00766,Corrective,SENSOR-FAULT,167,1974,000150000722
WO-2153818,ASSET-00766,Preventive,,0,,000150000722
WO-2153819,ASSET-00767,Preventive,,0,,000150000723
WO-2153820,ASSET-00767,Preventive,,0,,000150000723
WO-2153821,ASSET-00767,Preventive,,0,,000150000723
WO-2153822,ASSET-00767,Preventive,,0,,000150000723
WO-2153823,ASSET-00767,Preventive,,0,,000150000723
WO-2153824,ASSET-00767,Preventive,,0,,000150000723
WO-2153825,ASSET-00768,Preventive,,0,,000150000724
WO-2153826,ASSET-00768,Preventive,,0,,000150000724
WO-2153827,ASSET-00768,Preventive,,0,,000150000724
WO-2153828,ASSET-00768,Preventive,,0,,000150000724
WO-2153829,ASSET-00768,Corrective,CONTROLLER-FAULT,156,522,000150000724
WO-2153830,ASSET-00768,Preventive,,0,,000150000724
WO-2153831,ASSET-00768,Preventive,,0,,000150000724
WO-2153832,ASSET-00768,Preventive,,0,,000150000724
WO-2153833,ASSET-00769,Preventive,,0,,000150000725
WO-2153834,ASSET-00769,Preventive,,0,,000150000725
WO-2153835,ASSET-00769,Corrective,SENSOR-FAULT,77,754,000150000725
WO-2153836,ASSET-00770,Preventive,,0,,000150000726
WO-2153837,ASSET-00770,Preventive,,0,,000150000726
WO-2153838,ASSET-00770,Corrective,CALIBRATION-DRIFT,99,941,000150000726
WO-2153839,ASSET-00770,Corrective,SENSOR-FAULT,193,877,000150000726
WO-2153840,ASSET-00770,Preventive,,0,,000150000726
WO-2153841,ASSET-00770,Corrective,BELT-FAILURE,238,1242,000150000726
WO-2153842,ASSET-00770,Preventive,,0,,000150000726
WO-2153843,ASSET-00771,Corrective,SENSOR-FAULT,100,1561,000150000727
WO-2153844,ASSET-00771,Corrective,SENSOR-FAULT,223,1776,000150000727
WO-2153845,ASSET-00771,Preventive,,0,,000150000727
WO-2153846,ASSET-00772,Preventive,,0,,000150000728
WO-2153847,ASSET-00772,Emergency,SENSOR-FAULT,253,1928,000150000728
WO-2153848,ASSET-00772,Preventive,,0,,000150000728
WO-2153849,ASSET-00772,Preventive,,0,,000150000728
WO-2153850,ASSET-00772,Preventive,,0,,000150000728
WO-2153851,ASSET-00773,Preventive,,0,,000150000729
WO-2153852,ASSET-00773,Preventive,,0,,000150000729
WO-2153853,ASSET-00773,Preventive,,0,,000150000729
WO-2153854,ASSET-00773,Corrective,DIE-WEAR,92,1549,000150000729
WO-2153855,ASSET-00773,Corrective,MOTOR-BURNOUT,228,623,000150000729
WO-2153856,ASSET-00774,Corrective,HYDRAULIC-LEAK,210,394,000150000730
WO-2153857,ASSET-00774,Preventive,,0,,000150000730
WO-2153858,ASSET-00774,Preventive,,0,,000150000730
WO-2153859,ASSET-00774,Corrective,MOTOR-BURNOUT,124,1365,000150000730
WO-2153860,ASSET-00774,Corrective,SPINDLE-SEIZURE,80,1937,000150000730
WO-2153861,ASSET-00774,Corrective,MOTOR-BURNOUT,64,496,000150000730
WO-2153862,ASSET-00774,Corrective,HYDRAULIC-LEAK,194,1850,000150000730
WO-2153863,ASSET-00774,Preventive,,0,,000150000730
WO-2153864,ASSET-00774,Preventive,,0,,000150000730
WO-2153865,ASSET-00774,Preventive,,0,,000150000730
WO-2153866,ASSET-00774,Corrective,CALIBRATION-DRIFT,233,1405,000150000730
WO-2153867,ASSET-00775,Corrective,DIE-WEAR,64,722,000150000731
WO-2153868,ASSET-00775,Preventive,,0,,000150000731
WO-2153869,ASSET-00775,Preventive,,0,,000150000731
WO-2153870,ASSET-00775,Corrective,PNEUMATIC-LEAK,233,1931,000150000731
WO-2153871,ASSET-00776,Corrective,HYDRAULIC-LEAK,228,824,000150000732
WO-2153872,ASSET-00776,Emergency,BEARING-FAILURE,276,706,000150000732
WO-2153873,ASSET-00776,Emergency,BEARING-FAILURE,385,534,000150000732
WO-2153874,ASSET-00776,Corrective,HYDRAULIC-LEAK,149,1519,000150000732
WO-2153875,ASSET-00776,Preventive,,0,,000150000732
WO-2153876,ASSET-00776,Preventive,,0,,000150000732
WO-2153877,ASSET-00777,Corrective,MOTOR-BURNOUT,81,1841,000150000733
WO-2153878,ASSET-00777,Corrective,MOTOR-BURNOUT,134,513,000150000733
WO-2153879,ASSET-00777,Preventive,,0,,000150000733
WO-2153880,ASSET-00777,Corrective,DIE-WEAR,174,1561,000150000733
WO-2153881,ASSET-00777,Corrective,SPINDLE-SEIZURE,140,1308,000150000733
WO-2153882,ASSET-00778,Preventive,,0,,000150000734
WO-2153883,ASSET-00778,Preventive,,0,,000150000734
WO-2153884,ASSET-00778,Preventive,,0,,000150000734
WO-2153885,ASSET-00778,Corrective,BELT-FAILURE,87,1781,000150000734
WO-2153886,ASSET-00778,Preventive,,0,,000150000734
WO-2153887,ASSET-00779,Corrective,SENSOR-FAULT,165,1366,000150000735
WO-2153888,ASSET-00779,Corrective,CONTROLLER-FAULT,35,1154,000150000735
WO-2153889,ASSET-00780,Preventive,,0,,000150000736
WO-2153890,ASSET-00780,Corrective,PNEUMATIC-LEAK,112,1338,000150000736
WO-2153891,ASSET-00780,Corrective,BEARING-FAILURE,188,1411,000150000736
WO-2153892,ASSET-00780,Corrective,SPINDLE-SEIZURE,86,806,000150000736
WO-2153893,ASSET-00780,Preventive,,0,,000150000736
WO-2153894,ASSET-00781,Preventive,,0,,000150000737
WO-2153895,ASSET-00781,Emergency,SPINDLE-SEIZURE,85,1800,000150000737
WO-2153896,ASSET-00781,Preventive,,0,,000150000737
WO-2153897,ASSET-00781,Preventive,,0,,000150000737
WO-2153898,ASSET-00781,Corrective,BEARING-FAILURE,207,1285,000150000737
WO-2153899,ASSET-00781,Preventive,,0,,000150000737
WO-2153900,ASSET-00781,Corrective,HYDRAULIC-LEAK,132,693,000150000737
WO-2153901,ASSET-00782,Preventive,,0,,000150000738
WO-2153902,ASSET-00782,Preventive,,0,,000150000738
WO-2153903,ASSET-00782,Preventive,,0,,000150000738
WO-2153904,ASSET-00782,Corrective,BEARING-FAILURE,120,1515,000150000738
WO-2153905,ASSET-00783,Preventive,,0,,000150000739
WO-2153906,ASSET-00783,Preventive,,0,,000150000739
WO-2153907,ASSET-00783,Corrective,SPINDLE-SEIZURE,86,1308,000150000739
WO-2153908,ASSET-00783,Preventive,,0,,000150000739
WO-2153909,ASSET-00783,Preventive,,0,,000150000739
WO-2153910,ASSET-00783,Corrective,CONTROLLER-FAULT,174,1951,000150000739
WO-2153911,ASSET-00783,Preventive,,0,,000150000739
WO-2153912,ASSET-00784,Preventive,,0,,000150000741
WO-2153913,ASSET-00784,Corrective,SPINDLE-SEIZURE,100,808,000150000741
WO-2153914,ASSET-00784,Corrective,CALIBRATION-DRIFT,178,1863,000150000741
WO-2153915,ASSET-00784,Preventive,,0,,000150000741
WO-2153916,ASSET-00784,Corrective,SPINDLE-SEIZURE,69,1650,000150000741
WO-2153917,ASSET-00784,Preventive,,0,,000150000741
WO-2153918,ASSET-00784,Corrective,MOTOR-BURNOUT,126,1557,000150000741
WO-2153919,ASSET-00785,Preventive,,0,,000150000742
WO-2153920,ASSET-00785,Corrective,DIE-WEAR,190,1063,000150000742
WO-2153921,ASSET-00785,Preventive,,0,,000150000742
WO-2153922,ASSET-00785,Corrective,CALIBRATION-DRIFT,219,678,000150000742
WO-2153923,ASSET-00785,Preventive,,0,,000150000742
WO-2153924,ASSET-00785,Corrective,MOTOR-BURNOUT,98,575,000150000742
WO-2153925,ASSET-00785,Preventive,,0,,000150000742
WO-2153926,ASSET-00786,Preventive,,0,,000150000743
WO-2153927,ASSET-00786,Corrective,CALIBRATION-DRIFT,32,1731,000150000743
WO-2153928,ASSET-00786,Preventive,,0,,000150000743
WO-2153929,ASSET-00786,Preventive,,0,,000150000743
WO-2153930,ASSET-00787,Corrective,DIE-WEAR,196,1357,000150000744
WO-2153931,ASSET-00787,Preventive,,0,,000150000744
WO-2153932,ASSET-00787,Preventive,,0,,000150000744
WO-2153933,ASSET-00788,Emergency,CALIBRATION-DRIFT,396,1704,000150000745
WO-2153934,ASSET-00788,Preventive,,0,,000150000745
WO-2153935,ASSET-00788,Corrective,CALIBRATION-DRIFT,168,838,000150000745
WO-2153936,ASSET-00789,Preventive,,0,,000150000746
WO-2153937,ASSET-00789,Preventive,,0,,000150000746
WO-2153938,ASSET-00789,Emergency,MOTOR-BURNOUT,111,1247,000150000746
WO-2153939,ASSET-00790,Emergency,MOTOR-BURNOUT,320,248,000150000747
WO-2153940,ASSET-00790,Preventive,,0,,000150000747
WO-2153941,ASSET-00790,Corrective,CONTROLLER-FAULT,41,202,000150000747
WO-2153942,ASSET-00790,Corrective,HYDRAULIC-LEAK,200,1431,000150000747
WO-2153943,ASSET-00790,Preventive,,0,,000150000747
WO-2153944,ASSET-00790,Preventive,,0,,000150000747
WO-2153945,ASSET-00790,Preventive,,0,,000150000747
WO-2153946,ASSET-00791,Preventive,,0,,000150000748
WO-2153947,ASSET-00791,Corrective,PNEUMATIC-LEAK,56,1013,000150000748
WO-2153948,ASSET-00791,Corrective,DIE-WEAR,105,958,000150000748
WO-2153949,ASSET-00791,Preventive,,0,,000150000748
WO-2153950,ASSET-00792,Corrective,PNEUMATIC-LEAK,45,931,000150000749
WO-2153951,ASSET-00792,Preventive,,0,,000150000749
WO-2153952,ASSET-00792,Corrective,DIE-WEAR,38,1958,000150000749
WO-2153953,ASSET-00792,Preventive,,0,,000150000749
WO-2153954,ASSET-00792,Corrective,MOTOR-BURNOUT,73,1037,000150000749
WO-2153955,ASSET-00793,Emergency,BELT-FAILURE,449,509,000150000750
WO-2153956,ASSET-00793,Preventive,,0,,000150000750
WO-2153957,ASSET-00793,Corrective,SPINDLE-SEIZURE,146,1557,000150000750
WO-2153958,ASSET-00793,Corrective,CONTROLLER-FAULT,196,1016,000150000750
WO-2153959,ASSET-00793,Corrective,MOTOR-BURNOUT,201,1987,000150000750
WO-2153960,ASSET-00794,Preventive,,0,,000150000751
WO-2153961,ASSET-00794,Preventive,,0,,000150000751
WO-2153962,ASSET-00794,Emergency,DIE-WEAR,556,339,000150000751
WO-2153963,ASSET-00795,Corrective,SENSOR-FAULT,172,1806,000150000752
WO-2153964,ASSET-00796,Preventive,,0,,000150000753
WO-2153965,ASSET-00796,Preventive,,0,,000150000753
WO-2153966,ASSET-00796,Preventive,,0,,000150000753
WO-2153967,ASSET-00796,Preventive,,0,,000150000753
WO-2153968,ASSET-00796,Preventive,,0,,000150000753
WO-2153969,ASSET-00796,Corrective,CALIBRATION-DRIFT,196,810,000150000753
WO-2153970,ASSET-00796,Corrective,MOTOR-BURNOUT,220,1052,000150000753
WO-2153971,ASSET-00797,Emergency,SPINDLE-SEIZURE,119,1840,000150000754
WO-2153972,ASSET-00797,Preventive,,0,,000150000754
WO-2153973,ASSET-00797,Corrective,BEARING-FAILURE,112,941,000150000754
WO-2153974,ASSET-00797,Corrective,MOTOR-BURNOUT,216,805,000150000754
WO-2153975,ASSET-00797,Preventive,,0,,000150000754
WO-2153976,ASSET-00798,Preventive,,0,,000150000755
WO-2153977,ASSET-00798,Preventive,,0,,000150000755
WO-2153978,ASSET-00798,Emergency,HYDRAULIC-LEAK,91,416,000150000755
WO-2153979,ASSET-00798,Corrective,PNEUMATIC-LEAK,66,823,000150000755
WO-2153980,ASSET-00798,Preventive,,0,,000150000755
WO-2153981,ASSET-00798,Preventive,,0,,000150000755
WO-2153982,ASSET-00798,Preventive,,0,,000150000755
WO-2153983,ASSET-00798,Emergency,DIE-WEAR,275,1694,000150000755
WO-2153984,ASSET-00798,Preventive,,0,,000150000755
WO-2153985,ASSET-00799,Corrective,HYDRAULIC-LEAK,67,1981,000150000756
WO-2153986,ASSET-00799,Corrective,SENSOR-FAULT,176,460,000150000756
WO-2153987,ASSET-00799,Preventive,,0,,000150000756
WO-2153988,ASSET-00799,Preventive,,0,,000150000756
WO-2153989,ASSET-00799,Preventive,,0,,000150000756
WO-2153990,ASSET-00799,Preventive,,0,,000150000756
WO-2153991,ASSET-00800,Corrective,BELT-FAILURE,157,791,000150000757
WO-2153992,ASSET-00800,Emergency,BEARING-FAILURE,224,428,000150000757
WO-2153993,ASSET-00800,Corrective,BELT-FAILURE,155,782,000150000757
WO-2153994,ASSET-00800,Corrective,SPINDLE-SEIZURE,68,1830,000150000757
WO-2153995,ASSET-00801,Preventive,,0,,000150000758
WO-2153996,ASSET-00801,Corrective,BELT-FAILURE,160,374,000150000758
WO-2153997,ASSET-00801,Corrective,DIE-WEAR,145,558,000150000758
WO-2153998,ASSET-00801,Emergency,HYDRAULIC-LEAK,226,1623,000150000758
WO-2153999,ASSET-00802,Preventive,,0,,000150000759
WO-2154000,ASSET-00802,Corrective,PNEUMATIC-LEAK,161,844,000150000759
WO-2154001,ASSET-00802,Corrective,BELT-FAILURE,140,1363,000150000759
WO-2154002,ASSET-00802,Preventive,,0,,000150000759
WO-2154003,ASSET-00803,Corrective,MOTOR-BURNOUT,109,1824,000150000760
WO-2154004,ASSET-00803,Corrective,SPINDLE-SEIZURE,154,1063,000150000760
WO-2154005,ASSET-00803,Corrective,CALIBRATION-DRIFT,141,376,000150000760
WO-2154006,ASSET-00803,Corrective,HYDRAULIC-LEAK,228,1002,000150000760
WO-2154007,ASSET-00803,Corrective,SPINDLE-SEIZURE,180,1843,000150000760
WO-2154008,ASSET-00803,Emergency,SENSOR-FAULT,536,1853,000150000760
WO-2154009,ASSET-00803,Preventive,,0,,000150000760
WO-2154010,ASSET-00803,Corrective,BEARING-FAILURE,186,1834,000150000760
WO-2154011,ASSET-00804,Preventive,,0,,000150000761
WO-2154012,ASSET-00804,Preventive,,0,,000150000761
WO-2154013,ASSET-00805,Corrective,BEARING-FAILURE,107,917,000150000762
WO-2154014,ASSET-00805,Preventive,,0,,000150000762
WO-2154015,ASSET-00805,Preventive,,0,,000150000762
WO-2154016,ASSET-00805,Corrective,MOTOR-BURNOUT,92,1651,000150000762
WO-2154017,ASSET-00806,Preventive,,0,,000150000763
WO-2154018,ASSET-00806,Preventive,,0,,000150000763
WO-2154019,ASSET-00806,Corrective,SPINDLE-SEIZURE,215,263,000150000763
WO-2154020,ASSET-00807,Preventive,,0,,000150000764
WO-2154021,ASSET-00807,Corrective,CALIBRATION-DRIFT,206,1183,000150000764
WO-2154022,ASSET-00808,Preventive,,0,,000150000765
WO-2154023,ASSET-00808,Preventive,,0,,000150000765
WO-2154024,ASSET-00809,Corrective,SENSOR-FAULT,102,932,000150000766
WO-2154025,ASSET-00809,Preventive,,0,,000150000766
WO-2154026,ASSET-00809,Preventive,,0,,000150000766
WO-2154027,ASSET-00809,Preventive,,0,,000150000766
WO-2154028,ASSET-00809,Preventive,,0,,000150000766
WO-2154029,ASSET-00809,Preventive,,0,,000150000766
WO-2154030,ASSET-00810,Corrective,DIE-WEAR,224,1906,000150000767
WO-2154031,ASSET-00810,Preventive,,0,,000150000767
WO-2154032,ASSET-00810,Preventive,,0,,000150000767
WO-2154033,ASSET-00810,Preventive,,0,,000150000767
WO-2154034,ASSET-00810,Preventive,,0,,000150000767
WO-2154035,ASSET-00810,Preventive,,0,,000150000767
WO-2154036,ASSET-00810,Corrective,DIE-WEAR,52,862,000150000767
WO-2154037,ASSET-00810,Preventive,,0,,000150000767
WO-2154038,ASSET-00811,Corrective,CONTROLLER-FAULT,36,632,000150000768
WO-2154039,ASSET-00811,Emergency,SENSOR-FAULT,377,601,000150000768
WO-2154040,ASSET-00811,Corrective,SPINDLE-SEIZURE,124,940,000150000768
WO-2154041,ASSET-00812,Corrective,SPINDLE-SEIZURE,218,1239,000150000769
WO-2154042,ASSET-00812,Corrective,SPINDLE-SEIZURE,130,287,000150000769
WO-2154043,ASSET-00812,Preventive,,0,,000150000769
WO-2154044,ASSET-00812,Corrective,MOTOR-BURNOUT,201,1451,000150000769
WO-2154045,ASSET-00813,Corrective,BELT-FAILURE,56,621,000150000770
WO-2154046,ASSET-00813,Corrective,BELT-FAILURE,204,921,000150000770
WO-2154047,ASSET-00813,Preventive,,0,,000150000770
WO-2154048,ASSET-00814,Corrective,CALIBRATION-DRIFT,191,1347,000150000771
WO-2154049,ASSET-00814,Preventive,,0,,000150000771
WO-2154050,ASSET-00814,Preventive,,0,,000150000771
WO-2154051,ASSET-00815,Corrective,CALIBRATION-DRIFT,96,570,000150000772
WO-2154052,ASSET-00815,Preventive,,0,,000150000772
WO-2154053,ASSET-00815,Corrective,PNEUMATIC-LEAK,117,723,000150000772
WO-2154054,ASSET-00815,Corrective,CONTROLLER-FAULT,73,229,000150000772
WO-2154055,ASSET-00815,Preventive,,0,,000150000772
WO-2154056,ASSET-00815,Corrective,SENSOR-FAULT,127,891,000150000772
WO-2154057,ASSET-00815,Preventive,,0,,000150000772
WO-2154058,ASSET-00816,Corrective,PNEUMATIC-LEAK,115,1348,000150000774
WO-2154059,ASSET-00816,Corrective,DIE-WEAR,100,1214,000150000774
WO-2154060,ASSET-00816,Preventive,,0,,000150000774
WO-2154061,ASSET-00816,Preventive,,0,,000150000774
WO-2154062,ASSET-00816,Preventive,,0,,000150000774
WO-2154063,ASSET-00817,Emergency,CALIBRATION-DRIFT,363,952,000150000775
WO-2154064,ASSET-00817,Preventive,,0,,000150000775
WO-2154065,ASSET-00817,Corrective,BELT-FAILURE,164,1809,000150000775
WO-2154066,ASSET-00817,Preventive,,0,,000150000775
WO-2154067,ASSET-00817,Preventive,,0,,000150000775
WO-2154068,ASSET-00818,Preventive,,0,,000150000776
WO-2154069,ASSET-00818,Preventive,,0,,000150000776
WO-2154070,ASSET-00819,Preventive,,0,,000150000777
WO-2154071,ASSET-00819,Preventive,,0,,000150000777
WO-2154072,ASSET-00819,Corrective,CONTROLLER-FAULT,101,1512,000150000777
WO-2154073,ASSET-00819,Preventive,,0,,000150000777
WO-2154074,ASSET-00819,Corrective,PNEUMATIC-LEAK,115,926,000150000777
WO-2154075,ASSET-00820,Emergency,SENSOR-FAULT,574,1805,000150000778
WO-2154076,ASSET-00820,Preventive,,0,,000150000778
WO-2154077,ASSET-00820,Preventive,,0,,000150000778
WO-2154078,ASSET-00820,Preventive,,0,,000150000778
WO-2154079,ASSET-00820,Preventive,,0,,000150000778
WO-2154080,ASSET-00820,Emergency,DIE-WEAR,408,484,000150000778
WO-2154081,ASSET-00820,Corrective,MOTOR-BURNOUT,173,1854,000150000778
WO-2154082,ASSET-00821,Corrective,BELT-FAILURE,171,663,000150000779
WO-2154083,ASSET-00821,Corrective,BEARING-FAILURE,98,1186,000150000779
WO-2154084,ASSET-00821,Corrective,HYDRAULIC-LEAK,115,1173,000150000779
WO-2154085,ASSET-00821,Preventive,,0,,000150000779
WO-2154086,ASSET-00821,Preventive,,0,,000150000779
WO-2154087,ASSET-00821,Preventive,,0,,000150000779
WO-2154088,ASSET-00821,Preventive,,0,,000150000779
WO-2154089,ASSET-00821,Corrective,MOTOR-BURNOUT,194,1727,000150000779
WO-2154090,ASSET-00822,Preventive,,0,,000150000780
WO-2154091,ASSET-00822,Preventive,,0,,000150000780
WO-2154092,ASSET-00822,Preventive,,0,,000150000780
WO-2154093,ASSET-00823,Corrective,SENSOR-FAULT,107,467,000150000781
WO-2154094,ASSET-00823,Preventive,,0,,000150000781
WO-2154095,ASSET-00823,Preventive,,0,,000150000781
WO-2154096,ASSET-00823,Corrective,CALIBRATION-DRIFT,101,1503,000150000781
WO-2154097,ASSET-00823,Preventive,,0,,000150000781
WO-2154098,ASSET-00823,Emergency,SENSOR-FAULT,169,1232,000150000781
WO-2154099,ASSET-00824,Emergency,BELT-FAILURE,539,452,000150000782
WO-2154100,ASSET-00824,Preventive,,0,,000150000782
WO-2154101,ASSET-00824,Preventive,,0,,000150000782
WO-2154102,ASSET-00824,Preventive,,0,,000150000782
WO-2154103,ASSET-00824,Preventive,,0,,000150000782
WO-2154104,ASSET-00824,Preventive,,0,,000150000782
WO-2154105,ASSET-00824,Preventive,,0,,000150000782
WO-2154106,ASSET-00825,Corrective,SENSOR-FAULT,144,339,000150000783
WO-2154107,ASSET-00825,Corrective,DIE-WEAR,91,1048,000150000783
WO-2154108,ASSET-00825,Corrective,MOTOR-BURNOUT,174,1270,000150000783
WO-2154109,ASSET-00825,Preventive,,0,,000150000783
WO-2154110,ASSET-00826,Corrective,DIE-WEAR,102,497,000150000784
WO-2154111,ASSET-00826,Preventive,,0,,000150000784
WO-2154112,ASSET-00827,Corrective,PNEUMATIC-LEAK,110,503,000150000785
WO-2154113,ASSET-00827,Emergency,MOTOR-BURNOUT,390,1948,000150000785
WO-2154114,ASSET-00827,Corrective,HYDRAULIC-LEAK,138,1405,000150000785
WO-2154115,ASSET-00827,Corrective,SPINDLE-SEIZURE,73,885,000150000785
WO-2154116,ASSET-00827,Preventive,,0,,000150000785
WO-2154117,ASSET-00827,Preventive,,0,,000150000785
WO-2154118,ASSET-00827,Emergency,HYDRAULIC-LEAK,178,1409,000150000785
WO-2154119,ASSET-00828,Corrective,SPINDLE-SEIZURE,143,928,000150000786
WO-2154120,ASSET-00828,Corrective,MOTOR-BURNOUT,163,1184,000150000786
WO-2154121,ASSET-00828,Preventive,,0,,000150000786
WO-2154122,ASSET-00828,Preventive,,0,,000150000786
WO-2154123,ASSET-00829,Corrective,PNEUMATIC-LEAK,33,697,000150000787
WO-2154124,ASSET-00829,Preventive,,0,,000150000787
WO-2154125,ASSET-00829,Corrective,CALIBRATION-DRIFT,229,1637,000150000787
WO-2154126,ASSET-00830,Emergency,CONTROLLER-FAULT,270,700,000150000788
WO-2154127,ASSET-00830,Preventive,,0,,000150000788
WO-2154128,ASSET-00830,Preventive,,0,,000150000788
WO-2154129,ASSET-00830,Preventive,,0,,000150000788
WO-2154130,ASSET-00831,Preventive,,0,,000150000789
WO-2154131,ASSET-00831,Preventive,,0,,000150000789
WO-2154132,ASSET-00831,Preventive,,0,,000150000789
WO-2154133,ASSET-00831,Corrective,MOTOR-BURNOUT,141,718,000150000789
WO-2154134,ASSET-00832,Preventive,,0,,000150000790
WO-2154135,ASSET-00832,Preventive,,0,,000150000790
WO-2154136,ASSET-00833,Corrective,CONTROLLER-FAULT,104,1272,000150000791
WO-2154137,ASSET-00833,Preventive,,0,,000150000791
WO-2154138,ASSET-00833,Corrective,MOTOR-BURNOUT,36,833,000150000791
WO-2154139,ASSET-00833,Preventive,,0,,000150000791
WO-2154140,ASSET-00833,Preventive,,0,,000150000791
WO-2154141,ASSET-00834,Corrective,BELT-FAILURE,135,1168,000150000792
WO-2154142,ASSET-00834,Corrective,CALIBRATION-DRIFT,114,1629,000150000792
WO-2154143,ASSET-00834,Preventive,,0,,000150000792
WO-2154144,ASSET-00834,Corrective,HYDRAULIC-LEAK,167,644,000150000792
WO-2154145,ASSET-00834,Preventive,,0,,000150000792
WO-2154146,ASSET-00834,Corrective,BELT-FAILURE,237,1089,000150000792
WO-2154147,ASSET-00834,Preventive,,0,,000150000792
WO-2154148,ASSET-00834,Preventive,,0,,000150000792
WO-2154149,ASSET-00834,Preventive,,0,,000150000792
WO-2154150,ASSET-00835,Corrective,BELT-FAILURE,57,1906,000150000793
WO-2154151,ASSET-00835,Preventive,,0,,000150000793
WO-2154152,ASSET-00835,Preventive,,0,,000150000793
WO-2154153,ASSET-00835,Corrective,DIE-WEAR,32,700,000150000793
WO-2154154,ASSET-00835,Preventive,,0,,000150000793
WO-2154155,ASSET-00835,Preventive,,0,,000150000793
WO-2154156,ASSET-00836,Corrective,MOTOR-BURNOUT,82,1058,000150000794
WO-2154157,ASSET-00836,Preventive,,0,,000150000794
WO-2154158,ASSET-00836,Preventive,,0,,000150000794
WO-2154159,ASSET-00836,Corrective,MOTOR-BURNOUT,200,1684,000150000794
WO-2154160,ASSET-00837,Corrective,BEARING-FAILURE,225,1544,000150000795
WO-2154161,ASSET-00837,Corrective,CALIBRATION-DRIFT,90,809,000150000795
WO-2154162,ASSET-00837,Preventive,,0,,000150000795
WO-2154163,ASSET-00837,Preventive,,0,,000150000795
WO-2154164,ASSET-00837,Preventive,,0,,000150000795
WO-2154165,ASSET-00837,Corrective,SENSOR-FAULT,202,523,000150000795
WO-2154166,ASSET-00837,Corrective,BEARING-FAILURE,183,1557,000150000795
WO-2154167,ASSET-00837,Preventive,,0,,000150000795
WO-2154168,ASSET-00837,Corrective,DIE-WEAR,39,1188,000150000795
WO-2154169,ASSET-00837,Corrective,BELT-FAILURE,135,1545,000150000795
WO-2154170,ASSET-00838,Preventive,,0,,000150000796
WO-2154171,ASSET-00838,Preventive,,0,,000150000796
WO-2154172,ASSET-00838,Preventive,,0,,000150000796
WO-2154173,ASSET-00838,Preventive,,0,,000150000796
WO-2154174,ASSET-00839,Corrective,HYDRAULIC-LEAK,212,337,000150000797
WO-2154175,ASSET-00839,Preventive,,0,,000150000797
WO-2154176,ASSET-00839,Preventive,,0,,000150000797
WO-2154177,ASSET-00839,Corrective,SPINDLE-SEIZURE,73,1024,000150000797
WO-2154178,ASSET-00839,Preventive,,0,,000150000797
WO-2154179,ASSET-00840,Corrective,CONTROLLER-FAULT,72,1029,000150000798
WO-2154180,ASSET-00840,Corrective,CONTROLLER-FAULT,192,1028,000150000798
WO-2154181,ASSET-00840,Corrective,SPINDLE-SEIZURE,44,346,000150000798
WO-2154182,ASSET-00840,Corrective,CONTROLLER-FAULT,157,1071,000150000798
WO-2154183,ASSET-00841,Preventive,,0,,000150000799
WO-2154184,ASSET-00841,Corrective,CONTROLLER-FAULT,192,810,000150000799
WO-2154185,ASSET-00841,Corrective,SENSOR-FAULT,119,434,000150000799
WO-2154186,ASSET-00841,Corrective,SENSOR-FAULT,76,721,000150000799
WO-2154187,ASSET-00841,Preventive,,0,,000150000799
WO-2154188,ASSET-00842,Corrective,BEARING-FAILURE,227,892,000150000800
WO-2154189,ASSET-00842,Corrective,CONTROLLER-FAULT,217,399,000150000800
WO-2154190,ASSET-00842,Preventive,,0,,000150000800
WO-2154191,ASSET-00842,Preventive,,0,,000150000800
WO-2154192,ASSET-00842,Corrective,HYDRAULIC-LEAK,65,1106,000150000800
WO-2154193,ASSET-00842,Preventive,,0,,000150000800
WO-2154194,ASSET-00842,Preventive,,0,,000150000800
WO-2154195,ASSET-00842,Corrective,SENSOR-FAULT,111,1161,000150000800
WO-2154196,ASSET-00843,Preventive,,0,,000150000801
WO-2154197,ASSET-00843,Preventive,,0,,000150000801
WO-2154198,ASSET-00843,Emergency,BEARING-FAILURE,60,1434,000150000801
WO-2154199,ASSET-00843,Emergency,CALIBRATION-DRIFT,303,661,000150000801
WO-2154200,ASSET-00843,Preventive,,0,,000150000801
WO-2154201,ASSET-00843,Emergency,BEARING-FAILURE,428,1461,000150000801
WO-2154202,ASSET-00844,Corrective,PNEUMATIC-LEAK,158,1034,000150000802
WO-2154203,ASSET-00844,Corrective,CALIBRATION-DRIFT,163,1498,000150000802
WO-2154204,ASSET-00844,Emergency,SENSOR-FAULT,595,1698,000150000802
WO-2154205,ASSET-00844,Corrective,SENSOR-FAULT,31,1302,000150000802
WO-2154206,ASSET-00844,Preventive,,0,,000150000802
WO-2154207,ASSET-00845,Preventive,,0,,000150000803
WO-2154208,ASSET-00845,Emergency,MOTOR-BURNOUT,277,953,000150000803
WO-2154209,ASSET-00845,Corrective,BELT-FAILURE,180,467,000150000803
WO-2154210,ASSET-00845,Preventive,,0,,000150000803
WO-2154211,ASSET-00845,Corrective,DIE-WEAR,167,772,000150000803
WO-2154212,ASSET-00846,Preventive,,0,,000150000804
WO-2154213,ASSET-00846,Preventive,,0,,000150000804
WO-2154214,ASSET-00846,Preventive,,0,,000150000804
WO-2154215,ASSET-00846,Preventive,,0,,000150000804
WO-2154216,ASSET-00846,Preventive,,0,,000150000804
WO-2154217,ASSET-00847,Emergency,MOTOR-BURNOUT,91,688,000150000805
WO-2154218,ASSET-00847,Preventive,,0,,000150000805
WO-2154219,ASSET-00847,Corrective,MOTOR-BURNOUT,79,1800,000150000805
WO-2154220,ASSET-00847,Corrective,CALIBRATION-DRIFT,238,1001,000150000805
WO-2154221,ASSET-00848,Preventive,,0,,000150000806
WO-2154222,ASSET-00848,Preventive,,0,,000150000806
WO-2154223,ASSET-00848,Corrective,SENSOR-FAULT,134,218,000150000806
WO-2154224,ASSET-00848,Preventive,,0,,000150000806
WO-2154225,ASSET-00849,Corrective,PNEUMATIC-LEAK,161,1275,000150000807
WO-2154226,ASSET-00849,Corrective,DIE-WEAR,239,1962,000150000807
WO-2154227,ASSET-00849,Preventive,,0,,000150000807
WO-2154228,ASSET-00849,Preventive,,0,,000150000807
WO-2154229,ASSET-00849,Emergency,SENSOR-FAULT,351,856,000150000807
WO-2154230,ASSET-00850,Preventive,,0,,000150000808
WO-2154231,ASSET-00850,Preventive,,0,,000150000808
WO-2154232,ASSET-00850,Corrective,BEARING-FAILURE,125,1608,000150000808
WO-2154233,ASSET-00850,Preventive,,0,,000150000808
WO-2154234,ASSET-00850,Preventive,,0,,000150000808
WO-2154235,ASSET-00850,Emergency,CONTROLLER-FAULT,435,249,000150000808
WO-2154236,ASSET-00851,Preventive,,0,,000150000809
WO-2154237,ASSET-00851,Corrective,HYDRAULIC-LEAK,142,1089,000150000809
WO-2154238,ASSET-00851,Emergency,SPINDLE-SEIZURE,114,1380,000150000809
WO-2154239,ASSET-00851,Emergency,MOTOR-BURNOUT,322,542,000150000809
WO-2154240,ASSET-00851,Corrective,BELT-FAILURE,225,1092,000150000809
WO-2154241,ASSET-00852,Preventive,,0,,000150000810
WO-2154242,ASSET-00852,Preventive,,0,,000150000810
WO-2154243,ASSET-00852,Preventive,,0,,000150000810
WO-2154244,ASSET-00852,Preventive,,0,,000150000810
WO-2154245,ASSET-00853,Corrective,BELT-FAILURE,97,1514,000150000811
WO-2154246,ASSET-00853,Preventive,,0,,000150000811
WO-2154247,ASSET-00853,Corrective,BEARING-FAILURE,220,232,000150000811
WO-2154248,ASSET-00854,Corrective,BEARING-FAILURE,230,1675,000150000812
WO-2154249,ASSET-00854,Preventive,,0,,000150000812
WO-2154250,ASSET-00854,Preventive,,0,,000150000812
WO-2154251,ASSET-00854,Preventive,,0,,000150000812
WO-2154252,ASSET-00854,Corrective,BEARING-FAILURE,239,736,000150000812
WO-2154253,ASSET-00855,Preventive,,0,,000150000813
WO-2154254,ASSET-00855,Corrective,SENSOR-FAULT,50,1464,000150000813
WO-2154255,ASSET-00855,Corrective,CALIBRATION-DRIFT,73,1085,000150000813
WO-2154256,ASSET-00856,Corrective,SPINDLE-SEIZURE,30,1999,000150000814
WO-2154257,ASSET-00856,Corrective,SENSOR-FAULT,131,1077,000150000814
WO-2154258,ASSET-00857,Corrective,CONTROLLER-FAULT,237,748,000150000815
WO-2154259,ASSET-00857,Corrective,SPINDLE-SEIZURE,240,1015,000150000815
WO-2154260,ASSET-00857,Preventive,,0,,000150000815
WO-2154261,ASSET-00857,Preventive,,0,,000150000815
WO-2154262,ASSET-00858,Preventive,,0,,000150000816
WO-2154263,ASSET-00859,Preventive,,0,,000150000817
WO-2154264,ASSET-00859,Corrective,SPINDLE-SEIZURE,41,520,000150000817
WO-2154265,ASSET-00859,Corrective,MOTOR-BURNOUT,30,213,000150000817
WO-2154266,ASSET-00859,Emergency,SENSOR-FAULT,374,1399,000150000817
WO-2154267,ASSET-00859,Corrective,PNEUMATIC-LEAK,36,541,000150000817
WO-2154268,ASSET-00859,Preventive,,0,,000150000817
WO-2154269,ASSET-00860,Emergency,CONTROLLER-FAULT,119,572,000150000818
WO-2154270,ASSET-00860,Preventive,,0,,000150000818
WO-2154271,ASSET-00860,Preventive,,0,,000150000818
WO-2154272,ASSET-00860,Preventive,,0,,000150000818
WO-2154273,ASSET-00861,Corrective,CALIBRATION-DRIFT,168,492,000150000819
WO-2154274,ASSET-00861,Corrective,HYDRAULIC-LEAK,42,1515,000150000819
WO-2154275,ASSET-00861,Corrective,CONTROLLER-FAULT,46,1066,000150000819
WO-2154276,ASSET-00861,Preventive,,0,,000150000819
WO-2154277,ASSET-00861,Preventive,,0,,000150000819
WO-2154278,ASSET-00861,Preventive,,0,,000150000819
WO-2154279,ASSET-00861,Preventive,,0,,000150000819
WO-2154280,ASSET-00861,Preventive,,0,,000150000819
WO-2154281,ASSET-00861,Preventive,,0,,000150000819
WO-2154282,ASSET-00862,Corrective,PNEUMATIC-LEAK,107,1419,000150000820
WO-2154283,ASSET-00862,Preventive,,0,,000150000820
WO-2154284,ASSET-00862,Preventive,,0,,000150000820
WO-2154285,ASSET-00862,Corrective,CONTROLLER-FAULT,49,1008,000150000820
WO-2154286,ASSET-00862,Corrective,BELT-FAILURE,83,1589,000150000820
WO-2154287,ASSET-00862,Preventive,,0,,000150000820
WO-2154288,ASSET-00863,Corrective,BEARING-FAILURE,184,312,000150000821
WO-2154289,ASSET-00863,Corrective,HYDRAULIC-LEAK,65,571,000150000821
WO-2154290,ASSET-00864,Preventive,,0,,000150000822
WO-2154291,ASSET-00864,Corrective,HYDRAULIC-LEAK,221,1010,000150000822
WO-2154292,ASSET-00864,Preventive,,0,,000150000822
WO-2154293,ASSET-00865,Emergency,BELT-FAILURE,110,1038,000150000823
WO-2154294,ASSET-00865,Corrective,PNEUMATIC-LEAK,232,746,000150000823
WO-2154295,ASSET-00865,Emergency,HYDRAULIC-LEAK,538,969,000150000823
WO-2154296,ASSET-00865,Preventive,,0,,000150000823
WO-2154297,ASSET-00865,Corrective,BEARING-FAILURE,61,568,000150000823
WO-2154298,ASSET-00865,Corrective,BELT-FAILURE,110,1209,000150000823
WO-2154299,ASSET-00865,Preventive,,0,,000150000823
WO-2154300,ASSET-00866,Emergency,DIE-WEAR,590,642,000150000824
WO-2154301,ASSET-00866,Emergency,SPINDLE-SEIZURE,129,567,000150000824
WO-2154302,ASSET-00866,Preventive,,0,,000150000824
WO-2154303,ASSET-00866,Emergency,SENSOR-FAULT,520,1027,000150000824
WO-2154304,ASSET-00866,Preventive,,0,,000150000824
WO-2154305,ASSET-00866,Corrective,SENSOR-FAULT,154,383,000150000824
WO-2154306,ASSET-00867,Preventive,,0,,000150000825
WO-2154307,ASSET-00867,Preventive,,0,,000150000825
WO-2154308,ASSET-00867,Preventive,,0,,000150000825
WO-2154309,ASSET-00867,Preventive,,0,,000150000825
WO-2154310,ASSET-00868,Preventive,,0,,000150000826
WO-2154311,ASSET-00868,Preventive,,0,,000150000826
WO-2154312,ASSET-00868,Preventive,,0,,000150000826
WO-2154313,ASSET-00868,Emergency,BELT-FAILURE,97,1230,000150000826
WO-2154314,ASSET-00868,Emergency,MOTOR-BURNOUT,499,1820,000150000826
WO-2154315,ASSET-00868,Corrective,PNEUMATIC-LEAK,35,1395,000150000826
WO-2154316,ASSET-00868,Preventive,,0,,000150000826
WO-2154317,ASSET-00869,Corrective,PNEUMATIC-LEAK,55,353,000150000827
WO-2154318,ASSET-00869,Emergency,MOTOR-BURNOUT,197,1138,000150000827
WO-2154319,ASSET-00869,Corrective,BELT-FAILURE,30,1152,000150000827
WO-2154320,ASSET-00869,Corrective,DIE-WEAR,216,1906,000150000827
WO-2154321,ASSET-00869,Emergency,BEARING-FAILURE,554,623,000150000827
WO-2154322,ASSET-00869,Preventive,,0,,000150000827
WO-2154323,ASSET-00869,Emergency,PNEUMATIC-LEAK,239,269,000150000827
WO-2154324,ASSET-00869,Preventive,,0,,000150000827
WO-2154325,ASSET-00869,Emergency,CONTROLLER-FAULT,145,1186,000150000827
WO-2154326,ASSET-00869,Preventive,,0,,000150000827
WO-2154327,ASSET-00870,Preventive,,0,,000150000828
WO-2154328,ASSET-00870,Corrective,PNEUMATIC-LEAK,135,1193,000150000828
WO-2154329,ASSET-00871,Preventive,,0,,000150000829
WO-2154330,ASSET-00871,Corrective,SPINDLE-SEIZURE,168,381,000150000829
WO-2154331,ASSET-00871,Preventive,,0,,000150000829
WO-2154332,ASSET-00871,Preventive,,0,,000150000829
WO-2154333,ASSET-00871,Emergency,DIE-WEAR,120,553,000150000829
WO-2154334,ASSET-00872,Preventive,,0,,000150000830
WO-2154335,ASSET-00872,Preventive,,0,,000150000830
WO-2154336,ASSET-00872,Corrective,BELT-FAILURE,185,1170,000150000830
WO-2154337,ASSET-00872,Preventive,,0,,000150000830
WO-2154338,ASSET-00872,Preventive,,0,,000150000830
WO-2154339,ASSET-00873,Emergency,PNEUMATIC-LEAK,491,1699,000150000831
WO-2154340,ASSET-00873,Corrective,BEARING-FAILURE,238,1527,000150000831
WO-2154341,ASSET-00874,Preventive,,0,,000150000832
WO-2154342,ASSET-00874,Corrective,SENSOR-FAULT,213,1776,000150000832
WO-2154343,ASSET-00874,Preventive,,0,,000150000832
WO-2154344,ASSET-00874,Corrective,SENSOR-FAULT,36,866,000150000832
WO-2154345,ASSET-00874,Preventive,,0,,000150000832
WO-2154346,ASSET-00875,Preventive,,0,,000150000833
WO-2154347,ASSET-00875,Preventive,,0,,000150000833
WO-2154348,ASSET-00875,Corrective,CALIBRATION-DRIFT,166,1422,000150000833
WO-2154349,ASSET-00875,Corrective,HYDRAULIC-LEAK,103,964,000150000833
WO-2154350,ASSET-00875,Preventive,,0,,000150000833
WO-2154351,ASSET-00875,Corrective,SENSOR-FAULT,147,1159,000150000833
WO-2154352,ASSET-00875,Preventive,,0,,000150000833
WO-2154353,ASSET-00875,Corrective,DIE-WEAR,204,582,000150000833
WO-2154354,ASSET-00876,Preventive,,0,,000150000834
WO-2154355,ASSET-00876,Preventive,,0,,000150000834
WO-2154356,ASSET-00876,Emergency,CONTROLLER-FAULT,453,1183,000150000834
WO-2154357,ASSET-00876,Preventive,,0,,000150000834
WO-2154358,ASSET-00876,Corrective,BEARING-FAILURE,94,474,000150000834
WO-2154359,ASSET-00876,Preventive,,0,,000150000834
WO-2154360,ASSET-00876,Preventive,,0,,000150000834
WO-2154361,ASSET-00876,Preventive,,0,,000150000834
WO-2154362,ASSET-00876,Preventive,,0,,000150000834
WO-2154363,ASSET-00877,Corrective,BEARING-FAILURE,113,1567,000150000835
WO-2154364,ASSET-00877,Corrective,PNEUMATIC-LEAK,145,359,000150000835
WO-2154365,ASSET-00878,Corrective,PNEUMATIC-LEAK,165,978,000150000836
WO-2154366,ASSET-00878,Preventive,,0,,000150000836
WO-2154367,ASSET-00878,Corrective,BEARING-FAILURE,155,763,000150000836
WO-2154368,ASSET-00878,Corrective,PNEUMATIC-LEAK,231,418,000150000836
WO-2154369,ASSET-00878,Corrective,SENSOR-FAULT,109,1201,000150000836
WO-2154370,ASSET-00878,Corrective,SPINDLE-SEIZURE,178,1207,000150000836
WO-2154371,ASSET-00879,Emergency,MOTOR-BURNOUT,221,1729,000150000837
WO-2154372,ASSET-00879,Preventive,,0,,000150000837
WO-2154373,ASSET-00879,Preventive,,0,,000150000837
WO-2154374,ASSET-00880,Preventive,,0,,000150000838
WO-2154375,ASSET-00880,Corrective,SENSOR-FAULT,213,277,000150000838
WO-2154376,ASSET-00881,Preventive,,0,,000150000839
WO-2154377,ASSET-00881,Corrective,BELT-FAILURE,193,1723,000150000839
WO-2154378,ASSET-00881,Preventive,,0,,000150000839
WO-2154379,ASSET-00882,Preventive,,0,,000150000840
WO-2154380,ASSET-00882,Emergency,CONTROLLER-FAULT,233,506,000150000840
WO-2154381,ASSET-00882,Corrective,BEARING-FAILURE,61,1215,000150000840
WO-2154382,ASSET-00882,Corrective,SPINDLE-SEIZURE,143,753,000150000840
WO-2154383,ASSET-00882,Corrective,BELT-FAILURE,140,915,000150000840
WO-2154384,ASSET-00883,Corrective,HYDRAULIC-LEAK,205,1140,000150000841
WO-2154385,ASSET-00883,Corrective,HYDRAULIC-LEAK,223,1845,000150000841
WO-2154386,ASSET-00883,Corrective,BELT-FAILURE,190,606,000150000841
WO-2154387,ASSET-00883,Preventive,,0,,000150000841
WO-2154388,ASSET-00883,Preventive,,0,,000150000841
WO-2154389,ASSET-00884,Preventive,,0,,000150000842
WO-2154390,ASSET-00884,Corrective,CONTROLLER-FAULT,169,366,000150000842
WO-2154391,ASSET-00884,Preventive,,0,,000150000842
WO-2154392,ASSET-00885,Emergency,DIE-WEAR,170,1134,000150000843
WO-2154393,ASSET-00885,Preventive,,0,,000150000843
WO-2154394,ASSET-00885,Preventive,,0,,000150000843
WO-2154395,ASSET-00886,Preventive,,0,,000150000844
WO-2154396,ASSET-00886,Preventive,,0,,000150000844
WO-2154397,ASSET-00886,Emergency,MOTOR-BURNOUT,484,440,000150000844
WO-2154398,ASSET-00886,Preventive,,0,,000150000844
WO-2154399,ASSET-00886,Corrective,CALIBRATION-DRIFT,172,1355,000150000844
WO-2154400,ASSET-00886,Preventive,,0,,000150000844
WO-2154401,ASSET-00887,Corrective,MOTOR-BURNOUT,120,1586,000150000845
WO-2154402,ASSET-00887,Preventive,,0,,000150000845
WO-2154403,ASSET-00887,Corrective,BELT-FAILURE,206,1195,000150000845
WO-2154404,ASSET-00887,Preventive,,0,,000150000845
WO-2154405,ASSET-00888,Preventive,,0,,000150000846
WO-2154406,ASSET-00888,Preventive,,0,,000150000846
WO-2154407,ASSET-00888,Preventive,,0,,000150000846
WO-2154408,ASSET-00889,Corrective,CONTROLLER-FAULT,172,1138,000150000847
WO-2154409,ASSET-00889,Preventive,,0,,000150000847
WO-2154410,ASSET-00889,Corrective,MOTOR-BURNOUT,237,573,000150000847
WO-2154411,ASSET-00889,Corrective,DIE-WEAR,187,663,000150000847
WO-2154412,ASSET-00889,Corrective,BEARING-FAILURE,237,1980,000150000847
WO-2154413,ASSET-00890,Corrective,MOTOR-BURNOUT,84,1280,000150000848
WO-2154414,ASSET-00890,Preventive,,0,,000150000848
WO-2154415,ASSET-00891,Preventive,,0,,000150000849
WO-2154416,ASSET-00891,Corrective,BELT-FAILURE,83,1141,000150000849
WO-2154417,ASSET-00891,Preventive,,0,,000150000849
WO-2154418,ASSET-00891,Corrective,PNEUMATIC-LEAK,229,403,000150000849
WO-2154419,ASSET-00891,Preventive,,0,,000150000849
WO-2154420,ASSET-00891,Preventive,,0,,000150000849
WO-2154421,ASSET-00891,Preventive,,0,,000150000849
WO-2154422,ASSET-00892,Preventive,,0,,000150000850
WO-2154423,ASSET-00892,Preventive,,0,,000150000850
WO-2154424,ASSET-00892,Preventive,,0,,000150000850
WO-2154425,ASSET-00892,Preventive,,0,,000150000850
WO-2154426,ASSET-00893,Corrective,BEARING-FAILURE,65,655,000150000851
WO-2154427,ASSET-00893,Corrective,PNEUMATIC-LEAK,124,1563,000150000851
WO-2154428,ASSET-00893,Preventive,,0,,000150000851
WO-2154429,ASSET-00893,Corrective,SENSOR-FAULT,82,519,000150000851
WO-2154430,ASSET-00893,Corrective,BEARING-FAILURE,226,1069,000150000851
WO-2154431,ASSET-00894,Preventive,,0,,000150000852
WO-2154432,ASSET-00894,Corrective,MOTOR-BURNOUT,86,699,000150000852
WO-2154433,ASSET-00894,Corrective,MOTOR-BURNOUT,207,1128,000150000852
WO-2154434,ASSET-00894,Preventive,,0,,000150000852
WO-2154435,ASSET-00894,Emergency,BELT-FAILURE,344,1172,000150000852
WO-2154436,ASSET-00894,Preventive,,0,,000150000852
WO-2154437,ASSET-00895,Preventive,,0,,000150000853
WO-2154438,ASSET-00895,Corrective,PNEUMATIC-LEAK,192,1405,000150000853
WO-2154439,ASSET-00895,Preventive,,0,,000150000853
WO-2154440,ASSET-00895,Corrective,CALIBRATION-DRIFT,143,1979,000150000853
WO-2154441,ASSET-00895,Preventive,,0,,000150000853
WO-2154442,ASSET-00895,Preventive,,0,,000150000853
WO-2154443,ASSET-00896,Preventive,,0,,000150000854
WO-2154444,ASSET-00896,Corrective,MOTOR-BURNOUT,189,897,000150000854
WO-2154445,ASSET-00896,Emergency,CONTROLLER-FAULT,194,1701,000150000854
WO-2154446,ASSET-00897,Emergency,BEARING-FAILURE,287,819,000150000855
WO-2154447,ASSET-00897,Corrective,BEARING-FAILURE,55,1737,000150000855
WO-2154448,ASSET-00897,Preventive,,0,,000150000855
WO-2154449,ASSET-00897,Corrective,BELT-FAILURE,227,1561,000150000855
WO-2154450,ASSET-00898,Preventive,,0,,000150000856
WO-2154451,ASSET-00898,Corrective,MOTOR-BURNOUT,206,1826,000150000856
WO-2154452,ASSET-00898,Preventive,,0,,000150000856
WO-2154453,ASSET-00898,Preventive,,0,,000150000856
WO-2154454,ASSET-00898,Preventive,,0,,000150000856
WO-2154455,ASSET-00898,Corrective,CALIBRATION-DRIFT,172,860,000150000856
WO-2154456,ASSET-00899,Preventive,,0,,000150000857
WO-2154457,ASSET-00899,Corrective,SPINDLE-SEIZURE,79,1330,000150000857
WO-2154458,ASSET-00899,Preventive,,0,,000150000857
WO-2154459,ASSET-00899,Corrective,DIE-WEAR,71,1077,000150000857
WO-2154460,ASSET-00899,Emergency,DIE-WEAR,437,1097,000150000857
WO-2154461,ASSET-00899,Preventive,,0,,000150000857
WO-2154462,ASSET-00899,Corrective,SPINDLE-SEIZURE,134,1028,000150000857
WO-2154463,ASSET-00900,Preventive,,0,,000150000858
WO-2154464,ASSET-00900,Corrective,BEARING-FAILURE,158,1250,000150000858
WO-2154465,ASSET-00900,Corrective,CONTROLLER-FAULT,57,900,000150000858
WO-2154466,ASSET-00900,Preventive,,0,,000150000858
WO-2154467,ASSET-00900,Preventive,,0,,000150000858
WO-2154468,ASSET-00901,Corrective,BELT-FAILURE,187,840,000150000859
WO-2154469,ASSET-00901,Corrective,PNEUMATIC-LEAK,100,272,000150000859
WO-2154470,ASSET-00901,Preventive,,0,,000150000859
WO-2154471,ASSET-00901,Preventive,,0,,000150000859
WO-2154472,ASSET-00902,Preventive,,0,,000150000860
WO-2154473,ASSET-00902,Preventive,,0,,000150000860
WO-2154474,ASSET-00902,Preventive,,0,,000150000860
WO-2154475,ASSET-00902,Corrective,CALIBRATION-DRIFT,128,919,000150000860
WO-2154476,ASSET-00903,Corrective,BELT-FAILURE,69,505,000150000861
WO-2154477,ASSET-00903,Corrective,SPINDLE-SEIZURE,129,516,000150000861
WO-2154478,ASSET-00903,Preventive,,0,,000150000861
WO-2154479,ASSET-00903,Preventive,,0,,000150000861
WO-2154480,ASSET-00903,Corrective,DIE-WEAR,199,901,000150000861
WO-2154481,ASSET-00903,Corrective,SPINDLE-SEIZURE,36,549,000150000861
WO-2154482,ASSET-00903,Preventive,,0,,000150000861
WO-2154483,ASSET-00903,Corrective,SENSOR-FAULT,133,1783,000150000861
WO-2154484,ASSET-00904,Preventive,,0,,000150000862
WO-2154485,ASSET-00904,Emergency,HYDRAULIC-LEAK,442,1590,000150000862
WO-2154486,ASSET-00904,Preventive,,0,,000150000862
WO-2154487,ASSET-00904,Corrective,DIE-WEAR,127,251,000150000862
WO-2154488,ASSET-00905,Corrective,PNEUMATIC-LEAK,174,578,000150000863
WO-2154489,ASSET-00905,Corrective,BELT-FAILURE,72,633,000150000863
WO-2154490,ASSET-00905,Preventive,,0,,000150000863
WO-2154491,ASSET-00905,Preventive,,0,,000150000863
WO-2154492,ASSET-00905,Preventive,,0,,000150000863
WO-2154493,ASSET-00906,Preventive,,0,,000150000864
WO-2154494,ASSET-00906,Emergency,SENSOR-FAULT,273,350,000150000864
WO-2154495,ASSET-00906,Preventive,,0,,000150000864
WO-2154496,ASSET-00906,Emergency,CALIBRATION-DRIFT,530,1618,000150000864
WO-2154497,ASSET-00906,Preventive,,0,,000150000864
WO-2154498,ASSET-00907,Emergency,DIE-WEAR,507,829,000150000865
WO-2154499,ASSET-00907,Preventive,,0,,000150000865
WO-2154500,ASSET-00907,Preventive,,0,,000150000865
WO-2154501,ASSET-00907,Corrective,CONTROLLER-FAULT,214,1166,000150000865
WO-2154502,ASSET-00907,Preventive,,0,,000150000865
WO-2154503,ASSET-00908,Preventive,,0,,000150000866
WO-2154504,ASSET-00908,Corrective,SENSOR-FAULT,53,1396,000150000866
WO-2154505,ASSET-00908,Preventive,,0,,000150000866
WO-2154506,ASSET-00908,Preventive,,0,,000150000866
WO-2154507,ASSET-00908,Preventive,,0,,000150000866
WO-2154508,ASSET-00908,Emergency,PNEUMATIC-LEAK,337,212,000150000866
WO-2154509,ASSET-00908,Corrective,PNEUMATIC-LEAK,131,748,000150000866
WO-2154510,ASSET-00909,Preventive,,0,,000150000867
WO-2154511,ASSET-00909,Emergency,MOTOR-BURNOUT,411,1091,000150000867
WO-2154512,ASSET-00909,Emergency,DIE-WEAR,109,417,000150000867
WO-2154513,ASSET-00909,Corrective,BELT-FAILURE,46,581,000150000867
WO-2154514,ASSET-00910,Preventive,,0,,000150000868
WO-2154515,ASSET-00910,Preventive,,0,,000150000868
WO-2154516,ASSET-00910,Preventive,,0,,000150000868
WO-2154517,ASSET-00911,Corrective,PNEUMATIC-LEAK,121,1284,000150000869
WO-2154518,ASSET-00911,Corrective,MOTOR-BURNOUT,223,1743,000150000869
WO-2154519,ASSET-00911,Preventive,,0,,000150000869
WO-2154520,ASSET-00912,Preventive,,0,,000150000870
WO-2154521,ASSET-00912,Preventive,,0,,000150000870
WO-2154522,ASSET-00912,Preventive,,0,,000150000870
WO-2154523,ASSET-00912,Preventive,,0,,000150000870
WO-2154524,ASSET-00912,Preventive,,0,,000150000870
WO-2154525,ASSET-00913,Corrective,SPINDLE-SEIZURE,64,1056,000150000871
WO-2154526,ASSET-00913,Corrective,BELT-FAILURE,189,1971,000150000871
WO-2154527,ASSET-00913,Corrective,SENSOR-FAULT,87,1644,000150000871
WO-2154528,ASSET-00914,Preventive,,0,,000150000872
WO-2154529,ASSET-00914,Corrective,MOTOR-BURNOUT,235,812,000150000872
WO-2154530,ASSET-00914,Preventive,,0,,000150000872
WO-2154531,ASSET-00914,Emergency,BEARING-FAILURE,139,1157,000150000872
WO-2154532,ASSET-00915,Preventive,,0,,000150000873
WO-2154533,ASSET-00915,Corrective,SPINDLE-SEIZURE,109,747,000150000873
WO-2154534,ASSET-00915,Corrective,SENSOR-FAULT,167,1358,000150000873
WO-2154535,ASSET-00915,Preventive,,0,,000150000873
WO-2154536,ASSET-00916,Preventive,,0,,000150000874
WO-2154537,ASSET-00916,Preventive,,0,,000150000874
WO-2154538,ASSET-00917,Corrective,BEARING-FAILURE,119,1368,000150000875
WO-2154539,ASSET-00917,Preventive,,0,,000150000875
WO-2154540,ASSET-00918,Emergency,BEARING-FAILURE,243,1983,000150000876
WO-2154541,ASSET-00918,Emergency,BEARING-FAILURE,401,1974,000150000876
WO-2154542,ASSET-00918,Corrective,SPINDLE-SEIZURE,226,1163,000150000876
WO-2154543,ASSET-00918,Corrective,BELT-FAILURE,30,825,000150000876
WO-2154544,ASSET-00918,Preventive,,0,,000150000876
WO-2154545,ASSET-00918,Corrective,HYDRAULIC-LEAK,71,1969,000150000876
WO-2154546,ASSET-00919,Preventive,,0,,000150000877
WO-2154547,ASSET-00919,Preventive,,0,,000150000877
WO-2154548,ASSET-00919,Preventive,,0,,000150000877
WO-2154549,ASSET-00919,Preventive,,0,,000150000877
WO-2154550,ASSET-00919,Emergency,BEARING-FAILURE,312,1902,000150000877
WO-2154551,ASSET-00919,Preventive,,0,,000150000877
WO-2154552,ASSET-00919,Preventive,,0,,000150000877
WO-2154553,ASSET-00919,Preventive,,0,,000150000877
WO-2154554,ASSET-00920,Preventive,,0,,000150000878
WO-2154555,ASSET-00920,Preventive,,0,,000150000878
WO-2154556,ASSET-00920,Preventive,,0,,000150000878
WO-2154557,ASSET-00920,Preventive,,0,,000150000878
WO-2154558,ASSET-00921,Preventive,,0,,000150000879
WO-2154559,ASSET-00921,Preventive,,0,,000150000879
WO-2154560,ASSET-00921,Corrective,DIE-WEAR,181,1741,000150000879
WO-2154561,ASSET-00921,Emergency,CONTROLLER-FAULT,66,1926,000150000879
WO-2154562,ASSET-00921,Corrective,CONTROLLER-FAULT,224,296,000150000879
WO-2154563,ASSET-00921,Corrective,SENSOR-FAULT,62,1326,000150000879
WO-2154564,ASSET-00922,Preventive,,0,,000150000880
WO-2154565,ASSET-00922,Preventive,,0,,000150000880
WO-2154566,ASSET-00922,Preventive,,0,,000150000880
WO-2154567,ASSET-00922,Preventive,,0,,000150000880
WO-2154568,ASSET-00922,Corrective,SENSOR-FAULT,146,968,000150000880
WO-2154569,ASSET-00922,Corrective,SENSOR-FAULT,76,223,000150000880
WO-2154570,ASSET-00922,Preventive,,0,,000150000880
WO-2154571,ASSET-00923,Corrective,SPINDLE-SEIZURE,48,586,000150000881
WO-2154572,ASSET-00923,Preventive,,0,,000150000881
WO-2154573,ASSET-00923,Corrective,PNEUMATIC-LEAK,132,1485,000150000881
WO-2154574,ASSET-00923,Emergency,HYDRAULIC-LEAK,311,1274,000150000881
WO-2154575,ASSET-00923,Corrective,CALIBRATION-DRIFT,197,401,000150000881
WO-2154576,ASSET-00923,Preventive,,0,,000150000881
WO-2154577,ASSET-00924,Corrective,BEARING-FAILURE,36,819,000150000882
WO-2154578,ASSET-00924,Preventive,,0,,000150000882
WO-2154579,ASSET-00924,Preventive,,0,,000150000882
WO-2154580,ASSET-00925,Preventive,,0,,000150000883
WO-2154581,ASSET-00925,Preventive,,0,,000150000883
WO-2154582,ASSET-00925,Corrective,MOTOR-BURNOUT,218,1927,000150000883
WO-2154583,ASSET-00925,Preventive,,0,,000150000883
WO-2154584,ASSET-00926,Corrective,HYDRAULIC-LEAK,71,537,000150000884
WO-2154585,ASSET-00926,Emergency,SENSOR-FAULT,272,406,000150000884
WO-2154586,ASSET-00926,Corrective,SPINDLE-SEIZURE,240,916,000150000884
WO-2154587,ASSET-00926,Preventive,,0,,000150000884
WO-2154588,ASSET-00927,Preventive,,0,,000150000885
WO-2154589,ASSET-00927,Corrective,CALIBRATION-DRIFT,108,1468,000150000885
WO-2154590,ASSET-00927,Corrective,HYDRAULIC-LEAK,201,456,000150000885
WO-2154591,ASSET-00927,Corrective,HYDRAULIC-LEAK,180,907,000150000885
WO-2154592,ASSET-00928,Preventive,,0,,000150000886
WO-2154593,ASSET-00928,Preventive,,0,,000150000886
WO-2154594,ASSET-00928,Preventive,,0,,000150000886
WO-2154595,ASSET-00928,Corrective,SENSOR-FAULT,234,600,000150000886
WO-2154596,ASSET-00928,Preventive,,0,,000150000886
WO-2154597,ASSET-00929,Preventive,,0,,000150000887
WO-2154598,ASSET-00929,Corrective,PNEUMATIC-LEAK,187,509,000150000887
WO-2154599,ASSET-00929,Preventive,,0,,000150000887
WO-2154600,ASSET-00929,Preventive,,0,,000150000887
WO-2154601,ASSET-00929,Preventive,,0,,000150000887
WO-2154602,ASSET-00930,Preventive,,0,,000150000888
WO-2154603,ASSET-00930,Corrective,CONTROLLER-FAULT,117,728,000150000888
WO-2154604,ASSET-00930,Corrective,SENSOR-FAULT,179,1326,000150000888
WO-2154605,ASSET-00930,Preventive,,0,,000150000888
WO-2154606,ASSET-00931,Preventive,,0,,000150000889
WO-2154607,ASSET-00931,Corrective,SPINDLE-SEIZURE,57,1721,000150000889
WO-2154608,ASSET-00931,Preventive,,0,,000150000889
WO-2154609,ASSET-00931,Corrective,PNEUMATIC-LEAK,164,469,000150000889
WO-2154610,ASSET-00932,Preventive,,0,,000150000890
WO-2154611,ASSET-00932,Emergency,HYDRAULIC-LEAK,196,1967,000150000890
WO-2154612,ASSET-00932,Corrective,CONTROLLER-FAULT,210,1006,000150000890
WO-2154613,ASSET-00932,Corrective,PNEUMATIC-LEAK,43,1550,000150000890
WO-2154614,ASSET-00932,Preventive,,0,,000150000890
WO-2154615,ASSET-00932,Preventive,,0,,000150000890
WO-2154616,ASSET-00933,Preventive,,0,,000150000891
WO-2154617,ASSET-00933,Preventive,,0,,000150000891
WO-2154618,ASSET-00933,Corrective,CALIBRATION-DRIFT,66,207,000150000891
WO-2154619,ASSET-00933,Preventive,,0,,000150000891
WO-2154620,ASSET-00933,Emergency,MOTOR-BURNOUT,550,923,000150000891
WO-2154621,ASSET-00933,Preventive,,0,,000150000891
WO-2154622,ASSET-00934,Corrective,SPINDLE-SEIZURE,94,265,000150000892
WO-2154623,ASSET-00934,Corrective,CONTROLLER-FAULT,234,1483,000150000892
WO-2154624,ASSET-00934,Preventive,,0,,000150000892
WO-2154625,ASSET-00934,Corrective,SENSOR-FAULT,112,1870,000150000892
WO-2154626,ASSET-00934,Preventive,,0,,000150000892
WO-2154627,ASSET-00934,Preventive,,0,,000150000892
WO-2154628,ASSET-00935,Emergency,MOTOR-BURNOUT,314,1997,000150000893
WO-2154629,ASSET-00936,Preventive,,0,,000150000894
WO-2154630,ASSET-00936,Emergency,DIE-WEAR,157,649,000150000894
WO-2154631,ASSET-00936,Corrective,SPINDLE-SEIZURE,37,1230,000150000894
WO-2154632,ASSET-00936,Corrective,CONTROLLER-FAULT,115,992,000150000894
WO-2154633,ASSET-00936,Preventive,,0,,000150000894
WO-2154634,ASSET-00937,Preventive,,0,,000150000895
WO-2154635,ASSET-00937,Corrective,SENSOR-FAULT,176,565,000150000895
WO-2154636,ASSET-00937,Corrective,BELT-FAILURE,60,383,000150000895
WO-2154637,ASSET-00937,Corrective,CALIBRATION-DRIFT,63,1423,000150000895
WO-2154638,ASSET-00937,Corrective,HYDRAULIC-LEAK,186,1406,000150000895
WO-2154639,ASSET-00937,Preventive,,0,,000150000895
WO-2154640,ASSET-00938,Corrective,CONTROLLER-FAULT,193,989,000150000896
WO-2154641,ASSET-00938,Preventive,,0,,000150000896
WO-2154642,ASSET-00938,Emergency,DIE-WEAR,366,814,000150000896
WO-2154643,ASSET-00938,Preventive,,0,,000150000896
WO-2154644,ASSET-00939,Preventive,,0,,000150000897
WO-2154645,ASSET-00939,Corrective,BEARING-FAILURE,238,521,000150000897
WO-2154646,ASSET-00939,Preventive,,0,,000150000897
WO-2154647,ASSET-00939,Corrective,CONTROLLER-FAULT,61,808,000150000897
WO-2154648,ASSET-00939,Preventive,,0,,000150000897
WO-2154649,ASSET-00939,Corrective,CALIBRATION-DRIFT,118,1443,000150000897
WO-2154650,ASSET-00939,Corrective,MOTOR-BURNOUT,80,1180,000150000897
WO-2154651,ASSET-00939,Preventive,,0,,000150000897
WO-2154652,ASSET-00939,Preventive,,0,,000150000897
WO-2154653,ASSET-00940,Corrective,PNEUMATIC-LEAK,161,754,000150000898
WO-2154654,ASSET-00940,Preventive,,0,,000150000898
WO-2154655,ASSET-00940,Corrective,CONTROLLER-FAULT,199,530,000150000898
WO-2154656,ASSET-00941,Corrective,CALIBRATION-DRIFT,209,1108,000150000899
WO-2154657,ASSET-00941,Preventive,,0,,000150000899
WO-2154658,ASSET-00941,Preventive,,0,,000150000899
WO-2154659,ASSET-00942,Preventive,,0,,000150000900
WO-2154660,ASSET-00942,Corrective,CONTROLLER-FAULT,191,1022,000150000900
WO-2154661,ASSET-00943,Corrective,MOTOR-BURNOUT,193,1623,000150000901
WO-2154662,ASSET-00943,Corrective,SPINDLE-SEIZURE,132,708,000150000901
WO-2154663,ASSET-00943,Preventive,,0,,000150000901
WO-2154664,ASSET-00943,Corrective,CONTROLLER-FAULT,63,665,000150000901
WO-2154665,ASSET-00943,Corrective,SENSOR-FAULT,197,381,000150000901
WO-2154666,ASSET-00943,Preventive,,0,,000150000901
WO-2154667,ASSET-00944,Corrective,BELT-FAILURE,62,1436,000150000902
WO-2154668,ASSET-00944,Preventive,,0,,000150000902
WO-2154669,ASSET-00944,Corrective,CALIBRATION-DRIFT,100,1032,000150000902
WO-2154670,ASSET-00945,Corrective,CALIBRATION-DRIFT,58,1508,000150000903
WO-2154671,ASSET-00945,Preventive,,0,,000150000903
WO-2154672,ASSET-00945,Preventive,,0,,000150000903
WO-2154673,ASSET-00945,Preventive,,0,,000150000903
WO-2154674,ASSET-00945,Corrective,MOTOR-BURNOUT,175,1531,000150000903
WO-2154675,ASSET-00945,Preventive,,0,,000150000903
WO-2154676,ASSET-00945,Preventive,,0,,000150000903
WO-2154677,ASSET-00946,Emergency,SPINDLE-SEIZURE,237,1931,000150000904
WO-2154678,ASSET-00946,Preventive,,0,,000150000904
WO-2154679,ASSET-00946,Preventive,,0,,000150000904
WO-2154680,ASSET-00946,Preventive,,0,,000150000904
WO-2154681,ASSET-00947,Preventive,,0,,000150000905
WO-2154682,ASSET-00947,Preventive,,0,,000150000905
WO-2154683,ASSET-00947,Preventive,,0,,000150000905
WO-2154684,ASSET-00947,Emergency,PNEUMATIC-LEAK,123,882,000150000905
WO-2154685,ASSET-00947,Preventive,,0,,000150000905
WO-2154686,ASSET-00948,Preventive,,0,,000150000906
WO-2154687,ASSET-00948,Corrective,CALIBRATION-DRIFT,218,639,000150000906
WO-2154688,ASSET-00949,Preventive,,0,,000150000907
WO-2154689,ASSET-00949,Corrective,SENSOR-FAULT,238,1818,000150000907
WO-2154690,ASSET-00949,Preventive,,0,,000150000907
WO-2154691,ASSET-00949,Corrective,HYDRAULIC-LEAK,53,1061,000150000907
WO-2154692,ASSET-00949,Preventive,,0,,000150000907
WO-2154693,ASSET-00949,Corrective,PNEUMATIC-LEAK,240,611,000150000907
WO-2154694,ASSET-00950,Emergency,SPINDLE-SEIZURE,549,576,000150000908
WO-2154695,ASSET-00950,Preventive,,0,,000150000908
WO-2154696,ASSET-00950,Preventive,,0,,000150000908
WO-2154697,ASSET-00950,Preventive,,0,,000150000908
WO-2154698,ASSET-00950,Corrective,PNEUMATIC-LEAK,177,775,000150000908
WO-2154699,ASSET-00950,Corrective,PNEUMATIC-LEAK,230,748,000150000908
WO-2154700,ASSET-00950,Preventive,,0,,000150000908
WO-2154701,ASSET-00950,Emergency,CALIBRATION-DRIFT,262,1581,000150000908
WO-2154702,ASSET-00951,Corrective,MOTOR-BURNOUT,165,210,000150000909
WO-2154703,ASSET-00951,Corrective,PNEUMATIC-LEAK,233,433,000150000909
WO-2154704,ASSET-00951,Preventive,,0,,000150000909
WO-2154705,ASSET-00951,Preventive,,0,,000150000909
WO-2154706,ASSET-00951,Preventive,,0,,000150000909
WO-2154707,ASSET-00952,Emergency,CONTROLLER-FAULT,513,284,000150000910
WO-2154708,ASSET-00952,Corrective,SENSOR-FAULT,94,608,000150000910
WO-2154709,ASSET-00952,Preventive,,0,,000150000910
WO-2154710,ASSET-00952,Preventive,,0,,000150000910
WO-2154711,ASSET-00952,Preventive,,0,,000150000910
WO-2154712,ASSET-00952,Preventive,,0,,000150000910
WO-2154713,ASSET-00952,Corrective,BELT-FAILURE,111,1754,000150000910
WO-2154714,ASSET-00953,Preventive,,0,,000150000911
WO-2154715,ASSET-00953,Corrective,MOTOR-BURNOUT,163,1058,000150000911
WO-2154716,ASSET-00953,Preventive,,0,,000150000911
WO-2154717,ASSET-00953,Corrective,SENSOR-FAULT,196,264,000150000911
WO-2154718,ASSET-00953,Emergency,CALIBRATION-DRIFT,546,869,000150000911
WO-2154719,ASSET-00954,Preventive,,0,,000150000912
WO-2154720,ASSET-00954,Corrective,SENSOR-FAULT,170,1369,000150000912
WO-2154721,ASSET-00954,Preventive,,0,,000150000912
WO-2154722,ASSET-00954,Corrective,MOTOR-BURNOUT,192,241,000150000912
WO-2154723,ASSET-00954,Preventive,,0,,000150000912
WO-2154724,ASSET-00955,Corrective,CALIBRATION-DRIFT,202,1478,000150000913
WO-2154725,ASSET-00955,Preventive,,0,,000150000913
WO-2154726,ASSET-00955,Preventive,,0,,000150000913
WO-2154727,ASSET-00956,Preventive,,0,,000150000914
WO-2154728,ASSET-00956,Preventive,,0,,000150000914
WO-2154729,ASSET-00956,Corrective,BEARING-FAILURE,110,1554,000150000914
WO-2154730,ASSET-00956,Preventive,,0,,000150000914
WO-2154731,ASSET-00956,Preventive,,0,,000150000914
WO-2154732,ASSET-00956,Preventive,,0,,000150000914
WO-2154733,ASSET-00956,Preventive,,0,,000150000914
WO-2154734,ASSET-00957,Emergency,SPINDLE-SEIZURE,548,959,000150000915
WO-2154735,ASSET-00957,Preventive,,0,,000150000915
WO-2154736,ASSET-00957,Preventive,,0,,000150000915
WO-2154737,ASSET-00957,Preventive,,0,,000150000915
WO-2154738,ASSET-00958,Preventive,,0,,000150000916
WO-2154739,ASSET-00958,Corrective,HYDRAULIC-LEAK,147,1208,000150000916
WO-2154740,ASSET-00958,Corrective,HYDRAULIC-LEAK,155,1965,000150000916
WO-2154741,ASSET-00958,Corrective,PNEUMATIC-LEAK,213,1817,000150000916
WO-2154742,ASSET-00959,Corrective,DIE-WEAR,51,1522,000150000917
WO-2154743,ASSET-00959,Corrective,SPINDLE-SEIZURE,193,679,000150000917
WO-2154744,ASSET-00960,Corrective,PNEUMATIC-LEAK,204,1633,000150000918
WO-2154745,ASSET-00960,Corrective,PNEUMATIC-LEAK,120,793,000150000918
WO-2154746,ASSET-00960,Corrective,CONTROLLER-FAULT,102,631,000150000918
WO-2154747,ASSET-00960,Corrective,CONTROLLER-FAULT,70,1290,000150000918
WO-2154748,ASSET-00960,Preventive,,0,,000150000918
WO-2154749,ASSET-00960,Corrective,SENSOR-FAULT,44,253,000150000918
WO-2154750,ASSET-00960,Preventive,,0,,000150000918
WO-2154751,ASSET-00960,Preventive,,0,,000150000918
WO-2154752,ASSET-00961,Preventive,,0,,000150000919
WO-2154753,ASSET-00961,Preventive,,0,,000150000919
WO-2154754,ASSET-00961,Preventive,,0,,000150000919
WO-2154755,ASSET-00961,Preventive,,0,,000150000919
WO-2154756,ASSET-00961,Emergency,DIE-WEAR,259,719,000150000919
WO-2154757,ASSET-00961,Corrective,DIE-WEAR,152,655,000150000919
WO-2154758,ASSET-00961,Preventive,,0,,000150000919
WO-2154759,ASSET-00962,Corrective,SPINDLE-SEIZURE,129,1576,000150000920
WO-2154760,ASSET-00962,Preventive,,0,,000150000920
WO-2154761,ASSET-00962,Corrective,CONTROLLER-FAULT,57,1877,000150000920
WO-2154762,ASSET-00963,Emergency,SENSOR-FAULT,292,1106,000150000921
WO-2154763,ASSET-00963,Preventive,,0,,000150000921
WO-2154764,ASSET-00963,Preventive,,0,,000150000921
WO-2154765,ASSET-00964,Preventive,,0,,000150000922
WO-2154766,ASSET-00964,Emergency,SPINDLE-SEIZURE,150,501,000150000922
WO-2154767,ASSET-00964,Preventive,,0,,000150000922
WO-2154768,ASSET-00964,Corrective,CALIBRATION-DRIFT,99,331,000150000922
WO-2154769,ASSET-00964,Corrective,CALIBRATION-DRIFT,168,323,000150000922
WO-2154770,ASSET-00964,Preventive,,0,,000150000922
WO-2154771,ASSET-00964,Corrective,DIE-WEAR,131,1377,000150000922
WO-2154772,ASSET-00965,Preventive,,0,,000150000923
WO-2154773,ASSET-00965,Preventive,,0,,000150000923
WO-2154774,ASSET-00965,Preventive,,0,,000150000923
WO-2154775,ASSET-00965,Preventive,,0,,000150000923
WO-2154776,ASSET-00966,Corrective,CONTROLLER-FAULT,162,926,000150000924
WO-2154777,ASSET-00966,Preventive,,0,,000150000924
WO-2154778,ASSET-00966,Emergency,MOTOR-BURNOUT,240,1565,000150000924
WO-2154779,ASSET-00966,Corrective,CONTROLLER-FAULT,96,1651,000150000924
WO-2154780,ASSET-00967,Emergency,BELT-FAILURE,500,905,000150000925
WO-2154781,ASSET-00967,Corrective,SPINDLE-SEIZURE,145,1492,000150000925
WO-2154782,ASSET-00967,Corrective,CALIBRATION-DRIFT,38,1778,000150000925
WO-2154783,ASSET-00967,Emergency,CALIBRATION-DRIFT,559,243,000150000925
WO-2154784,ASSET-00967,Corrective,SPINDLE-SEIZURE,107,1316,000150000925
WO-2154785,ASSET-00967,Preventive,,0,,000150000925
WO-2154786,ASSET-00968,Preventive,,0,,000150000926
WO-2154787,ASSET-00968,Preventive,,0,,000150000926
WO-2154788,ASSET-00968,Emergency,BELT-FAILURE,207,1990,000150000926
WO-2154789,ASSET-00968,Emergency,BEARING-FAILURE,252,747,000150000926
WO-2154790,ASSET-00968,Preventive,,0,,000150000926
WO-2154791,ASSET-00968,Preventive,,0,,000150000926
WO-2154792,ASSET-00968,Preventive,,0,,000150000926
WO-2154793,ASSET-00968,Preventive,,0,,000150000926
WO-2154794,ASSET-00968,Emergency,HYDRAULIC-LEAK,192,871,000150000926
WO-2154795,ASSET-00969,Corrective,CALIBRATION-DRIFT,168,830,000150000927
WO-2154796,ASSET-00969,Corrective,CONTROLLER-FAULT,63,1114,000150000927
WO-2154797,ASSET-00969,Corrective,CONTROLLER-FAULT,233,1109,000150000927
WO-2154798,ASSET-00969,Preventive,,0,,000150000927
WO-2154799,ASSET-00969,Emergency,SPINDLE-SEIZURE,395,1783,000150000927
WO-2154800,ASSET-00969,Preventive,,0,,000150000927
WO-2154801,ASSET-00969,Corrective,BELT-FAILURE,83,898,000150000927
WO-2154802,ASSET-00970,Corrective,BEARING-FAILURE,224,1004,000150000928
WO-2154803,ASSET-00970,Preventive,,0,,000150000928
WO-2154804,ASSET-00970,Preventive,,0,,000150000928
WO-2154805,ASSET-00971,Preventive,,0,,000150000929
WO-2154806,ASSET-00971,Corrective,DIE-WEAR,143,1290,000150000929
WO-2154807,ASSET-00971,Emergency,HYDRAULIC-LEAK,383,426,000150000929
WO-2154808,ASSET-00971,Corrective,SPINDLE-SEIZURE,206,274,000150000929
WO-2154809,ASSET-00971,Corrective,CALIBRATION-DRIFT,45,323,000150000929
WO-2154810,ASSET-00971,Emergency,SPINDLE-SEIZURE,407,1895,000150000929
WO-2154811,ASSET-00971,Corrective,HYDRAULIC-LEAK,53,951,000150000929
WO-2154812,ASSET-00972,Preventive,,0,,000150000930
WO-2154813,ASSET-00972,Preventive,,0,,000150000930
WO-2154814,ASSET-00972,Corrective,CONTROLLER-FAULT,222,1130,000150000930
WO-2154815,ASSET-00973,Corrective,BELT-FAILURE,129,1353,000150000931
WO-2154816,ASSET-00973,Corrective,CONTROLLER-FAULT,236,850,000150000931
WO-2154817,ASSET-00973,Preventive,,0,,000150000931
WO-2154818,ASSET-00973,Preventive,,0,,000150000931
WO-2154819,ASSET-00974,Corrective,MOTOR-BURNOUT,50,645,000150000932
WO-2154820,ASSET-00974,Preventive,,0,,000150000932
WO-2154821,ASSET-00974,Preventive,,0,,000150000932
WO-2154822,ASSET-00974,Preventive,,0,,000150000932
WO-2154823,ASSET-00974,Preventive,,0,,000150000932
WO-2154824,ASSET-00974,Preventive,,0,,000150000932
WO-2154825,ASSET-00975,Corrective,BELT-FAILURE,36,731,000150000933
WO-2154826,ASSET-00975,Preventive,,0,,000150000933
WO-2154827,ASSET-00975,Preventive,,0,,000150000933
WO-2154828,ASSET-00975,Preventive,,0,,000150000933
WO-2154829,ASSET-00975,Corrective,SENSOR-FAULT,168,1394,000150000933
WO-2154830,ASSET-00975,Preventive,,0,,000150000933
WO-2154831,ASSET-00975,Emergency,BELT-FAILURE,531,1461,000150000933
WO-2154832,ASSET-00976,Corrective,HYDRAULIC-LEAK,85,839,000150000934
WO-2154833,ASSET-00976,Corrective,CALIBRATION-DRIFT,144,367,000150000934
WO-2154834,ASSET-00976,Corrective,DIE-WEAR,168,1418,000150000934
WO-2154835,ASSET-00976,Preventive,,0,,000150000934
WO-2154836,ASSET-00976,Corrective,BELT-FAILURE,198,1447,000150000934
WO-2154837,ASSET-00977,Preventive,,0,,000150000935
WO-2154838,ASSET-00977,Preventive,,0,,000150000935
WO-2154839,ASSET-00978,Preventive,,0,,000150000936
WO-2154840,ASSET-00978,Corrective,DIE-WEAR,104,1008,000150000936
WO-2154841,ASSET-00978,Preventive,,0,,000150000936
WO-2154842,ASSET-00978,Preventive,,0,,000150000936
WO-2154843,ASSET-00978,Preventive,,0,,000150000936
WO-2154844,ASSET-00978,Emergency,SENSOR-FAULT,510,244,000150000936
WO-2154845,ASSET-00979,Corrective,CALIBRATION-DRIFT,87,1933,000150000937
WO-2154846,ASSET-00979,Preventive,,0,,000150000937
WO-2154847,ASSET-00979,Preventive,,0,,000150000937
WO-2154848,ASSET-00979,Preventive,,0,,000150000937
WO-2154849,ASSET-00979,Corrective,CALIBRATION-DRIFT,171,1165,000150000937
WO-2154850,ASSET-00980,Preventive,,0,,000150000938
WO-2154851,ASSET-00980,Preventive,,0,,000150000938
WO-2154852,ASSET-00980,Preventive,,0,,000150000938
WO-2154853,ASSET-00980,Corrective,SPINDLE-SEIZURE,72,896,000150000938
WO-2154854,ASSET-00981,Preventive,,0,,000150000939
WO-2154855,ASSET-00981,Corrective,BELT-FAILURE,203,1990,000150000939
WO-2154856,ASSET-00981,Preventive,,0,,000150000939
WO-2154857,ASSET-00982,Emergency,SPINDLE-SEIZURE,165,1050,000150000940
WO-2154858,ASSET-00982,Preventive,,0,,000150000940
WO-2154859,ASSET-00983,Emergency,CALIBRATION-DRIFT,487,1716,000150000941
WO-2154860,ASSET-00983,Preventive,,0,,000150000941
WO-2154861,ASSET-00983,Emergency,CALIBRATION-DRIFT,435,544,000150000941
WO-2154862,ASSET-00983,Preventive,,0,,000150000941
WO-2154863,ASSET-00984,Preventive,,0,,000150000942
WO-2154864,ASSET-00984,Preventive,,0,,000150000942
WO-2154865,ASSET-00984,Preventive,,0,,000150000942
WO-2154866,ASSET-00984,Preventive,,0,,000150000942
WO-2154867,ASSET-00984,Preventive,,0,,000150000942
WO-2154868,ASSET-00984,Preventive,,0,,000150000942
WO-2154869,ASSET-00984,Preventive,,0,,000150000942
WO-2154870,ASSET-00985,Corrective,CONTROLLER-FAULT,62,635,000150000943
WO-2154871,ASSET-00985,Corrective,HYDRAULIC-LEAK,192,454,000150000943
WO-2154872,ASSET-00985,Preventive,,0,,000150000943
WO-2154873,ASSET-00985,Preventive,,0,,000150000943
WO-2154874,ASSET-00985,Preventive,,0,,000150000943
WO-2154875,ASSET-00986,Preventive,,0,,000150000944
WO-2154876,ASSET-00986,Corrective,HYDRAULIC-LEAK,110,492,000150000944
WO-2154877,ASSET-00986,Preventive,,0,,000150000944
WO-2154878,ASSET-00986,Emergency,SPINDLE-SEIZURE,191,1818,000150000944
WO-2154879,ASSET-00986,Corrective,HYDRAULIC-LEAK,116,1133,000150000944
WO-2154880,ASSET-00986,Preventive,,0,,000150000944
WO-2154881,ASSET-00986,Preventive,,0,,000150000944
WO-2154882,ASSET-00987,Preventive,,0,,000150000945
WO-2154883,ASSET-00987,Corrective,DIE-WEAR,196,821,000150000945
WO-2154884,ASSET-00987,Emergency,CONTROLLER-FAULT,515,737,000150000945
WO-2154885,ASSET-00987,Preventive,,0,,000150000945
WO-2154886,ASSET-00987,Corrective,CALIBRATION-DRIFT,70,1850,000150000945
WO-2154887,ASSET-00987,Preventive,,0,,000150000945
WO-2154888,ASSET-00988,Preventive,,0,,000150000946
WO-2154889,ASSET-00988,Preventive,,0,,000150000946
WO-2154890,ASSET-00988,Corrective,CALIBRATION-DRIFT,60,1477,000150000946
WO-2154891,ASSET-00989,Corrective,MOTOR-BURNOUT,219,824,000150000947
WO-2154892,ASSET-00989,Preventive,,0,,000150000947
WO-2154893,ASSET-00989,Emergency,MOTOR-BURNOUT,316,1198,000150000947
WO-2154894,ASSET-00989,Corrective,SENSOR-FAULT,174,760,000150000947
WO-2154895,ASSET-00989,Corrective,SPINDLE-SEIZURE,139,764,000150000947
WO-2154896,ASSET-00990,Preventive,,0,,000150000948
WO-2154897,ASSET-00990,Preventive,,0,,000150000948
WO-2154898,ASSET-00990,Emergency,MOTOR-BURNOUT,515,1121,000150000948
WO-2154899,ASSET-00990,Preventive,,0,,000150000948
WO-2154900,ASSET-00990,Emergency,MOTOR-BURNOUT,298,1685,000150000948
WO-2154901,ASSET-00990,Corrective,HYDRAULIC-LEAK,132,941,000150000948
WO-2154902,ASSET-00990,Preventive,,0,,000150000948
WO-2154903,ASSET-00990,Corrective,CONTROLLER-FAULT,217,1321,000150000948
WO-2154904,ASSET-00991,Preventive,,0,,000150000949
WO-2154905,ASSET-00991,Preventive,,0,,000150000949
WO-2154906,ASSET-00991,Preventive,,0,,000150000949
WO-2154907,ASSET-00991,Corrective,BEARING-FAILURE,113,1230,000150000949
WO-2154908,ASSET-00991,Corrective,DIE-WEAR,99,1426,000150000949
WO-2154909,ASSET-00991,Corrective,PNEUMATIC-LEAK,153,1782,000150000949
WO-2154910,ASSET-00992,Preventive,,0,,000150000950
WO-2154911,ASSET-00992,Preventive,,0,,000150000950
WO-2154912,ASSET-00992,Preventive,,0,,000150000950
WO-2154913,ASSET-00993,Corrective,BELT-FAILURE,187,669,000150000951
WO-2154914,ASSET-00993,Preventive,,0,,000150000951
WO-2154915,ASSET-00993,Preventive,,0,,000150000951
WO-2154916,ASSET-00993,Corrective,BEARING-FAILURE,47,243,000150000951
WO-2154917,ASSET-00994,Emergency,MOTOR-BURNOUT,245,716,000150000952
WO-2154918,ASSET-00994,Preventive,,0,,000150000952
WO-2154919,ASSET-00995,Preventive,,0,,000150000953
WO-2154920,ASSET-00995,Preventive,,0,,000150000953
WO-2154921,ASSET-00995,Corrective,CONTROLLER-FAULT,157,676,000150000953
WO-2154922,ASSET-00995,Preventive,,0,,000150000953
WO-2154923,ASSET-00995,Preventive,,0,,000150000953
WO-2154924,ASSET-00995,Preventive,,0,,000150000953
WO-2154925,ASSET-00995,Preventive,,0,,000150000953
WO-2154926,ASSET-00996,Corrective,SENSOR-FAULT,198,1308,000150000954
WO-2154927,ASSET-00996,Corrective,BEARING-FAILURE,214,289,000150000954
WO-2154928,ASSET-00996,Preventive,,0,,000150000954
WO-2154929,ASSET-00997,Preventive,,0,,000150000955
WO-2154930,ASSET-00997,Emergency,SPINDLE-SEIZURE,236,1049,000150000955
WO-2154931,ASSET-00997,Corrective,HYDRAULIC-LEAK,177,1508,000150000955
WO-2154932,ASSET-00997,Preventive,,0,,000150000955
WO-2154933,ASSET-00998,Preventive,,0,,000150000956
WO-2154934,ASSET-00998,Preventive,,0,,000150000956
WO-2154935,ASSET-00998,Preventive,,0,,000150000956
WO-2154936,ASSET-00998,Preventive,,0,,000150000956
WO-2154937,ASSET-00998,Preventive,,0,,000150000956
WO-2154938,ASSET-00999,Corrective,CALIBRATION-DRIFT,131,1466,000150000957
WO-2154939,ASSET-00999,Corrective,MOTOR-BURNOUT,217,1552,000150000957
WO-2154940,ASSET-00999,Preventive,,0,,000150000957
WO-2154941,ASSET-00999,Corrective,CONTROLLER-FAULT,123,547,000150000957
WO-2154942,ASSET-00999,Preventive,,0,,000150000957
WO-2154943,ASSET-01000,Corrective,SPINDLE-SEIZURE,234,1074,000150000958
WO-2154944,ASSET-01000,Preventive,,0,,000150000958
WO-2154945,ASSET-01000,Preventive,,0,,000150000958
WO-2154946,ASSET-01001,Preventive,,0,,000150000959
WO-2154947,ASSET-01001,Corrective,BELT-FAILURE,232,1127,000150000959
WO-2154948,ASSET-01001,Preventive,,0,,000150000959
WO-2154949,ASSET-01001,Emergency,CALIBRATION-DRIFT,66,1773,000150000959
WO-2154950,ASSET-01001,Corrective,PNEUMATIC-LEAK,178,1082,000150000959
WO-2154951,ASSET-01001,Preventive,,0,,000150000959
WO-2154952,ASSET-01002,Preventive,,0,,000150000960
WO-2154953,ASSET-01002,Preventive,,0,,000150000960
WO-2154954,ASSET-01002,Corrective,PNEUMATIC-LEAK,93,1246,000150000960
WO-2154955,ASSET-01002,Preventive,,0,,000150000960
WO-2154956,ASSET-01002,Corrective,MOTOR-BURNOUT,146,901,000150000960
WO-2154957,ASSET-01003,Preventive,,0,,000150000961
WO-2154958,ASSET-01003,Preventive,,0,,000150000961
WO-2154959,ASSET-01003,Emergency,SENSOR-FAULT,139,1310,000150000961
WO-2154960,ASSET-01004,Preventive,,0,,000150000962
WO-2154961,ASSET-01004,Emergency,BEARING-FAILURE,326,1730,000150000962
WO-2154962,ASSET-01004,Corrective,HYDRAULIC-LEAK,53,1514,000150000962
WO-2154963,ASSET-01004,Emergency,PNEUMATIC-LEAK,380,290,000150000962
WO-2154964,ASSET-01005,Corrective,DIE-WEAR,230,789,000150000963
WO-2154965,ASSET-01005,Preventive,,0,,000150000963
WO-2154966,ASSET-01005,Corrective,HYDRAULIC-LEAK,141,256,000150000963
WO-2154967,ASSET-01006,Corrective,MOTOR-BURNOUT,39,1562,000150000964
WO-2154968,ASSET-01006,Preventive,,0,,000150000964
WO-2154969,ASSET-01006,Preventive,,0,,000150000964
WO-2154970,ASSET-01006,Preventive,,0,,000150000964
WO-2154971,ASSET-01007,Preventive,,0,,000150000965
WO-2154972,ASSET-01007,Preventive,,0,,000150000965
WO-2154973,ASSET-01007,Preventive,,0,,000150000965
WO-2154974,ASSET-01007,Corrective,SENSOR-FAULT,31,1117,000150000965
WO-2154975,ASSET-01007,Preventive,,0,,000150000965
WO-2154976,ASSET-01007,Corrective,PNEUMATIC-LEAK,172,679,000150000965
WO-2154977,ASSET-01007,Corrective,SPINDLE-SEIZURE,96,1542,000150000965
WO-2154978,ASSET-01008,Preventive,,0,,000150000966
WO-2154979,ASSET-01008,Preventive,,0,,000150000966
WO-2154980,ASSET-01008,Emergency,DIE-WEAR,559,878,000150000966
WO-2154981,ASSET-01008,Preventive,,0,,000150000966
WO-2154982,ASSET-01008,Preventive,,0,,000150000966
WO-2154983,ASSET-01008,Corrective,BEARING-FAILURE,114,728,000150000966
WO-2154984,ASSET-01008,Corrective,HYDRAULIC-LEAK,235,1609,000150000966
WO-2154985,ASSET-01009,Preventive,,0,,000150000967
WO-2154986,ASSET-01009,Preventive,,0,,000150000967
WO-2154987,ASSET-01009,Preventive,,0,,000150000967
WO-2154988,ASSET-01009,Preventive,,0,,000150000967
WO-2154989,ASSET-01009,Preventive,,0,,000150000967
WO-2154990,ASSET-01009,Preventive,,0,,000150000967
WO-2154991,ASSET-01010,Preventive,,0,,000150000968
WO-2154992,ASSET-01010,Preventive,,0,,000150000968
WO-2154993,ASSET-01010,Preventive,,0,,000150000968
WO-2154994,ASSET-01010,Emergency,CONTROLLER-FAULT,324,534,000150000968
WO-2154995,ASSET-01010,Corrective,BELT-FAILURE,40,1186,000150000968
WO-2154996,ASSET-01010,Preventive,,0,,000150000968
WO-2154997,ASSET-01011,Emergency,CONTROLLER-FAULT,89,1313,000150000969
WO-2154998,ASSET-01011,Corrective,CONTROLLER-FAULT,223,1705,000150000969
WO-2154999,ASSET-01011,Corrective,SENSOR-FAULT,156,1910,000150000969
WO-2155000,ASSET-01011,Corrective,PNEUMATIC-LEAK,167,961,000150000969
WO-2155001,ASSET-01011,Corrective,CALIBRATION-DRIFT,176,1051,000150000969
WO-2155002,ASSET-01012,Emergency,PNEUMATIC-LEAK,327,1580,000150000970
WO-2155003,ASSET-01013,Corrective,SENSOR-FAULT,201,894,000150000971
WO-2155004,ASSET-01013,Preventive,,0,,000150000971
WO-2155005,ASSET-01013,Preventive,,0,,000150000971
WO-2155006,ASSET-01014,Preventive,,0,,000150000972
WO-2155007,ASSET-01014,Corrective,HYDRAULIC-LEAK,64,414,000150000972
WO-2155008,ASSET-01014,Preventive,,0,,000150000972
WO-2155009,ASSET-01014,Preventive,,0,,000150000972
WO-2155010,ASSET-01014,Emergency,HYDRAULIC-LEAK,476,479,000150000972
WO-2155011,ASSET-01014,Preventive,,0,,000150000972
WO-2155012,ASSET-01015,Preventive,,0,,000150000973
WO-2155013,ASSET-01015,Preventive,,0,,000150000973
WO-2155014,ASSET-01015,Preventive,,0,,000150000973
WO-2155015,ASSET-01015,Corrective,DIE-WEAR,32,537,000150000973
WO-2155016,ASSET-01015,Corrective,CONTROLLER-FAULT,53,797,000150000973
WO-2155017,ASSET-01015,Corrective,SENSOR-FAULT,167,1130,000150000973
WO-2155018,ASSET-01016,Preventive,,0,,000150000974
WO-2155019,ASSET-01016,Preventive,,0,,000150000974
WO-2155020,ASSET-01016,Corrective,CALIBRATION-DRIFT,159,1054,000150000974
WO-2155021,ASSET-01016,Preventive,,0,,000150000974
WO-2155022,ASSET-01017,Preventive,,0,,000150000975
WO-2155023,ASSET-01017,Preventive,,0,,000150000975
WO-2155024,ASSET-01017,Preventive,,0,,000150000975
WO-2155025,ASSET-01017,Preventive,,0,,000150000975
WO-2155026,ASSET-01017,Corrective,SPINDLE-SEIZURE,159,1463,000150000975
WO-2155027,ASSET-01017,Preventive,,0,,000150000975
WO-2155028,ASSET-01017,Preventive,,0,,000150000975
WO-2155029,ASSET-01017,Preventive,,0,,000150000975
WO-2155030,ASSET-01018,Emergency,MOTOR-BURNOUT,565,1940,000150000976
WO-2155031,ASSET-01018,Preventive,,0,,000150000976
WO-2155032,ASSET-01018,Emergency,CALIBRATION-DRIFT,184,1076,000150000976
WO-2155033,ASSET-01018,Corrective,CALIBRATION-DRIFT,103,1870,000150000976
WO-2155034,ASSET-01018,Preventive,,0,,000150000976
WO-2155035,ASSET-01019,Emergency,SPINDLE-SEIZURE,266,312,000150000977
WO-2155036,ASSET-01019,Corrective,DIE-WEAR,65,1451,000150000977
WO-2155037,ASSET-01019,Preventive,,0,,000150000977
WO-2155038,ASSET-01019,Emergency,BEARING-FAILURE,171,616,000150000977
WO-2155039,ASSET-01019,Preventive,,0,,000150000977
WO-2155040,ASSET-01019,Preventive,,0,,000150000977
WO-2155041,ASSET-01019,Preventive,,0,,000150000977
WO-2155042,ASSET-01019,Preventive,,0,,000150000977
WO-2155043,ASSET-01019,Corrective,MOTOR-BURNOUT,175,1736,000150000977
WO-2155044,ASSET-01019,Corrective,SENSOR-FAULT,138,1674,000150000977
WO-2155045,ASSET-01020,Preventive,,0,,000150000978
WO-2155046,ASSET-01020,Preventive,,0,,000150000978
WO-2155047,ASSET-01020,Emergency,SPINDLE-SEIZURE,137,1713,000150000978
WO-2155048,ASSET-01020,Preventive,,0,,000150000978
WO-2155049,ASSET-01021,Corrective,PNEUMATIC-LEAK,183,943,000150000979
WO-2155050,ASSET-01022,Corrective,CONTROLLER-FAULT,226,1224,000150000980
WO-2155051,ASSET-01022,Preventive,,0,,000150000980
WO-2155052,ASSET-01022,Preventive,,0,,000150000980
WO-2155053,ASSET-01022,Preventive,,0,,000150000980
WO-2155054,ASSET-01022,Corrective,SENSOR-FAULT,71,699,000150000980
WO-2155055,ASSET-01022,Corrective,CALIBRATION-DRIFT,88,1203,000150000980
WO-2155056,ASSET-01023,Corrective,CONTROLLER-FAULT,46,271,000150000981
WO-2155057,ASSET-01023,Preventive,,0,,000150000981
WO-2155058,ASSET-01023,Preventive,,0,,000150000981
WO-2155059,ASSET-01023,Preventive,,0,,000150000981
WO-2155060,ASSET-01023,Preventive,,0,,000150000981
WO-2155061,ASSET-01023,Preventive,,0,,000150000981
WO-2155062,ASSET-01023,Corrective,CALIBRATION-DRIFT,35,1103,000150000981
WO-2155063,ASSET-01023,Preventive,,0,,000150000981
WO-2155064,ASSET-01024,Preventive,,0,,000150000982
WO-2155065,ASSET-01024,Preventive,,0,,000150000982
WO-2155066,ASSET-01024,Preventive,,0,,000150000982
WO-2155067,ASSET-01024,Preventive,,0,,000150000982
WO-2155068,ASSET-01024,Preventive,,0,,000150000982
WO-2155069,ASSET-01024,Preventive,,0,,000150000982
WO-2155070,ASSET-01024,Preventive,,0,,000150000982
WO-2155071,ASSET-01024,Preventive,,0,,000150000982
WO-2155072,ASSET-01025,Preventive,,0,,000150000983
WO-2155073,ASSET-01025,Preventive,,0,,000150000983
WO-2155074,ASSET-01025,Preventive,,0,,000150000983
WO-2155075,ASSET-01025,Preventive,,0,,000150000983
WO-2155076,ASSET-01026,Preventive,,0,,000150000984
WO-2155077,ASSET-01026,Corrective,DIE-WEAR,104,431,000150000984
WO-2155078,ASSET-01026,Preventive,,0,,000150000984
WO-2155079,ASSET-01026,Emergency,BELT-FAILURE,399,1965,000150000984
WO-2155080,ASSET-01026,Emergency,DIE-WEAR,575,1377,000150000984
WO-2155081,ASSET-01026,Preventive,,0,,000150000984
WO-2155082,ASSET-01026,Preventive,,0,,000150000984
WO-2155083,ASSET-01026,Preventive,,0,,000150000984
WO-2155084,ASSET-01027,Corrective,DIE-WEAR,84,600,000150000985
WO-2155085,ASSET-01027,Preventive,,0,,000150000985
WO-2155086,ASSET-01027,Emergency,CONTROLLER-FAULT,368,1223,000150000985
WO-2155087,ASSET-01027,Emergency,SENSOR-FAULT,313,581,000150000985
WO-2155088,ASSET-01027,Preventive,,0,,000150000985
WO-2155089,ASSET-01027,Preventive,,0,,000150000985
WO-2155090,ASSET-01027,Preventive,,0,,000150000985
WO-2155091,ASSET-01027,Emergency,HYDRAULIC-LEAK,502,1737,000150000985
WO-2155092,ASSET-01028,Corrective,BELT-FAILURE,88,1439,000150000986
WO-2155093,ASSET-01028,Preventive,,0,,000150000986
WO-2155094,ASSET-01028,Corrective,BEARING-FAILURE,140,1228,000150000986
WO-2155095,ASSET-01028,Corrective,PNEUMATIC-LEAK,53,445,000150000986
WO-2155096,ASSET-01028,Corrective,DIE-WEAR,231,1650,000150000986
WO-2155097,ASSET-01029,Preventive,,0,,000150000987
WO-2155098,ASSET-01029,Emergency,PNEUMATIC-LEAK,326,885,000150000987
WO-2155099,ASSET-01029,Emergency,DIE-WEAR,175,1989,000150000987
WO-2155100,ASSET-01029,Corrective,PNEUMATIC-LEAK,115,1970,000150000987
WO-2155101,ASSET-01029,Corrective,BELT-FAILURE,96,736,000150000987
WO-2155102,ASSET-01029,Emergency,HYDRAULIC-LEAK,103,1327,000150000987
WO-2155103,ASSET-01029,Preventive,,0,,000150000987
WO-2155104,ASSET-01029,Preventive,,0,,000150000987
WO-2155105,ASSET-01029,Preventive,,0,,000150000987
WO-2155106,ASSET-01030,Preventive,,0,,000150000988
WO-2155107,ASSET-01030,Emergency,CONTROLLER-FAULT,228,1442,000150000988
WO-2155108,ASSET-01030,Preventive,,0,,000150000988
WO-2155109,ASSET-01030,Preventive,,0,,000150000988
WO-2155110,ASSET-01030,Corrective,MOTOR-BURNOUT,74,1685,000150000988
WO-2155111,ASSET-01030,Preventive,,0,,000150000988
WO-2155112,ASSET-01030,Preventive,,0,,000150000988
WO-2155113,ASSET-01030,Preventive,,0,,000150000988
WO-2155114,ASSET-01031,Emergency,SENSOR-FAULT,538,770,000150000989
WO-2155115,ASSET-01031,Preventive,,0,,000150000989
WO-2155116,ASSET-01031,Corrective,SPINDLE-SEIZURE,159,1520,000150000989
WO-2155117,ASSET-01031,Emergency,DIE-WEAR,144,1931,000150000989
WO-2155118,ASSET-01031,Emergency,MOTOR-BURNOUT,166,1128,000150000989
WO-2155119,ASSET-01031,Preventive,,0,,000150000989
WO-2155120,ASSET-01031,Corrective,BELT-FAILURE,79,1795,000150000989
WO-2155121,ASSET-01032,Emergency,MOTOR-BURNOUT,90,585,000150000990
WO-2155122,ASSET-01032,Corrective,BELT-FAILURE,117,1495,000150000990
WO-2155123,ASSET-01032,Preventive,,0,,000150000990
WO-2155124,ASSET-01032,Preventive,,0,,000150000990
WO-2155125,ASSET-01032,Preventive,,0,,000150000990
WO-2155126,ASSET-01032,Corrective,CONTROLLER-FAULT,47,1429,000150000990
WO-2155127,ASSET-01032,Corrective,SENSOR-FAULT,53,718,000150000990
WO-2155128,ASSET-01032,Preventive,,0,,000150000990
WO-2155129,ASSET-01032,Corrective,BEARING-FAILURE,203,1849,000150000990
WO-2155130,ASSET-01033,Corrective,CONTROLLER-FAULT,178,1173,000150000991
WO-2155131,ASSET-01033,Corrective,CALIBRATION-DRIFT,167,297,000150000991
WO-2155132,ASSET-01033,Corrective,CALIBRATION-DRIFT,144,1562,000150000991
WO-2155133,ASSET-01033,Preventive,,0,,000150000991
WO-2155134,ASSET-01034,Corrective,HYDRAULIC-LEAK,237,217,000150000992
WO-2155135,ASSET-01034,Preventive,,0,,000150000992
WO-2155136,ASSET-01034,Corrective,MOTOR-BURNOUT,36,1015,000150000992
WO-2155137,ASSET-01034,Preventive,,0,,000150000992
WO-2155138,ASSET-01034,Preventive,,0,,000150000992
WO-2155139,ASSET-01034,Preventive,,0,,000150000992
WO-2155140,ASSET-01034,Preventive,,0,,000150000992
WO-2155141,ASSET-01034,Preventive,,0,,000150000992
WO-2155142,ASSET-01035,Preventive,,0,,000150000993
WO-2155143,ASSET-01035,Corrective,BELT-FAILURE,179,1161,000150000993
WO-2155144,ASSET-01035,Preventive,,0,,000150000993
WO-2155145,ASSET-01035,Preventive,,0,,000150000993
WO-2155146,ASSET-01035,Preventive,,0,,000150000993
WO-2155147,ASSET-01035,Preventive,,0,,000150000993
WO-2155148,ASSET-01035,Preventive,,0,,000150000993
WO-2155149,ASSET-01036,Preventive,,0,,000150000994
WO-2155150,ASSET-01036,Corrective,SPINDLE-SEIZURE,181,1011,000150000994
WO-2155151,ASSET-01036,Preventive,,0,,000150000994
WO-2155152,ASSET-01036,Preventive,,0,,000150000994
WO-2155153,ASSET-01036,Corrective,HYDRAULIC-LEAK,233,1900,000150000994
WO-2155154,ASSET-01037,Preventive,,0,,000150000995
WO-2155155,ASSET-01037,Corrective,CALIBRATION-DRIFT,50,746,000150000995
WO-2155156,ASSET-01037,Preventive,,0,,000150000995
WO-2155157,ASSET-01037,Preventive,,0,,000150000995
WO-2155158,ASSET-01037,Corrective,DIE-WEAR,240,666,000150000995
WO-2155159,ASSET-01038,Corrective,CALIBRATION-DRIFT,200,1267,000150000996
WO-2155160,ASSET-01038,Emergency,SENSOR-FAULT,347,1315,000150000996
WO-2155161,ASSET-01038,Corrective,SENSOR-FAULT,51,877,000150000996
WO-2155162,ASSET-01039,Corrective,SPINDLE-SEIZURE,177,740,000150000997
WO-2155163,ASSET-01039,Emergency,BELT-FAILURE,451,943,000150000997
WO-2155164,ASSET-01039,Preventive,,0,,000150000997
WO-2155165,ASSET-01039,Preventive,,0,,000150000997
WO-2155166,ASSET-01039,Emergency,BELT-FAILURE,524,1000,000150000997
WO-2155167,ASSET-01039,Preventive,,0,,000150000997
WO-2155168,ASSET-01039,Corrective,BELT-FAILURE,194,411,000150000997
WO-2155169,ASSET-01039,Preventive,,0,,000150000997
WO-2155170,ASSET-01039,Corrective,DIE-WEAR,82,327,000150000997
WO-2155171,ASSET-01040,Corrective,SPINDLE-SEIZURE,145,286,000150000998
WO-2155172,ASSET-01040,Preventive,,0,,000150000998
WO-2155173,ASSET-01040,Corrective,PNEUMATIC-LEAK,178,1978,000150000998
WO-2155174,ASSET-01041,Preventive,,0,,000150000999
WO-2155175,ASSET-01041,Preventive,,0,,000150000999
WO-2155176,ASSET-01041,Preventive,,0,,000150000999
WO-2155177,ASSET-01041,Preventive,,0,,000150000999
WO-2155178,ASSET-01041,Preventive,,0,,000150000999
WO-2155179,ASSET-01041,Corrective,MOTOR-BURNOUT,118,1257,000150000999
WO-2155180,ASSET-01041,Preventive,,0,,000150000999
WO-2155181,ASSET-01041,Preventive,,0,,000150000999
WO-2155182,ASSET-01041,Preventive,,0,,000150000999
WO-2155183,ASSET-01042,Preventive,,0,,000150001000
WO-2155184,ASSET-01042,Corrective,CALIBRATION-DRIFT,168,1129,000150001000
WO-2155185,ASSET-01043,Preventive,,0,,000150001001
WO-2155186,ASSET-01043,Preventive,,0,,000150001001
WO-2155187,ASSET-01043,Corrective,DIE-WEAR,83,326,000150001001
WO-2155188,ASSET-01043,Corrective,DIE-WEAR,38,1886,000150001001
WO-2155189,ASSET-01043,Corrective,SENSOR-FAULT,117,454,000150001001
WO-2155190,ASSET-01043,Preventive,,0,,000150001001
WO-2155191,ASSET-01044,Corrective,SPINDLE-SEIZURE,166,969,000150001002
WO-2155192,ASSET-01044,Corrective,CALIBRATION-DRIFT,160,1189,000150001002
WO-2155193,ASSET-01044,Preventive,,0,,000150001002
WO-2155194,ASSET-01044,Emergency,BELT-FAILURE,425,1635,000150001002
WO-2155195,ASSET-01044,Preventive,,0,,000150001002
WO-2155196,ASSET-01044,Corrective,BEARING-FAILURE,128,345,000150001002
WO-2155197,ASSET-01044,Preventive,,0,,000150001002
WO-2155198,ASSET-01045,Preventive,,0,,000150001003
WO-2155199,ASSET-01045,Emergency,CONTROLLER-FAULT,163,898,000150001003
WO-2155200,ASSET-01045,Corrective,MOTOR-BURNOUT,73,1654,000150001003
WO-2155201,ASSET-01045,Preventive,,0,,000150001003
WO-2155202,ASSET-01046,Corrective,MOTOR-BURNOUT,165,1011,000150001004
WO-2155203,ASSET-01046,Preventive,,0,,000150001004
WO-2155204,ASSET-01046,Corrective,PNEUMATIC-LEAK,58,1451,000150001004
WO-2155205,ASSET-01046,Corrective,MOTOR-BURNOUT,155,1674,000150001004
WO-2155206,ASSET-01047,Preventive,,0,,000150001005
WO-2155207,ASSET-01047,Preventive,,0,,000150001005
WO-2155208,ASSET-01047,Corrective,BEARING-FAILURE,113,1921,000150001005
WO-2155209,ASSET-01047,Corrective,SENSOR-FAULT,220,387,000150001005
WO-2155210,ASSET-01047,Preventive,,0,,000150001005
WO-2155211,ASSET-01047,Preventive,,0,,000150001005
WO-2155212,ASSET-01048,Preventive,,0,,000150001006
WO-2155213,ASSET-01048,Preventive,,0,,000150001006
WO-2155214,ASSET-01048,Preventive,,0,,000150001006
WO-2155215,ASSET-01048,Corrective,PNEUMATIC-LEAK,72,1320,000150001006
WO-2155216,ASSET-01049,Emergency,SPINDLE-SEIZURE,570,1146,000150001007
WO-2155217,ASSET-01049,Corrective,CALIBRATION-DRIFT,48,648,000150001007
WO-2155218,ASSET-01049,Preventive,,0,,000150001007
WO-2155219,ASSET-01049,Preventive,,0,,000150001007
WO-2155220,ASSET-01050,Preventive,,0,,000150001008
WO-2155221,ASSET-01050,Preventive,,0,,000150001008
WO-2155222,ASSET-01050,Corrective,DIE-WEAR,60,557,000150001008
WO-2155223,ASSET-01050,Preventive,,0,,000150001008
WO-2155224,ASSET-01050,Emergency,CALIBRATION-DRIFT,127,1811,000150001008
WO-2155225,ASSET-01051,Preventive,,0,,000150001009
WO-2155226,ASSET-01051,Preventive,,0,,000150001009
WO-2155227,ASSET-01051,Preventive,,0,,000150001009
WO-2155228,ASSET-01051,Corrective,MOTOR-BURNOUT,182,1605,000150001009
WO-2155229,ASSET-01051,Preventive,,0,,000150001009
WO-2155230,ASSET-01052,Preventive,,0,,000150001010
WO-2155231,ASSET-01052,Preventive,,0,,000150001010
WO-2155232,ASSET-01052,Emergency,PNEUMATIC-LEAK,563,1002,000150001010
WO-2155233,ASSET-01052,Corrective,SPINDLE-SEIZURE,101,279,000150001010
WO-2155234,ASSET-01052,Preventive,,0,,000150001010
WO-2155235,ASSET-01052,Preventive,,0,,000150001010
WO-2155236,ASSET-01053,Preventive,,0,,000150001011
WO-2155237,ASSET-01053,Preventive,,0,,000150001011
WO-2155238,ASSET-01053,Corrective,MOTOR-BURNOUT,108,1558,000150001011
WO-2155239,ASSET-01053,Preventive,,0,,000150001011
WO-2155240,ASSET-01053,Preventive,,0,,000150001011
WO-2155241,ASSET-01054,Emergency,CALIBRATION-DRIFT,246,1973,000150001012
WO-2155242,ASSET-01054,Emergency,BELT-FAILURE,391,1727,000150001012
WO-2155243,ASSET-01054,Emergency,SENSOR-FAULT,506,1751,000150001012
WO-2155244,ASSET-01054,Preventive,,0,,000150001012
WO-2155245,ASSET-01054,Preventive,,0,,000150001012
WO-2155246,ASSET-01054,Corrective,CALIBRATION-DRIFT,220,1440,000150001012
WO-2155247,ASSET-01055,Preventive,,0,,000150001013
WO-2155248,ASSET-01055,Preventive,,0,,000150001013
WO-2155249,ASSET-01055,Corrective,BEARING-FAILURE,122,1258,000150001013
WO-2155250,ASSET-01055,Corrective,MOTOR-BURNOUT,96,671,000150001013
WO-2155251,ASSET-01055,Corrective,SENSOR-FAULT,98,515,000150001013
WO-2155252,ASSET-01055,Corrective,MOTOR-BURNOUT,35,1943,000150001013
WO-2155253,ASSET-01056,Preventive,,0,,000150001014
WO-2155254,ASSET-01056,Corrective,MOTOR-BURNOUT,127,647,000150001014
WO-2155255,ASSET-01056,Preventive,,0,,000150001014
WO-2155256,ASSET-01056,Preventive,,0,,000150001014
WO-2155257,ASSET-01056,Corrective,BELT-FAILURE,118,1835,000150001014
WO-2155258,ASSET-01056,Emergency,SPINDLE-SEIZURE,155,949,000150001014
WO-2155259,ASSET-01056,Preventive,,0,,000150001014
WO-2155260,ASSET-01056,Corrective,BEARING-FAILURE,190,514,000150001014
WO-2155261,ASSET-01057,Corrective,DIE-WEAR,47,1938,000150001015
WO-2155262,ASSET-01057,Preventive,,0,,000150001015
WO-2155263,ASSET-01057,Preventive,,0,,000150001015
WO-2155264,ASSET-01057,Preventive,,0,,000150001015
WO-2155265,ASSET-01057,Emergency,CALIBRATION-DRIFT,347,1154,000150001015
WO-2155266,ASSET-01057,Corrective,PNEUMATIC-LEAK,221,1486,000150001015
WO-2155267,ASSET-01057,Corrective,MOTOR-BURNOUT,168,1113,000150001015
WO-2155268,ASSET-01057,Corrective,CALIBRATION-DRIFT,163,1924,000150001015
WO-2155269,ASSET-01058,Preventive,,0,,000150001017
WO-2155270,ASSET-01058,Preventive,,0,,000150001017
WO-2155271,ASSET-01058,Preventive,,0,,000150001017
WO-2155272,ASSET-01058,Preventive,,0,,000150001017
WO-2155273,ASSET-01058,Corrective,SPINDLE-SEIZURE,93,1091,000150001017
WO-2155274,ASSET-01058,Corrective,MOTOR-BURNOUT,180,1490,000150001017
WO-2155275,ASSET-01058,Preventive,,0,,000150001017
WO-2155276,ASSET-01059,Emergency,CONTROLLER-FAULT,477,1827,000150001018
WO-2155277,ASSET-01059,Emergency,CALIBRATION-DRIFT,516,1650,000150001018
WO-2155278,ASSET-01059,Corrective,BEARING-FAILURE,50,1599,000150001018
WO-2155279,ASSET-01059,Corrective,DIE-WEAR,64,1375,000150001018
WO-2155280,ASSET-01059,Preventive,,0,,000150001018
WO-2155281,ASSET-01060,Preventive,,0,,000150001019
WO-2155282,ASSET-01060,Preventive,,0,,000150001019
WO-2155283,ASSET-01060,Preventive,,0,,000150001019
WO-2155284,ASSET-01060,Corrective,SENSOR-FAULT,92,939,000150001019
WO-2155285,ASSET-01060,Preventive,,0,,000150001019
WO-2155286,ASSET-01061,Corrective,SENSOR-FAULT,64,1153,000150001020
WO-2155287,ASSET-01061,Corrective,SPINDLE-SEIZURE,120,828,000150001020
WO-2155288,ASSET-01061,Corrective,CALIBRATION-DRIFT,146,1503,000150001020
WO-2155289,ASSET-01061,Corrective,DIE-WEAR,124,1741,000150001020
WO-2155290,ASSET-01061,Corrective,CONTROLLER-FAULT,76,1221,000150001020
WO-2155291,ASSET-01061,Preventive,,0,,000150001020
WO-2155292,ASSET-01061,Preventive,,0,,000150001020
WO-2155293,ASSET-01062,Emergency,DIE-WEAR,370,997,000150001021
WO-2155294,ASSET-01062,Preventive,,0,,000150001021
WO-2155295,ASSET-01062,Corrective,SENSOR-FAULT,174,1017,000150001021
WO-2155296,ASSET-01063,Corrective,MOTOR-BURNOUT,214,1802,000150001022
WO-2155297,ASSET-01063,Preventive,,0,,000150001022
WO-2155298,ASSET-01063,Corrective,SENSOR-FAULT,73,777,000150001022
WO-2155299,ASSET-01063,Preventive,,0,,000150001022
WO-2155300,ASSET-01063,Corrective,PNEUMATIC-LEAK,39,1543,000150001022
WO-2155301,ASSET-01064,Corrective,MOTOR-BURNOUT,227,1254,000150001023
WO-2155302,ASSET-01064,Preventive,,0,,000150001023
WO-2155303,ASSET-01064,Preventive,,0,,000150001023
WO-2155304,ASSET-01065,Preventive,,0,,000150001024
WO-2155305,ASSET-01065,Corrective,CALIBRATION-DRIFT,212,610,000150001024
WO-2155306,ASSET-01066,Corrective,HYDRAULIC-LEAK,60,785,000150001025
WO-2155307,ASSET-01066,Corrective,CALIBRATION-DRIFT,226,1850,000150001025
WO-2155308,ASSET-01066,Preventive,,0,,000150001025
WO-2155309,ASSET-01066,Preventive,,0,,000150001025
WO-2155310,ASSET-01067,Corrective,DIE-WEAR,59,1009,000150001026
WO-2155311,ASSET-01067,Preventive,,0,,000150001026
WO-2155312,ASSET-01067,Corrective,MOTOR-BURNOUT,231,268,000150001026
WO-2155313,ASSET-01068,Preventive,,0,,000150001027
WO-2155314,ASSET-01068,Corrective,PNEUMATIC-LEAK,81,1679,000150001027
WO-2155315,ASSET-01068,Preventive,,0,,000150001027
WO-2155316,ASSET-01068,Preventive,,0,,000150001027
WO-2155317,ASSET-01068,Preventive,,0,,000150001027
WO-2155318,ASSET-01068,Preventive,,0,,000150001027
WO-2155319,ASSET-01068,Corrective,CONTROLLER-FAULT,226,1708,000150001027
WO-2155320,ASSET-01069,Preventive,,0,,000150001028
WO-2155321,ASSET-01069,Preventive,,0,,000150001028
WO-2155322,ASSET-01069,Emergency,DIE-WEAR,209,900,000150001028
WO-2155323,ASSET-01069,Corrective,BELT-FAILURE,66,1307,000150001028
WO-2155324,ASSET-01069,Preventive,,0,,000150001028
WO-2155325,ASSET-01069,Preventive,,0,,000150001028
WO-2155326,ASSET-01069,Corrective,BEARING-FAILURE,63,954,000150001028
WO-2155327,ASSET-01069,Corrective,BELT-FAILURE,232,1348,000150001028
WO-2155328,ASSET-01069,Corrective,CALIBRATION-DRIFT,91,230,000150001028
WO-2155329,ASSET-01069,Preventive,,0,,000150001028
WO-2155330,ASSET-01070,Emergency,BEARING-FAILURE,267,994,000150001029
WO-2155331,ASSET-01070,Preventive,,0,,000150001029
WO-2155332,ASSET-01070,Preventive,,0,,000150001029
WO-2155333,ASSET-01070,Preventive,,0,,000150001029
WO-2155334,ASSET-01071,Preventive,,0,,000150001030
WO-2155335,ASSET-01071,Preventive,,0,,000150001030
WO-2155336,ASSET-01071,Corrective,SENSOR-FAULT,60,756,000150001030
WO-2155337,ASSET-01071,Corrective,PNEUMATIC-LEAK,213,1280,000150001030
WO-2155338,ASSET-01071,Preventive,,0,,000150001030
WO-2155339,ASSET-01072,Preventive,,0,,000150001031
WO-2155340,ASSET-01073,Corrective,SENSOR-FAULT,75,1048,000150001032
WO-2155341,ASSET-01073,Preventive,,0,,000150001032
WO-2155342,ASSET-01073,Corrective,DIE-WEAR,132,1333,000150001032
WO-2155343,ASSET-01073,Emergency,PNEUMATIC-LEAK,231,1275,000150001032
WO-2155344,ASSET-01074,Emergency,BELT-FAILURE,274,1858,000150001033
WO-2155345,ASSET-01074,Emergency,BELT-FAILURE,318,1015,000150001033
WO-2155346,ASSET-01074,Corrective,CONTROLLER-FAULT,226,1882,000150001033
WO-2155347,ASSET-01074,Preventive,,0,,000150001033
WO-2155348,ASSET-01074,Emergency,HYDRAULIC-LEAK,99,554,000150001033
WO-2155349,ASSET-01074,Preventive,,0,,000150001033
WO-2155350,ASSET-01074,Preventive,,0,,000150001033
WO-2155351,ASSET-01075,Emergency,PNEUMATIC-LEAK,567,819,000150001034
WO-2155352,ASSET-01075,Preventive,,0,,000150001034
WO-2155353,ASSET-01075,Emergency,BEARING-FAILURE,366,987,000150001034
WO-2155354,ASSET-01076,Preventive,,0,,000150001035
WO-2155355,ASSET-01076,Preventive,,0,,000150001035
WO-2155356,ASSET-01076,Preventive,,0,,000150001035
WO-2155357,ASSET-01076,Preventive,,0,,000150001035
WO-2155358,ASSET-01076,Corrective,SPINDLE-SEIZURE,141,1147,000150001035
WO-2155359,ASSET-01076,Preventive,,0,,000150001035
WO-2155360,ASSET-01077,Corrective,SPINDLE-SEIZURE,239,1601,000150001036
WO-2155361,ASSET-01077,Preventive,,0,,000150001036
WO-2155362,ASSET-01077,Preventive,,0,,000150001036
WO-2155363,ASSET-01077,Corrective,SPINDLE-SEIZURE,126,1377,000150001036
WO-2155364,ASSET-01077,Preventive,,0,,000150001036
WO-2155365,ASSET-01078,Preventive,,0,,000150001037
WO-2155366,ASSET-01078,Corrective,CONTROLLER-FAULT,128,530,000150001037
WO-2155367,ASSET-01078,Corrective,BEARING-FAILURE,141,779,000150001037
WO-2155368,ASSET-01078,Preventive,,0,,000150001037
WO-2155369,ASSET-01078,Preventive,,0,,000150001037
WO-2155370,ASSET-01078,Preventive,,0,,000150001037
WO-2155371,ASSET-01079,Preventive,,0,,000150001038
WO-2155372,ASSET-01079,Preventive,,0,,000150001038
WO-2155373,ASSET-01079,Preventive,,0,,000150001038
WO-2155374,ASSET-01079,Preventive,,0,,000150001038
WO-2155375,ASSET-01079,Preventive,,0,,000150001038
WO-2155376,ASSET-01079,Preventive,,0,,000150001038
WO-2155377,ASSET-01079,Preventive,,0,,000150001038
WO-2155378,ASSET-01080,Corrective,HYDRAULIC-LEAK,42,489,000150001040
WO-2155379,ASSET-01080,Preventive,,0,,000150001040
WO-2155380,ASSET-01081,Preventive,,0,,000150001041
WO-2155381,ASSET-01081,Preventive,,0,,000150001041
WO-2155382,ASSET-01081,Corrective,PNEUMATIC-LEAK,188,1455,000150001041
WO-2155383,ASSET-01081,Preventive,,0,,000150001041
WO-2155384,ASSET-01081,Corrective,CALIBRATION-DRIFT,42,1018,000150001041
WO-2155385,ASSET-01081,Corrective,PNEUMATIC-LEAK,81,745,000150001041
WO-2155386,ASSET-01082,Corrective,MOTOR-BURNOUT,152,202,000150001043
WO-2155387,ASSET-01082,Preventive,,0,,000150001043
WO-2155388,ASSET-01082,Emergency,CALIBRATION-DRIFT,487,962,000150001043
WO-2155389,ASSET-01082,Preventive,,0,,000150001043
WO-2155390,ASSET-01083,Emergency,HYDRAULIC-LEAK,111,204,000150001044
WO-2155391,ASSET-01083,Corrective,CALIBRATION-DRIFT,94,1307,000150001044
WO-2155392,ASSET-01083,Preventive,,0,,000150001044
WO-2155393,ASSET-01084,Corrective,MOTOR-BURNOUT,232,750,000150001045
WO-2155394,ASSET-01084,Preventive,,0,,000150001045
WO-2155395,ASSET-01084,Corrective,DIE-WEAR,113,474,000150001045
WO-2155396,ASSET-01085,Corrective,PNEUMATIC-LEAK,195,1482,000150001046
WO-2155397,ASSET-01085,Preventive,,0,,000150001046
WO-2155398,ASSET-01085,Corrective,SPINDLE-SEIZURE,89,1795,000150001046
WO-2155399,ASSET-01086,Preventive,,0,,000150001047
WO-2155400,ASSET-01086,Corrective,CONTROLLER-FAULT,84,1436,000150001047
WO-2155401,ASSET-01086,Preventive,,0,,000150001047
WO-2155402,ASSET-01086,Emergency,DIE-WEAR,568,887,000150001047
WO-2155403,ASSET-01086,Corrective,SENSOR-FAULT,180,429,000150001047
WO-2155404,ASSET-01086,Corrective,BEARING-FAILURE,186,1519,000150001047
WO-2155405,ASSET-01087,Preventive,,0,,000150001048
WO-2155406,ASSET-01087,Preventive,,0,,000150001048
WO-2155407,ASSET-01087,Preventive,,0,,000150001048
WO-2155408,ASSET-01087,Preventive,,0,,000150001048
WO-2155409,ASSET-01087,Preventive,,0,,000150001048
WO-2155410,ASSET-01087,Corrective,CALIBRATION-DRIFT,181,538,000150001048
WO-2155411,ASSET-01087,Emergency,SENSOR-FAULT,317,1732,000150001048
WO-2155412,ASSET-01088,Corrective,CALIBRATION-DRIFT,43,722,000150001049
WO-2155413,ASSET-01088,Emergency,CALIBRATION-DRIFT,493,1115,000150001049
WO-2155414,ASSET-01088,Corrective,DIE-WEAR,163,949,000150001049
WO-2155415,ASSET-01088,Corrective,MOTOR-BURNOUT,48,845,000150001049
WO-2155416,ASSET-01088,Corrective,MOTOR-BURNOUT,126,1714,000150001049
WO-2155417,ASSET-01088,Corrective,HYDRAULIC-LEAK,137,1258,000150001049
WO-2155418,ASSET-01088,Corrective,BELT-FAILURE,147,375,000150001049
WO-2155419,ASSET-01089,Preventive,,0,,000150001050
WO-2155420,ASSET-01089,Corrective,SPINDLE-SEIZURE,135,1598,000150001050
WO-2155421,ASSET-01089,Preventive,,0,,000150001050
WO-2155422,ASSET-01089,Preventive,,0,,000150001050
WO-2155423,ASSET-01089,Preventive,,0,,000150001050
WO-2155424,ASSET-01090,Preventive,,0,,000150001051
WO-2155425,ASSET-01090,Preventive,,0,,000150001051
WO-2155426,ASSET-01090,Corrective,BELT-FAILURE,72,832,000150001051
WO-2155427,ASSET-01091,Corrective,DIE-WEAR,86,957,000150001052
WO-2155428,ASSET-01091,Corrective,HYDRAULIC-LEAK,236,1818,000150001052
WO-2155429,ASSET-01091,Preventive,,0,,000150001052
WO-2155430,ASSET-01091,Corrective,CALIBRATION-DRIFT,56,1203,000150001052
WO-2155431,ASSET-01091,Preventive,,0,,000150001052
WO-2155432,ASSET-01092,Preventive,,0,,000150001053
WO-2155433,ASSET-01092,Emergency,HYDRAULIC-LEAK,187,838,000150001053
WO-2155434,ASSET-01092,Corrective,DIE-WEAR,39,684,000150001053
WO-2155435,ASSET-01092,Preventive,,0,,000150001053
WO-2155436,ASSET-01092,Preventive,,0,,000150001053
WO-2155437,ASSET-01093,Corrective,SENSOR-FAULT,141,1231,000150001054
WO-2155438,ASSET-01093,Emergency,CALIBRATION-DRIFT,423,469,000150001054
WO-2155439,ASSET-01093,Corrective,CONTROLLER-FAULT,196,486,000150001054
WO-2155440,ASSET-01093,Preventive,,0,,000150001054
WO-2155441,ASSET-01093,Preventive,,0,,000150001054
WO-2155442,ASSET-01094,Preventive,,0,,000150001055
WO-2155443,ASSET-01094,Corrective,BEARING-FAILURE,115,825,000150001055
WO-2155444,ASSET-01094,Corrective,BEARING-FAILURE,97,1952,000150001055
WO-2155445,ASSET-01094,Corrective,DIE-WEAR,159,1396,000150001055
WO-2155446,ASSET-01095,Corrective,CALIBRATION-DRIFT,147,1019,000150001056
WO-2155447,ASSET-01095,Preventive,,0,,000150001056
WO-2155448,ASSET-01095,Preventive,,0,,000150001056
WO-2155449,ASSET-01095,Corrective,HYDRAULIC-LEAK,136,359,000150001056
WO-2155450,ASSET-01096,Preventive,,0,,000150001057
WO-2155451,ASSET-01096,Corrective,BELT-FAILURE,48,911,000150001057
WO-2155452,ASSET-01096,Preventive,,0,,000150001057
WO-2155453,ASSET-01096,Preventive,,0,,000150001057
WO-2155454,ASSET-01096,Preventive,,0,,000150001057
WO-2155455,ASSET-01096,Preventive,,0,,000150001057
WO-2155456,ASSET-01097,Preventive,,0,,000150001058
WO-2155457,ASSET-01097,Corrective,CONTROLLER-FAULT,54,1599,000150001058
WO-2155458,ASSET-01097,Corrective,PNEUMATIC-LEAK,99,1008,000150001058
WO-2155459,ASSET-01097,Corrective,SPINDLE-SEIZURE,234,1401,000150001058
WO-2155460,ASSET-01097,Corrective,CALIBRATION-DRIFT,164,434,000150001058
WO-2155461,ASSET-01097,Preventive,,0,,000150001058
WO-2155462,ASSET-01097,Preventive,,0,,000150001058
WO-2155463,ASSET-01097,Preventive,,0,,000150001058
WO-2155464,ASSET-01098,Preventive,,0,,000150001059
WO-2155465,ASSET-01098,Preventive,,0,,000150001059
WO-2155466,ASSET-01098,Corrective,DIE-WEAR,131,1223,000150001059
WO-2155467,ASSET-01098,Preventive,,0,,000150001059
WO-2155468,ASSET-01099,Corrective,HYDRAULIC-LEAK,54,1289,000150001060
WO-2155469,ASSET-01099,Emergency,HYDRAULIC-LEAK,596,202,000150001060
WO-2155470,ASSET-01099,Corrective,DIE-WEAR,115,873,000150001060
WO-2155471,ASSET-01100,Corrective,CALIBRATION-DRIFT,155,1168,000150001061
WO-2155472,ASSET-01100,Preventive,,0,,000150001061
WO-2155473,ASSET-01100,Preventive,,0,,000150001061
WO-2155474,ASSET-01100,Corrective,CALIBRATION-DRIFT,90,914,000150001061
WO-2155475,ASSET-01100,Emergency,HYDRAULIC-LEAK,420,821,000150001061
WO-2155476,ASSET-01100,Preventive,,0,,000150001061
WO-2155477,ASSET-01101,Corrective,DIE-WEAR,186,1340,000150001062
WO-2155478,ASSET-01101,Corrective,CALIBRATION-DRIFT,138,1703,000150001062
WO-2155479,ASSET-01101,Preventive,,0,,000150001062
WO-2155480,ASSET-01101,Preventive,,0,,000150001062
WO-2155481,ASSET-01101,Corrective,BELT-FAILURE,110,246,000150001062
WO-2155482,ASSET-01102,Emergency,HYDRAULIC-LEAK,479,1849,000150001063
WO-2155483,ASSET-01102,Preventive,,0,,000150001063
WO-2155484,ASSET-01102,Emergency,CONTROLLER-FAULT,555,1959,000150001063
WO-2155485,ASSET-01102,Corrective,CALIBRATION-DRIFT,217,755,000150001063
WO-2155486,ASSET-01102,Preventive,,0,,000150001063
WO-2155487,ASSET-01102,Preventive,,0,,000150001063
WO-2155488,ASSET-01103,Corrective,HYDRAULIC-LEAK,210,1069,000150001064
WO-2155489,ASSET-01103,Corrective,DIE-WEAR,97,1236,000150001064
WO-2155490,ASSET-01103,Preventive,,0,,000150001064
WO-2155491,ASSET-01103,Preventive,,0,,000150001064
WO-2155492,ASSET-01103,Preventive,,0,,000150001064
WO-2155493,ASSET-01103,Corrective,BELT-FAILURE,86,1988,000150001064
WO-2155494,ASSET-01104,Corrective,CONTROLLER-FAULT,185,1668,000150001065
WO-2155495,ASSET-01104,Corrective,PNEUMATIC-LEAK,108,1270,000150001065
WO-2155496,ASSET-01105,Preventive,,0,,000150001066
WO-2155497,ASSET-01105,Preventive,,0,,000150001066
WO-2155498,ASSET-01105,Corrective,MOTOR-BURNOUT,112,641,000150001066
WO-2155499,ASSET-01105,Corrective,DIE-WEAR,44,1023,000150001066
WO-2155500,ASSET-01105,Corrective,PNEUMATIC-LEAK,71,1002,000150001066
WO-2155501,ASSET-01106,Preventive,,0,,000150001067
WO-2155502,ASSET-01106,Corrective,CALIBRATION-DRIFT,35,794,000150001067
WO-2155503,ASSET-01106,Preventive,,0,,000150001067
WO-2155504,ASSET-01106,Preventive,,0,,000150001067
WO-2155505,ASSET-01106,Corrective,CALIBRATION-DRIFT,138,1791,000150001067
WO-2155506,ASSET-01106,Preventive,,0,,000150001067
WO-2155507,ASSET-01106,Emergency,BEARING-FAILURE,524,1302,000150001067
WO-2155508,ASSET-01106,Preventive,,0,,000150001067
WO-2155509,ASSET-01107,Corrective,DIE-WEAR,66,1306,000150001068
WO-2155510,ASSET-01107,Preventive,,0,,000150001068
WO-2155511,ASSET-01107,Preventive,,0,,000150001068
WO-2155512,ASSET-01107,Preventive,,0,,000150001068
WO-2155513,ASSET-01107,Preventive,,0,,000150001068
WO-2155514,ASSET-01107,Preventive,,0,,000150001068
WO-2155515,ASSET-01107,Preventive,,0,,000150001068
WO-2155516,ASSET-01108,Preventive,,0,,000150001069
WO-2155517,ASSET-01108,Preventive,,0,,000150001069
WO-2155518,ASSET-01108,Corrective,BEARING-FAILURE,125,1221,000150001069
WO-2155519,ASSET-01108,Preventive,,0,,000150001069
WO-2155520,ASSET-01108,Preventive,,0,,000150001069
WO-2155521,ASSET-01108,Corrective,SENSOR-FAULT,192,1162,000150001069
WO-2155522,ASSET-01108,Corrective,MOTOR-BURNOUT,145,1090,000150001069
WO-2155523,ASSET-01108,Preventive,,0,,000150001069
WO-2155524,ASSET-01109,Corrective,CALIBRATION-DRIFT,213,562,000150001070
WO-2155525,ASSET-01109,Preventive,,0,,000150001070
WO-2155526,ASSET-01109,Preventive,,0,,000150001070
WO-2155527,ASSET-01109,Corrective,HYDRAULIC-LEAK,159,1999,000150001070
WO-2155528,ASSET-01109,Emergency,BELT-FAILURE,555,205,000150001070
WO-2155529,ASSET-01109,Preventive,,0,,000150001070
WO-2155530,ASSET-01109,Preventive,,0,,000150001070
WO-2155531,ASSET-01109,Corrective,CONTROLLER-FAULT,74,821,000150001070
WO-2155532,ASSET-01109,Preventive,,0,,000150001070
WO-2155533,ASSET-01110,Corrective,MOTOR-BURNOUT,234,383,000150001071
WO-2155534,ASSET-01110,Preventive,,0,,000150001071
WO-2155535,ASSET-01110,Preventive,,0,,000150001071
WO-2155536,ASSET-01110,Preventive,,0,,000150001071
WO-2155537,ASSET-01110,Emergency,CONTROLLER-FAULT,585,571,000150001071
WO-2155538,ASSET-01111,Corrective,SENSOR-FAULT,159,371,000150001072
WO-2155539,ASSET-01111,Corrective,MOTOR-BURNOUT,238,382,000150001072
WO-2155540,ASSET-01111,Preventive,,0,,000150001072
WO-2155541,ASSET-01111,Corrective,PNEUMATIC-LEAK,235,1885,000150001072
WO-2155542,ASSET-01111,Preventive,,0,,000150001072
WO-2155543,ASSET-01111,Corrective,BELT-FAILURE,106,528,000150001072
WO-2155544,ASSET-01112,Preventive,,0,,000150001073
WO-2155545,ASSET-01112,Preventive,,0,,000150001073
WO-2155546,ASSET-01112,Corrective,HYDRAULIC-LEAK,106,423,000150001073
WO-2155547,ASSET-01112,Preventive,,0,,000150001073
WO-2155548,ASSET-01112,Corrective,PNEUMATIC-LEAK,173,1845,000150001073
WO-2155549,ASSET-01113,Preventive,,0,,000150001074
WO-2155550,ASSET-01113,Preventive,,0,,000150001074
WO-2155551,ASSET-01113,Preventive,,0,,000150001074
WO-2155552,ASSET-01114,Preventive,,0,,000150001075
WO-2155553,ASSET-01114,Corrective,DIE-WEAR,69,814,000150001075
WO-2155554,ASSET-01114,Preventive,,0,,000150001075
WO-2155555,ASSET-01114,Preventive,,0,,000150001075
WO-2155556,ASSET-01114,Preventive,,0,,000150001075
WO-2155557,ASSET-01114,Preventive,,0,,000150001075
WO-2155558,ASSET-01114,Preventive,,0,,000150001075
WO-2155559,ASSET-01114,Corrective,BELT-FAILURE,234,461,000150001075
WO-2155560,ASSET-01115,Preventive,,0,,000150001076
WO-2155561,ASSET-01115,Preventive,,0,,000150001076
WO-2155562,ASSET-01116,Corrective,SPINDLE-SEIZURE,34,858,000150001077
WO-2155563,ASSET-01116,Preventive,,0,,000150001077
WO-2155564,ASSET-01116,Preventive,,0,,000150001077
WO-2155565,ASSET-01116,Corrective,BELT-FAILURE,77,334,000150001077
WO-2155566,ASSET-01116,Corrective,SPINDLE-SEIZURE,153,714,000150001077
WO-2155567,ASSET-01117,Corrective,CALIBRATION-DRIFT,60,421,000150001078
WO-2155568,ASSET-01117,Corrective,MOTOR-BURNOUT,45,855,000150001078
WO-2155569,ASSET-01117,Preventive,,0,,000150001078
WO-2155570,ASSET-01117,Emergency,BEARING-FAILURE,165,1534,000150001078
WO-2155571,ASSET-01117,Corrective,MOTOR-BURNOUT,173,1417,000150001078
WO-2155572,ASSET-01117,Preventive,,0,,000150001078
WO-2155573,ASSET-01117,Corrective,DIE-WEAR,185,565,000150001078
WO-2155574,ASSET-01117,Corrective,SPINDLE-SEIZURE,167,940,000150001078
WO-2155575,ASSET-01117,Emergency,MOTOR-BURNOUT,207,1967,000150001078
WO-2155576,ASSET-01118,Corrective,BEARING-FAILURE,181,1746,000150001079
WO-2155577,ASSET-01118,Preventive,,0,,000150001079
WO-2155578,ASSET-01118,Corrective,BELT-FAILURE,36,723,000150001079
WO-2155579,ASSET-01118,Preventive,,0,,000150001079
WO-2155580,ASSET-01118,Preventive,,0,,000150001079
WO-2155581,ASSET-01119,Preventive,,0,,000150001080
WO-2155582,ASSET-01119,Preventive,,0,,000150001080
WO-2155583,ASSET-01119,Emergency,CALIBRATION-DRIFT,541,1048,000150001080
WO-2155584,ASSET-01120,Preventive,,0,,000150001081
WO-2155585,ASSET-01120,Corrective,DIE-WEAR,173,1737,000150001081
WO-2155586,ASSET-01120,Corrective,BEARING-FAILURE,129,1023,000150001081
WO-2155587,ASSET-01121,Preventive,,0,,000150001082
WO-2155588,ASSET-01121,Preventive,,0,,000150001082
WO-2155589,ASSET-01121,Preventive,,0,,000150001082
WO-2155590,ASSET-01121,Corrective,BEARING-FAILURE,151,812,000150001082
WO-2155591,ASSET-01121,Preventive,,0,,000150001082
WO-2155592,ASSET-01121,Preventive,,0,,000150001082
WO-2155593,ASSET-01122,Preventive,,0,,000150001083
WO-2155594,ASSET-01122,Preventive,,0,,000150001083
WO-2155595,ASSET-01122,Corrective,SPINDLE-SEIZURE,110,1608,000150001083
WO-2155596,ASSET-01122,Preventive,,0,,000150001083
WO-2155597,ASSET-01122,Preventive,,0,,000150001083
WO-2155598,ASSET-01122,Preventive,,0,,000150001083
WO-2155599,ASSET-01122,Emergency,PNEUMATIC-LEAK,119,984,000150001083
WO-2155600,ASSET-01123,Preventive,,0,,000150001084
WO-2155601,ASSET-01123,Preventive,,0,,000150001084
WO-2155602,ASSET-01123,Emergency,CALIBRATION-DRIFT,400,373,000150001084
WO-2155603,ASSET-01123,Preventive,,0,,000150001084
WO-2155604,ASSET-01123,Corrective,CALIBRATION-DRIFT,173,1026,000150001084
WO-2155605,ASSET-01124,Corrective,CALIBRATION-DRIFT,129,1625,000150001085
WO-2155606,ASSET-01124,Corrective,SENSOR-FAULT,207,690,000150001085
WO-2155607,ASSET-01124,Emergency,BELT-FAILURE,572,640,000150001085
WO-2155608,ASSET-01124,Preventive,,0,,000150001085
WO-2155609,ASSET-01124,Preventive,,0,,000150001085
WO-2155610,ASSET-01124,Preventive,,0,,000150001085
WO-2155611,ASSET-01124,Emergency,SPINDLE-SEIZURE,346,203,000150001085
WO-2155612,ASSET-01124,Corrective,DIE-WEAR,161,1153,000150001085
WO-2155613,ASSET-01125,Corrective,SENSOR-FAULT,159,1976,000150001086
WO-2155614,ASSET-01125,Corrective,SPINDLE-SEIZURE,151,1143,000150001086
WO-2155615,ASSET-01125,Corrective,CALIBRATION-DRIFT,122,1699,000150001086
WO-2155616,ASSET-01125,Corrective,DIE-WEAR,98,1511,000150001086
WO-2155617,ASSET-01125,Preventive,,0,,000150001086
WO-2155618,ASSET-01125,Corrective,DIE-WEAR,94,422,000150001086
WO-2155619,ASSET-01125,Corrective,CALIBRATION-DRIFT,77,1493,000150001086
WO-2155620,ASSET-01125,Preventive,,0,,000150001086
WO-2155621,ASSET-01125,Preventive,,0,,000150001086
WO-2155622,ASSET-01125,Corrective,BEARING-FAILURE,185,1820,000150001086
WO-2155623,ASSET-01125,Preventive,,0,,000150001086
WO-2155624,ASSET-01126,Preventive,,0,,000150001088
WO-2155625,ASSET-01126,Corrective,CALIBRATION-DRIFT,50,1517,000150001088
WO-2155626,ASSET-01126,Preventive,,0,,000150001088
WO-2155627,ASSET-01126,Corrective,BEARING-FAILURE,225,1820,000150001088
WO-2155628,ASSET-01126,Preventive,,0,,000150001088
WO-2155629,ASSET-01126,Preventive,,0,,000150001088
WO-2155630,ASSET-01126,Corrective,CALIBRATION-DRIFT,82,281,000150001088
WO-2155631,ASSET-01126,Corrective,SPINDLE-SEIZURE,230,1697,000150001088
WO-2155632,ASSET-01127,Preventive,,0,,000150001089
WO-2155633,ASSET-01127,Corrective,CONTROLLER-FAULT,85,1328,000150001089
WO-2155634,ASSET-01127,Corrective,CONTROLLER-FAULT,108,1320,000150001089
WO-2155635,ASSET-01128,Preventive,,0,,000150001090
WO-2155636,ASSET-01128,Corrective,SPINDLE-SEIZURE,121,1169,000150001090
WO-2155637,ASSET-01128,Emergency,PNEUMATIC-LEAK,263,1179,000150001090
WO-2155638,ASSET-01128,Emergency,SPINDLE-SEIZURE,293,351,000150001090
WO-2155639,ASSET-01128,Preventive,,0,,000150001090
WO-2155640,ASSET-01128,Preventive,,0,,000150001090
WO-2155641,ASSET-01129,Corrective,SENSOR-FAULT,126,227,000150001091
WO-2155642,ASSET-01129,Preventive,,0,,000150001091
WO-2155643,ASSET-01129,Preventive,,0,,000150001091
WO-2155644,ASSET-01130,Corrective,HYDRAULIC-LEAK,42,461,000150001092
WO-2155645,ASSET-01130,Preventive,,0,,000150001092
WO-2155646,ASSET-01130,Preventive,,0,,000150001092
WO-2155647,ASSET-01131,Corrective,CALIBRATION-DRIFT,232,622,000150001093
WO-2155648,ASSET-01131,Corrective,HYDRAULIC-LEAK,118,1869,000150001093
WO-2155649,ASSET-01131,Preventive,,0,,000150001093
WO-2155650,ASSET-01131,Corrective,PNEUMATIC-LEAK,131,1143,000150001093
WO-2155651,ASSET-01131,Preventive,,0,,000150001093
WO-2155652,ASSET-01132,Corrective,BELT-FAILURE,140,410,000150001094
WO-2155653,ASSET-01132,Corrective,SENSOR-FAULT,147,1550,000150001094
WO-2155654,ASSET-01132,Preventive,,0,,000150001094
WO-2155655,ASSET-01132,Preventive,,0,,000150001094
WO-2155656,ASSET-01132,Emergency,BEARING-FAILURE,373,456,000150001094
WO-2155657,ASSET-01132,Corrective,CONTROLLER-FAULT,68,1497,000150001094
WO-2155658,ASSET-01132,Corrective,BELT-FAILURE,240,989,000150001094
WO-2155659,ASSET-01132,Corrective,BEARING-FAILURE,154,455,000150001094
WO-2155660,ASSET-01133,Preventive,,0,,000150001095
WO-2155661,ASSET-01133,Preventive,,0,,000150001095
WO-2155662,ASSET-01134,Preventive,,0,,000150001096
WO-2155663,ASSET-01134,Corrective,SPINDLE-SEIZURE,105,825,000150001096
WO-2155664,ASSET-01134,Preventive,,0,,000150001096
WO-2155665,ASSET-01134,Corrective,BEARING-FAILURE,200,661,000150001096
WO-2155666,ASSET-01135,Preventive,,0,,000150001097
WO-2155667,ASSET-01135,Preventive,,0,,000150001097
WO-2155668,ASSET-01135,Corrective,BELT-FAILURE,202,1674,000150001097
WO-2155669,ASSET-01135,Corrective,DIE-WEAR,122,319,000150001097
WO-2155670,ASSET-01136,Corrective,HYDRAULIC-LEAK,66,897,000150001098
WO-2155671,ASSET-01136,Corrective,SENSOR-FAULT,236,1410,000150001098
WO-2155672,ASSET-01136,Corrective,BEARING-FAILURE,61,1092,000150001098
WO-2155673,ASSET-01136,Preventive,,0,,000150001098
WO-2155674,ASSET-01136,Preventive,,0,,000150001098
WO-2155675,ASSET-01136,Preventive,,0,,000150001098
WO-2155676,ASSET-01137,Emergency,HYDRAULIC-LEAK,107,1271,000150001099
WO-2155677,ASSET-01137,Corrective,SPINDLE-SEIZURE,124,781,000150001099
WO-2155678,ASSET-01137,Preventive,,0,,000150001099
WO-2155679,ASSET-01137,Preventive,,0,,000150001099
WO-2155680,ASSET-01137,Emergency,MOTOR-BURNOUT,198,1924,000150001099
WO-2155681,ASSET-01138,Corrective,CALIBRATION-DRIFT,54,421,000150001100
WO-2155682,ASSET-01138,Corrective,CONTROLLER-FAULT,137,1938,000150001100
WO-2155683,ASSET-01138,Preventive,,0,,000150001100
WO-2155684,ASSET-01138,Corrective,BELT-FAILURE,192,712,000150001100
WO-2155685,ASSET-01139,Preventive,,0,,000150001101
WO-2155686,ASSET-01139,Corrective,BEARING-FAILURE,68,388,000150001101
WO-2155687,ASSET-01139,Preventive,,0,,000150001101
WO-2155688,ASSET-01139,Corrective,MOTOR-BURNOUT,229,653,000150001101
WO-2155689,ASSET-01139,Preventive,,0,,000150001101
WO-2155690,ASSET-01140,Corrective,BELT-FAILURE,103,1139,000150001102
WO-2155691,ASSET-01140,Corrective,BELT-FAILURE,189,1271,000150001102
WO-2155692,ASSET-01140,Preventive,,0,,000150001102
WO-2155693,ASSET-01140,Preventive,,0,,000150001102
WO-2155694,ASSET-01141,Emergency,HYDRAULIC-LEAK,474,568,000150001103
WO-2155695,ASSET-01141,Preventive,,0,,000150001103
WO-2155696,ASSET-01141,Emergency,CONTROLLER-FAULT,283,1328,000150001103
WO-2155697,ASSET-01141,Preventive,,0,,000150001103
WO-2155698,ASSET-01142,Preventive,,0,,000150001104
WO-2155699,ASSET-01142,Preventive,,0,,000150001104
WO-2155700,ASSET-01142,Corrective,CONTROLLER-FAULT,166,1690,000150001104
WO-2155701,ASSET-01143,Corrective,DIE-WEAR,40,1699,000150001105
WO-2155702,ASSET-01143,Preventive,,0,,000150001105
WO-2155703,ASSET-01143,Preventive,,0,,000150001105
WO-2155704,ASSET-01143,Corrective,DIE-WEAR,207,1740,000150001105
WO-2155705,ASSET-01144,Preventive,,0,,000150001106
WO-2155706,ASSET-01144,Corrective,CALIBRATION-DRIFT,88,1116,000150001106
WO-2155707,ASSET-01144,Preventive,,0,,000150001106
WO-2155708,ASSET-01144,Preventive,,0,,000150001106
WO-2155709,ASSET-01144,Preventive,,0,,000150001106
WO-2155710,ASSET-01144,Emergency,CONTROLLER-FAULT,515,1001,000150001106
WO-2155711,ASSET-01144,Preventive,,0,,000150001106
WO-2155712,ASSET-01145,Preventive,,0,,000150001107
WO-2155713,ASSET-01145,Corrective,SENSOR-FAULT,39,1464,000150001107
WO-2155714,ASSET-01145,Preventive,,0,,000150001107
WO-2155715,ASSET-01145,Corrective,SENSOR-FAULT,234,785,000150001107
WO-2155716,ASSET-01145,Preventive,,0,,000150001107
WO-2155717,ASSET-01146,Corrective,HYDRAULIC-LEAK,183,1039,000150001108
WO-2155718,ASSET-01146,Corrective,BELT-FAILURE,119,274,000150001108
WO-2155719,ASSET-01146,Preventive,,0,,000150001108
WO-2155720,ASSET-01146,Preventive,,0,,000150001108
WO-2155721,ASSET-01146,Preventive,,0,,000150001108
WO-2155722,ASSET-01146,Corrective,HYDRAULIC-LEAK,80,462,000150001108
WO-2155723,ASSET-01147,Corrective,SENSOR-FAULT,211,1695,000150001109
WO-2155724,ASSET-01147,Corrective,MOTOR-BURNOUT,131,349,000150001109
WO-2155725,ASSET-01147,Emergency,CALIBRATION-DRIFT,361,1837,000150001109
WO-2155726,ASSET-01148,Preventive,,0,,000150001110
WO-2155727,ASSET-01148,Corrective,HYDRAULIC-LEAK,82,1282,000150001110
WO-2155728,ASSET-01148,Preventive,,0,,000150001110
WO-2155729,ASSET-01148,Preventive,,0,,000150001110
WO-2155730,ASSET-01149,Emergency,CALIBRATION-DRIFT,123,320,000150001111
WO-2155731,ASSET-01149,Emergency,DIE-WEAR,512,1540,000150001111
WO-2155732,ASSET-01149,Corrective,BEARING-FAILURE,55,203,000150001111
WO-2155733,ASSET-01150,Preventive,,0,,000150001112
WO-2155734,ASSET-01150,Preventive,,0,,000150001112
WO-2155735,ASSET-01150,Corrective,DIE-WEAR,200,704,000150001112
WO-2155736,ASSET-01151,Corrective,SENSOR-FAULT,75,625,000150001113
WO-2155737,ASSET-01151,Preventive,,0,,000150001113
WO-2155738,ASSET-01151,Preventive,,0,,000150001113
WO-2155739,ASSET-01151,Corrective,DIE-WEAR,111,597,000150001113
WO-2155740,ASSET-01151,Corrective,CALIBRATION-DRIFT,102,736,000150001113
WO-2155741,ASSET-01151,Preventive,,0,,000150001113
WO-2155742,ASSET-01151,Corrective,MOTOR-BURNOUT,179,247,000150001113
WO-2155743,ASSET-01151,Preventive,,0,,000150001113
WO-2155744,ASSET-01151,Preventive,,0,,000150001113
WO-2155745,ASSET-01152,Corrective,CALIBRATION-DRIFT,173,289,000150001114
WO-2155746,ASSET-01152,Preventive,,0,,000150001114
WO-2155747,ASSET-01152,Corrective,BEARING-FAILURE,219,1648,000150001114
WO-2155748,ASSET-01152,Corrective,CONTROLLER-FAULT,195,552,000150001114
WO-2155749,ASSET-01152,Preventive,,0,,000150001114
WO-2155750,ASSET-01152,Preventive,,0,,000150001114
WO-2155751,ASSET-01152,Corrective,SPINDLE-SEIZURE,160,1867,000150001114
WO-2155752,ASSET-01152,Preventive,,0,,000150001114
WO-2155753,ASSET-01152,Corrective,CONTROLLER-FAULT,112,1274,000150001114
WO-2155754,ASSET-01153,Preventive,,0,,000150001115
WO-2155755,ASSET-01153,Preventive,,0,,000150001115
WO-2155756,ASSET-01153,Preventive,,0,,000150001115
WO-2155757,ASSET-01153,Preventive,,0,,000150001115
WO-2155758,ASSET-01153,Preventive,,0,,000150001115
WO-2155759,ASSET-01153,Preventive,,0,,000150001115
WO-2155760,ASSET-01154,Preventive,,0,,000150001116
WO-2155761,ASSET-01154,Corrective,SPINDLE-SEIZURE,77,1120,000150001116
WO-2155762,ASSET-01154,Corrective,PNEUMATIC-LEAK,191,1359,000150001116
WO-2155763,ASSET-01154,Emergency,SENSOR-FAULT,150,503,000150001116
WO-2155764,ASSET-01154,Corrective,CONTROLLER-FAULT,172,1053,000150001116
WO-2155765,ASSET-01154,Preventive,,0,,000150001116
WO-2155766,ASSET-01154,Preventive,,0,,000150001116
WO-2155767,ASSET-01155,Preventive,,0,,000150001118
WO-2155768,ASSET-01155,Preventive,,0,,000150001118
WO-2155769,ASSET-01155,Corrective,SPINDLE-SEIZURE,94,1266,000150001118
WO-2155770,ASSET-01155,Preventive,,0,,000150001118
WO-2155771,ASSET-01156,Preventive,,0,,000150001119
WO-2155772,ASSET-01156,Corrective,SPINDLE-SEIZURE,33,1378,000150001119
WO-2155773,ASSET-01156,Corrective,BELT-FAILURE,82,1598,000150001119
WO-2155774,ASSET-01156,Corrective,BELT-FAILURE,136,1808,000150001119
WO-2155775,ASSET-01156,Emergency,DIE-WEAR,152,1196,000150001119
WO-2155776,ASSET-01156,Preventive,,0,,000150001119
WO-2155777,ASSET-01157,Corrective,DIE-WEAR,122,1213,000150001120
WO-2155778,ASSET-01157,Corrective,BEARING-FAILURE,37,1983,000150001120
WO-2155779,ASSET-01157,Corrective,MOTOR-BURNOUT,89,1700,000150001120
WO-2155780,ASSET-01157,Preventive,,0,,000150001120
WO-2155781,ASSET-01157,Corrective,HYDRAULIC-LEAK,220,1882,000150001120
WO-2155782,ASSET-01157,Corrective,MOTOR-BURNOUT,69,1573,000150001120
WO-2155783,ASSET-01158,Emergency,HYDRAULIC-LEAK,326,249,000150001121
WO-2155784,ASSET-01158,Preventive,,0,,000150001121
WO-2155785,ASSET-01158,Corrective,HYDRAULIC-LEAK,68,375,000150001121
WO-2155786,ASSET-01158,Preventive,,0,,000150001121
WO-2155787,ASSET-01158,Corrective,SENSOR-FAULT,161,1543,000150001121
WO-2155788,ASSET-01158,Emergency,BELT-FAILURE,517,1719,000150001121
WO-2155789,ASSET-01159,Preventive,,0,,000150001122
WO-2155790,ASSET-01159,Preventive,,0,,000150001122
WO-2155791,ASSET-01159,Corrective,SENSOR-FAULT,161,1957,000150001122
WO-2155792,ASSET-01159,Emergency,BEARING-FAILURE,368,519,000150001122
WO-2155793,ASSET-01159,Corrective,CALIBRATION-DRIFT,174,1319,000150001122
WO-2155794,ASSET-01160,Preventive,,0,,000150001123
WO-2155795,ASSET-01160,Preventive,,0,,000150001123
WO-2155796,ASSET-01160,Corrective,SENSOR-FAULT,156,535,000150001123
WO-2155797,ASSET-01160,Preventive,,0,,000150001123
WO-2155798,ASSET-01160,Corrective,CONTROLLER-FAULT,203,213,000150001123
WO-2155799,ASSET-01160,Preventive,,0,,000150001123
WO-2155800,ASSET-01161,Corrective,CALIBRATION-DRIFT,168,295,000150001124
WO-2155801,ASSET-01162,Preventive,,0,,000150001125
WO-2155802,ASSET-01162,Corrective,CALIBRATION-DRIFT,69,1822,000150001125
WO-2155803,ASSET-01162,Corrective,DIE-WEAR,54,972,000150001125
WO-2155804,ASSET-01162,Preventive,,0,,000150001125
WO-2155805,ASSET-01162,Corrective,SPINDLE-SEIZURE,42,560,000150001125
WO-2155806,ASSET-01162,Preventive,,0,,000150001125
WO-2155807,ASSET-01162,Emergency,SENSOR-FAULT,498,1622,000150001125
WO-2155808,ASSET-01163,Corrective,CALIBRATION-DRIFT,171,1203,000150001126
WO-2155809,ASSET-01163,Emergency,SENSOR-FAULT,550,282,000150001126
WO-2155810,ASSET-01163,Emergency,SENSOR-FAULT,339,1146,000150001126
WO-2155811,ASSET-01163,Emergency,MOTOR-BURNOUT,527,415,000150001126
WO-2155812,ASSET-01163,Preventive,,0,,000150001126
WO-2155813,ASSET-01163,Preventive,,0,,000150001126
WO-2155814,ASSET-01164,Preventive,,0,,000150001127
WO-2155815,ASSET-01164,Preventive,,0,,000150001127
WO-2155816,ASSET-01164,Preventive,,0,,000150001127
WO-2155817,ASSET-01165,Emergency,CALIBRATION-DRIFT,194,376,000150001128
WO-2155818,ASSET-01165,Corrective,PNEUMATIC-LEAK,49,281,000150001128
WO-2155819,ASSET-01165,Corrective,CALIBRATION-DRIFT,213,283,000150001128
WO-2155820,ASSET-01165,Corrective,DIE-WEAR,165,1725,000150001128
WO-2155821,ASSET-01165,Corrective,MOTOR-BURNOUT,236,859,000150001128
WO-2155822,ASSET-01165,Preventive,,0,,000150001128
WO-2155823,ASSET-01165,Preventive,,0,,000150001128
WO-2155824,ASSET-01165,Preventive,,0,,000150001128
WO-2155825,ASSET-01165,Preventive,,0,,000150001128
WO-2155826,ASSET-01166,Preventive,,0,,000150001129
WO-2155827,ASSET-01166,Emergency,MOTOR-BURNOUT,441,235,000150001129
WO-2155828,ASSET-01166,Emergency,PNEUMATIC-LEAK,379,1862,000150001129
WO-2155829,ASSET-01166,Emergency,MOTOR-BURNOUT,114,789,000150001129
WO-2155830,ASSET-01166,Emergency,MOTOR-BURNOUT,429,254,000150001129
WO-2155831,ASSET-01167,Preventive,,0,,000150001130
WO-2155832,ASSET-01167,Corrective,SENSOR-FAULT,32,640,000150001130
WO-2155833,ASSET-01167,Corrective,DIE-WEAR,229,880,000150001130
WO-2155834,ASSET-01167,Corrective,CALIBRATION-DRIFT,206,1364,000150001130
WO-2155835,ASSET-01167,Preventive,,0,,000150001130
WO-2155836,ASSET-01168,Preventive,,0,,000150001131
WO-2155837,ASSET-01168,Preventive,,0,,000150001131
WO-2155838,ASSET-01168,Preventive,,0,,000150001131
WO-2155839,ASSET-01168,Corrective,DIE-WEAR,239,1524,000150001131
WO-2155840,ASSET-01169,Preventive,,0,,000150001132
WO-2155841,ASSET-01169,Corrective,SENSOR-FAULT,130,764,000150001132
WO-2155842,ASSET-01169,Preventive,,0,,000150001132
WO-2155843,ASSET-01169,Corrective,SPINDLE-SEIZURE,200,897,000150001132
WO-2155844,ASSET-01169,Corrective,CONTROLLER-FAULT,58,1326,000150001132
WO-2155845,ASSET-01170,Preventive,,0,,000150001133
WO-2155846,ASSET-01170,Preventive,,0,,000150001133
WO-2155847,ASSET-01170,Emergency,SPINDLE-SEIZURE,581,1897,000150001133
WO-2155848,ASSET-01171,Corrective,CONTROLLER-FAULT,185,1111,000150001134
WO-2155849,ASSET-01171,Emergency,BELT-FAILURE,222,1032,000150001134
WO-2155850,ASSET-01171,Preventive,,0,,000150001134
WO-2155851,ASSET-01171,Corrective,HYDRAULIC-LEAK,237,845,000150001134
WO-2155852,ASSET-01171,Preventive,,0,,000150001134
WO-2155853,ASSET-01171,Preventive,,0,,000150001134
WO-2155854,ASSET-01171,Emergency,DIE-WEAR,547,1579,000150001134
WO-2155855,ASSET-01171,Emergency,HYDRAULIC-LEAK,76,1847,000150001134
WO-2155856,ASSET-01171,Preventive,,0,,000150001134
WO-2155857,ASSET-01172,Emergency,PNEUMATIC-LEAK,540,304,000150001135
WO-2155858,ASSET-01172,Preventive,,0,,000150001135
WO-2155859,ASSET-01172,Corrective,PNEUMATIC-LEAK,172,1442,000150001135
WO-2155860,ASSET-01172,Preventive,,0,,000150001135
WO-2155861,ASSET-01172,Corrective,HYDRAULIC-LEAK,203,1746,000150001135
WO-2155862,ASSET-01173,Preventive,,0,,000150001136
WO-2155863,ASSET-01173,Corrective,DIE-WEAR,115,1877,000150001136
WO-2155864,ASSET-01173,Preventive,,0,,000150001136
WO-2155865,ASSET-01173,Corrective,SENSOR-FAULT,114,363,000150001136
WO-2155866,ASSET-01173,Preventive,,0,,000150001136
WO-2155867,ASSET-01174,Preventive,,0,,000150001137
WO-2155868,ASSET-01174,Preventive,,0,,000150001137
WO-2155869,ASSET-01174,Corrective,SPINDLE-SEIZURE,48,1897,000150001137
WO-2155870,ASSET-01174,Corrective,BEARING-FAILURE,199,1510,000150001137
WO-2155871,ASSET-01175,Corrective,SPINDLE-SEIZURE,89,1487,000150001138
WO-2155872,ASSET-01175,Preventive,,0,,000150001138
WO-2155873,ASSET-01175,Corrective,PNEUMATIC-LEAK,127,1656,000150001138
WO-2155874,ASSET-01175,Preventive,,0,,000150001138
WO-2155875,ASSET-01175,Preventive,,0,,000150001138
WO-2155876,ASSET-01176,Emergency,PNEUMATIC-LEAK,241,1371,000150001139
WO-2155877,ASSET-01176,Corrective,PNEUMATIC-LEAK,132,1675,000150001139
WO-2155878,ASSET-01176,Preventive,,0,,000150001139
WO-2155879,ASSET-01177,Preventive,,0,,000150001140
WO-2155880,ASSET-01177,Preventive,,0,,000150001140
WO-2155881,ASSET-01177,Preventive,,0,,000150001140
WO-2155882,ASSET-01177,Preventive,,0,,000150001140
WO-2155883,ASSET-01178,Preventive,,0,,000150001141
WO-2155884,ASSET-01178,Corrective,DIE-WEAR,197,852,000150001141
WO-2155885,ASSET-01178,Corrective,SPINDLE-SEIZURE,153,959,000150001141
WO-2155886,ASSET-01178,Preventive,,0,,000150001141
WO-2155887,ASSET-01178,Preventive,,0,,000150001141
WO-2155888,ASSET-01178,Preventive,,0,,000150001141
WO-2155889,ASSET-01178,Corrective,HYDRAULIC-LEAK,66,441,000150001141
WO-2155890,ASSET-01179,Emergency,BELT-FAILURE,110,490,000150001142
WO-2155891,ASSET-01179,Preventive,,0,,000150001142
WO-2155892,ASSET-01179,Corrective,CONTROLLER-FAULT,91,1625,000150001142
WO-2155893,ASSET-01179,Preventive,,0,,000150001142
WO-2155894,ASSET-01179,Preventive,,0,,000150001142
WO-2155895,ASSET-01180,Preventive,,0,,000150001143
WO-2155896,ASSET-01180,Corrective,CALIBRATION-DRIFT,71,771,000150001143
WO-2155897,ASSET-01180,Corrective,HYDRAULIC-LEAK,178,1285,000150001143
WO-2155898,ASSET-01181,Preventive,,0,,000150001144
WO-2155899,ASSET-01181,Corrective,DIE-WEAR,219,282,000150001144
WO-2155900,ASSET-01181,Preventive,,0,,000150001144
WO-2155901,ASSET-01181,Preventive,,0,,000150001144
WO-2155902,ASSET-01181,Corrective,BEARING-FAILURE,237,1422,000150001144
WO-2155903,ASSET-01181,Emergency,BELT-FAILURE,131,1986,000150001144
WO-2155904,ASSET-01181,Preventive,,0,,000150001144
WO-2155905,ASSET-01181,Preventive,,0,,000150001144
WO-2155906,ASSET-01181,Emergency,CALIBRATION-DRIFT,165,1428,000150001144
WO-2155907,ASSET-01181,Preventive,,0,,000150001144
WO-2155908,ASSET-01182,Preventive,,0,,000150001145
WO-2155909,ASSET-01182,Preventive,,0,,000150001145
WO-2155910,ASSET-01182,Preventive,,0,,000150001145
WO-2155911,ASSET-01182,Preventive,,0,,000150001145
WO-2155912,ASSET-01182,Preventive,,0,,000150001145
WO-2155913,ASSET-01182,Preventive,,0,,000150001145
WO-2155914,ASSET-01182,Corrective,PNEUMATIC-LEAK,238,1020,000150001145
WO-2155915,ASSET-01183,Preventive,,0,,000150001146
WO-2155916,ASSET-01183,Preventive,,0,,000150001146
WO-2155917,ASSET-01184,Corrective,DIE-WEAR,39,1514,000150001147
WO-2155918,ASSET-01184,Corrective,SPINDLE-SEIZURE,60,1771,000150001147
WO-2155919,ASSET-01184,Preventive,,0,,000150001147
WO-2155920,ASSET-01184,Preventive,,0,,000150001147
WO-2155921,ASSET-01184,Corrective,BELT-FAILURE,70,658,000150001147
WO-2155922,ASSET-01184,Preventive,,0,,000150001147
WO-2155923,ASSET-01184,Emergency,BELT-FAILURE,298,525,000150001147
WO-2155924,ASSET-01185,Preventive,,0,,000150001148
WO-2155925,ASSET-01185,Preventive,,0,,000150001148
WO-2155926,ASSET-01185,Corrective,BEARING-FAILURE,239,1026,000150001148
WO-2155927,ASSET-01185,Preventive,,0,,000150001148
WO-2155928,ASSET-01185,Emergency,BEARING-FAILURE,217,1938,000150001148
WO-2155929,ASSET-01186,Emergency,CALIBRATION-DRIFT,586,1421,000150001149
WO-2155930,ASSET-01186,Corrective,MOTOR-BURNOUT,223,296,000150001149
WO-2155931,ASSET-01186,Corrective,MOTOR-BURNOUT,161,1563,000150001149
WO-2155932,ASSET-01186,Emergency,SPINDLE-SEIZURE,240,727,000150001149
WO-2155933,ASSET-01186,Preventive,,0,,000150001149
WO-2155934,ASSET-01187,Corrective,CALIBRATION-DRIFT,240,303,000150001150
WO-2155935,ASSET-01187,Corrective,BELT-FAILURE,215,1316,000150001150
WO-2155936,ASSET-01187,Preventive,,0,,000150001150
WO-2155937,ASSET-01187,Preventive,,0,,000150001150
WO-2155938,ASSET-01188,Preventive,,0,,000150001151
WO-2155939,ASSET-01189,Preventive,,0,,000150001152
WO-2155940,ASSET-01189,Emergency,CALIBRATION-DRIFT,433,1091,000150001152
WO-2155941,ASSET-01189,Corrective,BELT-FAILURE,67,213,000150001152
WO-2155942,ASSET-01189,Preventive,,0,,000150001152
WO-2155943,ASSET-01189,Preventive,,0,,000150001152
WO-2155944,ASSET-01189,Preventive,,0,,000150001152
WO-2155945,ASSET-01190,Corrective,MOTOR-BURNOUT,211,940,000150001153
WO-2155946,ASSET-01190,Preventive,,0,,000150001153
WO-2155947,ASSET-01190,Corrective,PNEUMATIC-LEAK,131,1432,000150001153
WO-2155948,ASSET-01190,Corrective,PNEUMATIC-LEAK,76,1777,000150001153
WO-2155949,ASSET-01190,Preventive,,0,,000150001153
WO-2155950,ASSET-01191,Corrective,DIE-WEAR,179,1780,000150001154
WO-2155951,ASSET-01191,Preventive,,0,,000150001154
WO-2155952,ASSET-01191,Preventive,,0,,000150001154
WO-2155953,ASSET-01191,Preventive,,0,,000150001154
WO-2155954,ASSET-01191,Emergency,CALIBRATION-DRIFT,134,1023,000150001154
WO-2155955,ASSET-01191,Emergency,CONTROLLER-FAULT,130,1185,000150001154
WO-2155956,ASSET-01191,Corrective,BEARING-FAILURE,79,999,000150001154
WO-2155957,ASSET-01191,Preventive,,0,,000150001154
WO-2155958,ASSET-01191,Corrective,PNEUMATIC-LEAK,220,1769,000150001154
WO-2155959,ASSET-01192,Preventive,,0,,000150001155
WO-2155960,ASSET-01192,Preventive,,0,,000150001155
WO-2155961,ASSET-01192,Corrective,MOTOR-BURNOUT,188,1953,000150001155
WO-2155962,ASSET-01192,Preventive,,0,,000150001155
WO-2155963,ASSET-01193,Preventive,,0,,000150001156
WO-2155964,ASSET-01193,Preventive,,0,,000150001156
WO-2155965,ASSET-01193,Corrective,PNEUMATIC-LEAK,216,1106,000150001156
WO-2155966,ASSET-01194,Corrective,SENSOR-FAULT,137,1190,000150001157
WO-2155967,ASSET-01194,Corrective,BELT-FAILURE,158,1551,000150001157
WO-2155968,ASSET-01194,Corrective,PNEUMATIC-LEAK,203,1762,000150001157
WO-2155969,ASSET-01194,Preventive,,0,,000150001157
WO-2155970,ASSET-01194,Preventive,,0,,000150001157
WO-2155971,ASSET-01195,Corrective,HYDRAULIC-LEAK,192,1562,000150001158
WO-2155972,ASSET-01195,Corrective,SENSOR-FAULT,76,1507,000150001158
WO-2155973,ASSET-01195,Preventive,,0,,000150001158
WO-2155974,ASSET-01195,Corrective,CONTROLLER-FAULT,239,1883,000150001158
WO-2155975,ASSET-01195,Corrective,BELT-FAILURE,96,624,000150001158
WO-2155976,ASSET-01195,Preventive,,0,,000150001158
WO-2155977,ASSET-01195,Preventive,,0,,000150001158
WO-2155978,ASSET-01195,Corrective,BEARING-FAILURE,153,1160,000150001158
WO-2155979,ASSET-01196,Preventive,,0,,000150001159
WO-2155980,ASSET-01196,Preventive,,0,,000150001159
WO-2155981,ASSET-01196,Preventive,,0,,000150001159
WO-2155982,ASSET-01196,Preventive,,0,,000150001159
WO-2155983,ASSET-01196,Corrective,CONTROLLER-FAULT,200,549,000150001159
WO-2155984,ASSET-01196,Corrective,SPINDLE-SEIZURE,231,1722,000150001159
WO-2155985,ASSET-01196,Preventive,,0,,000150001159
WO-2155986,ASSET-01197,Corrective,PNEUMATIC-LEAK,132,1528,000150001160
WO-2155987,ASSET-01197,Corrective,SPINDLE-SEIZURE,60,446,000150001160
WO-2155988,ASSET-01197,Emergency,CONTROLLER-FAULT,114,1292,000150001160
WO-2155989,ASSET-01197,Preventive,,0,,000150001160
WO-2155990,ASSET-01197,Preventive,,0,,000150001160
WO-2155991,ASSET-01198,Preventive,,0,,000150001161
WO-2155992,ASSET-01198,Preventive,,0,,000150001161
WO-2155993,ASSET-01198,Emergency,SPINDLE-SEIZURE,221,1576,000150001161
WO-2155994,ASSET-01199,Preventive,,0,,000150001162
WO-2155995,ASSET-01199,Corrective,BEARING-FAILURE,109,1150,000150001162
WO-2155996,ASSET-01199,Preventive,,0,,000150001162
WO-2155997,ASSET-01199,Preventive,,0,,000150001162
WO-2155998,ASSET-01199,Preventive,,0,,000150001162
WO-2155999,ASSET-01199,Preventive,,0,,000150001162
WO-2156000,ASSET-01200,Preventive,,0,,000150001163
WO-2156001,ASSET-01200,Corrective,BEARING-FAILURE,167,1927,000150001163
WO-2156002,ASSET-01200,Emergency,SENSOR-FAULT,153,438,000150001163
WO-2156003,ASSET-01201,Corrective,CALIBRATION-DRIFT,118,1972,000150001164
WO-2156004,ASSET-01201,Preventive,,0,,000150001164
WO-2156005,ASSET-01201,Preventive,,0,,000150001164
WO-2156006,ASSET-01201,Corrective,SPINDLE-SEIZURE,60,1525,000150001164
WO-2156007,ASSET-01201,Emergency,CONTROLLER-FAULT,399,1263,000150001164
WO-2156008,ASSET-01201,Corrective,SPINDLE-SEIZURE,225,1929,000150001164
WO-2156009,ASSET-01202,Preventive,,0,,000150001165
WO-2156010,ASSET-01202,Preventive,,0,,000150001165
WO-2156011,ASSET-01202,Corrective,BELT-FAILURE,230,658,000150001165
WO-2156012,ASSET-01202,Preventive,,0,,000150001165
WO-2156013,ASSET-01202,Corrective,BELT-FAILURE,113,413,000150001165
WO-2156014,ASSET-01202,Preventive,,0,,000150001165
WO-2156015,ASSET-01202,Emergency,PNEUMATIC-LEAK,532,395,000150001165
WO-2156016,ASSET-01202,Corrective,HYDRAULIC-LEAK,141,1506,000150001165
WO-2156017,ASSET-01203,Emergency,CALIBRATION-DRIFT,459,1537,000150001166
WO-2156018,ASSET-01203,Corrective,CONTROLLER-FAULT,202,794,000150001166
WO-2156019,ASSET-01203,Emergency,CONTROLLER-FAULT,368,914,000150001166
WO-2156020,ASSET-01203,Corrective,BEARING-FAILURE,237,427,000150001166
WO-2156021,ASSET-01204,Preventive,,0,,000150001167
WO-2156022,ASSET-01204,Preventive,,0,,000150001167
WO-2156023,ASSET-01204,Corrective,BELT-FAILURE,101,1219,000150001167
WO-2156024,ASSET-01204,Preventive,,0,,000150001167
WO-2156025,ASSET-01204,Corrective,PNEUMATIC-LEAK,156,203,000150001167
WO-2156026,ASSET-01204,Preventive,,0,,000150001167
WO-2156027,ASSET-01205,Corrective,CALIBRATION-DRIFT,159,561,000150001168
WO-2156028,ASSET-01205,Corrective,MOTOR-BURNOUT,39,1188,000150001168
WO-2156029,ASSET-01205,Preventive,,0,,000150001168
WO-2156030,ASSET-01205,Preventive,,0,,000150001168
WO-2156031,ASSET-01205,Preventive,,0,,000150001168
WO-2156032,ASSET-01205,Emergency,CALIBRATION-DRIFT,94,1317,000150001168
WO-2156033,ASSET-01206,Preventive,,0,,000150001169
WO-2156034,ASSET-01206,Emergency,MOTOR-BURNOUT,113,726,000150001169
WO-2156035,ASSET-01206,Preventive,,0,,000150001169
WO-2156036,ASSET-01206,Preventive,,0,,000150001169
WO-2156037,ASSET-01206,Preventive,,0,,000150001169
WO-2156038,ASSET-01206,Corrective,BEARING-FAILURE,221,770,000150001169
WO-2156039,ASSET-01207,Preventive,,0,,000150001170
WO-2156040,ASSET-01208,Corrective,PNEUMATIC-LEAK,100,1735,000150001171
WO-2156041,ASSET-01208,Preventive,,0,,000150001171
WO-2156042,ASSET-01208,Emergency,HYDRAULIC-LEAK,489,957,000150001171
WO-2156043,ASSET-01208,Preventive,,0,,000150001171
WO-2156044,ASSET-01208,Corrective,HYDRAULIC-LEAK,96,1483,000150001171
WO-2156045,ASSET-01208,Preventive,,0,,000150001171
WO-2156046,ASSET-01208,Preventive,,0,,000150001171
WO-2156047,ASSET-01209,Preventive,,0,,000150001172
WO-2156048,ASSET-01209,Corrective,BEARING-FAILURE,220,738,000150001172
WO-2156049,ASSET-01210,Corrective,DIE-WEAR,168,422,000150001173
WO-2156050,ASSET-01210,Preventive,,0,,000150001173
WO-2156051,ASSET-01210,Preventive,,0,,000150001173
WO-2156052,ASSET-01210,Emergency,BELT-FAILURE,277,775,000150001173
WO-2156053,ASSET-01210,Corrective,HYDRAULIC-LEAK,82,883,000150001173
WO-2156054,ASSET-01211,Preventive,,0,,000150001174
WO-2156055,ASSET-01211,Corrective,SPINDLE-SEIZURE,92,1378,000150001174
WO-2156056,ASSET-01211,Preventive,,0,,000150001174
WO-2156057,ASSET-01211,Preventive,,0,,000150001174
WO-2156058,ASSET-01211,Corrective,HYDRAULIC-LEAK,141,1339,000150001174
WO-2156059,ASSET-01211,Corrective,DIE-WEAR,82,352,000150001174
WO-2156060,ASSET-01211,Preventive,,0,,000150001174
WO-2156061,ASSET-01211,Corrective,SPINDLE-SEIZURE,220,543,000150001174
WO-2156062,ASSET-01211,Preventive,,0,,000150001174
WO-2156063,ASSET-01212,Preventive,,0,,000150001175
WO-2156064,ASSET-01212,Preventive,,0,,000150001175
WO-2156065,ASSET-01212,Preventive,,0,,000150001175
WO-2156066,ASSET-01212,Preventive,,0,,000150001175
WO-2156067,ASSET-01213,Emergency,DIE-WEAR,234,1162,000150001176
WO-2156068,ASSET-01213,Emergency,PNEUMATIC-LEAK,417,943,000150001176
WO-2156069,ASSET-01214,Emergency,DIE-WEAR,580,1594,000150001177
WO-2156070,ASSET-01214,Emergency,DIE-WEAR,543,1570,000150001177
WO-2156071,ASSET-01214,Preventive,,0,,000150001177
WO-2156072,ASSET-01214,Corrective,BELT-FAILURE,136,1199,000150001177
WO-2156073,ASSET-01214,Emergency,BEARING-FAILURE,208,1238,000150001177
WO-2156074,ASSET-01214,Corrective,CONTROLLER-FAULT,30,1820,000150001177
WO-2156075,ASSET-01214,Corrective,MOTOR-BURNOUT,73,1124,000150001177
WO-2156076,ASSET-01215,Corrective,CONTROLLER-FAULT,188,1694,000150001178
WO-2156077,ASSET-01215,Preventive,,0,,000150001178
WO-2156078,ASSET-01215,Emergency,SENSOR-FAULT,165,995,000150001178
WO-2156079,ASSET-01215,Preventive,,0,,000150001178
WO-2156080,ASSET-01215,Preventive,,0,,000150001178
WO-2156081,ASSET-01215,Preventive,,0,,000150001178
WO-2156082,ASSET-01216,Preventive,,0,,000150001179
WO-2156083,ASSET-01216,Preventive,,0,,000150001179
WO-2156084,ASSET-01216,Preventive,,0,,000150001179
WO-2156085,ASSET-01217,Preventive,,0,,000150001180
WO-2156086,ASSET-01217,Preventive,,0,,000150001180
WO-2156087,ASSET-01217,Emergency,SPINDLE-SEIZURE,312,655,000150001180
WO-2156088,ASSET-01217,Preventive,,0,,000150001180
WO-2156089,ASSET-01217,Preventive,,0,,000150001180
WO-2156090,ASSET-01217,Corrective,BELT-FAILURE,96,1272,000150001180
WO-2156091,ASSET-01218,Preventive,,0,,000150001181
WO-2156092,ASSET-01218,Preventive,,0,,000150001181
WO-2156093,ASSET-01218,Corrective,DIE-WEAR,220,1093,000150001181
WO-2156094,ASSET-01218,Preventive,,0,,000150001181
WO-2156095,ASSET-01218,Preventive,,0,,000150001181
WO-2156096,ASSET-01218,Corrective,CONTROLLER-FAULT,124,1649,000150001181
WO-2156097,ASSET-01218,Emergency,SENSOR-FAULT,204,1188,000150001181
WO-2156098,ASSET-01218,Preventive,,0,,000150001181
WO-2156099,ASSET-01219,Preventive,,0,,000150001182
WO-2156100,ASSET-01219,Corrective,DIE-WEAR,211,622,000150001182
WO-2156101,ASSET-01219,Emergency,MOTOR-BURNOUT,404,1988,000150001182
WO-2156102,ASSET-01219,Corrective,SENSOR-FAULT,113,1517,000150001182
WO-2156103,ASSET-01220,Corrective,MOTOR-BURNOUT,71,1395,000150001183
WO-2156104,ASSET-01220,Emergency,BEARING-FAILURE,384,266,000150001183
WO-2156105,ASSET-01220,Preventive,,0,,000150001183
WO-2156106,ASSET-01220,Corrective,CALIBRATION-DRIFT,162,1735,000150001183
WO-2156107,ASSET-01220,Emergency,DIE-WEAR,234,380,000150001183
WO-2156108,ASSET-01220,Preventive,,0,,000150001183
WO-2156109,ASSET-01220,Preventive,,0,,000150001183
WO-2156110,ASSET-01221,Preventive,,0,,000150001184
WO-2156111,ASSET-01221,Corrective,CONTROLLER-FAULT,45,1005,000150001184
WO-2156112,ASSET-01221,Preventive,,0,,000150001184
WO-2156113,ASSET-01221,Preventive,,0,,000150001184
WO-2156114,ASSET-01221,Corrective,BEARING-FAILURE,158,1809,000150001184
WO-2156115,ASSET-01222,Corrective,CONTROLLER-FAULT,190,1109,000150001185
WO-2156116,ASSET-01222,Preventive,,0,,000150001185
WO-2156117,ASSET-01222,Preventive,,0,,000150001185
WO-2156118,ASSET-01222,Preventive,,0,,000150001185
WO-2156119,ASSET-01222,Corrective,MOTOR-BURNOUT,167,241,000150001185
WO-2156120,ASSET-01222,Preventive,,0,,000150001185
WO-2156121,ASSET-01222,Preventive,,0,,000150001185
WO-2156122,ASSET-01223,Corrective,CONTROLLER-FAULT,48,1819,000150001186
WO-2156123,ASSET-01223,Preventive,,0,,000150001186
WO-2156124,ASSET-01223,Preventive,,0,,000150001186
WO-2156125,ASSET-01223,Corrective,CALIBRATION-DRIFT,190,863,000150001186
WO-2156126,ASSET-01223,Emergency,MOTOR-BURNOUT,416,313,000150001186
WO-2156127,ASSET-01224,Corrective,CALIBRATION-DRIFT,32,1904,000150001187
WO-2156128,ASSET-01224,Corrective,MOTOR-BURNOUT,226,1696,000150001187
WO-2156129,ASSET-01224,Preventive,,0,,000150001187
WO-2156130,ASSET-01224,Corrective,BELT-FAILURE,71,465,000150001187
WO-2156131,ASSET-01225,Preventive,,0,,000150001188
WO-2156132,ASSET-01225,Preventive,,0,,000150001188
WO-2156133,ASSET-01225,Preventive,,0,,000150001188
WO-2156134,ASSET-01225,Preventive,,0,,000150001188
WO-2156135,ASSET-01226,Corrective,HYDRAULIC-LEAK,111,360,000150001189
WO-2156136,ASSET-01226,Preventive,,0,,000150001189
WO-2156137,ASSET-01226,Preventive,,0,,000150001189
WO-2156138,ASSET-01226,Corrective,DIE-WEAR,76,394,000150001189
WO-2156139,ASSET-01227,Preventive,,0,,000150001190
WO-2156140,ASSET-01227,Corrective,MOTOR-BURNOUT,194,520,000150001190
WO-2156141,ASSET-01227,Preventive,,0,,000150001190
WO-2156142,ASSET-01227,Emergency,BELT-FAILURE,504,467,000150001190
WO-2156143,ASSET-01227,Corrective,DIE-WEAR,64,1358,000150001190
WO-2156144,ASSET-01227,Corrective,PNEUMATIC-LEAK,109,566,000150001190
WO-2156145,ASSET-01227,Corrective,SPINDLE-SEIZURE,148,1302,000150001190
WO-2156146,ASSET-01227,Preventive,,0,,000150001190
WO-2156147,ASSET-01228,Emergency,HYDRAULIC-LEAK,350,389,000150001191
WO-2156148,ASSET-01228,Preventive,,0,,000150001191
WO-2156149,ASSET-01228,Corrective,SPINDLE-SEIZURE,79,1806,000150001191
WO-2156150,ASSET-01228,Preventive,,0,,000150001191
WO-2156151,ASSET-01228,Corrective,MOTOR-BURNOUT,148,605,000150001191
WO-2156152,ASSET-01228,Corrective,HYDRAULIC-LEAK,183,728,000150001191
WO-2156153,ASSET-01229,Corrective,CALIBRATION-DRIFT,116,1492,000150001192
WO-2156154,ASSET-01229,Corrective,HYDRAULIC-LEAK,237,942,000150001192
WO-2156155,ASSET-01229,Corrective,CALIBRATION-DRIFT,77,1776,000150001192
WO-2156156,ASSET-01229,Preventive,,0,,000150001192
WO-2156157,ASSET-01229,Corrective,MOTOR-BURNOUT,91,245,000150001192
WO-2156158,ASSET-01230,Preventive,,0,,000150001193
WO-2156159,ASSET-01230,Corrective,SENSOR-FAULT,185,1595,000150001193
WO-2156160,ASSET-01230,Preventive,,0,,000150001193
WO-2156161,ASSET-01231,Corrective,BELT-FAILURE,92,1941,000150001194
WO-2156162,ASSET-01231,Emergency,BEARING-FAILURE,346,578,000150001194
WO-2156163,ASSET-01231,Corrective,SPINDLE-SEIZURE,204,1570,000150001194
WO-2156164,ASSET-01231,Corrective,HYDRAULIC-LEAK,176,1237,000150001194
WO-2156165,ASSET-01232,Preventive,,0,,000150001195
WO-2156166,ASSET-01232,Corrective,MOTOR-BURNOUT,114,1692,000150001195
WO-2156167,ASSET-01232,Preventive,,0,,000150001195
WO-2156168,ASSET-01232,Preventive,,0,,000150001195
WO-2156169,ASSET-01232,Preventive,,0,,000150001195
WO-2156170,ASSET-01232,Corrective,HYDRAULIC-LEAK,108,1641,000150001195
WO-2156171,ASSET-01233,Preventive,,0,,000150001196
WO-2156172,ASSET-01233,Emergency,SPINDLE-SEIZURE,116,935,000150001196
WO-2156173,ASSET-01233,Preventive,,0,,000150001196
WO-2156174,ASSET-01234,Preventive,,0,,000150001197
WO-2156175,ASSET-01234,Emergency,BELT-FAILURE,544,1398,000150001197
WO-2156176,ASSET-01234,Preventive,,0,,000150001197
WO-2156177,ASSET-01234,Corrective,SENSOR-FAULT,219,410,000150001197
WO-2156178,ASSET-01234,Preventive,,0,,000150001197
WO-2156179,ASSET-01234,Emergency,PNEUMATIC-LEAK,535,723,000150001197
WO-2156180,ASSET-01235,Preventive,,0,,000150001198
WO-2156181,ASSET-01235,Emergency,DIE-WEAR,502,661,000150001198
WO-2156182,ASSET-01235,Preventive,,0,,000150001198
WO-2156183,ASSET-01235,Corrective,BELT-FAILURE,121,1770,000150001198
WO-2156184,ASSET-01235,Corrective,DIE-WEAR,131,1431,000150001198
WO-2156185,ASSET-01235,Corrective,BELT-FAILURE,93,467,000150001198
WO-2156186,ASSET-01235,Preventive,,0,,000150001198
WO-2156187,ASSET-01235,Preventive,,0,,000150001198
WO-2156188,ASSET-01236,Preventive,,0,,000150001199
WO-2156189,ASSET-01236,Preventive,,0,,000150001199
WO-2156190,ASSET-01237,Corrective,CONTROLLER-FAULT,78,1583,000150001200
WO-2156191,ASSET-01237,Preventive,,0,,000150001200
WO-2156192,ASSET-01237,Preventive,,0,,000150001200
WO-2156193,ASSET-01237,Preventive,,0,,000150001200
WO-2156194,ASSET-01237,Preventive,,0,,000150001200
WO-2156195,ASSET-01237,Corrective,HYDRAULIC-LEAK,80,781,000150001200
WO-2156196,ASSET-01238,Emergency,DIE-WEAR,444,1540,000150001201
WO-2156197,ASSET-01238,Preventive,,0,,000150001201
WO-2156198,ASSET-01238,Corrective,BELT-FAILURE,140,1730,000150001201
WO-2156199,ASSET-01238,Preventive,,0,,000150001201
WO-2156200,ASSET-01238,Corrective,PNEUMATIC-LEAK,128,426,000150001201
WO-2156201,ASSET-01238,Corrective,BELT-FAILURE,89,518,000150001201
WO-2156202,ASSET-01238,Preventive,,0,,000150001201
WO-2156203,ASSET-01239,Corrective,MOTOR-BURNOUT,187,647,000150001202
WO-2156204,ASSET-01239,Corrective,BEARING-FAILURE,42,1326,000150001202
WO-2156205,ASSET-01239,Corrective,BEARING-FAILURE,220,1451,000150001202
WO-2156206,ASSET-01239,Corrective,HYDRAULIC-LEAK,174,1410,000150001202
WO-2156207,ASSET-01240,Corrective,DIE-WEAR,190,903,000150001203
WO-2156208,ASSET-01240,Corrective,BEARING-FAILURE,117,1379,000150001203
WO-2156209,ASSET-01240,Corrective,MOTOR-BURNOUT,105,447,000150001203
WO-2156210,ASSET-01240,Corrective,PNEUMATIC-LEAK,205,678,000150001203
WO-2156211,ASSET-01240,Preventive,,0,,000150001203
WO-2156212,ASSET-01241,Emergency,PNEUMATIC-LEAK,406,1429,000150001205
WO-2156213,ASSET-01241,Corrective,BEARING-FAILURE,111,616,000150001205
WO-2156214,ASSET-01241,Corrective,SENSOR-FAULT,178,1320,000150001205
WO-2156215,ASSET-01241,Emergency,CONTROLLER-FAULT,449,1893,000150001205
WO-2156216,ASSET-01241,Emergency,PNEUMATIC-LEAK,422,1191,000150001205
WO-2156217,ASSET-01242,Preventive,,0,,000150001206
WO-2156218,ASSET-01242,Preventive,,0,,000150001206
WO-2156219,ASSET-01242,Corrective,CONTROLLER-FAULT,89,1837,000150001206
WO-2156220,ASSET-01242,Corrective,MOTOR-BURNOUT,61,313,000150001206
WO-2156221,ASSET-01242,Preventive,,0,,000150001206
WO-2156222,ASSET-01242,Corrective,DIE-WEAR,69,1011,000150001206
WO-2156223,ASSET-01243,Preventive,,0,,000150001207
WO-2156224,ASSET-01243,Preventive,,0,,000150001207
WO-2156225,ASSET-01243,Preventive,,0,,000150001207
WO-2156226,ASSET-01243,Preventive,,0,,000150001207
WO-2156227,ASSET-01243,Emergency,CONTROLLER-FAULT,482,661,000150001207
WO-2156228,ASSET-01243,Preventive,,0,,000150001207
WO-2156229,ASSET-01243,Preventive,,0,,000150001207
WO-2156230,ASSET-01243,Preventive,,0,,000150001207
WO-2156231,ASSET-01244,Preventive,,0,,000150001208
WO-2156232,ASSET-01244,Corrective,SENSOR-FAULT,50,1585,000150001208
WO-2156233,ASSET-01244,Corrective,DIE-WEAR,211,346,000150001208
WO-2156234,ASSET-01244,Corrective,MOTOR-BURNOUT,227,570,000150001208
WO-2156235,ASSET-01244,Preventive,,0,,000150001208
WO-2156236,ASSET-01244,Preventive,,0,,000150001208
WO-2156237,ASSET-01244,Corrective,SPINDLE-SEIZURE,239,1711,000150001208
WO-2156238,ASSET-01244,Preventive,,0,,000150001208
WO-2156239,ASSET-01245,Corrective,HYDRAULIC-LEAK,210,848,000150001209
WO-2156240,ASSET-01245,Preventive,,0,,000150001209
WO-2156241,ASSET-01245,Emergency,MOTOR-BURNOUT,302,1207,000150001209
WO-2156242,ASSET-01245,Preventive,,0,,000150001209
WO-2156243,ASSET-01245,Preventive,,0,,000150001209
WO-2156244,ASSET-01246,Preventive,,0,,000150001210
WO-2156245,ASSET-01246,Corrective,SPINDLE-SEIZURE,193,1090,000150001210
WO-2156246,ASSET-01247,Preventive,,0,,000150001211
WO-2156247,ASSET-01247,Corrective,BELT-FAILURE,33,1799,000150001211
WO-2156248,ASSET-01247,Preventive,,0,,000150001211
WO-2156249,ASSET-01247,Preventive,,0,,000150001211
WO-2156250,ASSET-01248,Preventive,,0,,000150001212
WO-2156251,ASSET-01248,Preventive,,0,,000150001212
WO-2156252,ASSET-01248,Corrective,BELT-FAILURE,114,933,000150001212
WO-2156253,ASSET-01248,Preventive,,0,,000150001212
WO-2156254,ASSET-01248,Emergency,CONTROLLER-FAULT,524,1178,000150001212
WO-2156255,ASSET-01248,Corrective,MOTOR-BURNOUT,49,824,000150001212
WO-2156256,ASSET-01248,Preventive,,0,,000150001212
WO-2156257,ASSET-01248,Emergency,PNEUMATIC-LEAK,387,733,000150001212
WO-2156258,ASSET-01249,Corrective,DIE-WEAR,229,591,000150001213
WO-2156259,ASSET-01249,Preventive,,0,,000150001213
WO-2156260,ASSET-01249,Preventive,,0,,000150001213
WO-2156261,ASSET-01249,Corrective,BELT-FAILURE,185,379,000150001213
WO-2156262,ASSET-01249,Preventive,,0,,000150001213
WO-2156263,ASSET-01249,Corrective,SPINDLE-SEIZURE,168,1595,000150001213
WO-2156264,ASSET-01249,Preventive,,0,,000150001213
WO-2156265,ASSET-01250,Corrective,BEARING-FAILURE,205,1133,000150001214
WO-2156266,ASSET-01250,Preventive,,0,,000150001214
WO-2156267,ASSET-01250,Emergency,DIE-WEAR,368,971,000150001214
WO-2156268,ASSET-01250,Preventive,,0,,000150001214
WO-2156269,ASSET-01250,Corrective,DIE-WEAR,44,709,000150001214
WO-2156270,ASSET-01251,Preventive,,0,,000150001215
WO-2156271,ASSET-01251,Preventive,,0,,000150001215
WO-2156272,ASSET-01252,Preventive,,0,,000150001216
WO-2156273,ASSET-01252,Corrective,SENSOR-FAULT,74,1598,000150001216
WO-2156274,ASSET-01252,Preventive,,0,,000150001216
WO-2156275,ASSET-01252,Corrective,HYDRAULIC-LEAK,151,1165,000150001216
WO-2156276,ASSET-01253,Preventive,,0,,000150001217
WO-2156277,ASSET-01253,Preventive,,0,,000150001217
WO-2156278,ASSET-01253,Corrective,MOTOR-BURNOUT,91,1792,000150001217
WO-2156279,ASSET-01254,Preventive,,0,,000150001218
WO-2156280,ASSET-01254,Corrective,CALIBRATION-DRIFT,30,1818,000150001218
WO-2156281,ASSET-01254,Corrective,CONTROLLER-FAULT,146,1500,000150001218
WO-2156282,ASSET-01254,Preventive,,0,,000150001218
WO-2156283,ASSET-01254,Preventive,,0,,000150001218
WO-2156284,ASSET-01255,Preventive,,0,,000150001219
WO-2156285,ASSET-01255,Corrective,BELT-FAILURE,63,904,000150001219
WO-2156286,ASSET-01255,Preventive,,0,,000150001219
WO-2156287,ASSET-01255,Preventive,,0,,000150001219
WO-2156288,ASSET-01255,Preventive,,0,,000150001219
WO-2156289,ASSET-01256,Corrective,CONTROLLER-FAULT,133,711,000150001220
WO-2156290,ASSET-01256,Emergency,BELT-FAILURE,278,1330,000150001220
WO-2156291,ASSET-01257,Preventive,,0,,000150001221
WO-2156292,ASSET-01257,Preventive,,0,,000150001221
WO-2156293,ASSET-01257,Preventive,,0,,000150001221
WO-2156294,ASSET-01257,Preventive,,0,,000150001221
WO-2156295,ASSET-01257,Preventive,,0,,000150001221
WO-2156296,ASSET-01257,Preventive,,0,,000150001221
WO-2156297,ASSET-01257,Corrective,BEARING-FAILURE,35,311,000150001221
WO-2156298,ASSET-01257,Preventive,,0,,000150001221
WO-2156299,ASSET-01257,Preventive,,0,,000150001221
WO-2156300,ASSET-01257,Emergency,PNEUMATIC-LEAK,465,217,000150001221
WO-2156301,ASSET-01258,Preventive,,0,,000150001222
WO-2156302,ASSET-01258,Preventive,,0,,000150001222
WO-2156303,ASSET-01259,Preventive,,0,,000150001223
WO-2156304,ASSET-01259,Preventive,,0,,000150001223
WO-2156305,ASSET-01259,Preventive,,0,,000150001223
WO-2156306,ASSET-01259,Preventive,,0,,000150001223
WO-2156307,ASSET-01259,Corrective,PNEUMATIC-LEAK,133,1439,000150001223
WO-2156308,ASSET-01260,Corrective,DIE-WEAR,152,1632,000150001224
WO-2156309,ASSET-01260,Corrective,BEARING-FAILURE,144,1137,000150001224
WO-2156310,ASSET-01260,Corrective,BELT-FAILURE,36,1108,000150001224
WO-2156311,ASSET-01260,Preventive,,0,,000150001224
WO-2156312,ASSET-01260,Preventive,,0,,000150001224
WO-2156313,ASSET-01261,Corrective,CALIBRATION-DRIFT,232,1196,000150001225
WO-2156314,ASSET-01261,Preventive,,0,,000150001225
WO-2156315,ASSET-01261,Corrective,SPINDLE-SEIZURE,110,1423,000150001225
WO-2156316,ASSET-01261,Preventive,,0,,000150001225
WO-2156317,ASSET-01261,Preventive,,0,,000150001225
WO-2156318,ASSET-01262,Preventive,,0,,000150001226
WO-2156319,ASSET-01262,Preventive,,0,,000150001226
WO-2156320,ASSET-01262,Preventive,,0,,000150001226
WO-2156321,ASSET-01262,Corrective,CALIBRATION-DRIFT,235,540,000150001226
WO-2156322,ASSET-01263,Preventive,,0,,000150001227
WO-2156323,ASSET-01263,Preventive,,0,,000150001227
WO-2156324,ASSET-01263,Preventive,,0,,000150001227
WO-2156325,ASSET-01263,Emergency,PNEUMATIC-LEAK,155,1266,000150001227
WO-2156326,ASSET-01263,Preventive,,0,,000150001227
WO-2156327,ASSET-01263,Corrective,CALIBRATION-DRIFT,161,1685,000150001227
WO-2156328,ASSET-01263,Preventive,,0,,000150001227
WO-2156329,ASSET-01263,Corrective,PNEUMATIC-LEAK,121,1597,000150001227
WO-2156330,ASSET-01264,Preventive,,0,,000150001228
WO-2156331,ASSET-01264,Preventive,,0,,000150001228
WO-2156332,ASSET-01264,Preventive,,0,,000150001228
WO-2156333,ASSET-01265,Preventive,,0,,000150001229
WO-2156334,ASSET-01265,Corrective,CALIBRATION-DRIFT,153,1165,000150001229
WO-2156335,ASSET-01265,Emergency,BEARING-FAILURE,373,499,000150001229
WO-2156336,ASSET-01265,Preventive,,0,,000150001229
WO-2156337,ASSET-01265,Preventive,,0,,000150001229
WO-2156338,ASSET-01265,Corrective,DIE-WEAR,209,1633,000150001229
WO-2156339,ASSET-01265,Preventive,,0,,000150001229
WO-2156340,ASSET-01265,Corrective,PNEUMATIC-LEAK,155,1691,000150001229
WO-2156341,ASSET-01266,Preventive,,0,,000150001230
WO-2156342,ASSET-01266,Emergency,SENSOR-FAULT,198,1337,000150001230
WO-2156343,ASSET-01266,Corrective,HYDRAULIC-LEAK,168,311,000150001230
WO-2156344,ASSET-01266,Emergency,BELT-FAILURE,509,1364,000150001230
WO-2156345,ASSET-01266,Preventive,,0,,000150001230
