OrderRef,EquipID,Type,DowntimeMinutes,MTBFHours,LinkedAssetRef
WO-2020001,ASSET-00001,Preventive,0,,000020000001
WO-2020002,ASSET-00001,Preventive,0,,000020000001
WO-2020003,ASSET-00001,Emergency,376,1255,000020000001
WO-2020004,ASSET-00001,Emergency,231,1091,000020000001
WO-2020005,ASSET-00001,Corrective,180,1644,000020000001
WO-2020006,ASSET-00001,Emergency,292,1654,000020000001
WO-2020007,ASSET-00002,Preventive,0,,000020000002
WO-2020008,ASSET-00002,Preventive,0,,000020000002
WO-2020009,ASSET-00002,Corrective,162,1656,000020000002
WO-2020010,ASSET-00002,Preventive,0,,000020000002
WO-2020011,ASSET-00003,Corrective,126,636,000020000003
WO-2020012,ASSET-00003,Corrective,138,1606,000020000003
WO-2020013,ASSET-00003,Emergency,162,1879,000020000003
WO-2020014,ASSET-00003,Corrective,63,299,000020000003
WO-2020015,ASSET-00003,Corrective,49,1364,000020000003
WO-2020016,ASSET-00004,Preventive,0,,000020000004
WO-2020017,ASSET-00004,Preventive,0,,000020000004
WO-2020018,ASSET-00004,Preventive,0,,000020000004
WO-2020019,ASSET-00004,Emergency,542,1434,000020000004
WO-2020020,ASSET-00004,Preventive,0,,000020000004
WO-2020021,ASSET-00004,Preventive,0,,000020000004
WO-2020022,ASSET-00005,Corrective,47,1521,000020000005
WO-2020023,ASSET-00005,Preventive,0,,000020000005
WO-2020024,ASSET-00005,Preventive,0,,000020000005
WO-2020025,ASSET-00005,Preventive,0,,000020000005
WO-2020026,ASSET-00005,Preventive,0,,000020000005
WO-2020027,ASSET-00006,Preventive,0,,000020000006
WO-2020028,ASSET-00006,Corrective,115,1678,000020000006
WO-2020029,ASSET-00006,Emergency,253,817,000020000006
WO-2020030,ASSET-00006,Preventive,0,,000020000006
WO-2020031,ASSET-00006,Preventive,0,,000020000006
WO-2020032,ASSET-00006,Preventive,0,,000020000006
WO-2020033,ASSET-00006,Preventive,0,,000020000006
WO-2020034,ASSET-00007,Corrective,203,1025,000020000007
WO-2020035,ASSET-00007,Corrective,43,1798,000020000007
WO-2020036,ASSET-00007,Corrective,214,913,000020000007
WO-2020037,ASSET-00007,Preventive,0,,000020000007
WO-2020038,ASSET-00007,Preventive,0,,000020000007
WO-2020039,ASSET-00007,Preventive,0,,000020000007
WO-2020040,ASSET-00008,Corrective,193,680,000020000008
WO-2020041,ASSET-00008,Preventive,0,,000020000008
WO-2020042,ASSET-00008,Preventive,0,,000020000008
WO-2020043,ASSET-00008,Corrective,213,437,000020000008
WO-2020044,ASSET-00008,Corrective,123,1589,000020000008
WO-2020045,ASSET-00008,Preventive,0,,000020000008
WO-2020046,ASSET-00008,Corrective,198,602,000020000008
WO-2020047,ASSET-00009,Corrective,103,1115,000020000009
WO-2020048,ASSET-00009,Corrective,161,1846,000020000009
WO-2020049,ASSET-00009,Corrective,116,1753,000020000009
WO-2020050,ASSET-00010,Emergency,187,1471,
WO-2020051,ASSET-00010,Preventive,0,,
WO-2020052,ASSET-00010,Preventive,0,,
WO-2020053,ASSET-00011,Preventive,0,,000020000010
WO-2020054,ASSET-00011,Preventive,0,,000020000010
WO-2020055,ASSET-00011,Corrective,192,539,000020000010
WO-2020056,ASSET-00011,Preventive,0,,000020000010
WO-2020057,ASSET-00012,Corrective,218,1398,000020000011
WO-2020058,ASSET-00012,Emergency,439,609,000020000011
WO-2020059,ASSET-00012,Preventive,0,,000020000011
WO-2020060,ASSET-00012,Preventive,0,,000020000011
WO-2020061,ASSET-00013,Preventive,0,,000020000012
WO-2020062,ASSET-00013,Preventive,0,,000020000012
WO-2020063,ASSET-00013,Preventive,0,,000020000012
WO-2020064,ASSET-00013,Preventive,0,,000020000012
WO-2020065,ASSET-00013,Preventive,0,,000020000012
WO-2020066,ASSET-00013,Corrective,71,1743,000020000012
WO-2020067,ASSET-00014,Preventive,0,,000020000013
WO-2020068,ASSET-00014,Preventive,0,,000020000013
WO-2020069,ASSET-00014,Emergency,211,861,000020000013
WO-2020070,ASSET-00015,Preventive,0,,000020000014
WO-2020071,ASSET-00015,Emergency,472,631,000020000014
WO-2020072,ASSET-00015,Preventive,0,,000020000014
WO-2020073,ASSET-00015,Preventive,0,,000020000014
WO-2020074,ASSET-00015,Corrective,61,822,000020000014
WO-2020075,ASSET-00016,Corrective,135,1048,000020000015
WO-2020076,ASSET-00016,Preventive,0,,000020000015
WO-2020077,ASSET-00016,Corrective,35,878,000020000015
WO-2020078,ASSET-00016,Preventive,0,,000020000015
WO-2020079,ASSET-00016,Corrective,53,1396,000020000015
WO-2020080,ASSET-00017,Corrective,129,228,000020000016
WO-2020081,ASSET-00017,Preventive,0,,000020000016
WO-2020082,ASSET-00017,Preventive,0,,000020000016
WO-2020083,ASSET-00017,Preventive,0,,000020000016
WO-2020084,ASSET-00017,Corrective,226,207,000020000016
WO-2020085,ASSET-00017,Preventive,0,,000020000016
WO-2020086,ASSET-00018,Corrective,84,1603,000020000017
WO-2020087,ASSET-00018,Corrective,230,1191,000020000017
WO-2020088,ASSET-00019,Corrective,217,934,000020000018
WO-2020089,ASSET-00019,Preventive,0,,000020000018
WO-2020090,ASSET-00019,Preventive,0,,000020000018
WO-2020091,ASSET-00019,Preventive,0,,000020000018
WO-2020092,ASSET-00020,Preventive,0,,000020000019
WO-2020093,ASSET-00020,Preventive,0,,000020000019
WO-2020094,ASSET-00020,Preventive,0,,000020000019
WO-2020095,ASSET-00020,Corrective,130,478,000020000019
WO-2020096,ASSET-00020,Preventive,0,,000020000019
WO-2020097,ASSET-00020,Preventive,0,,000020000019
WO-2020098,ASSET-00021,Preventive,0,,000020000020
WO-2020099,ASSET-00021,Corrective,121,1335,000020000020
WO-2020100,ASSET-00021,Preventive,0,,000020000020
WO-2020101,ASSET-00021,Preventive,0,,000020000020
WO-2020102,ASSET-00021,Preventive,0,,000020000020
WO-2020103,ASSET-00022,Preventive,0,,000020000021
WO-2020104,ASSET-00022,Preventive,0,,000020000021
WO-2020105,ASSET-00022,Preventive,0,,000020000021
WO-2020106,ASSET-00022,Emergency,234,573,000020000021
WO-2020107,ASSET-00022,Emergency,245,1201,000020000021
WO-2020108,ASSET-00023,Corrective,211,735,000020000022
WO-2020109,ASSET-00023,Preventive,0,,000020000022
WO-2020110,ASSET-00023,Corrective,189,587,000020000022
WO-2020111,ASSET-00023,Preventive,0,,000020000022
WO-2020112,ASSET-00024,Corrective,181,1927,000020000023
WO-2020113,ASSET-00024,Corrective,32,956,000020000023
WO-2020114,ASSET-00024,Corrective,77,633,000020000023
WO-2020115,ASSET-00024,Preventive,0,,000020000023
WO-2020116,ASSET-00024,Corrective,175,317,000020000023
WO-2020117,ASSET-00025,Preventive,0,,000020000024
WO-2020118,ASSET-00025,Preventive,0,,000020000024
WO-2020119,ASSET-00025,Corrective,179,711,000020000024
WO-2020120,ASSET-00026,Corrective,131,1761,000020000025
WO-2020121,ASSET-00026,Preventive,0,,000020000025
WO-2020122,ASSET-00026,Preventive,0,,000020000025
WO-2020123,ASSET-00026,Preventive,0,,000020000025
WO-2020124,ASSET-00026,Emergency,583,1754,000020000025
WO-2020125,ASSET-00027,Preventive,0,,000020000026
WO-2020126,ASSET-00027,Corrective,65,1471,000020000026
WO-2020127,ASSET-00027,Preventive,0,,000020000026
WO-2020128,ASSET-00027,Corrective,94,677,000020000026
WO-2020129,ASSET-00027,Corrective,60,1569,000020000026
WO-2020130,ASSET-00027,Preventive,0,,000020000026
WO-2020131,ASSET-00027,Preventive,0,,000020000026
WO-2020132,ASSET-00028,Preventive,0,,000020000027
WO-2020133,ASSET-00028,Emergency,484,1179,000020000027
WO-2020134,ASSET-00028,Preventive,0,,000020000027
WO-2020135,ASSET-00029,Corrective,233,1336,
WO-2020136,ASSET-00029,Preventive,0,,
WO-2020137,ASSET-00029,Corrective,86,1197,
WO-2020138,ASSET-00030,Corrective,147,1977,000020000028
WO-2020139,ASSET-00030,Corrective,106,1318,000020000028
WO-2020140,ASSET-00030,Preventive,0,,000020000028
WO-2020141,ASSET-00030,Emergency,258,1950,000020000028
WO-2020142,ASSET-00030,Preventive,0,,000020000028
WO-2020143,ASSET-00031,Corrective,135,1240,000020000029
WO-2020144,ASSET-00031,Emergency,524,1582,000020000029
WO-2020145,ASSET-00031,Corrective,55,211,000020000029
WO-2020146,ASSET-00031,Preventive,0,,000020000029
WO-2020147,ASSET-00031,Corrective,100,1998,000020000029
WO-2020148,ASSET-00031,Corrective,171,1119,000020000029
WO-2020149,ASSET-00031,Corrective,125,1950,000020000029
WO-2020150,ASSET-00031,Corrective,97,495,000020000029
WO-2020151,ASSET-00032,Corrective,149,845,000020000030
WO-2020152,ASSET-00032,Preventive,0,,000020000030
WO-2020153,ASSET-00032,Corrective,195,1799,000020000030
WO-2020154,ASSET-00033,Preventive,0,,000020000031
WO-2020155,ASSET-00033,Preventive,0,,000020000031
WO-2020156,ASSET-00033,Preventive,0,,000020000031
WO-2020157,ASSET-00034,Emergency,205,1142,
WO-2020158,ASSET-00034,Corrective,236,973,
WO-2020159,ASSET-00034,Preventive,0,,
WO-2020160,ASSET-00034,Preventive,0,,
WO-2020161,ASSET-00035,Corrective,185,516,000020000032
WO-2020162,ASSET-00035,Preventive,0,,000020000032
WO-2020163,ASSET-00035,Corrective,35,1483,000020000032
WO-2020164,ASSET-00035,Preventive,0,,000020000032
WO-2020165,ASSET-00035,Corrective,78,372,000020000032
WO-2020166,ASSET-00035,Preventive,0,,000020000032
WO-2020167,ASSET-00036,Emergency,162,1416,000020000033
WO-2020168,ASSET-00036,Emergency,321,1602,000020000033
WO-2020169,ASSET-00036,Preventive,0,,000020000033
WO-2020170,ASSET-00036,Preventive,0,,000020000033
WO-2020171,ASSET-00036,Preventive,0,,000020000033
WO-2020172,ASSET-00036,Preventive,0,,000020000033
WO-2020173,ASSET-00037,Corrective,225,1057,000020000034
WO-2020174,ASSET-00037,Preventive,0,,000020000034
WO-2020175,ASSET-00037,Corrective,98,1362,000020000034
WO-2020176,ASSET-00037,Preventive,0,,000020000034
WO-2020177,ASSET-00037,Corrective,138,600,000020000034
WO-2020178,ASSET-00037,Preventive,0,,000020000034
WO-2020179,ASSET-00038,Preventive,0,,000020000035
WO-2020180,ASSET-00038,Corrective,174,1953,000020000035
WO-2020181,ASSET-00038,Corrective,98,1812,000020000035
WO-2020182,ASSET-00038,Emergency,251,1968,000020000035
WO-2020183,ASSET-00038,Preventive,0,,000020000035
WO-2020184,ASSET-00038,Preventive,0,,000020000035
WO-2020185,ASSET-00038,Preventive,0,,000020000035
WO-2020186,ASSET-00038,Corrective,97,1439,000020000035
WO-2020187,ASSET-00038,Corrective,236,597,000020000035
WO-2020188,ASSET-00038,Emergency,108,422,000020000035
WO-2020189,ASSET-00039,Preventive,0,,000020000036
WO-2020190,ASSET-00039,Emergency,98,1736,000020000036
WO-2020191,ASSET-00039,Preventive,0,,000020000036
WO-2020192,ASSET-00039,Corrective,142,1622,000020000036
WO-2020193,ASSET-00039,Preventive,0,,000020000036
WO-2020194,ASSET-00039,Corrective,135,1103,000020000036
WO-2020195,ASSET-00039,Corrective,222,675,000020000036
WO-2020196,ASSET-00040,Corrective,106,493,000020000037
WO-2020197,ASSET-00040,Corrective,115,1291,000020000037
WO-2020198,ASSET-00040,Emergency,597,1819,000020000037
WO-2020199,ASSET-00041,Preventive,0,,000020000038
WO-2020200,ASSET-00041,Preventive,0,,000020000038
WO-2020201,ASSET-00041,Preventive,0,,000020000038
WO-2020202,ASSET-00041,Preventive,0,,000020000038
WO-2020203,ASSET-00041,Preventive,0,,000020000038
WO-2020204,ASSET-00041,Preventive,0,,000020000038
WO-2020205,ASSET-00042,Corrective,92,227,000020000039
WO-2020206,ASSET-00042,Corrective,134,1793,000020000039
WO-2020207,ASSET-00042,Preventive,0,,000020000039
WO-2020208,ASSET-00042,Corrective,85,1078,000020000039
WO-2020209,ASSET-00043,Preventive,0,,000020000040
WO-2020210,ASSET-00043,Preventive,0,,000020000040
WO-2020211,ASSET-00043,Corrective,147,1292,000020000040
WO-2020212,ASSET-00044,Preventive,0,,
WO-2020213,ASSET-00044,Preventive,0,,
WO-2020214,ASSET-00044,Preventive,0,,
WO-2020215,ASSET-00044,Emergency,438,1593,
WO-2020216,ASSET-00044,Preventive,0,,
WO-2020217,ASSET-00044,Corrective,126,704,
WO-2020218,ASSET-00044,Preventive,0,,
WO-2020219,ASSET-00044,Corrective,65,1204,
WO-2020220,ASSET-00044,Preventive,0,,
WO-2020221,ASSET-00044,Preventive,0,,
WO-2020222,ASSET-00044,Preventive,0,,
WO-2020223,ASSET-00045,Corrective,30,1767,000020000041
WO-2020224,ASSET-00045,Corrective,86,1258,000020000041
WO-2020225,ASSET-00045,Corrective,151,1178,000020000041
WO-2020226,ASSET-00045,Corrective,170,1489,000020000041
WO-2020227,ASSET-00046,Corrective,147,213,000020000042
WO-2020228,ASSET-00046,Preventive,0,,000020000042
WO-2020229,ASSET-00046,Preventive,0,,000020000042
WO-2020230,ASSET-00047,Corrective,216,1992,000020000043
WO-2020231,ASSET-00047,Preventive,0,,000020000043
WO-2020232,ASSET-00047,Preventive,0,,000020000043
WO-2020233,ASSET-00047,Emergency,526,437,000020000043
WO-2020234,ASSET-00047,Corrective,84,1721,000020000043
WO-2020235,ASSET-00047,Corrective,216,1327,000020000043
WO-2020236,ASSET-00047,Preventive,0,,000020000043
WO-2020237,ASSET-00047,Preventive,0,,000020000043
WO-2020238,ASSET-00047,Preventive,0,,000020000043
WO-2020239,ASSET-00048,Preventive,0,,000020000044
WO-2020240,ASSET-00048,Preventive,0,,000020000044
WO-2020241,ASSET-00048,Corrective,210,1251,000020000044
WO-2020242,ASSET-00048,Emergency,501,1896,000020000044
WO-2020243,ASSET-00048,Preventive,0,,000020000044
WO-2020244,ASSET-00048,Corrective,112,1878,000020000044
WO-2020245,ASSET-00048,Corrective,167,1498,000020000044
WO-2020246,ASSET-00049,Preventive,0,,000020000045
WO-2020247,ASSET-00049,Corrective,127,463,000020000045
WO-2020248,ASSET-00049,Corrective,34,364,000020000045
WO-2020249,ASSET-00049,Corrective,200,285,000020000045
WO-2020250,ASSET-00049,Preventive,0,,000020000045
WO-2020251,ASSET-00049,Preventive,0,,000020000045
WO-2020252,ASSET-00049,Preventive,0,,000020000045
WO-2020253,ASSET-00050,Corrective,66,1101,000020000046
WO-2020254,ASSET-00050,Preventive,0,,000020000046
WO-2020255,ASSET-00050,Preventive,0,,000020000046
WO-2020256,ASSET-00051,Preventive,0,,000020000047
WO-2020257,ASSET-00051,Emergency,356,366,000020000047
WO-2020258,ASSET-00051,Preventive,0,,000020000047
WO-2020259,ASSET-00051,Preventive,0,,000020000047
WO-2020260,ASSET-00051,Corrective,201,1084,000020000047
WO-2020261,ASSET-00052,Corrective,89,849,000020000048
WO-2020262,ASSET-00052,Preventive,0,,000020000048
WO-2020263,ASSET-00052,Emergency,595,1750,000020000048
WO-2020264,ASSET-00052,Preventive,0,,000020000048
WO-2020265,ASSET-00052,Preventive,0,,000020000048
WO-2020266,ASSET-00053,Corrective,206,674,000020000049
WO-2020267,ASSET-00053,Emergency,96,925,000020000049
WO-2020268,ASSET-00053,Preventive,0,,000020000049
WO-2020269,ASSET-00053,Preventive,0,,000020000049
WO-2020270,ASSET-00054,Preventive,0,,000020000050
WO-2020271,ASSET-00054,Corrective,117,755,000020000050
WO-2020272,ASSET-00054,Corrective,188,1503,000020000050
WO-2020273,ASSET-00054,Corrective,40,1303,000020000050
WO-2020274,ASSET-00054,Preventive,0,,000020000050
WO-2020275,ASSET-00054,Corrective,50,1755,000020000050
WO-2020276,ASSET-00054,Corrective,208,1100,000020000050
WO-2020277,ASSET-00054,Corrective,114,224,000020000050
WO-2020278,ASSET-00054,Emergency,499,1587,000020000050
WO-2020279,ASSET-00054,Corrective,38,599,000020000050
WO-2020280,ASSET-00055,Corrective,223,902,000020000051
WO-2020281,ASSET-00055,Preventive,0,,000020000051
WO-2020282,ASSET-00055,Corrective,56,951,000020000051
WO-2020283,ASSET-00055,Emergency,433,1831,000020000051
WO-2020284,ASSET-00055,Preventive,0,,000020000051
WO-2020285,ASSET-00055,Preventive,0,,000020000051
WO-2020286,ASSET-00056,Corrective,65,487,000020000052
WO-2020287,ASSET-00056,Preventive,0,,000020000052
WO-2020288,ASSET-00056,Preventive,0,,000020000052
WO-2020289,ASSET-00057,Corrective,211,859,000020000053
WO-2020290,ASSET-00057,Preventive,0,,000020000053
WO-2020291,ASSET-00057,Emergency,488,1552,000020000053
WO-2020292,ASSET-00057,Corrective,214,1802,000020000053
WO-2020293,ASSET-00057,Preventive,0,,000020000053
WO-2020294,ASSET-00058,Preventive,0,,000020000054
WO-2020295,ASSET-00058,Preventive,0,,000020000054
WO-2020296,ASSET-00058,Corrective,75,1488,000020000054
WO-2020297,ASSET-00058,Preventive,0,,000020000054
WO-2020298,ASSET-00058,Corrective,96,730,000020000054
WO-2020299,ASSET-00059,Corrective,157,1635,000020000055
WO-2020300,ASSET-00059,Preventive,0,,000020000055
WO-2020301,ASSET-00059,Preventive,0,,000020000055
WO-2020302,ASSET-00059,Emergency,581,938,000020000055
WO-2020303,ASSET-00059,Emergency,292,1839,000020000055
WO-2020304,ASSET-00059,Preventive,0,,000020000055
WO-2020305,ASSET-00059,Corrective,65,946,000020000055
WO-2020306,ASSET-00059,Preventive,0,,000020000055
WO-2020307,ASSET-00060,Corrective,31,896,000020000056
WO-2020308,ASSET-00060,Corrective,133,1622,000020000056
WO-2020309,ASSET-00060,Preventive,0,,000020000056
WO-2020310,ASSET-00060,Preventive,0,,000020000056
WO-2020311,ASSET-00061,Corrective,30,689,000020000057
WO-2020312,ASSET-00061,Corrective,31,1537,000020000057
WO-2020313,ASSET-00061,Preventive,0,,000020000057
WO-2020314,ASSET-00061,Preventive,0,,000020000057
WO-2020315,ASSET-00062,Preventive,0,,000020000058
WO-2020316,ASSET-00062,Preventive,0,,000020000058
WO-2020317,ASSET-00062,Preventive,0,,000020000058
WO-2020318,ASSET-00062,Preventive,0,,000020000058
WO-2020319,ASSET-00062,Emergency,290,660,000020000058
WO-2020320,ASSET-00062,Preventive,0,,000020000058
WO-2020321,ASSET-00062,Preventive,0,,000020000058
WO-2020322,ASSET-00062,Preventive,0,,000020000058
WO-2020323,ASSET-00062,Corrective,133,811,000020000058
WO-2020324,ASSET-00063,Preventive,0,,000020000059
WO-2020325,ASSET-00063,Preventive,0,,000020000059
WO-2020326,ASSET-00063,Preventive,0,,000020000059
WO-2020327,ASSET-00063,Preventive,0,,000020000059
WO-2020328,ASSET-00063,Preventive,0,,000020000059
WO-2020329,ASSET-00063,Preventive,0,,000020000059
WO-2020330,ASSET-00063,Preventive,0,,000020000059
WO-2020331,ASSET-00063,Preventive,0,,000020000059
WO-2020332,ASSET-00063,Preventive,0,,000020000059
WO-2020333,ASSET-00064,Preventive,0,,
WO-2020334,ASSET-00064,Corrective,233,1301,
WO-2020335,ASSET-00064,Emergency,573,863,
WO-2020336,ASSET-00065,Preventive,0,,000020000060
WO-2020337,ASSET-00065,Corrective,154,1319,000020000060
WO-2020338,ASSET-00065,Preventive,0,,000020000060
WO-2020339,ASSET-00065,Corrective,124,1457,000020000060
WO-2020340,ASSET-00065,Preventive,0,,000020000060
WO-2020341,ASSET-00065,Preventive,0,,000020000060
WO-2020342,ASSET-00065,Preventive,0,,000020000060
WO-2020343,ASSET-00066,Emergency,587,857,000020000061
WO-2020344,ASSET-00066,Preventive,0,,000020000061
WO-2020345,ASSET-00066,Emergency,259,1340,000020000061
WO-2020346,ASSET-00067,Corrective,107,742,000020000062
WO-2020347,ASSET-00067,Corrective,67,920,000020000062
WO-2020348,ASSET-00067,Corrective,226,1043,000020000062
WO-2020349,ASSET-00067,Preventive,0,,000020000062
WO-2020350,ASSET-00067,Preventive,0,,000020000062
WO-2020351,ASSET-00067,Preventive,0,,000020000062
WO-2020352,ASSET-00068,Corrective,66,918,000020000063
WO-2020353,ASSET-00068,Corrective,97,1724,000020000063
WO-2020354,ASSET-00069,Emergency,475,1062,000020000064
WO-2020355,ASSET-00069,Emergency,263,481,000020000064
WO-2020356,ASSET-00069,Corrective,67,1591,000020000064
WO-2020357,ASSET-00069,Corrective,71,894,000020000064
WO-2020358,ASSET-00069,Preventive,0,,000020000064
WO-2020359,ASSET-00070,Emergency,189,734,
WO-2020360,ASSET-00070,Preventive,0,,
WO-2020361,ASSET-00070,Emergency,589,960,
WO-2020362,ASSET-00070,Corrective,86,530,
WO-2020363,ASSET-00070,Preventive,0,,
WO-2020364,ASSET-00070,Corrective,123,1036,
WO-2020365,ASSET-00070,Preventive,0,,
WO-2020366,ASSET-00070,Preventive,0,,
WO-2020367,ASSET-00070,Preventive,0,,
WO-2020368,ASSET-00071,Emergency,436,1229,000020000065
WO-2020369,ASSET-00071,Preventive,0,,000020000065
WO-2020370,ASSET-00071,Corrective,158,1846,000020000065
WO-2020371,ASSET-00071,Corrective,64,1375,000020000065
WO-2020372,ASSET-00072,Corrective,102,500,
WO-2020373,ASSET-00072,Corrective,179,565,
WO-2020374,ASSET-00073,Corrective,188,1310,
WO-2020375,ASSET-00073,Preventive,0,,
WO-2020376,ASSET-00073,Emergency,422,683,
WO-2020377,ASSET-00074,Corrective,148,1539,000020000066
WO-2020378,ASSET-00074,Preventive,0,,000020000066
WO-2020379,ASSET-00075,Preventive,0,,000020000067
WO-2020380,ASSET-00075,Preventive,0,,000020000067
WO-2020381,ASSET-00075,Corrective,76,1158,000020000067
WO-2020382,ASSET-00075,Preventive,0,,000020000067
WO-2020383,ASSET-00075,Preventive,0,,000020000067
WO-2020384,ASSET-00075,Preventive,0,,000020000067
WO-2020385,ASSET-00076,Corrective,95,430,000020000068
WO-2020386,ASSET-00076,Preventive,0,,000020000068
WO-2020387,ASSET-00077,Preventive,0,,000020000069
WO-2020388,ASSET-00077,Corrective,43,1246,000020000069
WO-2020389,ASSET-00077,Corrective,104,1670,000020000069
WO-2020390,ASSET-00077,Preventive,0,,000020000069
WO-2020391,ASSET-00077,Preventive,0,,000020000069
WO-2020392,ASSET-00077,Emergency,443,1282,000020000069
WO-2020393,ASSET-00077,Preventive,0,,000020000069
WO-2020394,ASSET-00077,Preventive,0,,000020000069
WO-2020395,ASSET-00078,Preventive,0,,000020000070
WO-2020396,ASSET-00078,Preventive,0,,000020000070
WO-2020397,ASSET-00078,Preventive,0,,000020000070
WO-2020398,ASSET-00078,Preventive,0,,000020000070
WO-2020399,ASSET-00078,Corrective,85,1797,000020000070
WO-2020400,ASSET-00079,Corrective,192,1297,000020000071
WO-2020401,ASSET-00079,Preventive,0,,000020000071
WO-2020402,ASSET-00079,Preventive,0,,000020000071
WO-2020403,ASSET-00080,Preventive,0,,000020000072
WO-2020404,ASSET-00080,Preventive,0,,000020000072
WO-2020405,ASSET-00080,Preventive,0,,000020000072
WO-2020406,ASSET-00080,Preventive,0,,000020000072
WO-2020407,ASSET-00081,Corrective,150,1586,000020000073
WO-2020408,ASSET-00081,Preventive,0,,000020000073
WO-2020409,ASSET-00081,Corrective,128,1057,000020000073
WO-2020410,ASSET-00081,Preventive,0,,000020000073
WO-2020411,ASSET-00081,Corrective,233,1635,000020000073
WO-2020412,ASSET-00081,Preventive,0,,000020000073
WO-2020413,ASSET-00082,Corrective,163,1717,000020000074
WO-2020414,ASSET-00082,Emergency,546,548,000020000074
WO-2020415,ASSET-00082,Preventive,0,,000020000074
WO-2020416,ASSET-00082,Corrective,175,911,000020000074
WO-2020417,ASSET-00082,Preventive,0,,000020000074
WO-2020418,ASSET-00083,Corrective,153,480,000020000075
WO-2020419,ASSET-00083,Corrective,139,1998,000020000075
WO-2020420,ASSET-00083,Preventive,0,,000020000075
WO-2020421,ASSET-00083,Preventive,0,,000020000075
WO-2020422,ASSET-00083,Preventive,0,,000020000075
WO-2020423,ASSET-00083,Preventive,0,,000020000075
WO-2020424,ASSET-00083,Emergency,169,661,000020000075
WO-2020425,ASSET-00084,Corrective,151,811,000020000076
WO-2020426,ASSET-00084,Preventive,0,,000020000076
WO-2020427,ASSET-00084,Preventive,0,,000020000076
WO-2020428,ASSET-00085,Corrective,80,1751,
WO-2020429,ASSET-00085,Preventive,0,,
WO-2020430,ASSET-00085,Corrective,69,1584,
WO-2020431,ASSET-00085,Preventive,0,,
WO-2020432,ASSET-00085,Corrective,153,896,
WO-2020433,ASSET-00086,Emergency,595,623,000020000077
WO-2020434,ASSET-00086,Preventive,0,,000020000077
WO-2020435,ASSET-00086,Corrective,219,425,000020000077
WO-2020436,ASSET-00086,Preventive,0,,000020000077
WO-2020437,ASSET-00086,Preventive,0,,000020000077
WO-2020438,ASSET-00087,Corrective,97,1175,000020000078
WO-2020439,ASSET-00087,Preventive,0,,000020000078
WO-2020440,ASSET-00087,Preventive,0,,000020000078
WO-2020441,ASSET-00087,Corrective,84,1412,000020000078
WO-2020442,ASSET-00088,Preventive,0,,000020000079
WO-2020443,ASSET-00088,Preventive,0,,000020000079
WO-2020444,ASSET-00088,Preventive,0,,000020000079
WO-2020445,ASSET-00088,Preventive,0,,000020000079
WO-2020446,ASSET-00088,Corrective,57,1656,000020000079
WO-2020447,ASSET-00088,Corrective,32,891,000020000079
WO-2020448,ASSET-00089,Preventive,0,,000020000080
WO-2020449,ASSET-00089,Preventive,0,,000020000080
WO-2020450,ASSET-00089,Preventive,0,,000020000080
WO-2020451,ASSET-00089,Preventive,0,,000020000080
WO-2020452,ASSET-00089,Corrective,172,784,000020000080
WO-2020453,ASSET-00089,Preventive,0,,000020000080
WO-2020454,ASSET-00089,Corrective,69,1141,000020000080
WO-2020455,ASSET-00089,Preventive,0,,000020000080
WO-2020456,ASSET-00090,Corrective,206,1866,000020000081
WO-2020457,ASSET-00090,Corrective,167,1478,000020000081
WO-2020458,ASSET-00090,Preventive,0,,000020000081
WO-2020459,ASSET-00091,Corrective,157,1124,000020000082
WO-2020460,ASSET-00091,Preventive,0,,000020000082
WO-2020461,ASSET-00091,Preventive,0,,000020000082
WO-2020462,ASSET-00092,Corrective,160,1074,000020000083
WO-2020463,ASSET-00092,Corrective,162,1973,000020000083
WO-2020464,ASSET-00092,Corrective,106,898,000020000083
WO-2020465,ASSET-00092,Corrective,144,1425,000020000083
WO-2020466,ASSET-00092,Preventive,0,,000020000083
WO-2020467,ASSET-00092,Corrective,78,1548,000020000083
WO-2020468,ASSET-00092,Preventive,0,,000020000083
WO-2020469,ASSET-00092,Emergency,190,502,000020000083
WO-2020470,ASSET-00093,Preventive,0,,000020000084
WO-2020471,ASSET-00093,Preventive,0,,000020000084
WO-2020472,ASSET-00093,Preventive,0,,000020000084
WO-2020473,ASSET-00093,Corrective,50,1958,000020000084
WO-2020474,ASSET-00094,Preventive,0,,000020000085
WO-2020475,ASSET-00094,Corrective,186,780,000020000085
WO-2020476,ASSET-00094,Corrective,133,980,000020000085
WO-2020477,ASSET-00094,Preventive,0,,000020000085
WO-2020478,ASSET-00095,Corrective,47,1527,000020000086
WO-2020479,ASSET-00095,Preventive,0,,000020000086
WO-2020480,ASSET-00095,Preventive,0,,000020000086
WO-2020481,ASSET-00095,Corrective,121,890,000020000086
WO-2020482,ASSET-00095,Corrective,88,917,000020000086
WO-2020483,ASSET-00096,Preventive,0,,000020000087
WO-2020484,ASSET-00096,Preventive,0,,000020000087
WO-2020485,ASSET-00097,Preventive,0,,000020000088
WO-2020486,ASSET-00097,Emergency,67,254,000020000088
WO-2020487,ASSET-00097,Preventive,0,,000020000088
WO-2020488,ASSET-00097,Corrective,157,689,000020000088
WO-2020489,ASSET-00097,Preventive,0,,000020000088
WO-2020490,ASSET-00098,Preventive,0,,000020000089
WO-2020491,ASSET-00098,Preventive,0,,000020000089
WO-2020492,ASSET-00098,Corrective,162,1922,000020000089
WO-2020493,ASSET-00099,Preventive,0,,000020000090
WO-2020494,ASSET-00099,Preventive,0,,000020000090
WO-2020495,ASSET-00099,Preventive,0,,000020000090
WO-2020496,ASSET-00099,Preventive,0,,000020000090
WO-2020497,ASSET-00099,Emergency,342,825,000020000090
WO-2020498,ASSET-00099,Preventive,0,,000020000090
WO-2020499,ASSET-00099,Preventive,0,,000020000090
WO-2020500,ASSET-00100,Preventive,0,,000020000091
WO-2020501,ASSET-00100,Emergency,254,944,000020000091
WO-2020502,ASSET-00100,Preventive,0,,000020000091
WO-2020503,ASSET-00100,Corrective,189,1731,000020000091
WO-2020504,ASSET-00100,Preventive,0,,000020000091
WO-2020505,ASSET-00101,Corrective,105,375,000020000092
WO-2020506,ASSET-00101,Preventive,0,,000020000092
WO-2020507,ASSET-00102,Corrective,93,708,000020000093
WO-2020508,ASSET-00102,Preventive,0,,000020000093
WO-2020509,ASSET-00102,Preventive,0,,000020000093
WO-2020510,ASSET-00103,Corrective,40,1245,000020000094
WO-2020511,ASSET-00103,Preventive,0,,000020000094
WO-2020512,ASSET-00104,Corrective,33,1525,000020000095
WO-2020513,ASSET-00104,Corrective,190,1839,000020000095
WO-2020514,ASSET-00104,Preventive,0,,000020000095
WO-2020515,ASSET-00104,Corrective,75,1281,000020000095
WO-2020516,ASSET-00104,Preventive,0,,000020000095
WO-2020517,ASSET-00104,Preventive,0,,000020000095
WO-2020518,ASSET-00104,Preventive,0,,000020000095
WO-2020519,ASSET-00105,Corrective,86,1559,000020000096
WO-2020520,ASSET-00105,Preventive,0,,000020000096
WO-2020521,ASSET-00105,Corrective,81,1640,000020000096
WO-2020522,ASSET-00105,Corrective,57,854,000020000096
WO-2020523,ASSET-00106,Corrective,199,495,000020000097
WO-2020524,ASSET-00106,Preventive,0,,000020000097
WO-2020525,ASSET-00106,Corrective,220,1801,000020000097
WO-2020526,ASSET-00106,Preventive,0,,000020000097
WO-2020527,ASSET-00106,Corrective,156,1320,000020000097
WO-2020528,ASSET-00106,Preventive,0,,000020000097
WO-2020529,ASSET-00107,Corrective,193,1267,000020000098
WO-2020530,ASSET-00107,Preventive,0,,000020000098
WO-2020531,ASSET-00107,Preventive,0,,000020000098
WO-2020532,ASSET-00107,Corrective,71,1505,000020000098
WO-2020533,ASSET-00108,Preventive,0,,000020000099
WO-2020534,ASSET-00108,Corrective,169,492,000020000099
WO-2020535,ASSET-00108,Preventive,0,,000020000099
WO-2020536,ASSET-00108,Corrective,125,1985,000020000099
WO-2020537,ASSET-00108,Preventive,0,,000020000099
WO-2020538,ASSET-00108,Corrective,178,1550,000020000099
WO-2020539,ASSET-00109,Corrective,195,1096,000020000100
WO-2020540,ASSET-00109,Corrective,208,1243,000020000100
WO-2020541,ASSET-00109,Preventive,0,,000020000100
WO-2020542,ASSET-00109,Emergency,254,538,000020000100
WO-2020543,ASSET-00109,Preventive,0,,000020000100
WO-2020544,ASSET-00110,Emergency,345,1785,000020000101
WO-2020545,ASSET-00110,Corrective,159,1401,000020000101
WO-2020546,ASSET-00110,Preventive,0,,000020000101
WO-2020547,ASSET-00110,Corrective,39,1876,000020000101
WO-2020548,ASSET-00110,Preventive,0,,000020000101
WO-2020549,ASSET-00111,Preventive,0,,000020000102
WO-2020550,ASSET-00111,Corrective,156,983,000020000102
WO-2020551,ASSET-00111,Preventive,0,,000020000102
WO-2020552,ASSET-00111,Emergency,152,231,000020000102
WO-2020553,ASSET-00111,Preventive,0,,000020000102
WO-2020554,ASSET-00111,Preventive,0,,000020000102
WO-2020555,ASSET-00112,Preventive,0,,000020000103
WO-2020556,ASSET-00112,Preventive,0,,000020000103
WO-2020557,ASSET-00112,Corrective,132,1793,000020000103
WO-2020558,ASSET-00112,Preventive,0,,000020000103
WO-2020559,ASSET-00113,Corrective,188,939,000020000104
WO-2020560,ASSET-00113,Corrective,98,1418,000020000104
WO-2020561,ASSET-00113,Corrective,240,662,000020000104
WO-2020562,ASSET-00113,Preventive,0,,000020000104
WO-2020563,ASSET-00113,Preventive,0,,000020000104
WO-2020564,ASSET-00113,Corrective,159,766,000020000104
WO-2020565,ASSET-00113,Corrective,235,1650,000020000104
WO-2020566,ASSET-00114,Corrective,139,1408,000020000105
WO-2020567,ASSET-00114,Corrective,190,522,000020000105
WO-2020568,ASSET-00114,Emergency,430,715,000020000105
WO-2020569,ASSET-00114,Preventive,0,,000020000105
WO-2020570,ASSET-00114,Emergency,332,783,000020000105
WO-2020571,ASSET-00114,Preventive,0,,000020000105
WO-2020572,ASSET-00114,Preventive,0,,000020000105
WO-2020573,ASSET-00115,Preventive,0,,000020000106
WO-2020574,ASSET-00115,Preventive,0,,000020000106
WO-2020575,ASSET-00115,Corrective,147,1512,000020000106
WO-2020576,ASSET-00115,Preventive,0,,000020000106
WO-2020577,ASSET-00115,Corrective,138,1548,000020000106
WO-2020578,ASSET-00115,Preventive,0,,000020000106
WO-2020579,ASSET-00115,Preventive,0,,000020000106
WO-2020580,ASSET-00116,Preventive,0,,000020000107
WO-2020581,ASSET-00116,Preventive,0,,000020000107
WO-2020582,ASSET-00116,Preventive,0,,000020000107
WO-2020583,ASSET-00116,Preventive,0,,000020000107
WO-2020584,ASSET-00117,Preventive,0,,000020000108
WO-2020585,ASSET-00117,Preventive,0,,000020000108
WO-2020586,ASSET-00117,Preventive,0,,000020000108
WO-2020587,ASSET-00117,Preventive,0,,000020000108
WO-2020588,ASSET-00117,Emergency,568,1986,000020000108
WO-2020589,ASSET-00117,Preventive,0,,000020000108
WO-2020590,ASSET-00117,Corrective,101,1635,000020000108
WO-2020591,ASSET-00117,Preventive,0,,000020000108
WO-2020592,ASSET-00117,Corrective,33,1098,000020000108
WO-2020593,ASSET-00118,Preventive,0,,000020000109
WO-2020594,ASSET-00118,Corrective,134,1268,000020000109
WO-2020595,ASSET-00118,Corrective,166,1218,000020000109
WO-2020596,ASSET-00118,Corrective,32,1880,000020000109
WO-2020597,ASSET-00118,Corrective,109,1939,000020000109
WO-2020598,ASSET-00119,Preventive,0,,000020000110
WO-2020599,ASSET-00119,Corrective,194,1247,000020000110
WO-2020600,ASSET-00119,Preventive,0,,000020000110
WO-2020601,ASSET-00119,Preventive,0,,000020000110
WO-2020602,ASSET-00120,Corrective,166,1462,000020000111
WO-2020603,ASSET-00120,Corrective,75,1020,000020000111
WO-2020604,ASSET-00120,Preventive,0,,000020000111
WO-2020605,ASSET-00120,Preventive,0,,000020000111
WO-2020606,ASSET-00120,Preventive,0,,000020000111
WO-2020607,ASSET-00120,Corrective,200,1112,000020000111
WO-2020608,ASSET-00120,Emergency,148,1772,000020000111
WO-2020609,ASSET-00120,Corrective,144,592,000020000111
WO-2020610,ASSET-00120,Preventive,0,,000020000111
WO-2020611,ASSET-00120,Preventive,0,,000020000111
WO-2020612,ASSET-00121,Preventive,0,,000020000112
WO-2020613,ASSET-00121,Preventive,0,,000020000112
WO-2020614,ASSET-00121,Corrective,39,1779,000020000112
WO-2020615,ASSET-00121,Preventive,0,,000020000112
WO-2020616,ASSET-00121,Corrective,39,778,000020000112
WO-2020617,ASSET-00122,Preventive,0,,000020000113
WO-2020618,ASSET-00122,Corrective,149,1175,000020000113
WO-2020619,ASSET-00122,Corrective,117,1848,000020000113
WO-2020620,ASSET-00122,Corrective,191,248,000020000113
WO-2020621,ASSET-00122,Preventive,0,,000020000113
WO-2020622,ASSET-00122,Preventive,0,,000020000113
WO-2020623,ASSET-00122,Preventive,0,,000020000113
WO-2020624,ASSET-00123,Corrective,55,1251,000020000114
WO-2020625,ASSET-00123,Preventive,0,,000020000114
WO-2020626,ASSET-00123,Preventive,0,,000020000114
WO-2020627,ASSET-00123,Preventive,0,,000020000114
WO-2020628,ASSET-00124,Preventive,0,,000020000115
WO-2020629,ASSET-00124,Preventive,0,,000020000115
WO-2020630,ASSET-00124,Emergency,115,1652,000020000115
WO-2020631,ASSET-00124,Emergency,137,229,000020000115
WO-2020632,ASSET-00124,Corrective,135,654,000020000115
WO-2020633,ASSET-00124,Preventive,0,,000020000115
WO-2020634,ASSET-00124,Preventive,0,,000020000115
WO-2020635,ASSET-00124,Corrective,83,1127,000020000115
WO-2020636,ASSET-00124,Preventive,0,,000020000115
WO-2020637,ASSET-00125,Corrective,38,1004,000020000116
WO-2020638,ASSET-00125,Preventive,0,,000020000116
WO-2020639,ASSET-00125,Preventive,0,,000020000116
WO-2020640,ASSET-00125,Corrective,109,539,000020000116
WO-2020641,ASSET-00126,Corrective,228,1383,000020000117
WO-2020642,ASSET-00126,Preventive,0,,000020000117
WO-2020643,ASSET-00126,Preventive,0,,000020000117
WO-2020644,ASSET-00126,Preventive,0,,000020000117
WO-2020645,ASSET-00126,Preventive,0,,000020000117
WO-2020646,ASSET-00126,Preventive,0,,000020000117
WO-2020647,ASSET-00126,Preventive,0,,000020000117
WO-2020648,ASSET-00127,Corrective,240,1325,000020000118
WO-2020649,ASSET-00127,Preventive,0,,000020000118
WO-2020650,ASSET-00127,Corrective,73,738,000020000118
WO-2020651,ASSET-00128,Preventive,0,,000020000119
WO-2020652,ASSET-00128,Preventive,0,,000020000119
WO-2020653,ASSET-00128,Corrective,223,1079,000020000119
WO-2020654,ASSET-00128,Emergency,297,445,000020000119
WO-2020655,ASSET-00128,Corrective,147,248,000020000119
WO-2020656,ASSET-00128,Corrective,173,1554,000020000119
WO-2020657,ASSET-00129,Corrective,62,1406,000020000120
WO-2020658,ASSET-00129,Preventive,0,,000020000120
WO-2020659,ASSET-00129,Preventive,0,,000020000120
WO-2020660,ASSET-00129,Preventive,0,,000020000120
WO-2020661,ASSET-00129,Preventive,0,,000020000120
WO-2020662,ASSET-00129,Preventive,0,,000020000120
WO-2020663,ASSET-00130,Preventive,0,,000020000121
WO-2020664,ASSET-00130,Emergency,469,1937,000020000121
WO-2020665,ASSET-00131,Preventive,0,,000020000122
WO-2020666,ASSET-00131,Corrective,69,1528,000020000122
WO-2020667,ASSET-00131,Preventive,0,,000020000122
WO-2020668,ASSET-00131,Corrective,84,534,000020000122
WO-2020669,ASSET-00131,Preventive,0,,000020000122
WO-2020670,ASSET-00131,Preventive,0,,000020000122
WO-2020671,ASSET-00131,Emergency,128,1569,000020000122
WO-2020672,ASSET-00132,Corrective,45,1025,000020000123
WO-2020673,ASSET-00132,Corrective,190,574,000020000123
WO-2020674,ASSET-00132,Corrective,117,1709,000020000123
WO-2020675,ASSET-00132,Corrective,46,1486,000020000123
WO-2020676,ASSET-00133,Corrective,125,1193,000020000124
WO-2020677,ASSET-00133,Emergency,419,363,000020000124
WO-2020678,ASSET-00133,Preventive,0,,000020000124
WO-2020679,ASSET-00134,Corrective,201,1894,000020000125
WO-2020680,ASSET-00134,Corrective,199,1099,000020000125
WO-2020681,ASSET-00134,Corrective,229,349,000020000125
WO-2020682,ASSET-00134,Corrective,202,916,000020000125
WO-2020683,ASSET-00134,Preventive,0,,000020000125
WO-2020684,ASSET-00135,Preventive,0,,000020000126
WO-2020685,ASSET-00135,Preventive,0,,000020000126
WO-2020686,ASSET-00135,Preventive,0,,000020000126
WO-2020687,ASSET-00135,Corrective,82,203,000020000126
WO-2020688,ASSET-00135,Preventive,0,,000020000126
WO-2020689,ASSET-00136,Emergency,185,936,000020000127
WO-2020690,ASSET-00136,Preventive,0,,000020000127
WO-2020691,ASSET-00136,Preventive,0,,000020000127
WO-2020692,ASSET-00136,Corrective,90,590,000020000127
WO-2020693,ASSET-00136,Preventive,0,,000020000127
WO-2020694,ASSET-00136,Preventive,0,,000020000127
WO-2020695,ASSET-00136,Emergency,526,961,000020000127
WO-2020696,ASSET-00137,Corrective,31,306,000020000128
WO-2020697,ASSET-00137,Preventive,0,,000020000128
WO-2020698,ASSET-00137,Preventive,0,,000020000128
WO-2020699,ASSET-00137,Corrective,99,453,000020000128
WO-2020700,ASSET-00138,Corrective,181,1982,000020000129
WO-2020701,ASSET-00138,Emergency,379,1069,000020000129
WO-2020702,ASSET-00138,Preventive,0,,000020000129
WO-2020703,ASSET-00138,Preventive,0,,000020000129
WO-2020704,ASSET-00139,Preventive,0,,000020000130
WO-2020705,ASSET-00139,Preventive,0,,000020000130
WO-2020706,ASSET-00139,Preventive,0,,000020000130
WO-2020707,ASSET-00139,Emergency,78,1385,000020000130
WO-2020708,ASSET-00139,Preventive,0,,000020000130
WO-2020709,ASSET-00139,Corrective,172,1121,000020000130
WO-2020710,ASSET-00139,Corrective,215,404,000020000130
WO-2020711,ASSET-00139,Preventive,0,,000020000130
WO-2020712,ASSET-00140,Preventive,0,,000020000131
WO-2020713,ASSET-00140,Preventive,0,,000020000131
WO-2020714,ASSET-00140,Preventive,0,,000020000131
WO-2020715,ASSET-00140,Corrective,238,541,000020000131
WO-2020716,ASSET-00141,Preventive,0,,000020000132
WO-2020717,ASSET-00141,Preventive,0,,000020000132
WO-2020718,ASSET-00142,Corrective,152,867,000020000133
WO-2020719,ASSET-00142,Preventive,0,,000020000133
WO-2020720,ASSET-00142,Preventive,0,,000020000133
WO-2020721,ASSET-00142,Corrective,191,474,000020000133
WO-2020722,ASSET-00142,Corrective,107,245,000020000133
WO-2020723,ASSET-00142,Emergency,570,366,000020000133
WO-2020724,ASSET-00142,Preventive,0,,000020000133
WO-2020725,ASSET-00143,Preventive,0,,000020000134
WO-2020726,ASSET-00143,Preventive,0,,000020000134
WO-2020727,ASSET-00143,Corrective,69,1574,000020000134
WO-2020728,ASSET-00143,Preventive,0,,000020000134
WO-2020729,ASSET-00144,Preventive,0,,000020000135
WO-2020730,ASSET-00144,Emergency,524,1125,000020000135
WO-2020731,ASSET-00144,Preventive,0,,000020000135
WO-2020732,ASSET-00144,Corrective,131,1887,000020000135
WO-2020733,ASSET-00145,Corrective,107,1803,000020000136
WO-2020734,ASSET-00145,Corrective,181,1149,000020000136
WO-2020735,ASSET-00145,Corrective,237,1565,000020000136
WO-2020736,ASSET-00145,Preventive,0,,000020000136
WO-2020737,ASSET-00146,Emergency,599,1580,000020000137
WO-2020738,ASSET-00146,Preventive,0,,000020000137
WO-2020739,ASSET-00146,Preventive,0,,000020000137
WO-2020740,ASSET-00146,Preventive,0,,000020000137
WO-2020741,ASSET-00146,Corrective,46,852,000020000137
WO-2020742,ASSET-00146,Preventive,0,,000020000137
WO-2020743,ASSET-00147,Preventive,0,,000020000138
WO-2020744,ASSET-00147,Corrective,75,1874,000020000138
WO-2020745,ASSET-00148,Preventive,0,,000020000139
WO-2020746,ASSET-00148,Emergency,501,1322,000020000139
WO-2020747,ASSET-00148,Preventive,0,,000020000139
WO-2020748,ASSET-00148,Preventive,0,,000020000139
WO-2020749,ASSET-00148,Corrective,104,1747,000020000139
WO-2020750,ASSET-00149,Emergency,539,1103,000020000140
WO-2020751,ASSET-00149,Corrective,203,1428,000020000140
WO-2020752,ASSET-00149,Preventive,0,,000020000140
WO-2020753,ASSET-00150,Corrective,225,1675,000020000141
WO-2020754,ASSET-00150,Preventive,0,,000020000141
WO-2020755,ASSET-00150,Preventive,0,,000020000141
WO-2020756,ASSET-00150,Corrective,34,678,000020000141
WO-2020757,ASSET-00151,Emergency,339,684,000020000142
WO-2020758,ASSET-00151,Corrective,37,586,000020000142
WO-2020759,ASSET-00151,Preventive,0,,000020000142
WO-2020760,ASSET-00151,Corrective,202,1436,000020000142
WO-2020761,ASSET-00151,Corrective,59,615,000020000142
WO-2020762,ASSET-00151,Preventive,0,,000020000142
WO-2020763,ASSET-00151,Corrective,84,402,000020000142
WO-2020764,ASSET-00151,Preventive,0,,000020000142
WO-2020765,ASSET-00152,Preventive,0,,000020000143
WO-2020766,ASSET-00152,Preventive,0,,000020000143
WO-2020767,ASSET-00153,Preventive,0,,000020000144
WO-2020768,ASSET-00153,Preventive,0,,000020000144
WO-2020769,ASSET-00153,Preventive,0,,000020000144
WO-2020770,ASSET-00153,Corrective,139,211,000020000144
WO-2020771,ASSET-00153,Emergency,113,1243,000020000144
WO-2020772,ASSET-00154,Corrective,52,216,000020000145
WO-2020773,ASSET-00154,Preventive,0,,000020000145
WO-2020774,ASSET-00154,Preventive,0,,000020000145
WO-2020775,ASSET-00154,Corrective,94,667,000020000145
WO-2020776,ASSET-00154,Corrective,40,1676,000020000145
WO-2020777,ASSET-00154,Preventive,0,,000020000145
WO-2020778,ASSET-00154,Corrective,88,1478,000020000145
WO-2020779,ASSET-00154,Preventive,0,,000020000145
WO-2020780,ASSET-00154,Preventive,0,,000020000145
WO-2020781,ASSET-00154,Emergency,330,732,000020000145
WO-2020782,ASSET-00155,Preventive,0,,000020000146
WO-2020783,ASSET-00155,Corrective,172,1533,000020000146
WO-2020784,ASSET-00155,Emergency,548,1189,000020000146
WO-2020785,ASSET-00155,Corrective,108,1426,000020000146
WO-2020786,ASSET-00156,Preventive,0,,
WO-2020787,ASSET-00156,Corrective,135,1612,
WO-2020788,ASSET-00156,Corrective,196,1656,
WO-2020789,ASSET-00156,Corrective,214,1520,
WO-2020790,ASSET-00156,Preventive,0,,
WO-2020791,ASSET-00156,Preventive,0,,
WO-2020792,ASSET-00156,Emergency,393,334,
WO-2020793,ASSET-00156,Emergency,435,693,
WO-2020794,ASSET-00157,Preventive,0,,000020000147
WO-2020795,ASSET-00157,Preventive,0,,000020000147
WO-2020796,ASSET-00157,Preventive,0,,000020000147
WO-2020797,ASSET-00157,Preventive,0,,000020000147
WO-2020798,ASSET-00157,Emergency,408,801,000020000147
WO-2020799,ASSET-00157,Preventive,0,,000020000147
WO-2020800,ASSET-00157,Emergency,73,1377,000020000147
WO-2020801,ASSET-00157,Corrective,31,819,000020000147
WO-2020802,ASSET-00158,Preventive,0,,000020000148
WO-2020803,ASSET-00158,Corrective,66,570,000020000148
WO-2020804,ASSET-00158,Corrective,68,1314,000020000148
WO-2020805,ASSET-00158,Preventive,0,,000020000148
WO-2020806,ASSET-00158,Corrective,91,223,000020000148
WO-2020807,ASSET-00158,Preventive,0,,000020000148
WO-2020808,ASSET-00158,Corrective,33,575,000020000148
WO-2020809,ASSET-00159,Preventive,0,,000020000149
WO-2020810,ASSET-00159,Preventive,0,,000020000149
WO-2020811,ASSET-00159,Preventive,0,,000020000149
WO-2020812,ASSET-00159,Corrective,180,1888,000020000149
WO-2020813,ASSET-00160,Emergency,347,346,000020000150
WO-2020814,ASSET-00160,Emergency,599,968,000020000150
WO-2020815,ASSET-00160,Preventive,0,,000020000150
WO-2020816,ASSET-00160,Corrective,169,814,000020000150
WO-2020817,ASSET-00160,Corrective,63,399,000020000150
WO-2020818,ASSET-00161,Preventive,0,,000020000151
WO-2020819,ASSET-00161,Preventive,0,,000020000151
WO-2020820,ASSET-00161,Corrective,139,1403,000020000151
WO-2020821,ASSET-00162,Corrective,209,1421,000020000152
WO-2020822,ASSET-00162,Preventive,0,,000020000152
WO-2020823,ASSET-00162,Corrective,164,1373,000020000152
WO-2020824,ASSET-00162,Preventive,0,,000020000152
WO-2020825,ASSET-00162,Preventive,0,,000020000152
WO-2020826,ASSET-00162,Corrective,99,474,000020000152
WO-2020827,ASSET-00162,Preventive,0,,000020000152
WO-2020828,ASSET-00163,Preventive,0,,000020000153
WO-2020829,ASSET-00163,Preventive,0,,000020000153
WO-2020830,ASSET-00163,Preventive,0,,000020000153
WO-2020831,ASSET-00163,Preventive,0,,000020000153
WO-2020832,ASSET-00163,Preventive,0,,000020000153
WO-2020833,ASSET-00163,Corrective,116,243,000020000153
WO-2020834,ASSET-00164,Preventive,0,,000020000154
WO-2020835,ASSET-00164,Emergency,194,978,000020000154
WO-2020836,ASSET-00164,Corrective,109,1304,000020000154
WO-2020837,ASSET-00164,Emergency,288,449,000020000154
WO-2020838,ASSET-00164,Preventive,0,,000020000154
WO-2020839,ASSET-00164,Corrective,71,1869,000020000154
WO-2020840,ASSET-00164,Emergency,354,507,000020000154
WO-2020841,ASSET-00164,Emergency,329,1768,000020000154
WO-2020842,ASSET-00165,Preventive,0,,000020000155
WO-2020843,ASSET-00165,Preventive,0,,000020000155
WO-2020844,ASSET-00165,Preventive,0,,000020000155
WO-2020845,ASSET-00165,Corrective,88,1621,000020000155
WO-2020846,ASSET-00165,Preventive,0,,000020000155
WO-2020847,ASSET-00166,Preventive,0,,000020000156
WO-2020848,ASSET-00166,Preventive,0,,000020000156
WO-2020849,ASSET-00166,Preventive,0,,000020000156
WO-2020850,ASSET-00166,Preventive,0,,000020000156
WO-2020851,ASSET-00166,Corrective,74,542,000020000156
WO-2020852,ASSET-00166,Emergency,424,306,000020000156
WO-2020853,ASSET-00166,Preventive,0,,000020000156
WO-2020854,ASSET-00166,Preventive,0,,000020000156
WO-2020855,ASSET-00167,Preventive,0,,000020000157
WO-2020856,ASSET-00167,Preventive,0,,000020000157
WO-2020857,ASSET-00167,Corrective,167,1692,000020000157
WO-2020858,ASSET-00167,Corrective,33,1655,000020000157
WO-2020859,ASSET-00167,Emergency,489,1290,000020000157
WO-2020860,ASSET-00167,Preventive,0,,000020000157
WO-2020861,ASSET-00167,Corrective,97,717,000020000157
WO-2020862,ASSET-00167,Corrective,209,236,000020000157
WO-2020863,ASSET-00168,Corrective,43,347,000020000158
WO-2020864,ASSET-00168,Emergency,155,1458,000020000158
WO-2020865,ASSET-00168,Corrective,160,1255,000020000158
WO-2020866,ASSET-00168,Corrective,176,1733,000020000158
WO-2020867,ASSET-00168,Preventive,0,,000020000158
WO-2020868,ASSET-00168,Emergency,538,489,000020000158
WO-2020869,ASSET-00168,Preventive,0,,000020000158
WO-2020870,ASSET-00169,Corrective,105,696,000020000159
WO-2020871,ASSET-00169,Corrective,156,1291,000020000159
WO-2020872,ASSET-00169,Corrective,49,345,000020000159
WO-2020873,ASSET-00169,Corrective,120,677,000020000159
WO-2020874,ASSET-00169,Corrective,179,1328,000020000159
WO-2020875,ASSET-00169,Preventive,0,,000020000159
WO-2020876,ASSET-00171,Corrective,102,1217,000020000161
WO-2020877,ASSET-00171,Corrective,104,311,000020000161
WO-2020878,ASSET-00171,Preventive,0,,000020000161
WO-2020879,ASSET-00172,Preventive,0,,
WO-2020880,ASSET-00172,Emergency,393,852,
WO-2020881,ASSET-00172,Emergency,384,1195,
WO-2020882,ASSET-00172,Corrective,110,1450,
WO-2020883,ASSET-00172,Preventive,0,,
WO-2020884,ASSET-00172,Emergency,405,1801,
WO-2020885,ASSET-00173,Emergency,76,675,000020000162
WO-2020886,ASSET-00173,Preventive,0,,000020000162
WO-2020887,ASSET-00173,Corrective,57,1646,000020000162
WO-2020888,ASSET-00173,Preventive,0,,000020000162
WO-2020889,ASSET-00173,Preventive,0,,000020000162
WO-2020890,ASSET-00173,Corrective,208,1269,000020000162
WO-2020891,ASSET-00173,Preventive,0,,000020000162
WO-2020892,ASSET-00174,Corrective,214,816,
WO-2020893,ASSET-00174,Emergency,415,1346,
WO-2020894,ASSET-00175,Preventive,0,,000020000163
WO-2020895,ASSET-00175,Preventive,0,,000020000163
WO-2020896,ASSET-00175,Preventive,0,,000020000163
WO-2020897,ASSET-00175,Preventive,0,,000020000163
WO-2020898,ASSET-00175,Corrective,151,1734,000020000163
WO-2020899,ASSET-00176,Corrective,113,1745,000020000164
WO-2020900,ASSET-00176,Corrective,64,1567,000020000164
WO-2020901,ASSET-00176,Preventive,0,,000020000164
WO-2020902,ASSET-00176,Preventive,0,,000020000164
WO-2020903,ASSET-00176,Emergency,308,1873,000020000164
WO-2020904,ASSET-00177,Corrective,215,1860,000020000165
WO-2020905,ASSET-00177,Corrective,118,549,000020000165
WO-2020906,ASSET-00178,Preventive,0,,000020000166
WO-2020907,ASSET-00178,Corrective,151,1007,000020000166
WO-2020908,ASSET-00178,Preventive,0,,000020000166
WO-2020909,ASSET-00178,Preventive,0,,000020000166
WO-2020910,ASSET-00178,Preventive,0,,000020000166
WO-2020911,ASSET-00179,Corrective,145,237,000020000167
WO-2020912,ASSET-00179,Corrective,46,1605,000020000167
WO-2020913,ASSET-00179,Preventive,0,,000020000167
WO-2020914,ASSET-00180,Preventive,0,,000020000168
WO-2020915,ASSET-00180,Corrective,110,1631,000020000168
WO-2020916,ASSET-00180,Preventive,0,,000020000168
WO-2020917,ASSET-00181,Preventive,0,,000020000169
WO-2020918,ASSET-00181,Preventive,0,,000020000169
WO-2020919,ASSET-00181,Corrective,184,1522,000020000169
WO-2020920,ASSET-00181,Preventive,0,,000020000169
WO-2020921,ASSET-00181,Corrective,74,1563,000020000169
WO-2020922,ASSET-00181,Corrective,120,1920,000020000169
WO-2020923,ASSET-00181,Corrective,59,1810,000020000169
WO-2020924,ASSET-00182,Preventive,0,,000020000170
WO-2020925,ASSET-00182,Preventive,0,,000020000170
WO-2020926,ASSET-00182,Preventive,0,,000020000170
WO-2020927,ASSET-00182,Emergency,277,1604,000020000170
WO-2020928,ASSET-00182,Preventive,0,,000020000170
WO-2020929,ASSET-00182,Preventive,0,,000020000170
WO-2020930,ASSET-00182,Preventive,0,,000020000170
WO-2020931,ASSET-00182,Preventive,0,,000020000170
WO-2020932,ASSET-00183,Corrective,48,1704,
WO-2020933,ASSET-00183,Preventive,0,,
WO-2020934,ASSET-00183,Emergency,341,1921,
WO-2020935,ASSET-00183,Corrective,110,1184,
WO-2020936,ASSET-00183,Preventive,0,,
WO-2020937,ASSET-00183,Corrective,197,206,
WO-2020938,ASSET-00184,Corrective,128,712,000020000171
WO-2020939,ASSET-00184,Preventive,0,,000020000171
WO-2020940,ASSET-00185,Preventive,0,,000020000172
WO-2020941,ASSET-00185,Preventive,0,,000020000172
WO-2020942,ASSET-00185,Preventive,0,,000020000172
WO-2020943,ASSET-00185,Emergency,481,406,000020000172
WO-2020944,ASSET-00185,Preventive,0,,000020000172
WO-2020945,ASSET-00186,Preventive,0,,000020000173
WO-2020946,ASSET-00186,Corrective,221,1998,000020000173
WO-2020947,ASSET-00186,Preventive,0,,000020000173
WO-2020948,ASSET-00186,Preventive,0,,000020000173
WO-2020949,ASSET-00186,Preventive,0,,000020000173
WO-2020950,ASSET-00186,Preventive,0,,000020000173
WO-2020951,ASSET-00186,Corrective,122,1056,000020000173
WO-2020952,ASSET-00186,Preventive,0,,000020000173
WO-2020953,ASSET-00186,Corrective,160,496,000020000173
WO-2020954,ASSET-00186,Corrective,100,543,000020000173
WO-2020955,ASSET-00187,Corrective,201,1162,
WO-2020956,ASSET-00187,Corrective,163,312,
WO-2020957,ASSET-00187,Preventive,0,,
WO-2020958,ASSET-00187,Preventive,0,,
WO-2020959,ASSET-00188,Corrective,127,806,000020000174
WO-2020960,ASSET-00188,Preventive,0,,000020000174
WO-2020961,ASSET-00188,Corrective,73,521,000020000174
WO-2020962,ASSET-00188,Preventive,0,,000020000174
WO-2020963,ASSET-00188,Preventive,0,,000020000174
WO-2020964,ASSET-00188,Preventive,0,,000020000174
WO-2020965,ASSET-00188,Corrective,134,453,000020000174
WO-2020966,ASSET-00189,Preventive,0,,
WO-2020967,ASSET-00189,Preventive,0,,
WO-2020968,ASSET-00189,Preventive,0,,
WO-2020969,ASSET-00189,Preventive,0,,
WO-2020970,ASSET-00189,Corrective,196,1050,
WO-2020971,ASSET-00190,Preventive,0,,000020000175
WO-2020972,ASSET-00190,Corrective,55,1293,000020000175
WO-2020973,ASSET-00190,Emergency,212,1470,000020000175
WO-2020974,ASSET-00190,Preventive,0,,000020000175
WO-2020975,ASSET-00191,Preventive,0,,000020000176
WO-2020976,ASSET-00191,Preventive,0,,000020000176
WO-2020977,ASSET-00192,Preventive,0,,000020000177
WO-2020978,ASSET-00192,Preventive,0,,000020000177
WO-2020979,ASSET-00192,Corrective,131,1813,000020000177
WO-2020980,ASSET-00193,Preventive,0,,000020000178
WO-2020981,ASSET-00193,Corrective,186,545,000020000178
WO-2020982,ASSET-00193,Preventive,0,,000020000178
WO-2020983,ASSET-00193,Preventive,0,,000020000178
WO-2020984,ASSET-00193,Corrective,123,1496,000020000178
WO-2020985,ASSET-00193,Corrective,220,784,000020000178
WO-2020986,ASSET-00193,Emergency,156,1386,000020000178
WO-2020987,ASSET-00193,Preventive,0,,000020000178
WO-2020988,ASSET-00193,Preventive,0,,000020000178
WO-2020989,ASSET-00194,Preventive,0,,000020000179
WO-2020990,ASSET-00194,Preventive,0,,000020000179
WO-2020991,ASSET-00194,Corrective,128,1812,000020000179
WO-2020992,ASSET-00194,Preventive,0,,000020000179
WO-2020993,ASSET-00194,Corrective,34,422,000020000179
WO-2020994,ASSET-00194,Emergency,130,280,000020000179
WO-2020995,ASSET-00194,Preventive,0,,000020000179
WO-2020996,ASSET-00195,Emergency,398,1039,000020000180
WO-2020997,ASSET-00195,Preventive,0,,000020000180
WO-2020998,ASSET-00195,Preventive,0,,000020000180
WO-2020999,ASSET-00195,Preventive,0,,000020000180
WO-2021000,ASSET-00195,Corrective,170,262,000020000180
WO-2021001,ASSET-00195,Preventive,0,,000020000180
WO-2021002,ASSET-00195,Emergency,113,1724,000020000180
WO-2021003,ASSET-00195,Corrective,47,1057,000020000180
WO-2021004,ASSET-00196,Preventive,0,,000020000181
WO-2021005,ASSET-00196,Preventive,0,,000020000181
WO-2021006,ASSET-00197,Preventive,0,,000020000182
WO-2021007,ASSET-00197,Preventive,0,,000020000182
WO-2021008,ASSET-00198,Preventive,0,,000020000183
WO-2021009,ASSET-00198,Preventive,0,,000020000183
WO-2021010,ASSET-00198,Preventive,0,,000020000183
WO-2021011,ASSET-00198,Preventive,0,,000020000183
WO-2021012,ASSET-00198,Preventive,0,,000020000183
WO-2021013,ASSET-00198,Emergency,563,532,000020000183
WO-2021014,ASSET-00198,Preventive,0,,000020000183
WO-2021015,ASSET-00198,Preventive,0,,000020000183
WO-2021016,ASSET-00199,Preventive,0,,000020000184
WO-2021017,ASSET-00199,Corrective,109,758,000020000184
WO-2021018,ASSET-00199,Preventive,0,,000020000184
WO-2021019,ASSET-00199,Preventive,0,,000020000184
WO-2021020,ASSET-00199,Preventive,0,,000020000184
WO-2021021,ASSET-00199,Corrective,168,1437,000020000184
WO-2021022,ASSET-00199,Corrective,53,1418,000020000184
WO-2021023,ASSET-00199,Preventive,0,,000020000184
WO-2021024,ASSET-00200,Corrective,238,606,000020000185
WO-2021025,ASSET-00200,Preventive,0,,000020000185
WO-2021026,ASSET-00200,Preventive,0,,000020000185
WO-2021027,ASSET-00200,Preventive,0,,000020000185
WO-2021028,ASSET-00200,Preventive,0,,000020000185
WO-2021029,ASSET-00201,Corrective,85,1548,000020000186
WO-2021030,ASSET-00201,Preventive,0,,000020000186
WO-2021031,ASSET-00201,Preventive,0,,000020000186
WO-2021032,ASSET-00201,Corrective,126,1297,000020000186
WO-2021033,ASSET-00201,Preventive,0,,000020000186
WO-2021034,ASSET-00201,Preventive,0,,000020000186
WO-2021035,ASSET-00202,Preventive,0,,000020000187
WO-2021036,ASSET-00202,Corrective,229,1869,000020000187
WO-2021037,ASSET-00202,Preventive,0,,000020000187
WO-2021038,ASSET-00202,Emergency,397,1995,000020000187
WO-2021039,ASSET-00203,Preventive,0,,000020000188
WO-2021040,ASSET-00203,Corrective,171,543,000020000188
WO-2021041,ASSET-00203,Preventive,0,,000020000188
WO-2021042,ASSET-00203,Preventive,0,,000020000188
WO-2021043,ASSET-00203,Preventive,0,,000020000188
WO-2021044,ASSET-00204,Preventive,0,,000020000189
WO-2021045,ASSET-00204,Corrective,199,220,000020000189
WO-2021046,ASSET-00204,Corrective,96,891,000020000189
WO-2021047,ASSET-00204,Preventive,0,,000020000189
WO-2021048,ASSET-00204,Preventive,0,,000020000189
WO-2021049,ASSET-00205,Emergency,454,1573,000020000190
WO-2021050,ASSET-00206,Preventive,0,,
WO-2021051,ASSET-00206,Emergency,239,343,
WO-2021052,ASSET-00206,Corrective,157,730,
WO-2021053,ASSET-00206,Corrective,178,1966,
WO-2021054,ASSET-00206,Corrective,102,1276,
WO-2021055,ASSET-00206,Preventive,0,,
WO-2021056,ASSET-00207,Preventive,0,,000020000191
WO-2021057,ASSET-00207,Corrective,132,1194,000020000191
WO-2021058,ASSET-00207,Corrective,133,1156,000020000191
WO-2021059,ASSET-00207,Corrective,37,872,000020000191
WO-2021060,ASSET-00207,Corrective,120,1090,000020000191
WO-2021061,ASSET-00207,Corrective,62,879,000020000191
WO-2021062,ASSET-00208,Preventive,0,,000020000192
WO-2021063,ASSET-00208,Corrective,69,1961,000020000192
WO-2021064,ASSET-00208,Corrective,232,1994,000020000192
WO-2021065,ASSET-00208,Corrective,166,1102,000020000192
WO-2021066,ASSET-00208,Preventive,0,,000020000192
WO-2021067,ASSET-00208,Preventive,0,,000020000192
WO-2021068,ASSET-00208,Preventive,0,,000020000192
WO-2021069,ASSET-00209,Preventive,0,,000020000193
WO-2021070,ASSET-00209,Corrective,215,463,000020000193
WO-2021071,ASSET-00209,Preventive,0,,000020000193
WO-2021072,ASSET-00210,Corrective,169,1409,
WO-2021073,ASSET-00210,Corrective,151,614,
WO-2021074,ASSET-00210,Preventive,0,,
WO-2021075,ASSET-00210,Corrective,136,687,
WO-2021076,ASSET-00210,Preventive,0,,
WO-2021077,ASSET-00210,Preventive,0,,
WO-2021078,ASSET-00210,Corrective,158,703,
WO-2021079,ASSET-00210,Preventive,0,,
WO-2021080,ASSET-00211,Corrective,222,493,000020000194
WO-2021081,ASSET-00211,Preventive,0,,000020000194
WO-2021082,ASSET-00212,Corrective,90,303,000020000195
WO-2021083,ASSET-00212,Corrective,48,799,000020000195
WO-2021084,ASSET-00212,Preventive,0,,000020000195
WO-2021085,ASSET-00213,Preventive,0,,
WO-2021086,ASSET-00213,Preventive,0,,
WO-2021087,ASSET-00213,Corrective,234,1641,
WO-2021088,ASSET-00213,Corrective,206,1232,
WO-2021089,ASSET-00214,Emergency,300,1207,000020000196
WO-2021090,ASSET-00214,Preventive,0,,000020000196
WO-2021091,ASSET-00214,Corrective,148,1237,000020000196
WO-2021092,ASSET-00214,Preventive,0,,000020000196
WO-2021093,ASSET-00215,Corrective,240,1258,000020000197
WO-2021094,ASSET-00215,Corrective,84,545,000020000197
WO-2021095,ASSET-00215,Preventive,0,,000020000197
WO-2021096,ASSET-00215,Preventive,0,,000020000197
WO-2021097,ASSET-00215,Preventive,0,,000020000197
WO-2021098,ASSET-00215,Corrective,107,972,000020000197
WO-2021099,ASSET-00215,Corrective,112,1619,000020000197
WO-2021100,ASSET-00215,Preventive,0,,000020000197
WO-2021101,ASSET-00215,Preventive,0,,000020000197
WO-2021102,ASSET-00215,Preventive,0,,000020000197
WO-2021103,ASSET-00216,Preventive,0,,000020000198
WO-2021104,ASSET-00216,Preventive,0,,000020000198
WO-2021105,ASSET-00216,Preventive,0,,000020000198
WO-2021106,ASSET-00216,Preventive,0,,000020000198
WO-2021107,ASSET-00217,Preventive,0,,000020000199
WO-2021108,ASSET-00217,Preventive,0,,000020000199
WO-2021109,ASSET-00217,Emergency,107,1026,000020000199
WO-2021110,ASSET-00217,Corrective,213,1711,000020000199
WO-2021111,ASSET-00217,Preventive,0,,000020000199
WO-2021112,ASSET-00217,Preventive,0,,000020000199
WO-2021113,ASSET-00218,Preventive,0,,000020000200
WO-2021114,ASSET-00218,Corrective,205,1607,000020000200
WO-2021115,ASSET-00218,Preventive,0,,000020000200
WO-2021116,ASSET-00218,Preventive,0,,000020000200
WO-2021117,ASSET-00218,Corrective,169,1806,000020000200
WO-2021118,ASSET-00218,Preventive,0,,000020000200
WO-2021119,ASSET-00219,Corrective,100,1959,
WO-2021120,ASSET-00219,Corrective,133,1589,
WO-2021121,ASSET-00219,Emergency,223,482,
WO-2021122,ASSET-00219,Preventive,0,,
WO-2021123,ASSET-00219,Corrective,139,576,
WO-2021124,ASSET-00220,Corrective,201,408,000020000201
WO-2021125,ASSET-00220,Corrective,169,1487,000020000201
WO-2021126,ASSET-00220,Corrective,43,1036,000020000201
WO-2021127,ASSET-00220,Preventive,0,,000020000201
WO-2021128,ASSET-00220,Corrective,198,312,000020000201
WO-2021129,ASSET-00220,Preventive,0,,000020000201
WO-2021130,ASSET-00220,Corrective,229,445,000020000201
WO-2021131,ASSET-00221,Preventive,0,,000020000203
WO-2021132,ASSET-00221,Preventive,0,,000020000203
WO-2021133,ASSET-00221,Corrective,61,1964,000020000203
WO-2021134,ASSET-00221,Preventive,0,,000020000203
WO-2021135,ASSET-00221,Corrective,128,688,000020000203
WO-2021136,ASSET-00221,Corrective,151,1423,000020000203
WO-2021137,ASSET-00222,Emergency,141,711,000020000204
WO-2021138,ASSET-00222,Preventive,0,,000020000204
WO-2021139,ASSET-00222,Preventive,0,,000020000204
WO-2021140,ASSET-00222,Preventive,0,,000020000204
WO-2021141,ASSET-00222,Corrective,189,815,000020000204
WO-2021142,ASSET-00223,Corrective,195,787,000020000205
WO-2021143,ASSET-00223,Corrective,46,1068,000020000205
WO-2021144,ASSET-00223,Preventive,0,,000020000205
WO-2021145,ASSET-00223,Emergency,489,1417,000020000205
WO-2021146,ASSET-00223,Emergency,520,1679,000020000205
WO-2021147,ASSET-00224,Corrective,41,210,
WO-2021148,ASSET-00224,Corrective,68,593,
WO-2021149,ASSET-00224,Preventive,0,,
WO-2021150,ASSET-00224,Corrective,150,1015,
WO-2021151,ASSET-00224,Preventive,0,,
WO-2021152,ASSET-00224,Corrective,118,414,
WO-2021153,ASSET-00225,Preventive,0,,000020000206
WO-2021154,ASSET-00225,Preventive,0,,000020000206
WO-2021155,ASSET-00225,Corrective,74,1625,000020000206
WO-2021156,ASSET-00225,Preventive,0,,000020000206
WO-2021157,ASSET-00225,Preventive,0,,000020000206
WO-2021158,ASSET-00225,Preventive,0,,000020000206
WO-2021159,ASSET-00225,Preventive,0,,000020000206
WO-2021160,ASSET-00225,Preventive,0,,000020000206
WO-2021161,ASSET-00226,Preventive,0,,
WO-2021162,ASSET-00226,Preventive,0,,
WO-2021163,ASSET-00226,Preventive,0,,
WO-2021164,ASSET-00226,Preventive,0,,
WO-2021165,ASSET-00226,Preventive,0,,
WO-2021166,ASSET-00226,Preventive,0,,
WO-2021167,ASSET-00226,Corrective,108,222,
WO-2021168,ASSET-00226,Preventive,0,,
WO-2021169,ASSET-00227,Corrective,135,1990,000020000207
WO-2021170,ASSET-00227,Preventive,0,,000020000207
WO-2021171,ASSET-00227,Preventive,0,,000020000207
WO-2021172,ASSET-00227,Emergency,344,1168,000020000207
WO-2021173,ASSET-00228,Preventive,0,,000020000208
WO-2021174,ASSET-00228,Preventive,0,,000020000208
WO-2021175,ASSET-00228,Preventive,0,,000020000208
WO-2021176,ASSET-00228,Corrective,70,1019,000020000208
WO-2021177,ASSET-00228,Preventive,0,,000020000208
WO-2021178,ASSET-00228,Corrective,81,331,000020000208
WO-2021179,ASSET-00229,Preventive,0,,000020000209
WO-2021180,ASSET-00229,Corrective,207,834,000020000209
WO-2021181,ASSET-00229,Preventive,0,,000020000209
WO-2021182,ASSET-00229,Preventive,0,,000020000209
WO-2021183,ASSET-00229,Preventive,0,,000020000209
WO-2021184,ASSET-00229,Preventive,0,,000020000209
WO-2021185,ASSET-00230,Preventive,0,,000020000210
WO-2021186,ASSET-00230,Corrective,137,1512,000020000210
WO-2021187,ASSET-00230,Corrective,40,1168,000020000210
WO-2021188,ASSET-00231,Preventive,0,,000020000211
WO-2021189,ASSET-00231,Preventive,0,,000020000211
WO-2021190,ASSET-00232,Preventive,0,,000020000212
WO-2021191,ASSET-00232,Preventive,0,,000020000212
WO-2021192,ASSET-00232,Preventive,0,,000020000212
WO-2021193,ASSET-00233,Corrective,176,752,000020000213
WO-2021194,ASSET-00233,Corrective,119,1270,000020000213
WO-2021195,ASSET-00233,Corrective,30,393,000020000213
WO-2021196,ASSET-00234,Corrective,76,413,000020000214
WO-2021197,ASSET-00234,Corrective,150,1607,000020000214
WO-2021198,ASSET-00234,Emergency,378,331,000020000214
WO-2021199,ASSET-00234,Corrective,50,718,000020000214
WO-2021200,ASSET-00234,Corrective,91,1548,000020000214
WO-2021201,ASSET-00234,Preventive,0,,000020000214
WO-2021202,ASSET-00235,Preventive,0,,000020000215
WO-2021203,ASSET-00235,Corrective,75,302,000020000215
WO-2021204,ASSET-00235,Corrective,83,1201,000020000215
WO-2021205,ASSET-00235,Preventive,0,,000020000215
WO-2021206,ASSET-00235,Preventive,0,,000020000215
WO-2021207,ASSET-00235,Preventive,0,,000020000215
WO-2021208,ASSET-00235,Preventive,0,,000020000215
WO-2021209,ASSET-00235,Corrective,234,848,000020000215
WO-2021210,ASSET-00235,Preventive,0,,000020000215
WO-2021211,ASSET-00236,Preventive,0,,000020000216
WO-2021212,ASSET-00236,Emergency,546,1928,000020000216
WO-2021213,ASSET-00236,Emergency,392,346,000020000216
WO-2021214,ASSET-00236,Preventive,0,,000020000216
WO-2021215,ASSET-00237,Corrective,138,1073,000020000217
WO-2021216,ASSET-00237,Preventive,0,,000020000217
WO-2021217,ASSET-00237,Preventive,0,,000020000217
WO-2021218,ASSET-00238,Preventive,0,,000020000218
WO-2021219,ASSET-00238,Preventive,0,,000020000218
WO-2021220,ASSET-00238,Preventive,0,,000020000218
WO-2021221,ASSET-00238,Preventive,0,,000020000218
WO-2021222,ASSET-00239,Preventive,0,,000020000219
WO-2021223,ASSET-00239,Corrective,160,249,000020000219
WO-2021224,ASSET-00239,Preventive,0,,000020000219
WO-2021225,ASSET-00239,Preventive,0,,000020000219
WO-2021226,ASSET-00240,Emergency,489,1215,000020000220
WO-2021227,ASSET-00240,Preventive,0,,000020000220
WO-2021228,ASSET-00240,Preventive,0,,000020000220
WO-2021229,ASSET-00240,Preventive,0,,000020000220
WO-2021230,ASSET-00240,Preventive,0,,000020000220
WO-2021231,ASSET-00241,Corrective,110,995,000020000221
WO-2021232,ASSET-00242,Corrective,224,752,000020000222
WO-2021233,ASSET-00242,Corrective,49,1078,000020000222
WO-2021234,ASSET-00242,Corrective,61,642,000020000222
WO-2021235,ASSET-00242,Corrective,211,925,000020000222
WO-2021236,ASSET-00243,Corrective,53,827,000020000223
WO-2021237,ASSET-00243,Corrective,129,633,000020000223
WO-2021238,ASSET-00243,Preventive,0,,000020000223
WO-2021239,ASSET-00243,Preventive,0,,000020000223
WO-2021240,ASSET-00243,Emergency,502,1209,000020000223
WO-2021241,ASSET-00243,Corrective,156,963,000020000223
WO-2021242,ASSET-00243,Preventive,0,,000020000223
WO-2021243,ASSET-00244,Preventive,0,,000020000224
WO-2021244,ASSET-00244,Preventive,0,,000020000224
WO-2021245,ASSET-00244,Corrective,69,993,000020000224
WO-2021246,ASSET-00244,Preventive,0,,000020000224
WO-2021247,ASSET-00245,Preventive,0,,000020000225
WO-2021248,ASSET-00245,Corrective,211,412,000020000225
WO-2021249,ASSET-00245,Preventive,0,,000020000225
WO-2021250,ASSET-00245,Emergency,195,556,000020000225
WO-2021251,ASSET-00245,Preventive,0,,000020000225
WO-2021252,ASSET-00245,Corrective,231,1761,000020000225
WO-2021253,ASSET-00245,Corrective,211,903,000020000225
WO-2021254,ASSET-00246,Corrective,97,1503,000020000226
WO-2021255,ASSET-00246,Preventive,0,,000020000226
WO-2021256,ASSET-00246,Preventive,0,,000020000226
WO-2021257,ASSET-00246,Corrective,197,1117,000020000226
WO-2021258,ASSET-00246,Preventive,0,,000020000226
WO-2021259,ASSET-00247,Preventive,0,,000020000227
WO-2021260,ASSET-00247,Corrective,224,521,000020000227
WO-2021261,ASSET-00247,Preventive,0,,000020000227
WO-2021262,ASSET-00247,Corrective,146,684,000020000227
WO-2021263,ASSET-00248,Corrective,94,1783,000020000228
WO-2021264,ASSET-00248,Preventive,0,,000020000228
WO-2021265,ASSET-00248,Corrective,238,784,000020000228
WO-2021266,ASSET-00248,Corrective,176,1606,000020000228
WO-2021267,ASSET-00248,Emergency,407,712,000020000228
WO-2021268,ASSET-00249,Preventive,0,,000020000229
WO-2021269,ASSET-00249,Preventive,0,,000020000229
WO-2021270,ASSET-00249,Corrective,32,1665,000020000229
WO-2021271,ASSET-00249,Preventive,0,,000020000229
WO-2021272,ASSET-00249,Emergency,353,721,000020000229
WO-2021273,ASSET-00249,Emergency,285,918,000020000229
WO-2021274,ASSET-00250,Corrective,39,1704,000020000230
WO-2021275,ASSET-00250,Preventive,0,,000020000230
WO-2021276,ASSET-00251,Corrective,107,1023,
WO-2021277,ASSET-00251,Corrective,230,504,
WO-2021278,ASSET-00251,Emergency,560,1705,
WO-2021279,ASSET-00251,Corrective,202,1505,
WO-2021280,ASSET-00251,Corrective,46,784,
WO-2021281,ASSET-00251,Preventive,0,,
WO-2021282,ASSET-00251,Corrective,216,686,
WO-2021283,ASSET-00251,Preventive,0,,
WO-2021284,ASSET-00252,Preventive,0,,000020000231
WO-2021285,ASSET-00252,Preventive,0,,000020000231
WO-2021286,ASSET-00252,Preventive,0,,000020000231
WO-2021287,ASSET-00252,Corrective,60,1472,000020000231
WO-2021288,ASSET-00252,Corrective,202,1512,000020000231
WO-2021289,ASSET-00252,Corrective,162,203,000020000231
WO-2021290,ASSET-00252,Preventive,0,,000020000231
WO-2021291,ASSET-00252,Preventive,0,,000020000231
WO-2021292,ASSET-00252,Corrective,215,603,000020000231
WO-2021293,ASSET-00253,Corrective,110,1110,
WO-2021294,ASSET-00253,Preventive,0,,
WO-2021295,ASSET-00253,Preventive,0,,
WO-2021296,ASSET-00253,Corrective,54,1277,
WO-2021297,ASSET-00253,Preventive,0,,
WO-2021298,ASSET-00253,Corrective,57,1967,
WO-2021299,ASSET-00254,Preventive,0,,000020000232
WO-2021300,ASSET-00254,Corrective,119,1320,000020000232
WO-2021301,ASSET-00254,Corrective,220,540,000020000232
WO-2021302,ASSET-00255,Preventive,0,,000020000233
WO-2021303,ASSET-00255,Preventive,0,,000020000233
WO-2021304,ASSET-00255,Preventive,0,,000020000233
WO-2021305,ASSET-00255,Preventive,0,,000020000233
WO-2021306,ASSET-00256,Corrective,209,293,000020000234
WO-2021307,ASSET-00256,Preventive,0,,000020000234
WO-2021308,ASSET-00256,Preventive,0,,000020000234
WO-2021309,ASSET-00256,Corrective,184,1528,000020000234
WO-2021310,ASSET-00256,Preventive,0,,000020000234
WO-2021311,ASSET-00256,Corrective,70,1288,000020000234
WO-2021312,ASSET-00256,Preventive,0,,000020000234
WO-2021313,ASSET-00256,Preventive,0,,000020000234
WO-2021314,ASSET-00257,Preventive,0,,000020000235
WO-2021315,ASSET-00257,Preventive,0,,000020000235
WO-2021316,ASSET-00257,Preventive,0,,000020000235
WO-2021317,ASSET-00257,Preventive,0,,000020000235
WO-2021318,ASSET-00257,Preventive,0,,000020000235
WO-2021319,ASSET-00257,Preventive,0,,000020000235
WO-2021320,ASSET-00257,Emergency,281,915,000020000235
WO-2021321,ASSET-00257,Preventive,0,,000020000235
WO-2021322,ASSET-00258,Preventive,0,,000020000236
WO-2021323,ASSET-00258,Preventive,0,,000020000236
WO-2021324,ASSET-00258,Preventive,0,,000020000236
WO-2021325,ASSET-00258,Preventive,0,,000020000236
WO-2021326,ASSET-00258,Corrective,224,881,000020000236
WO-2021327,ASSET-00259,Preventive,0,,000020000237
WO-2021328,ASSET-00259,Preventive,0,,000020000237
WO-2021329,ASSET-00259,Preventive,0,,000020000237
WO-2021330,ASSET-00259,Preventive,0,,000020000237
WO-2021331,ASSET-00259,Preventive,0,,000020000237
WO-2021332,ASSET-00259,Preventive,0,,000020000237
WO-2021333,ASSET-00259,Corrective,234,1810,000020000237
WO-2021334,ASSET-00259,Corrective,116,770,000020000237
WO-2021335,ASSET-00259,Corrective,72,1873,000020000237
WO-2021336,ASSET-00260,Preventive,0,,000020000238
WO-2021337,ASSET-00260,Preventive,0,,000020000238
WO-2021338,ASSET-00260,Corrective,106,398,000020000238
WO-2021339,ASSET-00261,Emergency,100,1866,000020000239
WO-2021340,ASSET-00261,Preventive,0,,000020000239
WO-2021341,ASSET-00261,Preventive,0,,000020000239
WO-2021342,ASSET-00261,Preventive,0,,000020000239
WO-2021343,ASSET-00262,Corrective,215,847,000020000240
WO-2021344,ASSET-00262,Preventive,0,,000020000240
WO-2021345,ASSET-00262,Corrective,186,472,000020000240
WO-2021346,ASSET-00262,Preventive,0,,000020000240
WO-2021347,ASSET-00262,Preventive,0,,000020000240
WO-2021348,ASSET-00262,Corrective,178,849,000020000240
WO-2021349,ASSET-00263,Preventive,0,,000020000241
WO-2021350,ASSET-00263,Preventive,0,,000020000241
WO-2021351,ASSET-00263,Preventive,0,,000020000241
WO-2021352,ASSET-00263,Preventive,0,,000020000241
WO-2021353,ASSET-00264,Preventive,0,,000020000242
WO-2021354,ASSET-00264,Corrective,83,1136,000020000242
WO-2021355,ASSET-00265,Corrective,64,711,000020000243
WO-2021356,ASSET-00265,Emergency,103,240,000020000243
WO-2021357,ASSET-00265,Corrective,51,1247,000020000243
WO-2021358,ASSET-00265,Preventive,0,,000020000243
WO-2021359,ASSET-00266,Corrective,177,292,000020000244
WO-2021360,ASSET-00266,Emergency,404,1303,000020000244
WO-2021361,ASSET-00266,Corrective,57,952,000020000244
WO-2021362,ASSET-00266,Preventive,0,,000020000244
WO-2021363,ASSET-00267,Corrective,42,1627,000020000245
WO-2021364,ASSET-00267,Preventive,0,,000020000245
WO-2021365,ASSET-00267,Corrective,143,1347,000020000245
WO-2021366,ASSET-00268,Preventive,0,,000020000246
WO-2021367,ASSET-00268,Preventive,0,,000020000246
WO-2021368,ASSET-00268,Emergency,539,1816,000020000246
WO-2021369,ASSET-00268,Preventive,0,,000020000246
WO-2021370,ASSET-00268,Preventive,0,,000020000246
WO-2021371,ASSET-00268,Emergency,453,1950,000020000246
WO-2021372,ASSET-00268,Corrective,188,1736,000020000246
WO-2021373,ASSET-00269,Corrective,70,613,000020000247
WO-2021374,ASSET-00269,Preventive,0,,000020000247
WO-2021375,ASSET-00269,Preventive,0,,000020000247
WO-2021376,ASSET-00269,Emergency,355,1761,000020000247
WO-2021377,ASSET-00270,Preventive,0,,000020000248
WO-2021378,ASSET-00271,Corrective,83,1901,000020000249
WO-2021379,ASSET-00271,Preventive,0,,000020000249
WO-2021380,ASSET-00271,Corrective,97,1183,000020000249
WO-2021381,ASSET-00271,Corrective,223,1384,000020000249
WO-2021382,ASSET-00271,Preventive,0,,000020000249
WO-2021383,ASSET-00271,Preventive,0,,000020000249
WO-2021384,ASSET-00271,Corrective,80,1239,000020000249
WO-2021385,ASSET-00272,Corrective,62,228,000020000250
WO-2021386,ASSET-00272,Corrective,40,445,000020000250
WO-2021387,ASSET-00272,Corrective,102,527,000020000250
WO-2021388,ASSET-00272,Emergency,422,887,000020000250
WO-2021389,ASSET-00272,Preventive,0,,000020000250
WO-2021390,ASSET-00273,Corrective,145,986,000020000251
WO-2021391,ASSET-00273,Corrective,238,474,000020000251
WO-2021392,ASSET-00273,Emergency,367,403,000020000251
WO-2021393,ASSET-00273,Preventive,0,,000020000251
WO-2021394,ASSET-00274,Preventive,0,,000020000252
WO-2021395,ASSET-00274,Preventive,0,,000020000252
WO-2021396,ASSET-00275,Emergency,246,368,000020000253
WO-2021397,ASSET-00275,Emergency,69,1043,000020000253
WO-2021398,ASSET-00275,Preventive,0,,000020000253
WO-2021399,ASSET-00275,Preventive,0,,000020000253
WO-2021400,ASSET-00275,Corrective,37,988,000020000253
WO-2021401,ASSET-00276,Corrective,219,1881,000020000254
WO-2021402,ASSET-00276,Preventive,0,,000020000254
WO-2021403,ASSET-00276,Emergency,489,597,000020000254
WO-2021404,ASSET-00276,Preventive,0,,000020000254
WO-2021405,ASSET-00276,Corrective,229,220,000020000254
WO-2021406,ASSET-00276,Preventive,0,,000020000254
WO-2021407,ASSET-00276,Preventive,0,,000020000254
WO-2021408,ASSET-00276,Corrective,131,535,000020000254
WO-2021409,ASSET-00276,Preventive,0,,000020000254
WO-2021410,ASSET-00277,Corrective,75,700,000020000256
WO-2021411,ASSET-00277,Preventive,0,,000020000256
WO-2021412,ASSET-00277,Emergency,462,1471,000020000256
WO-2021413,ASSET-00277,Corrective,118,1068,000020000256
WO-2021414,ASSET-00278,Preventive,0,,000020000257
WO-2021415,ASSET-00278,Corrective,79,936,000020000257
WO-2021416,ASSET-00278,Preventive,0,,000020000257
WO-2021417,ASSET-00279,Corrective,205,1511,000020000258
WO-2021418,ASSET-00279,Preventive,0,,000020000258
WO-2021419,ASSET-00280,Preventive,0,,000020000259
WO-2021420,ASSET-00280,Corrective,35,365,000020000259
WO-2021421,ASSET-00280,Preventive,0,,000020000259
WO-2021422,ASSET-00280,Emergency,519,1385,000020000259
WO-2021423,ASSET-00280,Preventive,0,,000020000259
WO-2021424,ASSET-00280,Preventive,0,,000020000259
WO-2021425,ASSET-00280,Emergency,104,1446,000020000259
WO-2021426,ASSET-00281,Preventive,0,,000020000260
WO-2021427,ASSET-00281,Preventive,0,,000020000260
WO-2021428,ASSET-00281,Corrective,191,537,000020000260
WO-2021429,ASSET-00281,Preventive,0,,000020000260
WO-2021430,ASSET-00282,Preventive,0,,000020000261
WO-2021431,ASSET-00282,Corrective,43,536,000020000261
WO-2021432,ASSET-00282,Corrective,65,1054,000020000261
WO-2021433,ASSET-00282,Corrective,69,264,000020000261
WO-2021434,ASSET-00283,Emergency,265,428,000020000262
WO-2021435,ASSET-00283,Corrective,231,1248,000020000262
WO-2021436,ASSET-00283,Corrective,75,1044,000020000262
WO-2021437,ASSET-00283,Corrective,50,1373,000020000262
WO-2021438,ASSET-00283,Preventive,0,,000020000262
WO-2021439,ASSET-00284,Preventive,0,,000020000263
WO-2021440,ASSET-00284,Corrective,53,1273,000020000263
WO-2021441,ASSET-00284,Preventive,0,,000020000263
WO-2021442,ASSET-00284,Corrective,96,895,000020000263
WO-2021443,ASSET-00284,Corrective,45,1751,000020000263
WO-2021444,ASSET-00284,Emergency,487,1862,000020000263
WO-2021445,ASSET-00285,Preventive,0,,000020000264
WO-2021446,ASSET-00285,Corrective,181,990,000020000264
WO-2021447,ASSET-00285,Corrective,218,1413,000020000264
WO-2021448,ASSET-00285,Preventive,0,,000020000264
WO-2021449,ASSET-00285,Preventive,0,,000020000264
WO-2021450,ASSET-00285,Preventive,0,,000020000264
WO-2021451,ASSET-00286,Emergency,74,1787,000020000265
WO-2021452,ASSET-00286,Preventive,0,,000020000265
WO-2021453,ASSET-00286,Corrective,216,587,000020000265
WO-2021454,ASSET-00286,Preventive,0,,000020000265
WO-2021455,ASSET-00286,Corrective,119,1595,000020000265
WO-2021456,ASSET-00286,Corrective,238,1670,000020000265
WO-2021457,ASSET-00286,Preventive,0,,000020000265
WO-2021458,ASSET-00287,Corrective,232,1859,000020000266
WO-2021459,ASSET-00287,Preventive,0,,000020000266
WO-2021460,ASSET-00287,Corrective,213,1623,000020000266
WO-2021461,ASSET-00287,Preventive,0,,000020000266
WO-2021462,ASSET-00287,Preventive,0,,000020000266
WO-2021463,ASSET-00287,Preventive,0,,000020000266
WO-2021464,ASSET-00287,Preventive,0,,000020000266
WO-2021465,ASSET-00288,Preventive,0,,000020000267
WO-2021466,ASSET-00288,Corrective,63,1825,000020000267
WO-2021467,ASSET-00288,Preventive,0,,000020000267
WO-2021468,ASSET-00289,Preventive,0,,000020000268
WO-2021469,ASSET-00289,Emergency,572,1153,000020000268
WO-2021470,ASSET-00289,Preventive,0,,000020000268
WO-2021471,ASSET-00289,Preventive,0,,000020000268
WO-2021472,ASSET-00289,Corrective,110,518,000020000268
WO-2021473,ASSET-00290,Corrective,231,1994,000020000269
WO-2021474,ASSET-00290,Emergency,145,788,000020000269
WO-2021475,ASSET-00290,Corrective,36,721,000020000269
WO-2021476,ASSET-00290,Emergency,380,804,000020000269
WO-2021477,ASSET-00290,Corrective,196,647,000020000269
WO-2021478,ASSET-00290,Corrective,51,618,000020000269
WO-2021479,ASSET-00291,Preventive,0,,000020000270
WO-2021480,ASSET-00291,Corrective,127,443,000020000270
WO-2021481,ASSET-00291,Emergency,100,1865,000020000270
WO-2021482,ASSET-00292,Emergency,302,569,000020000271
WO-2021483,ASSET-00292,Preventive,0,,000020000271
WO-2021484,ASSET-00292,Emergency,80,1719,000020000271
WO-2021485,ASSET-00292,Emergency,254,918,000020000271
WO-2021486,ASSET-00292,Preventive,0,,000020000271
WO-2021487,ASSET-00292,Preventive,0,,000020000271
WO-2021488,ASSET-00292,Emergency,593,1583,000020000271
WO-2021489,ASSET-00293,Corrective,147,235,000020000272
WO-2021490,ASSET-00293,Preventive,0,,000020000272
WO-2021491,ASSET-00294,Preventive,0,,000020000273
WO-2021492,ASSET-00294,Preventive,0,,000020000273
WO-2021493,ASSET-00295,Preventive,0,,000020000274
WO-2021494,ASSET-00295,Preventive,0,,000020000274
WO-2021495,ASSET-00295,Preventive,0,,000020000274
WO-2021496,ASSET-00295,Corrective,217,1769,000020000274
WO-2021497,ASSET-00295,Preventive,0,,000020000274
WO-2021498,ASSET-00295,Corrective,61,1794,000020000274
WO-2021499,ASSET-00295,Corrective,154,1217,000020000274
WO-2021500,ASSET-00295,Preventive,0,,000020000274
WO-2021501,ASSET-00295,Preventive,0,,000020000274
WO-2021502,ASSET-00296,Corrective,217,342,000020000275
WO-2021503,ASSET-00296,Preventive,0,,000020000275
WO-2021504,ASSET-00296,Preventive,0,,000020000275
WO-2021505,ASSET-00296,Preventive,0,,000020000275
WO-2021506,ASSET-00297,Preventive,0,,000020000276
WO-2021507,ASSET-00297,Preventive,0,,000020000276
WO-2021508,ASSET-00297,Preventive,0,,000020000276
WO-2021509,ASSET-00298,Corrective,161,512,000020000277
WO-2021510,ASSET-00298,Preventive,0,,000020000277
WO-2021511,ASSET-00298,Preventive,0,,000020000277
WO-2021512,ASSET-00299,Corrective,60,1773,000020000278
WO-2021513,ASSET-00299,Preventive,0,,000020000278
WO-2021514,ASSET-00299,Preventive,0,,000020000278
WO-2021515,ASSET-00299,Preventive,0,,000020000278
WO-2021516,ASSET-00299,Corrective,114,575,000020000278
WO-2021517,ASSET-00299,Preventive,0,,000020000278
WO-2021518,ASSET-00299,Emergency,237,545,000020000278
WO-2021519,ASSET-00300,Corrective,171,793,000020000279
WO-2021520,ASSET-00300,Preventive,0,,000020000279
WO-2021521,ASSET-00300,Corrective,53,1749,000020000279
WO-2021522,ASSET-00301,Corrective,141,1458,000020000280
WO-2021523,ASSET-00301,Preventive,0,,000020000280
WO-2021524,ASSET-00301,Preventive,0,,000020000280
WO-2021525,ASSET-00301,Corrective,204,1394,000020000280
WO-2021526,ASSET-00302,Preventive,0,,000020000281
WO-2021527,ASSET-00302,Preventive,0,,000020000281
WO-2021528,ASSET-00302,Preventive,0,,000020000281
WO-2021529,ASSET-00302,Preventive,0,,000020000281
WO-2021530,ASSET-00302,Preventive,0,,000020000281
WO-2021531,ASSET-00302,Preventive,0,,000020000281
WO-2021532,ASSET-00303,Corrective,87,1885,000020000282
WO-2021533,ASSET-00303,Preventive,0,,000020000282
WO-2021534,ASSET-00303,Corrective,114,606,000020000282
WO-2021535,ASSET-00303,Corrective,219,653,000020000282
WO-2021536,ASSET-00303,Corrective,166,1248,000020000282
WO-2021537,ASSET-00303,Emergency,144,1839,000020000282
WO-2021538,ASSET-00304,Preventive,0,,000020000283
WO-2021539,ASSET-00304,Corrective,170,1565,000020000283
WO-2021540,ASSET-00304,Preventive,0,,000020000283
WO-2021541,ASSET-00304,Corrective,88,462,000020000283
WO-2021542,ASSET-00304,Corrective,79,1476,000020000283
WO-2021543,ASSET-00304,Corrective,196,225,000020000283
WO-2021544,ASSET-00304,Corrective,104,1553,000020000283
WO-2021545,ASSET-00305,Preventive,0,,000020000284
WO-2021546,ASSET-00305,Corrective,84,633,000020000284
WO-2021547,ASSET-00305,Preventive,0,,000020000284
WO-2021548,ASSET-00305,Preventive,0,,000020000284
WO-2021549,ASSET-00306,Preventive,0,,000020000285
WO-2021550,ASSET-00306,Preventive,0,,000020000285
WO-2021551,ASSET-00306,Corrective,91,1439,000020000285
WO-2021552,ASSET-00306,Preventive,0,,000020000285
WO-2021553,ASSET-00306,Emergency,592,648,000020000285
WO-2021554,ASSET-00306,Preventive,0,,000020000285
WO-2021555,ASSET-00306,Preventive,0,,000020000285
WO-2021556,ASSET-00307,Corrective,63,949,000020000286
WO-2021557,ASSET-00307,Preventive,0,,000020000286
WO-2021558,ASSET-00307,Corrective,76,1155,000020000286
WO-2021559,ASSET-00307,Corrective,189,730,000020000286
WO-2021560,ASSET-00308,Corrective,173,516,000020000287
WO-2021561,ASSET-00308,Preventive,0,,000020000287
WO-2021562,ASSET-00308,Preventive,0,,000020000287
WO-2021563,ASSET-00308,Corrective,114,1032,000020000287
WO-2021564,ASSET-00308,Preventive,0,,000020000287
WO-2021565,ASSET-00308,Preventive,0,,000020000287
WO-2021566,ASSET-00308,Corrective,116,605,000020000287
WO-2021567,ASSET-00308,Preventive,0,,000020000287
WO-2021568,ASSET-00309,Corrective,123,1515,000020000288
WO-2021569,ASSET-00309,Preventive,0,,000020000288
WO-2021570,ASSET-00309,Emergency,120,518,000020000288
WO-2021571,ASSET-00309,Corrective,124,315,000020000288
WO-2021572,ASSET-00309,Corrective,220,268,000020000288
WO-2021573,ASSET-00309,Corrective,65,1642,000020000288
WO-2021574,ASSET-00309,Emergency,466,1335,000020000288
WO-2021575,ASSET-00310,Emergency,293,1074,000020000289
WO-2021576,ASSET-00310,Corrective,224,577,000020000289
WO-2021577,ASSET-00310,Corrective,95,705,000020000289
WO-2021578,ASSET-00310,Preventive,0,,000020000289
WO-2021579,ASSET-00310,Emergency,216,1522,000020000289
WO-2021580,ASSET-00310,Corrective,193,382,000020000289
WO-2021581,ASSET-00310,Corrective,231,447,000020000289
WO-2021582,ASSET-00311,Emergency,537,326,000020000290
WO-2021583,ASSET-00311,Emergency,188,1738,000020000290
WO-2021584,ASSET-00311,Emergency,510,1054,000020000290
WO-2021585,ASSET-00311,Emergency,251,540,000020000290
WO-2021586,ASSET-00311,Preventive,0,,000020000290
WO-2021587,ASSET-00312,Corrective,142,777,000020000291
WO-2021588,ASSET-00312,Corrective,88,1716,000020000291
WO-2021589,ASSET-00312,Preventive,0,,000020000291
WO-2021590,ASSET-00312,Corrective,34,508,000020000291
WO-2021591,ASSET-00313,Corrective,112,1216,000020000292
WO-2021592,ASSET-00313,Emergency,112,1835,000020000292
WO-2021593,ASSET-00313,Corrective,81,1583,000020000292
WO-2021594,ASSET-00314,Preventive,0,,000020000293
WO-2021595,ASSET-00314,Preventive,0,,000020000293
WO-2021596,ASSET-00314,Corrective,166,301,000020000293
WO-2021597,ASSET-00314,Preventive,0,,000020000293
WO-2021598,ASSET-00314,Preventive,0,,000020000293
WO-2021599,ASSET-00314,Preventive,0,,000020000293
WO-2021600,ASSET-00314,Preventive,0,,000020000293
WO-2021601,ASSET-00315,Preventive,0,,000020000294
WO-2021602,ASSET-00315,Corrective,177,669,000020000294
WO-2021603,ASSET-00315,Corrective,77,1444,000020000294
WO-2021604,ASSET-00315,Preventive,0,,000020000294
WO-2021605,ASSET-00315,Corrective,113,652,000020000294
WO-2021606,ASSET-00316,Preventive,0,,000020000295
WO-2021607,ASSET-00316,Preventive,0,,000020000295
WO-2021608,ASSET-00316,Corrective,112,361,000020000295
WO-2021609,ASSET-00316,Corrective,203,1417,000020000295
WO-2021610,ASSET-00316,Preventive,0,,000020000295
WO-2021611,ASSET-00317,Emergency,592,744,000020000296
WO-2021612,ASSET-00317,Preventive,0,,000020000296
WO-2021613,ASSET-00317,Corrective,39,1801,000020000296
WO-2021614,ASSET-00318,Emergency,321,292,000020000297
WO-2021615,ASSET-00318,Preventive,0,,000020000297
WO-2021616,ASSET-00318,Preventive,0,,000020000297
WO-2021617,ASSET-00318,Emergency,544,474,000020000297
WO-2021618,ASSET-00318,Preventive,0,,000020000297
WO-2021619,ASSET-00318,Emergency,131,1505,000020000297
WO-2021620,ASSET-00318,Corrective,236,1791,000020000297
WO-2021621,ASSET-00319,Corrective,87,1232,000020000298
WO-2021622,ASSET-00319,Corrective,212,347,000020000298
WO-2021623,ASSET-00319,Preventive,0,,000020000298
WO-2021624,ASSET-00319,Preventive,0,,000020000298
WO-2021625,ASSET-00320,Corrective,104,592,000020000299
WO-2021626,ASSET-00320,Corrective,107,1717,000020000299
WO-2021627,ASSET-00320,Corrective,179,253,000020000299
WO-2021628,ASSET-00321,Preventive,0,,000020000300
WO-2021629,ASSET-00321,Preventive,0,,000020000300
WO-2021630,ASSET-00321,Corrective,193,1050,000020000300
WO-2021631,ASSET-00321,Preventive,0,,000020000300
WO-2021632,ASSET-00321,Preventive,0,,000020000300
WO-2021633,ASSET-00322,Preventive,0,,000020000301
WO-2021634,ASSET-00322,Preventive,0,,000020000301
WO-2021635,ASSET-00322,Corrective,198,1810,000020000301
WO-2021636,ASSET-00322,Preventive,0,,000020000301
WO-2021637,ASSET-00322,Preventive,0,,000020000301
WO-2021638,ASSET-00322,Preventive,0,,000020000301
WO-2021639,ASSET-00323,Corrective,236,1859,000020000302
WO-2021640,ASSET-00323,Preventive,0,,000020000302
WO-2021641,ASSET-00323,Preventive,0,,000020000302
WO-2021642,ASSET-00323,Preventive,0,,000020000302
WO-2021643,ASSET-00323,Preventive,0,,000020000302
WO-2021644,ASSET-00323,Corrective,230,1670,000020000302
WO-2021645,ASSET-00324,Corrective,80,1328,000020000303
WO-2021646,ASSET-00324,Preventive,0,,000020000303
WO-2021647,ASSET-00324,Corrective,89,438,000020000303
WO-2021648,ASSET-00324,Corrective,229,1890,000020000303
WO-2021649,ASSET-00325,Preventive,0,,000020000304
WO-2021650,ASSET-00325,Corrective,194,1487,000020000304
WO-2021651,ASSET-00325,Emergency,94,629,000020000304
WO-2021652,ASSET-00325,Preventive,0,,000020000304
WO-2021653,ASSET-00325,Corrective,239,1795,000020000304
WO-2021654,ASSET-00326,Corrective,236,601,000020000305
WO-2021655,ASSET-00326,Preventive,0,,000020000305
WO-2021656,ASSET-00326,Corrective,234,1667,000020000305
WO-2021657,ASSET-00326,Preventive,0,,000020000305
WO-2021658,ASSET-00326,Emergency,193,1852,000020000305
WO-2021659,ASSET-00327,Preventive,0,,000020000306
WO-2021660,ASSET-00327,Preventive,0,,000020000306
WO-2021661,ASSET-00327,Corrective,148,864,000020000306
WO-2021662,ASSET-00327,Corrective,227,762,000020000306
WO-2021663,ASSET-00327,Preventive,0,,000020000306
WO-2021664,ASSET-00327,Corrective,197,774,000020000306
WO-2021665,ASSET-00328,Corrective,129,702,000020000307
WO-2021666,ASSET-00328,Preventive,0,,000020000307
WO-2021667,ASSET-00328,Corrective,43,1831,000020000307
WO-2021668,ASSET-00328,Corrective,140,311,000020000307
WO-2021669,ASSET-00329,Corrective,152,846,000020000308
WO-2021670,ASSET-00329,Preventive,0,,000020000308
WO-2021671,ASSET-00329,Emergency,451,346,000020000308
WO-2021672,ASSET-00329,Corrective,228,981,000020000308
WO-2021673,ASSET-00329,Preventive,0,,000020000308
WO-2021674,ASSET-00329,Corrective,161,739,000020000308
WO-2021675,ASSET-00329,Preventive,0,,000020000308
WO-2021676,ASSET-00330,Preventive,0,,000020000309
WO-2021677,ASSET-00330,Corrective,75,1610,000020000309
WO-2021678,ASSET-00330,Emergency,532,1782,000020000309
WO-2021679,ASSET-00330,Preventive,0,,000020000309
WO-2021680,ASSET-00330,Preventive,0,,000020000309
WO-2021681,ASSET-00331,Corrective,215,1690,000020000310
WO-2021682,ASSET-00331,Preventive,0,,000020000310
WO-2021683,ASSET-00331,Preventive,0,,000020000310
WO-2021684,ASSET-00332,Preventive,0,,000020000311
WO-2021685,ASSET-00332,Preventive,0,,000020000311
WO-2021686,ASSET-00332,Corrective,190,1460,000020000311
WO-2021687,ASSET-00332,Corrective,92,1309,000020000311
WO-2021688,ASSET-00332,Preventive,0,,000020000311
WO-2021689,ASSET-00332,Preventive,0,,000020000311
WO-2021690,ASSET-00332,Preventive,0,,000020000311
WO-2021691,ASSET-00332,Corrective,146,203,000020000311
WO-2021692,ASSET-00333,Preventive,0,,000020000312
WO-2021693,ASSET-00333,Corrective,164,839,000020000312
WO-2021694,ASSET-00333,Corrective,220,1975,000020000312
WO-2021695,ASSET-00333,Preventive,0,,000020000312
WO-2021696,ASSET-00334,Preventive,0,,000020000313
WO-2021697,ASSET-00334,Preventive,0,,000020000313
WO-2021698,ASSET-00334,Emergency,91,606,000020000313
WO-2021699,ASSET-00334,Emergency,472,1758,000020000313
WO-2021700,ASSET-00334,Preventive,0,,000020000313
WO-2021701,ASSET-00334,Corrective,104,427,000020000313
WO-2021702,ASSET-00335,Corrective,56,764,000020000314
WO-2021703,ASSET-00335,Preventive,0,,000020000314
WO-2021704,ASSET-00335,Preventive,0,,000020000314
WO-2021705,ASSET-00335,Preventive,0,,000020000314
WO-2021706,ASSET-00335,Emergency,338,1278,000020000314
WO-2021707,ASSET-00335,Corrective,121,483,000020000314
WO-2021708,ASSET-00336,Corrective,215,1683,000020000315
WO-2021709,ASSET-00336,Preventive,0,,000020000315
WO-2021710,ASSET-00336,Preventive,0,,000020000315
WO-2021711,ASSET-00336,Corrective,180,1296,000020000315
WO-2021712,ASSET-00336,Preventive,0,,000020000315
WO-2021713,ASSET-00337,Preventive,0,,000020000316
WO-2021714,ASSET-00337,Preventive,0,,000020000316
WO-2021715,ASSET-00338,Emergency,223,895,000020000317
WO-2021716,ASSET-00338,Preventive,0,,000020000317
WO-2021717,ASSET-00338,Corrective,183,1727,000020000317
WO-2021718,ASSET-00338,Preventive,0,,000020000317
WO-2021719,ASSET-00338,Preventive,0,,000020000317
WO-2021720,ASSET-00338,Emergency,501,1465,000020000317
WO-2021721,ASSET-00338,Emergency,455,437,000020000317
WO-2021722,ASSET-00339,Corrective,226,1212,000020000318
WO-2021723,ASSET-00340,Preventive,0,,000020000319
WO-2021724,ASSET-00340,Preventive,0,,000020000319
WO-2021725,ASSET-00340,Preventive,0,,000020000319
WO-2021726,ASSET-00340,Corrective,85,503,000020000319
WO-2021727,ASSET-00340,Preventive,0,,000020000319
WO-2021728,ASSET-00340,Corrective,212,1575,000020000319
WO-2021729,ASSET-00340,Corrective,152,686,000020000319
WO-2021730,ASSET-00340,Corrective,178,906,000020000319
WO-2021731,ASSET-00341,Preventive,0,,000020000320
WO-2021732,ASSET-00341,Preventive,0,,000020000320
WO-2021733,ASSET-00341,Preventive,0,,000020000320
WO-2021734,ASSET-00342,Corrective,211,851,000020000321
WO-2021735,ASSET-00342,Emergency,438,1065,000020000321
WO-2021736,ASSET-00342,Preventive,0,,000020000321
WO-2021737,ASSET-00342,Emergency,314,829,000020000321
WO-2021738,ASSET-00342,Corrective,72,1281,000020000321
WO-2021739,ASSET-00342,Preventive,0,,000020000321
WO-2021740,ASSET-00343,Preventive,0,,000020000322
WO-2021741,ASSET-00343,Corrective,151,1175,000020000322
WO-2021742,ASSET-00344,Preventive,0,,000020000323
WO-2021743,ASSET-00344,Preventive,0,,000020000323
WO-2021744,ASSET-00344,Preventive,0,,000020000323
WO-2021745,ASSET-00344,Emergency,155,228,000020000323
WO-2021746,ASSET-00345,Preventive,0,,000020000324
WO-2021747,ASSET-00345,Corrective,119,922,000020000324
WO-2021748,ASSET-00345,Corrective,161,1990,000020000324
WO-2021749,ASSET-00346,Preventive,0,,000020000325
WO-2021750,ASSET-00346,Preventive,0,,000020000325
WO-2021751,ASSET-00346,Preventive,0,,000020000325
WO-2021752,ASSET-00346,Preventive,0,,000020000325
WO-2021753,ASSET-00347,Emergency,431,1320,000020000326
WO-2021754,ASSET-00347,Preventive,0,,000020000326
WO-2021755,ASSET-00347,Preventive,0,,000020000326
WO-2021756,ASSET-00347,Corrective,101,528,000020000326
WO-2021757,ASSET-00348,Emergency,277,1004,000020000327
WO-2021758,ASSET-00348,Preventive,0,,000020000327
WO-2021759,ASSET-00348,Corrective,221,1437,000020000327
WO-2021760,ASSET-00348,Corrective,85,1088,000020000327
WO-2021761,ASSET-00348,Corrective,204,1198,000020000327
WO-2021762,ASSET-00348,Preventive,0,,000020000327
WO-2021763,ASSET-00348,Emergency,225,493,000020000327
WO-2021764,ASSET-00348,Emergency,85,1275,000020000327
WO-2021765,ASSET-00349,Corrective,121,380,000020000328
WO-2021766,ASSET-00349,Corrective,228,1536,000020000328
WO-2021767,ASSET-00349,Corrective,192,1076,000020000328
WO-2021768,ASSET-00349,Preventive,0,,000020000328
WO-2021769,ASSET-00349,Corrective,121,840,000020000328
WO-2021770,ASSET-00349,Corrective,57,1273,000020000328
WO-2021771,ASSET-00350,Corrective,236,1429,000020000329
WO-2021772,ASSET-00350,Corrective,233,1109,000020000329
WO-2021773,ASSET-00350,Corrective,159,1155,000020000329
WO-2021774,ASSET-00351,Corrective,144,1732,000020000330
WO-2021775,ASSET-00351,Preventive,0,,000020000330
WO-2021776,ASSET-00351,Preventive,0,,000020000330
WO-2021777,ASSET-00351,Emergency,371,555,000020000330
WO-2021778,ASSET-00352,Emergency,148,1749,000020000331
WO-2021779,ASSET-00352,Preventive,0,,000020000331
WO-2021780,ASSET-00352,Preventive,0,,000020000331
WO-2021781,ASSET-00352,Preventive,0,,000020000331
WO-2021782,ASSET-00353,Corrective,40,1642,000020000332
WO-2021783,ASSET-00353,Corrective,211,1238,000020000332
WO-2021784,ASSET-00353,Corrective,43,1289,000020000332
WO-2021785,ASSET-00354,Preventive,0,,000020000333
WO-2021786,ASSET-00354,Preventive,0,,000020000333
WO-2021787,ASSET-00354,Preventive,0,,000020000333
WO-2021788,ASSET-00355,Preventive,0,,000020000334
WO-2021789,ASSET-00355,Preventive,0,,000020000334
WO-2021790,ASSET-00356,Corrective,81,1875,000020000335
WO-2021791,ASSET-00356,Preventive,0,,000020000335
WO-2021792,ASSET-00356,Preventive,0,,000020000335
WO-2021793,ASSET-00356,Emergency,194,872,000020000335
WO-2021794,ASSET-00357,Preventive,0,,000020000336
WO-2021795,ASSET-00357,Emergency,579,1809,000020000336
WO-2021796,ASSET-00357,Preventive,0,,000020000336
WO-2021797,ASSET-00357,Preventive,0,,000020000336
WO-2021798,ASSET-00358,Corrective,126,273,000020000337
WO-2021799,ASSET-00358,Corrective,77,1512,000020000337
WO-2021800,ASSET-00358,Preventive,0,,000020000337
WO-2021801,ASSET-00358,Preventive,0,,000020000337
WO-2021802,ASSET-00358,Preventive,0,,000020000337
WO-2021803,ASSET-00358,Corrective,80,1846,000020000337
WO-2021804,ASSET-00359,Preventive,0,,000020000338
WO-2021805,ASSET-00359,Corrective,134,1250,000020000338
WO-2021806,ASSET-00359,Corrective,200,560,000020000338
WO-2021807,ASSET-00359,Preventive,0,,000020000338
WO-2021808,ASSET-00360,Corrective,194,260,000020000339
WO-2021809,ASSET-00360,Preventive,0,,000020000339
WO-2021810,ASSET-00360,Corrective,148,1476,000020000339
WO-2021811,ASSET-00360,Preventive,0,,000020000339
WO-2021812,ASSET-00361,Corrective,134,1077,000020000340
WO-2021813,ASSET-00361,Preventive,0,,000020000340
WO-2021814,ASSET-00361,Emergency,182,698,000020000340
WO-2021815,ASSET-00361,Corrective,138,1109,000020000340
WO-2021816,ASSET-00362,Corrective,79,578,000020000341
WO-2021817,ASSET-00362,Preventive,0,,000020000341
WO-2021818,ASSET-00362,Preventive,0,,000020000341
WO-2021819,ASSET-00362,Preventive,0,,000020000341
WO-2021820,ASSET-00362,Corrective,117,1213,000020000341
WO-2021821,ASSET-00362,Preventive,0,,000020000341
WO-2021822,ASSET-00363,Preventive,0,,000020000342
WO-2021823,ASSET-00363,Preventive,0,,000020000342
WO-2021824,ASSET-00363,Corrective,76,1499,000020000342
WO-2021825,ASSET-00363,Corrective,181,1501,000020000342
WO-2021826,ASSET-00363,Preventive,0,,000020000342
WO-2021827,ASSET-00363,Preventive,0,,000020000342
WO-2021828,ASSET-00364,Corrective,75,710,000020000343
WO-2021829,ASSET-00364,Preventive,0,,000020000343
WO-2021830,ASSET-00364,Corrective,217,672,000020000343
WO-2021831,ASSET-00364,Corrective,221,344,000020000343
WO-2021832,ASSET-00364,Preventive,0,,000020000343
WO-2021833,ASSET-00364,Preventive,0,,000020000343
WO-2021834,ASSET-00365,Corrective,221,1495,000020000344
WO-2021835,ASSET-00365,Preventive,0,,000020000344
WO-2021836,ASSET-00365,Preventive,0,,000020000344
WO-2021837,ASSET-00365,Corrective,172,1608,000020000344
WO-2021838,ASSET-00365,Preventive,0,,000020000344
WO-2021839,ASSET-00365,Corrective,84,1461,000020000344
WO-2021840,ASSET-00366,Corrective,159,1704,000020000345
WO-2021841,ASSET-00366,Preventive,0,,000020000345
WO-2021842,ASSET-00366,Emergency,195,214,000020000345
WO-2021843,ASSET-00367,Preventive,0,,000020000346
WO-2021844,ASSET-00367,Preventive,0,,000020000346
WO-2021845,ASSET-00367,Preventive,0,,000020000346
WO-2021846,ASSET-00367,Corrective,104,465,000020000346
WO-2021847,ASSET-00368,Corrective,32,443,000020000347
WO-2021848,ASSET-00368,Preventive,0,,000020000347
WO-2021849,ASSET-00368,Corrective,98,1895,000020000347
WO-2021850,ASSET-00368,Corrective,139,1952,000020000347
WO-2021851,ASSET-00369,Corrective,126,347,000020000348
WO-2021852,ASSET-00369,Preventive,0,,000020000348
WO-2021853,ASSET-00369,Emergency,583,929,000020000348
WO-2021854,ASSET-00369,Preventive,0,,000020000348
WO-2021855,ASSET-00369,Corrective,65,1456,000020000348
WO-2021856,ASSET-00369,Preventive,0,,000020000348
WO-2021857,ASSET-00369,Corrective,98,1412,000020000348
WO-2021858,ASSET-00370,Corrective,225,1996,000020000349
WO-2021859,ASSET-00370,Preventive,0,,000020000349
WO-2021860,ASSET-00370,Emergency,534,577,000020000349
WO-2021861,ASSET-00370,Preventive,0,,000020000349
WO-2021862,ASSET-00371,Emergency,154,475,000020000350
WO-2021863,ASSET-00371,Corrective,220,273,000020000350
WO-2021864,ASSET-00371,Corrective,214,1493,000020000350
WO-2021865,ASSET-00371,Preventive,0,,000020000350
WO-2021866,ASSET-00371,Preventive,0,,000020000350
WO-2021867,ASSET-00372,Emergency,381,1722,000020000351
WO-2021868,ASSET-00372,Corrective,140,1505,000020000351
WO-2021869,ASSET-00372,Corrective,185,1715,000020000351
WO-2021870,ASSET-00372,Corrective,95,786,000020000351
WO-2021871,ASSET-00372,Preventive,0,,000020000351
WO-2021872,ASSET-00372,Corrective,62,1073,000020000351
WO-2021873,ASSET-00373,Preventive,0,,000020000352
WO-2021874,ASSET-00373,Preventive,0,,000020000352
WO-2021875,ASSET-00373,Preventive,0,,000020000352
WO-2021876,ASSET-00373,Corrective,208,1084,000020000352
WO-2021877,ASSET-00373,Preventive,0,,000020000352
WO-2021878,ASSET-00373,Corrective,67,925,000020000352
WO-2021879,ASSET-00373,Preventive,0,,000020000352
WO-2021880,ASSET-00373,Corrective,202,837,000020000352
WO-2021881,ASSET-00374,Corrective,232,1165,000020000353
WO-2021882,ASSET-00374,Preventive,0,,000020000353
WO-2021883,ASSET-00374,Corrective,216,248,000020000353
WO-2021884,ASSET-00375,Corrective,85,1583,000020000354
WO-2021885,ASSET-00375,Preventive,0,,000020000354
WO-2021886,ASSET-00375,Preventive,0,,000020000354
WO-2021887,ASSET-00375,Corrective,144,1855,000020000354
WO-2021888,ASSET-00375,Preventive,0,,000020000354
WO-2021889,ASSET-00375,Emergency,364,516,000020000354
WO-2021890,ASSET-00375,Preventive,0,,000020000354
WO-2021891,ASSET-00375,Preventive,0,,000020000354
WO-2021892,ASSET-00375,Preventive,0,,000020000354
WO-2021893,ASSET-00376,Corrective,226,334,000020000355
WO-2021894,ASSET-00376,Preventive,0,,000020000355
WO-2021895,ASSET-00376,Preventive,0,,000020000355
WO-2021896,ASSET-00376,Emergency,265,984,000020000355
WO-2021897,ASSET-00376,Emergency,63,356,000020000355
WO-2021898,ASSET-00376,Corrective,86,1499,000020000355
WO-2021899,ASSET-00376,Preventive,0,,000020000355
WO-2021900,ASSET-00376,Preventive,0,,000020000355
WO-2021901,ASSET-00377,Preventive,0,,000020000356
WO-2021902,ASSET-00377,Preventive,0,,000020000356
WO-2021903,ASSET-00377,Emergency,509,907,000020000356
WO-2021904,ASSET-00377,Preventive,0,,000020000356
WO-2021905,ASSET-00377,Preventive,0,,000020000356
WO-2021906,ASSET-00377,Preventive,0,,000020000356
WO-2021907,ASSET-00377,Preventive,0,,000020000356
WO-2021908,ASSET-00377,Preventive,0,,000020000356
WO-2021909,ASSET-00378,Corrective,190,631,000020000357
WO-2021910,ASSET-00378,Corrective,82,1409,000020000357
WO-2021911,ASSET-00378,Preventive,0,,000020000357
WO-2021912,ASSET-00378,Preventive,0,,000020000357
WO-2021913,ASSET-00379,Preventive,0,,000020000358
WO-2021914,ASSET-00379,Corrective,117,1463,000020000358
WO-2021915,ASSET-00379,Emergency,533,475,000020000358
WO-2021916,ASSET-00379,Preventive,0,,000020000358
WO-2021917,ASSET-00379,Preventive,0,,000020000358
WO-2021918,ASSET-00379,Corrective,214,945,000020000358
WO-2021919,ASSET-00379,Corrective,43,890,000020000358
WO-2021920,ASSET-00380,Preventive,0,,000020000359
WO-2021921,ASSET-00380,Corrective,38,1445,000020000359
WO-2021922,ASSET-00380,Preventive,0,,000020000359
WO-2021923,ASSET-00380,Corrective,121,1422,000020000359
WO-2021924,ASSET-00380,Preventive,0,,000020000359
WO-2021925,ASSET-00381,Preventive,0,,000020000360
WO-2021926,ASSET-00381,Emergency,123,282,000020000360
WO-2021927,ASSET-00382,Emergency,281,759,000020000361
WO-2021928,ASSET-00382,Preventive,0,,000020000361
WO-2021929,ASSET-00382,Corrective,203,1060,000020000361
WO-2021930,ASSET-00383,Preventive,0,,000020000362
WO-2021931,ASSET-00383,Preventive,0,,000020000362
WO-2021932,ASSET-00384,Preventive,0,,000020000363
WO-2021933,ASSET-00384,Corrective,156,763,000020000363
WO-2021934,ASSET-00384,Corrective,196,771,000020000363
WO-2021935,ASSET-00384,Preventive,0,,000020000363
WO-2021936,ASSET-00384,Preventive,0,,000020000363
WO-2021937,ASSET-00384,Preventive,0,,000020000363
WO-2021938,ASSET-00384,Preventive,0,,000020000363
WO-2021939,ASSET-00385,Preventive,0,,000020000364
WO-2021940,ASSET-00385,Corrective,36,226,000020000364
WO-2021941,ASSET-00386,Corrective,153,1965,000020000365
WO-2021942,ASSET-00386,Preventive,0,,000020000365
WO-2021943,ASSET-00386,Corrective,106,1963,000020000365
WO-2021944,ASSET-00386,Preventive,0,,000020000365
WO-2021945,ASSET-00386,Preventive,0,,000020000365
WO-2021946,ASSET-00387,Corrective,148,459,000020000366
WO-2021947,ASSET-00387,Preventive,0,,000020000366
WO-2021948,ASSET-00387,Emergency,320,759,000020000366
WO-2021949,ASSET-00388,Preventive,0,,000020000367
WO-2021950,ASSET-00388,Preventive,0,,000020000367
WO-2021951,ASSET-00388,Preventive,0,,000020000367
WO-2021952,ASSET-00388,Preventive,0,,000020000367
WO-2021953,ASSET-00388,Preventive,0,,000020000367
WO-2021954,ASSET-00388,Preventive,0,,000020000367
WO-2021955,ASSET-00389,Corrective,188,1552,000020000368
WO-2021956,ASSET-00389,Corrective,199,749,000020000368
WO-2021957,ASSET-00389,Preventive,0,,000020000368
WO-2021958,ASSET-00389,Corrective,213,1233,000020000368
WO-2021959,ASSET-00389,Preventive,0,,000020000368
WO-2021960,ASSET-00390,Preventive,0,,000020000369
WO-2021961,ASSET-00390,Preventive,0,,000020000369
WO-2021962,ASSET-00390,Preventive,0,,000020000369
WO-2021963,ASSET-00390,Corrective,38,497,000020000369
WO-2021964,ASSET-00391,Preventive,0,,000020000370
WO-2021965,ASSET-00391,Preventive,0,,000020000370
WO-2021966,ASSET-00391,Corrective,111,1695,000020000370
WO-2021967,ASSET-00391,Preventive,0,,000020000370
WO-2021968,ASSET-00392,Preventive,0,,000020000371
WO-2021969,ASSET-00392,Preventive,0,,000020000371
WO-2021970,ASSET-00393,Preventive,0,,000020000372
WO-2021971,ASSET-00393,Preventive,0,,000020000372
WO-2021972,ASSET-00393,Preventive,0,,000020000372
WO-2021973,ASSET-00394,Preventive,0,,000020000373
WO-2021974,ASSET-00394,Corrective,136,1665,000020000373
WO-2021975,ASSET-00394,Preventive,0,,000020000373
WO-2021976,ASSET-00395,Preventive,0,,000020000374
WO-2021977,ASSET-00395,Corrective,217,1007,000020000374
WO-2021978,ASSET-00395,Preventive,0,,000020000374
WO-2021979,ASSET-00395,Corrective,143,1669,000020000374
WO-2021980,ASSET-00395,Preventive,0,,000020000374
WO-2021981,ASSET-00395,Corrective,184,1923,000020000374
WO-2021982,ASSET-00395,Preventive,0,,000020000374
WO-2021983,ASSET-00396,Preventive,0,,000020000375
WO-2021984,ASSET-00396,Preventive,0,,000020000375
WO-2021985,ASSET-00396,Preventive,0,,000020000375
WO-2021986,ASSET-00396,Preventive,0,,000020000375
WO-2021987,ASSET-00396,Preventive,0,,000020000375
WO-2021988,ASSET-00397,Preventive,0,,000020000376
WO-2021989,ASSET-00397,Preventive,0,,000020000376
WO-2021990,ASSET-00398,Corrective,125,1444,000020000377
WO-2021991,ASSET-00398,Preventive,0,,000020000377
WO-2021992,ASSET-00398,Preventive,0,,000020000377
WO-2021993,ASSET-00398,Preventive,0,,000020000377
WO-2021994,ASSET-00398,Corrective,161,751,000020000377
WO-2021995,ASSET-00398,Preventive,0,,000020000377
WO-2021996,ASSET-00398,Preventive,0,,000020000377
WO-2021997,ASSET-00399,Corrective,183,378,000020000378
WO-2021998,ASSET-00399,Preventive,0,,000020000378
WO-2021999,ASSET-00399,Preventive,0,,000020000378
WO-2022000,ASSET-00399,Preventive,0,,000020000378
WO-2022001,ASSET-00399,Preventive,0,,000020000378
WO-2022002,ASSET-00400,Preventive,0,,000020000379
WO-2022003,ASSET-00400,Corrective,101,232,000020000379
WO-2022004,ASSET-00400,Preventive,0,,000020000379
WO-2022005,ASSET-00400,Preventive,0,,000020000379
WO-2022006,ASSET-00401,Corrective,121,1356,000020000380
WO-2022007,ASSET-00401,Preventive,0,,000020000380
WO-2022008,ASSET-00401,Corrective,176,1832,000020000380
WO-2022009,ASSET-00401,Emergency,119,873,000020000380
WO-2022010,ASSET-00401,Preventive,0,,000020000380
WO-2022011,ASSET-00402,Preventive,0,,000020000381
WO-2022012,ASSET-00402,Preventive,0,,000020000381
WO-2022013,ASSET-00402,Preventive,0,,000020000381
WO-2022014,ASSET-00402,Preventive,0,,000020000381
WO-2022015,ASSET-00402,Preventive,0,,000020000381
WO-2022016,ASSET-00402,Preventive,0,,000020000381
WO-2022017,ASSET-00402,Preventive,0,,000020000381
WO-2022018,ASSET-00402,Corrective,53,1180,000020000381
WO-2022019,ASSET-00403,Preventive,0,,000020000382
WO-2022020,ASSET-00403,Preventive,0,,000020000382
WO-2022021,ASSET-00403,Emergency,557,1467,000020000382
WO-2022022,ASSET-00403,Preventive,0,,000020000382
WO-2022023,ASSET-00403,Emergency,112,1423,000020000382
WO-2022024,ASSET-00403,Corrective,238,721,000020000382
WO-2022025,ASSET-00403,Preventive,0,,000020000382
WO-2022026,ASSET-00404,Preventive,0,,000020000383
WO-2022027,ASSET-00404,Corrective,217,1486,000020000383
WO-2022028,ASSET-00404,Emergency,526,1882,000020000383
WO-2022029,ASSET-00404,Preventive,0,,000020000383
WO-2022030,ASSET-00404,Corrective,54,1193,000020000383
WO-2022031,ASSET-00404,Corrective,152,1615,000020000383
WO-2022032,ASSET-00405,Corrective,87,1922,000020000384
WO-2022033,ASSET-00405,Corrective,227,1683,000020000384
WO-2022034,ASSET-00405,Preventive,0,,000020000384
WO-2022035,ASSET-00405,Preventive,0,,000020000384
WO-2022036,ASSET-00406,Preventive,0,,000020000385
WO-2022037,ASSET-00406,Preventive,0,,000020000385
WO-2022038,ASSET-00406,Emergency,187,959,000020000385
WO-2022039,ASSET-00406,Corrective,191,1752,000020000385
WO-2022040,ASSET-00407,Preventive,0,,000020000386
WO-2022041,ASSET-00407,Preventive,0,,000020000386
WO-2022042,ASSET-00407,Preventive,0,,000020000386
WO-2022043,ASSET-00407,Preventive,0,,000020000386
WO-2022044,ASSET-00408,Corrective,195,1418,000020000387
WO-2022045,ASSET-00408,Preventive,0,,000020000387
WO-2022046,ASSET-00408,Preventive,0,,000020000387
WO-2022047,ASSET-00408,Preventive,0,,000020000387
WO-2022048,ASSET-00408,Preventive,0,,000020000387
WO-2022049,ASSET-00408,Corrective,80,1280,000020000387
WO-2022050,ASSET-00408,Preventive,0,,000020000387
WO-2022051,ASSET-00408,Preventive,0,,000020000387
WO-2022052,ASSET-00409,Preventive,0,,000020000388
WO-2022053,ASSET-00409,Corrective,69,1141,000020000388
WO-2022054,ASSET-00409,Preventive,0,,000020000388
WO-2022055,ASSET-00409,Corrective,124,558,000020000388
WO-2022056,ASSET-00409,Emergency,550,1626,000020000388
WO-2022057,ASSET-00410,Preventive,0,,000020000389
WO-2022058,ASSET-00410,Emergency,459,781,000020000389
WO-2022059,ASSET-00410,Preventive,0,,000020000389
WO-2022060,ASSET-00410,Preventive,0,,000020000389
WO-2022061,ASSET-00410,Corrective,147,212,000020000389
WO-2022062,ASSET-00410,Corrective,68,1479,000020000389
WO-2022063,ASSET-00411,Corrective,169,808,000020000390
WO-2022064,ASSET-00411,Corrective,135,381,000020000390
WO-2022065,ASSET-00411,Emergency,548,1432,000020000390
WO-2022066,ASSET-00412,Preventive,0,,000020000391
WO-2022067,ASSET-00412,Corrective,62,665,000020000391
WO-2022068,ASSET-00412,Emergency,148,1406,000020000391
WO-2022069,ASSET-00412,Preventive,0,,000020000391
WO-2022070,ASSET-00412,Corrective,226,275,000020000391
WO-2022071,ASSET-00412,Preventive,0,,000020000391
WO-2022072,ASSET-00413,Preventive,0,,000020000392
WO-2022073,ASSET-00413,Corrective,174,1757,000020000392
WO-2022074,ASSET-00413,Emergency,424,712,000020000392
WO-2022075,ASSET-00413,Corrective,166,1748,000020000392
WO-2022076,ASSET-00413,Preventive,0,,000020000392
WO-2022077,ASSET-00413,Emergency,584,1062,000020000392
WO-2022078,ASSET-00414,Corrective,203,671,000020000393
WO-2022079,ASSET-00414,Corrective,60,578,000020000393
WO-2022080,ASSET-00414,Corrective,65,277,000020000393
WO-2022081,ASSET-00414,Corrective,32,863,000020000393
WO-2022082,ASSET-00415,Corrective,163,1006,000020000394
WO-2022083,ASSET-00416,Preventive,0,,000020000395
WO-2022084,ASSET-00416,Corrective,76,1641,000020000395
WO-2022085,ASSET-00416,Corrective,140,287,000020000395
WO-2022086,ASSET-00416,Corrective,232,568,000020000395
WO-2022087,ASSET-00416,Preventive,0,,000020000395
WO-2022088,ASSET-00417,Emergency,561,1830,000020000396
WO-2022089,ASSET-00417,Corrective,221,930,000020000396
WO-2022090,ASSET-00417,Preventive,0,,000020000396
WO-2022091,ASSET-00417,Preventive,0,,000020000396
WO-2022092,ASSET-00417,Preventive,0,,000020000396
WO-2022093,ASSET-00418,Corrective,153,1228,000020000397
WO-2022094,ASSET-00418,Corrective,87,384,000020000397
WO-2022095,ASSET-00418,Preventive,0,,000020000397
WO-2022096,ASSET-00418,Preventive,0,,000020000397
WO-2022097,ASSET-00419,Preventive,0,,000020000398
WO-2022098,ASSET-00419,Preventive,0,,000020000398
WO-2022099,ASSET-00419,Preventive,0,,000020000398
WO-2022100,ASSET-00419,Corrective,139,1852,000020000398
WO-2022101,ASSET-00419,Preventive,0,,000020000398
WO-2022102,ASSET-00419,Preventive,0,,000020000398
WO-2022103,ASSET-00419,Preventive,0,,000020000398
WO-2022104,ASSET-00420,Preventive,0,,000020000399
WO-2022105,ASSET-00420,Preventive,0,,000020000399
WO-2022106,ASSET-00420,Emergency,460,1352,000020000399
WO-2022107,ASSET-00420,Corrective,179,1213,000020000399
WO-2022108,ASSET-00421,Preventive,0,,000020000400
WO-2022109,ASSET-00421,Preventive,0,,000020000400
WO-2022110,ASSET-00421,Corrective,76,966,000020000400
WO-2022111,ASSET-00421,Corrective,116,1342,000020000400
WO-2022112,ASSET-00421,Preventive,0,,000020000400
WO-2022113,ASSET-00422,Corrective,155,1992,000020000401
WO-2022114,ASSET-00423,Corrective,86,259,000020000402
WO-2022115,ASSET-00423,Corrective,111,1132,000020000402
WO-2022116,ASSET-00423,Preventive,0,,000020000402
WO-2022117,ASSET-00423,Corrective,53,1919,000020000402
WO-2022118,ASSET-00423,Preventive,0,,000020000402
WO-2022119,ASSET-00424,Emergency,379,1979,000020000403
WO-2022120,ASSET-00424,Preventive,0,,000020000403
WO-2022121,ASSET-00424,Preventive,0,,000020000403
WO-2022122,ASSET-00424,Preventive,0,,000020000403
WO-2022123,ASSET-00425,Preventive,0,,000020000404
WO-2022124,ASSET-00425,Preventive,0,,000020000404
WO-2022125,ASSET-00425,Preventive,0,,000020000404
WO-2022126,ASSET-00425,Corrective,157,498,000020000404
WO-2022127,ASSET-00425,Preventive,0,,000020000404
WO-2022128,ASSET-00425,Preventive,0,,000020000404
WO-2022129,ASSET-00426,Preventive,0,,000020000405
WO-2022130,ASSET-00426,Emergency,367,1112,000020000405
WO-2022131,ASSET-00426,Preventive,0,,000020000405
WO-2022132,ASSET-00426,Preventive,0,,000020000405
WO-2022133,ASSET-00427,Preventive,0,,000020000406
WO-2022134,ASSET-00427,Preventive,0,,000020000406
WO-2022135,ASSET-00427,Preventive,0,,000020000406
WO-2022136,ASSET-00428,Preventive,0,,000020000407
WO-2022137,ASSET-00428,Preventive,0,,000020000407
WO-2022138,ASSET-00428,Preventive,0,,000020000407
WO-2022139,ASSET-00428,Corrective,53,469,000020000407
WO-2022140,ASSET-00428,Corrective,45,1969,000020000407
WO-2022141,ASSET-00428,Preventive,0,,000020000407
WO-2022142,ASSET-00428,Preventive,0,,000020000407
WO-2022143,ASSET-00429,Preventive,0,,000020000408
WO-2022144,ASSET-00429,Preventive,0,,000020000408
WO-2022145,ASSET-00429,Preventive,0,,000020000408
WO-2022146,ASSET-00429,Preventive,0,,000020000408
WO-2022147,ASSET-00429,Corrective,66,317,000020000408
WO-2022148,ASSET-00429,Preventive,0,,000020000408
WO-2022149,ASSET-00430,Preventive,0,,000020000409
WO-2022150,ASSET-00430,Preventive,0,,000020000409
WO-2022151,ASSET-00430,Preventive,0,,000020000409
WO-2022152,ASSET-00430,Preventive,0,,000020000409
WO-2022153,ASSET-00431,Preventive,0,,000020000410
WO-2022154,ASSET-00431,Preventive,0,,000020000410
WO-2022155,ASSET-00431,Corrective,219,742,000020000410
WO-2022156,ASSET-00431,Corrective,51,1457,000020000410
WO-2022157,ASSET-00431,Preventive,0,,000020000410
WO-2022158,ASSET-00431,Preventive,0,,000020000410
WO-2022159,ASSET-00431,Preventive,0,,000020000410
WO-2022160,ASSET-00432,Emergency,147,1022,000020000411
WO-2022161,ASSET-00432,Preventive,0,,000020000411
WO-2022162,ASSET-00433,Preventive,0,,000020000412
WO-2022163,ASSET-00433,Corrective,201,1391,000020000412
WO-2022164,ASSET-00433,Corrective,165,1544,000020000412
WO-2022165,ASSET-00433,Preventive,0,,000020000412
WO-2022166,ASSET-00433,Corrective,164,1606,000020000412
WO-2022167,ASSET-00433,Corrective,195,1301,000020000412
WO-2022168,ASSET-00433,Emergency,250,1248,000020000412
WO-2022169,ASSET-00434,Corrective,77,481,000020000413
WO-2022170,ASSET-00434,Preventive,0,,000020000413
WO-2022171,ASSET-00434,Preventive,0,,000020000413
WO-2022172,ASSET-00434,Preventive,0,,000020000413
WO-2022173,ASSET-00434,Preventive,0,,000020000413
WO-2022174,ASSET-00434,Corrective,69,1184,000020000413
WO-2022175,ASSET-00435,Preventive,0,,000020000414
WO-2022176,ASSET-00435,Preventive,0,,000020000414
WO-2022177,ASSET-00435,Corrective,188,640,000020000414
WO-2022178,ASSET-00435,Preventive,0,,000020000414
WO-2022179,ASSET-00435,Corrective,216,485,000020000414
WO-2022180,ASSET-00436,Preventive,0,,000020000415
WO-2022181,ASSET-00436,Corrective,213,922,000020000415
WO-2022182,ASSET-00436,Preventive,0,,000020000415
WO-2022183,ASSET-00436,Preventive,0,,000020000415
WO-2022184,ASSET-00436,Preventive,0,,000020000415
WO-2022185,ASSET-00436,Corrective,232,1682,000020000415
WO-2022186,ASSET-00436,Emergency,301,1404,000020000415
WO-2022187,ASSET-00437,Corrective,216,1616,000020000416
WO-2022188,ASSET-00437,Corrective,170,202,000020000416
WO-2022189,ASSET-00437,Preventive,0,,000020000416
WO-2022190,ASSET-00437,Corrective,229,1633,000020000416
WO-2022191,ASSET-00437,Preventive,0,,000020000416
WO-2022192,ASSET-00438,Corrective,72,694,000020000417
WO-2022193,ASSET-00438,Preventive,0,,000020000417
WO-2022194,ASSET-00438,Preventive,0,,000020000417
WO-2022195,ASSET-00438,Preventive,0,,000020000417
WO-2022196,ASSET-00439,Corrective,107,462,000020000418
WO-2022197,ASSET-00439,Preventive,0,,000020000418
WO-2022198,ASSET-00439,Preventive,0,,000020000418
WO-2022199,ASSET-00439,Preventive,0,,000020000418
WO-2022200,ASSET-00440,Preventive,0,,000020000419
WO-2022201,ASSET-00440,Preventive,0,,000020000419
WO-2022202,ASSET-00440,Corrective,153,1450,000020000419
WO-2022203,ASSET-00440,Emergency,405,1086,000020000419
WO-2022204,ASSET-00440,Corrective,234,1619,000020000419
WO-2022205,ASSET-00440,Corrective,141,1414,000020000419
WO-2022206,ASSET-00440,Preventive,0,,000020000419
WO-2022207,ASSET-00441,Emergency,491,1781,000020000420
WO-2022208,ASSET-00441,Preventive,0,,000020000420
WO-2022209,ASSET-00442,Preventive,0,,000020000421
WO-2022210,ASSET-00442,Corrective,131,1847,000020000421
WO-2022211,ASSET-00442,Preventive,0,,000020000421
WO-2022212,ASSET-00442,Preventive,0,,000020000421
WO-2022213,ASSET-00442,Corrective,74,1228,000020000421
WO-2022214,ASSET-00442,Preventive,0,,000020000421
WO-2022215,ASSET-00442,Emergency,521,1953,000020000421
WO-2022216,ASSET-00442,Preventive,0,,000020000421
WO-2022217,ASSET-00442,Preventive,0,,000020000421
WO-2022218,ASSET-00443,Corrective,179,951,000020000422
WO-2022219,ASSET-00443,Preventive,0,,000020000422
WO-2022220,ASSET-00443,Preventive,0,,000020000422
WO-2022221,ASSET-00443,Preventive,0,,000020000422
WO-2022222,ASSET-00443,Preventive,0,,000020000422
WO-2022223,ASSET-00443,Corrective,65,674,000020000422
WO-2022224,ASSET-00443,Preventive,0,,000020000422
WO-2022225,ASSET-00443,Preventive,0,,000020000422
WO-2022226,ASSET-00443,Preventive,0,,000020000422
WO-2022227,ASSET-00443,Corrective,54,1238,000020000422
WO-2022228,ASSET-00444,Preventive,0,,000020000423
WO-2022229,ASSET-00444,Preventive,0,,000020000423
WO-2022230,ASSET-00444,Preventive,0,,000020000423
WO-2022231,ASSET-00444,Corrective,63,1850,000020000423
WO-2022232,ASSET-00445,Corrective,235,360,000020000424
WO-2022233,ASSET-00445,Preventive,0,,000020000424
WO-2022234,ASSET-00445,Corrective,109,1900,000020000424
WO-2022235,ASSET-00446,Preventive,0,,000020000425
WO-2022236,ASSET-00446,Emergency,106,1409,000020000425
WO-2022237,ASSET-00446,Preventive,0,,000020000425
WO-2022238,ASSET-00447,Preventive,0,,000020000426
WO-2022239,ASSET-00447,Corrective,36,585,000020000426
WO-2022240,ASSET-00447,Preventive,0,,000020000426
WO-2022241,ASSET-00447,Emergency,236,1515,000020000426
WO-2022242,ASSET-00447,Preventive,0,,000020000426
WO-2022243,ASSET-00447,Preventive,0,,000020000426
WO-2022244,ASSET-00447,Corrective,81,261,000020000426
WO-2022245,ASSET-00447,Corrective,54,600,000020000426
WO-2022246,ASSET-00447,Preventive,0,,000020000426
WO-2022247,ASSET-00447,Preventive,0,,000020000426
WO-2022248,ASSET-00448,Corrective,78,1628,000020000427
WO-2022249,ASSET-00448,Preventive,0,,000020000427
WO-2022250,ASSET-00448,Preventive,0,,000020000427
WO-2022251,ASSET-00448,Corrective,31,1494,000020000427
WO-2022252,ASSET-00448,Preventive,0,,000020000427
WO-2022253,ASSET-00448,Preventive,0,,000020000427
WO-2022254,ASSET-00448,Corrective,215,445,000020000427
WO-2022255,ASSET-00448,Corrective,52,1162,000020000427
WO-2022256,ASSET-00449,Emergency,226,1572,000020000428
WO-2022257,ASSET-00449,Emergency,544,1186,000020000428
WO-2022258,ASSET-00449,Corrective,44,758,000020000428
WO-2022259,ASSET-00449,Preventive,0,,000020000428
WO-2022260,ASSET-00449,Preventive,0,,000020000428
WO-2022261,ASSET-00449,Preventive,0,,000020000428
WO-2022262,ASSET-00450,Preventive,0,,000020000429
WO-2022263,ASSET-00450,Corrective,152,413,000020000429
WO-2022264,ASSET-00450,Preventive,0,,000020000429
WO-2022265,ASSET-00450,Preventive,0,,000020000429
WO-2022266,ASSET-00450,Preventive,0,,000020000429
WO-2022267,ASSET-00451,Corrective,240,1615,000020000430
WO-2022268,ASSET-00451,Preventive,0,,000020000430
WO-2022269,ASSET-00451,Corrective,146,1848,000020000430
WO-2022270,ASSET-00451,Corrective,91,1654,000020000430
WO-2022271,ASSET-00451,Emergency,74,1082,000020000430
WO-2022272,ASSET-00451,Preventive,0,,000020000430
WO-2022273,ASSET-00451,Corrective,216,1625,000020000430
WO-2022274,ASSET-00451,Preventive,0,,000020000430
WO-2022275,ASSET-00452,Preventive,0,,000020000431
WO-2022276,ASSET-00452,Preventive,0,,000020000431
WO-2022277,ASSET-00453,Corrective,189,1839,000020000432
WO-2022278,ASSET-00453,Preventive,0,,000020000432
WO-2022279,ASSET-00453,Preventive,0,,000020000432
WO-2022280,ASSET-00453,Preventive,0,,000020000432
WO-2022281,ASSET-00453,Preventive,0,,000020000432
WO-2022282,ASSET-00453,Preventive,0,,000020000432
WO-2022283,ASSET-00454,Corrective,46,635,000020000433
WO-2022284,ASSET-00454,Corrective,39,397,000020000433
WO-2022285,ASSET-00454,Corrective,141,1500,000020000433
WO-2022286,ASSET-00455,Preventive,0,,000020000434
WO-2022287,ASSET-00455,Emergency,101,1349,000020000434
WO-2022288,ASSET-00455,Preventive,0,,000020000434
WO-2022289,ASSET-00456,Preventive,0,,000020000435
WO-2022290,ASSET-00456,Corrective,138,956,000020000435
WO-2022291,ASSET-00457,Corrective,129,453,000020000436
WO-2022292,ASSET-00457,Corrective,213,1364,000020000436
WO-2022293,ASSET-00458,Preventive,0,,000020000437
WO-2022294,ASSET-00458,Preventive,0,,000020000437
WO-2022295,ASSET-00458,Emergency,550,831,000020000437
WO-2022296,ASSET-00458,Corrective,107,1749,000020000437
WO-2022297,ASSET-00458,Preventive,0,,000020000437
WO-2022298,ASSET-00458,Preventive,0,,000020000437
WO-2022299,ASSET-00458,Preventive,0,,000020000437
WO-2022300,ASSET-00458,Corrective,188,1770,000020000437
WO-2022301,ASSET-00458,Preventive,0,,000020000437
WO-2022302,ASSET-00458,Preventive,0,,000020000437
WO-2022303,ASSET-00459,Corrective,180,1318,000020000438
WO-2022304,ASSET-00459,Preventive,0,,000020000438
WO-2022305,ASSET-00459,Preventive,0,,000020000438
WO-2022306,ASSET-00459,Preventive,0,,000020000438
WO-2022307,ASSET-00459,Corrective,52,643,000020000438
WO-2022308,ASSET-00460,Preventive,0,,000020000439
WO-2022309,ASSET-00460,Preventive,0,,000020000439
WO-2022310,ASSET-00460,Preventive,0,,000020000439
WO-2022311,ASSET-00460,Corrective,145,637,000020000439
WO-2022312,ASSET-00460,Preventive,0,,000020000439
WO-2022313,ASSET-00460,Preventive,0,,000020000439
WO-2022314,ASSET-00461,Corrective,100,1857,000020000440
WO-2022315,ASSET-00461,Preventive,0,,000020000440
WO-2022316,ASSET-00461,Preventive,0,,000020000440
WO-2022317,ASSET-00461,Emergency,346,1830,000020000440
WO-2022318,ASSET-00461,Corrective,240,989,000020000440
WO-2022319,ASSET-00462,Preventive,0,,000020000441
WO-2022320,ASSET-00462,Preventive,0,,000020000441
WO-2022321,ASSET-00462,Preventive,0,,000020000441
WO-2022322,ASSET-00463,Preventive,0,,000020000442
WO-2022323,ASSET-00463,Preventive,0,,000020000442
WO-2022324,ASSET-00463,Preventive,0,,000020000442
WO-2022325,ASSET-00463,Preventive,0,,000020000442
WO-2022326,ASSET-00463,Corrective,237,1322,000020000442
WO-2022327,ASSET-00463,Preventive,0,,000020000442
WO-2022328,ASSET-00463,Preventive,0,,000020000442
WO-2022329,ASSET-00463,Corrective,198,701,000020000442
WO-2022330,ASSET-00463,Corrective,182,1248,000020000442
WO-2022331,ASSET-00463,Corrective,61,1295,000020000442
WO-2022332,ASSET-00463,Emergency,364,1491,000020000442
WO-2022333,ASSET-00464,Preventive,0,,000020000443
WO-2022334,ASSET-00464,Corrective,181,658,000020000443
WO-2022335,ASSET-00464,Corrective,126,1565,000020000443
WO-2022336,ASSET-00464,Corrective,44,416,000020000443
WO-2022337,ASSET-00464,Corrective,201,1450,000020000443
WO-2022338,ASSET-00465,Preventive,0,,000020000444
WO-2022339,ASSET-00465,Preventive,0,,000020000444
WO-2022340,ASSET-00465,Emergency,131,1166,000020000444
WO-2022341,ASSET-00466,Preventive,0,,000020000445
WO-2022342,ASSET-00466,Preventive,0,,000020000445
WO-2022343,ASSET-00466,Corrective,200,1219,000020000445
WO-2022344,ASSET-00466,Preventive,0,,000020000445
WO-2022345,ASSET-00466,Corrective,122,1039,000020000445
WO-2022346,ASSET-00467,Corrective,188,1022,000020000446
WO-2022347,ASSET-00467,Preventive,0,,000020000446
WO-2022348,ASSET-00467,Preventive,0,,000020000446
WO-2022349,ASSET-00467,Preventive,0,,000020000446
WO-2022350,ASSET-00468,Corrective,194,823,000020000447
WO-2022351,ASSET-00468,Preventive,0,,000020000447
WO-2022352,ASSET-00468,Emergency,583,1244,000020000447
WO-2022353,ASSET-00468,Preventive,0,,000020000447
WO-2022354,ASSET-00469,Corrective,186,502,000020000448
WO-2022355,ASSET-00469,Preventive,0,,000020000448
WO-2022356,ASSET-00469,Corrective,208,1292,000020000448
WO-2022357,ASSET-00470,Corrective,121,1763,000020000449
WO-2022358,ASSET-00470,Corrective,182,1916,000020000449
WO-2022359,ASSET-00470,Preventive,0,,000020000449
WO-2022360,ASSET-00470,Preventive,0,,000020000449
WO-2022361,ASSET-00470,Preventive,0,,000020000449
WO-2022362,ASSET-00470,Preventive,0,,000020000449
WO-2022363,ASSET-00470,Preventive,0,,000020000449
WO-2022364,ASSET-00470,Corrective,89,691,000020000449
WO-2022365,ASSET-00471,Preventive,0,,000020000450
WO-2022366,ASSET-00472,Preventive,0,,000020000451
WO-2022367,ASSET-00472,Preventive,0,,000020000451
WO-2022368,ASSET-00472,Preventive,0,,000020000451
WO-2022369,ASSET-00472,Preventive,0,,000020000451
WO-2022370,ASSET-00473,Corrective,130,599,000020000452
WO-2022371,ASSET-00473,Corrective,239,1548,000020000452
WO-2022372,ASSET-00473,Preventive,0,,000020000452
WO-2022373,ASSET-00473,Preventive,0,,000020000452
WO-2022374,ASSET-00474,Preventive,0,,000020000453
WO-2022375,ASSET-00474,Preventive,0,,000020000453
WO-2022376,ASSET-00474,Preventive,0,,000020000453
WO-2022377,ASSET-00474,Corrective,206,294,000020000453
WO-2022378,ASSET-00474,Preventive,0,,000020000453
WO-2022379,ASSET-00474,Preventive,0,,000020000453
WO-2022380,ASSET-00475,Preventive,0,,000020000454
WO-2022381,ASSET-00475,Preventive,0,,000020000454
WO-2022382,ASSET-00475,Preventive,0,,000020000454
WO-2022383,ASSET-00475,Preventive,0,,000020000454
WO-2022384,ASSET-00475,Preventive,0,,000020000454
WO-2022385,ASSET-00476,Emergency,369,1196,000020000455
WO-2022386,ASSET-00476,Preventive,0,,000020000455
WO-2022387,ASSET-00476,Corrective,65,357,000020000455
WO-2022388,ASSET-00476,Corrective,231,1794,000020000455
WO-2022389,ASSET-00477,Preventive,0,,000020000456
WO-2022390,ASSET-00477,Preventive,0,,000020000456
WO-2022391,ASSET-00477,Corrective,137,1187,000020000456
WO-2022392,ASSET-00477,Emergency,233,646,000020000456
WO-2022393,ASSET-00477,Emergency,343,703,000020000456
WO-2022394,ASSET-00477,Emergency,551,1730,000020000456
WO-2022395,ASSET-00478,Corrective,160,1350,000020000457
WO-2022396,ASSET-00478,Corrective,218,223,000020000457
WO-2022397,ASSET-00478,Corrective,221,974,000020000457
WO-2022398,ASSET-00478,Corrective,93,592,000020000457
WO-2022399,ASSET-00478,Preventive,0,,000020000457
WO-2022400,ASSET-00478,Preventive,0,,000020000457
WO-2022401,ASSET-00479,Emergency,78,1661,000020000458
WO-2022402,ASSET-00479,Preventive,0,,000020000458
WO-2022403,ASSET-00479,Preventive,0,,000020000458
WO-2022404,ASSET-00479,Preventive,0,,000020000458
WO-2022405,ASSET-00479,Preventive,0,,000020000458
WO-2022406,ASSET-00480,Preventive,0,,000020000459
WO-2022407,ASSET-00480,Preventive,0,,000020000459
WO-2022408,ASSET-00480,Preventive,0,,000020000459
WO-2022409,ASSET-00480,Corrective,136,227,000020000459
WO-2022410,ASSET-00480,Preventive,0,,000020000459
WO-2022411,ASSET-00481,Corrective,86,286,000020000460
WO-2022412,ASSET-00481,Emergency,139,1904,000020000460
WO-2022413,ASSET-00481,Corrective,196,595,000020000460
WO-2022414,ASSET-00481,Emergency,87,1081,000020000460
WO-2022415,ASSET-00481,Corrective,165,1347,000020000460
WO-2022416,ASSET-00481,Preventive,0,,000020000460
WO-2022417,ASSET-00481,Preventive,0,,000020000460
WO-2022418,ASSET-00481,Emergency,163,1678,000020000460
WO-2022419,ASSET-00482,Corrective,193,1710,000020000461
WO-2022420,ASSET-00482,Preventive,0,,000020000461
WO-2022421,ASSET-00482,Corrective,189,248,000020000461
WO-2022422,ASSET-00483,Preventive,0,,000020000462
WO-2022423,ASSET-00483,Preventive,0,,000020000462
WO-2022424,ASSET-00483,Emergency,591,1016,000020000462
WO-2022425,ASSET-00484,Corrective,35,614,000020000463
WO-2022426,ASSET-00484,Preventive,0,,000020000463
WO-2022427,ASSET-00484,Preventive,0,,000020000463
WO-2022428,ASSET-00485,Corrective,95,728,000020000464
WO-2022429,ASSET-00485,Corrective,210,642,000020000464
WO-2022430,ASSET-00485,Corrective,199,821,000020000464
WO-2022431,ASSET-00485,Emergency,107,1967,000020000464
WO-2022432,ASSET-00485,Emergency,376,214,000020000464
WO-2022433,ASSET-00485,Emergency,354,1924,000020000464
WO-2022434,ASSET-00485,Preventive,0,,000020000464
WO-2022435,ASSET-00486,Emergency,196,1921,000020000465
WO-2022436,ASSET-00486,Preventive,0,,000020000465
WO-2022437,ASSET-00486,Preventive,0,,000020000465
WO-2022438,ASSET-00487,Corrective,226,428,000020000466
WO-2022439,ASSET-00487,Corrective,152,1576,000020000466
WO-2022440,ASSET-00487,Preventive,0,,000020000466
WO-2022441,ASSET-00487,Preventive,0,,000020000466
WO-2022442,ASSET-00488,Preventive,0,,000020000467
WO-2022443,ASSET-00488,Preventive,0,,000020000467
WO-2022444,ASSET-00488,Emergency,246,1308,000020000467
WO-2022445,ASSET-00488,Corrective,143,302,000020000467
WO-2022446,ASSET-00488,Preventive,0,,000020000467
WO-2022447,ASSET-00488,Corrective,113,410,000020000467
WO-2022448,ASSET-00488,Corrective,65,1088,000020000467
WO-2022449,ASSET-00489,Emergency,340,1642,000020000468
WO-2022450,ASSET-00489,Corrective,62,1405,000020000468
WO-2022451,ASSET-00489,Corrective,119,1429,000020000468
WO-2022452,ASSET-00489,Corrective,153,409,000020000468
WO-2022453,ASSET-00489,Preventive,0,,000020000468
WO-2022454,ASSET-00489,Preventive,0,,000020000468
WO-2022455,ASSET-00490,Preventive,0,,000020000469
WO-2022456,ASSET-00490,Emergency,181,1389,000020000469
WO-2022457,ASSET-00490,Preventive,0,,000020000469
WO-2022458,ASSET-00490,Preventive,0,,000020000469
WO-2022459,ASSET-00490,Preventive,0,,000020000469
WO-2022460,ASSET-00491,Preventive,0,,000020000470
WO-2022461,ASSET-00491,Preventive,0,,000020000470
WO-2022462,ASSET-00491,Preventive,0,,000020000470
WO-2022463,ASSET-00491,Emergency,474,1436,000020000470
WO-2022464,ASSET-00491,Preventive,0,,000020000470
WO-2022465,ASSET-00491,Preventive,0,,000020000470
WO-2022466,ASSET-00491,Preventive,0,,000020000470
WO-2022467,ASSET-00492,Preventive,0,,000020000471
WO-2022468,ASSET-00492,Corrective,32,335,000020000471
WO-2022469,ASSET-00493,Preventive,0,,000020000472
WO-2022470,ASSET-00493,Emergency,465,680,000020000472
WO-2022471,ASSET-00493,Corrective,180,221,000020000472
WO-2022472,ASSET-00493,Emergency,385,1797,000020000472
WO-2022473,ASSET-00493,Preventive,0,,000020000472
WO-2022474,ASSET-00494,Emergency,292,1768,000020000473
WO-2022475,ASSET-00494,Preventive,0,,000020000473
WO-2022476,ASSET-00494,Preventive,0,,000020000473
WO-2022477,ASSET-00494,Corrective,129,1266,000020000473
WO-2022478,ASSET-00494,Preventive,0,,000020000473
WO-2022479,ASSET-00495,Corrective,64,1946,000020000474
WO-2022480,ASSET-00495,Corrective,181,1476,000020000474
WO-2022481,ASSET-00495,Preventive,0,,000020000474
WO-2022482,ASSET-00495,Preventive,0,,000020000474
WO-2022483,ASSET-00495,Corrective,38,1163,000020000474
WO-2022484,ASSET-00495,Preventive,0,,000020000474
WO-2022485,ASSET-00496,Preventive,0,,000020000475
WO-2022486,ASSET-00496,Preventive,0,,000020000475
WO-2022487,ASSET-00497,Preventive,0,,000020000476
WO-2022488,ASSET-00497,Preventive,0,,000020000476
WO-2022489,ASSET-00497,Corrective,116,564,000020000476
WO-2022490,ASSET-00497,Corrective,128,1022,000020000476
WO-2022491,ASSET-00497,Corrective,40,1713,000020000476
WO-2022492,ASSET-00498,Preventive,0,,000020000477
WO-2022493,ASSET-00498,Preventive,0,,000020000477
WO-2022494,ASSET-00498,Emergency,348,1342,000020000477
WO-2022495,ASSET-00498,Preventive,0,,000020000477
WO-2022496,ASSET-00498,Corrective,75,764,000020000477
WO-2022497,ASSET-00498,Emergency,378,1707,000020000477
WO-2022498,ASSET-00499,Corrective,209,1777,000020000478
WO-2022499,ASSET-00499,Corrective,112,871,000020000478
WO-2022500,ASSET-00499,Emergency,489,712,000020000478
WO-2022501,ASSET-00499,Preventive,0,,000020000478
WO-2022502,ASSET-00499,Corrective,236,1309,000020000478
WO-2022503,ASSET-00500,Emergency,561,1685,000020000479
WO-2022504,ASSET-00500,Preventive,0,,000020000479
WO-2022505,ASSET-00500,Corrective,201,1231,000020000479
WO-2022506,ASSET-00500,Corrective,182,503,000020000479
WO-2022507,ASSET-00501,Corrective,108,735,000020000480
WO-2022508,ASSET-00501,Corrective,166,1331,000020000480
WO-2022509,ASSET-00501,Preventive,0,,000020000480
WO-2022510,ASSET-00502,Preventive,0,,000020000481
WO-2022511,ASSET-00502,Preventive,0,,000020000481
WO-2022512,ASSET-00502,Preventive,0,,000020000481
WO-2022513,ASSET-00502,Preventive,0,,000020000481
WO-2022514,ASSET-00502,Preventive,0,,000020000481
WO-2022515,ASSET-00503,Preventive,0,,000020000482
WO-2022516,ASSET-00503,Preventive,0,,000020000482
WO-2022517,ASSET-00503,Preventive,0,,000020000482
WO-2022518,ASSET-00504,Corrective,88,460,000020000483
WO-2022519,ASSET-00504,Preventive,0,,000020000483
WO-2022520,ASSET-00504,Preventive,0,,000020000483
WO-2022521,ASSET-00505,Preventive,0,,000020000484
WO-2022522,ASSET-00505,Corrective,66,1274,000020000484
WO-2022523,ASSET-00505,Preventive,0,,000020000484
WO-2022524,ASSET-00505,Preventive,0,,000020000484
WO-2022525,ASSET-00505,Preventive,0,,000020000484
WO-2022526,ASSET-00505,Corrective,212,543,000020000484
WO-2022527,ASSET-00505,Corrective,199,1632,000020000484
WO-2022528,ASSET-00505,Preventive,0,,000020000484
WO-2022529,ASSET-00505,Preventive,0,,000020000484
WO-2022530,ASSET-00506,Preventive,0,,000020000485
WO-2022531,ASSET-00506,Preventive,0,,000020000485
WO-2022532,ASSET-00506,Corrective,130,883,000020000485
WO-2022533,ASSET-00506,Corrective,237,419,000020000485
WO-2022534,ASSET-00506,Preventive,0,,000020000485
WO-2022535,ASSET-00506,Preventive,0,,000020000485
WO-2022536,ASSET-00507,Emergency,89,1837,000020000486
WO-2022537,ASSET-00507,Corrective,138,1000,000020000486
WO-2022538,ASSET-00507,Corrective,155,619,000020000486
WO-2022539,ASSET-00507,Preventive,0,,000020000486
WO-2022540,ASSET-00507,Corrective,42,1615,000020000486
WO-2022541,ASSET-00507,Corrective,191,1668,000020000486
WO-2022542,ASSET-00507,Corrective,75,895,000020000486
WO-2022543,ASSET-00508,Corrective,215,808,000020000487
WO-2022544,ASSET-00508,Preventive,0,,000020000487
WO-2022545,ASSET-00508,Preventive,0,,000020000487
WO-2022546,ASSET-00508,Preventive,0,,000020000487
WO-2022547,ASSET-00508,Preventive,0,,000020000487
WO-2022548,ASSET-00509,Preventive,0,,000020000488
WO-2022549,ASSET-00509,Corrective,126,1487,000020000488
WO-2022550,ASSET-00509,Preventive,0,,000020000488
WO-2022551,ASSET-00509,Preventive,0,,000020000488
WO-2022552,ASSET-00509,Corrective,52,805,000020000488
WO-2022553,ASSET-00510,Preventive,0,,000020000489
WO-2022554,ASSET-00510,Preventive,0,,000020000489
WO-2022555,ASSET-00510,Preventive,0,,000020000489
WO-2022556,ASSET-00511,Corrective,136,348,000020000490
WO-2022557,ASSET-00511,Preventive,0,,000020000490
WO-2022558,ASSET-00512,Corrective,207,1066,000020000491
WO-2022559,ASSET-00512,Preventive,0,,000020000491
WO-2022560,ASSET-00513,Preventive,0,,000020000492
WO-2022561,ASSET-00513,Preventive,0,,000020000492
WO-2022562,ASSET-00513,Emergency,525,1253,000020000492
WO-2022563,ASSET-00513,Corrective,105,1132,000020000492
WO-2022564,ASSET-00513,Preventive,0,,000020000492
WO-2022565,ASSET-00514,Preventive,0,,000020000493
WO-2022566,ASSET-00514,Corrective,79,1224,000020000493
WO-2022567,ASSET-00514,Emergency,185,1469,000020000493
WO-2022568,ASSET-00514,Preventive,0,,000020000493
WO-2022569,ASSET-00515,Emergency,409,593,000020000494
WO-2022570,ASSET-00515,Corrective,240,1085,000020000494
WO-2022571,ASSET-00515,Corrective,169,1357,000020000494
WO-2022572,ASSET-00515,Preventive,0,,000020000494
WO-2022573,ASSET-00515,Preventive,0,,000020000494
WO-2022574,ASSET-00515,Corrective,110,992,000020000494
WO-2022575,ASSET-00516,Preventive,0,,000020000495
WO-2022576,ASSET-00516,Emergency,472,1578,000020000495
WO-2022577,ASSET-00516,Corrective,239,1721,000020000495
WO-2022578,ASSET-00516,Preventive,0,,000020000495
WO-2022579,ASSET-00517,Corrective,222,356,000020000496
WO-2022580,ASSET-00517,Preventive,0,,000020000496
WO-2022581,ASSET-00517,Preventive,0,,000020000496
WO-2022582,ASSET-00517,Corrective,161,1935,000020000496
WO-2022583,ASSET-00518,Preventive,0,,000020000497
WO-2022584,ASSET-00518,Preventive,0,,000020000497
WO-2022585,ASSET-00518,Preventive,0,,000020000497
WO-2022586,ASSET-00518,Corrective,204,868,000020000497
WO-2022587,ASSET-00518,Corrective,69,1587,000020000497
WO-2022588,ASSET-00518,Corrective,199,1215,000020000497
WO-2022589,ASSET-00519,Preventive,0,,000020000498
WO-2022590,ASSET-00519,Corrective,97,1612,000020000498
WO-2022591,ASSET-00519,Preventive,0,,000020000498
WO-2022592,ASSET-00520,Corrective,161,792,000020000499
WO-2022593,ASSET-00520,Preventive,0,,000020000499
WO-2022594,ASSET-00520,Preventive,0,,000020000499
WO-2022595,ASSET-00520,Corrective,181,1075,000020000499
WO-2022596,ASSET-00520,Preventive,0,,000020000499
WO-2022597,ASSET-00520,Corrective,82,1346,000020000499
WO-2022598,ASSET-00521,Preventive,0,,000020000500
WO-2022599,ASSET-00521,Preventive,0,,000020000500
WO-2022600,ASSET-00521,Emergency,553,678,000020000500
WO-2022601,ASSET-00521,Emergency,106,1365,000020000500
WO-2022602,ASSET-00522,Preventive,0,,000020000501
WO-2022603,ASSET-00522,Preventive,0,,000020000501
WO-2022604,ASSET-00522,Preventive,0,,000020000501
WO-2022605,ASSET-00522,Corrective,239,493,000020000501
WO-2022606,ASSET-00523,Preventive,0,,000020000502
WO-2022607,ASSET-00523,Emergency,297,916,000020000502
WO-2022608,ASSET-00523,Preventive,0,,000020000502
WO-2022609,ASSET-00523,Preventive,0,,000020000502
WO-2022610,ASSET-00523,Corrective,217,1805,000020000502
WO-2022611,ASSET-00524,Preventive,0,,000020000503
WO-2022612,ASSET-00524,Preventive,0,,000020000503
WO-2022613,ASSET-00525,Corrective,105,1827,000020000504
WO-2022614,ASSET-00525,Preventive,0,,000020000504
WO-2022615,ASSET-00525,Corrective,220,1169,000020000504
WO-2022616,ASSET-00525,Preventive,0,,000020000504
WO-2022617,ASSET-00525,Preventive,0,,000020000504
WO-2022618,ASSET-00525,Corrective,121,559,000020000504
WO-2022619,ASSET-00525,Preventive,0,,000020000504
WO-2022620,ASSET-00526,Corrective,237,1771,000020000505
WO-2022621,ASSET-00526,Preventive,0,,000020000505
WO-2022622,ASSET-00526,Corrective,198,1095,000020000505
WO-2022623,ASSET-00526,Corrective,61,1677,000020000505
WO-2022624,ASSET-00527,Emergency,499,719,000020000506
WO-2022625,ASSET-00527,Corrective,215,1859,000020000506
WO-2022626,ASSET-00527,Corrective,198,667,000020000506
WO-2022627,ASSET-00527,Corrective,151,1149,000020000506
WO-2022628,ASSET-00527,Preventive,0,,000020000506
WO-2022629,ASSET-00527,Preventive,0,,000020000506
WO-2022630,ASSET-00528,Corrective,166,217,000020000507
WO-2022631,ASSET-00528,Preventive,0,,000020000507
WO-2022632,ASSET-00528,Preventive,0,,000020000507
WO-2022633,ASSET-00528,Preventive,0,,000020000507
WO-2022634,ASSET-00529,Corrective,196,1415,000020000508
WO-2022635,ASSET-00529,Preventive,0,,000020000508
WO-2022636,ASSET-00529,Preventive,0,,000020000508
WO-2022637,ASSET-00529,Corrective,73,1222,000020000508
WO-2022638,ASSET-00529,Corrective,170,602,000020000508
WO-2022639,ASSET-00529,Preventive,0,,000020000508
WO-2022640,ASSET-00530,Corrective,47,1561,000020000509
WO-2022641,ASSET-00530,Preventive,0,,000020000509
WO-2022642,ASSET-00530,Emergency,556,817,000020000509
WO-2022643,ASSET-00530,Corrective,153,1644,000020000509
WO-2022644,ASSET-00531,Preventive,0,,000020000510
WO-2022645,ASSET-00531,Corrective,61,1884,000020000510
WO-2022646,ASSET-00531,Corrective,123,1317,000020000510
WO-2022647,ASSET-00531,Preventive,0,,000020000510
WO-2022648,ASSET-00531,Emergency,236,447,000020000510
WO-2022649,ASSET-00532,Preventive,0,,000020000511
WO-2022650,ASSET-00532,Preventive,0,,000020000511
WO-2022651,ASSET-00532,Preventive,0,,000020000511
WO-2022652,ASSET-00532,Corrective,189,850,000020000511
WO-2022653,ASSET-00532,Corrective,110,760,000020000511
WO-2022654,ASSET-00532,Corrective,67,942,000020000511
WO-2022655,ASSET-00533,Corrective,159,1876,000020000512
WO-2022656,ASSET-00533,Preventive,0,,000020000512
WO-2022657,ASSET-00533,Preventive,0,,000020000512
WO-2022658,ASSET-00533,Emergency,541,559,000020000512
WO-2022659,ASSET-00533,Corrective,165,1129,000020000512
WO-2022660,ASSET-00533,Preventive,0,,000020000512
WO-2022661,ASSET-00533,Emergency,166,1984,000020000512
WO-2022662,ASSET-00534,Corrective,37,966,000020000513
WO-2022663,ASSET-00534,Corrective,198,1033,000020000513
WO-2022664,ASSET-00534,Preventive,0,,000020000513
WO-2022665,ASSET-00534,Corrective,134,1216,000020000513
WO-2022666,ASSET-00535,Corrective,224,731,000020000514
WO-2022667,ASSET-00535,Preventive,0,,000020000514
WO-2022668,ASSET-00535,Corrective,40,822,000020000514
WO-2022669,ASSET-00536,Preventive,0,,000020000515
WO-2022670,ASSET-00537,Preventive,0,,000020000516
WO-2022671,ASSET-00537,Preventive,0,,000020000516
WO-2022672,ASSET-00537,Preventive,0,,000020000516
WO-2022673,ASSET-00537,Preventive,0,,000020000516
WO-2022674,ASSET-00538,Preventive,0,,000020000517
WO-2022675,ASSET-00538,Preventive,0,,000020000517
WO-2022676,ASSET-00539,Preventive,0,,000020000518
WO-2022677,ASSET-00539,Preventive,0,,000020000518
WO-2022678,ASSET-00539,Preventive,0,,000020000518
WO-2022679,ASSET-00539,Corrective,137,1873,000020000518
WO-2022680,ASSET-00539,Preventive,0,,000020000518
WO-2022681,ASSET-00539,Corrective,94,237,000020000518
WO-2022682,ASSET-00539,Preventive,0,,000020000518
WO-2022683,ASSET-00540,Preventive,0,,000020000519
WO-2022684,ASSET-00540,Corrective,196,789,000020000519
WO-2022685,ASSET-00540,Corrective,48,812,000020000519
WO-2022686,ASSET-00540,Corrective,136,221,000020000519
WO-2022687,ASSET-00540,Corrective,233,1649,000020000519
WO-2022688,ASSET-00541,Emergency,376,1421,000020000520
WO-2022689,ASSET-00541,Corrective,89,508,000020000520
WO-2022690,ASSET-00541,Preventive,0,,000020000520
WO-2022691,ASSET-00541,Emergency,562,1915,000020000520
WO-2022692,ASSET-00541,Preventive,0,,000020000520
WO-2022693,ASSET-00542,Preventive,0,,000020000521
WO-2022694,ASSET-00542,Preventive,0,,000020000521
WO-2022695,ASSET-00543,Preventive,0,,000020000522
WO-2022696,ASSET-00543,Preventive,0,,000020000522
WO-2022697,ASSET-00543,Corrective,48,542,000020000522
WO-2022698,ASSET-00543,Emergency,367,1139,000020000522
WO-2022699,ASSET-00544,Preventive,0,,000020000523
WO-2022700,ASSET-00544,Preventive,0,,000020000523
WO-2022701,ASSET-00544,Corrective,167,634,000020000523
WO-2022702,ASSET-00544,Preventive,0,,000020000523
WO-2022703,ASSET-00544,Corrective,198,1883,000020000523
WO-2022704,ASSET-00544,Preventive,0,,000020000523
WO-2022705,ASSET-00545,Preventive,0,,000020000524
WO-2022706,ASSET-00545,Preventive,0,,000020000524
WO-2022707,ASSET-00545,Preventive,0,,000020000524
WO-2022708,ASSET-00545,Corrective,144,1446,000020000524
WO-2022709,ASSET-00545,Preventive,0,,000020000524
WO-2022710,ASSET-00545,Preventive,0,,000020000524
WO-2022711,ASSET-00545,Preventive,0,,000020000524
WO-2022712,ASSET-00545,Corrective,72,744,000020000524
WO-2022713,ASSET-00546,Preventive,0,,000020000525
WO-2022714,ASSET-00546,Preventive,0,,000020000525
WO-2022715,ASSET-00546,Corrective,62,267,000020000525
WO-2022716,ASSET-00546,Corrective,63,423,000020000525
WO-2022717,ASSET-00546,Preventive,0,,000020000525
WO-2022718,ASSET-00546,Preventive,0,,000020000525
WO-2022719,ASSET-00546,Preventive,0,,000020000525
WO-2022720,ASSET-00546,Preventive,0,,000020000525
WO-2022721,ASSET-00547,Preventive,0,,000020000526
WO-2022722,ASSET-00547,Preventive,0,,000020000526
WO-2022723,ASSET-00547,Emergency,427,1051,000020000526
WO-2022724,ASSET-00547,Corrective,63,1670,000020000526
WO-2022725,ASSET-00548,Corrective,206,1063,000020000527
WO-2022726,ASSET-00548,Corrective,203,1743,000020000527
WO-2022727,ASSET-00548,Corrective,210,1072,000020000527
WO-2022728,ASSET-00548,Preventive,0,,000020000527
WO-2022729,ASSET-00548,Corrective,137,1229,000020000527
WO-2022730,ASSET-00549,Preventive,0,,000020000528
WO-2022731,ASSET-00549,Corrective,82,1639,000020000528
WO-2022732,ASSET-00549,Emergency,142,1228,000020000528
WO-2022733,ASSET-00549,Preventive,0,,000020000528
WO-2022734,ASSET-00550,Preventive,0,,000020000529
WO-2022735,ASSET-00550,Preventive,0,,000020000529
WO-2022736,ASSET-00550,Corrective,51,575,000020000529
WO-2022737,ASSET-00551,Preventive,0,,000020000530
WO-2022738,ASSET-00551,Corrective,96,965,000020000530
WO-2022739,ASSET-00551,Preventive,0,,000020000530
WO-2022740,ASSET-00551,Preventive,0,,000020000530
WO-2022741,ASSET-00551,Corrective,113,1741,000020000530
WO-2022742,ASSET-00551,Preventive,0,,000020000530
WO-2022743,ASSET-00551,Preventive,0,,000020000530
WO-2022744,ASSET-00552,Preventive,0,,000020000531
WO-2022745,ASSET-00552,Corrective,108,366,000020000531
WO-2022746,ASSET-00552,Corrective,174,1591,000020000531
WO-2022747,ASSET-00552,Preventive,0,,000020000531
WO-2022748,ASSET-00552,Corrective,66,1304,000020000531
WO-2022749,ASSET-00552,Preventive,0,,000020000531
WO-2022750,ASSET-00552,Preventive,0,,000020000531
WO-2022751,ASSET-00552,Preventive,0,,000020000531
WO-2022752,ASSET-00553,Preventive,0,,000020000532
WO-2022753,ASSET-00553,Corrective,59,756,000020000532
WO-2022754,ASSET-00553,Preventive,0,,000020000532
WO-2022755,ASSET-00553,Preventive,0,,000020000532
WO-2022756,ASSET-00554,Preventive,0,,000020000533
WO-2022757,ASSET-00554,Preventive,0,,000020000533
WO-2022758,ASSET-00554,Corrective,109,1391,000020000533
WO-2022759,ASSET-00555,Preventive,0,,000020000534
WO-2022760,ASSET-00555,Emergency,579,1038,000020000534
WO-2022761,ASSET-00555,Preventive,0,,000020000534
WO-2022762,ASSET-00555,Corrective,196,1948,000020000534
WO-2022763,ASSET-00555,Preventive,0,,000020000534
WO-2022764,ASSET-00555,Emergency,443,1364,000020000534
WO-2022765,ASSET-00555,Corrective,189,1384,000020000534
WO-2022766,ASSET-00556,Preventive,0,,000020000535
WO-2022767,ASSET-00556,Preventive,0,,000020000535
WO-2022768,ASSET-00557,Preventive,0,,000020000536
WO-2022769,ASSET-00557,Preventive,0,,000020000536
WO-2022770,ASSET-00557,Corrective,132,1922,000020000536
WO-2022771,ASSET-00557,Preventive,0,,000020000536
WO-2022772,ASSET-00558,Emergency,200,556,000020000537
WO-2022773,ASSET-00558,Preventive,0,,000020000537
WO-2022774,ASSET-00558,Preventive,0,,000020000537
WO-2022775,ASSET-00558,Preventive,0,,000020000537
WO-2022776,ASSET-00558,Corrective,178,353,000020000537
WO-2022777,ASSET-00558,Preventive,0,,000020000537
WO-2022778,ASSET-00558,Preventive,0,,000020000537
WO-2022779,ASSET-00558,Emergency,60,842,000020000537
WO-2022780,ASSET-00558,Preventive,0,,000020000537
WO-2022781,ASSET-00558,Preventive,0,,000020000537
WO-2022782,ASSET-00559,Preventive,0,,000020000538
WO-2022783,ASSET-00559,Emergency,536,860,000020000538
WO-2022784,ASSET-00559,Preventive,0,,000020000538
WO-2022785,ASSET-00560,Emergency,276,744,000020000539
WO-2022786,ASSET-00560,Preventive,0,,000020000539
WO-2022787,ASSET-00560,Preventive,0,,000020000539
WO-2022788,ASSET-00560,Emergency,459,1054,000020000539
WO-2022789,ASSET-00561,Preventive,0,,000020000540
WO-2022790,ASSET-00561,Preventive,0,,000020000540
WO-2022791,ASSET-00561,Corrective,146,405,000020000540
WO-2022792,ASSET-00561,Preventive,0,,000020000540
WO-2022793,ASSET-00562,Corrective,209,1183,000020000541
WO-2022794,ASSET-00562,Preventive,0,,000020000541
WO-2022795,ASSET-00562,Emergency,486,1605,000020000541
WO-2022796,ASSET-00563,Preventive,0,,000020000542
WO-2022797,ASSET-00563,Preventive,0,,000020000542
WO-2022798,ASSET-00563,Preventive,0,,000020000542
WO-2022799,ASSET-00563,Preventive,0,,000020000542
WO-2022800,ASSET-00564,Corrective,130,1910,000020000543
WO-2022801,ASSET-00564,Corrective,237,243,000020000543
WO-2022802,ASSET-00564,Preventive,0,,000020000543
WO-2022803,ASSET-00564,Preventive,0,,000020000543
WO-2022804,ASSET-00564,Preventive,0,,000020000543
WO-2022805,ASSET-00565,Emergency,578,1572,000020000544
WO-2022806,ASSET-00565,Preventive,0,,000020000544
WO-2022807,ASSET-00565,Corrective,175,1193,000020000544
WO-2022808,ASSET-00565,Corrective,55,1252,000020000544
WO-2022809,ASSET-00565,Preventive,0,,000020000544
WO-2022810,ASSET-00565,Corrective,191,1944,000020000544
WO-2022811,ASSET-00566,Corrective,225,551,000020000545
WO-2022812,ASSET-00566,Preventive,0,,000020000545
WO-2022813,ASSET-00566,Preventive,0,,000020000545
WO-2022814,ASSET-00566,Corrective,59,1088,000020000545
WO-2022815,ASSET-00566,Preventive,0,,000020000545
WO-2022816,ASSET-00566,Corrective,153,1671,000020000545
WO-2022817,ASSET-00567,Preventive,0,,000020000546
WO-2022818,ASSET-00567,Corrective,142,1904,000020000546
WO-2022819,ASSET-00567,Corrective,102,670,000020000546
WO-2022820,ASSET-00568,Corrective,82,1048,000020000547
WO-2022821,ASSET-00568,Corrective,148,972,000020000547
WO-2022822,ASSET-00568,Preventive,0,,000020000547
WO-2022823,ASSET-00568,Corrective,112,1602,000020000547
WO-2022824,ASSET-00568,Corrective,30,1114,000020000547
WO-2022825,ASSET-00568,Preventive,0,,000020000547
WO-2022826,ASSET-00568,Corrective,57,301,000020000547
WO-2022827,ASSET-00569,Corrective,166,1257,000020000548
WO-2022828,ASSET-00569,Corrective,152,1966,000020000548
WO-2022829,ASSET-00569,Preventive,0,,000020000548
WO-2022830,ASSET-00569,Preventive,0,,000020000548
WO-2022831,ASSET-00570,Preventive,0,,000020000549
WO-2022832,ASSET-00570,Preventive,0,,000020000549
WO-2022833,ASSET-00570,Preventive,0,,000020000549
WO-2022834,ASSET-00570,Corrective,144,295,000020000549
WO-2022835,ASSET-00571,Corrective,35,1381,000020000550
WO-2022836,ASSET-00572,Corrective,220,489,000020000551
WO-2022837,ASSET-00572,Emergency,534,1534,000020000551
WO-2022838,ASSET-00573,Corrective,92,1115,000020000552
WO-2022839,ASSET-00573,Preventive,0,,000020000552
WO-2022840,ASSET-00573,Preventive,0,,000020000552
WO-2022841,ASSET-00573,Preventive,0,,000020000552
WO-2022842,ASSET-00573,Preventive,0,,000020000552
WO-2022843,ASSET-00574,Corrective,116,1598,000020000553
WO-2022844,ASSET-00574,Preventive,0,,000020000553
WO-2022845,ASSET-00574,Preventive,0,,000020000553
WO-2022846,ASSET-00574,Corrective,100,796,000020000553
WO-2022847,ASSET-00574,Corrective,46,399,000020000553
WO-2022848,ASSET-00574,Emergency,120,501,000020000553
WO-2022849,ASSET-00575,Corrective,219,1276,000020000554
WO-2022850,ASSET-00575,Preventive,0,,000020000554
WO-2022851,ASSET-00575,Preventive,0,,000020000554
WO-2022852,ASSET-00575,Preventive,0,,000020000554
WO-2022853,ASSET-00575,Corrective,53,1696,000020000554
WO-2022854,ASSET-00575,Corrective,35,570,000020000554
WO-2022855,ASSET-00575,Corrective,134,1232,000020000554
WO-2022856,ASSET-00575,Preventive,0,,000020000554
WO-2022857,ASSET-00576,Corrective,74,977,000020000555
WO-2022858,ASSET-00576,Preventive,0,,000020000555
WO-2022859,ASSET-00576,Preventive,0,,000020000555
WO-2022860,ASSET-00578,Preventive,0,,000020000557
WO-2022861,ASSET-00578,Preventive,0,,000020000557
WO-2022862,ASSET-00578,Preventive,0,,000020000557
WO-2022863,ASSET-00579,Corrective,209,253,000020000558
WO-2022864,ASSET-00579,Corrective,60,1269,000020000558
WO-2022865,ASSET-00579,Corrective,177,1262,000020000558
WO-2022866,ASSET-00579,Corrective,62,501,000020000558
WO-2022867,ASSET-00579,Preventive,0,,000020000558
WO-2022868,ASSET-00579,Preventive,0,,000020000558
WO-2022869,ASSET-00579,Corrective,58,1915,000020000558
WO-2022870,ASSET-00580,Preventive,0,,000020000559
WO-2022871,ASSET-00580,Corrective,97,438,000020000559
WO-2022872,ASSET-00580,Corrective,92,1646,000020000559
WO-2022873,ASSET-00580,Corrective,32,278,000020000559
WO-2022874,ASSET-00581,Corrective,175,921,000020000560
WO-2022875,ASSET-00581,Emergency,301,603,000020000560
WO-2022876,ASSET-00581,Preventive,0,,000020000560
WO-2022877,ASSET-00581,Corrective,155,1086,000020000560
WO-2022878,ASSET-00581,Emergency,201,1993,000020000560
WO-2022879,ASSET-00582,Preventive,0,,000020000561
WO-2022880,ASSET-00582,Corrective,99,771,000020000561
WO-2022881,ASSET-00582,Preventive,0,,000020000561
WO-2022882,ASSET-00582,Corrective,122,1963,000020000561
WO-2022883,ASSET-00582,Corrective,42,1087,000020000561
WO-2022884,ASSET-00582,Corrective,186,1233,000020000561
WO-2022885,ASSET-00582,Preventive,0,,000020000561
WO-2022886,ASSET-00582,Preventive,0,,000020000561
WO-2022887,ASSET-00582,Preventive,0,,000020000561
WO-2022888,ASSET-00582,Preventive,0,,000020000561
WO-2022889,ASSET-00583,Preventive,0,,000020000562
WO-2022890,ASSET-00583,Emergency,166,911,000020000562
WO-2022891,ASSET-00583,Preventive,0,,000020000562
WO-2022892,ASSET-00584,Preventive,0,,000020000563
WO-2022893,ASSET-00584,Preventive,0,,000020000563
WO-2022894,ASSET-00584,Preventive,0,,000020000563
WO-2022895,ASSET-00585,Preventive,0,,000020000564
WO-2022896,ASSET-00585,Corrective,120,1050,000020000564
WO-2022897,ASSET-00585,Corrective,225,422,000020000564
WO-2022898,ASSET-00585,Preventive,0,,000020000564
WO-2022899,ASSET-00585,Preventive,0,,000020000564
WO-2022900,ASSET-00585,Corrective,147,1224,000020000564
WO-2022901,ASSET-00585,Preventive,0,,000020000564
WO-2022902,ASSET-00586,Preventive,0,,000020000565
WO-2022903,ASSET-00586,Preventive,0,,000020000565
WO-2022904,ASSET-00586,Corrective,39,381,000020000565
WO-2022905,ASSET-00586,Preventive,0,,000020000565
WO-2022906,ASSET-00587,Preventive,0,,000020000566
WO-2022907,ASSET-00588,Corrective,148,1577,000020000567
WO-2022908,ASSET-00588,Preventive,0,,000020000567
WO-2022909,ASSET-00588,Preventive,0,,000020000567
WO-2022910,ASSET-00589,Preventive,0,,000020000568
WO-2022911,ASSET-00590,Emergency,495,1060,000020000569
WO-2022912,ASSET-00590,Corrective,218,1782,000020000569
WO-2022913,ASSET-00591,Preventive,0,,000020000571
WO-2022914,ASSET-00591,Preventive,0,,000020000571
WO-2022915,ASSET-00591,Corrective,66,1401,000020000571
WO-2022916,ASSET-00591,Preventive,0,,000020000571
WO-2022917,ASSET-00591,Preventive,0,,000020000571
WO-2022918,ASSET-00592,Preventive,0,,000020000572
WO-2022919,ASSET-00592,Preventive,0,,000020000572
WO-2022920,ASSET-00592,Preventive,0,,000020000572
WO-2022921,ASSET-00592,Preventive,0,,000020000572
WO-2022922,ASSET-00593,Preventive,0,,000020000573
WO-2022923,ASSET-00593,Preventive,0,,000020000573
WO-2022924,ASSET-00593,Corrective,127,1058,000020000573
WO-2022925,ASSET-00594,Preventive,0,,000020000574
WO-2022926,ASSET-00594,Preventive,0,,000020000574
WO-2022927,ASSET-00594,Preventive,0,,000020000574
WO-2022928,ASSET-00594,Emergency,188,1448,000020000574
WO-2022929,ASSET-00594,Preventive,0,,000020000574
WO-2022930,ASSET-00595,Preventive,0,,000020000575
WO-2022931,ASSET-00595,Preventive,0,,000020000575
WO-2022932,ASSET-00595,Preventive,0,,000020000575
WO-2022933,ASSET-00595,Preventive,0,,000020000575
WO-2022934,ASSET-00595,Preventive,0,,000020000575
WO-2022935,ASSET-00596,Emergency,465,395,000020000576
WO-2022936,ASSET-00596,Corrective,68,1867,000020000576
WO-2022937,ASSET-00596,Corrective,186,1655,000020000576
WO-2022938,ASSET-00596,Preventive,0,,000020000576
WO-2022939,ASSET-00596,Corrective,199,1985,000020000576
WO-2022940,ASSET-00596,Corrective,43,1985,000020000576
WO-2022941,ASSET-00596,Preventive,0,,000020000576
WO-2022942,ASSET-00597,Corrective,87,1459,000020000577
WO-2022943,ASSET-00597,Preventive,0,,000020000577
WO-2022944,ASSET-00597,Preventive,0,,000020000577
WO-2022945,ASSET-00597,Preventive,0,,000020000577
WO-2022946,ASSET-00598,Emergency,303,1209,000020000578
WO-2022947,ASSET-00598,Corrective,101,1247,000020000578
WO-2022948,ASSET-00598,Corrective,223,640,000020000578
WO-2022949,ASSET-00598,Corrective,54,1657,000020000578
WO-2022950,ASSET-00598,Corrective,38,1551,000020000578
WO-2022951,ASSET-00598,Corrective,165,1480,000020000578
WO-2022952,ASSET-00599,Corrective,189,1347,000020000579
WO-2022953,ASSET-00599,Preventive,0,,000020000579
WO-2022954,ASSET-00599,Emergency,82,855,000020000579
WO-2022955,ASSET-00599,Preventive,0,,000020000579
WO-2022956,ASSET-00599,Preventive,0,,000020000579
WO-2022957,ASSET-00599,Preventive,0,,000020000579
WO-2022958,ASSET-00599,Preventive,0,,000020000579
WO-2022959,ASSET-00600,Preventive,0,,000020000580
WO-2022960,ASSET-00600,Preventive,0,,000020000580
WO-2022961,ASSET-00600,Emergency,334,455,000020000580
WO-2022962,ASSET-00600,Corrective,219,1446,000020000580
WO-2022963,ASSET-00600,Corrective,89,317,000020000580
WO-2022964,ASSET-00600,Corrective,227,1902,000020000580
WO-2022965,ASSET-00600,Preventive,0,,000020000580
WO-2022966,ASSET-00600,Corrective,163,1361,000020000580
WO-2022967,ASSET-00600,Preventive,0,,000020000580
WO-2022968,ASSET-00600,Corrective,71,1713,000020000580
WO-2022969,ASSET-00601,Corrective,53,642,000020000581
WO-2022970,ASSET-00601,Corrective,94,1988,000020000581
WO-2022971,ASSET-00601,Corrective,125,1737,000020000581
WO-2022972,ASSET-00601,Preventive,0,,000020000581
WO-2022973,ASSET-00601,Preventive,0,,000020000581
WO-2022974,ASSET-00602,Corrective,103,1177,000020000582
WO-2022975,ASSET-00602,Emergency,596,201,000020000582
WO-2022976,ASSET-00602,Preventive,0,,000020000582
WO-2022977,ASSET-00602,Emergency,337,1584,000020000582
WO-2022978,ASSET-00602,Preventive,0,,000020000582
WO-2022979,ASSET-00603,Preventive,0,,000020000583
WO-2022980,ASSET-00603,Corrective,34,349,000020000583
WO-2022981,ASSET-00603,Preventive,0,,000020000583
WO-2022982,ASSET-00604,Emergency,134,937,000020000584
WO-2022983,ASSET-00604,Corrective,120,824,000020000584
WO-2022984,ASSET-00604,Preventive,0,,000020000584
WO-2022985,ASSET-00605,Preventive,0,,000020000585
WO-2022986,ASSET-00605,Emergency,142,963,000020000585
WO-2022987,ASSET-00605,Preventive,0,,000020000585
WO-2022988,ASSET-00605,Emergency,559,800,000020000585
WO-2022989,ASSET-00605,Corrective,37,883,000020000585
WO-2022990,ASSET-00605,Corrective,38,259,000020000585
WO-2022991,ASSET-00606,Preventive,0,,000020000586
WO-2022992,ASSET-00606,Corrective,83,1413,000020000586
WO-2022993,ASSET-00606,Corrective,184,304,000020000586
WO-2022994,ASSET-00606,Preventive,0,,000020000586
WO-2022995,ASSET-00607,Preventive,0,,000020000587
WO-2022996,ASSET-00607,Preventive,0,,000020000587
WO-2022997,ASSET-00607,Preventive,0,,000020000587
WO-2022998,ASSET-00608,Preventive,0,,000020000588
WO-2022999,ASSET-00608,Preventive,0,,000020000588
WO-2023000,ASSET-00608,Preventive,0,,000020000588
WO-2023001,ASSET-00608,Preventive,0,,000020000588
WO-2023002,ASSET-00608,Corrective,145,352,000020000588
WO-2023003,ASSET-00608,Corrective,30,946,000020000588
WO-2023004,ASSET-00608,Preventive,0,,000020000588
WO-2023005,ASSET-00608,Preventive,0,,000020000588
WO-2023006,ASSET-00609,Preventive,0,,000020000589
WO-2023007,ASSET-00609,Preventive,0,,000020000589
WO-2023008,ASSET-00609,Preventive,0,,000020000589
WO-2023009,ASSET-00610,Preventive,0,,000020000590
WO-2023010,ASSET-00610,Corrective,139,737,000020000590
WO-2023011,ASSET-00610,Preventive,0,,000020000590
WO-2023012,ASSET-00610,Corrective,41,1300,000020000590
WO-2023013,ASSET-00611,Corrective,78,231,000020000591
WO-2023014,ASSET-00611,Preventive,0,,000020000591
WO-2023015,ASSET-00611,Emergency,138,619,000020000591
WO-2023016,ASSET-00612,Corrective,176,617,000020000592
WO-2023017,ASSET-00612,Preventive,0,,000020000592
WO-2023018,ASSET-00612,Preventive,0,,000020000592
WO-2023019,ASSET-00612,Preventive,0,,000020000592
WO-2023020,ASSET-00613,Corrective,105,441,000020000593
WO-2023021,ASSET-00613,Corrective,130,1295,000020000593
WO-2023022,ASSET-00613,Preventive,0,,000020000593
WO-2023023,ASSET-00613,Emergency,138,1852,000020000593
WO-2023024,ASSET-00613,Preventive,0,,000020000593
WO-2023025,ASSET-00613,Preventive,0,,000020000593
WO-2023026,ASSET-00614,Preventive,0,,000020000594
WO-2023027,ASSET-00614,Emergency,94,1127,000020000594
WO-2023028,ASSET-00614,Corrective,76,364,000020000594
WO-2023029,ASSET-00614,Corrective,33,1377,000020000594
WO-2023030,ASSET-00614,Corrective,100,683,000020000594
WO-2023031,ASSET-00614,Preventive,0,,000020000594
WO-2023032,ASSET-00614,Preventive,0,,000020000594
WO-2023033,ASSET-00615,Preventive,0,,000020000595
WO-2023034,ASSET-00615,Preventive,0,,000020000595
WO-2023035,ASSET-00615,Preventive,0,,000020000595
WO-2023036,ASSET-00615,Preventive,0,,000020000595
WO-2023037,ASSET-00615,Corrective,128,1074,000020000595
WO-2023038,ASSET-00615,Emergency,67,1040,000020000595
WO-2023039,ASSET-00615,Emergency,444,544,000020000595
WO-2023040,ASSET-00615,Corrective,144,1776,000020000595
WO-2023041,ASSET-00615,Preventive,0,,000020000595
WO-2023042,ASSET-00616,Preventive,0,,000020000596
WO-2023043,ASSET-00616,Preventive,0,,000020000596
WO-2023044,ASSET-00616,Corrective,155,1318,000020000596
WO-2023045,ASSET-00616,Preventive,0,,000020000596
WO-2023046,ASSET-00617,Preventive,0,,000020000597
WO-2023047,ASSET-00617,Emergency,140,993,000020000597
WO-2023048,ASSET-00617,Preventive,0,,000020000597
WO-2023049,ASSET-00617,Corrective,156,1077,000020000597
WO-2023050,ASSET-00618,Corrective,94,774,000020000598
WO-2023051,ASSET-00618,Preventive,0,,000020000598
WO-2023052,ASSET-00618,Corrective,49,1750,000020000598
WO-2023053,ASSET-00618,Emergency,464,1654,000020000598
WO-2023054,ASSET-00618,Preventive,0,,000020000598
WO-2023055,ASSET-00619,Corrective,72,922,000020000599
WO-2023056,ASSET-00619,Preventive,0,,000020000599
WO-2023057,ASSET-00619,Corrective,132,1480,000020000599
WO-2023058,ASSET-00619,Preventive,0,,000020000599
WO-2023059,ASSET-00619,Corrective,39,1167,000020000599
WO-2023060,ASSET-00619,Preventive,0,,000020000599
WO-2023061,ASSET-00620,Preventive,0,,000020000600
WO-2023062,ASSET-00620,Preventive,0,,000020000600
WO-2023063,ASSET-00620,Preventive,0,,000020000600
WO-2023064,ASSET-00620,Corrective,190,269,000020000600
WO-2023065,ASSET-00620,Preventive,0,,000020000600
WO-2023066,ASSET-00621,Corrective,64,318,000020000601
WO-2023067,ASSET-00621,Corrective,238,1483,000020000601
WO-2023068,ASSET-00621,Corrective,181,903,000020000601
WO-2023069,ASSET-00622,Preventive,0,,000020000602
WO-2023070,ASSET-00622,Preventive,0,,000020000602
WO-2023071,ASSET-00622,Preventive,0,,000020000602
WO-2023072,ASSET-00622,Preventive,0,,000020000602
WO-2023073,ASSET-00622,Preventive,0,,000020000602
WO-2023074,ASSET-00622,Corrective,212,388,000020000602
WO-2023075,ASSET-00623,Preventive,0,,000020000603
WO-2023076,ASSET-00624,Corrective,51,1508,000020000604
WO-2023077,ASSET-00624,Preventive,0,,000020000604
WO-2023078,ASSET-00624,Corrective,163,277,000020000604
WO-2023079,ASSET-00624,Corrective,90,1421,000020000604
WO-2023080,ASSET-00624,Corrective,151,803,000020000604
WO-2023081,ASSET-00624,Preventive,0,,000020000604
WO-2023082,ASSET-00625,Corrective,122,1905,000020000605
WO-2023083,ASSET-00625,Preventive,0,,000020000605
WO-2023084,ASSET-00626,Corrective,120,1433,000020000606
WO-2023085,ASSET-00626,Preventive,0,,000020000606
WO-2023086,ASSET-00626,Preventive,0,,000020000606
WO-2023087,ASSET-00626,Emergency,504,609,000020000606
WO-2023088,ASSET-00627,Corrective,113,600,000020000607
WO-2023089,ASSET-00627,Preventive,0,,000020000607
WO-2023090,ASSET-00627,Preventive,0,,000020000607
WO-2023091,ASSET-00628,Preventive,0,,000020000608
WO-2023092,ASSET-00628,Emergency,518,1020,000020000608
WO-2023093,ASSET-00628,Corrective,157,508,000020000608
WO-2023094,ASSET-00628,Corrective,172,1708,000020000608
WO-2023095,ASSET-00628,Preventive,0,,000020000608
WO-2023096,ASSET-00629,Corrective,191,1653,000020000609
WO-2023097,ASSET-00629,Preventive,0,,000020000609
WO-2023098,ASSET-00629,Corrective,173,1345,000020000609
WO-2023099,ASSET-00629,Preventive,0,,000020000609
WO-2023100,ASSET-00629,Preventive,0,,000020000609
WO-2023101,ASSET-00630,Preventive,0,,000020000610
WO-2023102,ASSET-00630,Preventive,0,,000020000610
WO-2023103,ASSET-00630,Corrective,40,1236,000020000610
WO-2023104,ASSET-00630,Preventive,0,,000020000610
WO-2023105,ASSET-00630,Preventive,0,,000020000610
WO-2023106,ASSET-00630,Preventive,0,,000020000610
WO-2023107,ASSET-00630,Preventive,0,,000020000610
WO-2023108,ASSET-00631,Corrective,110,1922,000020000611
WO-2023109,ASSET-00631,Preventive,0,,000020000611
WO-2023110,ASSET-00631,Preventive,0,,000020000611
WO-2023111,ASSET-00631,Emergency,248,1783,000020000611
WO-2023112,ASSET-00631,Preventive,0,,000020000611
WO-2023113,ASSET-00631,Preventive,0,,000020000611
WO-2023114,ASSET-00631,Preventive,0,,000020000611
WO-2023115,ASSET-00632,Preventive,0,,000020000612
WO-2023116,ASSET-00632,Corrective,74,282,000020000612
WO-2023117,ASSET-00632,Emergency,247,883,000020000612
WO-2023118,ASSET-00632,Preventive,0,,000020000612
WO-2023119,ASSET-00632,Corrective,104,658,000020000612
WO-2023120,ASSET-00632,Preventive,0,,000020000612
WO-2023121,ASSET-00632,Preventive,0,,000020000612
WO-2023122,ASSET-00633,Preventive,0,,000020000613
WO-2023123,ASSET-00633,Corrective,124,1017,000020000613
WO-2023124,ASSET-00633,Emergency,153,1088,000020000613
WO-2023125,ASSET-00633,Emergency,118,533,000020000613
WO-2023126,ASSET-00634,Emergency,170,684,000020000614
WO-2023127,ASSET-00634,Preventive,0,,000020000614
WO-2023128,ASSET-00634,Preventive,0,,000020000614
WO-2023129,ASSET-00634,Corrective,188,628,000020000614
WO-2023130,ASSET-00634,Preventive,0,,000020000614
WO-2023131,ASSET-00635,Preventive,0,,000020000615
WO-2023132,ASSET-00635,Preventive,0,,000020000615
WO-2023133,ASSET-00635,Preventive,0,,000020000615
WO-2023134,ASSET-00635,Preventive,0,,000020000615
WO-2023135,ASSET-00635,Corrective,147,1919,000020000615
WO-2023136,ASSET-00635,Preventive,0,,000020000615
WO-2023137,ASSET-00636,Corrective,180,1353,000020000616
WO-2023138,ASSET-00636,Preventive,0,,000020000616
WO-2023139,ASSET-00637,Preventive,0,,000020000617
WO-2023140,ASSET-00637,Preventive,0,,000020000617
WO-2023141,ASSET-00637,Preventive,0,,000020000617
WO-2023142,ASSET-00637,Preventive,0,,000020000617
WO-2023143,ASSET-00637,Corrective,50,1876,000020000617
WO-2023144,ASSET-00637,Emergency,83,369,000020000617
WO-2023145,ASSET-00638,Preventive,0,,000020000618
WO-2023146,ASSET-00638,Preventive,0,,000020000618
WO-2023147,ASSET-00638,Corrective,147,1037,000020000618
WO-2023148,ASSET-00638,Preventive,0,,000020000618
WO-2023149,ASSET-00638,Corrective,201,1258,000020000618
WO-2023150,ASSET-00639,Preventive,0,,000020000619
WO-2023151,ASSET-00639,Preventive,0,,000020000619
WO-2023152,ASSET-00639,Corrective,141,628,000020000619
WO-2023153,ASSET-00639,Preventive,0,,000020000619
WO-2023154,ASSET-00639,Corrective,199,845,000020000619
WO-2023155,ASSET-00639,Preventive,0,,000020000619
WO-2023156,ASSET-00640,Preventive,0,,000020000620
WO-2023157,ASSET-00640,Preventive,0,,000020000620
WO-2023158,ASSET-00640,Emergency,134,891,000020000620
WO-2023159,ASSET-00640,Emergency,127,1307,000020000620
WO-2023160,ASSET-00640,Corrective,61,894,000020000620
WO-2023161,ASSET-00640,Preventive,0,,000020000620
WO-2023162,ASSET-00641,Preventive,0,,000020000621
WO-2023163,ASSET-00641,Emergency,138,1133,000020000621
WO-2023164,ASSET-00641,Emergency,227,838,000020000621
WO-2023165,ASSET-00641,Preventive,0,,000020000621
WO-2023166,ASSET-00641,Corrective,47,1696,000020000621
WO-2023167,ASSET-00641,Corrective,189,724,000020000621
WO-2023168,ASSET-00641,Preventive,0,,000020000621
WO-2023169,ASSET-00641,Corrective,118,1234,000020000621
WO-2023170,ASSET-00642,Preventive,0,,000020000622
WO-2023171,ASSET-00642,Preventive,0,,000020000622
WO-2023172,ASSET-00642,Corrective,206,825,000020000622
WO-2023173,ASSET-00642,Corrective,104,354,000020000622
WO-2023174,ASSET-00642,Corrective,212,475,000020000622
WO-2023175,ASSET-00642,Preventive,0,,000020000622
WO-2023176,ASSET-00642,Corrective,30,679,000020000622
WO-2023177,ASSET-00642,Preventive,0,,000020000622
WO-2023178,ASSET-00643,Preventive,0,,000020000623
WO-2023179,ASSET-00643,Preventive,0,,000020000623
WO-2023180,ASSET-00643,Preventive,0,,000020000623
WO-2023181,ASSET-00644,Corrective,148,1265,000020000624
WO-2023182,ASSET-00644,Preventive,0,,000020000624
WO-2023183,ASSET-00644,Emergency,271,942,000020000624
WO-2023184,ASSET-00644,Corrective,36,1358,000020000624
WO-2023185,ASSET-00644,Preventive,0,,000020000624
WO-2023186,ASSET-00644,Preventive,0,,000020000624
WO-2023187,ASSET-00645,Corrective,30,1345,000020000625
WO-2023188,ASSET-00645,Emergency,582,1530,000020000625
WO-2023189,ASSET-00645,Preventive,0,,000020000625
WO-2023190,ASSET-00646,Preventive,0,,000020000626
WO-2023191,ASSET-00646,Preventive,0,,000020000626
WO-2023192,ASSET-00646,Preventive,0,,000020000626
WO-2023193,ASSET-00647,Preventive,0,,000020000627
WO-2023194,ASSET-00647,Corrective,77,1425,000020000627
WO-2023195,ASSET-00647,Preventive,0,,000020000627
WO-2023196,ASSET-00647,Preventive,0,,000020000627
WO-2023197,ASSET-00647,Preventive,0,,000020000627
WO-2023198,ASSET-00647,Preventive,0,,000020000627
WO-2023199,ASSET-00648,Corrective,45,991,000020000628
WO-2023200,ASSET-00648,Preventive,0,,000020000628
WO-2023201,ASSET-00648,Emergency,146,467,000020000628
WO-2023202,ASSET-00648,Corrective,227,1268,000020000628
WO-2023203,ASSET-00648,Corrective,167,1603,000020000628
WO-2023204,ASSET-00648,Preventive,0,,000020000628
WO-2023205,ASSET-00649,Corrective,126,586,000020000629
WO-2023206,ASSET-00649,Preventive,0,,000020000629
WO-2023207,ASSET-00649,Preventive,0,,000020000629
WO-2023208,ASSET-00649,Preventive,0,,000020000629
WO-2023209,ASSET-00649,Preventive,0,,000020000629
WO-2023210,ASSET-00649,Preventive,0,,000020000629
WO-2023211,ASSET-00649,Preventive,0,,000020000629
WO-2023212,ASSET-00650,Corrective,180,842,000020000630
WO-2023213,ASSET-00650,Preventive,0,,000020000630
WO-2023214,ASSET-00650,Preventive,0,,000020000630
WO-2023215,ASSET-00650,Emergency,96,1361,000020000630
WO-2023216,ASSET-00650,Corrective,64,1419,000020000630
WO-2023217,ASSET-00650,Corrective,46,1263,000020000630
WO-2023218,ASSET-00650,Corrective,205,563,000020000630
WO-2023219,ASSET-00650,Preventive,0,,000020000630
WO-2023220,ASSET-00650,Preventive,0,,000020000630
WO-2023221,ASSET-00651,Preventive,0,,000020000631
WO-2023222,ASSET-00651,Emergency,76,1470,000020000631
WO-2023223,ASSET-00651,Preventive,0,,000020000631
WO-2023224,ASSET-00651,Preventive,0,,000020000631
WO-2023225,ASSET-00651,Preventive,0,,000020000631
WO-2023226,ASSET-00651,Corrective,80,1407,000020000631
WO-2023227,ASSET-00651,Preventive,0,,000020000631
WO-2023228,ASSET-00651,Corrective,85,1896,000020000631
WO-2023229,ASSET-00652,Corrective,121,1948,000020000632
WO-2023230,ASSET-00652,Preventive,0,,000020000632
WO-2023231,ASSET-00652,Preventive,0,,000020000632
WO-2023232,ASSET-00652,Emergency,263,1577,000020000632
WO-2023233,ASSET-00652,Emergency,276,980,000020000632
WO-2023234,ASSET-00653,Corrective,118,1664,000020000633
WO-2023235,ASSET-00653,Emergency,453,323,000020000633
WO-2023236,ASSET-00653,Preventive,0,,000020000633
WO-2023237,ASSET-00653,Corrective,88,311,000020000633
WO-2023238,ASSET-00654,Corrective,232,1175,000020000634
WO-2023239,ASSET-00654,Preventive,0,,000020000634
WO-2023240,ASSET-00654,Preventive,0,,000020000634
WO-2023241,ASSET-00655,Preventive,0,,000020000635
WO-2023242,ASSET-00655,Preventive,0,,000020000635
WO-2023243,ASSET-00655,Corrective,84,1703,000020000635
WO-2023244,ASSET-00656,Preventive,0,,000020000636
WO-2023245,ASSET-00656,Preventive,0,,000020000636
WO-2023246,ASSET-00656,Preventive,0,,000020000636
WO-2023247,ASSET-00656,Emergency,331,919,000020000636
WO-2023248,ASSET-00656,Preventive,0,,000020000636
WO-2023249,ASSET-00657,Corrective,116,867,000020000637
WO-2023250,ASSET-00657,Corrective,161,782,000020000637
WO-2023251,ASSET-00657,Corrective,68,712,000020000637
WO-2023252,ASSET-00657,Preventive,0,,000020000637
WO-2023253,ASSET-00657,Corrective,78,1564,000020000637
WO-2023254,ASSET-00658,Corrective,188,784,000020000638
WO-2023255,ASSET-00658,Preventive,0,,000020000638
WO-2023256,ASSET-00658,Preventive,0,,000020000638
WO-2023257,ASSET-00659,Preventive,0,,000020000639
WO-2023258,ASSET-00659,Corrective,92,872,000020000639
WO-2023259,ASSET-00659,Emergency,220,1341,000020000639
WO-2023260,ASSET-00659,Preventive,0,,000020000639
WO-2023261,ASSET-00659,Corrective,218,216,000020000639
WO-2023262,ASSET-00660,Preventive,0,,000020000640
WO-2023263,ASSET-00660,Preventive,0,,000020000640
WO-2023264,ASSET-00660,Preventive,0,,000020000640
WO-2023265,ASSET-00660,Preventive,0,,000020000640
WO-2023266,ASSET-00660,Preventive,0,,000020000640
WO-2023267,ASSET-00660,Corrective,153,1509,000020000640
WO-2023268,ASSET-00660,Preventive,0,,000020000640
WO-2023269,ASSET-00660,Preventive,0,,000020000640
WO-2023270,ASSET-00661,Preventive,0,,000020000641
WO-2023271,ASSET-00661,Preventive,0,,000020000641
WO-2023272,ASSET-00661,Preventive,0,,000020000641
WO-2023273,ASSET-00661,Corrective,63,1192,000020000641
WO-2023274,ASSET-00662,Preventive,0,,000020000642
WO-2023275,ASSET-00662,Preventive,0,,000020000642
WO-2023276,ASSET-00662,Preventive,0,,000020000642
WO-2023277,ASSET-00662,Preventive,0,,000020000642
WO-2023278,ASSET-00662,Preventive,0,,000020000642
WO-2023279,ASSET-00662,Preventive,0,,000020000642
WO-2023280,ASSET-00662,Corrective,194,1904,000020000642
WO-2023281,ASSET-00663,Preventive,0,,000020000643
WO-2023282,ASSET-00663,Preventive,0,,000020000643
WO-2023283,ASSET-00663,Emergency,81,774,000020000643
WO-2023284,ASSET-00663,Preventive,0,,000020000643
WO-2023285,ASSET-00663,Preventive,0,,000020000643
WO-2023286,ASSET-00663,Preventive,0,,000020000643
WO-2023287,ASSET-00664,Emergency,482,418,000020000644
WO-2023288,ASSET-00664,Corrective,156,763,000020000644
WO-2023289,ASSET-00664,Corrective,162,1000,000020000644
WO-2023290,ASSET-00664,Corrective,236,1055,000020000644
WO-2023291,ASSET-00665,Emergency,342,1800,000020000645
WO-2023292,ASSET-00665,Preventive,0,,000020000645
WO-2023293,ASSET-00665,Preventive,0,,000020000645
WO-2023294,ASSET-00665,Preventive,0,,000020000645
WO-2023295,ASSET-00665,Preventive,0,,000020000645
WO-2023296,ASSET-00665,Corrective,100,1444,000020000645
WO-2023297,ASSET-00665,Emergency,314,435,000020000645
WO-2023298,ASSET-00666,Emergency,248,1485,000020000646
WO-2023299,ASSET-00666,Preventive,0,,000020000646
WO-2023300,ASSET-00666,Preventive,0,,000020000646
WO-2023301,ASSET-00666,Preventive,0,,000020000646
WO-2023302,ASSET-00666,Preventive,0,,000020000646
WO-2023303,ASSET-00666,Preventive,0,,000020000646
WO-2023304,ASSET-00667,Corrective,143,1297,000020000647
WO-2023305,ASSET-00667,Preventive,0,,000020000647
WO-2023306,ASSET-00667,Preventive,0,,000020000647
WO-2023307,ASSET-00668,Corrective,141,1781,000020000648
WO-2023308,ASSET-00668,Preventive,0,,000020000648
WO-2023309,ASSET-00668,Corrective,193,1902,000020000648
WO-2023310,ASSET-00668,Preventive,0,,000020000648
WO-2023311,ASSET-00668,Corrective,111,514,000020000648
WO-2023312,ASSET-00668,Preventive,0,,000020000648
WO-2023313,ASSET-00668,Corrective,230,546,000020000648
WO-2023314,ASSET-00668,Preventive,0,,000020000648
WO-2023315,ASSET-00669,Corrective,95,1726,000020000649
WO-2023316,ASSET-00669,Preventive,0,,000020000649
WO-2023317,ASSET-00669,Preventive,0,,000020000649
WO-2023318,ASSET-00670,Preventive,0,,000020000650
WO-2023319,ASSET-00670,Preventive,0,,000020000650
WO-2023320,ASSET-00670,Corrective,103,906,000020000650
WO-2023321,ASSET-00670,Preventive,0,,000020000650
WO-2023322,ASSET-00670,Preventive,0,,000020000650
WO-2023323,ASSET-00671,Preventive,0,,000020000651
WO-2023324,ASSET-00671,Emergency,475,968,000020000651
WO-2023325,ASSET-00671,Corrective,105,517,000020000651
WO-2023326,ASSET-00671,Emergency,335,966,000020000651
WO-2023327,ASSET-00671,Preventive,0,,000020000651
WO-2023328,ASSET-00671,Corrective,88,1199,000020000651
WO-2023329,ASSET-00671,Preventive,0,,000020000651
WO-2023330,ASSET-00672,Preventive,0,,000020000652
WO-2023331,ASSET-00672,Preventive,0,,000020000652
WO-2023332,ASSET-00672,Corrective,104,1426,000020000652
WO-2023333,ASSET-00672,Preventive,0,,000020000652
WO-2023334,ASSET-00672,Preventive,0,,000020000652
WO-2023335,ASSET-00672,Emergency,435,485,000020000652
WO-2023336,ASSET-00672,Preventive,0,,000020000652
WO-2023337,ASSET-00672,Preventive,0,,000020000652
WO-2023338,ASSET-00672,Preventive,0,,000020000652
WO-2023339,ASSET-00673,Preventive,0,,000020000653
WO-2023340,ASSET-00673,Preventive,0,,000020000653
WO-2023341,ASSET-00673,Corrective,158,1341,000020000653
WO-2023342,ASSET-00673,Preventive,0,,000020000653
WO-2023343,ASSET-00673,Preventive,0,,000020000653
WO-2023344,ASSET-00673,Corrective,222,933,000020000653
WO-2023345,ASSET-00674,Corrective,79,1417,000020000654
WO-2023346,ASSET-00674,Corrective,238,329,000020000654
WO-2023347,ASSET-00674,Preventive,0,,000020000654
WO-2023348,ASSET-00674,Corrective,72,355,000020000654
WO-2023349,ASSET-00674,Preventive,0,,000020000654
