OrderRef,EquipID,Type,DowntimeMinutes,MTBFHours,LinkedAssetRef
WO-2040001,ASSET-00001,Preventive,0,,000040000001
WO-2040002,ASSET-00001,Preventive,0,,000040000001
WO-2040003,ASSET-00001,Preventive,0,,000040000001
WO-2040004,ASSET-00001,Preventive,0,,000040000001
WO-2040005,ASSET-00001,Corrective,129,552,000040000001
WO-2040006,ASSET-00001,Preventive,0,,000040000001
WO-2040007,ASSET-00001,Preventive,0,,000040000001
WO-2040008,ASSET-00002,Preventive,0,,000040000002
WO-2040009,ASSET-00002,Corrective,76,232,000040000002
WO-2040010,ASSET-00003,Preventive,0,,000040000003
WO-2040011,ASSET-00003,Corrective,30,1233,000040000003
WO-2040012,ASSET-00003,Emergency,243,616,000040000003
WO-2040013,ASSET-00003,Corrective,135,872,000040000003
WO-2040014,ASSET-00004,Preventive,0,,000040000004
WO-2040015,ASSET-00004,Preventive,0,,000040000004
WO-2040016,ASSET-00004,Corrective,191,562,000040000004
WO-2040017,ASSET-00004,Corrective,49,802,000040000004
WO-2040018,ASSET-00004,Preventive,0,,000040000004
WO-2040019,ASSET-00004,Preventive,0,,000040000004
WO-2040020,ASSET-00005,Preventive,0,,000040000005
WO-2040021,ASSET-00005,Emergency,144,790,000040000005
WO-2040022,ASSET-00006,Corrective,222,1219,000040000006
WO-2040023,ASSET-00006,Preventive,0,,000040000006
WO-2040024,ASSET-00006,Preventive,0,,000040000006
WO-2040025,ASSET-00006,Emergency,345,1336,000040000006
WO-2040026,ASSET-00007,Corrective,31,1009,000040000007
WO-2040027,ASSET-00007,Corrective,236,611,000040000007
WO-2040028,ASSET-00007,Corrective,59,291,000040000007
WO-2040029,ASSET-00007,Corrective,189,1102,000040000007
WO-2040030,ASSET-00007,Preventive,0,,000040000007
WO-2040031,ASSET-00008,Preventive,0,,000040000008
WO-2040032,ASSET-00008,Preventive,0,,000040000008
WO-2040033,ASSET-00008,Emergency,288,1009,000040000008
WO-2040034,ASSET-00008,Preventive,0,,000040000008
WO-2040035,ASSET-00009,Preventive,0,,000040000009
WO-2040036,ASSET-00009,Corrective,129,1952,000040000009
WO-2040037,ASSET-00009,Corrective,212,467,000040000009
WO-2040038,ASSET-00009,Preventive,0,,000040000009
WO-2040039,ASSET-00009,Corrective,232,1299,000040000009
WO-2040040,ASSET-00010,Preventive,0,,000040000010
WO-2040041,ASSET-00010,Corrective,159,1419,000040000010
WO-2040042,ASSET-00011,Corrective,130,1055,000040000011
WO-2040043,ASSET-00011,Preventive,0,,000040000011
WO-2040044,ASSET-00011,Preventive,0,,000040000011
WO-2040045,ASSET-00011,Preventive,0,,000040000011
WO-2040046,ASSET-00011,Corrective,73,530,000040000011
WO-2040047,ASSET-00011,Corrective,107,904,000040000011
WO-2040048,ASSET-00011,Preventive,0,,000040000011
WO-2040049,ASSET-00011,Corrective,173,1603,000040000011
WO-2040050,ASSET-00012,Preventive,0,,000040000012
WO-2040051,ASSET-00012,Emergency,376,892,000040000012
WO-2040052,ASSET-00012,Corrective,212,1286,000040000012
WO-2040053,ASSET-00012,Preventive,0,,000040000012
WO-2040054,ASSET-00012,Emergency,525,858,000040000012
WO-2040055,ASSET-00012,Preventive,0,,000040000012
WO-2040056,ASSET-00013,Preventive,0,,000040000013
WO-2040057,ASSET-00013,Preventive,0,,000040000013
WO-2040058,ASSET-00013,Emergency,509,598,000040000013
WO-2040059,ASSET-00014,Corrective,217,1911,000040000014
WO-2040060,ASSET-00014,Preventive,0,,000040000014
WO-2040061,ASSET-00014,Emergency,131,697,000040000014
WO-2040062,ASSET-00014,Preventive,0,,000040000014
WO-2040063,ASSET-00014,Corrective,81,973,000040000014
WO-2040064,ASSET-00014,Preventive,0,,000040000014
WO-2040065,ASSET-00014,Emergency,250,1485,000040000014
WO-2040066,ASSET-00014,Preventive,0,,000040000014
WO-2040067,ASSET-00015,Preventive,0,,000040000015
WO-2040068,ASSET-00015,Corrective,211,516,000040000015
WO-2040069,ASSET-00016,Preventive,0,,000040000016
WO-2040070,ASSET-00016,Preventive,0,,000040000016
WO-2040071,ASSET-00016,Emergency,113,424,000040000016
WO-2040072,ASSET-00016,Preventive,0,,000040000016
WO-2040073,ASSET-00017,Preventive,0,,000040000017
WO-2040074,ASSET-00017,Preventive,0,,000040000017
WO-2040075,ASSET-00017,Preventive,0,,000040000017
WO-2040076,ASSET-00017,Preventive,0,,000040000017
WO-2040077,ASSET-00017,Preventive,0,,000040000017
WO-2040078,ASSET-00017,Emergency,96,704,000040000017
WO-2040079,ASSET-00017,Corrective,129,1495,000040000017
WO-2040080,ASSET-00017,Preventive,0,,000040000017
WO-2040081,ASSET-00018,Emergency,528,1049,000040000019
WO-2040082,ASSET-00018,Preventive,0,,000040000019
WO-2040083,ASSET-00018,Emergency,179,497,000040000019
WO-2040084,ASSET-00018,Preventive,0,,000040000019
WO-2040085,ASSET-00018,Corrective,202,597,000040000019
WO-2040086,ASSET-00019,Preventive,0,,
WO-2040087,ASSET-00019,Preventive,0,,
WO-2040088,ASSET-00019,Preventive,0,,
WO-2040089,ASSET-00019,Corrective,39,1244,
WO-2040090,ASSET-00019,Corrective,210,1603,
WO-2040091,ASSET-00019,Preventive,0,,
WO-2040092,ASSET-00019,Preventive,0,,
WO-2040093,ASSET-00020,Corrective,103,1879,000040000020
WO-2040094,ASSET-00020,Corrective,240,976,000040000020
WO-2040095,ASSET-00020,Corrective,132,1501,000040000020
WO-2040096,ASSET-00020,Preventive,0,,000040000020
WO-2040097,ASSET-00021,Emergency,514,1624,000040000021
WO-2040098,ASSET-00021,Emergency,324,1689,000040000021
WO-2040099,ASSET-00021,Preventive,0,,000040000021
WO-2040100,ASSET-00021,Corrective,73,1915,000040000021
WO-2040101,ASSET-00021,Corrective,159,424,000040000021
WO-2040102,ASSET-00021,Preventive,0,,000040000021
WO-2040103,ASSET-00021,Preventive,0,,000040000021
WO-2040104,ASSET-00021,Preventive,0,,000040000021
WO-2040105,ASSET-00022,Preventive,0,,000040000022
WO-2040106,ASSET-00022,Preventive,0,,000040000022
WO-2040107,ASSET-00022,Preventive,0,,000040000022
WO-2040108,ASSET-00022,Preventive,0,,000040000022
WO-2040109,ASSET-00022,Preventive,0,,000040000022
WO-2040110,ASSET-00022,Preventive,0,,000040000022
WO-2040111,ASSET-00022,Corrective,166,448,000040000022
WO-2040112,ASSET-00022,Preventive,0,,000040000022
WO-2040113,ASSET-00023,Preventive,0,,000040000023
WO-2040114,ASSET-00023,Preventive,0,,000040000023
WO-2040115,ASSET-00023,Preventive,0,,000040000023
WO-2040116,ASSET-00023,Preventive,0,,000040000023
WO-2040117,ASSET-00023,Preventive,0,,000040000023
WO-2040118,ASSET-00023,Corrective,63,763,000040000023
WO-2040119,ASSET-00024,Corrective,173,1982,000040000024
WO-2040120,ASSET-00024,Preventive,0,,000040000024
WO-2040121,ASSET-00024,Preventive,0,,000040000024
WO-2040122,ASSET-00024,Emergency,168,415,000040000024
WO-2040123,ASSET-00024,Preventive,0,,000040000024
WO-2040124,ASSET-00024,Corrective,150,1635,000040000024
WO-2040125,ASSET-00024,Preventive,0,,000040000024
WO-2040126,ASSET-00025,Preventive,0,,
WO-2040127,ASSET-00025,Preventive,0,,
WO-2040128,ASSET-00025,Corrective,127,1038,
WO-2040129,ASSET-00025,Corrective,235,1391,
WO-2040130,ASSET-00025,Preventive,0,,
WO-2040131,ASSET-00025,Preventive,0,,
WO-2040132,ASSET-00025,Corrective,70,841,
WO-2040133,ASSET-00025,Corrective,58,778,
WO-2040134,ASSET-00025,Preventive,0,,
WO-2040135,ASSET-00026,Preventive,0,,000040000025
WO-2040136,ASSET-00026,Preventive,0,,000040000025
WO-2040137,ASSET-00026,Corrective,224,797,000040000025
WO-2040138,ASSET-00026,Corrective,187,1254,000040000025
WO-2040139,ASSET-00027,Emergency,477,863,000040000026
WO-2040140,ASSET-00027,Preventive,0,,000040000026
WO-2040141,ASSET-00027,Emergency,439,1171,000040000026
WO-2040142,ASSET-00027,Corrective,105,1400,000040000026
WO-2040143,ASSET-00027,Emergency,354,554,000040000026
WO-2040144,ASSET-00027,Preventive,0,,000040000026
WO-2040145,ASSET-00027,Emergency,530,1976,000040000026
WO-2040146,ASSET-00027,Preventive,0,,000040000026
WO-2040147,ASSET-00028,Preventive,0,,000040000027
WO-2040148,ASSET-00028,Emergency,129,530,000040000027
WO-2040149,ASSET-00029,Preventive,0,,000040000028
WO-2040150,ASSET-00029,Corrective,184,1345,000040000028
WO-2040151,ASSET-00029,Preventive,0,,000040000028
WO-2040152,ASSET-00029,Preventive,0,,000040000028
WO-2040153,ASSET-00029,Preventive,0,,000040000028
WO-2040154,ASSET-00029,Preventive,0,,000040000028
WO-2040155,ASSET-00029,Preventive,0,,000040000028
WO-2040156,ASSET-00029,Preventive,0,,000040000028
WO-2040157,ASSET-00030,Corrective,86,1152,000040000029
WO-2040158,ASSET-00030,Corrective,111,282,000040000029
WO-2040159,ASSET-00030,Preventive,0,,000040000029
WO-2040160,ASSET-00030,Corrective,200,390,000040000029
WO-2040161,ASSET-00030,Corrective,80,1549,000040000029
WO-2040162,ASSET-00030,Preventive,0,,000040000029
WO-2040163,ASSET-00030,Preventive,0,,000040000029
WO-2040164,ASSET-00031,Corrective,138,1123,000040000030
WO-2040165,ASSET-00031,Preventive,0,,000040000030
WO-2040166,ASSET-00031,Corrective,193,1073,000040000030
WO-2040167,ASSET-00031,Corrective,60,1467,000040000030
WO-2040168,ASSET-00032,Preventive,0,,000040000031
WO-2040169,ASSET-00032,Preventive,0,,000040000031
WO-2040170,ASSET-00032,Corrective,110,1605,000040000031
WO-2040171,ASSET-00033,Preventive,0,,
WO-2040172,ASSET-00033,Corrective,156,1850,
WO-2040173,ASSET-00034,Preventive,0,,000040000032
WO-2040174,ASSET-00034,Preventive,0,,000040000032
WO-2040175,ASSET-00034,Emergency,442,1639,000040000032
WO-2040176,ASSET-00035,Preventive,0,,000040000033
WO-2040177,ASSET-00035,Preventive,0,,000040000033
WO-2040178,ASSET-00035,Corrective,224,879,000040000033
WO-2040179,ASSET-00035,Preventive,0,,000040000033
WO-2040180,ASSET-00035,Corrective,48,1778,000040000033
WO-2040181,ASSET-00035,Preventive,0,,000040000033
WO-2040182,ASSET-00035,Corrective,172,583,000040000033
WO-2040183,ASSET-00036,Preventive,0,,000040000034
WO-2040184,ASSET-00036,Preventive,0,,000040000034
WO-2040185,ASSET-00037,Preventive,0,,000040000035
WO-2040186,ASSET-00037,Corrective,86,863,000040000035
WO-2040187,ASSET-00037,Corrective,33,1129,000040000035
WO-2040188,ASSET-00037,Corrective,80,1751,000040000035
WO-2040189,ASSET-00038,Preventive,0,,000040000036
WO-2040190,ASSET-00038,Preventive,0,,000040000036
WO-2040191,ASSET-00038,Preventive,0,,000040000036
WO-2040192,ASSET-00039,Preventive,0,,000040000037
WO-2040193,ASSET-00039,Corrective,88,818,000040000037
WO-2040194,ASSET-00039,Corrective,142,357,000040000037
WO-2040195,ASSET-00039,Preventive,0,,000040000037
WO-2040196,ASSET-00039,Corrective,222,948,000040000037
WO-2040197,ASSET-00040,Preventive,0,,000040000038
WO-2040198,ASSET-00040,Corrective,191,893,000040000038
WO-2040199,ASSET-00040,Preventive,0,,000040000038
WO-2040200,ASSET-00040,Preventive,0,,000040000038
WO-2040201,ASSET-00040,Corrective,62,1112,000040000038
WO-2040202,ASSET-00040,Corrective,43,1942,000040000038
WO-2040203,ASSET-00041,Preventive,0,,000040000039
WO-2040204,ASSET-00041,Corrective,105,1682,000040000039
WO-2040205,ASSET-00041,Preventive,0,,000040000039
WO-2040206,ASSET-00041,Preventive,0,,000040000039
WO-2040207,ASSET-00041,Corrective,59,1382,000040000039
WO-2040208,ASSET-00041,Preventive,0,,000040000039
WO-2040209,ASSET-00042,Preventive,0,,000040000040
WO-2040210,ASSET-00042,Preventive,0,,000040000040
WO-2040211,ASSET-00042,Corrective,191,1825,000040000040
WO-2040212,ASSET-00042,Preventive,0,,000040000040
WO-2040213,ASSET-00043,Corrective,159,1119,000040000041
WO-2040214,ASSET-00043,Corrective,78,1362,000040000041
WO-2040215,ASSET-00043,Preventive,0,,000040000041
WO-2040216,ASSET-00044,Emergency,76,243,000040000042
WO-2040217,ASSET-00044,Preventive,0,,000040000042
WO-2040218,ASSET-00044,Corrective,139,986,000040000042
WO-2040219,ASSET-00044,Preventive,0,,000040000042
WO-2040220,ASSET-00044,Corrective,66,528,000040000042
WO-2040221,ASSET-00045,Preventive,0,,000040000043
WO-2040222,ASSET-00045,Corrective,231,1520,000040000043
WO-2040223,ASSET-00045,Emergency,405,1637,000040000043
WO-2040224,ASSET-00046,Preventive,0,,000040000044
WO-2040225,ASSET-00046,Corrective,175,1391,000040000044
WO-2040226,ASSET-00046,Emergency,583,1797,000040000044
WO-2040227,ASSET-00047,Preventive,0,,000040000045
WO-2040228,ASSET-00047,Preventive,0,,000040000045
WO-2040229,ASSET-00047,Emergency,153,1301,000040000045
WO-2040230,ASSET-00047,Preventive,0,,000040000045
WO-2040231,ASSET-00047,Corrective,107,1427,000040000045
WO-2040232,ASSET-00048,Preventive,0,,000040000046
WO-2040233,ASSET-00048,Preventive,0,,000040000046
WO-2040234,ASSET-00048,Corrective,125,1919,000040000046
WO-2040235,ASSET-00048,Corrective,183,222,000040000046
WO-2040236,ASSET-00048,Preventive,0,,000040000046
WO-2040237,ASSET-00049,Corrective,166,864,000040000047
WO-2040238,ASSET-00049,Corrective,186,1853,000040000047
WO-2040239,ASSET-00049,Corrective,50,874,000040000047
WO-2040240,ASSET-00049,Preventive,0,,000040000047
WO-2040241,ASSET-00049,Preventive,0,,000040000047
WO-2040242,ASSET-00049,Preventive,0,,000040000047
WO-2040243,ASSET-00049,Preventive,0,,000040000047
WO-2040244,ASSET-00050,Preventive,0,,000040000048
WO-2040245,ASSET-00050,Corrective,71,1485,000040000048
WO-2040246,ASSET-00050,Corrective,133,716,000040000048
WO-2040247,ASSET-00050,Preventive,0,,000040000048
WO-2040248,ASSET-00051,Corrective,175,848,000040000049
WO-2040249,ASSET-00051,Preventive,0,,000040000049
WO-2040250,ASSET-00051,Preventive,0,,000040000049
WO-2040251,ASSET-00051,Preventive,0,,000040000049
WO-2040252,ASSET-00051,Preventive,0,,000040000049
WO-2040253,ASSET-00052,Emergency,276,1534,000040000050
WO-2040254,ASSET-00052,Preventive,0,,000040000050
WO-2040255,ASSET-00052,Preventive,0,,000040000050
WO-2040256,ASSET-00052,Emergency,219,1440,000040000050
WO-2040257,ASSET-00053,Corrective,136,321,000040000051
WO-2040258,ASSET-00053,Corrective,221,407,000040000051
WO-2040259,ASSET-00053,Preventive,0,,000040000051
WO-2040260,ASSET-00054,Preventive,0,,000040000052
WO-2040261,ASSET-00054,Preventive,0,,000040000052
WO-2040262,ASSET-00054,Preventive,0,,000040000052
WO-2040263,ASSET-00054,Emergency,331,1420,000040000052
WO-2040264,ASSET-00054,Corrective,201,582,000040000052
WO-2040265,ASSET-00054,Corrective,32,996,000040000052
WO-2040266,ASSET-00054,Preventive,0,,000040000052
WO-2040267,ASSET-00054,Preventive,0,,000040000052
WO-2040268,ASSET-00055,Emergency,467,694,
WO-2040269,ASSET-00055,Corrective,161,1526,
WO-2040270,ASSET-00055,Corrective,55,788,
WO-2040271,ASSET-00055,Corrective,110,987,
WO-2040272,ASSET-00055,Emergency,284,329,
WO-2040273,ASSET-00055,Corrective,142,1289,
WO-2040274,ASSET-00056,Corrective,126,737,000040000053
WO-2040275,ASSET-00056,Preventive,0,,000040000053
WO-2040276,ASSET-00056,Preventive,0,,000040000053
WO-2040277,ASSET-00056,Corrective,193,1918,000040000053
WO-2040278,ASSET-00056,Preventive,0,,000040000053
WO-2040279,ASSET-00057,Corrective,106,1698,000040000054
WO-2040280,ASSET-00057,Corrective,173,1597,000040000054
WO-2040281,ASSET-00058,Corrective,55,849,000040000055
WO-2040282,ASSET-00058,Corrective,202,839,000040000055
WO-2040283,ASSET-00058,Corrective,230,1225,000040000055
WO-2040284,ASSET-00058,Corrective,58,1497,000040000055
WO-2040285,ASSET-00058,Preventive,0,,000040000055
WO-2040286,ASSET-00059,Preventive,0,,000040000056
WO-2040287,ASSET-00059,Preventive,0,,000040000056
WO-2040288,ASSET-00059,Corrective,181,1679,000040000056
WO-2040289,ASSET-00059,Corrective,126,670,000040000056
WO-2040290,ASSET-00059,Emergency,210,1234,000040000056
WO-2040291,ASSET-00060,Preventive,0,,000040000057
WO-2040292,ASSET-00060,Emergency,500,622,000040000057
WO-2040293,ASSET-00060,Preventive,0,,000040000057
WO-2040294,ASSET-00060,Preventive,0,,000040000057
WO-2040295,ASSET-00060,Preventive,0,,000040000057
WO-2040296,ASSET-00060,Preventive,0,,000040000057
WO-2040297,ASSET-00060,Preventive,0,,000040000057
WO-2040298,ASSET-00061,Corrective,102,353,000040000058
WO-2040299,ASSET-00061,Corrective,57,502,000040000058
WO-2040300,ASSET-00061,Preventive,0,,000040000058
WO-2040301,ASSET-00061,Preventive,0,,000040000058
WO-2040302,ASSET-00061,Preventive,0,,000040000058
WO-2040303,ASSET-00061,Preventive,0,,000040000058
WO-2040304,ASSET-00061,Preventive,0,,000040000058
WO-2040305,ASSET-00062,Corrective,199,1775,
WO-2040306,ASSET-00062,Emergency,198,619,
WO-2040307,ASSET-00062,Preventive,0,,
WO-2040308,ASSET-00062,Preventive,0,,
WO-2040309,ASSET-00062,Emergency,220,1864,
WO-2040310,ASSET-00062,Preventive,0,,
WO-2040311,ASSET-00063,Preventive,0,,000040000059
WO-2040312,ASSET-00063,Corrective,192,444,000040000059
WO-2040313,ASSET-00063,Preventive,0,,000040000059
WO-2040314,ASSET-00063,Corrective,238,1613,000040000059
WO-2040315,ASSET-00063,Emergency,65,1974,000040000059
WO-2040316,ASSET-00063,Corrective,81,1833,000040000059
WO-2040317,ASSET-00063,Preventive,0,,000040000059
WO-2040318,ASSET-00064,Preventive,0,,000040000060
WO-2040319,ASSET-00064,Preventive,0,,000040000060
WO-2040320,ASSET-00064,Corrective,103,925,000040000060
WO-2040321,ASSET-00065,Preventive,0,,000040000061
WO-2040322,ASSET-00065,Preventive,0,,000040000061
WO-2040323,ASSET-00065,Preventive,0,,000040000061
WO-2040324,ASSET-00066,Corrective,238,1813,000040000062
WO-2040325,ASSET-00066,Preventive,0,,000040000062
WO-2040326,ASSET-00066,Corrective,80,1637,000040000062
WO-2040327,ASSET-00066,Corrective,185,1447,000040000062
WO-2040328,ASSET-00066,Corrective,196,1941,000040000062
WO-2040329,ASSET-00066,Preventive,0,,000040000062
WO-2040330,ASSET-00066,Preventive,0,,000040000062
WO-2040331,ASSET-00066,Preventive,0,,000040000062
WO-2040332,ASSET-00067,Preventive,0,,000040000063
WO-2040333,ASSET-00067,Preventive,0,,000040000063
WO-2040334,ASSET-00067,Corrective,34,1188,000040000063
WO-2040335,ASSET-00067,Preventive,0,,000040000063
WO-2040336,ASSET-00068,Preventive,0,,000040000064
WO-2040337,ASSET-00068,Corrective,131,1681,000040000064
WO-2040338,ASSET-00069,Emergency,239,1656,000040000065
WO-2040339,ASSET-00069,Corrective,171,1185,000040000065
WO-2040340,ASSET-00069,Emergency,375,951,000040000065
WO-2040341,ASSET-00070,Corrective,32,467,000040000066
WO-2040342,ASSET-00070,Emergency,405,1941,000040000066
WO-2040343,ASSET-00070,Corrective,174,579,000040000066
WO-2040344,ASSET-00070,Preventive,0,,000040000066
WO-2040345,ASSET-00070,Corrective,43,1755,000040000066
WO-2040346,ASSET-00072,Preventive,0,,000040000068
WO-2040347,ASSET-00072,Emergency,482,1854,000040000068
WO-2040348,ASSET-00072,Corrective,173,1914,000040000068
WO-2040349,ASSET-00072,Emergency,397,1303,000040000068
WO-2040350,ASSET-00073,Corrective,210,1745,000040000069
WO-2040351,ASSET-00073,Preventive,0,,000040000069
WO-2040352,ASSET-00073,Preventive,0,,000040000069
WO-2040353,ASSET-00074,Emergency,504,544,000040000070
WO-2040354,ASSET-00074,Emergency,171,1720,000040000070
WO-2040355,ASSET-00074,Preventive,0,,000040000070
WO-2040356,ASSET-00074,Corrective,98,207,000040000070
WO-2040357,ASSET-00074,Preventive,0,,000040000070
WO-2040358,ASSET-00074,Preventive,0,,000040000070
WO-2040359,ASSET-00074,Preventive,0,,000040000070
WO-2040360,ASSET-00075,Preventive,0,,000040000071
WO-2040361,ASSET-00075,Preventive,0,,000040000071
WO-2040362,ASSET-00075,Corrective,144,1013,000040000071
WO-2040363,ASSET-00076,Preventive,0,,000040000072
WO-2040364,ASSET-00076,Preventive,0,,000040000072
WO-2040365,ASSET-00076,Preventive,0,,000040000072
WO-2040366,ASSET-00076,Corrective,206,837,000040000072
WO-2040367,ASSET-00077,Preventive,0,,000040000073
WO-2040368,ASSET-00077,Preventive,0,,000040000073
WO-2040369,ASSET-00077,Preventive,0,,000040000073
WO-2040370,ASSET-00077,Emergency,168,286,000040000073
WO-2040371,ASSET-00077,Preventive,0,,000040000073
WO-2040372,ASSET-00077,Preventive,0,,000040000073
WO-2040373,ASSET-00078,Preventive,0,,000040000074
WO-2040374,ASSET-00078,Emergency,569,1125,000040000074
WO-2040375,ASSET-00078,Preventive,0,,000040000074
WO-2040376,ASSET-00078,Corrective,63,1923,000040000074
WO-2040377,ASSET-00078,Preventive,0,,000040000074
WO-2040378,ASSET-00080,Preventive,0,,000040000076
WO-2040379,ASSET-00080,Corrective,85,521,000040000076
WO-2040380,ASSET-00080,Preventive,0,,000040000076
WO-2040381,ASSET-00081,Corrective,98,408,000040000077
WO-2040382,ASSET-00081,Emergency,451,360,000040000077
WO-2040383,ASSET-00081,Corrective,79,868,000040000077
WO-2040384,ASSET-00081,Corrective,127,587,000040000077
WO-2040385,ASSET-00081,Preventive,0,,000040000077
WO-2040386,ASSET-00081,Preventive,0,,000040000077
WO-2040387,ASSET-00082,Corrective,78,1627,000040000078
WO-2040388,ASSET-00082,Corrective,209,1361,000040000078
WO-2040389,ASSET-00082,Corrective,130,838,000040000078
WO-2040390,ASSET-00082,Corrective,223,449,000040000078
WO-2040391,ASSET-00082,Corrective,192,1591,000040000078
WO-2040392,ASSET-00082,Corrective,181,1103,000040000078
WO-2040393,ASSET-00083,Preventive,0,,
WO-2040394,ASSET-00083,Preventive,0,,
WO-2040395,ASSET-00083,Preventive,0,,
WO-2040396,ASSET-00083,Preventive,0,,
WO-2040397,ASSET-00083,Emergency,502,359,
WO-2040398,ASSET-00083,Preventive,0,,
WO-2040399,ASSET-00083,Preventive,0,,
WO-2040400,ASSET-00084,Preventive,0,,000040000079
WO-2040401,ASSET-00084,Preventive,0,,000040000079
WO-2040402,ASSET-00084,Preventive,0,,000040000079
WO-2040403,ASSET-00085,Preventive,0,,000040000080
WO-2040404,ASSET-00085,Preventive,0,,000040000080
WO-2040405,ASSET-00085,Preventive,0,,000040000080
WO-2040406,ASSET-00085,Emergency,137,1276,000040000080
WO-2040407,ASSET-00086,Preventive,0,,000040000081
WO-2040408,ASSET-00086,Preventive,0,,000040000081
WO-2040409,ASSET-00086,Preventive,0,,000040000081
WO-2040410,ASSET-00086,Corrective,75,845,000040000081
WO-2040411,ASSET-00086,Corrective,146,1396,000040000081
WO-2040412,ASSET-00086,Preventive,0,,000040000081
WO-2040413,ASSET-00087,Preventive,0,,000040000082
WO-2040414,ASSET-00087,Emergency,580,1387,000040000082
WO-2040415,ASSET-00087,Corrective,79,1897,000040000082
WO-2040416,ASSET-00087,Preventive,0,,000040000082
WO-2040417,ASSET-00088,Emergency,302,332,000040000083
WO-2040418,ASSET-00088,Emergency,330,1146,000040000083
WO-2040419,ASSET-00088,Preventive,0,,000040000083
WO-2040420,ASSET-00088,Preventive,0,,000040000083
WO-2040421,ASSET-00088,Preventive,0,,000040000083
WO-2040422,ASSET-00088,Preventive,0,,000040000083
WO-2040423,ASSET-00088,Preventive,0,,000040000083
WO-2040424,ASSET-00088,Preventive,0,,000040000083
WO-2040425,ASSET-00089,Preventive,0,,000040000084
WO-2040426,ASSET-00089,Corrective,82,1975,000040000084
WO-2040427,ASSET-00089,Emergency,332,736,000040000084
WO-2040428,ASSET-00089,Corrective,131,522,000040000084
WO-2040429,ASSET-00089,Preventive,0,,000040000084
WO-2040430,ASSET-00090,Preventive,0,,000040000085
WO-2040431,ASSET-00090,Preventive,0,,000040000085
WO-2040432,ASSET-00090,Preventive,0,,000040000085
WO-2040433,ASSET-00090,Preventive,0,,000040000085
WO-2040434,ASSET-00091,Preventive,0,,000040000086
WO-2040435,ASSET-00091,Preventive,0,,000040000086
WO-2040436,ASSET-00091,Preventive,0,,000040000086
WO-2040437,ASSET-00091,Preventive,0,,000040000086
WO-2040438,ASSET-00091,Corrective,98,1093,000040000086
WO-2040439,ASSET-00092,Emergency,83,1045,000040000087
WO-2040440,ASSET-00092,Emergency,513,593,000040000087
WO-2040441,ASSET-00092,Corrective,235,421,000040000087
WO-2040442,ASSET-00092,Preventive,0,,000040000087
WO-2040443,ASSET-00092,Corrective,113,1192,000040000087
WO-2040444,ASSET-00092,Emergency,345,1862,000040000087
WO-2040445,ASSET-00092,Preventive,0,,000040000087
WO-2040446,ASSET-00092,Corrective,236,592,000040000087
WO-2040447,ASSET-00093,Corrective,229,923,000040000088
WO-2040448,ASSET-00093,Preventive,0,,000040000088
WO-2040449,ASSET-00093,Preventive,0,,000040000088
WO-2040450,ASSET-00093,Corrective,54,1727,000040000088
WO-2040451,ASSET-00094,Preventive,0,,000040000089
WO-2040452,ASSET-00094,Corrective,140,1804,000040000089
WO-2040453,ASSET-00094,Corrective,117,1684,000040000089
WO-2040454,ASSET-00094,Preventive,0,,000040000089
WO-2040455,ASSET-00094,Preventive,0,,000040000089
WO-2040456,ASSET-00094,Emergency,550,411,000040000089
WO-2040457,ASSET-00094,Corrective,209,1418,000040000089
WO-2040458,ASSET-00094,Corrective,72,1055,000040000089
WO-2040459,ASSET-00094,Corrective,192,361,000040000089
WO-2040460,ASSET-00095,Preventive,0,,000040000090
WO-2040461,ASSET-00095,Preventive,0,,000040000090
WO-2040462,ASSET-00095,Preventive,0,,000040000090
WO-2040463,ASSET-00095,Preventive,0,,000040000090
WO-2040464,ASSET-00096,Preventive,0,,000040000091
WO-2040465,ASSET-00096,Preventive,0,,000040000091
WO-2040466,ASSET-00097,Emergency,86,1931,000040000092
WO-2040467,ASSET-00097,Corrective,193,479,000040000092
WO-2040468,ASSET-00097,Preventive,0,,000040000092
WO-2040469,ASSET-00097,Preventive,0,,000040000092
WO-2040470,ASSET-00097,Corrective,208,946,000040000092
WO-2040471,ASSET-00097,Corrective,164,1229,000040000092
WO-2040472,ASSET-00097,Preventive,0,,000040000092
WO-2040473,ASSET-00097,Corrective,98,416,000040000092
WO-2040474,ASSET-00098,Preventive,0,,000040000093
WO-2040475,ASSET-00098,Corrective,152,321,000040000093
WO-2040476,ASSET-00098,Preventive,0,,000040000093
WO-2040477,ASSET-00098,Preventive,0,,000040000093
WO-2040478,ASSET-00098,Preventive,0,,000040000093
WO-2040479,ASSET-00099,Corrective,82,698,000040000094
WO-2040480,ASSET-00099,Corrective,43,271,000040000094
WO-2040481,ASSET-00099,Preventive,0,,000040000094
WO-2040482,ASSET-00099,Preventive,0,,000040000094
WO-2040483,ASSET-00099,Emergency,124,1705,000040000094
WO-2040484,ASSET-00099,Corrective,127,406,000040000094
WO-2040485,ASSET-00099,Corrective,236,810,000040000094
WO-2040486,ASSET-00100,Emergency,278,832,000040000095
WO-2040487,ASSET-00100,Preventive,0,,000040000095
WO-2040488,ASSET-00101,Preventive,0,,000040000096
WO-2040489,ASSET-00101,Preventive,0,,000040000096
WO-2040490,ASSET-00101,Corrective,236,501,000040000096
WO-2040491,ASSET-00101,Preventive,0,,000040000096
WO-2040492,ASSET-00101,Corrective,67,1507,000040000096
WO-2040493,ASSET-00102,Preventive,0,,000040000097
WO-2040494,ASSET-00102,Corrective,71,622,000040000097
WO-2040495,ASSET-00103,Preventive,0,,000040000098
WO-2040496,ASSET-00103,Corrective,167,1401,000040000098
WO-2040497,ASSET-00103,Preventive,0,,000040000098
WO-2040498,ASSET-00103,Emergency,235,994,000040000098
WO-2040499,ASSET-00103,Corrective,31,809,000040000098
WO-2040500,ASSET-00103,Corrective,210,264,000040000098
WO-2040501,ASSET-00104,Corrective,146,1058,000040000099
WO-2040502,ASSET-00104,Preventive,0,,000040000099
WO-2040503,ASSET-00104,Emergency,559,646,000040000099
WO-2040504,ASSET-00104,Corrective,223,1667,000040000099
WO-2040505,ASSET-00105,Preventive,0,,000040000100
WO-2040506,ASSET-00105,Preventive,0,,000040000100
WO-2040507,ASSET-00105,Corrective,176,1105,000040000100
WO-2040508,ASSET-00105,Corrective,238,1171,000040000100
WO-2040509,ASSET-00105,Preventive,0,,000040000100
WO-2040510,ASSET-00106,Corrective,219,1595,000040000101
WO-2040511,ASSET-00106,Preventive,0,,000040000101
WO-2040512,ASSET-00106,Preventive,0,,000040000101
WO-2040513,ASSET-00106,Emergency,229,1809,000040000101
WO-2040514,ASSET-00106,Preventive,0,,000040000101
WO-2040515,ASSET-00107,Corrective,64,1263,000040000102
WO-2040516,ASSET-00107,Corrective,151,911,000040000102
WO-2040517,ASSET-00107,Emergency,172,537,000040000102
WO-2040518,ASSET-00107,Corrective,86,979,000040000102
WO-2040519,ASSET-00107,Corrective,57,870,000040000102
WO-2040520,ASSET-00107,Corrective,237,1427,000040000102
WO-2040521,ASSET-00107,Preventive,0,,000040000102
WO-2040522,ASSET-00107,Preventive,0,,000040000102
WO-2040523,ASSET-00108,Preventive,0,,000040000103
WO-2040524,ASSET-00108,Preventive,0,,000040000103
WO-2040525,ASSET-00108,Preventive,0,,000040000103
WO-2040526,ASSET-00108,Preventive,0,,000040000103
WO-2040527,ASSET-00109,Preventive,0,,000040000104
WO-2040528,ASSET-00109,Preventive,0,,000040000104
WO-2040529,ASSET-00109,Preventive,0,,000040000104
WO-2040530,ASSET-00109,Preventive,0,,000040000104
WO-2040531,ASSET-00109,Corrective,170,1575,000040000104
WO-2040532,ASSET-00109,Corrective,232,397,000040000104
WO-2040533,ASSET-00109,Preventive,0,,000040000104
WO-2040534,ASSET-00109,Corrective,190,782,000040000104
WO-2040535,ASSET-00110,Corrective,36,710,000040000105
WO-2040536,ASSET-00110,Preventive,0,,000040000105
WO-2040537,ASSET-00111,Corrective,163,242,000040000106
WO-2040538,ASSET-00111,Preventive,0,,000040000106
WO-2040539,ASSET-00111,Corrective,116,1642,000040000106
WO-2040540,ASSET-00111,Corrective,171,1992,000040000106
WO-2040541,ASSET-00112,Corrective,92,1750,
WO-2040542,ASSET-00112,Preventive,0,,
WO-2040543,ASSET-00112,Preventive,0,,
WO-2040544,ASSET-00112,Preventive,0,,
WO-2040545,ASSET-00113,Corrective,43,1704,000040000107
WO-2040546,ASSET-00113,Preventive,0,,000040000107
WO-2040547,ASSET-00113,Preventive,0,,000040000107
WO-2040548,ASSET-00113,Preventive,0,,000040000107
WO-2040549,ASSET-00114,Corrective,137,1387,000040000108
WO-2040550,ASSET-00114,Emergency,258,702,000040000108
WO-2040551,ASSET-00114,Corrective,224,1470,000040000108
WO-2040552,ASSET-00115,Preventive,0,,000040000109
WO-2040553,ASSET-00115,Preventive,0,,000040000109
WO-2040554,ASSET-00115,Preventive,0,,000040000109
WO-2040555,ASSET-00115,Preventive,0,,000040000109
WO-2040556,ASSET-00116,Preventive,0,,000040000110
WO-2040557,ASSET-00116,Corrective,87,1815,000040000110
WO-2040558,ASSET-00116,Preventive,0,,000040000110
WO-2040559,ASSET-00117,Corrective,47,1594,000040000111
WO-2040560,ASSET-00117,Preventive,0,,000040000111
WO-2040561,ASSET-00117,Emergency,223,1822,000040000111
WO-2040562,ASSET-00117,Preventive,0,,000040000111
WO-2040563,ASSET-00117,Preventive,0,,000040000111
WO-2040564,ASSET-00118,Corrective,72,893,000040000112
WO-2040565,ASSET-00118,Preventive,0,,000040000112
WO-2040566,ASSET-00118,Preventive,0,,000040000112
WO-2040567,ASSET-00118,Preventive,0,,000040000112
WO-2040568,ASSET-00118,Preventive,0,,000040000112
WO-2040569,ASSET-00119,Corrective,121,1455,000040000113
WO-2040570,ASSET-00119,Corrective,129,851,000040000113
WO-2040571,ASSET-00119,Preventive,0,,000040000113
WO-2040572,ASSET-00119,Preventive,0,,000040000113
WO-2040573,ASSET-00119,Preventive,0,,000040000113
WO-2040574,ASSET-00119,Corrective,224,825,000040000113
WO-2040575,ASSET-00120,Preventive,0,,000040000114
WO-2040576,ASSET-00120,Preventive,0,,000040000114
WO-2040577,ASSET-00120,Corrective,172,744,000040000114
WO-2040578,ASSET-00120,Corrective,224,1575,000040000114
WO-2040579,ASSET-00120,Preventive,0,,000040000114
WO-2040580,ASSET-00121,Preventive,0,,000040000115
WO-2040581,ASSET-00121,Emergency,519,1245,000040000115
WO-2040582,ASSET-00121,Emergency,475,1934,000040000115
WO-2040583,ASSET-00121,Preventive,0,,000040000115
WO-2040584,ASSET-00122,Preventive,0,,000040000116
WO-2040585,ASSET-00122,Corrective,175,461,000040000116
WO-2040586,ASSET-00122,Corrective,201,561,000040000116
WO-2040587,ASSET-00123,Preventive,0,,000040000117
WO-2040588,ASSET-00123,Preventive,0,,000040000117
WO-2040589,ASSET-00123,Preventive,0,,000040000117
WO-2040590,ASSET-00123,Preventive,0,,000040000117
WO-2040591,ASSET-00124,Preventive,0,,000040000118
WO-2040592,ASSET-00124,Corrective,89,868,000040000118
WO-2040593,ASSET-00124,Emergency,386,341,000040000118
WO-2040594,ASSET-00124,Corrective,208,1042,000040000118
WO-2040595,ASSET-00124,Emergency,123,1778,000040000118
WO-2040596,ASSET-00124,Preventive,0,,000040000118
WO-2040597,ASSET-00125,Corrective,196,1166,000040000119
WO-2040598,ASSET-00125,Corrective,201,1295,000040000119
WO-2040599,ASSET-00125,Preventive,0,,000040000119
WO-2040600,ASSET-00125,Corrective,199,879,000040000119
WO-2040601,ASSET-00125,Preventive,0,,000040000119
WO-2040602,ASSET-00126,Preventive,0,,000040000120
WO-2040603,ASSET-00126,Preventive,0,,000040000120
WO-2040604,ASSET-00126,Corrective,135,1194,000040000120
WO-2040605,ASSET-00126,Emergency,150,213,000040000120
WO-2040606,ASSET-00126,Preventive,0,,000040000120
WO-2040607,ASSET-00126,Preventive,0,,000040000120
WO-2040608,ASSET-00127,Corrective,104,1474,000040000121
WO-2040609,ASSET-00127,Preventive,0,,000040000121
WO-2040610,ASSET-00127,Preventive,0,,000040000121
WO-2040611,ASSET-00127,Preventive,0,,000040000121
WO-2040612,ASSET-00128,Preventive,0,,000040000122
WO-2040613,ASSET-00128,Corrective,118,1765,000040000122
WO-2040614,ASSET-00128,Preventive,0,,000040000122
WO-2040615,ASSET-00128,Preventive,0,,000040000122
WO-2040616,ASSET-00128,Emergency,240,712,000040000122
WO-2040617,ASSET-00128,Corrective,229,1804,000040000122
WO-2040618,ASSET-00128,Corrective,128,670,000040000122
WO-2040619,ASSET-00128,Preventive,0,,000040000122
WO-2040620,ASSET-00129,Corrective,49,219,000040000123
WO-2040621,ASSET-00129,Preventive,0,,000040000123
WO-2040622,ASSET-00129,Corrective,108,1190,000040000123
WO-2040623,ASSET-00129,Preventive,0,,000040000123
WO-2040624,ASSET-00129,Preventive,0,,000040000123
WO-2040625,ASSET-00130,Emergency,108,1561,000040000124
WO-2040626,ASSET-00130,Corrective,101,533,000040000124
WO-2040627,ASSET-00130,Preventive,0,,000040000124
WO-2040628,ASSET-00131,Preventive,0,,000040000125
WO-2040629,ASSET-00131,Preventive,0,,000040000125
WO-2040630,ASSET-00131,Preventive,0,,000040000125
WO-2040631,ASSET-00131,Corrective,89,491,000040000125
WO-2040632,ASSET-00131,Corrective,67,224,000040000125
WO-2040633,ASSET-00131,Preventive,0,,000040000125
WO-2040634,ASSET-00132,Preventive,0,,000040000126
WO-2040635,ASSET-00132,Preventive,0,,000040000126
WO-2040636,ASSET-00132,Preventive,0,,000040000126
WO-2040637,ASSET-00133,Corrective,135,1756,000040000127
WO-2040638,ASSET-00133,Preventive,0,,000040000127
WO-2040639,ASSET-00133,Emergency,190,1368,000040000127
WO-2040640,ASSET-00133,Preventive,0,,000040000127
WO-2040641,ASSET-00134,Preventive,0,,000040000128
WO-2040642,ASSET-00134,Preventive,0,,000040000128
WO-2040643,ASSET-00134,Preventive,0,,000040000128
WO-2040644,ASSET-00134,Preventive,0,,000040000128
WO-2040645,ASSET-00134,Corrective,170,1693,000040000128
WO-2040646,ASSET-00134,Corrective,157,492,000040000128
WO-2040647,ASSET-00134,Preventive,0,,000040000128
WO-2040648,ASSET-00135,Preventive,0,,000040000129
WO-2040649,ASSET-00135,Emergency,100,369,000040000129
WO-2040650,ASSET-00135,Preventive,0,,000040000129
WO-2040651,ASSET-00135,Preventive,0,,000040000129
WO-2040652,ASSET-00135,Preventive,0,,000040000129
WO-2040653,ASSET-00135,Preventive,0,,000040000129
WO-2040654,ASSET-00135,Preventive,0,,000040000129
WO-2040655,ASSET-00135,Preventive,0,,000040000129
WO-2040656,ASSET-00136,Preventive,0,,000040000130
WO-2040657,ASSET-00136,Corrective,92,1025,000040000130
WO-2040658,ASSET-00136,Preventive,0,,000040000130
WO-2040659,ASSET-00136,Corrective,180,1480,000040000130
WO-2040660,ASSET-00137,Preventive,0,,000040000131
WO-2040661,ASSET-00137,Corrective,148,601,000040000131
WO-2040662,ASSET-00137,Corrective,145,651,000040000131
WO-2040663,ASSET-00137,Preventive,0,,000040000131
WO-2040664,ASSET-00137,Preventive,0,,000040000131
WO-2040665,ASSET-00137,Corrective,50,745,000040000131
WO-2040666,ASSET-00137,Preventive,0,,000040000131
WO-2040667,ASSET-00138,Corrective,189,1034,
WO-2040668,ASSET-00138,Preventive,0,,
WO-2040669,ASSET-00138,Preventive,0,,
WO-2040670,ASSET-00138,Preventive,0,,
WO-2040671,ASSET-00138,Preventive,0,,
WO-2040672,ASSET-00138,Preventive,0,,
WO-2040673,ASSET-00138,Preventive,0,,
WO-2040674,ASSET-00139,Emergency,366,351,000040000132
WO-2040675,ASSET-00139,Corrective,174,1992,000040000132
WO-2040676,ASSET-00139,Preventive,0,,000040000132
WO-2040677,ASSET-00139,Preventive,0,,000040000132
WO-2040678,ASSET-00139,Preventive,0,,000040000132
WO-2040679,ASSET-00139,Corrective,170,1843,000040000132
WO-2040680,ASSET-00140,Preventive,0,,
WO-2040681,ASSET-00140,Preventive,0,,
WO-2040682,ASSET-00140,Preventive,0,,
WO-2040683,ASSET-00140,Preventive,0,,
WO-2040684,ASSET-00141,Corrective,157,1629,000040000133
WO-2040685,ASSET-00141,Preventive,0,,000040000133
WO-2040686,ASSET-00141,Corrective,38,471,000040000133
WO-2040687,ASSET-00141,Emergency,439,687,000040000133
WO-2040688,ASSET-00141,Corrective,164,617,000040000133
WO-2040689,ASSET-00141,Corrective,100,1718,000040000133
WO-2040690,ASSET-00141,Preventive,0,,000040000133
WO-2040691,ASSET-00141,Preventive,0,,000040000133
WO-2040692,ASSET-00142,Preventive,0,,000040000134
WO-2040693,ASSET-00142,Corrective,123,883,000040000134
WO-2040694,ASSET-00142,Corrective,49,1487,000040000134
WO-2040695,ASSET-00142,Preventive,0,,000040000134
WO-2040696,ASSET-00142,Corrective,188,1874,000040000134
WO-2040697,ASSET-00142,Corrective,222,601,000040000134
WO-2040698,ASSET-00142,Corrective,43,1351,000040000134
WO-2040699,ASSET-00143,Preventive,0,,000040000135
WO-2040700,ASSET-00144,Corrective,128,1427,000040000136
WO-2040701,ASSET-00144,Corrective,214,740,000040000136
WO-2040702,ASSET-00144,Corrective,194,1699,000040000136
WO-2040703,ASSET-00144,Preventive,0,,000040000136
WO-2040704,ASSET-00144,Preventive,0,,000040000136
WO-2040705,ASSET-00145,Preventive,0,,000040000137
WO-2040706,ASSET-00145,Corrective,86,560,000040000137
WO-2040707,ASSET-00145,Corrective,80,430,000040000137
WO-2040708,ASSET-00145,Corrective,183,651,000040000137
WO-2040709,ASSET-00145,Preventive,0,,000040000137
WO-2040710,ASSET-00146,Preventive,0,,000040000138
WO-2040711,ASSET-00146,Emergency,516,1785,000040000138
WO-2040712,ASSET-00146,Preventive,0,,000040000138
WO-2040713,ASSET-00147,Preventive,0,,000040000139
WO-2040714,ASSET-00147,Corrective,144,575,000040000139
WO-2040715,ASSET-00147,Corrective,37,1877,000040000139
WO-2040716,ASSET-00147,Emergency,90,1000,000040000139
WO-2040717,ASSET-00147,Corrective,190,1071,000040000139
WO-2040718,ASSET-00147,Corrective,217,838,000040000139
WO-2040719,ASSET-00147,Preventive,0,,000040000139
WO-2040720,ASSET-00147,Preventive,0,,000040000139
WO-2040721,ASSET-00147,Preventive,0,,000040000139
WO-2040722,ASSET-00148,Preventive,0,,000040000140
WO-2040723,ASSET-00148,Corrective,69,1620,000040000140
WO-2040724,ASSET-00149,Corrective,211,971,000040000141
WO-2040725,ASSET-00149,Preventive,0,,000040000141
WO-2040726,ASSET-00149,Corrective,121,656,000040000141
WO-2040727,ASSET-00150,Preventive,0,,000040000142
WO-2040728,ASSET-00150,Preventive,0,,000040000142
WO-2040729,ASSET-00151,Corrective,228,1790,000040000143
WO-2040730,ASSET-00151,Corrective,195,765,000040000143
WO-2040731,ASSET-00151,Corrective,180,1499,000040000143
WO-2040732,ASSET-00151,Corrective,196,1910,000040000143
WO-2040733,ASSET-00152,Corrective,182,1693,000040000144
WO-2040734,ASSET-00152,Corrective,69,1302,000040000144
WO-2040735,ASSET-00152,Corrective,41,610,000040000144
WO-2040736,ASSET-00152,Corrective,90,915,000040000144
WO-2040737,ASSET-00152,Corrective,80,307,000040000144
WO-2040738,ASSET-00152,Corrective,154,397,000040000144
WO-2040739,ASSET-00153,Preventive,0,,000040000145
WO-2040740,ASSET-00153,Preventive,0,,000040000145
WO-2040741,ASSET-00153,Emergency,191,1610,000040000145
WO-2040742,ASSET-00153,Preventive,0,,000040000145
WO-2040743,ASSET-00153,Corrective,215,307,000040000145
WO-2040744,ASSET-00153,Corrective,120,897,000040000145
WO-2040745,ASSET-00154,Preventive,0,,000040000146
WO-2040746,ASSET-00154,Preventive,0,,000040000146
WO-2040747,ASSET-00154,Preventive,0,,000040000146
WO-2040748,ASSET-00154,Preventive,0,,000040000146
WO-2040749,ASSET-00154,Corrective,130,1594,000040000146
WO-2040750,ASSET-00155,Corrective,207,1964,000040000147
WO-2040751,ASSET-00155,Corrective,191,1583,000040000147
WO-2040752,ASSET-00155,Corrective,230,1774,000040000147
WO-2040753,ASSET-00155,Preventive,0,,000040000147
WO-2040754,ASSET-00155,Preventive,0,,000040000147
WO-2040755,ASSET-00155,Preventive,0,,000040000147
WO-2040756,ASSET-00156,Corrective,190,355,000040000148
WO-2040757,ASSET-00156,Corrective,224,1052,000040000148
WO-2040758,ASSET-00156,Preventive,0,,000040000148
WO-2040759,ASSET-00156,Corrective,30,749,000040000148
WO-2040760,ASSET-00156,Emergency,275,1287,000040000148
WO-2040761,ASSET-00157,Corrective,175,1051,000040000149
WO-2040762,ASSET-00157,Preventive,0,,000040000149
WO-2040763,ASSET-00158,Corrective,218,1920,000040000150
WO-2040764,ASSET-00158,Emergency,85,813,000040000150
WO-2040765,ASSET-00158,Corrective,91,352,000040000150
WO-2040766,ASSET-00158,Emergency,225,1131,000040000150
WO-2040767,ASSET-00158,Preventive,0,,000040000150
WO-2040768,ASSET-00159,Corrective,194,230,000040000151
WO-2040769,ASSET-00159,Corrective,175,1800,000040000151
WO-2040770,ASSET-00159,Corrective,42,890,000040000151
WO-2040771,ASSET-00159,Preventive,0,,000040000151
WO-2040772,ASSET-00159,Preventive,0,,000040000151
WO-2040773,ASSET-00159,Preventive,0,,000040000151
WO-2040774,ASSET-00160,Preventive,0,,000040000152
WO-2040775,ASSET-00160,Preventive,0,,000040000152
WO-2040776,ASSET-00160,Corrective,131,828,000040000152
WO-2040777,ASSET-00161,Preventive,0,,000040000153
WO-2040778,ASSET-00162,Preventive,0,,000040000154
WO-2040779,ASSET-00162,Corrective,82,1464,000040000154
WO-2040780,ASSET-00162,Preventive,0,,000040000154
WO-2040781,ASSET-00162,Corrective,199,273,000040000154
WO-2040782,ASSET-00162,Corrective,54,1860,000040000154
WO-2040783,ASSET-00163,Preventive,0,,000040000155
WO-2040784,ASSET-00164,Corrective,155,833,000040000156
WO-2040785,ASSET-00164,Preventive,0,,000040000156
WO-2040786,ASSET-00164,Preventive,0,,000040000156
WO-2040787,ASSET-00164,Preventive,0,,000040000156
WO-2040788,ASSET-00164,Corrective,141,750,000040000156
WO-2040789,ASSET-00164,Preventive,0,,000040000156
WO-2040790,ASSET-00165,Emergency,152,1444,000040000157
WO-2040791,ASSET-00165,Corrective,95,1055,000040000157
WO-2040792,ASSET-00166,Preventive,0,,000040000158
WO-2040793,ASSET-00166,Preventive,0,,000040000158
WO-2040794,ASSET-00166,Preventive,0,,000040000158
WO-2040795,ASSET-00166,Preventive,0,,000040000158
WO-2040796,ASSET-00166,Corrective,88,640,000040000158
WO-2040797,ASSET-00166,Preventive,0,,000040000158
WO-2040798,ASSET-00167,Corrective,61,1230,000040000159
WO-2040799,ASSET-00167,Preventive,0,,000040000159
WO-2040800,ASSET-00167,Corrective,130,1975,000040000159
WO-2040801,ASSET-00167,Preventive,0,,000040000159
WO-2040802,ASSET-00167,Preventive,0,,000040000159
WO-2040803,ASSET-00167,Corrective,185,803,000040000159
WO-2040804,ASSET-00168,Preventive,0,,000040000160
WO-2040805,ASSET-00168,Preventive,0,,000040000160
WO-2040806,ASSET-00168,Preventive,0,,000040000160
WO-2040807,ASSET-00168,Corrective,38,538,000040000160
WO-2040808,ASSET-00168,Corrective,36,237,000040000160
WO-2040809,ASSET-00168,Corrective,112,1098,000040000160
WO-2040810,ASSET-00169,Corrective,121,1000,
WO-2040811,ASSET-00169,Corrective,48,1913,
WO-2040812,ASSET-00169,Preventive,0,,
WO-2040813,ASSET-00169,Preventive,0,,
WO-2040814,ASSET-00169,Preventive,0,,
WO-2040815,ASSET-00169,Preventive,0,,
WO-2040816,ASSET-00170,Preventive,0,,000040000161
WO-2040817,ASSET-00170,Preventive,0,,000040000161
WO-2040818,ASSET-00170,Corrective,201,545,000040000161
WO-2040819,ASSET-00170,Corrective,103,793,000040000161
WO-2040820,ASSET-00170,Preventive,0,,000040000161
WO-2040821,ASSET-00171,Corrective,124,852,000040000162
WO-2040822,ASSET-00171,Emergency,416,590,000040000162
WO-2040823,ASSET-00171,Corrective,75,1140,000040000162
WO-2040824,ASSET-00171,Preventive,0,,000040000162
WO-2040825,ASSET-00171,Corrective,189,1251,000040000162
WO-2040826,ASSET-00172,Preventive,0,,000040000163
WO-2040827,ASSET-00172,Preventive,0,,000040000163
WO-2040828,ASSET-00172,Corrective,39,1749,000040000163
WO-2040829,ASSET-00173,Preventive,0,,000040000164
WO-2040830,ASSET-00173,Preventive,0,,000040000164
WO-2040831,ASSET-00173,Emergency,335,349,000040000164
WO-2040832,ASSET-00173,Preventive,0,,000040000164
WO-2040833,ASSET-00173,Preventive,0,,000040000164
WO-2040834,ASSET-00174,Emergency,396,1634,000040000165
WO-2040835,ASSET-00174,Corrective,97,999,000040000165
WO-2040836,ASSET-00174,Corrective,224,1364,000040000165
WO-2040837,ASSET-00175,Preventive,0,,000040000166
WO-2040838,ASSET-00175,Preventive,0,,000040000166
WO-2040839,ASSET-00175,Preventive,0,,000040000166
WO-2040840,ASSET-00176,Preventive,0,,000040000167
WO-2040841,ASSET-00176,Corrective,165,1953,000040000167
WO-2040842,ASSET-00176,Corrective,160,1236,000040000167
WO-2040843,ASSET-00176,Emergency,456,1464,000040000167
WO-2040844,ASSET-00177,Corrective,63,739,000040000168
WO-2040845,ASSET-00177,Corrective,130,1573,000040000168
WO-2040846,ASSET-00177,Preventive,0,,000040000168
WO-2040847,ASSET-00177,Preventive,0,,000040000168
WO-2040848,ASSET-00177,Preventive,0,,000040000168
WO-2040849,ASSET-00177,Preventive,0,,000040000168
WO-2040850,ASSET-00177,Preventive,0,,000040000168
WO-2040851,ASSET-00177,Preventive,0,,000040000168
WO-2040852,ASSET-00178,Corrective,116,1922,000040000169
WO-2040853,ASSET-00178,Preventive,0,,000040000169
WO-2040854,ASSET-00178,Preventive,0,,000040000169
WO-2040855,ASSET-00178,Corrective,55,1953,000040000169
WO-2040856,ASSET-00178,Preventive,0,,000040000169
WO-2040857,ASSET-00178,Preventive,0,,000040000169
WO-2040858,ASSET-00178,Preventive,0,,000040000169
WO-2040859,ASSET-00178,Preventive,0,,000040000169
WO-2040860,ASSET-00179,Preventive,0,,000040000170
WO-2040861,ASSET-00179,Preventive,0,,000040000170
WO-2040862,ASSET-00179,Preventive,0,,000040000170
WO-2040863,ASSET-00179,Preventive,0,,000040000170
WO-2040864,ASSET-00179,Corrective,182,275,000040000170
WO-2040865,ASSET-00179,Preventive,0,,000040000170
WO-2040866,ASSET-00179,Preventive,0,,000040000170
WO-2040867,ASSET-00179,Preventive,0,,000040000170
WO-2040868,ASSET-00180,Corrective,33,1351,000040000171
WO-2040869,ASSET-00180,Preventive,0,,000040000171
WO-2040870,ASSET-00180,Preventive,0,,000040000171
WO-2040871,ASSET-00180,Emergency,488,307,000040000171
WO-2040872,ASSET-00181,Corrective,212,1987,000040000172
WO-2040873,ASSET-00181,Preventive,0,,000040000172
WO-2040874,ASSET-00181,Preventive,0,,000040000172
WO-2040875,ASSET-00182,Preventive,0,,
WO-2040876,ASSET-00182,Corrective,126,426,
WO-2040877,ASSET-00182,Corrective,52,1037,
WO-2040878,ASSET-00183,Emergency,108,1564,000040000173
WO-2040879,ASSET-00183,Preventive,0,,000040000173
WO-2040880,ASSET-00183,Preventive,0,,000040000173
WO-2040881,ASSET-00183,Corrective,48,1937,000040000173
WO-2040882,ASSET-00183,Corrective,55,797,000040000173
WO-2040883,ASSET-00184,Corrective,167,865,000040000174
WO-2040884,ASSET-00184,Corrective,99,371,000040000174
WO-2040885,ASSET-00184,Preventive,0,,000040000174
WO-2040886,ASSET-00184,Preventive,0,,000040000174
WO-2040887,ASSET-00184,Corrective,181,1491,000040000174
WO-2040888,ASSET-00185,Corrective,236,703,
WO-2040889,ASSET-00185,Emergency,195,1391,
WO-2040890,ASSET-00185,Corrective,50,1096,
WO-2040891,ASSET-00186,Preventive,0,,000040000175
WO-2040892,ASSET-00186,Preventive,0,,000040000175
WO-2040893,ASSET-00186,Preventive,0,,000040000175
WO-2040894,ASSET-00186,Preventive,0,,000040000175
WO-2040895,ASSET-00186,Preventive,0,,000040000175
WO-2040896,ASSET-00187,Corrective,49,967,000040000176
WO-2040897,ASSET-00187,Preventive,0,,000040000176
WO-2040898,ASSET-00187,Corrective,160,1777,000040000176
WO-2040899,ASSET-00187,Preventive,0,,000040000176
WO-2040900,ASSET-00187,Preventive,0,,000040000176
WO-2040901,ASSET-00187,Corrective,101,343,000040000176
WO-2040902,ASSET-00188,Corrective,216,977,000040000177
WO-2040903,ASSET-00188,Emergency,459,608,000040000177
WO-2040904,ASSET-00188,Corrective,164,1293,000040000177
WO-2040905,ASSET-00188,Corrective,177,1238,000040000177
WO-2040906,ASSET-00188,Corrective,105,268,000040000177
WO-2040907,ASSET-00188,Corrective,151,1908,000040000177
WO-2040908,ASSET-00188,Preventive,0,,000040000177
WO-2040909,ASSET-00188,Preventive,0,,000040000177
WO-2040910,ASSET-00189,Preventive,0,,000040000178
WO-2040911,ASSET-00189,Preventive,0,,000040000178
WO-2040912,ASSET-00189,Corrective,158,1792,000040000178
WO-2040913,ASSET-00189,Corrective,79,1175,000040000178
WO-2040914,ASSET-00189,Preventive,0,,000040000178
WO-2040915,ASSET-00190,Corrective,69,922,000040000179
WO-2040916,ASSET-00190,Preventive,0,,000040000179
WO-2040917,ASSET-00190,Corrective,70,1567,000040000179
WO-2040918,ASSET-00190,Preventive,0,,000040000179
WO-2040919,ASSET-00190,Preventive,0,,000040000179
WO-2040920,ASSET-00191,Corrective,73,1657,000040000180
WO-2040921,ASSET-00191,Corrective,237,963,000040000180
WO-2040922,ASSET-00191,Corrective,150,938,000040000180
WO-2040923,ASSET-00191,Corrective,177,517,000040000180
WO-2040924,ASSET-00191,Preventive,0,,000040000180
WO-2040925,ASSET-00192,Corrective,62,1905,000040000181
WO-2040926,ASSET-00192,Corrective,55,514,000040000181
WO-2040927,ASSET-00192,Preventive,0,,000040000181
WO-2040928,ASSET-00193,Preventive,0,,000040000182
WO-2040929,ASSET-00193,Corrective,75,538,000040000182
WO-2040930,ASSET-00193,Emergency,464,767,000040000182
WO-2040931,ASSET-00193,Preventive,0,,000040000182
WO-2040932,ASSET-00194,Corrective,225,539,000040000183
WO-2040933,ASSET-00194,Corrective,125,563,000040000183
WO-2040934,ASSET-00194,Corrective,143,1964,000040000183
WO-2040935,ASSET-00194,Preventive,0,,000040000183
WO-2040936,ASSET-00194,Preventive,0,,000040000183
WO-2040937,ASSET-00194,Preventive,0,,000040000183
WO-2040938,ASSET-00194,Corrective,237,1986,000040000183
WO-2040939,ASSET-00195,Corrective,146,596,
WO-2040940,ASSET-00195,Preventive,0,,
WO-2040941,ASSET-00195,Preventive,0,,
WO-2040942,ASSET-00195,Corrective,124,1521,
WO-2040943,ASSET-00196,Corrective,31,1383,000040000184
WO-2040944,ASSET-00196,Corrective,46,1217,000040000184
WO-2040945,ASSET-00196,Preventive,0,,000040000184
WO-2040946,ASSET-00196,Preventive,0,,000040000184
WO-2040947,ASSET-00196,Corrective,238,1801,000040000184
WO-2040948,ASSET-00196,Corrective,173,1282,000040000184
WO-2040949,ASSET-00196,Preventive,0,,000040000184
WO-2040950,ASSET-00196,Preventive,0,,000040000184
WO-2040951,ASSET-00197,Corrective,237,325,000040000185
WO-2040952,ASSET-00197,Corrective,122,1670,000040000185
WO-2040953,ASSET-00197,Corrective,36,653,000040000185
WO-2040954,ASSET-00197,Corrective,110,383,000040000185
WO-2040955,ASSET-00197,Corrective,49,1812,000040000185
WO-2040956,ASSET-00197,Corrective,59,1198,000040000185
WO-2040957,ASSET-00197,Corrective,112,517,000040000185
WO-2040958,ASSET-00197,Corrective,112,490,000040000185
WO-2040959,ASSET-00198,Corrective,108,797,000040000186
WO-2040960,ASSET-00198,Corrective,172,1308,000040000186
WO-2040961,ASSET-00198,Corrective,142,1729,000040000186
WO-2040962,ASSET-00198,Corrective,177,342,000040000186
WO-2040963,ASSET-00198,Preventive,0,,000040000186
WO-2040964,ASSET-00198,Preventive,0,,000040000186
WO-2040965,ASSET-00198,Preventive,0,,000040000186
WO-2040966,ASSET-00199,Preventive,0,,
WO-2040967,ASSET-00199,Preventive,0,,
WO-2040968,ASSET-00199,Preventive,0,,
WO-2040969,ASSET-00199,Corrective,227,520,
WO-2040970,ASSET-00199,Preventive,0,,
WO-2040971,ASSET-00199,Preventive,0,,
WO-2040972,ASSET-00199,Preventive,0,,
WO-2040973,ASSET-00200,Preventive,0,,
WO-2040974,ASSET-00200,Preventive,0,,
WO-2040975,ASSET-00200,Preventive,0,,
WO-2040976,ASSET-00200,Preventive,0,,
WO-2040977,ASSET-00201,Corrective,159,990,000040000187
WO-2040978,ASSET-00201,Preventive,0,,000040000187
WO-2040979,ASSET-00201,Corrective,135,606,000040000187
WO-2040980,ASSET-00201,Preventive,0,,000040000187
WO-2040981,ASSET-00201,Preventive,0,,000040000187
WO-2040982,ASSET-00201,Corrective,73,938,000040000187
WO-2040983,ASSET-00202,Preventive,0,,000040000188
WO-2040984,ASSET-00202,Preventive,0,,000040000188
WO-2040985,ASSET-00202,Preventive,0,,000040000188
WO-2040986,ASSET-00202,Preventive,0,,000040000188
WO-2040987,ASSET-00203,Preventive,0,,000040000189
WO-2040988,ASSET-00203,Preventive,0,,000040000189
WO-2040989,ASSET-00203,Preventive,0,,000040000189
WO-2040990,ASSET-00203,Preventive,0,,000040000189
WO-2040991,ASSET-00204,Corrective,37,756,000040000190
WO-2040992,ASSET-00204,Preventive,0,,000040000190
WO-2040993,ASSET-00205,Preventive,0,,000040000191
WO-2040994,ASSET-00205,Preventive,0,,000040000191
WO-2040995,ASSET-00205,Preventive,0,,000040000191
WO-2040996,ASSET-00205,Corrective,71,1296,000040000191
WO-2040997,ASSET-00205,Corrective,114,304,000040000191
WO-2040998,ASSET-00206,Emergency,521,214,000040000192
WO-2040999,ASSET-00206,Preventive,0,,000040000192
WO-2041000,ASSET-00206,Preventive,0,,000040000192
WO-2041001,ASSET-00206,Preventive,0,,000040000192
WO-2041002,ASSET-00207,Corrective,143,270,000040000193
WO-2041003,ASSET-00207,Corrective,104,739,000040000193
WO-2041004,ASSET-00207,Preventive,0,,000040000193
WO-2041005,ASSET-00207,Preventive,0,,000040000193
WO-2041006,ASSET-00207,Corrective,133,1572,000040000193
WO-2041007,ASSET-00208,Preventive,0,,000040000194
WO-2041008,ASSET-00208,Preventive,0,,000040000194
WO-2041009,ASSET-00208,Corrective,233,1268,000040000194
WO-2041010,ASSET-00208,Emergency,296,828,000040000194
WO-2041011,ASSET-00208,Preventive,0,,000040000194
WO-2041012,ASSET-00209,Preventive,0,,000040000195
WO-2041013,ASSET-00209,Preventive,0,,000040000195
WO-2041014,ASSET-00210,Emergency,510,1941,
WO-2041015,ASSET-00210,Corrective,86,1947,
WO-2041016,ASSET-00210,Corrective,46,443,
WO-2041017,ASSET-00210,Preventive,0,,
WO-2041018,ASSET-00210,Corrective,146,1425,
WO-2041019,ASSET-00211,Preventive,0,,000040000196
WO-2041020,ASSET-00211,Preventive,0,,000040000196
WO-2041021,ASSET-00211,Preventive,0,,000040000196
WO-2041022,ASSET-00211,Corrective,140,1564,000040000196
WO-2041023,ASSET-00212,Corrective,226,981,000040000197
WO-2041024,ASSET-00212,Corrective,40,303,000040000197
WO-2041025,ASSET-00212,Preventive,0,,000040000197
WO-2041026,ASSET-00212,Preventive,0,,000040000197
WO-2041027,ASSET-00212,Preventive,0,,000040000197
WO-2041028,ASSET-00212,Preventive,0,,000040000197
WO-2041029,ASSET-00213,Preventive,0,,000040000198
WO-2041030,ASSET-00213,Corrective,127,878,000040000198
WO-2041031,ASSET-00213,Preventive,0,,000040000198
WO-2041032,ASSET-00214,Corrective,58,237,000040000199
WO-2041033,ASSET-00214,Corrective,222,1128,000040000199
WO-2041034,ASSET-00214,Preventive,0,,000040000199
WO-2041035,ASSET-00214,Corrective,31,979,000040000199
WO-2041036,ASSET-00214,Emergency,369,1747,000040000199
WO-2041037,ASSET-00214,Corrective,116,1150,000040000199
WO-2041038,ASSET-00214,Preventive,0,,000040000199
WO-2041039,ASSET-00214,Corrective,218,1641,000040000199
WO-2041040,ASSET-00214,Preventive,0,,000040000199
WO-2041041,ASSET-00214,Corrective,47,660,000040000199
WO-2041042,ASSET-00214,Preventive,0,,000040000199
WO-2041043,ASSET-00214,Preventive,0,,000040000199
WO-2041044,ASSET-00215,Corrective,55,1886,000040000200
WO-2041045,ASSET-00215,Preventive,0,,000040000200
WO-2041046,ASSET-00215,Corrective,202,1182,000040000200
WO-2041047,ASSET-00216,Preventive,0,,000040000201
WO-2041048,ASSET-00216,Preventive,0,,000040000201
WO-2041049,ASSET-00216,Emergency,364,1440,000040000201
WO-2041050,ASSET-00216,Preventive,0,,000040000201
WO-2041051,ASSET-00216,Preventive,0,,000040000201
WO-2041052,ASSET-00217,Corrective,170,1273,
WO-2041053,ASSET-00217,Preventive,0,,
WO-2041054,ASSET-00217,Corrective,75,1281,
WO-2041055,ASSET-00217,Corrective,212,1311,
WO-2041056,ASSET-00217,Emergency,336,1899,
WO-2041057,ASSET-00217,Preventive,0,,
WO-2041058,ASSET-00217,Preventive,0,,
WO-2041059,ASSET-00218,Preventive,0,,000040000202
WO-2041060,ASSET-00218,Preventive,0,,000040000202
WO-2041061,ASSET-00218,Preventive,0,,000040000202
WO-2041062,ASSET-00218,Corrective,44,266,000040000202
WO-2041063,ASSET-00218,Corrective,228,772,000040000202
WO-2041064,ASSET-00218,Preventive,0,,000040000202
WO-2041065,ASSET-00218,Preventive,0,,000040000202
WO-2041066,ASSET-00219,Preventive,0,,000040000203
WO-2041067,ASSET-00219,Corrective,191,1068,000040000203
WO-2041068,ASSET-00220,Corrective,88,1465,000040000204
WO-2041069,ASSET-00220,Preventive,0,,000040000204
WO-2041070,ASSET-00220,Emergency,375,1425,000040000204
WO-2041071,ASSET-00220,Preventive,0,,000040000204
WO-2041072,ASSET-00220,Emergency,155,1342,000040000204
WO-2041073,ASSET-00221,Corrective,86,702,000040000205
WO-2041074,ASSET-00221,Corrective,199,599,000040000205
WO-2041075,ASSET-00221,Corrective,40,1539,000040000205
WO-2041076,ASSET-00221,Corrective,226,1319,000040000205
WO-2041077,ASSET-00222,Preventive,0,,000040000206
WO-2041078,ASSET-00222,Corrective,223,660,000040000206
WO-2041079,ASSET-00222,Preventive,0,,000040000206
WO-2041080,ASSET-00222,Preventive,0,,000040000206
WO-2041081,ASSET-00222,Preventive,0,,000040000206
WO-2041082,ASSET-00222,Preventive,0,,000040000206
WO-2041083,ASSET-00222,Preventive,0,,000040000206
WO-2041084,ASSET-00222,Preventive,0,,000040000206
WO-2041085,ASSET-00222,Emergency,158,1777,000040000206
WO-2041086,ASSET-00223,Corrective,68,1761,000040000207
WO-2041087,ASSET-00223,Corrective,114,841,000040000207
WO-2041088,ASSET-00223,Corrective,200,845,000040000207
WO-2041089,ASSET-00223,Preventive,0,,000040000207
WO-2041090,ASSET-00223,Preventive,0,,000040000207
WO-2041091,ASSET-00223,Corrective,159,408,000040000207
WO-2041092,ASSET-00223,Preventive,0,,000040000207
WO-2041093,ASSET-00223,Corrective,209,479,000040000207
WO-2041094,ASSET-00224,Emergency,533,367,
WO-2041095,ASSET-00224,Preventive,0,,
WO-2041096,ASSET-00224,Emergency,312,1414,
WO-2041097,ASSET-00225,Corrective,114,571,000040000208
WO-2041098,ASSET-00225,Corrective,37,358,000040000208
WO-2041099,ASSET-00225,Corrective,96,890,000040000208
WO-2041100,ASSET-00225,Corrective,33,569,000040000208
WO-2041101,ASSET-00226,Corrective,145,1556,000040000209
WO-2041102,ASSET-00226,Emergency,299,553,000040000209
WO-2041103,ASSET-00226,Corrective,221,957,000040000209
WO-2041104,ASSET-00226,Corrective,176,301,000040000209
WO-2041105,ASSET-00227,Preventive,0,,000040000210
WO-2041106,ASSET-00227,Corrective,126,669,000040000210
WO-2041107,ASSET-00227,Preventive,0,,000040000210
WO-2041108,ASSET-00227,Preventive,0,,000040000210
WO-2041109,ASSET-00227,Preventive,0,,000040000210
WO-2041110,ASSET-00227,Preventive,0,,000040000210
WO-2041111,ASSET-00227,Corrective,76,1746,000040000210
WO-2041112,ASSET-00228,Corrective,39,567,
WO-2041113,ASSET-00228,Preventive,0,,
WO-2041114,ASSET-00228,Corrective,163,489,
WO-2041115,ASSET-00228,Preventive,0,,
WO-2041116,ASSET-00228,Corrective,51,459,
WO-2041117,ASSET-00228,Corrective,214,461,
WO-2041118,ASSET-00229,Preventive,0,,000040000211
WO-2041119,ASSET-00229,Corrective,117,886,000040000211
WO-2041120,ASSET-00229,Emergency,240,1071,000040000211
WO-2041121,ASSET-00230,Preventive,0,,000040000212
WO-2041122,ASSET-00230,Preventive,0,,000040000212
WO-2041123,ASSET-00230,Preventive,0,,000040000212
WO-2041124,ASSET-00230,Corrective,111,1806,000040000212
WO-2041125,ASSET-00230,Preventive,0,,000040000212
WO-2041126,ASSET-00230,Corrective,220,1535,000040000212
WO-2041127,ASSET-00231,Preventive,0,,
WO-2041128,ASSET-00231,Preventive,0,,
WO-2041129,ASSET-00231,Corrective,229,244,
WO-2041130,ASSET-00231,Corrective,235,1496,
WO-2041131,ASSET-00231,Corrective,112,1478,
WO-2041132,ASSET-00231,Preventive,0,,
WO-2041133,ASSET-00232,Corrective,232,1547,000040000213
WO-2041134,ASSET-00232,Preventive,0,,000040000213
WO-2041135,ASSET-00232,Preventive,0,,000040000213
WO-2041136,ASSET-00232,Preventive,0,,000040000213
WO-2041137,ASSET-00233,Preventive,0,,000040000214
WO-2041138,ASSET-00233,Corrective,226,1424,000040000214
WO-2041139,ASSET-00233,Emergency,251,1576,000040000214
WO-2041140,ASSET-00233,Preventive,0,,000040000214
WO-2041141,ASSET-00234,Preventive,0,,000040000215
WO-2041142,ASSET-00234,Corrective,236,817,000040000215
WO-2041143,ASSET-00234,Preventive,0,,000040000215
WO-2041144,ASSET-00234,Preventive,0,,000040000215
WO-2041145,ASSET-00234,Preventive,0,,000040000215
WO-2041146,ASSET-00234,Preventive,0,,000040000215
WO-2041147,ASSET-00234,Preventive,0,,000040000215
WO-2041148,ASSET-00234,Emergency,101,802,000040000215
WO-2041149,ASSET-00235,Preventive,0,,000040000216
WO-2041150,ASSET-00235,Preventive,0,,000040000216
WO-2041151,ASSET-00235,Preventive,0,,000040000216
WO-2041152,ASSET-00235,Emergency,557,1861,000040000216
WO-2041153,ASSET-00235,Preventive,0,,000040000216
WO-2041154,ASSET-00235,Preventive,0,,000040000216
WO-2041155,ASSET-00235,Preventive,0,,000040000216
WO-2041156,ASSET-00236,Preventive,0,,000040000217
WO-2041157,ASSET-00236,Preventive,0,,000040000217
WO-2041158,ASSET-00236,Emergency,200,1008,000040000217
WO-2041159,ASSET-00236,Preventive,0,,000040000217
WO-2041160,ASSET-00236,Preventive,0,,000040000217
WO-2041161,ASSET-00236,Preventive,0,,000040000217
WO-2041162,ASSET-00237,Preventive,0,,000040000218
WO-2041163,ASSET-00237,Corrective,134,814,000040000218
WO-2041164,ASSET-00237,Preventive,0,,000040000218
WO-2041165,ASSET-00238,Emergency,481,1356,000040000219
WO-2041166,ASSET-00238,Corrective,202,325,000040000219
WO-2041167,ASSET-00239,Preventive,0,,000040000220
WO-2041168,ASSET-00239,Corrective,173,257,000040000220
WO-2041169,ASSET-00239,Preventive,0,,000040000220
WO-2041170,ASSET-00239,Preventive,0,,000040000220
WO-2041171,ASSET-00239,Corrective,109,1635,000040000220
WO-2041172,ASSET-00240,Emergency,309,898,000040000221
WO-2041173,ASSET-00240,Corrective,193,213,000040000221
WO-2041174,ASSET-00240,Corrective,69,1187,000040000221
WO-2041175,ASSET-00240,Preventive,0,,000040000221
WO-2041176,ASSET-00241,Preventive,0,,000040000222
WO-2041177,ASSET-00241,Preventive,0,,000040000222
WO-2041178,ASSET-00241,Corrective,37,553,000040000222
WO-2041179,ASSET-00241,Preventive,0,,000040000222
WO-2041180,ASSET-00241,Preventive,0,,000040000222
WO-2041181,ASSET-00241,Corrective,55,1864,000040000222
WO-2041182,ASSET-00242,Preventive,0,,000040000223
WO-2041183,ASSET-00242,Preventive,0,,000040000223
WO-2041184,ASSET-00242,Corrective,54,956,000040000223
WO-2041185,ASSET-00242,Preventive,0,,000040000223
WO-2041186,ASSET-00243,Emergency,61,1768,000040000224
WO-2041187,ASSET-00243,Preventive,0,,000040000224
WO-2041188,ASSET-00243,Corrective,196,1358,000040000224
WO-2041189,ASSET-00243,Preventive,0,,000040000224
WO-2041190,ASSET-00243,Preventive,0,,000040000224
WO-2041191,ASSET-00243,Emergency,595,1814,000040000224
WO-2041192,ASSET-00244,Preventive,0,,000040000225
WO-2041193,ASSET-00244,Preventive,0,,000040000225
WO-2041194,ASSET-00244,Preventive,0,,000040000225
WO-2041195,ASSET-00244,Corrective,131,1910,000040000225
WO-2041196,ASSET-00244,Corrective,55,462,000040000225
WO-2041197,ASSET-00244,Corrective,166,304,000040000225
WO-2041198,ASSET-00244,Corrective,216,457,000040000225
WO-2041199,ASSET-00244,Preventive,0,,000040000225
WO-2041200,ASSET-00244,Corrective,65,485,000040000225
WO-2041201,ASSET-00245,Emergency,128,206,000040000226
WO-2041202,ASSET-00245,Corrective,66,1571,000040000226
WO-2041203,ASSET-00245,Preventive,0,,000040000226
WO-2041204,ASSET-00245,Preventive,0,,000040000226
WO-2041205,ASSET-00246,Corrective,230,764,000040000227
WO-2041206,ASSET-00246,Preventive,0,,000040000227
WO-2041207,ASSET-00246,Preventive,0,,000040000227
WO-2041208,ASSET-00247,Preventive,0,,000040000228
WO-2041209,ASSET-00247,Preventive,0,,000040000228
WO-2041210,ASSET-00247,Corrective,34,1668,000040000228
WO-2041211,ASSET-00248,Preventive,0,,000040000229
WO-2041212,ASSET-00248,Emergency,174,699,000040000229
WO-2041213,ASSET-00249,Corrective,128,1046,000040000230
WO-2041214,ASSET-00249,Preventive,0,,000040000230
WO-2041215,ASSET-00250,Preventive,0,,000040000231
WO-2041216,ASSET-00250,Corrective,142,723,000040000231
WO-2041217,ASSET-00250,Corrective,105,370,000040000231
WO-2041218,ASSET-00250,Preventive,0,,000040000231
WO-2041219,ASSET-00250,Preventive,0,,000040000231
WO-2041220,ASSET-00250,Preventive,0,,000040000231
WO-2041221,ASSET-00250,Emergency,439,1567,000040000231
WO-2041222,ASSET-00250,Corrective,92,643,000040000231
WO-2041223,ASSET-00251,Preventive,0,,000040000232
WO-2041224,ASSET-00251,Preventive,0,,000040000232
WO-2041225,ASSET-00253,Preventive,0,,000040000234
WO-2041226,ASSET-00253,Preventive,0,,000040000234
WO-2041227,ASSET-00253,Corrective,37,689,000040000234
WO-2041228,ASSET-00254,Preventive,0,,000040000235
WO-2041229,ASSET-00254,Preventive,0,,000040000235
WO-2041230,ASSET-00254,Corrective,32,415,000040000235
WO-2041231,ASSET-00254,Corrective,193,940,000040000235
WO-2041232,ASSET-00254,Preventive,0,,000040000235
WO-2041233,ASSET-00254,Corrective,161,1378,000040000235
WO-2041234,ASSET-00254,Preventive,0,,000040000235
WO-2041235,ASSET-00255,Emergency,591,1835,000040000236
WO-2041236,ASSET-00255,Corrective,176,1211,000040000236
WO-2041237,ASSET-00255,Preventive,0,,000040000236
WO-2041238,ASSET-00255,Corrective,135,396,000040000236
WO-2041239,ASSET-00255,Preventive,0,,000040000236
WO-2041240,ASSET-00255,Emergency,183,960,000040000236
WO-2041241,ASSET-00255,Preventive,0,,000040000236
WO-2041242,ASSET-00256,Corrective,167,1980,000040000237
WO-2041243,ASSET-00256,Corrective,106,1399,000040000237
WO-2041244,ASSET-00256,Corrective,48,921,000040000237
WO-2041245,ASSET-00257,Preventive,0,,000040000238
WO-2041246,ASSET-00257,Preventive,0,,000040000238
WO-2041247,ASSET-00257,Preventive,0,,000040000238
WO-2041248,ASSET-00258,Preventive,0,,000040000239
WO-2041249,ASSET-00258,Preventive,0,,000040000239
WO-2041250,ASSET-00258,Preventive,0,,000040000239
WO-2041251,ASSET-00258,Corrective,220,1157,000040000239
WO-2041252,ASSET-00258,Preventive,0,,000040000239
WO-2041253,ASSET-00259,Preventive,0,,000040000240
WO-2041254,ASSET-00259,Corrective,84,895,000040000240
WO-2041255,ASSET-00259,Corrective,168,1809,000040000240
WO-2041256,ASSET-00259,Corrective,34,1136,000040000240
WO-2041257,ASSET-00259,Preventive,0,,000040000240
WO-2041258,ASSET-00259,Corrective,167,300,000040000240
WO-2041259,ASSET-00259,Emergency,259,1428,000040000240
WO-2041260,ASSET-00259,Preventive,0,,000040000240
WO-2041261,ASSET-00260,Corrective,186,1918,000040000241
WO-2041262,ASSET-00260,Preventive,0,,000040000241
WO-2041263,ASSET-00260,Preventive,0,,000040000241
WO-2041264,ASSET-00260,Preventive,0,,000040000241
WO-2041265,ASSET-00261,Preventive,0,,000040000242
WO-2041266,ASSET-00261,Preventive,0,,000040000242
WO-2041267,ASSET-00261,Corrective,148,1162,000040000242
WO-2041268,ASSET-00261,Corrective,229,1189,000040000242
WO-2041269,ASSET-00261,Preventive,0,,000040000242
WO-2041270,ASSET-00261,Preventive,0,,000040000242
WO-2041271,ASSET-00262,Preventive,0,,000040000243
WO-2041272,ASSET-00262,Preventive,0,,000040000243
WO-2041273,ASSET-00262,Preventive,0,,000040000243
WO-2041274,ASSET-00262,Preventive,0,,000040000243
WO-2041275,ASSET-00262,Preventive,0,,000040000243
WO-2041276,ASSET-00263,Preventive,0,,000040000244
WO-2041277,ASSET-00263,Preventive,0,,000040000244
WO-2041278,ASSET-00263,Preventive,0,,000040000244
WO-2041279,ASSET-00264,Preventive,0,,000040000245
WO-2041280,ASSET-00264,Preventive,0,,000040000245
WO-2041281,ASSET-00264,Preventive,0,,000040000245
WO-2041282,ASSET-00264,Corrective,195,342,000040000245
WO-2041283,ASSET-00264,Preventive,0,,000040000245
WO-2041284,ASSET-00265,Preventive,0,,000040000246
WO-2041285,ASSET-00265,Preventive,0,,000040000246
WO-2041286,ASSET-00265,Preventive,0,,000040000246
WO-2041287,ASSET-00265,Corrective,79,1090,000040000246
WO-2041288,ASSET-00266,Emergency,135,1089,000040000247
WO-2041289,ASSET-00266,Corrective,226,451,000040000247
WO-2041290,ASSET-00266,Preventive,0,,000040000247
WO-2041291,ASSET-00266,Preventive,0,,000040000247
WO-2041292,ASSET-00266,Preventive,0,,000040000247
WO-2041293,ASSET-00266,Emergency,226,932,000040000247
WO-2041294,ASSET-00266,Corrective,152,1368,000040000247
WO-2041295,ASSET-00266,Preventive,0,,000040000247
WO-2041296,ASSET-00266,Preventive,0,,000040000247
WO-2041297,ASSET-00267,Emergency,427,367,000040000248
WO-2041298,ASSET-00267,Preventive,0,,000040000248
WO-2041299,ASSET-00267,Corrective,235,1418,000040000248
WO-2041300,ASSET-00267,Preventive,0,,000040000248
WO-2041301,ASSET-00268,Preventive,0,,000040000249
WO-2041302,ASSET-00268,Corrective,96,1297,000040000249
WO-2041303,ASSET-00268,Preventive,0,,000040000249
WO-2041304,ASSET-00268,Corrective,60,1052,000040000249
WO-2041305,ASSET-00268,Corrective,134,1140,000040000249
WO-2041306,ASSET-00268,Preventive,0,,000040000249
WO-2041307,ASSET-00269,Corrective,238,406,
WO-2041308,ASSET-00269,Preventive,0,,
WO-2041309,ASSET-00270,Preventive,0,,000040000250
WO-2041310,ASSET-00270,Preventive,0,,000040000250
WO-2041311,ASSET-00270,Corrective,209,1457,000040000250
WO-2041312,ASSET-00271,Preventive,0,,000040000251
WO-2041313,ASSET-00271,Preventive,0,,000040000251
WO-2041314,ASSET-00271,Corrective,168,407,000040000251
WO-2041315,ASSET-00272,Corrective,36,583,000040000252
WO-2041316,ASSET-00272,Preventive,0,,000040000252
WO-2041317,ASSET-00272,Preventive,0,,000040000252
WO-2041318,ASSET-00272,Preventive,0,,000040000252
WO-2041319,ASSET-00272,Corrective,215,1850,000040000252
WO-2041320,ASSET-00272,Preventive,0,,000040000252
WO-2041321,ASSET-00272,Preventive,0,,000040000252
WO-2041322,ASSET-00273,Preventive,0,,000040000253
WO-2041323,ASSET-00273,Preventive,0,,000040000253
WO-2041324,ASSET-00273,Corrective,186,1203,000040000253
WO-2041325,ASSET-00273,Corrective,33,1419,000040000253
WO-2041326,ASSET-00273,Emergency,259,695,000040000253
WO-2041327,ASSET-00273,Preventive,0,,000040000253
WO-2041328,ASSET-00273,Preventive,0,,000040000253
WO-2041329,ASSET-00273,Corrective,133,1376,000040000253
WO-2041330,ASSET-00274,Preventive,0,,000040000254
WO-2041331,ASSET-00274,Corrective,187,858,000040000254
WO-2041332,ASSET-00274,Corrective,230,728,000040000254
WO-2041333,ASSET-00274,Corrective,231,1386,000040000254
WO-2041334,ASSET-00274,Preventive,0,,000040000254
WO-2041335,ASSET-00274,Corrective,99,1053,000040000254
WO-2041336,ASSET-00274,Preventive,0,,000040000254
WO-2041337,ASSET-00275,Preventive,0,,000040000255
WO-2041338,ASSET-00275,Corrective,119,1735,000040000255
WO-2041339,ASSET-00275,Preventive,0,,000040000255
WO-2041340,ASSET-00275,Corrective,94,222,000040000255
WO-2041341,ASSET-00275,Corrective,176,1334,000040000255
WO-2041342,ASSET-00275,Preventive,0,,000040000255
WO-2041343,ASSET-00275,Preventive,0,,000040000255
WO-2041344,ASSET-00276,Corrective,40,1044,000040000256
WO-2041345,ASSET-00276,Corrective,201,399,000040000256
WO-2041346,ASSET-00276,Emergency,516,1117,000040000256
WO-2041347,ASSET-00276,Preventive,0,,000040000256
WO-2041348,ASSET-00276,Preventive,0,,000040000256
WO-2041349,ASSET-00277,Preventive,0,,000040000257
WO-2041350,ASSET-00277,Preventive,0,,000040000257
WO-2041351,ASSET-00277,Preventive,0,,000040000257
WO-2041352,ASSET-00277,Corrective,35,547,000040000257
WO-2041353,ASSET-00278,Preventive,0,,000040000258
WO-2041354,ASSET-00278,Preventive,0,,000040000258
WO-2041355,ASSET-00279,Corrective,30,1040,000040000259
WO-2041356,ASSET-00279,Preventive,0,,000040000259
WO-2041357,ASSET-00279,Preventive,0,,000040000259
WO-2041358,ASSET-00279,Corrective,134,1111,000040000259
WO-2041359,ASSET-00279,Corrective,130,790,000040000259
WO-2041360,ASSET-00279,Preventive,0,,000040000259
WO-2041361,ASSET-00280,Preventive,0,,000040000260
WO-2041362,ASSET-00280,Corrective,161,1827,000040000260
WO-2041363,ASSET-00280,Preventive,0,,000040000260
WO-2041364,ASSET-00281,Preventive,0,,000040000261
WO-2041365,ASSET-00281,Preventive,0,,000040000261
WO-2041366,ASSET-00281,Preventive,0,,000040000261
WO-2041367,ASSET-00282,Preventive,0,,000040000262
WO-2041368,ASSET-00282,Corrective,86,1927,000040000262
WO-2041369,ASSET-00282,Preventive,0,,000040000262
WO-2041370,ASSET-00282,Corrective,48,388,000040000262
WO-2041371,ASSET-00282,Corrective,39,800,000040000262
WO-2041372,ASSET-00282,Emergency,269,1049,000040000262
WO-2041373,ASSET-00282,Corrective,179,1356,000040000262
WO-2041374,ASSET-00282,Preventive,0,,000040000262
WO-2041375,ASSET-00282,Preventive,0,,000040000262
WO-2041376,ASSET-00283,Preventive,0,,000040000263
WO-2041377,ASSET-00283,Preventive,0,,000040000263
WO-2041378,ASSET-00283,Preventive,0,,000040000263
WO-2041379,ASSET-00283,Preventive,0,,000040000263
WO-2041380,ASSET-00284,Preventive,0,,000040000264
WO-2041381,ASSET-00284,Emergency,401,1752,000040000264
WO-2041382,ASSET-00284,Preventive,0,,000040000264
WO-2041383,ASSET-00285,Preventive,0,,000040000265
WO-2041384,ASSET-00285,Corrective,196,1505,000040000265
WO-2041385,ASSET-00285,Corrective,146,643,000040000265
WO-2041386,ASSET-00286,Preventive,0,,000040000266
WO-2041387,ASSET-00286,Preventive,0,,000040000266
WO-2041388,ASSET-00286,Corrective,216,711,000040000266
WO-2041389,ASSET-00286,Preventive,0,,000040000266
WO-2041390,ASSET-00287,Preventive,0,,000040000267
WO-2041391,ASSET-00287,Preventive,0,,000040000267
WO-2041392,ASSET-00288,Corrective,87,714,000040000268
WO-2041393,ASSET-00288,Preventive,0,,000040000268
WO-2041394,ASSET-00288,Preventive,0,,000040000268
WO-2041395,ASSET-00289,Corrective,38,1052,000040000269
WO-2041396,ASSET-00289,Corrective,52,443,000040000269
WO-2041397,ASSET-00289,Preventive,0,,000040000269
WO-2041398,ASSET-00289,Preventive,0,,000040000269
WO-2041399,ASSET-00289,Preventive,0,,000040000269
WO-2041400,ASSET-00290,Preventive,0,,000040000270
WO-2041401,ASSET-00290,Corrective,236,1744,000040000270
WO-2041402,ASSET-00290,Preventive,0,,000040000270
WO-2041403,ASSET-00290,Preventive,0,,000040000270
WO-2041404,ASSET-00290,Corrective,173,1541,000040000270
WO-2041405,ASSET-00290,Preventive,0,,000040000270
WO-2041406,ASSET-00290,Corrective,147,953,000040000270
WO-2041407,ASSET-00291,Preventive,0,,000040000271
WO-2041408,ASSET-00291,Preventive,0,,000040000271
WO-2041409,ASSET-00291,Preventive,0,,000040000271
WO-2041410,ASSET-00291,Corrective,142,1754,000040000271
WO-2041411,ASSET-00292,Corrective,66,1359,000040000272
WO-2041412,ASSET-00292,Corrective,229,950,000040000272
WO-2041413,ASSET-00292,Corrective,99,494,000040000272
WO-2041414,ASSET-00292,Corrective,188,293,000040000272
WO-2041415,ASSET-00292,Preventive,0,,000040000272
WO-2041416,ASSET-00292,Preventive,0,,000040000272
WO-2041417,ASSET-00292,Preventive,0,,000040000272
WO-2041418,ASSET-00292,Corrective,184,1929,000040000272
WO-2041419,ASSET-00292,Corrective,174,875,000040000272
WO-2041420,ASSET-00293,Preventive,0,,000040000273
WO-2041421,ASSET-00293,Corrective,208,732,000040000273
WO-2041422,ASSET-00293,Corrective,101,646,000040000273
WO-2041423,ASSET-00294,Corrective,160,1508,000040000274
WO-2041424,ASSET-00294,Corrective,190,456,000040000274
WO-2041425,ASSET-00294,Corrective,81,835,000040000274
WO-2041426,ASSET-00295,Preventive,0,,000040000275
WO-2041427,ASSET-00295,Preventive,0,,000040000275
WO-2041428,ASSET-00295,Preventive,0,,000040000275
WO-2041429,ASSET-00296,Preventive,0,,000040000276
WO-2041430,ASSET-00296,Preventive,0,,000040000276
WO-2041431,ASSET-00296,Preventive,0,,000040000276
WO-2041432,ASSET-00296,Preventive,0,,000040000276
WO-2041433,ASSET-00296,Preventive,0,,000040000276
WO-2041434,ASSET-00296,Preventive,0,,000040000276
WO-2041435,ASSET-00297,Corrective,179,1479,000040000277
WO-2041436,ASSET-00297,Emergency,179,1127,000040000277
WO-2041437,ASSET-00297,Preventive,0,,000040000277
WO-2041438,ASSET-00297,Preventive,0,,000040000277
WO-2041439,ASSET-00297,Preventive,0,,000040000277
WO-2041440,ASSET-00297,Corrective,223,1690,000040000277
WO-2041441,ASSET-00297,Corrective,171,1986,000040000277
WO-2041442,ASSET-00298,Preventive,0,,000040000278
WO-2041443,ASSET-00298,Corrective,152,950,000040000278
WO-2041444,ASSET-00298,Emergency,337,1473,000040000278
WO-2041445,ASSET-00298,Corrective,197,928,000040000278
WO-2041446,ASSET-00299,Preventive,0,,000040000279
WO-2041447,ASSET-00299,Corrective,30,271,000040000279
WO-2041448,ASSET-00299,Corrective,34,1846,000040000279
WO-2041449,ASSET-00299,Preventive,0,,000040000279
WO-2041450,ASSET-00299,Corrective,97,1344,000040000279
WO-2041451,ASSET-00299,Preventive,0,,000040000279
WO-2041452,ASSET-00299,Preventive,0,,000040000279
WO-2041453,ASSET-00299,Preventive,0,,000040000279
WO-2041454,ASSET-00299,Emergency,137,1725,000040000279
WO-2041455,ASSET-00300,Preventive,0,,000040000280
WO-2041456,ASSET-00300,Preventive,0,,000040000280
WO-2041457,ASSET-00300,Emergency,396,853,000040000280
WO-2041458,ASSET-00300,Preventive,0,,000040000280
WO-2041459,ASSET-00300,Preventive,0,,000040000280
WO-2041460,ASSET-00300,Corrective,219,1660,000040000280
WO-2041461,ASSET-00301,Corrective,155,905,000040000281
WO-2041462,ASSET-00301,Preventive,0,,000040000281
WO-2041463,ASSET-00301,Preventive,0,,000040000281
WO-2041464,ASSET-00301,Preventive,0,,000040000281
WO-2041465,ASSET-00301,Preventive,0,,000040000281
WO-2041466,ASSET-00301,Corrective,169,309,000040000281
WO-2041467,ASSET-00301,Corrective,195,465,000040000281
WO-2041468,ASSET-00301,Preventive,0,,000040000281
WO-2041469,ASSET-00301,Preventive,0,,000040000281
WO-2041470,ASSET-00302,Corrective,68,1428,000040000282
WO-2041471,ASSET-00302,Corrective,184,505,000040000282
WO-2041472,ASSET-00302,Preventive,0,,000040000282
WO-2041473,ASSET-00302,Preventive,0,,000040000282
WO-2041474,ASSET-00302,Preventive,0,,000040000282
WO-2041475,ASSET-00302,Preventive,0,,000040000282
WO-2041476,ASSET-00302,Corrective,41,518,000040000282
WO-2041477,ASSET-00302,Corrective,145,1387,000040000282
WO-2041478,ASSET-00302,Corrective,35,1924,000040000282
WO-2041479,ASSET-00303,Preventive,0,,000040000283
WO-2041480,ASSET-00303,Preventive,0,,000040000283
WO-2041481,ASSET-00303,Preventive,0,,000040000283
WO-2041482,ASSET-00303,Preventive,0,,000040000283
WO-2041483,ASSET-00304,Corrective,114,746,000040000284
WO-2041484,ASSET-00304,Corrective,47,1326,000040000284
WO-2041485,ASSET-00304,Preventive,0,,000040000284
WO-2041486,ASSET-00304,Preventive,0,,000040000284
WO-2041487,ASSET-00304,Corrective,81,1596,000040000284
WO-2041488,ASSET-00304,Corrective,145,1539,000040000284
WO-2041489,ASSET-00304,Corrective,90,730,000040000284
WO-2041490,ASSET-00305,Corrective,133,672,000040000285
WO-2041491,ASSET-00305,Preventive,0,,000040000285
WO-2041492,ASSET-00305,Preventive,0,,000040000285
WO-2041493,ASSET-00305,Corrective,228,411,000040000285
WO-2041494,ASSET-00306,Corrective,72,882,000040000286
WO-2041495,ASSET-00306,Preventive,0,,000040000286
WO-2041496,ASSET-00306,Corrective,89,853,000040000286
WO-2041497,ASSET-00306,Preventive,0,,000040000286
WO-2041498,ASSET-00307,Preventive,0,,000040000287
WO-2041499,ASSET-00307,Preventive,0,,000040000287
WO-2041500,ASSET-00307,Preventive,0,,000040000287
WO-2041501,ASSET-00307,Emergency,392,662,000040000287
WO-2041502,ASSET-00307,Preventive,0,,000040000287
WO-2041503,ASSET-00307,Preventive,0,,000040000287
WO-2041504,ASSET-00307,Corrective,107,1703,000040000287
WO-2041505,ASSET-00308,Corrective,72,621,000040000288
WO-2041506,ASSET-00308,Corrective,85,1367,000040000288
WO-2041507,ASSET-00308,Corrective,105,306,000040000288
WO-2041508,ASSET-00308,Preventive,0,,000040000288
WO-2041509,ASSET-00309,Corrective,161,1269,000040000289
WO-2041510,ASSET-00309,Corrective,105,1543,000040000289
WO-2041511,ASSET-00309,Preventive,0,,000040000289
WO-2041512,ASSET-00309,Preventive,0,,000040000289
WO-2041513,ASSET-00309,Preventive,0,,000040000289
WO-2041514,ASSET-00309,Corrective,74,538,000040000289
WO-2041515,ASSET-00309,Preventive,0,,000040000289
WO-2041516,ASSET-00310,Preventive,0,,000040000290
WO-2041517,ASSET-00310,Preventive,0,,000040000290
WO-2041518,ASSET-00310,Emergency,422,208,000040000290
WO-2041519,ASSET-00310,Corrective,110,943,000040000290
WO-2041520,ASSET-00310,Preventive,0,,000040000290
WO-2041521,ASSET-00310,Preventive,0,,000040000290
WO-2041522,ASSET-00310,Preventive,0,,000040000290
WO-2041523,ASSET-00310,Corrective,210,493,000040000290
WO-2041524,ASSET-00310,Preventive,0,,000040000290
WO-2041525,ASSET-00311,Preventive,0,,000040000291
WO-2041526,ASSET-00311,Preventive,0,,000040000291
WO-2041527,ASSET-00311,Emergency,162,1978,000040000291
WO-2041528,ASSET-00311,Corrective,137,1272,000040000291
WO-2041529,ASSET-00311,Corrective,104,1870,000040000291
WO-2041530,ASSET-00311,Emergency,557,846,000040000291
WO-2041531,ASSET-00312,Preventive,0,,000040000292
WO-2041532,ASSET-00312,Corrective,209,1127,000040000292
WO-2041533,ASSET-00312,Corrective,142,616,000040000292
WO-2041534,ASSET-00312,Emergency,595,1043,000040000292
WO-2041535,ASSET-00313,Preventive,0,,000040000293
WO-2041536,ASSET-00313,Corrective,174,1753,000040000293
WO-2041537,ASSET-00313,Preventive,0,,000040000293
WO-2041538,ASSET-00313,Corrective,176,477,000040000293
WO-2041539,ASSET-00314,Corrective,108,483,000040000294
WO-2041540,ASSET-00314,Preventive,0,,000040000294
WO-2041541,ASSET-00314,Preventive,0,,000040000294
WO-2041542,ASSET-00314,Corrective,230,1866,000040000294
WO-2041543,ASSET-00314,Emergency,571,708,000040000294
WO-2041544,ASSET-00314,Preventive,0,,000040000294
WO-2041545,ASSET-00314,Emergency,335,1854,000040000294
WO-2041546,ASSET-00314,Corrective,236,1852,000040000294
WO-2041547,ASSET-00314,Preventive,0,,000040000294
WO-2041548,ASSET-00315,Corrective,136,263,000040000295
WO-2041549,ASSET-00315,Preventive,0,,000040000295
WO-2041550,ASSET-00315,Corrective,146,413,000040000295
WO-2041551,ASSET-00315,Corrective,120,1689,000040000295
WO-2041552,ASSET-00315,Preventive,0,,000040000295
WO-2041553,ASSET-00315,Preventive,0,,000040000295
WO-2041554,ASSET-00315,Corrective,81,1995,000040000295
WO-2041555,ASSET-00316,Preventive,0,,000040000296
WO-2041556,ASSET-00316,Emergency,216,1016,000040000296
WO-2041557,ASSET-00316,Emergency,64,1896,000040000296
WO-2041558,ASSET-00316,Preventive,0,,000040000296
WO-2041559,ASSET-00316,Preventive,0,,000040000296
WO-2041560,ASSET-00317,Preventive,0,,000040000297
WO-2041561,ASSET-00317,Corrective,128,542,000040000297
WO-2041562,ASSET-00317,Corrective,209,1346,000040000297
WO-2041563,ASSET-00317,Emergency,584,1066,000040000297
WO-2041564,ASSET-00318,Corrective,229,239,000040000298
WO-2041565,ASSET-00318,Corrective,136,773,000040000298
WO-2041566,ASSET-00318,Preventive,0,,000040000298
WO-2041567,ASSET-00318,Preventive,0,,000040000298
WO-2041568,ASSET-00319,Preventive,0,,000040000300
WO-2041569,ASSET-00319,Preventive,0,,000040000300
WO-2041570,ASSET-00319,Preventive,0,,000040000300
WO-2041571,ASSET-00319,Corrective,77,386,000040000300
WO-2041572,ASSET-00319,Corrective,208,1288,000040000300
WO-2041573,ASSET-00319,Preventive,0,,000040000300
WO-2041574,ASSET-00319,Preventive,0,,000040000300
WO-2041575,ASSET-00320,Preventive,0,,000040000301
WO-2041576,ASSET-00320,Preventive,0,,000040000301
WO-2041577,ASSET-00320,Emergency,286,1038,000040000301
WO-2041578,ASSET-00321,Corrective,185,1235,000040000302
WO-2041579,ASSET-00321,Preventive,0,,000040000302
WO-2041580,ASSET-00321,Preventive,0,,000040000302
WO-2041581,ASSET-00321,Preventive,0,,000040000302
WO-2041582,ASSET-00321,Preventive,0,,000040000302
WO-2041583,ASSET-00321,Preventive,0,,000040000302
WO-2041584,ASSET-00321,Corrective,215,271,000040000302
WO-2041585,ASSET-00321,Preventive,0,,000040000302
WO-2041586,ASSET-00322,Preventive,0,,000040000303
WO-2041587,ASSET-00322,Corrective,138,721,000040000303
WO-2041588,ASSET-00322,Preventive,0,,000040000303
WO-2041589,ASSET-00323,Preventive,0,,000040000304
WO-2041590,ASSET-00323,Emergency,576,1574,000040000304
WO-2041591,ASSET-00323,Corrective,165,736,000040000304
WO-2041592,ASSET-00323,Corrective,193,587,000040000304
WO-2041593,ASSET-00324,Emergency,494,1803,000040000305
WO-2041594,ASSET-00325,Corrective,110,1908,000040000306
WO-2041595,ASSET-00325,Corrective,58,1734,000040000306
WO-2041596,ASSET-00325,Preventive,0,,000040000306
WO-2041597,ASSET-00325,Corrective,224,302,000040000306
WO-2041598,ASSET-00326,Corrective,218,234,000040000307
WO-2041599,ASSET-00326,Corrective,139,1197,000040000307
WO-2041600,ASSET-00326,Preventive,0,,000040000307
WO-2041601,ASSET-00327,Corrective,184,648,000040000308
WO-2041602,ASSET-00327,Corrective,32,1416,000040000308
WO-2041603,ASSET-00327,Emergency,358,1377,000040000308
WO-2041604,ASSET-00327,Preventive,0,,000040000308
WO-2041605,ASSET-00327,Preventive,0,,000040000308
WO-2041606,ASSET-00327,Preventive,0,,000040000308
WO-2041607,ASSET-00327,Preventive,0,,000040000308
WO-2041608,ASSET-00328,Corrective,172,509,000040000309
WO-2041609,ASSET-00328,Emergency,309,1902,000040000309
WO-2041610,ASSET-00328,Corrective,55,504,000040000309
WO-2041611,ASSET-00328,Preventive,0,,000040000309
WO-2041612,ASSET-00328,Corrective,55,1595,000040000309
WO-2041613,ASSET-00329,Corrective,32,1598,000040000310
WO-2041614,ASSET-00329,Emergency,536,605,000040000310
WO-2041615,ASSET-00329,Preventive,0,,000040000310
WO-2041616,ASSET-00329,Preventive,0,,000040000310
WO-2041617,ASSET-00329,Corrective,223,398,000040000310
WO-2041618,ASSET-00329,Corrective,55,371,000040000310
WO-2041619,ASSET-00329,Emergency,442,773,000040000310
WO-2041620,ASSET-00329,Corrective,133,1498,000040000310
WO-2041621,ASSET-00330,Emergency,352,535,000040000311
WO-2041622,ASSET-00330,Corrective,221,733,000040000311
WO-2041623,ASSET-00330,Preventive,0,,000040000311
WO-2041624,ASSET-00330,Preventive,0,,000040000311
WO-2041625,ASSET-00330,Emergency,80,1510,000040000311
WO-2041626,ASSET-00330,Corrective,97,1505,000040000311
WO-2041627,ASSET-00331,Corrective,199,1914,000040000312
WO-2041628,ASSET-00331,Preventive,0,,000040000312
WO-2041629,ASSET-00332,Corrective,88,747,000040000313
WO-2041630,ASSET-00332,Preventive,0,,000040000313
WO-2041631,ASSET-00332,Preventive,0,,000040000313
WO-2041632,ASSET-00332,Emergency,226,758,000040000313
WO-2041633,ASSET-00332,Corrective,103,964,000040000313
WO-2041634,ASSET-00332,Corrective,106,998,000040000313
WO-2041635,ASSET-00332,Preventive,0,,000040000313
WO-2041636,ASSET-00332,Preventive,0,,000040000313
WO-2041637,ASSET-00333,Corrective,100,1584,000040000314
WO-2041638,ASSET-00333,Preventive,0,,000040000314
WO-2041639,ASSET-00333,Preventive,0,,000040000314
WO-2041640,ASSET-00333,Preventive,0,,000040000314
WO-2041641,ASSET-00333,Preventive,0,,000040000314
WO-2041642,ASSET-00333,Preventive,0,,000040000314
WO-2041643,ASSET-00333,Emergency,219,1465,000040000314
WO-2041644,ASSET-00334,Preventive,0,,000040000315
WO-2041645,ASSET-00334,Preventive,0,,000040000315
WO-2041646,ASSET-00335,Preventive,0,,000040000316
WO-2041647,ASSET-00335,Preventive,0,,000040000316
WO-2041648,ASSET-00335,Corrective,122,1097,000040000316
WO-2041649,ASSET-00335,Preventive,0,,000040000316
WO-2041650,ASSET-00335,Preventive,0,,000040000316
WO-2041651,ASSET-00335,Emergency,510,249,000040000316
WO-2041652,ASSET-00336,Preventive,0,,000040000317
WO-2041653,ASSET-00336,Corrective,47,256,000040000317
WO-2041654,ASSET-00337,Emergency,129,998,000040000318
WO-2041655,ASSET-00337,Preventive,0,,000040000318
WO-2041656,ASSET-00337,Corrective,226,1151,000040000318
WO-2041657,ASSET-00338,Preventive,0,,000040000319
WO-2041658,ASSET-00338,Emergency,573,1139,000040000319
WO-2041659,ASSET-00338,Corrective,84,896,000040000319
WO-2041660,ASSET-00338,Preventive,0,,000040000319
WO-2041661,ASSET-00339,Preventive,0,,000040000320
WO-2041662,ASSET-00339,Corrective,118,1083,000040000320
WO-2041663,ASSET-00339,Preventive,0,,000040000320
WO-2041664,ASSET-00339,Corrective,167,1975,000040000320
WO-2041665,ASSET-00339,Corrective,161,298,000040000320
WO-2041666,ASSET-00339,Emergency,485,968,000040000320
WO-2041667,ASSET-00339,Corrective,147,1215,000040000320
WO-2041668,ASSET-00339,Preventive,0,,000040000320
WO-2041669,ASSET-00339,Preventive,0,,000040000320
WO-2041670,ASSET-00339,Emergency,239,1525,000040000320
WO-2041671,ASSET-00340,Preventive,0,,000040000321
WO-2041672,ASSET-00340,Preventive,0,,000040000321
WO-2041673,ASSET-00340,Emergency,399,1630,000040000321
WO-2041674,ASSET-00340,Preventive,0,,000040000321
WO-2041675,ASSET-00340,Preventive,0,,000040000321
WO-2041676,ASSET-00340,Preventive,0,,000040000321
WO-2041677,ASSET-00340,Preventive,0,,000040000321
WO-2041678,ASSET-00340,Preventive,0,,000040000321
WO-2041679,ASSET-00340,Corrective,173,1088,000040000321
WO-2041680,ASSET-00341,Corrective,195,1097,000040000322
WO-2041681,ASSET-00341,Emergency,338,363,000040000322
WO-2041682,ASSET-00341,Preventive,0,,000040000322
WO-2041683,ASSET-00341,Preventive,0,,000040000322
WO-2041684,ASSET-00341,Preventive,0,,000040000322
WO-2041685,ASSET-00341,Corrective,181,1977,000040000322
WO-2041686,ASSET-00341,Preventive,0,,000040000322
WO-2041687,ASSET-00341,Preventive,0,,000040000322
WO-2041688,ASSET-00342,Preventive,0,,000040000323
WO-2041689,ASSET-00342,Corrective,137,1162,000040000323
WO-2041690,ASSET-00343,Corrective,108,607,000040000324
WO-2041691,ASSET-00343,Corrective,185,716,000040000324
WO-2041692,ASSET-00343,Preventive,0,,000040000324
WO-2041693,ASSET-00344,Corrective,97,826,000040000325
WO-2041694,ASSET-00344,Corrective,103,537,000040000325
WO-2041695,ASSET-00344,Preventive,0,,000040000325
WO-2041696,ASSET-00344,Preventive,0,,000040000325
WO-2041697,ASSET-00344,Emergency,277,1899,000040000325
WO-2041698,ASSET-00345,Corrective,75,558,000040000326
WO-2041699,ASSET-00345,Preventive,0,,000040000326
WO-2041700,ASSET-00345,Preventive,0,,000040000326
WO-2041701,ASSET-00345,Preventive,0,,000040000326
WO-2041702,ASSET-00345,Corrective,86,682,000040000326
WO-2041703,ASSET-00346,Corrective,36,1188,000040000327
WO-2041704,ASSET-00346,Emergency,466,386,000040000327
WO-2041705,ASSET-00346,Corrective,92,1660,000040000327
WO-2041706,ASSET-00346,Corrective,185,1794,000040000327
WO-2041707,ASSET-00346,Corrective,159,682,000040000327
WO-2041708,ASSET-00346,Emergency,599,295,000040000327
WO-2041709,ASSET-00346,Preventive,0,,000040000327
WO-2041710,ASSET-00346,Preventive,0,,000040000327
WO-2041711,ASSET-00347,Corrective,134,1879,000040000328
WO-2041712,ASSET-00348,Preventive,0,,000040000329
WO-2041713,ASSET-00348,Preventive,0,,000040000329
WO-2041714,ASSET-00348,Emergency,332,1428,000040000329
WO-2041715,ASSET-00348,Preventive,0,,000040000329
WO-2041716,ASSET-00349,Preventive,0,,000040000330
WO-2041717,ASSET-00349,Preventive,0,,000040000330
WO-2041718,ASSET-00349,Corrective,126,1896,000040000330
WO-2041719,ASSET-00350,Preventive,0,,000040000331
WO-2041720,ASSET-00350,Corrective,140,1605,000040000331
WO-2041721,ASSET-00351,Preventive,0,,000040000332
WO-2041722,ASSET-00351,Corrective,180,1808,000040000332
WO-2041723,ASSET-00351,Corrective,62,1675,000040000332
WO-2041724,ASSET-00351,Preventive,0,,000040000332
WO-2041725,ASSET-00351,Corrective,187,923,000040000332
WO-2041726,ASSET-00351,Corrective,165,225,000040000332
WO-2041727,ASSET-00351,Corrective,200,1063,000040000332
WO-2041728,ASSET-00352,Emergency,181,1550,000040000333
WO-2041729,ASSET-00352,Preventive,0,,000040000333
WO-2041730,ASSET-00352,Corrective,98,1276,000040000333
WO-2041731,ASSET-00352,Preventive,0,,000040000333
WO-2041732,ASSET-00353,Preventive,0,,000040000334
WO-2041733,ASSET-00353,Preventive,0,,000040000334
WO-2041734,ASSET-00353,Corrective,233,374,000040000334
WO-2041735,ASSET-00353,Preventive,0,,000040000334
WO-2041736,ASSET-00353,Preventive,0,,000040000334
WO-2041737,ASSET-00354,Emergency,307,1886,000040000335
WO-2041738,ASSET-00354,Preventive,0,,000040000335
WO-2041739,ASSET-00354,Preventive,0,,000040000335
WO-2041740,ASSET-00354,Corrective,71,531,000040000335
WO-2041741,ASSET-00354,Corrective,161,983,000040000335
WO-2041742,ASSET-00355,Preventive,0,,000040000336
WO-2041743,ASSET-00355,Corrective,31,927,000040000336
WO-2041744,ASSET-00355,Preventive,0,,000040000336
WO-2041745,ASSET-00355,Corrective,93,315,000040000336
WO-2041746,ASSET-00355,Preventive,0,,000040000336
WO-2041747,ASSET-00356,Corrective,146,497,000040000337
WO-2041748,ASSET-00356,Preventive,0,,000040000337
WO-2041749,ASSET-00356,Corrective,230,1653,000040000337
WO-2041750,ASSET-00356,Preventive,0,,000040000337
WO-2041751,ASSET-00356,Corrective,114,1755,000040000337
WO-2041752,ASSET-00356,Preventive,0,,000040000337
WO-2041753,ASSET-00356,Preventive,0,,000040000337
WO-2041754,ASSET-00357,Corrective,110,1359,000040000338
WO-2041755,ASSET-00357,Corrective,156,1353,000040000338
WO-2041756,ASSET-00357,Corrective,83,1627,000040000338
WO-2041757,ASSET-00357,Emergency,446,687,000040000338
WO-2041758,ASSET-00358,Corrective,106,380,000040000339
WO-2041759,ASSET-00358,Preventive,0,,000040000339
WO-2041760,ASSET-00358,Preventive,0,,000040000339
WO-2041761,ASSET-00358,Preventive,0,,000040000339
WO-2041762,ASSET-00358,Preventive,0,,000040000339
WO-2041763,ASSET-00358,Corrective,174,722,000040000339
WO-2041764,ASSET-00358,Preventive,0,,000040000339
WO-2041765,ASSET-00359,Preventive,0,,000040000340
WO-2041766,ASSET-00359,Corrective,169,1896,000040000340
WO-2041767,ASSET-00359,Preventive,0,,000040000340
WO-2041768,ASSET-00359,Corrective,196,1872,000040000340
WO-2041769,ASSET-00359,Preventive,0,,000040000340
WO-2041770,ASSET-00359,Emergency,510,890,000040000340
WO-2041771,ASSET-00359,Corrective,239,830,000040000340
WO-2041772,ASSET-00359,Preventive,0,,000040000340
WO-2041773,ASSET-00360,Preventive,0,,000040000341
WO-2041774,ASSET-00360,Corrective,75,1537,000040000341
WO-2041775,ASSET-00360,Preventive,0,,000040000341
WO-2041776,ASSET-00360,Corrective,45,868,000040000341
WO-2041777,ASSET-00360,Preventive,0,,000040000341
WO-2041778,ASSET-00360,Preventive,0,,000040000341
WO-2041779,ASSET-00361,Preventive,0,,000040000342
WO-2041780,ASSET-00362,Preventive,0,,000040000343
WO-2041781,ASSET-00362,Corrective,50,551,000040000343
WO-2041782,ASSET-00362,Corrective,99,1407,000040000343
WO-2041783,ASSET-00363,Corrective,122,926,000040000344
WO-2041784,ASSET-00363,Corrective,238,408,000040000344
WO-2041785,ASSET-00363,Preventive,0,,000040000344
WO-2041786,ASSET-00363,Corrective,209,635,000040000344
WO-2041787,ASSET-00363,Preventive,0,,000040000344
WO-2041788,ASSET-00363,Corrective,79,1665,000040000344
WO-2041789,ASSET-00363,Corrective,86,446,000040000344
WO-2041790,ASSET-00363,Preventive,0,,000040000344
WO-2041791,ASSET-00363,Emergency,569,1424,000040000344
WO-2041792,ASSET-00363,Preventive,0,,000040000344
WO-2041793,ASSET-00363,Preventive,0,,000040000344
WO-2041794,ASSET-00363,Preventive,0,,000040000344
WO-2041795,ASSET-00364,Corrective,231,818,000040000345
WO-2041796,ASSET-00364,Preventive,0,,000040000345
WO-2041797,ASSET-00364,Preventive,0,,000040000345
WO-2041798,ASSET-00364,Corrective,133,1974,000040000345
WO-2041799,ASSET-00364,Preventive,0,,000040000345
WO-2041800,ASSET-00364,Preventive,0,,000040000345
WO-2041801,ASSET-00364,Emergency,494,1171,000040000345
WO-2041802,ASSET-00365,Preventive,0,,000040000346
WO-2041803,ASSET-00365,Corrective,144,1476,000040000346
WO-2041804,ASSET-00366,Preventive,0,,000040000347
WO-2041805,ASSET-00366,Preventive,0,,000040000347
WO-2041806,ASSET-00366,Preventive,0,,000040000347
WO-2041807,ASSET-00366,Preventive,0,,000040000347
WO-2041808,ASSET-00366,Corrective,141,458,000040000347
WO-2041809,ASSET-00366,Corrective,66,1981,000040000347
WO-2041810,ASSET-00367,Corrective,144,1584,000040000348
WO-2041811,ASSET-00367,Preventive,0,,000040000348
WO-2041812,ASSET-00367,Preventive,0,,000040000348
WO-2041813,ASSET-00367,Preventive,0,,000040000348
WO-2041814,ASSET-00367,Corrective,169,591,000040000348
WO-2041815,ASSET-00367,Emergency,86,434,000040000348
WO-2041816,ASSET-00367,Preventive,0,,000040000348
WO-2041817,ASSET-00367,Preventive,0,,000040000348
WO-2041818,ASSET-00367,Corrective,96,1780,000040000348
WO-2041819,ASSET-00368,Corrective,102,460,000040000349
WO-2041820,ASSET-00368,Corrective,39,1609,000040000349
WO-2041821,ASSET-00368,Preventive,0,,000040000349
WO-2041822,ASSET-00368,Corrective,161,1522,000040000349
WO-2041823,ASSET-00369,Preventive,0,,000040000350
WO-2041824,ASSET-00369,Preventive,0,,000040000350
WO-2041825,ASSET-00369,Preventive,0,,000040000350
WO-2041826,ASSET-00370,Preventive,0,,000040000351
WO-2041827,ASSET-00370,Preventive,0,,000040000351
WO-2041828,ASSET-00370,Corrective,125,947,000040000351
WO-2041829,ASSET-00371,Preventive,0,,000040000352
WO-2041830,ASSET-00371,Preventive,0,,000040000352
WO-2041831,ASSET-00371,Preventive,0,,000040000352
WO-2041832,ASSET-00371,Preventive,0,,000040000352
WO-2041833,ASSET-00371,Preventive,0,,000040000352
WO-2041834,ASSET-00371,Preventive,0,,000040000352
WO-2041835,ASSET-00371,Preventive,0,,000040000352
WO-2041836,ASSET-00371,Corrective,143,1312,000040000352
WO-2041837,ASSET-00371,Emergency,260,1084,000040000352
WO-2041838,ASSET-00371,Preventive,0,,000040000352
WO-2041839,ASSET-00372,Emergency,370,1555,000040000353
WO-2041840,ASSET-00372,Preventive,0,,000040000353
WO-2041841,ASSET-00372,Corrective,113,208,000040000353
WO-2041842,ASSET-00372,Preventive,0,,000040000353
WO-2041843,ASSET-00372,Corrective,139,1643,000040000353
WO-2041844,ASSET-00372,Preventive,0,,000040000353
WO-2041845,ASSET-00372,Preventive,0,,000040000353
WO-2041846,ASSET-00373,Preventive,0,,000040000354
WO-2041847,ASSET-00373,Corrective,189,1853,000040000354
WO-2041848,ASSET-00374,Preventive,0,,000040000355
WO-2041849,ASSET-00374,Corrective,223,984,000040000355
WO-2041850,ASSET-00374,Preventive,0,,000040000355
WO-2041851,ASSET-00374,Corrective,173,1526,000040000355
WO-2041852,ASSET-00374,Preventive,0,,000040000355
WO-2041853,ASSET-00375,Corrective,203,1956,000040000356
WO-2041854,ASSET-00375,Preventive,0,,000040000356
WO-2041855,ASSET-00375,Emergency,281,1822,000040000356
WO-2041856,ASSET-00375,Preventive,0,,000040000356
WO-2041857,ASSET-00375,Corrective,50,1796,000040000356
WO-2041858,ASSET-00376,Corrective,240,1033,000040000357
WO-2041859,ASSET-00376,Preventive,0,,000040000357
WO-2041860,ASSET-00376,Corrective,130,889,000040000357
WO-2041861,ASSET-00376,Corrective,108,1047,000040000357
WO-2041862,ASSET-00376,Corrective,66,1520,000040000357
WO-2041863,ASSET-00376,Corrective,45,569,000040000357
WO-2041864,ASSET-00377,Corrective,117,1009,000040000358
WO-2041865,ASSET-00377,Emergency,327,291,000040000358
WO-2041866,ASSET-00378,Emergency,204,985,000040000359
WO-2041867,ASSET-00378,Corrective,110,997,000040000359
WO-2041868,ASSET-00378,Preventive,0,,000040000359
WO-2041869,ASSET-00378,Corrective,104,1244,000040000359
WO-2041870,ASSET-00379,Preventive,0,,000040000360
WO-2041871,ASSET-00379,Preventive,0,,000040000360
WO-2041872,ASSET-00379,Corrective,176,438,000040000360
WO-2041873,ASSET-00380,Corrective,55,697,000040000361
WO-2041874,ASSET-00380,Preventive,0,,000040000361
WO-2041875,ASSET-00380,Corrective,87,1431,000040000361
WO-2041876,ASSET-00380,Preventive,0,,000040000361
WO-2041877,ASSET-00380,Corrective,112,1507,000040000361
WO-2041878,ASSET-00380,Preventive,0,,000040000361
WO-2041879,ASSET-00381,Emergency,449,523,000040000362
WO-2041880,ASSET-00381,Preventive,0,,000040000362
WO-2041881,ASSET-00381,Preventive,0,,000040000362
WO-2041882,ASSET-00381,Preventive,0,,000040000362
WO-2041883,ASSET-00381,Preventive,0,,000040000362
WO-2041884,ASSET-00381,Corrective,128,488,000040000362
WO-2041885,ASSET-00382,Emergency,172,1448,000040000363
WO-2041886,ASSET-00383,Corrective,94,525,000040000364
WO-2041887,ASSET-00383,Preventive,0,,000040000364
WO-2041888,ASSET-00383,Preventive,0,,000040000364
WO-2041889,ASSET-00383,Preventive,0,,000040000364
WO-2041890,ASSET-00383,Preventive,0,,000040000364
WO-2041891,ASSET-00383,Corrective,223,243,000040000364
WO-2041892,ASSET-00383,Preventive,0,,000040000364
WO-2041893,ASSET-00383,Preventive,0,,000040000364
WO-2041894,ASSET-00384,Preventive,0,,000040000365
WO-2041895,ASSET-00384,Preventive,0,,000040000365
WO-2041896,ASSET-00384,Corrective,84,1592,000040000365
WO-2041897,ASSET-00385,Corrective,114,1675,000040000366
WO-2041898,ASSET-00385,Corrective,61,949,000040000366
WO-2041899,ASSET-00385,Corrective,64,1877,000040000366
WO-2041900,ASSET-00386,Preventive,0,,000040000367
WO-2041901,ASSET-00386,Preventive,0,,000040000367
WO-2041902,ASSET-00386,Preventive,0,,000040000367
WO-2041903,ASSET-00386,Corrective,105,500,000040000367
WO-2041904,ASSET-00386,Preventive,0,,000040000367
WO-2041905,ASSET-00386,Preventive,0,,000040000367
WO-2041906,ASSET-00387,Preventive,0,,000040000368
WO-2041907,ASSET-00387,Preventive,0,,000040000368
WO-2041908,ASSET-00387,Corrective,69,243,000040000368
WO-2041909,ASSET-00388,Preventive,0,,000040000369
WO-2041910,ASSET-00388,Preventive,0,,000040000369
WO-2041911,ASSET-00388,Preventive,0,,000040000369
WO-2041912,ASSET-00388,Preventive,0,,000040000369
WO-2041913,ASSET-00388,Preventive,0,,000040000369
WO-2041914,ASSET-00388,Corrective,227,1140,000040000369
WO-2041915,ASSET-00388,Preventive,0,,000040000369
WO-2041916,ASSET-00388,Preventive,0,,000040000369
WO-2041917,ASSET-00389,Emergency,322,911,000040000371
WO-2041918,ASSET-00389,Emergency,395,1803,000040000371
WO-2041919,ASSET-00389,Corrective,118,735,000040000371
WO-2041920,ASSET-00389,Corrective,47,817,000040000371
WO-2041921,ASSET-00389,Corrective,97,1483,000040000371
WO-2041922,ASSET-00390,Preventive,0,,000040000372
WO-2041923,ASSET-00390,Preventive,0,,000040000372
WO-2041924,ASSET-00390,Preventive,0,,000040000372
WO-2041925,ASSET-00390,Corrective,149,913,000040000372
WO-2041926,ASSET-00390,Corrective,112,1668,000040000372
WO-2041927,ASSET-00390,Preventive,0,,000040000372
WO-2041928,ASSET-00390,Corrective,207,929,000040000372
WO-2041929,ASSET-00391,Emergency,562,1359,000040000373
WO-2041930,ASSET-00391,Preventive,0,,000040000373
WO-2041931,ASSET-00391,Preventive,0,,000040000373
WO-2041932,ASSET-00391,Preventive,0,,000040000373
WO-2041933,ASSET-00391,Preventive,0,,000040000373
WO-2041934,ASSET-00391,Corrective,73,204,000040000373
WO-2041935,ASSET-00391,Preventive,0,,000040000373
WO-2041936,ASSET-00391,Preventive,0,,000040000373
WO-2041937,ASSET-00391,Corrective,187,1982,000040000373
WO-2041938,ASSET-00392,Corrective,167,1798,000040000374
WO-2041939,ASSET-00392,Corrective,163,1026,000040000374
WO-2041940,ASSET-00392,Preventive,0,,000040000374
WO-2041941,ASSET-00392,Preventive,0,,000040000374
WO-2041942,ASSET-00392,Corrective,151,1951,000040000374
WO-2041943,ASSET-00392,Corrective,36,1620,000040000374
WO-2041944,ASSET-00393,Corrective,140,1657,000040000375
WO-2041945,ASSET-00393,Emergency,93,1549,000040000375
WO-2041946,ASSET-00393,Corrective,170,1134,000040000375
WO-2041947,ASSET-00393,Corrective,203,1198,000040000375
WO-2041948,ASSET-00393,Preventive,0,,000040000375
WO-2041949,ASSET-00393,Corrective,88,508,000040000375
WO-2041950,ASSET-00393,Preventive,0,,000040000375
WO-2041951,ASSET-00393,Corrective,229,620,000040000375
WO-2041952,ASSET-00394,Corrective,42,251,000040000376
WO-2041953,ASSET-00394,Emergency,364,1001,000040000376
WO-2041954,ASSET-00394,Preventive,0,,000040000376
WO-2041955,ASSET-00394,Preventive,0,,000040000376
WO-2041956,ASSET-00394,Corrective,238,527,000040000376
WO-2041957,ASSET-00394,Corrective,75,237,000040000376
WO-2041958,ASSET-00394,Corrective,32,437,000040000376
WO-2041959,ASSET-00394,Emergency,321,1595,000040000376
WO-2041960,ASSET-00395,Preventive,0,,000040000377
WO-2041961,ASSET-00395,Preventive,0,,000040000377
WO-2041962,ASSET-00395,Corrective,137,1296,000040000377
WO-2041963,ASSET-00395,Corrective,122,1254,000040000377
WO-2041964,ASSET-00395,Preventive,0,,000040000377
WO-2041965,ASSET-00395,Emergency,371,1319,000040000377
WO-2041966,ASSET-00395,Preventive,0,,000040000377
WO-2041967,ASSET-00396,Preventive,0,,000040000378
WO-2041968,ASSET-00396,Preventive,0,,000040000378
WO-2041969,ASSET-00396,Emergency,443,407,000040000378
WO-2041970,ASSET-00396,Preventive,0,,000040000378
WO-2041971,ASSET-00396,Preventive,0,,000040000378
WO-2041972,ASSET-00396,Emergency,154,1874,000040000378
WO-2041973,ASSET-00397,Corrective,94,1842,000040000379
WO-2041974,ASSET-00397,Preventive,0,,000040000379
WO-2041975,ASSET-00397,Preventive,0,,000040000379
WO-2041976,ASSET-00397,Preventive,0,,000040000379
WO-2041977,ASSET-00398,Preventive,0,,000040000380
WO-2041978,ASSET-00398,Preventive,0,,000040000380
WO-2041979,ASSET-00398,Preventive,0,,000040000380
WO-2041980,ASSET-00399,Preventive,0,,000040000381
WO-2041981,ASSET-00399,Preventive,0,,000040000381
WO-2041982,ASSET-00400,Preventive,0,,000040000382
WO-2041983,ASSET-00400,Corrective,148,1962,000040000382
WO-2041984,ASSET-00400,Preventive,0,,000040000382
WO-2041985,ASSET-00401,Corrective,38,1028,000040000383
WO-2041986,ASSET-00401,Corrective,131,1510,000040000383
WO-2041987,ASSET-00401,Preventive,0,,000040000383
WO-2041988,ASSET-00401,Preventive,0,,000040000383
WO-2041989,ASSET-00401,Corrective,180,325,000040000383
WO-2041990,ASSET-00402,Preventive,0,,000040000385
WO-2041991,ASSET-00402,Emergency,199,887,000040000385
WO-2041992,ASSET-00402,Preventive,0,,000040000385
WO-2041993,ASSET-00402,Corrective,227,1076,000040000385
WO-2041994,ASSET-00402,Preventive,0,,000040000385
WO-2041995,ASSET-00403,Corrective,79,1899,000040000386
WO-2041996,ASSET-00403,Preventive,0,,000040000386
WO-2041997,ASSET-00403,Preventive,0,,000040000386
WO-2041998,ASSET-00403,Emergency,72,893,000040000386
WO-2041999,ASSET-00403,Preventive,0,,000040000386
WO-2042000,ASSET-00403,Preventive,0,,000040000386
WO-2042001,ASSET-00403,Corrective,171,1338,000040000386
WO-2042002,ASSET-00403,Preventive,0,,000040000386
WO-2042003,ASSET-00403,Emergency,203,641,000040000386
WO-2042004,ASSET-00404,Preventive,0,,000040000387
WO-2042005,ASSET-00404,Preventive,0,,000040000387
WO-2042006,ASSET-00404,Corrective,111,714,000040000387
WO-2042007,ASSET-00404,Corrective,221,1290,000040000387
WO-2042008,ASSET-00404,Preventive,0,,000040000387
WO-2042009,ASSET-00405,Corrective,222,1934,000040000388
WO-2042010,ASSET-00405,Corrective,99,1535,000040000388
WO-2042011,ASSET-00405,Preventive,0,,000040000388
WO-2042012,ASSET-00405,Preventive,0,,000040000388
WO-2042013,ASSET-00406,Preventive,0,,000040000389
WO-2042014,ASSET-00406,Corrective,178,1646,000040000389
WO-2042015,ASSET-00406,Preventive,0,,000040000389
WO-2042016,ASSET-00406,Preventive,0,,000040000389
WO-2042017,ASSET-00406,Preventive,0,,000040000389
WO-2042018,ASSET-00406,Corrective,211,1715,000040000389
WO-2042019,ASSET-00406,Emergency,259,1471,000040000389
WO-2042020,ASSET-00406,Preventive,0,,000040000389
WO-2042021,ASSET-00407,Corrective,36,1143,000040000390
WO-2042022,ASSET-00407,Preventive,0,,000040000390
WO-2042023,ASSET-00407,Corrective,139,1196,000040000390
WO-2042024,ASSET-00407,Preventive,0,,000040000390
WO-2042025,ASSET-00407,Preventive,0,,000040000390
WO-2042026,ASSET-00408,Emergency,485,1989,000040000391
WO-2042027,ASSET-00408,Emergency,361,1066,000040000391
WO-2042028,ASSET-00408,Preventive,0,,000040000391
WO-2042029,ASSET-00409,Corrective,180,1067,000040000392
WO-2042030,ASSET-00409,Corrective,67,1152,000040000392
WO-2042031,ASSET-00409,Emergency,117,937,000040000392
WO-2042032,ASSET-00410,Preventive,0,,000040000393
WO-2042033,ASSET-00410,Preventive,0,,000040000393
WO-2042034,ASSET-00410,Preventive,0,,000040000393
WO-2042035,ASSET-00410,Corrective,217,780,000040000393
WO-2042036,ASSET-00411,Preventive,0,,000040000394
WO-2042037,ASSET-00411,Preventive,0,,000040000394
WO-2042038,ASSET-00411,Corrective,135,538,000040000394
WO-2042039,ASSET-00412,Preventive,0,,000040000395
WO-2042040,ASSET-00412,Preventive,0,,000040000395
WO-2042041,ASSET-00412,Preventive,0,,000040000395
WO-2042042,ASSET-00412,Corrective,128,617,000040000395
WO-2042043,ASSET-00412,Corrective,63,1883,000040000395
WO-2042044,ASSET-00413,Preventive,0,,000040000396
WO-2042045,ASSET-00413,Preventive,0,,000040000396
WO-2042046,ASSET-00413,Preventive,0,,000040000396
WO-2042047,ASSET-00414,Preventive,0,,000040000397
WO-2042048,ASSET-00414,Emergency,276,1452,000040000397
WO-2042049,ASSET-00414,Corrective,34,1739,000040000397
WO-2042050,ASSET-00414,Preventive,0,,000040000397
WO-2042051,ASSET-00414,Preventive,0,,000040000397
WO-2042052,ASSET-00414,Preventive,0,,000040000397
WO-2042053,ASSET-00415,Corrective,139,332,000040000398
WO-2042054,ASSET-00415,Emergency,74,918,000040000398
WO-2042055,ASSET-00415,Preventive,0,,000040000398
WO-2042056,ASSET-00415,Preventive,0,,000040000398
WO-2042057,ASSET-00415,Preventive,0,,000040000398
WO-2042058,ASSET-00415,Emergency,383,1972,000040000398
WO-2042059,ASSET-00415,Corrective,92,1808,000040000398
WO-2042060,ASSET-00416,Corrective,158,899,000040000399
WO-2042061,ASSET-00416,Preventive,0,,000040000399
WO-2042062,ASSET-00416,Preventive,0,,000040000399
WO-2042063,ASSET-00416,Corrective,154,1968,000040000399
WO-2042064,ASSET-00416,Preventive,0,,000040000399
WO-2042065,ASSET-00416,Preventive,0,,000040000399
WO-2042066,ASSET-00417,Preventive,0,,000040000400
WO-2042067,ASSET-00417,Preventive,0,,000040000400
WO-2042068,ASSET-00417,Emergency,503,1302,000040000400
WO-2042069,ASSET-00417,Corrective,186,287,000040000400
WO-2042070,ASSET-00417,Corrective,125,1734,000040000400
WO-2042071,ASSET-00417,Preventive,0,,000040000400
WO-2042072,ASSET-00418,Preventive,0,,000040000401
WO-2042073,ASSET-00418,Corrective,90,388,000040000401
WO-2042074,ASSET-00418,Preventive,0,,000040000401
WO-2042075,ASSET-00418,Preventive,0,,000040000401
WO-2042076,ASSET-00418,Preventive,0,,000040000401
WO-2042077,ASSET-00418,Preventive,0,,000040000401
WO-2042078,ASSET-00418,Preventive,0,,000040000401
WO-2042079,ASSET-00418,Preventive,0,,000040000401
WO-2042080,ASSET-00419,Corrective,232,1267,000040000402
WO-2042081,ASSET-00419,Preventive,0,,000040000402
WO-2042082,ASSET-00419,Preventive,0,,000040000402
WO-2042083,ASSET-00420,Preventive,0,,000040000403
WO-2042084,ASSET-00420,Preventive,0,,000040000403
WO-2042085,ASSET-00420,Corrective,173,819,000040000403
WO-2042086,ASSET-00420,Corrective,205,1340,000040000403
WO-2042087,ASSET-00420,Preventive,0,,000040000403
WO-2042088,ASSET-00420,Preventive,0,,000040000403
WO-2042089,ASSET-00420,Corrective,149,1358,000040000403
WO-2042090,ASSET-00421,Preventive,0,,000040000404
WO-2042091,ASSET-00421,Corrective,161,394,000040000404
WO-2042092,ASSET-00421,Corrective,61,1147,000040000404
WO-2042093,ASSET-00421,Emergency,489,1308,000040000404
WO-2042094,ASSET-00421,Preventive,0,,000040000404
WO-2042095,ASSET-00421,Preventive,0,,000040000404
WO-2042096,ASSET-00421,Preventive,0,,000040000404
WO-2042097,ASSET-00422,Preventive,0,,000040000405
WO-2042098,ASSET-00422,Emergency,415,703,000040000405
WO-2042099,ASSET-00422,Preventive,0,,000040000405
WO-2042100,ASSET-00422,Preventive,0,,000040000405
WO-2042101,ASSET-00422,Preventive,0,,000040000405
WO-2042102,ASSET-00422,Preventive,0,,000040000405
WO-2042103,ASSET-00423,Corrective,202,701,000040000406
WO-2042104,ASSET-00423,Corrective,206,1842,000040000406
WO-2042105,ASSET-00423,Preventive,0,,000040000406
WO-2042106,ASSET-00424,Preventive,0,,000040000407
WO-2042107,ASSET-00424,Emergency,438,1095,000040000407
WO-2042108,ASSET-00424,Preventive,0,,000040000407
WO-2042109,ASSET-00424,Corrective,72,886,000040000407
WO-2042110,ASSET-00424,Corrective,141,558,000040000407
WO-2042111,ASSET-00424,Preventive,0,,000040000407
WO-2042112,ASSET-00425,Emergency,385,1880,000040000408
WO-2042113,ASSET-00425,Preventive,0,,000040000408
WO-2042114,ASSET-00425,Corrective,236,1054,000040000408
WO-2042115,ASSET-00425,Preventive,0,,000040000408
WO-2042116,ASSET-00425,Corrective,111,1767,000040000408
WO-2042117,ASSET-00425,Preventive,0,,000040000408
WO-2042118,ASSET-00425,Preventive,0,,000040000408
WO-2042119,ASSET-00425,Emergency,291,1252,000040000408
WO-2042120,ASSET-00425,Preventive,0,,000040000408
WO-2042121,ASSET-00426,Corrective,229,1249,000040000409
WO-2042122,ASSET-00426,Preventive,0,,000040000409
WO-2042123,ASSET-00426,Preventive,0,,000040000409
WO-2042124,ASSET-00426,Emergency,431,735,000040000409
WO-2042125,ASSET-00427,Corrective,193,1455,000040000410
WO-2042126,ASSET-00427,Preventive,0,,000040000410
WO-2042127,ASSET-00427,Preventive,0,,000040000410
WO-2042128,ASSET-00427,Preventive,0,,000040000410
WO-2042129,ASSET-00428,Preventive,0,,000040000411
WO-2042130,ASSET-00429,Corrective,94,1320,000040000412
WO-2042131,ASSET-00429,Preventive,0,,000040000412
WO-2042132,ASSET-00429,Preventive,0,,000040000412
WO-2042133,ASSET-00429,Preventive,0,,000040000412
WO-2042134,ASSET-00429,Preventive,0,,000040000412
WO-2042135,ASSET-00429,Corrective,82,1168,000040000412
WO-2042136,ASSET-00430,Corrective,219,468,000040000413
WO-2042137,ASSET-00430,Preventive,0,,000040000413
WO-2042138,ASSET-00430,Corrective,136,1386,000040000413
WO-2042139,ASSET-00430,Preventive,0,,000040000413
WO-2042140,ASSET-00430,Preventive,0,,000040000413
WO-2042141,ASSET-00430,Corrective,109,1269,000040000413
WO-2042142,ASSET-00430,Preventive,0,,000040000413
WO-2042143,ASSET-00431,Corrective,191,1365,000040000414
WO-2042144,ASSET-00431,Corrective,154,304,000040000414
WO-2042145,ASSET-00431,Preventive,0,,000040000414
WO-2042146,ASSET-00431,Preventive,0,,000040000414
WO-2042147,ASSET-00431,Preventive,0,,000040000414
WO-2042148,ASSET-00431,Corrective,86,1749,000040000414
WO-2042149,ASSET-00431,Emergency,233,1855,000040000414
WO-2042150,ASSET-00432,Preventive,0,,000040000415
WO-2042151,ASSET-00432,Preventive,0,,000040000415
WO-2042152,ASSET-00432,Corrective,62,344,000040000415
WO-2042153,ASSET-00432,Emergency,219,380,000040000415
WO-2042154,ASSET-00432,Preventive,0,,000040000415
WO-2042155,ASSET-00432,Preventive,0,,000040000415
WO-2042156,ASSET-00433,Corrective,70,1187,000040000416
WO-2042157,ASSET-00433,Preventive,0,,000040000416
WO-2042158,ASSET-00433,Emergency,106,1827,000040000416
WO-2042159,ASSET-00434,Corrective,163,1788,000040000417
WO-2042160,ASSET-00434,Preventive,0,,000040000417
WO-2042161,ASSET-00434,Corrective,175,1448,000040000417
WO-2042162,ASSET-00434,Preventive,0,,000040000417
WO-2042163,ASSET-00435,Preventive,0,,000040000418
WO-2042164,ASSET-00435,Corrective,106,617,000040000418
WO-2042165,ASSET-00435,Preventive,0,,000040000418
WO-2042166,ASSET-00436,Emergency,88,1805,000040000419
WO-2042167,ASSET-00436,Preventive,0,,000040000419
WO-2042168,ASSET-00436,Preventive,0,,000040000419
WO-2042169,ASSET-00437,Preventive,0,,000040000420
WO-2042170,ASSET-00437,Corrective,158,1864,000040000420
WO-2042171,ASSET-00437,Emergency,266,1163,000040000420
WO-2042172,ASSET-00437,Preventive,0,,000040000420
WO-2042173,ASSET-00437,Preventive,0,,000040000420
WO-2042174,ASSET-00438,Preventive,0,,000040000421
WO-2042175,ASSET-00438,Preventive,0,,000040000421
WO-2042176,ASSET-00438,Corrective,55,303,000040000421
WO-2042177,ASSET-00438,Corrective,32,810,000040000421
WO-2042178,ASSET-00439,Corrective,234,821,000040000422
WO-2042179,ASSET-00439,Preventive,0,,000040000422
WO-2042180,ASSET-00439,Preventive,0,,000040000422
WO-2042181,ASSET-00439,Preventive,0,,000040000422
WO-2042182,ASSET-00439,Corrective,50,321,000040000422
WO-2042183,ASSET-00439,Corrective,133,1311,000040000422
WO-2042184,ASSET-00440,Corrective,189,1502,000040000423
WO-2042185,ASSET-00440,Corrective,136,1463,000040000423
WO-2042186,ASSET-00440,Corrective,239,796,000040000423
WO-2042187,ASSET-00440,Preventive,0,,000040000423
WO-2042188,ASSET-00440,Corrective,43,1393,000040000423
WO-2042189,ASSET-00440,Preventive,0,,000040000423
WO-2042190,ASSET-00441,Emergency,264,1681,000040000424
WO-2042191,ASSET-00441,Corrective,148,1963,000040000424
WO-2042192,ASSET-00441,Preventive,0,,000040000424
WO-2042193,ASSET-00441,Preventive,0,,000040000424
WO-2042194,ASSET-00441,Preventive,0,,000040000424
WO-2042195,ASSET-00442,Corrective,93,706,000040000425
WO-2042196,ASSET-00442,Corrective,111,1594,000040000425
WO-2042197,ASSET-00442,Preventive,0,,000040000425
WO-2042198,ASSET-00442,Preventive,0,,000040000425
WO-2042199,ASSET-00443,Preventive,0,,000040000426
WO-2042200,ASSET-00443,Preventive,0,,000040000426
WO-2042201,ASSET-00444,Emergency,372,1552,000040000427
WO-2042202,ASSET-00444,Preventive,0,,000040000427
WO-2042203,ASSET-00444,Emergency,160,1103,000040000427
WO-2042204,ASSET-00444,Corrective,165,1425,000040000427
WO-2042205,ASSET-00444,Preventive,0,,000040000427
WO-2042206,ASSET-00445,Preventive,0,,000040000428
WO-2042207,ASSET-00445,Corrective,110,1538,000040000428
WO-2042208,ASSET-00445,Preventive,0,,000040000428
WO-2042209,ASSET-00445,Preventive,0,,000040000428
WO-2042210,ASSET-00446,Preventive,0,,000040000429
WO-2042211,ASSET-00446,Preventive,0,,000040000429
WO-2042212,ASSET-00446,Preventive,0,,000040000429
WO-2042213,ASSET-00446,Emergency,67,591,000040000429
WO-2042214,ASSET-00447,Corrective,224,374,000040000430
WO-2042215,ASSET-00447,Preventive,0,,000040000430
WO-2042216,ASSET-00447,Corrective,196,999,000040000430
WO-2042217,ASSET-00447,Preventive,0,,000040000430
WO-2042218,ASSET-00448,Preventive,0,,000040000431
WO-2042219,ASSET-00448,Preventive,0,,000040000431
WO-2042220,ASSET-00448,Corrective,231,318,000040000431
WO-2042221,ASSET-00448,Preventive,0,,000040000431
WO-2042222,ASSET-00448,Preventive,0,,000040000431
WO-2042223,ASSET-00449,Corrective,60,1168,000040000432
WO-2042224,ASSET-00449,Corrective,66,812,000040000432
WO-2042225,ASSET-00449,Preventive,0,,000040000432
WO-2042226,ASSET-00449,Preventive,0,,000040000432
WO-2042227,ASSET-00449,Preventive,0,,000040000432
WO-2042228,ASSET-00450,Preventive,0,,000040000433
WO-2042229,ASSET-00450,Preventive,0,,000040000433
WO-2042230,ASSET-00450,Preventive,0,,000040000433
WO-2042231,ASSET-00450,Preventive,0,,000040000433
WO-2042232,ASSET-00450,Preventive,0,,000040000433
WO-2042233,ASSET-00450,Preventive,0,,000040000433
WO-2042234,ASSET-00451,Preventive,0,,000040000434
WO-2042235,ASSET-00451,Corrective,212,475,000040000434
WO-2042236,ASSET-00451,Preventive,0,,000040000434
WO-2042237,ASSET-00452,Emergency,490,1532,000040000435
WO-2042238,ASSET-00452,Corrective,178,620,000040000435
WO-2042239,ASSET-00452,Preventive,0,,000040000435
WO-2042240,ASSET-00453,Corrective,169,331,000040000436
WO-2042241,ASSET-00453,Corrective,165,641,000040000436
WO-2042242,ASSET-00453,Preventive,0,,000040000436
WO-2042243,ASSET-00453,Preventive,0,,000040000436
WO-2042244,ASSET-00454,Preventive,0,,000040000437
WO-2042245,ASSET-00454,Corrective,110,1683,000040000437
WO-2042246,ASSET-00454,Corrective,77,1246,000040000437
WO-2042247,ASSET-00454,Corrective,103,1537,000040000437
WO-2042248,ASSET-00454,Preventive,0,,000040000437
WO-2042249,ASSET-00455,Corrective,131,1856,000040000438
WO-2042250,ASSET-00455,Preventive,0,,000040000438
WO-2042251,ASSET-00455,Preventive,0,,000040000438
WO-2042252,ASSET-00455,Preventive,0,,000040000438
WO-2042253,ASSET-00455,Preventive,0,,000040000438
WO-2042254,ASSET-00455,Corrective,175,312,000040000438
WO-2042255,ASSET-00455,Corrective,234,947,000040000438
WO-2042256,ASSET-00455,Preventive,0,,000040000438
WO-2042257,ASSET-00455,Corrective,48,1063,000040000438
WO-2042258,ASSET-00456,Preventive,0,,000040000439
WO-2042259,ASSET-00456,Corrective,237,1452,000040000439
WO-2042260,ASSET-00457,Corrective,139,763,000040000440
WO-2042261,ASSET-00458,Preventive,0,,000040000441
WO-2042262,ASSET-00458,Corrective,231,1137,000040000441
WO-2042263,ASSET-00458,Preventive,0,,000040000441
WO-2042264,ASSET-00459,Preventive,0,,000040000442
WO-2042265,ASSET-00459,Preventive,0,,000040000442
WO-2042266,ASSET-00459,Preventive,0,,000040000442
WO-2042267,ASSET-00460,Preventive,0,,000040000443
WO-2042268,ASSET-00460,Preventive,0,,000040000443
WO-2042269,ASSET-00460,Preventive,0,,000040000443
WO-2042270,ASSET-00460,Preventive,0,,000040000443
WO-2042271,ASSET-00461,Corrective,102,720,000040000444
WO-2042272,ASSET-00461,Corrective,173,843,000040000444
WO-2042273,ASSET-00461,Preventive,0,,000040000444
WO-2042274,ASSET-00461,Preventive,0,,000040000444
WO-2042275,ASSET-00461,Preventive,0,,000040000444
WO-2042276,ASSET-00462,Corrective,208,1465,000040000445
WO-2042277,ASSET-00462,Corrective,192,1025,000040000445
WO-2042278,ASSET-00462,Preventive,0,,000040000445
WO-2042279,ASSET-00463,Preventive,0,,000040000446
WO-2042280,ASSET-00463,Preventive,0,,000040000446
WO-2042281,ASSET-00463,Preventive,0,,000040000446
WO-2042282,ASSET-00463,Preventive,0,,000040000446
WO-2042283,ASSET-00464,Preventive,0,,000040000447
WO-2042284,ASSET-00464,Corrective,108,1245,000040000447
WO-2042285,ASSET-00464,Emergency,167,346,000040000447
WO-2042286,ASSET-00464,Corrective,195,854,000040000447
WO-2042287,ASSET-00465,Preventive,0,,000040000448
WO-2042288,ASSET-00465,Corrective,33,1527,000040000448
WO-2042289,ASSET-00465,Preventive,0,,000040000448
WO-2042290,ASSET-00465,Preventive,0,,000040000448
WO-2042291,ASSET-00466,Preventive,0,,000040000449
WO-2042292,ASSET-00466,Preventive,0,,000040000449
WO-2042293,ASSET-00467,Emergency,199,753,000040000450
WO-2042294,ASSET-00467,Corrective,221,1270,000040000450
WO-2042295,ASSET-00467,Corrective,164,807,000040000450
WO-2042296,ASSET-00468,Preventive,0,,000040000451
WO-2042297,ASSET-00468,Corrective,88,1606,000040000451
WO-2042298,ASSET-00468,Preventive,0,,000040000451
WO-2042299,ASSET-00468,Preventive,0,,000040000451
WO-2042300,ASSET-00468,Preventive,0,,000040000451
WO-2042301,ASSET-00468,Preventive,0,,000040000451
WO-2042302,ASSET-00468,Corrective,74,296,000040000451
WO-2042303,ASSET-00469,Emergency,287,741,000040000452
WO-2042304,ASSET-00469,Preventive,0,,000040000452
WO-2042305,ASSET-00469,Preventive,0,,000040000452
WO-2042306,ASSET-00469,Corrective,46,1861,000040000452
WO-2042307,ASSET-00469,Preventive,0,,000040000452
WO-2042308,ASSET-00469,Preventive,0,,000040000452
WO-2042309,ASSET-00469,Corrective,73,374,000040000452
WO-2042310,ASSET-00470,Preventive,0,,000040000453
WO-2042311,ASSET-00470,Preventive,0,,000040000453
WO-2042312,ASSET-00470,Preventive,0,,000040000453
WO-2042313,ASSET-00471,Preventive,0,,000040000454
WO-2042314,ASSET-00471,Corrective,143,784,000040000454
WO-2042315,ASSET-00471,Corrective,59,803,000040000454
WO-2042316,ASSET-00471,Emergency,574,1347,000040000454
WO-2042317,ASSET-00471,Preventive,0,,000040000454
WO-2042318,ASSET-00471,Preventive,0,,000040000454
WO-2042319,ASSET-00471,Preventive,0,,000040000454
WO-2042320,ASSET-00471,Preventive,0,,000040000454
WO-2042321,ASSET-00472,Preventive,0,,000040000455
WO-2042322,ASSET-00472,Corrective,67,1144,000040000455
WO-2042323,ASSET-00472,Preventive,0,,000040000455
WO-2042324,ASSET-00472,Corrective,90,949,000040000455
WO-2042325,ASSET-00472,Preventive,0,,000040000455
WO-2042326,ASSET-00473,Corrective,77,243,000040000456
WO-2042327,ASSET-00473,Preventive,0,,000040000456
WO-2042328,ASSET-00473,Preventive,0,,000040000456
WO-2042329,ASSET-00473,Emergency,377,533,000040000456
WO-2042330,ASSET-00473,Corrective,133,1701,000040000456
WO-2042331,ASSET-00473,Preventive,0,,000040000456
WO-2042332,ASSET-00474,Preventive,0,,000040000457
WO-2042333,ASSET-00474,Corrective,60,648,000040000457
WO-2042334,ASSET-00474,Corrective,163,380,000040000457
WO-2042335,ASSET-00474,Preventive,0,,000040000457
WO-2042336,ASSET-00474,Preventive,0,,000040000457
WO-2042337,ASSET-00474,Emergency,586,516,000040000457
WO-2042338,ASSET-00475,Corrective,190,458,000040000458
WO-2042339,ASSET-00475,Corrective,223,998,000040000458
WO-2042340,ASSET-00475,Corrective,133,1234,000040000458
WO-2042341,ASSET-00475,Preventive,0,,000040000458
WO-2042342,ASSET-00475,Emergency,297,628,000040000458
WO-2042343,ASSET-00475,Preventive,0,,000040000458
WO-2042344,ASSET-00475,Preventive,0,,000040000458
WO-2042345,ASSET-00475,Preventive,0,,000040000458
WO-2042346,ASSET-00476,Corrective,49,847,000040000459
WO-2042347,ASSET-00476,Preventive,0,,000040000459
WO-2042348,ASSET-00476,Preventive,0,,000040000459
WO-2042349,ASSET-00476,Emergency,243,1759,000040000459
WO-2042350,ASSET-00477,Preventive,0,,000040000460
WO-2042351,ASSET-00477,Preventive,0,,000040000460
WO-2042352,ASSET-00477,Preventive,0,,000040000460
WO-2042353,ASSET-00477,Corrective,237,1319,000040000460
WO-2042354,ASSET-00477,Preventive,0,,000040000460
WO-2042355,ASSET-00478,Preventive,0,,000040000461
WO-2042356,ASSET-00478,Emergency,342,924,000040000461
WO-2042357,ASSET-00478,Preventive,0,,000040000461
WO-2042358,ASSET-00478,Preventive,0,,000040000461
WO-2042359,ASSET-00478,Preventive,0,,000040000461
WO-2042360,ASSET-00479,Corrective,239,251,000040000462
WO-2042361,ASSET-00479,Corrective,76,478,000040000462
WO-2042362,ASSET-00479,Emergency,318,1039,000040000462
WO-2042363,ASSET-00479,Preventive,0,,000040000462
WO-2042364,ASSET-00479,Corrective,229,635,000040000462
WO-2042365,ASSET-00480,Emergency,253,355,000040000463
WO-2042366,ASSET-00480,Preventive,0,,000040000463
WO-2042367,ASSET-00480,Preventive,0,,000040000463
WO-2042368,ASSET-00480,Corrective,126,668,000040000463
WO-2042369,ASSET-00480,Preventive,0,,000040000463
WO-2042370,ASSET-00481,Corrective,112,1629,000040000464
WO-2042371,ASSET-00481,Preventive,0,,000040000464
WO-2042372,ASSET-00481,Corrective,191,1967,000040000464
WO-2042373,ASSET-00481,Corrective,96,1841,000040000464
WO-2042374,ASSET-00481,Preventive,0,,000040000464
WO-2042375,ASSET-00482,Preventive,0,,000040000465
WO-2042376,ASSET-00482,Preventive,0,,000040000465
WO-2042377,ASSET-00482,Corrective,85,472,000040000465
WO-2042378,ASSET-00482,Preventive,0,,000040000465
WO-2042379,ASSET-00482,Preventive,0,,000040000465
WO-2042380,ASSET-00482,Preventive,0,,000040000465
WO-2042381,ASSET-00483,Preventive,0,,000040000466
WO-2042382,ASSET-00483,Preventive,0,,000040000466
WO-2042383,ASSET-00483,Preventive,0,,000040000466
WO-2042384,ASSET-00483,Corrective,32,788,000040000466
WO-2042385,ASSET-00483,Corrective,46,1250,000040000466
WO-2042386,ASSET-00484,Corrective,51,451,000040000467
WO-2042387,ASSET-00484,Preventive,0,,000040000467
WO-2042388,ASSET-00484,Corrective,229,1833,000040000467
WO-2042389,ASSET-00484,Corrective,70,462,000040000467
WO-2042390,ASSET-00484,Emergency,104,303,000040000467
WO-2042391,ASSET-00485,Preventive,0,,000040000468
WO-2042392,ASSET-00485,Preventive,0,,000040000468
WO-2042393,ASSET-00485,Corrective,145,367,000040000468
WO-2042394,ASSET-00485,Corrective,200,750,000040000468
WO-2042395,ASSET-00485,Preventive,0,,000040000468
WO-2042396,ASSET-00486,Corrective,234,872,000040000469
WO-2042397,ASSET-00486,Preventive,0,,000040000469
WO-2042398,ASSET-00487,Corrective,61,396,000040000470
WO-2042399,ASSET-00487,Emergency,499,1008,000040000470
WO-2042400,ASSET-00487,Preventive,0,,000040000470
WO-2042401,ASSET-00487,Corrective,99,304,000040000470
WO-2042402,ASSET-00487,Corrective,201,769,000040000470
WO-2042403,ASSET-00487,Preventive,0,,000040000470
WO-2042404,ASSET-00488,Preventive,0,,000040000471
WO-2042405,ASSET-00488,Preventive,0,,000040000471
WO-2042406,ASSET-00488,Corrective,31,852,000040000471
WO-2042407,ASSET-00488,Preventive,0,,000040000471
WO-2042408,ASSET-00488,Preventive,0,,000040000471
WO-2042409,ASSET-00489,Preventive,0,,000040000472
WO-2042410,ASSET-00489,Preventive,0,,000040000472
WO-2042411,ASSET-00489,Preventive,0,,000040000472
WO-2042412,ASSET-00489,Corrective,142,1154,000040000472
WO-2042413,ASSET-00489,Emergency,132,1557,000040000472
WO-2042414,ASSET-00489,Corrective,43,1343,000040000472
WO-2042415,ASSET-00489,Preventive,0,,000040000472
WO-2042416,ASSET-00489,Corrective,95,276,000040000472
WO-2042417,ASSET-00489,Corrective,174,1998,000040000472
WO-2042418,ASSET-00489,Corrective,146,834,000040000472
WO-2042419,ASSET-00490,Preventive,0,,000040000473
WO-2042420,ASSET-00490,Preventive,0,,000040000473
WO-2042421,ASSET-00490,Corrective,146,519,000040000473
WO-2042422,ASSET-00490,Preventive,0,,000040000473
WO-2042423,ASSET-00490,Preventive,0,,000040000473
WO-2042424,ASSET-00490,Corrective,131,684,000040000473
WO-2042425,ASSET-00490,Preventive,0,,000040000473
WO-2042426,ASSET-00491,Preventive,0,,000040000474
WO-2042427,ASSET-00491,Preventive,0,,000040000474
WO-2042428,ASSET-00491,Preventive,0,,000040000474
WO-2042429,ASSET-00491,Corrective,75,1145,000040000474
WO-2042430,ASSET-00491,Corrective,164,269,000040000474
WO-2042431,ASSET-00491,Preventive,0,,000040000474
WO-2042432,ASSET-00491,Preventive,0,,000040000474
WO-2042433,ASSET-00492,Preventive,0,,000040000475
WO-2042434,ASSET-00492,Preventive,0,,000040000475
WO-2042435,ASSET-00492,Preventive,0,,000040000475
WO-2042436,ASSET-00492,Preventive,0,,000040000475
WO-2042437,ASSET-00492,Preventive,0,,000040000475
WO-2042438,ASSET-00492,Emergency,232,1329,000040000475
WO-2042439,ASSET-00493,Preventive,0,,000040000476
WO-2042440,ASSET-00493,Corrective,229,1329,000040000476
WO-2042441,ASSET-00493,Corrective,236,411,000040000476
WO-2042442,ASSET-00493,Corrective,40,1878,000040000476
WO-2042443,ASSET-00494,Preventive,0,,000040000477
WO-2042444,ASSET-00494,Emergency,162,294,000040000477
WO-2042445,ASSET-00494,Corrective,35,602,000040000477
WO-2042446,ASSET-00494,Corrective,202,1460,000040000477
WO-2042447,ASSET-00494,Corrective,235,320,000040000477
WO-2042448,ASSET-00494,Corrective,121,1831,000040000477
WO-2042449,ASSET-00494,Corrective,185,1837,000040000477
WO-2042450,ASSET-00494,Emergency,352,631,000040000477
WO-2042451,ASSET-00495,Corrective,201,821,000040000478
WO-2042452,ASSET-00495,Preventive,0,,000040000478
WO-2042453,ASSET-00495,Preventive,0,,000040000478
WO-2042454,ASSET-00495,Preventive,0,,000040000478
WO-2042455,ASSET-00496,Preventive,0,,000040000479
WO-2042456,ASSET-00496,Corrective,100,1533,000040000479
WO-2042457,ASSET-00496,Preventive,0,,000040000479
WO-2042458,ASSET-00496,Corrective,63,814,000040000479
WO-2042459,ASSET-00496,Preventive,0,,000040000479
WO-2042460,ASSET-00496,Preventive,0,,000040000479
WO-2042461,ASSET-00496,Preventive,0,,000040000479
WO-2042462,ASSET-00496,Preventive,0,,000040000479
WO-2042463,ASSET-00496,Preventive,0,,000040000479
WO-2042464,ASSET-00497,Corrective,98,1477,000040000480
WO-2042465,ASSET-00497,Emergency,363,782,000040000480
WO-2042466,ASSET-00498,Corrective,115,1153,000040000481
WO-2042467,ASSET-00498,Corrective,41,1446,000040000481
WO-2042468,ASSET-00498,Preventive,0,,000040000481
WO-2042469,ASSET-00498,Preventive,0,,000040000481
WO-2042470,ASSET-00499,Preventive,0,,000040000482
WO-2042471,ASSET-00499,Preventive,0,,000040000482
WO-2042472,ASSET-00499,Preventive,0,,000040000482
WO-2042473,ASSET-00499,Preventive,0,,000040000482
WO-2042474,ASSET-00499,Corrective,174,1329,000040000482
WO-2042475,ASSET-00500,Preventive,0,,000040000483
WO-2042476,ASSET-00500,Emergency,102,590,000040000483
WO-2042477,ASSET-00500,Preventive,0,,000040000483
WO-2042478,ASSET-00500,Preventive,0,,000040000483
WO-2042479,ASSET-00500,Preventive,0,,000040000483
WO-2042480,ASSET-00500,Preventive,0,,000040000483
WO-2042481,ASSET-00501,Preventive,0,,000040000484
WO-2042482,ASSET-00501,Corrective,143,842,000040000484
WO-2042483,ASSET-00501,Preventive,0,,000040000484
WO-2042484,ASSET-00501,Preventive,0,,000040000484
WO-2042485,ASSET-00501,Preventive,0,,000040000484
WO-2042486,ASSET-00501,Corrective,116,1802,000040000484
WO-2042487,ASSET-00501,Corrective,177,1581,000040000484
WO-2042488,ASSET-00501,Preventive,0,,000040000484
WO-2042489,ASSET-00501,Corrective,53,1704,000040000484
WO-2042490,ASSET-00502,Preventive,0,,000040000485
WO-2042491,ASSET-00502,Preventive,0,,000040000485
WO-2042492,ASSET-00502,Corrective,227,1120,000040000485
WO-2042493,ASSET-00502,Preventive,0,,000040000485
WO-2042494,ASSET-00502,Corrective,130,753,000040000485
WO-2042495,ASSET-00502,Preventive,0,,000040000485
WO-2042496,ASSET-00502,Preventive,0,,000040000485
WO-2042497,ASSET-00503,Preventive,0,,000040000486
WO-2042498,ASSET-00503,Corrective,184,1483,000040000486
WO-2042499,ASSET-00504,Preventive,0,,000040000487
WO-2042500,ASSET-00504,Preventive,0,,000040000487
WO-2042501,ASSET-00504,Preventive,0,,000040000487
WO-2042502,ASSET-00505,Corrective,161,1692,000040000488
WO-2042503,ASSET-00505,Preventive,0,,000040000488
WO-2042504,ASSET-00505,Corrective,143,328,000040000488
WO-2042505,ASSET-00505,Preventive,0,,000040000488
WO-2042506,ASSET-00505,Preventive,0,,000040000488
WO-2042507,ASSET-00505,Preventive,0,,000040000488
WO-2042508,ASSET-00505,Preventive,0,,000040000488
WO-2042509,ASSET-00505,Preventive,0,,000040000488
WO-2042510,ASSET-00505,Emergency,270,1068,000040000488
WO-2042511,ASSET-00505,Preventive,0,,000040000488
WO-2042512,ASSET-00506,Emergency,117,1036,000040000489
WO-2042513,ASSET-00506,Preventive,0,,000040000489
WO-2042514,ASSET-00506,Preventive,0,,000040000489
WO-2042515,ASSET-00506,Preventive,0,,000040000489
WO-2042516,ASSET-00506,Corrective,54,457,000040000489
WO-2042517,ASSET-00506,Preventive,0,,000040000489
WO-2042518,ASSET-00506,Preventive,0,,000040000489
WO-2042519,ASSET-00507,Preventive,0,,000040000490
WO-2042520,ASSET-00507,Corrective,201,1991,000040000490
WO-2042521,ASSET-00507,Preventive,0,,000040000490
WO-2042522,ASSET-00507,Corrective,112,1212,000040000490
WO-2042523,ASSET-00508,Preventive,0,,000040000491
WO-2042524,ASSET-00508,Corrective,189,320,000040000491
WO-2042525,ASSET-00508,Corrective,139,1436,000040000491
WO-2042526,ASSET-00508,Preventive,0,,000040000491
WO-2042527,ASSET-00508,Corrective,175,1243,000040000491
WO-2042528,ASSET-00509,Emergency,110,629,000040000492
WO-2042529,ASSET-00509,Preventive,0,,000040000492
WO-2042530,ASSET-00509,Preventive,0,,000040000492
WO-2042531,ASSET-00509,Preventive,0,,000040000492
WO-2042532,ASSET-00510,Preventive,0,,000040000493
WO-2042533,ASSET-00510,Preventive,0,,000040000493
WO-2042534,ASSET-00510,Corrective,107,585,000040000493
WO-2042535,ASSET-00510,Preventive,0,,000040000493
WO-2042536,ASSET-00510,Preventive,0,,000040000493
WO-2042537,ASSET-00510,Corrective,223,1930,000040000493
WO-2042538,ASSET-00511,Corrective,143,345,000040000494
WO-2042539,ASSET-00511,Corrective,227,615,000040000494
WO-2042540,ASSET-00511,Preventive,0,,000040000494
WO-2042541,ASSET-00511,Preventive,0,,000040000494
WO-2042542,ASSET-00511,Preventive,0,,000040000494
WO-2042543,ASSET-00511,Preventive,0,,000040000494
WO-2042544,ASSET-00512,Preventive,0,,000040000495
WO-2042545,ASSET-00512,Preventive,0,,000040000495
WO-2042546,ASSET-00512,Corrective,196,664,000040000495
WO-2042547,ASSET-00512,Preventive,0,,000040000495
WO-2042548,ASSET-00512,Corrective,47,514,000040000495
WO-2042549,ASSET-00512,Corrective,104,1565,000040000495
WO-2042550,ASSET-00512,Preventive,0,,000040000495
WO-2042551,ASSET-00512,Preventive,0,,000040000495
WO-2042552,ASSET-00513,Emergency,519,1687,000040000496
WO-2042553,ASSET-00513,Corrective,141,894,000040000496
WO-2042554,ASSET-00513,Preventive,0,,000040000496
WO-2042555,ASSET-00513,Preventive,0,,000040000496
WO-2042556,ASSET-00513,Preventive,0,,000040000496
WO-2042557,ASSET-00513,Corrective,76,1639,000040000496
WO-2042558,ASSET-00513,Preventive,0,,000040000496
WO-2042559,ASSET-00514,Emergency,417,362,000040000497
WO-2042560,ASSET-00514,Corrective,187,1183,000040000497
WO-2042561,ASSET-00514,Corrective,224,1418,000040000497
WO-2042562,ASSET-00514,Corrective,114,404,000040000497
WO-2042563,ASSET-00515,Preventive,0,,000040000498
WO-2042564,ASSET-00515,Emergency,148,1363,000040000498
WO-2042565,ASSET-00515,Preventive,0,,000040000498
WO-2042566,ASSET-00515,Corrective,79,1584,000040000498
WO-2042567,ASSET-00515,Preventive,0,,000040000498
WO-2042568,ASSET-00515,Corrective,82,1725,000040000498
WO-2042569,ASSET-00515,Preventive,0,,000040000498
WO-2042570,ASSET-00515,Emergency,450,600,000040000498
WO-2042571,ASSET-00516,Preventive,0,,000040000499
WO-2042572,ASSET-00516,Corrective,227,1632,000040000499
WO-2042573,ASSET-00516,Preventive,0,,000040000499
WO-2042574,ASSET-00517,Preventive,0,,000040000500
WO-2042575,ASSET-00517,Preventive,0,,000040000500
WO-2042576,ASSET-00517,Preventive,0,,000040000500
WO-2042577,ASSET-00517,Emergency,486,946,000040000500
WO-2042578,ASSET-00517,Preventive,0,,000040000500
WO-2042579,ASSET-00518,Corrective,195,1368,000040000501
WO-2042580,ASSET-00518,Preventive,0,,000040000501
WO-2042581,ASSET-00518,Corrective,108,267,000040000501
WO-2042582,ASSET-00518,Preventive,0,,000040000501
WO-2042583,ASSET-00518,Emergency,520,1612,000040000501
WO-2042584,ASSET-00518,Preventive,0,,000040000501
WO-2042585,ASSET-00519,Preventive,0,,000040000502
WO-2042586,ASSET-00519,Emergency,518,1973,000040000502
WO-2042587,ASSET-00519,Corrective,96,334,000040000502
WO-2042588,ASSET-00519,Corrective,126,1918,000040000502
WO-2042589,ASSET-00519,Corrective,235,1151,000040000502
WO-2042590,ASSET-00519,Corrective,35,525,000040000502
WO-2042591,ASSET-00520,Preventive,0,,000040000503
WO-2042592,ASSET-00520,Preventive,0,,000040000503
WO-2042593,ASSET-00520,Preventive,0,,000040000503
WO-2042594,ASSET-00521,Preventive,0,,000040000504
WO-2042595,ASSET-00521,Preventive,0,,000040000504
WO-2042596,ASSET-00521,Preventive,0,,000040000504
WO-2042597,ASSET-00521,Preventive,0,,000040000504
WO-2042598,ASSET-00521,Preventive,0,,000040000504
WO-2042599,ASSET-00521,Emergency,69,532,000040000504
WO-2042600,ASSET-00521,Preventive,0,,000040000504
WO-2042601,ASSET-00521,Preventive,0,,000040000504
WO-2042602,ASSET-00521,Corrective,132,1099,000040000504
WO-2042603,ASSET-00522,Corrective,219,1747,000040000505
WO-2042604,ASSET-00522,Corrective,136,892,000040000505
WO-2042605,ASSET-00522,Corrective,96,628,000040000505
WO-2042606,ASSET-00522,Preventive,0,,000040000505
WO-2042607,ASSET-00522,Preventive,0,,000040000505
WO-2042608,ASSET-00522,Preventive,0,,000040000505
WO-2042609,ASSET-00523,Preventive,0,,000040000506
WO-2042610,ASSET-00523,Corrective,142,1049,000040000506
WO-2042611,ASSET-00523,Preventive,0,,000040000506
WO-2042612,ASSET-00523,Corrective,171,902,000040000506
WO-2042613,ASSET-00523,Corrective,188,1659,000040000506
WO-2042614,ASSET-00524,Preventive,0,,000040000507
WO-2042615,ASSET-00524,Emergency,518,308,000040000507
WO-2042616,ASSET-00525,Preventive,0,,000040000508
WO-2042617,ASSET-00525,Corrective,164,1846,000040000508
WO-2042618,ASSET-00525,Preventive,0,,000040000508
WO-2042619,ASSET-00525,Preventive,0,,000040000508
WO-2042620,ASSET-00525,Emergency,388,1522,000040000508
WO-2042621,ASSET-00525,Preventive,0,,000040000508
WO-2042622,ASSET-00525,Corrective,96,1189,000040000508
WO-2042623,ASSET-00525,Emergency,372,1646,000040000508
WO-2042624,ASSET-00525,Preventive,0,,000040000508
WO-2042625,ASSET-00526,Corrective,121,1841,000040000509
WO-2042626,ASSET-00526,Preventive,0,,000040000509
WO-2042627,ASSET-00526,Preventive,0,,000040000509
WO-2042628,ASSET-00526,Corrective,122,1703,000040000509
WO-2042629,ASSET-00527,Emergency,98,1238,000040000510
WO-2042630,ASSET-00527,Preventive,0,,000040000510
WO-2042631,ASSET-00527,Emergency,558,1633,000040000510
WO-2042632,ASSET-00527,Preventive,0,,000040000510
WO-2042633,ASSET-00527,Corrective,38,1027,000040000510
WO-2042634,ASSET-00527,Preventive,0,,000040000510
WO-2042635,ASSET-00527,Corrective,149,1376,000040000510
WO-2042636,ASSET-00527,Preventive,0,,000040000510
WO-2042637,ASSET-00527,Preventive,0,,000040000510
WO-2042638,ASSET-00528,Corrective,119,272,000040000511
WO-2042639,ASSET-00528,Preventive,0,,000040000511
WO-2042640,ASSET-00528,Preventive,0,,000040000511
WO-2042641,ASSET-00528,Corrective,142,320,000040000511
WO-2042642,ASSET-00528,Corrective,65,1771,000040000511
WO-2042643,ASSET-00528,Preventive,0,,000040000511
WO-2042644,ASSET-00529,Corrective,96,867,000040000512
WO-2042645,ASSET-00529,Corrective,199,675,000040000512
WO-2042646,ASSET-00529,Corrective,124,1988,000040000512
WO-2042647,ASSET-00529,Preventive,0,,000040000512
WO-2042648,ASSET-00529,Corrective,183,439,000040000512
WO-2042649,ASSET-00529,Corrective,112,1872,000040000512
WO-2042650,ASSET-00529,Corrective,187,1074,000040000512
WO-2042651,ASSET-00529,Corrective,206,538,000040000512
WO-2042652,ASSET-00529,Preventive,0,,000040000512
WO-2042653,ASSET-00530,Preventive,0,,000040000513
WO-2042654,ASSET-00530,Preventive,0,,000040000513
WO-2042655,ASSET-00530,Preventive,0,,000040000513
WO-2042656,ASSET-00530,Corrective,94,513,000040000513
WO-2042657,ASSET-00530,Corrective,148,1520,000040000513
WO-2042658,ASSET-00531,Preventive,0,,000040000514
WO-2042659,ASSET-00531,Corrective,127,1431,000040000514
WO-2042660,ASSET-00531,Preventive,0,,000040000514
WO-2042661,ASSET-00531,Preventive,0,,000040000514
WO-2042662,ASSET-00531,Preventive,0,,000040000514
WO-2042663,ASSET-00531,Corrective,196,388,000040000514
WO-2042664,ASSET-00531,Emergency,480,396,000040000514
WO-2042665,ASSET-00532,Emergency,272,1799,000040000515
WO-2042666,ASSET-00532,Preventive,0,,000040000515
WO-2042667,ASSET-00532,Corrective,33,1269,000040000515
WO-2042668,ASSET-00532,Corrective,204,1318,000040000515
WO-2042669,ASSET-00532,Corrective,133,1368,000040000515
WO-2042670,ASSET-00533,Corrective,188,615,000040000516
WO-2042671,ASSET-00533,Corrective,151,1535,000040000516
WO-2042672,ASSET-00533,Preventive,0,,000040000516
WO-2042673,ASSET-00533,Corrective,60,1808,000040000516
WO-2042674,ASSET-00533,Preventive,0,,000040000516
WO-2042675,ASSET-00533,Preventive,0,,000040000516
WO-2042676,ASSET-00534,Emergency,282,1158,000040000517
WO-2042677,ASSET-00534,Preventive,0,,000040000517
WO-2042678,ASSET-00534,Corrective,191,1104,000040000517
WO-2042679,ASSET-00534,Corrective,111,505,000040000517
WO-2042680,ASSET-00534,Preventive,0,,000040000517
WO-2042681,ASSET-00535,Preventive,0,,000040000518
WO-2042682,ASSET-00535,Preventive,0,,000040000518
WO-2042683,ASSET-00535,Corrective,197,501,000040000518
WO-2042684,ASSET-00536,Corrective,199,909,000040000519
WO-2042685,ASSET-00536,Preventive,0,,000040000519
WO-2042686,ASSET-00536,Preventive,0,,000040000519
WO-2042687,ASSET-00536,Preventive,0,,000040000519
WO-2042688,ASSET-00536,Preventive,0,,000040000519
WO-2042689,ASSET-00536,Preventive,0,,000040000519
WO-2042690,ASSET-00537,Preventive,0,,000040000520
WO-2042691,ASSET-00537,Corrective,52,1850,000040000520
WO-2042692,ASSET-00537,Preventive,0,,000040000520
WO-2042693,ASSET-00537,Corrective,117,1315,000040000520
WO-2042694,ASSET-00537,Corrective,135,1554,000040000520
WO-2042695,ASSET-00538,Corrective,110,1571,000040000521
WO-2042696,ASSET-00538,Preventive,0,,000040000521
WO-2042697,ASSET-00538,Corrective,34,1940,000040000521
WO-2042698,ASSET-00538,Corrective,202,483,000040000521
WO-2042699,ASSET-00538,Preventive,0,,000040000521
WO-2042700,ASSET-00538,Preventive,0,,000040000521
WO-2042701,ASSET-00538,Preventive,0,,000040000521
WO-2042702,ASSET-00538,Preventive,0,,000040000521
WO-2042703,ASSET-00539,Preventive,0,,000040000522
WO-2042704,ASSET-00539,Corrective,75,1769,000040000522
WO-2042705,ASSET-00539,Preventive,0,,000040000522
WO-2042706,ASSET-00540,Preventive,0,,000040000523
WO-2042707,ASSET-00540,Preventive,0,,000040000523
WO-2042708,ASSET-00540,Preventive,0,,000040000523
WO-2042709,ASSET-00540,Emergency,68,797,000040000523
WO-2042710,ASSET-00540,Preventive,0,,000040000523
WO-2042711,ASSET-00540,Preventive,0,,000040000523
WO-2042712,ASSET-00540,Preventive,0,,000040000523
WO-2042713,ASSET-00540,Corrective,89,1149,000040000523
WO-2042714,ASSET-00540,Preventive,0,,000040000523
WO-2042715,ASSET-00540,Corrective,116,1685,000040000523
WO-2042716,ASSET-00541,Corrective,71,932,000040000524
WO-2042717,ASSET-00541,Preventive,0,,000040000524
WO-2042718,ASSET-00541,Corrective,150,662,000040000524
WO-2042719,ASSET-00542,Preventive,0,,000040000525
WO-2042720,ASSET-00542,Preventive,0,,000040000525
WO-2042721,ASSET-00542,Preventive,0,,000040000525
WO-2042722,ASSET-00542,Corrective,102,1844,000040000525
WO-2042723,ASSET-00542,Preventive,0,,000040000525
WO-2042724,ASSET-00542,Preventive,0,,000040000525
WO-2042725,ASSET-00542,Preventive,0,,000040000525
WO-2042726,ASSET-00543,Preventive,0,,000040000526
WO-2042727,ASSET-00543,Preventive,0,,000040000526
WO-2042728,ASSET-00543,Preventive,0,,000040000526
WO-2042729,ASSET-00544,Corrective,115,351,000040000527
WO-2042730,ASSET-00544,Preventive,0,,000040000527
WO-2042731,ASSET-00544,Preventive,0,,000040000527
WO-2042732,ASSET-00544,Preventive,0,,000040000527
WO-2042733,ASSET-00544,Corrective,239,1547,000040000527
WO-2042734,ASSET-00544,Corrective,201,1807,000040000527
WO-2042735,ASSET-00544,Preventive,0,,000040000527
WO-2042736,ASSET-00545,Preventive,0,,000040000528
WO-2042737,ASSET-00545,Corrective,157,1355,000040000528
WO-2042738,ASSET-00545,Preventive,0,,000040000528
WO-2042739,ASSET-00545,Corrective,133,933,000040000528
WO-2042740,ASSET-00545,Preventive,0,,000040000528
WO-2042741,ASSET-00545,Emergency,547,498,000040000528
WO-2042742,ASSET-00545,Emergency,517,1990,000040000528
WO-2042743,ASSET-00546,Emergency,106,1377,000040000529
WO-2042744,ASSET-00546,Preventive,0,,000040000529
WO-2042745,ASSET-00546,Preventive,0,,000040000529
WO-2042746,ASSET-00546,Corrective,213,696,000040000529
WO-2042747,ASSET-00546,Corrective,84,642,000040000529
WO-2042748,ASSET-00547,Preventive,0,,000040000530
WO-2042749,ASSET-00547,Emergency,525,1281,000040000530
WO-2042750,ASSET-00547,Corrective,51,241,000040000530
WO-2042751,ASSET-00547,Preventive,0,,000040000530
WO-2042752,ASSET-00547,Corrective,142,1739,000040000530
WO-2042753,ASSET-00548,Corrective,209,1675,000040000531
WO-2042754,ASSET-00548,Corrective,32,1918,000040000531
WO-2042755,ASSET-00548,Emergency,71,1669,000040000531
WO-2042756,ASSET-00548,Corrective,159,389,000040000531
WO-2042757,ASSET-00548,Preventive,0,,000040000531
WO-2042758,ASSET-00548,Preventive,0,,000040000531
WO-2042759,ASSET-00549,Corrective,189,961,000040000532
WO-2042760,ASSET-00549,Preventive,0,,000040000532
WO-2042761,ASSET-00549,Corrective,63,718,000040000532
WO-2042762,ASSET-00549,Corrective,49,1571,000040000532
WO-2042763,ASSET-00549,Corrective,108,1099,000040000532
WO-2042764,ASSET-00549,Corrective,104,1307,000040000532
WO-2042765,ASSET-00550,Preventive,0,,000040000533
WO-2042766,ASSET-00550,Corrective,89,1863,000040000533
WO-2042767,ASSET-00550,Preventive,0,,000040000533
WO-2042768,ASSET-00550,Corrective,31,294,000040000533
WO-2042769,ASSET-00550,Preventive,0,,000040000533
WO-2042770,ASSET-00551,Corrective,165,1928,000040000534
WO-2042771,ASSET-00551,Corrective,139,989,000040000534
WO-2042772,ASSET-00551,Preventive,0,,000040000534
WO-2042773,ASSET-00551,Corrective,172,560,000040000534
WO-2042774,ASSET-00551,Preventive,0,,000040000534
WO-2042775,ASSET-00552,Corrective,33,1355,000040000535
WO-2042776,ASSET-00552,Preventive,0,,000040000535
WO-2042777,ASSET-00552,Preventive,0,,000040000535
WO-2042778,ASSET-00552,Corrective,64,630,000040000535
WO-2042779,ASSET-00552,Preventive,0,,000040000535
WO-2042780,ASSET-00552,Corrective,172,1656,000040000535
WO-2042781,ASSET-00552,Preventive,0,,000040000535
WO-2042782,ASSET-00552,Corrective,206,1188,000040000535
WO-2042783,ASSET-00552,Corrective,193,806,000040000535
WO-2042784,ASSET-00553,Corrective,48,1198,000040000536
WO-2042785,ASSET-00553,Emergency,92,400,000040000536
WO-2042786,ASSET-00553,Preventive,0,,000040000536
WO-2042787,ASSET-00554,Preventive,0,,000040000537
WO-2042788,ASSET-00554,Preventive,0,,000040000537
WO-2042789,ASSET-00554,Preventive,0,,000040000537
WO-2042790,ASSET-00554,Preventive,0,,000040000537
WO-2042791,ASSET-00554,Preventive,0,,000040000537
WO-2042792,ASSET-00554,Preventive,0,,000040000537
WO-2042793,ASSET-00555,Corrective,137,972,000040000538
WO-2042794,ASSET-00555,Corrective,107,910,000040000538
WO-2042795,ASSET-00555,Preventive,0,,000040000538
WO-2042796,ASSET-00555,Preventive,0,,000040000538
WO-2042797,ASSET-00555,Preventive,0,,000040000538
WO-2042798,ASSET-00556,Preventive,0,,000040000539
WO-2042799,ASSET-00556,Preventive,0,,000040000539
WO-2042800,ASSET-00556,Corrective,211,913,000040000539
WO-2042801,ASSET-00556,Corrective,126,1395,000040000539
WO-2042802,ASSET-00557,Preventive,0,,000040000540
WO-2042803,ASSET-00557,Emergency,286,1242,000040000540
WO-2042804,ASSET-00557,Preventive,0,,000040000540
WO-2042805,ASSET-00557,Corrective,197,1782,000040000540
WO-2042806,ASSET-00557,Corrective,144,282,000040000540
WO-2042807,ASSET-00558,Preventive,0,,000040000541
WO-2042808,ASSET-00558,Corrective,34,1648,000040000541
WO-2042809,ASSET-00558,Corrective,45,1551,000040000541
WO-2042810,ASSET-00558,Emergency,406,1811,000040000541
WO-2042811,ASSET-00558,Corrective,62,1048,000040000541
WO-2042812,ASSET-00558,Preventive,0,,000040000541
WO-2042813,ASSET-00558,Corrective,43,1627,000040000541
WO-2042814,ASSET-00558,Preventive,0,,000040000541
WO-2042815,ASSET-00559,Preventive,0,,000040000542
WO-2042816,ASSET-00559,Corrective,138,1810,000040000542
WO-2042817,ASSET-00559,Preventive,0,,000040000542
WO-2042818,ASSET-00559,Preventive,0,,000040000542
WO-2042819,ASSET-00560,Preventive,0,,000040000543
WO-2042820,ASSET-00560,Emergency,359,1682,000040000543
WO-2042821,ASSET-00560,Emergency,406,1599,000040000543
WO-2042822,ASSET-00561,Corrective,165,1155,000040000544
WO-2042823,ASSET-00561,Corrective,38,1903,000040000544
WO-2042824,ASSET-00561,Corrective,143,813,000040000544
WO-2042825,ASSET-00561,Emergency,459,1057,000040000544
WO-2042826,ASSET-00562,Preventive,0,,000040000545
WO-2042827,ASSET-00562,Preventive,0,,000040000545
WO-2042828,ASSET-00562,Preventive,0,,000040000545
WO-2042829,ASSET-00562,Emergency,201,572,000040000545
WO-2042830,ASSET-00562,Preventive,0,,000040000545
WO-2042831,ASSET-00562,Preventive,0,,000040000545
WO-2042832,ASSET-00563,Corrective,153,539,000040000546
WO-2042833,ASSET-00563,Preventive,0,,000040000546
WO-2042834,ASSET-00563,Preventive,0,,000040000546
WO-2042835,ASSET-00563,Preventive,0,,000040000546
WO-2042836,ASSET-00563,Corrective,39,1287,000040000546
WO-2042837,ASSET-00563,Emergency,488,915,000040000546
WO-2042838,ASSET-00563,Preventive,0,,000040000546
WO-2042839,ASSET-00563,Corrective,71,882,000040000546
WO-2042840,ASSET-00564,Preventive,0,,000040000547
WO-2042841,ASSET-00564,Preventive,0,,000040000547
WO-2042842,ASSET-00565,Corrective,193,823,000040000548
WO-2042843,ASSET-00565,Preventive,0,,000040000548
WO-2042844,ASSET-00565,Preventive,0,,000040000548
WO-2042845,ASSET-00565,Corrective,104,1697,000040000548
WO-2042846,ASSET-00565,Preventive,0,,000040000548
WO-2042847,ASSET-00566,Corrective,103,604,000040000549
WO-2042848,ASSET-00566,Corrective,232,1305,000040000549
WO-2042849,ASSET-00566,Preventive,0,,000040000549
WO-2042850,ASSET-00566,Preventive,0,,000040000549
WO-2042851,ASSET-00567,Preventive,0,,000040000550
WO-2042852,ASSET-00567,Preventive,0,,000040000550
WO-2042853,ASSET-00568,Corrective,212,631,000040000551
WO-2042854,ASSET-00568,Corrective,212,1260,000040000551
WO-2042855,ASSET-00568,Corrective,38,439,000040000551
WO-2042856,ASSET-00568,Preventive,0,,000040000551
WO-2042857,ASSET-00569,Corrective,173,256,000040000552
WO-2042858,ASSET-00569,Preventive,0,,000040000552
WO-2042859,ASSET-00570,Corrective,77,1870,000040000553
WO-2042860,ASSET-00570,Corrective,60,1565,000040000553
WO-2042861,ASSET-00570,Emergency,447,764,000040000553
WO-2042862,ASSET-00570,Corrective,143,1447,000040000553
WO-2042863,ASSET-00570,Preventive,0,,000040000553
WO-2042864,ASSET-00570,Corrective,173,416,000040000553
WO-2042865,ASSET-00570,Corrective,108,1792,000040000553
WO-2042866,ASSET-00571,Preventive,0,,000040000554
WO-2042867,ASSET-00571,Corrective,203,1162,000040000554
WO-2042868,ASSET-00571,Corrective,82,1657,000040000554
WO-2042869,ASSET-00572,Preventive,0,,000040000555
WO-2042870,ASSET-00572,Preventive,0,,000040000555
WO-2042871,ASSET-00572,Corrective,30,1438,000040000555
WO-2042872,ASSET-00572,Corrective,111,1718,000040000555
WO-2042873,ASSET-00572,Emergency,246,288,000040000555
WO-2042874,ASSET-00572,Preventive,0,,000040000555
WO-2042875,ASSET-00572,Preventive,0,,000040000555
WO-2042876,ASSET-00572,Preventive,0,,000040000555
WO-2042877,ASSET-00573,Preventive,0,,000040000556
WO-2042878,ASSET-00573,Preventive,0,,000040000556
WO-2042879,ASSET-00573,Preventive,0,,000040000556
WO-2042880,ASSET-00573,Preventive,0,,000040000556
WO-2042881,ASSET-00573,Preventive,0,,000040000556
WO-2042882,ASSET-00573,Corrective,33,1469,000040000556
WO-2042883,ASSET-00573,Preventive,0,,000040000556
WO-2042884,ASSET-00574,Corrective,160,701,000040000557
WO-2042885,ASSET-00574,Corrective,126,1334,000040000557
WO-2042886,ASSET-00574,Emergency,85,1534,000040000557
WO-2042887,ASSET-00575,Corrective,75,1378,000040000558
WO-2042888,ASSET-00575,Preventive,0,,000040000558
WO-2042889,ASSET-00575,Corrective,217,1169,000040000558
WO-2042890,ASSET-00576,Preventive,0,,000040000559
WO-2042891,ASSET-00576,Corrective,73,687,000040000559
WO-2042892,ASSET-00576,Corrective,144,258,000040000559
WO-2042893,ASSET-00576,Corrective,226,1648,000040000559
WO-2042894,ASSET-00576,Preventive,0,,000040000559
WO-2042895,ASSET-00577,Preventive,0,,000040000560
WO-2042896,ASSET-00577,Preventive,0,,000040000560
WO-2042897,ASSET-00577,Preventive,0,,000040000560
WO-2042898,ASSET-00578,Corrective,162,1162,000040000561
WO-2042899,ASSET-00579,Corrective,105,1618,000040000562
WO-2042900,ASSET-00579,Preventive,0,,000040000562
WO-2042901,ASSET-00579,Preventive,0,,000040000562
WO-2042902,ASSET-00580,Corrective,238,1651,000040000563
WO-2042903,ASSET-00580,Preventive,0,,000040000563
WO-2042904,ASSET-00580,Corrective,43,310,000040000563
WO-2042905,ASSET-00580,Emergency,107,416,000040000563
WO-2042906,ASSET-00580,Corrective,130,878,000040000563
WO-2042907,ASSET-00580,Preventive,0,,000040000563
WO-2042908,ASSET-00580,Corrective,182,1735,000040000563
WO-2042909,ASSET-00580,Preventive,0,,000040000563
WO-2042910,ASSET-00580,Corrective,217,483,000040000563
WO-2042911,ASSET-00581,Preventive,0,,000040000564
WO-2042912,ASSET-00581,Preventive,0,,000040000564
WO-2042913,ASSET-00582,Corrective,39,1188,000040000565
WO-2042914,ASSET-00582,Corrective,82,961,000040000565
WO-2042915,ASSET-00582,Emergency,364,1608,000040000565
WO-2042916,ASSET-00582,Emergency,374,621,000040000565
WO-2042917,ASSET-00583,Preventive,0,,000040000566
WO-2042918,ASSET-00583,Preventive,0,,000040000566
WO-2042919,ASSET-00583,Emergency,334,1250,000040000566
WO-2042920,ASSET-00583,Preventive,0,,000040000566
WO-2042921,ASSET-00584,Preventive,0,,000040000567
WO-2042922,ASSET-00584,Corrective,83,248,000040000567
WO-2042923,ASSET-00584,Corrective,31,706,000040000567
WO-2042924,ASSET-00584,Preventive,0,,000040000567
WO-2042925,ASSET-00584,Preventive,0,,000040000567
WO-2042926,ASSET-00584,Preventive,0,,000040000567
WO-2042927,ASSET-00584,Corrective,63,641,000040000567
WO-2042928,ASSET-00584,Corrective,73,1823,000040000567
WO-2042929,ASSET-00585,Corrective,191,1696,000040000568
WO-2042930,ASSET-00585,Preventive,0,,000040000568
WO-2042931,ASSET-00585,Preventive,0,,000040000568
WO-2042932,ASSET-00585,Corrective,97,1155,000040000568
WO-2042933,ASSET-00585,Preventive,0,,000040000568
WO-2042934,ASSET-00586,Preventive,0,,000040000569
WO-2042935,ASSET-00586,Preventive,0,,000040000569
WO-2042936,ASSET-00586,Corrective,230,867,000040000569
WO-2042937,ASSET-00587,Preventive,0,,000040000570
WO-2042938,ASSET-00587,Preventive,0,,000040000570
WO-2042939,ASSET-00587,Corrective,129,599,000040000570
WO-2042940,ASSET-00588,Emergency,578,1209,000040000571
WO-2042941,ASSET-00588,Corrective,40,1883,000040000571
WO-2042942,ASSET-00588,Preventive,0,,000040000571
WO-2042943,ASSET-00588,Preventive,0,,000040000571
WO-2042944,ASSET-00589,Preventive,0,,000040000572
WO-2042945,ASSET-00589,Preventive,0,,000040000572
WO-2042946,ASSET-00589,Corrective,183,1115,000040000572
WO-2042947,ASSET-00589,Corrective,203,500,000040000572
WO-2042948,ASSET-00590,Preventive,0,,000040000573
WO-2042949,ASSET-00590,Preventive,0,,000040000573
WO-2042950,ASSET-00590,Preventive,0,,000040000573
WO-2042951,ASSET-00591,Preventive,0,,000040000574
WO-2042952,ASSET-00591,Preventive,0,,000040000574
WO-2042953,ASSET-00591,Emergency,332,963,000040000574
WO-2042954,ASSET-00592,Corrective,39,372,000040000575
WO-2042955,ASSET-00592,Preventive,0,,000040000575
WO-2042956,ASSET-00592,Corrective,94,1617,000040000575
WO-2042957,ASSET-00592,Preventive,0,,000040000575
WO-2042958,ASSET-00593,Preventive,0,,000040000576
WO-2042959,ASSET-00593,Corrective,78,1138,000040000576
WO-2042960,ASSET-00593,Corrective,144,1700,000040000576
WO-2042961,ASSET-00593,Preventive,0,,000040000576
WO-2042962,ASSET-00593,Emergency,378,514,000040000576
WO-2042963,ASSET-00593,Corrective,87,1402,000040000576
WO-2042964,ASSET-00593,Preventive,0,,000040000576
WO-2042965,ASSET-00593,Preventive,0,,000040000576
WO-2042966,ASSET-00593,Corrective,74,1197,000040000576
WO-2042967,ASSET-00594,Preventive,0,,000040000577
WO-2042968,ASSET-00594,Emergency,462,1619,000040000577
WO-2042969,ASSET-00594,Corrective,225,835,000040000577
WO-2042970,ASSET-00594,Corrective,207,530,000040000577
WO-2042971,ASSET-00594,Corrective,229,856,000040000577
WO-2042972,ASSET-00594,Corrective,169,674,000040000577
WO-2042973,ASSET-00595,Preventive,0,,000040000578
WO-2042974,ASSET-00595,Preventive,0,,000040000578
WO-2042975,ASSET-00595,Corrective,216,677,000040000578
WO-2042976,ASSET-00596,Preventive,0,,000040000579
WO-2042977,ASSET-00596,Preventive,0,,000040000579
WO-2042978,ASSET-00596,Preventive,0,,000040000579
WO-2042979,ASSET-00596,Corrective,184,1336,000040000579
WO-2042980,ASSET-00597,Preventive,0,,000040000580
WO-2042981,ASSET-00597,Preventive,0,,000040000580
WO-2042982,ASSET-00597,Corrective,204,990,000040000580
WO-2042983,ASSET-00597,Corrective,48,776,000040000580
WO-2042984,ASSET-00597,Preventive,0,,000040000580
WO-2042985,ASSET-00598,Preventive,0,,000040000581
WO-2042986,ASSET-00598,Emergency,153,1302,000040000581
WO-2042987,ASSET-00599,Preventive,0,,000040000582
WO-2042988,ASSET-00599,Preventive,0,,000040000582
WO-2042989,ASSET-00599,Preventive,0,,000040000582
WO-2042990,ASSET-00599,Preventive,0,,000040000582
WO-2042991,ASSET-00599,Corrective,75,607,000040000582
WO-2042992,ASSET-00599,Preventive,0,,000040000582
WO-2042993,ASSET-00600,Preventive,0,,000040000583
WO-2042994,ASSET-00600,Emergency,563,428,000040000583
WO-2042995,ASSET-00600,Preventive,0,,000040000583
WO-2042996,ASSET-00600,Corrective,97,1840,000040000583
WO-2042997,ASSET-00600,Preventive,0,,000040000583
WO-2042998,ASSET-00601,Emergency,476,861,000040000584
WO-2042999,ASSET-00602,Preventive,0,,000040000585
WO-2043000,ASSET-00602,Preventive,0,,000040000585
WO-2043001,ASSET-00602,Emergency,592,1704,000040000585
WO-2043002,ASSET-00602,Corrective,110,1089,000040000585
WO-2043003,ASSET-00602,Preventive,0,,000040000585
WO-2043004,ASSET-00603,Preventive,0,,000040000586
WO-2043005,ASSET-00603,Corrective,85,202,000040000586
WO-2043006,ASSET-00603,Preventive,0,,000040000586
WO-2043007,ASSET-00604,Corrective,84,1848,000040000587
WO-2043008,ASSET-00604,Corrective,168,1714,000040000587
WO-2043009,ASSET-00604,Preventive,0,,000040000587
WO-2043010,ASSET-00604,Preventive,0,,000040000587
WO-2043011,ASSET-00604,Preventive,0,,000040000587
WO-2043012,ASSET-00604,Emergency,220,742,000040000587
WO-2043013,ASSET-00605,Corrective,163,1790,000040000588
WO-2043014,ASSET-00605,Preventive,0,,000040000588
WO-2043015,ASSET-00605,Emergency,565,1043,000040000588
WO-2043016,ASSET-00605,Corrective,192,532,000040000588
WO-2043017,ASSET-00605,Preventive,0,,000040000588
WO-2043018,ASSET-00605,Preventive,0,,000040000588
WO-2043019,ASSET-00605,Corrective,30,1825,000040000588
WO-2043020,ASSET-00605,Corrective,218,201,000040000588
WO-2043021,ASSET-00606,Preventive,0,,000040000589
WO-2043022,ASSET-00606,Emergency,322,1028,000040000589
WO-2043023,ASSET-00607,Preventive,0,,000040000590
WO-2043024,ASSET-00607,Corrective,188,1014,000040000590
WO-2043025,ASSET-00607,Emergency,203,1520,000040000590
WO-2043026,ASSET-00608,Corrective,188,1774,000040000591
WO-2043027,ASSET-00608,Preventive,0,,000040000591
WO-2043028,ASSET-00608,Preventive,0,,000040000591
WO-2043029,ASSET-00609,Preventive,0,,000040000592
WO-2043030,ASSET-00609,Corrective,57,1974,000040000592
WO-2043031,ASSET-00609,Corrective,169,564,000040000592
WO-2043032,ASSET-00609,Corrective,65,1815,000040000592
WO-2043033,ASSET-00609,Emergency,426,719,000040000592
WO-2043034,ASSET-00609,Corrective,116,1690,000040000592
WO-2043035,ASSET-00609,Corrective,38,852,000040000592
WO-2043036,ASSET-00610,Preventive,0,,000040000593
WO-2043037,ASSET-00610,Corrective,216,877,000040000593
WO-2043038,ASSET-00610,Preventive,0,,000040000593
WO-2043039,ASSET-00610,Corrective,74,1515,000040000593
WO-2043040,ASSET-00610,Emergency,324,1746,000040000593
WO-2043041,ASSET-00611,Preventive,0,,000040000594
WO-2043042,ASSET-00611,Preventive,0,,000040000594
WO-2043043,ASSET-00612,Preventive,0,,000040000595
WO-2043044,ASSET-00612,Preventive,0,,000040000595
WO-2043045,ASSET-00612,Preventive,0,,000040000595
WO-2043046,ASSET-00612,Preventive,0,,000040000595
WO-2043047,ASSET-00612,Emergency,465,1831,000040000595
WO-2043048,ASSET-00612,Preventive,0,,000040000595
WO-2043049,ASSET-00612,Preventive,0,,000040000595
WO-2043050,ASSET-00612,Preventive,0,,000040000595
WO-2043051,ASSET-00613,Preventive,0,,000040000596
WO-2043052,ASSET-00613,Corrective,93,449,000040000596
WO-2043053,ASSET-00613,Corrective,190,619,000040000596
WO-2043054,ASSET-00613,Preventive,0,,000040000596
WO-2043055,ASSET-00613,Corrective,172,254,000040000596
WO-2043056,ASSET-00614,Corrective,33,821,000040000597
WO-2043057,ASSET-00614,Corrective,182,1932,000040000597
WO-2043058,ASSET-00614,Corrective,51,1964,000040000597
WO-2043059,ASSET-00614,Preventive,0,,000040000597
WO-2043060,ASSET-00614,Corrective,116,1737,000040000597
WO-2043061,ASSET-00615,Preventive,0,,000040000598
WO-2043062,ASSET-00615,Corrective,134,1149,000040000598
WO-2043063,ASSET-00615,Preventive,0,,000040000598
WO-2043064,ASSET-00615,Preventive,0,,000040000598
WO-2043065,ASSET-00615,Preventive,0,,000040000598
WO-2043066,ASSET-00615,Preventive,0,,000040000598
WO-2043067,ASSET-00616,Corrective,89,351,000040000599
WO-2043068,ASSET-00616,Preventive,0,,000040000599
WO-2043069,ASSET-00616,Corrective,65,1063,000040000599
WO-2043070,ASSET-00616,Corrective,107,1896,000040000599
WO-2043071,ASSET-00616,Preventive,0,,000040000599
WO-2043072,ASSET-00617,Corrective,224,873,000040000600
WO-2043073,ASSET-00617,Preventive,0,,000040000600
WO-2043074,ASSET-00617,Corrective,85,1367,000040000600
WO-2043075,ASSET-00617,Corrective,95,1673,000040000600
WO-2043076,ASSET-00618,Preventive,0,,000040000601
WO-2043077,ASSET-00618,Preventive,0,,000040000601
WO-2043078,ASSET-00618,Corrective,228,1666,000040000601
WO-2043079,ASSET-00618,Preventive,0,,000040000601
WO-2043080,ASSET-00618,Corrective,169,1182,000040000601
WO-2043081,ASSET-00618,Emergency,108,362,000040000601
WO-2043082,ASSET-00618,Corrective,162,746,000040000601
WO-2043083,ASSET-00618,Corrective,65,586,000040000601
WO-2043084,ASSET-00619,Corrective,212,280,000040000602
WO-2043085,ASSET-00619,Corrective,186,240,000040000602
WO-2043086,ASSET-00619,Preventive,0,,000040000602
WO-2043087,ASSET-00619,Preventive,0,,000040000602
WO-2043088,ASSET-00619,Preventive,0,,000040000602
WO-2043089,ASSET-00619,Preventive,0,,000040000602
WO-2043090,ASSET-00619,Emergency,248,630,000040000602
WO-2043091,ASSET-00619,Preventive,0,,000040000602
WO-2043092,ASSET-00620,Preventive,0,,000040000603
WO-2043093,ASSET-00620,Preventive,0,,000040000603
WO-2043094,ASSET-00620,Corrective,104,1619,000040000603
WO-2043095,ASSET-00620,Preventive,0,,000040000603
WO-2043096,ASSET-00621,Preventive,0,,000040000604
WO-2043097,ASSET-00621,Corrective,205,1282,000040000604
WO-2043098,ASSET-00621,Preventive,0,,000040000604
WO-2043099,ASSET-00621,Corrective,212,453,000040000604
WO-2043100,ASSET-00621,Preventive,0,,000040000604
WO-2043101,ASSET-00621,Preventive,0,,000040000604
WO-2043102,ASSET-00622,Preventive,0,,000040000605
WO-2043103,ASSET-00622,Preventive,0,,000040000605
WO-2043104,ASSET-00622,Preventive,0,,000040000605
WO-2043105,ASSET-00622,Corrective,47,229,000040000605
WO-2043106,ASSET-00622,Corrective,116,1160,000040000605
WO-2043107,ASSET-00622,Preventive,0,,000040000605
WO-2043108,ASSET-00622,Preventive,0,,000040000605
WO-2043109,ASSET-00622,Corrective,225,608,000040000605
